Date,Close,High,Low,Open,Volume
2021-08-02,273.3408508300781,275.212242025892,272.30436188036447,274.8187628216139,16267400
2021-08-03,275.54815673828125,275.65373862205524,272.55390723217295,273.9166896548883,17879000
2021-08-04,274.9627380371094,275.99919768889043,273.1776867693029,274.6844177660965,16191300
2021-08-05,277.8514099121094,277.9569917907823,274.569263222689,275.31782556305,13900200
2021-08-06,277.7938232421875,277.83221931412936,276.0279846719422,276.8821288688246,16589300
2021-08-09,276.7093811035156,279.79960614575214,276.2103492828426,278.0721635231256,16117600
2021-08-10,274.8955383300781,277.5922838439448,273.70552373680465,277.16040859309794,18616600
2021-08-11,275.385009765625,277.0260831007816,274.3389144756151,275.6345110192113,13955900
2021-08-12,278.12969970703125,278.2832546943312,274.7995509694879,275.0778712144452,14561300
2021-08-13,281.04718017578125,281.0951532950036,277.64023937005385,277.81300703201526,18249000
2021-08-16,282.7266845703125,282.93781903888737,278.3312568029692,281.3735085609403,22507600
2021-08-17,281.2679443359375,281.60384409624606,279.34855060574444,280.605780443635,20075300
2021-08-18,279.5467224121094,283.4793919946404,279.1043957522048,280.8063292983416,21813000
2021-08-19,285.3544921875,286.0275778607729,277.5372438390426,277.58530881126427,29850500
2021-08-20,292.6524658203125,294.0755466635113,286.5948135303095,288.190963446094,40817600
2021-08-23,292.9313659667969,293.65251656215764,290.2390821482606,291.5852240575287,22830200
2021-08-24,290.9794311523437,293.89287816648005,290.3832847329818,293.287107016583,18175800
2021-08-25,290.39288330078125,292.8736280290071,288.864047811666,292.5947749618287,20006100
2021-08-26,287.585205078125,290.7967251675743,287.4506055747187,289.4121138382239,17666100
2021-08-27,288.1909484863281,289.2967066286994,285.4121013647465,287.48901815902764,22605700
2021-08-30,291.9121398925781,292.5179110830092,289.47945974336733,289.5371494430567,16348100
2021-08-31,290.2678527832031,292.78706685723137,289.9024652133177,292.7101570579485,26285300
2021-09-01,290.2197265625,293.4504953070567,289.89280860005545,291.2197299053012,18983800
2021-09-02,289.56591796875,291.6908995970504,288.6332289446876,290.57554613458024,16285600
2021-09-03,289.5563659667969,290.96019740569926,288.7102113426839,289.4121123902904,14747900
2021-09-07,288.63330078125,289.50830033860336,286.7294820320938,289.43139052137866,17180400
2021-09-08,288.6620788574219,289.04668654196234,286.0274854074498,288.248626330133,15046800
2021-09-09,285.8159484863281,290.51786328819594,285.5755650140941,289.2486315123154,19927000
2021-09-10,284.33514404296875,288.3832223582432,284.017850808825,286.9409216974985,19633400
2021-09-13,285.56597900390625,287.0563743400453,282.7679114864811,286.1044357072228,23652900
2021-09-14,288.25830078125,289.79676112846977,286.6333058908585,288.0371373862397,21853400
2021-09-15,293.0947265625,293.5754934405264,290.2101252943416,291.59473625055216,28356300
2021-09-16,293.4793701171875,293.565904644582,289.19093725653136,292.07553887775646,19550800
2021-09-17,288.3351745605469,292.7870813462865,288.0082565459675,292.4697880609758,41372500
2021-09-20,282.9794006347656,287.2293931677513,278.3832700003604,284.9313131787065,38278700
2021-09-21,283.4601745605469,286.09479733126966,282.7582736118841,284.31595379410885,22364100
2021-09-22,287.0948181152344,288.6717480113228,283.18139690958066,285.3160036325235,26626300
2021-09-23,288.0371398925781,289.32559200827507,286.08522692976766,287.3544589280449,18604600
2021-09-24,287.835205078125,288.26787776636394,285.5082799167376,286.7582917069234,14999000
2021-09-27,282.8544311523437,285.0659473135494,281.67173392975803,284.7486540480037,23571700
2021-09-28,272.6140441894531,279.5947887568724,271.87367374951066,278.65247509756944,43186200
2021-09-29,273.0755920410156,275.7390300334648,272.1236829939495,274.1332850620236,26353700
2021-09-30,271.0755920410156,276.7582303525769,270.787114326483,274.71978361540346,32343600
2021-10-01,277.9794311523437,278.82558560260657,270.4698544217859,271.2679145751983,30086300
2021-10-04,272.2198486328125,276.68138001851474,269.46987576086445,276.3448372844205,31350700
2021-10-05,277.6525573730469,279.2294578183472,273.12371126636924,273.12371126636924,24993000
2021-10-06,281.83514404296875,282.3351603741054,274.5275110006599,274.7871145500476,28002600
2021-10-07,283.5083312988281,285.229485530052,282.6141116407885,283.82562463617745,20430500
2021-10-08,283.5083312988281,285.229485530052,282.46026266569163,284.82562830246127,17685700
2021-10-11,282.91217041015625,286.50829832033395,281.489089470964,281.6525631685585,19298600
2021-10-12,281.61407470703125,284.0755993304145,281.10446287508915,283.9794400643769,17974100
2021-10-13,284.9120788574219,285.8447678202036,282.20054649011644,283.565937401779,23416300
2021-10-14,291.10430908203125,291.60429601037214,286.3735506689679,287.7004717852056,27262900
2021-10-15,292.5082397460937,292.7390278517721,288.9601770620516,290.71017592364666,25384800
2021-10-18,295.46978759765625,296.3543824347761,291.04672538099135,291.8928799860197,22729300
2021-10-19,296.3736267089844,297.40244575766764,295.4024680074294,296.489006090617,17682100
2021-10-20,295.585205078125,297.7871264122316,294.3351931255189,297.3159547433428,16537100
2021-10-21,298.8062744140625,299.0562532662077,294.5755019170204,295.35437134682337,16918100
2021-10-22,297.2678527832031,299.1236063471209,295.96015129406624,298.4601455444869,17449300
2021-10-25,296.2774963378906,297.49863403751334,294.6717215370627,297.4601644586546,17554500
2021-10-26,298.1811828613281,300.38310311202,296.7292870193795,299.03696188545126,28107300
2021-10-27,310.739013671875,313.5563017750662,303.84480069426377,303.84480069426377,52588700
2021-10-28,311.8735656738281,312.3735528011701,308.9985589964651,311.854316213441,26297900
2021-10-29,318.8638916015625,319.2292792064878,311.44084815229064,311.6620115299265,34766000
2021-11-01,316.7004089355469,318.7388560634213,313.81580729941845,318.6138519641994,27073200
2021-11-02,320.3157958984375,320.6234937918966,317.3061900673543,317.60426323174084,26487100
2021-11-03,321.1523132324219,322.0176878484429,317.9311688926411,321.05615397648955,21500100
2021-11-04,323.4984436035156,323.594602855101,316.8350212145878,320.0850102498618,23992200
2021-11-05,323.1331787109375,325.7581776228481,321.5562778923636,325.4889492224236,22570100
2021-11-08,324.0272827148437,324.6618985770728,321.57538313486805,324.3253558608429,20897000
2021-11-09,323.02740478515625,325.6908437786289,321.6620134005641,324.14275856066826,21307400
2021-11-10,318.0754089355469,321.75810028088216,317.2292837348111,321.7004105931885,25500900
2021-11-11,319.6427917480469,320.93124399306816,317.79666260497214,318.5081884888974,16849800
2021-11-12,323.7677917480469,324.2581835720779,320.9505036302144,321.07550776917867,23831000
2021-11-15,323.14263916015625,324.8830128180565,321.18110218646444,324.55609487972123,16723000
2021-11-16,326.45037841796875,327.5657612448941,322.60424288113046,322.7676872089823,20886800
2021-11-17,326.67193603515625,329.6292527687157,325.59305251737624,326.49855034066394,19053400
2021-11-18,328.7430725097656,329.879780871784,324.74541145445266,325.7664999341988,22463500
2021-11-19,330.5155029296875,332.43247631359634,329.6389320213559,330.06278336471644,21963400
2021-11-22,327.3559265136719,336.83475779834544,327.08620558426253,331.9701093321085,31031100
2021-11-23,325.2848815917969,326.9899295843519,321.3161178127125,324.678002095964,30427600
2021-11-24,325.50640869140625,325.74723199137054,321.6532358919778,323.93623607205905,21661300
2021-11-26,317.57843017578125,325.52559745058403,316.07569544288083,322.07702143466366,24217200
2021-11-29,324.2733764648437,326.585274135935,322.4527383080336,322.64540869619697,28563500
2021-11-30,318.455078125,325.38115820776426,316.9138032094252,323.0114652960252,42885600
2021-12-01,317.9637756347656,326.8260839728482,317.2991304369134,322.8284234606484,33337600
2021-12-02,317.3954162597656,321.2485884430419,315.76744866054173,318.1756812750894,30766000
2021-12-03,311.1532897949219,320.48760157043654,306.3560799414712,319.8036423557392,41779300
2021-12-06,314.216552734375,315.43031134746263,307.51204154241043,312.058785775437,30032600
2021-12-07,322.62615966796875,323.47383295914125,317.98307955857507,319.46655926353213,31021900
2021-12-08,322.6742858886719,323.184830047875,318.65734078900067,323.00180200991804,24761000
2021-12-09,320.8729553222656,324.13850382611764,319.92891744874584,322.1348670016077,22214200
2021-12-10,329.9664306640625,330.4095372641144,322.5009090494943,322.68393709248,38095700
2021-12-13,326.9416809082031,331.1705518397965,326.6334200526802,328.17469493292174,28899400
2021-12-14,316.2876892089844,322.3564540735809,312.2129483454999,320.9885647798209,44438700
2021-12-15,322.365966796875,322.88615320009416,312.58854962938904,316.54766938298826,35381100
2021-12-16,312.9739685058594,324.39864164478854,311.1629725069746,323.38716610207007,35034800
2021-12-17,311.91436767578125,312.99328089634616,305.6048081398056,309.1015676221017,47750300
2021-12-20,308.1670837402344,310.9509853734048,305.9129815266249,308.30192948085835,28326500
2021-12-21,315.27618408203125,315.7000353671043,308.061099295699,311.42301196127266,24740600
2021-12-22,320.9692687988281,321.3641930953662,313.7927235316347,316.2491091479911,24831500
2021-12-23,322.4045715332031,324.0421815699865,320.5165252794348,320.5357805584728,19617800
2021-12-27,329.8797302246094,329.90862784139654,323.11739392269027,323.1462915394775,19947000
2021-12-28,328.72381591796875,331.1898442438344,327.827960266222,330.55406718206604,15661500
2021-12-29,329.3981018066406,331.6618171734092,327.2114075590468,328.771937746174,15042000
2021-12-30,326.8646850585937,330.5348301286834,326.3830384153024,329.3596111431574,15994500
2021-12-31,323.97467041015625,326.9030596169077,323.52192157793206,326.084284181864,18000800
2022-01-03,322.4623413085937,325.5930436513956,317.6747737807834,323.04032300520043,28865100
2022-01-04,316.9330139160156,322.8957994595312,314.1490832585769,322.53935638433114,32674300
2022-01-05,304.7667236328125,314.10103759223983,304.381412211663,313.8987248433004,40054300
2022-01-06,302.35845947265625,307.0015395240339,300.0561747269668,301.6552448881316,39646100
2022-01-07,302.5125732421875,304.88226603603744,298.7075537396608,302.61852137240913,32720000
2022-01-10,302.734130859375,303.1676245403952,293.505795319919,298.1295907297212,44289500
2022-01-11,303.4180603027344,304.98820330544083,298.5149021278563,301.87678551872176,29386800
2022-01-12,306.5872497558594,311.538589841844,305.44092874443083,307.93588346156525,34372200
2022-01-13,293.6117248535156,309.1014943499301,292.8411021331668,308.7065406516053,45366000
2022-01-14,298.81353759765625,299.4107746285059,292.6002852144012,293.0819317744249,39846400
2022-01-18,291.5406799316406,298.4282204045511,290.6640795954702,292.9085692050015,42333200
2022-01-19,292.1956787109375,302.3873360187906,291.58882876082123,295.0470474103309,45933900
2022-01-20,290.5291442871094,300.21022616541995,290.0860377847264,297.72494342024885,35380700
2022-01-21,285.1636962890625,292.9470927232566,284.7591001939449,291.5792327867731,57984400
2022-01-24,285.4912414550781,286.20406911697694,265.9171138006452,281.4743247041222,85731500
2022-01-25,277.9005126953125,284.1619200011674,274.7024008441789,280.81929061737725,72848600
2022-01-26,285.8187255859375,297.1759609807795,282.27381356056463,296.68467202710303,90428900
2022-01-27,288.8337707519531,296.01992832954136,286.9938775868818,291.5502640782282,53481300
2022-01-28,296.9447631835937,297.1566888577396,283.64168680427184,289.2095201733317,49743700
2022-01-31,299.5648803710937,300.9134847485598,295.1240841669652,297.60939667442534,46444500
2022-02-01,297.4263610839844,299.2277143206684,293.929602731659,299.0157886812132,40950400
2022-02-02,301.9538879394531,303.5529582305001,297.5420178765897,298.2644877997953,36636000
2022-02-03,290.1920166015625,299.80569133626227,288.9493603987936,298.12954152402045,43730000
2022-02-04,294.7099304199219,297.4649349215722,288.95906871396625,289.1902496798736,35096500
2022-02-07,289.9031066894531,296.5401816971228,288.8916311687313,294.9314984801919,28533300
2022-02-08,293.3804931640625,294.3437860965417,288.9397268560699,290.1919959093459,32421200
2022-02-09,299.7865905761719,300.48016313840253,296.1068313962416,298.4957806904013,31284700
2022-02-10,291.2805480957031,297.7731336434456,289.6622228774468,292.8796180366124,45386200
2022-02-11,284.21002197265625,293.120483696856,283.4201145266006,292.06085534207085,39175600
2022-02-14,284.17144775390625,285.866852917156,280.65543402557785,282.9865867276755,36359500
2022-02-15,289.4407653808594,289.7586392639557,286.1173914343104,288.9976586537799,27058300
2022-02-16,289.1028747558594,290.4253105714868,283.4849086505779,288.0120979274478,29982100
2022-02-17,280.6372985839844,286.4965557267332,279.932629979444,286.0718280004565,32461600
2022-02-18,277.9344482421875,283.65858009488875,276.3706915634675,282.8767017555288,34264000
2022-02-22,277.7317810058594,281.4191765053362,274.6235623555302,275.10620482012695,41736100
2022-02-23,270.54034423828125,281.5735712358109,270.3762623285836,280.106319573653,37811200
2022-02-24,284.36328125,284.9135007247491,262.094151059809,263.0498031628359,56989700
2022-02-25,286.98883056640625,287.2977287820881,281.5253148914239,284.8941789810283,32546700
2022-02-28,288.4175109863281,288.7553666251348,282.8285026347826,284.0930236175549,34627500
2022-03-01,284.7108154296875,289.5565354038484,282.0079998222269,286.1104609698699,31217800
2022-03-02,289.7688903808594,291.0044539337732,283.50420050610404,285.10654759375143,31873000
2022-03-03,285.6470947265625,292.6067899776218,283.8419873820218,292.3751310491908,27314500
2022-03-04,279.7974548339844,285.39612468595874,277.20086566715224,284.0736891436429,32356500
2022-03-07,269.2275695800781,279.63333786848386,268.8607566666478,278.5136040383842,43157200
2022-03-08,266.2738037109375,274.1022488797593,260.626882041736,268.1560912952362,48159500
2022-03-09,278.4847106933594,279.5465300399745,271.03270963096804,273.6003711570887,35204500
2022-03-10,275.6757202148437,276.65066742284495,270.83963327856327,273.1949308694663,30628000
2022-03-11,270.34735107421875,279.4596429563479,269.7295545935928,277.9634336750457,27209300
2022-03-14,266.8433837890625,275.49232901217977,266.2449118112666,270.60798934145595,30660700
2022-03-15,277.1815490722656,277.82830290735563,269.053866830209,270.61762363193617,34245100
2022-03-16,284.1702575683594,284.34400179367987,273.3687163552092,279.0735246270153,37826300
2022-03-17,284.9714050292969,285.3478508163391,279.3244825584088,283.1084122705425,30816600
2022-03-18,290.00054931640625,290.55076880569743,282.56787290557435,285.11620984529543,43390600
2022-03-21,288.7746276855469,289.7206174710808,284.662504677972,288.5140113733799,28351200
2022-03-22,293.5045166015625,294.4118867402999,288.39815136686497,289.3923936093338,27599700
2022-03-23,289.0931701660156,292.7033557846491,287.3846264690427,290.0777796338965,25715400
2022-03-24,293.54315185546875,293.6396862396896,287.96380616213776,288.7553468713274,24484500
2022-03-25,293.13775634765625,294.8945822052207,288.9001703045881,294.63396584716253,22566500
2022-03-28,299.9140625,300.01056743386323,293.7651722801995,293.7651722801995,29578200
2022-03-29,304.46044921875,304.8562194787221,298.32122323962943,303.01252217608913,30393400
2022-03-30,302.9642944335937,304.9817657302456,300.76344611358445,302.8677895133497,28163600
2022-03-31,297.6070251464844,304.1999383958244,297.2016219305857,303.00296492746145,33422100
2022-04-01,298.67852783203125,299.3638720029751,294.93321694040014,298.6302459022579,27110500
2022-04-04,304.0357971191406,304.1709216917822,298.9583889350334,299.3252019235952,24289600
2022-04-05,300.0877380371094,303.9392148944746,299.11279097971965,302.3947533501223,23156700
2022-04-06,289.1028747558594,296.34251268797607,286.4097211968266,294.5953490903449,40110400
2022-04-07,290.90777587890625,293.1086232911842,286.0620584466318,286.3612942755448,31411200
2022-04-08,286.6607360839844,290.6666636194937,285.994686964746,290.0102767785,24361900
2022-04-11,275.35723876953125,282.4520607322384,275.106255215354,281.6605493335074,34569300
2022-04-12,272.2682189941406,280.6468837008444,270.7527148401565,279.1989565504998,30966700
2022-04-13,277.6351623535156,278.5618273559958,271.53455638271043,272.9149358006847,21907200
2022-04-14,270.1156616210937,278.3012882088098,269.6233863517897,278.088924351685,28221600
2022-04-18,270.7817077636719,272.65436281401867,268.67739376545774,269.2276132247998,20778000
2022-04-19,275.395751953125,276.2355745053736,268.74495475070785,269.68128222004106,22297700
2022-04-20,276.4190368652344,279.643115136363,275.46341400907323,279.3535119212298,22906700
2022-04-21,271.0616149902344,283.11801238910374,270.3376514098414,278.56186707817085,29454600
2022-04-22,264.5170288085937,273.368704598998,263.8895994942571,271.90145264874303,29405800
2022-04-25,270.9747619628906,271.35120773294403,261.37016600391445,263.80270265842034,35678900
2022-04-26,260.8393249511719,268.6967298664818,260.62696106383044,267.86659887115906,46518400
2022-04-27,273.3879699707031,280.86892738240044,269.46891592845344,272.30685567741426,63477700
2022-04-28,279.5754699707031,280.87861047579827,271.68907938541145,275.2896026631033,33646600
2022-04-29,267.8858642578125,279.81680135936267,266.9012842301464,278.59087064005706,37073900
2022-05-02,274.5945739746094,275.0482590184196,266.6309742081337,268.0692391635906,35151100
2022-05-03,271.998046875,274.26647285650915,270.42462737594974,274.1023614203299,25978600
2022-05-04,279.9133605957031,280.78211122173315,267.1233340856761,272.77989016075946,33599300
2022-05-05,267.7218322753906,276.40939830190524,264.8163146554661,275.627519716172,43260400
2022-05-06,265.1927795410156,269.5558574797056,261.85287196809537,265.26998938550594,37780300
2022-05-09,255.39508056640625,262.904996341923,254.1788415540158,260.68485272752093,47726000
2022-05-10,260.144287109375,264.246748037816,255.8680819645109,262.25826345033016,39336400
2022-05-11,251.5049591064453,261.9396861119795,250.29835302848664,256.4568751636927,48975900
2022-05-12,246.48550415039065,250.8582435521003,241.3405338858611,248.74426727264887,51033800
2022-05-13,252.05520629882807,253.90856640021337,246.48552263469375,248.4160925719804,34925100
2022-05-16,252.4220123291016,256.59205034843524,246.9005812826205,250.9354652701601,32550900
2022-05-17,257.557373046875,259.01493349139474,253.348714764612,256.87199942771946,28828800
2022-05-18,245.8308258056641,255.0417455754485,244.56335973469547,254.46121977706724,31356000
2022-05-19,244.92135620117188,249.30429522500648,243.70226967132928,245.65667612599017,32692300
2022-05-20,244.36016845703125,250.1460272870901,238.43887034074825,248.8882164839808,39199300
2022-05-23,252.18753051757807,253.00993966850876,245.2019394152582,247.1950702704872,33175400
2022-05-24,251.1909942626953,252.84546796218024,245.2696951051506,249.5171805265684,29043900
2022-05-25,253.99679565429688,255.98991161054977,248.7818072528061,249.759025197284,28547900
2022-05-26,257.2670593261719,258.43776617311875,252.9421849537325,253.7549092585627,25002100
2022-05-27,264.3687438964844,264.4655031151688,258.87316278571984,259.763306260141,26910800
2022-05-31,263.043212890625,265.8490529082615,260.1986632824182,263.6817882645863,37827700
2022-06-01,263.57537841796875,268.674267192914,261.27264493032675,266.26511923779674,25292200
2022-06-02,265.6651916503906,265.7329260451573,253.10663251468597,255.8641074025944,44008200
2022-06-03,261.2532653808594,264.571926206195,259.6955513321792,261.53385823484007,28059000
2022-06-06,260.0245666503906,265.27826522689224,258.5442419264379,263.2270994161104,22400300
2022-06-07,263.6528015136719,264.26235216439045,257.3057859751541,257.9830710374571,22860700
2022-06-08,261.63067626953125,264.1365839069745,260.8566319339603,262.88845771552224,17372300
2022-06-09,256.193115234375,263.8559613723618,256.0383063846379,259.08602995149107,26439700
2022-06-10,244.77621459960935,252.11977283149903,244.3311428589637,252.11977283149903,31422800
2022-06-13,234.3945770263672,240.9351106086177,233.6882819563293,237.1520524259518,46135800
2022-06-14,236.5522003173828,237.76161683238632,233.6689407159772,235.9426496695378,28651500
2022-06-15,243.58615112304688,247.01122689050288,238.4195274205562,240.24816456305052,33111700
2022-06-16,237.0166015625,239.38705487358808,235.12991483585375,237.9938047482541,33169200
2022-06-17,239.6095733642578,242.3670486857971,236.10710816342055,236.75535358790023,43084800
2022-06-21,245.5018768310547,246.4790800376809,241.4092008096241,242.1348507017861,29928300
2022-06-22,244.91168212890625,248.82052450028,242.2412810648192,243.7119356534914,25939900
2022-06-23,250.45562744140625,250.9490788169728,245.3954477538114,247.2724645049341,25861400
2022-06-24,259.00860595703125,259.2795140264686,253.2227477629766,253.30982219314237,33923200
2022-06-27,256.2899475097656,259.58921056194794,254.73220331491711,259.5021360954201,24615100
2022-06-28,248.1529235839844,258.2442876848407,247.99811473013295,255.4094225201884,27295500
2022-06-29,251.8101959228516,253.4646694000384,247.4562818313553,249.22686932972684,20069800
2022-06-30,248.4915313720703,251.10388274506585,244.68913309560924,248.70438985080895,31730900
2022-07-01,251.1522521972656,251.33608586530872,246.3436258304713,248.065848489126,22837700
2022-07-05,254.31613159179688,254.4419156439833,246.469436006713,247.8433315091213,22941000
2022-07-06,257.5669860839844,259.2891938730712,253.88068722348527,255.1868628533965,23824400
2022-07-07,259.6859130859375,260.32448856109585,256.4156460435075,256.5124052718838,20859900
2022-07-08,258.969970703125,259.395687723977,254.74185483976467,256.1931548126402,19658800
2022-07-11,255.92218017578125,257.87658633518555,253.6678116019492,257.0251525146876,19455200
2022-07-12,245.4341583251953,257.3057954639804,243.8570743997537,257.24774583098747,35868500
2022-07-13,244.51498413085935,245.3180384343123,240.05465562247608,242.0671263895537,29497400
2022-07-14,245.8308258056641,246.8564085878712,237.955106514126,242.43478974627135,25102800
2022-07-15,248.38510131835935,251.91659126646925,246.4984147054872,247.41756820782143,29774100
2022-07-18,245.9953155517578,252.3713557823353,245.07616196648328,251.3167481398981,20975000
2022-07-19,251.1038818359375,251.2877154999448,245.4438068994524,249.2171803481861,25012600
2022-07-20,253.75489807128903,256.2704900620598,250.5040009952903,251.4618493254029,22788300
2022-07-21,256.241455078125,256.2898494477531,248.6850241528753,251.35542487841852,22404700
2022-07-22,251.9068756103516,256.7155157613963,250.6587793100104,256.6284413353328,21881300
2022-07-25,250.4265899658203,253.00991644481687,248.4721836500705,252.52614987417672,21056000
2022-07-26,243.72157287597656,251.44249735505653,241.46723382900603,251.4231277966496,39348000
2022-07-27,260.0148620605469,261.28232818719346,250.4459740907152,252.68097341491003,45994000
2022-07-28,267.43585205078125,268.81941742326114,259.17311035737987,260.99207747518795,33459300
2022-07-29,271.6252136230469,272.84431469044125,267.6486670392354,268.68393446863337,32152800
2022-08-01,268.98388671875,272.147709327751,266.8843268988861,268.80005306751355,21539600
2022-08-02,265.8974914550781,268.8678255810628,263.53670799309106,267.0391735890701,22754200
2022-08-03,273.2991027832031,274.29566079302055,267.6293429063653,267.7744965070368,23518900
2022-08-04,274.4407653808594,274.5858894444568,271.0737689983291,272.65082319177765,18098700
2022-08-05,273.724853515625,274.4408187197017,269.6321769661417,270.0869188049732,16774600
2022-08-08,271.2188720703125,276.6370630638141,270.25133901885744,274.82775145511005,18739200
2022-08-09,273.13458251953125,273.88925715701384,268.5968499150632,270.5609704551994,23405200
2022-08-10,279.7719116210937,280.400802313646,277.6239866748656,278.8140631743876,24687800
2022-08-11,277.70135498046875,281.7553212542064,277.20793315057733,281.40702349193015,20065900
2022-08-12,282.4325866699219,282.4325866699219,277.62394605155976,279.11395527145453,22619700
2022-08-15,283.9419860839844,284.62892642888846,280.6910589868737,281.5521777583665,18085700
2022-08-16,283.20660400390625,284.4934395554,280.99097447536275,282.5099789943521,18102900
2022-08-17,282.4600830078125,284.4283433719824,280.6663411966556,280.9281190261752,18253400
2022-08-18,281.3450012207031,283.0320727028022,280.2881256209133,281.36438230357066,17186200
2022-08-19,277.447265625,280.4529907173876,276.8752129457477,280.11362940883,20570000
2022-08-22,269.302734375,273.8694799294029,268.7888545532896,273.5010322101689,25061100
2022-08-23,268.0326538085937,270.3790379637527,267.0242749639361,268.0326538085937,17527400
2022-08-24,267.40234375,268.7985510668254,266.74300225801466,267.03389604286,18137000
2022-08-25,270.3692626953125,270.5340758675693,266.17093562909554,268.8954719441874,16583400
2022-08-26,259.9365539550781,271.813993730699,259.82991359676106,270.5923047422985,27549300
2022-08-29,257.1636047363281,259.26759223501574,255.82556976472725,257.76474402166747,20338500
2022-08-30,254.97232055664065,258.9282229004118,252.73257672555437,258.55980465800354,22767100
2022-08-31,253.5178985595703,258.9863535184162,253.38214218494332,257.3186923863377,24791800
2022-09-01,252.48046875,252.95558653821135,247.64223870789883,250.99700170684267,23263400
2022-09-02,248.27239990234372,256.688406437132,246.7307604021961,253.7408837951921,22855400
2022-09-06,245.54788208007807,249.98857705648493,244.27772561001785,248.40817526683784,21328200
2022-09-07,250.24066162109372,250.9581464072949,245.5187784892074,246.95376285633063,24126700
2022-09-08,250.65757751464844,252.509491917148,247.041022768642,249.67831493374948,20319900
2022-09-09,256.4169616699219,257.1635625736853,252.37380057718096,252.57740555573184,22084700
2022-09-12,258.5403137207031,259.31600091262334,257.09563886057305,257.69677794091064,18747700
2022-09-13,244.32618713378903,252.4804010138248,243.93834353048703,250.96784794774865,33353300
2022-09-14,244.5492248535156,246.49808932194625,242.2609990303372,245.8193814071736,23913000
2022-09-15,237.91720581054688,243.7541075003444,236.59856721458627,242.1736911292833,31530900
2022-09-16,237.2967071533203,237.83967345913703,234.69820652512584,236.83129478142976,39791800
2022-09-19,237.0833740234375,237.6845131191864,233.5249921595804,235.09571807800603,26826900
2022-09-20,235.0763397216797,236.1040994631712,232.3518029140257,234.7079067620096,26660300
2022-09-21,231.6827850341797,240.12789337863487,231.634302730604,236.8409944044197,28625600
2022-09-22,233.65106201171875,236.4434771972053,230.34478171455967,230.6356459674454,31061200
2022-09-23,230.68414306640625,233.79652392436188,228.0468651765001,232.25486931159892,34176000
2022-09-26,230.2283935546875,234.106740937524,229.69511783060327,229.84056473429231,27694200
2022-09-27,229.22003173828125,234.44610429031408,227.36811729613825,232.68144911431068,27018700
2022-09-28,233.73829650878903,234.95997054824008,227.59110496512747,229.60784728045007,29029700
2022-09-29,230.27688598632807,232.6523709038743,227.28086605201815,231.6246111693645,27484200
2022-09-30,225.81675720214844,233.224399677071,225.65192922341265,231.04282940218877,35694800
2022-10-03,233.41835021972656,234.26188606885609,227.52326022905197,228.25045038719023,28880400
2022-10-04,241.31082153320312,242.74580617588765,237.5294232899446,237.63607845360704,34888400
2022-10-05,241.6210479736328,242.95908260476145,236.67616375353109,238.5086823682533,20347100
2022-10-06,239.28433227539065,242.72636855289312,238.59593389672287,240.3896606929416,20239900
2022-10-07,227.11602783203125,233.98070446797664,226.07856280672056,233.573464973842,37769600
2022-10-10,222.2777862548828,227.4262900818972,219.83442324055144,225.962219258619,29743600
2022-10-11,218.55458068847656,222.0935668585732,217.29411479408543,220.69735939369207,30474000
2022-10-12,218.8842315673828,220.9300604143529,217.14867761413385,218.54487025171545,21903900
2022-10-13,227.11602783203125,228.91945995498912,212.46557001660585,213.163673728378,42551800
2022-10-14,221.60873413085935,230.02475439325377,221.3954238729488,228.376445164905,30198600
2022-10-17,230.3059844970703,231.6925015134572,227.9886723040457,228.6479991159932,28142300
2022-10-18,231.24647521972656,236.51132497546385,228.2116634940623,235.84232244327512,26329600
2022-10-19,229.2878875732422,232.3226990610641,227.1644900654512,229.83085382652337,19985700
2022-10-20,228.9679412841797,233.97101325567385,227.7268712315997,228.59950832135635,21811000
2022-10-21,234.75636291503903,235.609604075632,227.3681158672251,227.6008220368562,26299700
2022-10-24,239.73036193847656,240.30241466092303,233.96132282043845,236.34649831848267,24911200
2022-10-25,243.03662109375,243.40505400256717,238.35351526216093,239.74001722910089,34775500
2022-10-26,224.28482055664065,231.0525321235999,223.06313174791288,224.1393736631292,82543200
2022-10-27,219.8538055419922,226.5827402595837,218.9133051682239,224.0133263786224,40424600
2022-10-28,228.69647216796875,229.40428130297192,219.17513588708476,219.35935977716164,40647700
2022-10-31,225.0701904296875,227.7753311137816,224.11998470584143,226.65060686599685,28357300
2022-11-01,221.23062133789065,228.57040061346956,220.41617196573657,227.4650722384831,30592300
2022-11-02,213.40609741210935,224.26546848649176,213.3479097665064,222.4814320174644,38407000
2022-11-03,207.7339782714844,213.7066366934069,207.4721856849331,213.3963618064245,36633900
2022-11-04,214.6568298339844,214.85074424296624,206.93891208084915,210.9336199205367,36789100
2022-11-07,220.93975830078125,221.46334350265937,214.55018429237435,215.23859748900023,33498000
2022-11-08,221.90933227539065,224.6047824698309,218.97148537429405,221.74450429023085,28192500
2022-11-09,217.68191528320312,221.67662274199265,217.50739677017623,220.4549339719257,27852900
2022-11-10,235.59019470214844,235.92955599741592,227.85289624042093,228.2698114597355,46268000
2022-11-11,239.59461975097656,240.4478609583566,234.5721519094285,235.59992645228263,34620200
2022-11-14,234.2037353515625,236.49196119049105,231.93490539453896,234.6303559851341,31123300
2022-11-15,234.6109313964844,239.4879520708681,232.72993053937964,238.18870924194545,31390100
2022-11-16,235.0387420654297,237.0514501535852,233.76500614633548,236.06939815763067,24093300
2022-11-17,234.9901428222656,236.516691384542,231.05226116577745,231.1981031395672,23123500
2022-11-18,234.5428771972656,236.9931261385697,232.41349542511935,236.76948200355855,27613500
2022-11-21,235.3498687744141,237.8973403680741,234.5136736567099,234.74702077282305,26394700
2022-11-22,238.2474365234375,238.51968478581156,234.04702416365436,236.84729412470392,19665700
2022-11-23,240.72683715820312,241.40745776618635,237.5084623404124,238.32520706999225,19508500
2022-11-25,240.6392822265625,241.8157801407715,239.9003101451617,240.46425705702575,9200800
2022-11-28,235.0679168701172,239.8225578203936,234.13449861777707,239.26834351489455,24778200
2022-11-29,233.67752075195312,236.06941814268237,231.6162083930456,234.71789478419583,17956300
2022-11-30,248.0775604248047,248.26230347666475,233.2205218203915,233.910875092645,47594200
2022-12-01,247.64002990722656,249.0304395252054,243.97438162172944,246.8427208792038,26041500
2022-12-02,247.9608917236328,248.9720973478809,242.77842766287276,242.90483392955983,21528500
2022-12-05,243.27430725097656,246.7941135147601,241.19354435975268,245.03420296466007,23435300
2022-12-06,238.3349151611328,244.88835294425144,237.03201078829812,243.8771473447241,22463700
2022-12-07,237.6056671142578,239.3461270027659,235.5054686619729,238.0529405287907,20481500
2022-12-08,240.55178833007807,241.8547074647456,236.33192613856,238.06265330165112,22611800
2022-12-09,238.6266021728516,241.43660437225947,237.40148518904437,237.92653108598597,20609700
2022-12-12,245.52037048339844,245.54953887897585,240.32818836078783,240.60043661045464,30665100
2022-12-13,249.80825805664065,256.614492351379,246.0648232599692,254.44620988669476,42196900
2022-12-14,250.1000061035156,255.32135671859504,247.27055298866887,250.01250091515968,35410900
2022-12-15,242.11721801757807,247.16355744305537,240.49344660406408,246.69684834391964,35560400
2022-12-16,237.91683959960935,242.92427864323048,236.769494977049,241.6699931281738,86102000
2022-12-19,233.79417419433597,238.42242358687312,232.1023480969562,238.08210589515767,29696400
2022-12-20,235.1068115234375,236.1860865482313,231.82036751639757,232.77323628356203,25150800
2022-12-21,237.6639862060547,238.82104848275608,233.4635747777796,234.9998409670087,23690600
2022-12-22,231.5967254638672,235.2915415960275,227.396299165475,234.5817378584511,28651700
2022-12-23,232.1217498779297,232.25787396743928,227.46434761018264,229.5742784157877,21207000
2022-12-27,230.4008026123047,232.31625810648032,229.30207698528272,232.092628807354,16688600
2022-12-28,228.03805541992188,233.0843952081068,227.68801986130745,230.33272967385747,17457100
2022-12-29,234.3386688232422,235.2234829457409,229.12703678909463,229.12703678909463,19770700
2022-12-30,233.1816253662109,233.3177494769252,230.1090927684712,231.6161906747891,21938500
2023-01-03,232.94827270507807,238.94748134129327,230.8286087975721,236.3513904454424,25740000
2023-01-04,222.7583770751953,226.42401047503648,219.7052947992431,225.8503455985308,50623400
2023-01-05,216.1563415527344,221.2513009767704,215.6215628706399,220.9109832236872,39585600
2023-01-06,218.70376586914065,219.51079264209568,213.27823740876855,216.82719680304172,43613600
2023-01-09,220.8331451416016,224.8391105735464,220.1428067767752,220.18169301907503,27369800
2023-01-10,222.5152587890625,224.90715575496424,221.03732942473408,221.4554195666482,27033900
2023-01-11,229.2437286376953,229.41873899259983,224.71271707723935,224.88772743214392,28669300
2023-01-12,231.9078521728516,233.259375297245,227.09487499383397,228.7478147030584,27269500
2023-01-13,232.60792541503903,232.7440495138857,228.41723190438844,230.4396576846913,21333300
2023-01-17,233.69696044921875,234.24145690846152,230.52718988997356,231.3828356610212,29831300
2023-01-18,229.28260803222656,235.67075285086767,229.0006419678325,234.883176604496,30028700
2023-01-19,225.5100250244141,229.00066284863416,224.2946258083473,227.30882179875937,28623000
2023-01-20,233.57054138183597,234.07615156759215,228.0185916995672,228.3589093861448,35389800
2023-01-23,235.865234375,238.3835379806386,233.01633090813735,234.42620586269453,31934000
2023-01-24,235.3401641845703,237.19729766623652,233.7844621578948,235.78743760454404,40234400
2023-01-25,233.94972229003903,236.56526330051292,224.50849637099503,227.98940087225645,66526600
2023-01-26,241.13519287109372,241.4366094883561,235.30127691453504,236.90559786802248,33454500
2023-01-27,241.29075622558597,242.9145276437586,239.9975698020656,242.0977830088241,26498900
2023-01-30,235.9916534423828,238.80165597851493,235.4957610418544,237.74181653285476,25867400
2023-01-31,240.95040893554688,241.0865330246428,236.2249372191996,236.71109679974396,26541100
2023-02-01,245.7537078857422,248.11643670951443,238.6752244300908,241.1351911203326,31259900
2023-02-02,257.275634765625,257.36313992217566,250.12908358575305,251.6556316643916,39940400
2023-02-03,251.19869995117188,256.8867738555353,249.9833008123263,252.3557623051793,29077300
2023-02-06,249.66244506835935,251.1500925837804,247.72753893121825,250.3139121313108,22518000
2023-02-07,260.1537475585937,261.33024559426707,252.88078856760492,253.31834411841427,50841400
2023-02-08,259.34674072265625,269.0991022332483,258.84111568990085,265.63764785701306,54686000
2023-02-09,256.3227844238281,266.39602683122865,255.5254755531628,266.22098682274134,42375100
2023-02-10,255.8172607421875,256.7798475306488,253.44479884068832,254.2907120393768,25818500
2023-02-13,263.80975341796875,266.99896042747446,259.7551677463502,260.2316245141991,44630900
2023-02-14,264.6361389160156,267.35862090148964,261.82612208741193,265.12229853290944,37047900
2023-02-15,262.5209350585937,263.89534271397224,259.4601911138888,261.5461803878701,28922400
2023-02-16,255.5319366455078,260.00605711365523,255.2882479724247,257.354723160625,29603600
2023-02-17,251.54519653320312,253.5239473924271,249.53720422274543,252.8416369479222,30000100
2023-02-21,246.2912750244141,249.04009049318063,245.2385381346892,248.05557870006876,28397400
2023-02-22,245.1605529785156,247.91911060638247,244.0200917469653,247.6754219276689,22491100
2023-02-23,248.33827209472656,250.35600669518152,244.1565658834327,249.108321803698,29219100
2023-02-24,242.9283599853516,244.66342210762315,241.8366395147742,243.649683795455,24990900
2023-02-27,243.8446350097656,246.4374860355747,243.0940697394365,246.0865737548368,21190000
2023-02-28,243.123291015625,245.14104018082875,242.45070796055708,242.78213582911252,22491000
2023-03-01,240.05284118652344,244.59518672884,239.58494822729267,244.4294802167035,27565300
2023-03-02,244.7706451416016,245.0533174507925,239.4094944705545,240.325766237742,24808200
2023-03-03,248.8450927734375,249.1667635730139,245.0435558213065,245.8233624681365,30760100
2023-03-06,250.3852386474609,253.55319146823703,249.5177075468684,249.9563441934913,24109800
2023-03-07,247.73391723632807,251.1845574289097,246.9931089704297,249.82963402877948,21473200
2023-03-08,247.29525756835935,248.11404792403096,244.4782171582985,247.62667058752515,17340200
2023-03-09,245.9501037597656,253.00731800229747,245.22877995450497,249.36174508099091,26653400
2023-03-10,242.31427001953125,246.4082368307068,241.3492723748031,244.74141460422547,28333900
2023-03-13,247.5097198486328,251.3989965851208,239.52647621107045,241.1543148292338,33339700
2023-03-14,254.20628356933597,254.479213692258,249.4007352202757,250.26826629818711,33620300
2023-03-15,258.7388916015625,259.7526448252449,252.66615907277225,253.41673923474747,46028000
2023-03-16,269.227294921875,269.57819238070647,256.63344947737914,258.5147191528132,54768800
2023-03-17,272.3757019042969,276.1772393298442,269.3442290300633,271.2352555502092,69527400
2023-03-20,265.3574523925781,270.47491398328793,263.0375317119125,269.9875366889346,43466600
2023-03-21,266.8683166503906,268.05751846766043,262.7158524815854,267.9405526736913,34558700
2023-03-22,265.4159240722656,273.94502636302843,265.3086856035219,266.49788734137707,34873300
2023-03-23,270.6504211425781,273.9645815107582,268.2525326655101,270.9233512964952,36610900
2023-03-24,273.4869079589844,273.54539085578926,268.33044774491924,270.2409584505626,28172000
2023-03-27,269.4026794433594,274.3544196920251,268.56437502402,273.41866361100745,26840200
2023-03-28,268.2817077636719,269.16873798129603,265.18196566074795,268.82756793649463,21878600
2023-03-29,273.428466796875,274.0425670542095,271.3814758548116,271.9175790730678,25087000
2023-03-30,276.8790588378906,277.27871183195333,274.3739618829966,277.054537290587,25053400
2023-03-31,281.0217590332031,281.96727225154604,275.8555711889492,276.5671528059377,32766000
2023-04-03,279.9787902832031,280.99251370652144,276.781596204477,279.2866930601582,24883300
2023-04-04,279.9300537109375,283.1175206876223,278.4581943099055,279.9788092952923,25824300
2023-04-05,277.1617736816406,279.90083226436434,275.77763853693574,278.6336629350254,22064800
2023-04-06,284.2384948730469,284.70635812116194,274.9100846507428,276.06028813189846,29770300
2023-04-10,282.084228515625,282.28891863830444,277.5223546944505,281.90875009189506,23103000
2023-04-11,275.6898498535156,278.7603508575734,274.5299191651681,278.5361465748028,27276600
2023-04-12,276.3332214355469,279.7643772791171,274.84184782081707,277.60042049037634,27403400
2023-04-13,282.5228881835937,282.58137108364906,276.02129123451107,276.4306715348985,24222700
2023-04-14,278.9162902832031,281.19721243469814,276.52812965920475,279.7545649448243,20987900
2023-04-17,281.5091552734375,284.23848637686285,278.93581824426053,282.6106328823751,23836200
2023-04-18,281.0899353027344,284.39436715882044,279.7642835325909,284.20916143399967,20161800
2023-04-19,281.16802978515625,281.7528588587504,277.3567350040731,278.7701115947992,17150300
2023-04-20,278.8870544433594,281.7333512714664,277.88305828682746,278.048779675469,23244400
2023-04-21,278.5458984375,279.04300308117706,275.91404898236954,277.8148324496472,21676400
2023-04-24,274.6565856933594,277.75632784748706,271.6835961405842,274.9685142964532,26611000
2023-04-25,268.46697998046875,274.49095750236273,268.4182243921978,272.45372354096446,45772200
2023-04-26,287.913330078125,292.00731227294943,285.33999278918486,289.20977066358734,64599200
2023-04-27,297.13446044921875,297.4951446738083,287.79632356423065,288.4981481341887,46462600
2023-04-28,299.5032043457031,301.13102839340746,295.6529105371697,296.3352508757217,36469600
2023-05-01,297.8460388183594,300.8093013864752,297.4463858283213,299.2204464922504,21294100
2023-05-02,297.6998291015625,301.3746435203023,296.237697087883,299.9905085390908,26404400
2023-05-03,296.7153015136719,300.8190101503688,296.413129960088,298.87925796823623,22360800
2023-05-04,297.6998291015625,299.9905085390908,295.74056268414336,298.5088623937183,22519900
2023-05-05,302.8075561523437,304.09423955747224,296.58861610804354,298.0020223898041,28197100
2023-05-08,300.8580322265625,302.36891985995953,298.3626625741606,302.30067989163814,21318600
2023-05-09,299.24969482421875,302.2129574604757,298.5771116971217,300.22444953048654,21340800
2023-05-10,304.4256591796875,305.0982423493034,299.9028125252024,300.82881170640417,30078000
2023-05-11,302.2810974121094,303.2656089556637,298.52831646309323,302.27137009537194,31680200
2023-05-12,301.1699523925781,302.8075331032812,298.8597885779878,302.71005168658775,19774700
2023-05-15,301.6476135253906,302.07650801921994,299.8248268001941,301.2967160743426,16336500
2023-05-16,303.8700256347656,305.790293615096,302.0082405576207,302.0082405576207,26730300
2023-05-17,306.7420349121094,307.1620885056331,303.5573787677108,305.0715691203483,24315000
2023-05-18,311.1575622558594,311.6655618014146,306.4685237275618,307.25979860655974,27276000
2023-05-19,310.98175048828125,311.38227715164794,309.05728471229986,309.4187276052405,27546700
2023-05-22,313.7560729980469,315.1334851097125,310.659362704621,311.2357215634577,24115700
2023-05-23,307.972900390625,315.2604571188561,307.96312199673974,312.6326330108963,30797200
2023-05-24,306.59552001953125,309.18426063109985,305.384161727715,307.4551840291494,23384900
2023-05-25,318.38653564453125,319.3438643558403,312.6033603605029,315.7684598442555,43301700
2023-05-26,325.1954040527344,325.69359534814544,316.3936568169518,316.5304052743781,36630600
2023-05-30,323.5542907714844,327.9795816142876,322.8802372817965,327.4813902004807,29503100
2023-05-31,320.7994689941406,328.1749431768424,319.7639428551413,324.6093167826368,45950600
2023-06-01,324.8926086425781,325.82066191290807,317.2143019258067,318.3963251868189,26773900
2023-06-02,327.6474304199219,329.6988961808169,324.86330044529166,326.5240179212979,25873800
2023-06-05,328.17498779296875,330.7344235831456,326.924575276692,327.4716288893014,21307100
2023-06-06,325.9671630859375,327.6181020499909,324.4920861780968,327.57901828059016,20396200
2023-06-07,315.9052124023437,326.75839512631626,315.0455484614,323.984044106474,40717100
2023-06-08,317.74176025390625,319.0898668992322,315.87590553008897,316.4522643486225,23277700
2023-06-09,319.2364501953125,322.3624661949436,316.9114577219513,317.47803824659906,22529000
2023-06-12,324.1794738769531,324.42369526305714,317.64410719983425,320.9850390669164,24260300
2023-06-13,326.5630798339844,329.1909043563213,322.7532321400216,326.738912078587,22951300
2023-06-14,329.5426025390625,331.2033200737011,325.1173117243528,326.61194558065387,26003800
2023-06-15,340.0538330078125,341.7536041604146,329.405787505742,329.6793142407834,38899100
2023-06-16,334.41729736328125,343.3460477400644,334.0461058075506,343.1995208348828,46552000
2023-06-20,330.2361755371094,334.1730234363889,328.0967936208768,331.4670609717045,26375400
2023-06-21,325.8499755859375,329.9236018707608,324.39442550484875,328.5950218821544,25117800
2023-06-22,331.8577575683594,332.2582841920234,325.6350018399905,326.3969713207667,23556800
2023-06-23,327.27618408203125,330.1482299651682,325.74249643584824,326.6314360457984,23146900
2023-06-26,321.0046081542969,328.340998601614,320.8971352379601,326.00625756335666,21520600
2023-06-27,326.8366394042969,328.38010561548896,321.6884329438187,324.1892578253604,24354100
2023-06-28,328.0870666503906,330.16783795083114,326.09421148504384,326.9245702882871,20259500
2023-06-29,327.30548095703125,328.3409772213773,324.93165630266327,326.97334345829574,16997000
2023-06-30,332.6685791015625,334.80796061953606,329.40578527983763,329.9430603518384,26832800
2023-07-03,330.1775207519531,333.02026113567905,328.7903600361568,331.34979527734635,12508700
2023-07-05,330.3338623046875,333.7529619318794,326.9929302209396,327.3445947298887,18172400
2023-07-06,333.3816833496094,335.0619274987614,327.7450650936466,329.5034469606341,28161200
2023-07-07,329.4253234863281,333.8896972947202,329.21040748776585,331.4767889612989,21214800
2023-07-10,324.159912109375,327.4813467591402,320.017927004541,326.86590410565805,32791400
2023-07-11,324.7851867675781,325.1661566846007,319.4416208471581,323.4077743662795,26698200
2023-07-12,329.4058532714844,333.75297652887264,327.91121941871575,328.8197159187511,29995300
2023-07-13,334.7395935058594,335.7946167426784,331.1837159282275,331.711242452727,20567200
2023-07-14,337.25994873046875,343.3068725083686,336.35145234816736,339.55563567406386,28352700
2023-07-17,337.7386474609375,338.9695029653532,334.2902427075948,337.689785296776,20363900
2023-07-18,351.1805725097656,358.30207642907544,334.26093764915,337.8363124834503,64738600
2023-07-19,346.8725280761719,354.0819486228708,344.293565577068,353.388368189592,39732900
2023-07-20,338.852294921875,349.6957307761419,337.3869665581141,345.3974402048797,33778400
2023-07-21,335.8239440917969,342.20300571747845,331.97501253322577,341.07959326630163,69405400
2023-07-24,337.13299560546875,338.90118607619127,334.3977276840243,337.85591126570966,26678100
2023-07-25,342.8673095703125,343.7562790203098,337.09391224924093,339.0867373558683,41637700
2023-07-26,329.962646484375,336.70318113968654,325.4103558990967,333.547829841797,58383700
2023-07-27,323.0755920410156,333.4403334728924,321.4441800463063,332.61000460063315,39635300
2023-07-28,330.5487365722656,332.1508430764587,325.4689499409115,325.9573926830905,28484900
2023-07-31,328.1554260253906,329.8942812123279,325.6545714457516,329.13231163180893,25446000
2023-08-01,328.5656433105469,330.7148031903255,325.9866812669901,327.44223102382614,18311900
2023-08-02,319.9300231933594,325.9183364890345,318.8163593371292,325.9183364890345,27761300
2023-08-03,319.1094055175781,322.25497786737617,318.41582519365545,318.46465754141326,18253700
2023-08-04,320.2035827636719,327.3934767757319,319.6760561560359,324.2088199611453,23741500
2023-08-07,322.479736328125,323.4566220651156,319.9496058467817,320.77996468566107,17741500
2023-08-08,318.51348876953125,321.1510914070996,315.53400007450387,319.40245810571645,22327600
2023-08-09,314.7818603515625,319.5490370786911,313.629112676302,318.92384579160165,22373300
2023-08-10,315.4656066894531,320.67242275810133,313.75605717646994,318.4841791092021,20113700
2023-08-11,313.59002685546875,314.9576606059445,311.83161505156005,312.8573627235517,24355500
2023-08-14,316.54998779296875,316.5695147707091,312.68149972344554,313.9612471638397,18836100
2023-08-15,314.4203186035156,317.5756691585243,313.48251697268347,315.5339822625221,16966300
2023-08-16,313.65673828125,317.5921510091484,313.069360125936,314.0483137596947,20698900
2023-08-17,310.2109069824219,315.09587723168505,309.5549947446499,313.7938817302348,21257200
2023-08-18,309.8193359375,311.679342341884,304.99307058455463,307.8711973932979,24755000
2023-08-21,315.105712890625,315.97696640050947,310.36757919700125,311.2388327068857,24040000
2023-08-22,315.6734313964844,319.2172393434008,314.6944776045053,318.6494592891844,16084600
2023-08-23,320.1178894042969,322.2715996929162,316.6523846218089,317.00482352144604,21166400
2023-08-24,313.23583984375,325.97203798658785,313.2260407459276,325.84476921609,23281400
2023-08-25,316.1825561523437,318.5124414479657,312.0905059538923,314.70432613416926,21684100
2023-08-28,316.88739013671875,319.2858092722639,314.949050654982,318.8061314202153,14808500
2023-08-29,321.498291015625,322.05630197314525,315.10572250532454,315.10572250532454,19284600
2023-08-30,321.87030029296875,322.8688226373034,319.57955147339686,321.75283059073,15222100
2023-08-31,320.8619079589844,323.9456064626788,319.9025224771531,322.27160382501023,26411000
2023-09-01,321.7429504394531,325.0028533565905,319.9025125671937,324.33717196139406,14942000
2023-09-05,326.530029296875,327.8026871669536,321.74296073160247,322.07580143984785,18553900
2023-09-06,325.8741455078125,327.42087936565457,323.23095829944674,326.3636224074877,17535800
2023-09-07,322.9666748046875,326.0699418421109,322.1051906191248,324.3176359252016,18381000
2023-09-08,327.2348937988281,329.0851309217736,322.5261281543159,323.14287386196446,19530100
2023-09-11,330.82763671875,331.29754527961506,328.3704532160462,330.1423571352341,16583300
2023-09-12,324.7875061035156,329.7018735211136,324.5036309989416,328.75228709732,17565500
2023-09-13,328.9872436523437,329.7606255946868,324.2001746396606,324.33721264984047,16544400
2023-09-14,331.5716857910156,333.68619984765456,329.48650927999284,332.0121971047733,20267000
2023-09-15,323.2701416015625,330.2990230757852,322.7121307368876,329.829144347891,37679800
2023-09-18,322.1344909667969,323.44628529429457,319.49130411829134,320.90099978745496,16834200
2023-09-19,321.7331848144531,322.45763099664185,317.6803313099975,319.3053983263758,16505900
2023-09-20,314.0190124511719,322.65339248865484,313.76450476801705,322.5750893265996,21436500
2023-09-21,312.8051147460937,318.50263318201627,308.37045511046944,312.54080796824985,35560400
2023-09-22,310.338134765625,314.6846917624831,309.4962190138313,314.5574229961994,21447900
2023-09-25,310.8570251464844,310.98429393163934,308.3704739123921,309.92700700519936,17836000
2023-09-26,305.5706787109375,309.23195666524725,303.4952713882668,308.4977412546043,26297600
2023-09-27,306.2069702148437,307.6851701509051,303.1722074325514,305.7272625333357,19410100
2023-09-28,307.0390930175781,308.8403644764348,302.9372740873856,304.4448414726015,19683600
2023-09-29,309.10467529296875,312.746384776468,308.35089159051364,311.0625829749512,24147300
2023-10-02,315.0272827148437,315.1154148364271,308.5466141242197,309.62346914878606,20570000
2023-10-03,306.7943420410156,314.6259723470464,304.66020007739525,314.0777307403494,21033500
2023-10-04,312.24713134765625,313.3044183025866,307.391528310135,307.4208957324774,20720100
2023-10-05,312.63873291015625,313.2457094811614,308.2726064658217,312.37442608711734,16965600
2023-10-06,320.3724365234375,322.2618102249638,309.6430811517103,309.8878196065806,25673600
2023-10-09,322.8785095214844,323.3483881671333,316.3782427539174,317.91520719974994,19891200
2023-10-10,321.4786682128906,324.13162477364205,320.7738202479149,323.9945568948938,20557100
2023-10-11,325.4238586425781,325.8154342155564,322.212891143674,324.2393029495446,20063200
2023-10-12,324.1903381347656,326.6083551720829,321.8016885159057,323.6127589882386,19313100
2023-10-13,320.83251953125,326.8041134369332,319.4913278140148,325.3846484410319,21072400
2023-10-16,325.6391906738281,329.06552880865223,323.6421166530187,324.08262791660326,22158000
2023-10-17,325.0713806152344,326.44190989346447,320.5192516418675,322.6533636519186,18338500
2023-10-18,323.1624450683594,328.5271229876209,321.3905409680336,325.4923600401383,23153600
2023-10-19,324.3470153808594,329.7899967094516,323.9456406942705,325.15953397789394,25052100
2023-10-20,319.7948913574219,324.9343994561592,318.60056637565555,324.7385967213242,25027700
2023-10-23,322.3890991210937,325.7273354388913,317.56286365993043,318.620120705819,24374700
2023-10-24,323.5736083984375,324.8560355263617,320.70528084515973,324.3273920928105,31153600
2023-10-25,333.500244140625,338.9138581081017,330.5144167677778,337.7586697804962,55053800
2023-10-26,320.9891662597656,334.4399815109655,320.0591482273516,333.3729254857893,37828500
2023-10-27,322.8687438964844,329.63331810351394,321.4884154812009,323.47569046023347,29856500
2023-10-30,330.2109069824219,332.3058824741977,324.8462293530412,326.39299310170355,22828100
2023-10-31,330.9940795898437,331.865362876774,327.64607407506094,331.71852577091533,20265300
2023-11-01,338.7865600585937,340.1081537078223,332.5016633074158,332.6387311841403,28158800
2023-11-02,340.9892272949219,341.48847346531505,337.5139230484177,339.93194035995595,24348100
2023-11-03,345.3749389648437,346.9315020236901,340.02005970434163,342.27167169728,23637700
2023-11-06,349.0263977050781,350.01515060483416,345.9133317859224,346.0112331411466,23828300
2023-11-07,352.9422607421875,354.83163466533523,350.10330030774577,351.8360380163673,25833900
2023-11-08,355.5560607910156,356.2119431597548,352.9618091115113,354.0680317747925,26767800
2023-11-09,353.098876953125,357.1125938314782,352.77580544293505,354.67497835793193,24847300
2023-11-10,361.889892578125,362.31083557483976,353.47088326732273,353.88202716517856,28042100
2023-11-13,358.9627990722656,360.7151348704628,358.1992162461448,360.4703964021509,19986500
2023-11-14,362.4772033691406,364.1218684157094,359.6186750774512,363.2016494775537,27683900
2023-11-15,362.6243591308594,366.0184055463694,360.11312341587404,364.203659277244,26860100
2023-11-16,369.00048828125,369.17705042836303,363.1246329408824,363.8897655143074,27182300
2023-11-17,362.8009643554688,367.23480603716206,360.0052770614011,366.4892814424939,40157000
2023-11-20,370.2463073730469,371.64904556813445,363.9290460653395,364.1448542442713,52465100
2023-11-21,365.9595947265625,369.0495522871196,364.0467481750121,368.5100468166504,28423100
2023-11-22,370.6484680175781,372.5514954656195,367.8233538705503,370.7956031427492,23345300
2023-11-24,370.2364501953125,370.7661665682208,367.9901174917075,370.1383501357465,10176600
2023-11-27,371.3939514160156,373.3852898149662,369.02991062580026,369.59884307126106,22179200
2023-11-28,375.4060363769531,375.70030662709087,370.9525569972749,371.1389381343408,20453100
2023-11-29,371.62939453125,376.9755034472532,370.2462645357516,376.4458170169272,28963400
2023-11-30,371.6882629394531,372.8457658390955,368.313824366715,371.2762546529022,30554400
2023-12-01,367.3721618652344,370.9525899274523,364.23313921740737,369.579278745005,33040500
2023-12-04,362.1044921875,362.4772245359519,355.9834013927852,362.0652461744231,32063300
2023-12-05,365.4200439453125,365.9693683802573,358.65155863650625,359.46575623768496,23065000
2023-12-06,361.7709655761719,367.0484320232483,361.0156519151652,366.4206454596968,21182100
2023-12-07,363.8799743652344,364.3704447283438,359.3382140130918,361.2118143924818,23118900
2023-12-08,367.0974426269531,367.3230398250767,361.2117985281366,362.163312188216,20154400
2023-12-11,364.2233276367188,364.5176278549032,359.1224531501872,361.4570971757964,27708800
2023-12-12,367.24456787109375,367.2838138794258,363.3992673247469,363.7818485501349,24838300
2023-12-13,367.2347717285156,370.4424670346805,363.7033791572921,368.8533179256787,30955500
2023-12-14,358.9556579589844,366.6364411485853,357.18997650221536,366.1950058164245,43277500
2023-12-15,363.6642150878906,365.3023695567354,359.2990162951195,359.8581597688427,78502300
2023-12-18,365.5475769042969,365.8909121656344,361.6532407972144,362.4085843593443,21802900
2023-12-19,366.1459655761719,366.1459655761719,362.791134932601,364.40968123442,20603700
2023-12-20,363.5562438964844,368.8631367699809,363.46796282422974,367.8527690284867,26316700
2023-12-21,366.4205627441406,367.27397628253584,362.9872706194223,365.45923017228415,17708000
2023-12-22,367.4407958984375,368.0293663723626,365.6064413711889,366.5579551555188,17107500
2023-12-26,367.5191955566406,369.7557388466818,366.3813009092961,367.85271175632136,12673100
2023-12-27,366.94049072265625,367.9116124252774,365.7044958750045,366.5677284710829,14905400
2023-12-28,368.12744140625,369.2849443001597,367.0287925621367,368.2157224809446,14327000
2023-12-29,368.87298583984375,369.9716347431921,366.361779793351,368.8337398258849,18730800
2024-01-02,363.801513671875,368.7356447522221,359.7796503608471,366.73451711634624,25258600
2024-01-03,363.5366516113281,366.1459576250118,361.48648901542015,361.9769593953772,23083500
2024-01-04,360.9273986816406,365.98905733956127,360.17208496235486,363.6053781270113,20901500
2024-01-05,360.7409973144531,364.9688499798779,359.51482125288123,361.9377463479848,21004600
2024-01-08,367.5486755371094,368.0489648766836,361.9769395114855,362.2613907623612,23134000
2024-01-09,368.6277465820313,368.8239167777909,364.1154129764403,364.91979160608497,20830000
2024-01-10,375.4747009277344,376.84804200266086,369.1476507008414,369.1966857666869,25514200
2024-01-11,377.2992248535156,383.2339040924789,373.1302268937335,378.6431088178606,27850800
2024-01-12,381.0660705566406,381.27205974083927,377.3188695476479,378.14285622037966,21661200
2024-01-16,382.831787109375,386.52013440392574,380.2322997601581,386.1571910674611,27202300
2024-01-17,382.0470275878906,382.6748141545887,377.4758397118604,380.5854353256014,22234100
2024-01-18,386.3631591796875,386.4808672893111,382.68463107425833,384.2541423864291,23392100
2024-01-19,391.0716857910156,391.0716857910156,386.0002086328452,388.2171444423586,29331100
2024-01-22,388.9528503417969,392.9845027036078,386.0884900033909,392.395932230134,27016900
2024-01-23,391.2972412109375,391.7681035262422,386.42196470997874,388.2072839775827,20525900
2024-01-24,394.8875427246094,397.89903829237466,392.8177719184772,393.8869938433054,24867000
2024-01-25,397.1534729003906,399.25270045475327,394.858075159448,396.6139674673759,21021200
2024-01-26,396.23138427734375,398.4287118822507,394.759973173457,396.66300059602537,17803300
2024-01-29,401.91107177734375,402.1661259686538,396.6237864171102,398.3208248033987,24510200
2024-01-30,400.8025817871094,405.1775691973873,398.7033841260815,404.40264755037606,33477600
2024-01-31,390.00244140625,407.404352059521,389.6394980894709,399.2036711669298,47871100
2024-02-01,396.0842895507813,400.2238610760148,394.1420159186215,394.1714429462631,30657700
2024-02-02,403.3824462890625,404.78518434173446,395.8684367403234,396.113671921669,28256700
2024-02-05,397.9186096191406,403.32360273615,396.290244380319,402.0876078105048,25352300
2024-02-06,397.7616271972656,400.1943708633147,395.2308134118543,398.1442084321405,18382600
2024-02-07,406.158447265625,406.40368241792544,399.6351982016195,399.6744442080485,22340500
2024-02-08,406.2174072265625,407.6397834551556,404.66753383171147,406.158553169539,21225300
2024-02-09,412.53466796875,412.7995411607667,407.178739238723,407.335693369119,22032800
2024-02-12,407.3454895019531,412.7210259706923,406.8452001103824,412.5444638098807,21202900
2024-02-13,398.5758666992188,402.2543946406928,395.701717385572,397.2221636270064,27824900
2024-02-14,402.4282836914063,402.7722538955099,397.5931465072421,401.03278856568113,20401200
2024-02-15,399.54876708984375,402.07445398469247,397.3179246135389,401.1015363834754,21825500
2024-02-16,397.0919189453125,401.2489827226472,396.48261574205486,400.92465682975353,22296500
2024-02-20,395.8437805175781,397.5144455402651,391.1462141740097,396.2860021450716,24307900
2024-02-21,395.2443237304688,395.3524423554376,390.3698682526408,393.2690069492409,18518900
2024-02-22,404.5509948730469,405.710638303165,401.52412337910727,403.1161813071161,27009900
2024-02-23,403.2636413574219,408.68843759900807,401.91727194539897,408.5017417603321,16295900
2024-02-26,400.5118713378906,405.0521933950138,400.334952692985,404.3642530870218,16193500
2024-02-27,400.4529418945313,401.2784523382821,396.88553712565647,400.9541264549498,14835800
2024-02-28,400.6887817382813,402.24152110085487,398.33017625490425,401.1408405413653,13183100
2024-02-29,406.5067138671875,407.0570541612983,398.9198455368932,401.592939818844,31947300
2024-03-01,408.3346252441406,408.6982397267373,403.7943028017663,404.1775615837775,17823400
2024-03-04,407.7646179199219,410.1527047870807,405.2094495475142,406.3101300793095,17596000
2024-03-05,395.7062377929688,407.1062001502952,393.7309209213856,406.821192843755,26919200
2024-03-06,395.1558837890625,398.1729482982256,391.5197089331465,396.02071283324057,22344100
2024-03-07,402.0842895507813,402.7132369902085,395.30325783772497,399.1163510354161,18718500
2024-03-08,399.2146301269531,403.3422120153882,397.357209279769,400.9246137706761,18002200
2024-03-11,397.5439758300781,398.68397503984977,394.34021545583295,396.7971025481086,16120800
2024-03-12,408.1184387207031,408.4034460288256,399.7748595225906,400.59053286353617,22457000
2024-03-13,407.9415588378906,410.968430688084,404.354509505231,410.8898234934408,17115900
2024-03-14,417.8869934082031,420.4421618629372,410.7816654727546,412.99286375239626,34157300
2024-03-15,409.2388000488281,415.3122180052063,405.6713950382344,412.0593017539116,45079900
2024-03-18,410.1231994628906,413.47439659588105,406.644239420025,407.10613532964646,20106000
2024-03-19,414.14263916015625,414.3981649654471,408.38368133647776,410.6243607307359,19837900
2024-03-20,417.8968200683594,418.6142118533255,413.4056235884817,414.7225113763612,17860100
2024-03-21,421.9653930664063,423.3903994195494,419.79351351352574,422.4174518440492,21296200
2024-03-22,421.3462829589844,422.446963535343,418.7223444405752,422.2897491598315,17648500
2024-03-25,415.5677185058594,420.03927125139006,414.3392748930156,417.9066799433217,18060500
2024-03-26,414.3785095214844,418.6436612820826,414.0836951106592,418.270209700842,16725600
2024-03-27,414.1623229980469,417.1302615081193,411.7840733216957,417.1204243635022,16705000
2024-03-28,413.4645385742188,414.5947004262664,411.8921251320564,413.70039009359095,21871200
2024-04-01,417.2482299804688,420.5109832500247,414.9387501061958,416.6389267777452,16316000
2024-04-02,414.1721801757813,415.0959720756304,410.6342569413904,412.8650995128624,17912000
2024-04-03,413.1992492675781,415.9607877333754,411.8626872035861,412.49166464341647,16502300
2024-04-04,410.673583984375,421.27751676074166,410.3689323931849,417.66095627375125,19370900
2024-04-05,418.1817932128906,419.1547408159618,411.1059769604637,412.76683489834704,16554800
2024-04-08,417.267822265625,419.91143485729225,416.0000602813901,417.837836797393,14272400
2024-04-09,418.9287109375,420.3635245342137,414.34907001434647,419.0859553029516,12496900
2024-04-10,415.9607849121094,416.7174952724338,412.4621804028437,414.90923013212864,16216600
2024-04-11,420.55023193359375,421.9654011694112,415.07628079166767,418.4766338120234,17966400
2024-04-12,414.6242065429688,417.8476407951663,412.5309342100816,416.7371231732088,19253800
2024-04-15,406.5067138671875,419.4594150607099,406.30031376342345,419.2432078029309,20273500
2024-04-16,407.4304809570313,411.1846115754289,406.5951633512696,407.42067380289205,16765600
2024-04-17,404.73773193359375,411.6563341009439,403.25376259314334,410.0544389834795,15855500
2024-04-18,397.2982482910156,404.786864609064,396.983789567324,403.5485840383649,21029900
2024-04-19,392.2370910644531,398.4874271893145,390.91036608589934,397.0624207324797,30565800
2024-04-22,394.04534912109375,395.9027700554988,388.9252051027742,393.1805201140456,20286900
2024-04-23,400.5413208007813,401.1604610302828,396.1090877220826,397.2687310137851,15734500
2024-04-24,402.0056762695313,405.3568737379943,399.7649965241752,402.4970536697523,15065300
2024-04-25,392.1584167480469,392.9937641834992,381.3382786525908,387.2348064445488,40586500
2024-04-26,399.3129577636719,405.8777529623426,398.76261744709456,405.0620796331898,29694700
2024-04-29,395.3130798339844,399.3128986786924,392.3058528379069,398.261343947103,19582100
2024-04-30,382.6159057617188,395.2246663994194,382.4586913890698,394.5662074998568,28781400
2024-05-01,388.1291809082031,394.7922572147303,383.57902141142335,385.8393454420747,23562500
2024-05-02,390.9791564941406,393.0331103770738,387.84416635932274,390.80226783236736,17709400
2024-05-03,399.6470642089844,400.1286044561088,394.9298232492529,395.3425934548566,17446700
2024-05-06,406.4084167480469,406.7916755135943,399.3620518377186,401.7108501382599,16996600
2024-05-07,402.2808227539063,407.5189223273103,402.0351340682459,407.5090851826696,20018200
2024-05-08,403.4601135253906,405.1209713289568,399.69614631705593,401.1309897393213,11792300
2024-05-09,405.2094421386719,405.60253803694064,402.04497067197207,403.4896213413632,14689700
2024-05-10,407.5877380371094,408.2167155386998,404.6984363706866,405.81879129865774,13402300
2024-05-13,406.5853271484375,411.1354867839949,403.7353441559508,410.80135374265615,15440200
2024-05-14,409.3763732910156,410.2903281379281,404.45276171039177,404.9146577068904,15109300
2024-05-15,416.5338439941406,417.2525598208021,410.8137421375517,411.433999213995,22239500
2024-05-16,414.4761657714844,418.8376448328751,413.8460838814957,415.2736305334928,17530100
2024-05-17,413.708251953125,416.37634285020215,411.56198942365705,416.0022176294818,15352200
2024-05-20,418.7589416503906,420.1668088263762,413.4917132847996,413.7083105461355,16272100
2024-05-21,422.4016723632813,426.27085809319817,418.27649987771593,420.2258450310574,21453300
2024-05-22,423.8587646484375,425.71953602839017,420.521232077242,423.4354250381628,18073700
2024-05-23,420.3931884765625,426.89107515061806,418.837648446434,426.2708180980622,17211700
2024-05-24,423.5043029785156,424.3903716147688,417.84327052223153,420.5802554471063,11855300
2024-05-28,423.661865234375,424.1541289660439,419.999421868943,422.9825388810405,15718000
2024-05-29,422.5296325683594,424.27223522977,419.1034664398289,419.1034664398289,15517100
2024-05-30,408.2540283203125,417.73500282997145,407.8306586642601,417.73500282997145,28394500
2024-05-31,408.7069091796875,410.30183893529215,398.25123185259486,410.30183893529215,47995300
2024-06-03,407.1217651367188,409.9867435149057,402.5929630717942,409.1006748520027,17484700
2024-06-04,409.63232421875,409.9965945509901,403.341179685009,406.04863004617806,14348900
2024-06-05,417.4494934082031,417.5183874951578,409.8587651411263,411.3454112041521,16988000
2024-06-06,417.9516296386719,418.7294148250554,414.0725886422936,417.44954101312015,14861300
2024-06-07,417.2919616699219,419.6843561394708,416.4551073364084,419.6056071642028,13621700
2024-06-10,421.2497253417969,421.45646767892094,417.33132559781046,418.1287903721088,13982900
2024-06-11,425.98529052734375,426.1231387794062,418.6702594600756,418.89671156901073,14551100
2024-06-12,434.2356262207031,436.5394165910894,426.5464700981564,428.58444890305617,22366200
2024-06-13,434.7475891113281,436.5296113185569,432.5717920048744,434.02890334988575,15960600
2024-06-14,435.7222900390625,436.2834778568933,429.9627988535268,431.4986591636175,13582000
2024-06-17,441.4325256347656,443.9627681496181,433.9008973733048,435.741958721063,20790000
2024-06-18,439.4339599609375,443.1751821409538,438.00641324566425,442.7518125207464,17112500
2024-06-20,438.8038635253906,439.6210080275433,434.4423844149745,439.3945559147101,19877400
2024-06-21,442.82073974609375,443.6083496603445,439.60134591371855,440.4578799579492,34187100
2024-06-24,440.7433776855469,445.74476346815527,439.502863594004,442.8403957299967,15913700
2024-06-25,443.9726867675781,444.4354158929602,439.8376592622319,441.31445050765626,16413400
2024-06-26,445.1639099121094,446.5816317625772,441.25533495755695,442.05279974277113,16507000
2024-06-27,445.8432312011719,449.1118693221635,444.7799248025884,445.1835846348848,14806300
2024-06-28,440.0345458984375,448.3341049043701,439.50289267468526,446.059848949654,28362300
2024-07-01,449.6632385253906,450.2933204774516,438.7645123104036,441.71809469633655,17662800
2024-07-02,452.1737976074219,452.4789987346013,446.0992495967908,446.18788351342585,13979800
2024-07-03,453.64068603515625,453.8868178888205,450.7954174304016,451.10061852531385,9932800
2024-07-05,460.32562255859375,461.10340760685847,451.8685359116121,452.4986178155469,16000300
2024-07-08,459.0260314941406,460.46346308739743,457.2735739768986,459.33123257528905,12962300
2024-07-09,452.42974853515625,460.09919566591896,450.9135678636905,459.77431483044427,17207200
2024-07-10,459.0359191894531,459.2426615392735,451.7602469814767,454.0837473649462,18196100
2024-07-11,447.6646118164063,457.5886345893225,444.5633265323156,455.8164973230346,23111200
2024-07-12,446.5323791503906,449.29889867197954,443.6772557704516,447.3003093014831,16324300
2024-07-15,446.9360961914063,450.18505497376174,444.4452428142979,446.2863044349352,14429400
2024-07-16,442.5647277832031,447.2707673593413,439.7489939570935,447.19201839056086,17175700
2024-07-17,436.6576232910156,437.96706168336215,432.38477757281146,435.7420199325565,21778000
2024-07-18,433.5563049316406,437.770080793845,427.6786754419279,437.4648797185402,20794800
2024-07-19,430.3467712402344,434.3144456334854,425.31585048613374,426.39883667006126,20940400
2024-07-22,436.0865783691406,437.7208974938516,432.1189340633458,434.95437784378936,15808800
2024-07-23,437.9670104980469,441.4522458319455,436.24408758502966,437.0316974699668,13107100
2024-07-24,422.2637939453125,434.64916540683873,420.9740654607642,433.6351033912307,26805800
2024-07-25,411.92626953125,423.14987619224735,411.05005574464656,422.1653487650477,29943800
2024-07-26,418.6899719238281,422.28352110182095,410.8137524352177,411.72938578526725,23583800
2024-07-29,420.12738037109375,425.46350195400487,418.1287909882396,424.90231413559286,15125800
2024-07-30,416.3763427734375,422.4114705197089,410.90234276735913,421.1020622928212,32687600
2024-07-31,411.87701416015625,415.2539356882569,405.8320019373709,413.9937419087569,42891400
2024-08-01,410.65625,420.8461156067044,406.6984602769746,414.27933402476685,30296400
2024-08-02,402.1696166992188,408.5789001449341,398.0838337068482,406.1077265801338,29437900
2024-08-05,389.0359802246094,394.8348607957488,379.61404618021845,383.1485258419234,40709200
2024-08-06,393.4269714355469,399.3932349930632,392.3341604668248,393.81095153508136,24946500
2024-08-07,392.2652587890625,403.7349973998657,391.32012086399686,402.3173055349637,20650900
2024-08-08,396.4593505859375,399.5802856931157,393.7519001712231,396.2132187300544,20203000
2024-08-09,399.7377624511719,401.7363516629641,396.03596024402367,397.7785627439822,19276700
2024-08-12,400.51556396484375,402.4354042920839,397.98532149531104,400.7616957993417,16762900
2024-08-13,407.6041870117188,408.5296451452922,403.232883075169,403.2525628062739,19414300
2024-08-14,410.4100646972656,411.2567738583692,406.0683254390975,408.3819407203729,18267000
2024-08-15,415.2626953125,415.3415862221362,411.9388626649199,414.0495331175792,20752100
2024-08-16,412.7377624511719,415.5684441235936,411.5837759699612,414.8385903403338,22775600
2024-08-19,415.755859375,415.9728470077707,410.75530126947416,413.22105614207504,15234000
2024-08-20,418.9810791015625,420.0265568174448,415.8643912576991,415.92356696995296,16387600
2024-08-21,418.33013916015625,420.55916118279697,415.9432751081222,418.2709333493598,16067300
2024-08-22,409.8577270507813,420.94378045645306,408.9306008917766,418.5470440541718,19361900
2024-08-23,411.080810546875,413.51697764071497,406.4451792024677,411.2682103309817,18493800
2024-08-26,407.8259582519531,411.5640508373135,405.7054152115458,410.6665125068156,13152800
2024-08-27,408.1712036132813,408.68406980179446,404.6303831532702,407.2046168469379,13492900
2024-08-28,404.9755859375,409.3153084895278,401.7306441001557,409.1969570716752,14882700
2024-08-29,407.4610290527344,416.268697643249,404.9755591436319,409.2561057035253,17045200
2024-08-30,411.426025390625,411.7712070065085,406.4846428028709,409.9071119024553,24308300
2024-09-03,403.8314514160156,414.1284456363182,401.45446023053216,412.1854296938012,20313600
2024-09-04,403.298828125,405.60677088600426,398.8308818633999,400.3497951691964,15135800
2024-09-05,402.7958068847656,407.4412799387572,400.5667551830583,402.036335234427,14195500
2024-09-06,396.1974792480469,405.02486305915306,395.3097834719027,403.4566466739337,19609500
2024-09-09,400.1624145507813,403.0522719406784,396.6413094868822,401.6615826272171,15295100
2024-09-10,408.5262756347656,410.627073483588,402.11531302402886,402.6084639940855,19594300
2024-09-11,417.2451477050781,418.1821164133012,403.9695029843538,409.80842324527,19266900
2024-09-12,421.1509399414063,421.5158668532968,414.000250680106,417.51148327493246,17395700
2024-09-13,424.6917419433594,425.914746697553,419.6320082561189,419.9969351521576,15874600
2024-09-16,425.4314880371094,427.5914917589124,422.3542307072933,424.7016342113202,13834700
2024-09-17,429.1893005371094,435.79753584231287,426.3487460190464,434.1997314507894,18874200
2024-09-18,424.9087219238281,430.05721907964937,424.5142071811442,429.04132931995406,18898000
2024-09-19,432.6807556152344,435.45226137137865,430.9152668977704,435.18597071101885,21706600
2024-09-20,429.3076477050781,433.2232677304983,428.2720426762547,431.2309485866615,55167100
2024-09-23,427.57177734375,430.4813501002658,424.4945200082598,428.33121902605126,15128900
2024-09-24,423.2911987304688,427.4139334394583,420.2632446802758,427.0687217553129,17015800
2024-09-25,426.19085693359375,427.1870313848109,422.69937022848495,423.9420900304973,13396400
2024-09-26,425.4018859863281,429.3372210826113,423.251754987828,429.1301061037402,14492000
2024-09-27,422.1569213867188,425.9344744566884,421.6144673905514,425.6089779793521,14896100
2024-09-30,424.40570068359375,424.52408219664926,419.5432394814415,422.3443332995087,16807300
2024-10-01,414.9273681640625,422.6106687530044,413.07311568923785,422.5810808985996,19092900
2024-10-02,411.4161071777344,417.0281672714042,411.0018471451832,416.7914343529988,16582300
2024-10-03,410.8341674804688,413.8029154833907,408.6149883911416,411.90923284957546,13686400
2024-10-04,410.3607177734375,414.0001737637433,409.28565244100497,412.5108484383026,19169700
2024-10-07,403.9300842285156,411.3963666559109,403.3974727803463,410.3015860064157,20919800
2024-10-08,409.029296875,409.9662958214234,402.5789034212119,405.2714886364785,19229300
2024-10-09,411.7415771484375,414.6215919010832,408.62485957486433,410.1634881099829,14974300
2024-10-10,410.1438598632813,411.6331856596423,407.49070481788846,409.5422300326898,13848400
2024-10-11,410.61724853515625,411.4161507329335,407.5892942253079,410.4397214022164,14144900
2024-10-14,413.3985900878906,418.2314633461143,411.80075573680847,412.0473312101826,16653100
2024-10-15,413.0040283203125,416.692817718463,409.5717171353566,416.3969091028174,18900200
2024-10-16,410.41998291015625,410.6566857580044,404.8572552888869,409.4830140710585,15508900
2024-10-17,411.01171875,416.712542386237,409.8971928147913,416.5744456758898,14820000
2024-10-18,412.4320373535156,413.90161766396704,410.5580696214905,411.4260201751563,17145300
2024-10-21,413.0434875488281,413.22101465794185,408.082390447192,410.4199210158205,14206100
2024-10-22,421.6539611816406,424.68188532771023,412.3136804024992,412.75749822543423,25482200
2024-10-23,418.7838439941406,425.1750618243365,416.742191587473,424.9580741758084,19654400
2024-10-24,418.91204833984375,420.1449258075998,416.6139478842,419.5038054447286,13581600
2024-10-25,422.28515625,426.5952907757042,420.7268124778327,420.9142122484759,16899100
2024-10-28,420.7464904785156,426.0232112441613,420.46045452237,425.7470479380857,14882400
2024-10-29,426.03314208984375,427.2364316805858,419.9673609785876,422.1372373224,17644100
2024-10-30,426.6051635742188,432.4933871760131,426.1810609771617,431.4479095602445,29749100
2024-10-31,400.7838134765625,410.4594334413064,400.7344803180944,409.6703738017444,53971000
2024-11-01,404.7487182617188,409.8084519793405,401.9180365381017,403.40736208449033,24230400
2024-11-04,402.8648681640625,404.7980415718176,400.01447130701087,404.1865091063775,19672300
2024-11-05,405.82373046875,409.2166110709592,402.4900255666166,402.77606151667777,17626000
2024-11-06,414.4243469238281,414.6906677145501,404.8966664565658,406.770664244806,26681800
2024-11-07,419.6023864746094,421.0029483375747,414.12842327754487,415.5092398399127,19901800
2024-11-08,416.7520446777344,420.6577920683621,416.00244554535874,419.4939629624982,16891400
2024-11-11,412.2840881347656,418.990929361184,410.301611581567,416.7322894657105,24503300
2024-11-12,417.2353210449219,418.626010434167,411.48519380527927,412.520798833662,19401200
2024-11-13,419.3755798339844,423.4489813965326,412.4813090867046,415.8643474786666,21502200
2024-11-14,421.04248046875,422.30494584048273,414.2468451563775,419.1783552177629,30246900
2024-11-15,409.3152770996094,417.0084196655192,407.97392100075103,414.0692593490907,28247600
2024-11-18,410.06494140625,412.6687631122976,406.4550723664268,409.1871181522339,24727000
2024-11-19,412.0671081542969,412.2150474297726,405.9125633985823,407.4511920626241,18133500
2024-11-20,409.7985534667969,411.5739148887647,404.9558076834049,411.1596548604422,19191700
2024-11-21,408.0296020507813,414.8585944158468,405.4798626489652,414.5818782779769,20780200
2024-11-22,412.1111450195313,412.50644943843054,406.2407824115055,406.547145598137,24814600
2024-11-25,413.8801879882813,416.1433187151558,409.9863774439722,413.474991137145,27691100
2024-11-26,422.9722900390625,424.0099980685231,413.93946191933657,414.6707766023476,23458900
2024-11-27,418.0309143066406,422.2212256438805,417.07228524559736,420.1260548953634,18332400
2024-11-29,418.4954528808594,419.89881842784905,412.90180567999255,415.1649667399431,16271900
2024-12-02,425.9272766113281,427.9235836266096,416.3706327320821,416.62759418862754,20207200
2024-12-03,426.1446533203125,427.3997530713115,422.7251964040861,424.8005821824231,18302000
2024-12-04,432.2917785644531,434.5153999624501,427.5579272324192,427.9532316712151,26009400
2024-12-05,437.4307556152344,439.4468472719849,431.05639296725934,432.78587611481566,21697800
2024-12-06,438.3696899414063,440.87002757046025,436.5907746503493,437.1145598403157,18821000
2024-12-09,440.79095458984375,443.0738702753144,435.3356806411524,437.411066762434,19144400
2024-12-10,438.1324462890625,444.34871163189086,436.4227478753231,439.1800467406791,18469500
2024-12-11,443.7261352539063,445.07020661100427,438.8440482605507,438.8440482605507,19200200
2024-12-12,444.2893981933594,450.8120264425983,443.8446618873549,443.8446618873549,20834800
2024-12-13,442.0262756347656,446.13750815775296,440.3560864798084,443.1825720342727,20177800
2024-12-16,446.2956237792969,446.8787030896928,440.0596036741231,442.02626356510217,23598800
2024-12-17,449.1319885253906,449.9522746519603,444.2993336430134,445.7224537683285,22733500
2024-12-18,432.2621154785156,447.3431888706938,431.8964279723808,446.0287948744165,24444500
2024-12-19,431.9063415527344,437.9842340814429,431.2046739034814,436.4425256398133,22963700
2024-12-20,431.4813537597656,438.5376294710308,423.6047919913248,428.0322496423796,64263700
2024-12-23,430.147216796875,432.5190736490341,427.755575118412,431.619738686297,19152500
2024-12-24,434.1793518066406,434.44620567192754,429.0996280307953,429.55422661934296,7164500
2024-12-26,432.9736633300781,435.7705018127553,431.5110338839644,433.9322924323696,8194200
2024-12-27,425.4825134277344,430.1175308072659,421.35152651661633,429.5048044431988,18117700
2024-12-30,419.849365234375,422.5374777077036,416.9537232035626,421.0649558192297,13158700
2024-12-31,416.5583801269531,421.727075036825,415.72823181420273,421.1044562623139,13246500
2025-01-02,413.672607421875,421.0748161119684,409.98635677531166,420.5411385593524,16896500
2025-01-03,418.3866882324219,419.0587087344669,414.6213587468145,416.1432822085411,16662900
2025-01-06,422.8339538574219,429.2281017096726,420.4917442238413,422.982189246928,20573600
2025-01-07,417.418212890625,425.6011386030249,415.8666120215368,423.9704889084133,18139100
2025-01-08,419.58251953125,421.9642686702226,416.5979364179098,418.4954097350683,15054600
2025-01-10,414.0382995605469,419.73074959963856,410.15435142162687,419.651700779007,20201100
2025-01-13,412.2989501953125,413.593589604229,407.45640284839305,410.3717995418403,17604800
2025-01-14,410.7967834472656,414.8190446806072,405.90480416806594,412.9116788431012,16935900
2025-01-15,421.3119812011719,423.1304056035061,413.3662329233126,414.2161660512409,19637800
2025-01-16,419.6022644042969,424.45470380326,419.4145196873236,423.6739873785901,15300000
2025-01-17,424.00006103515625,429.3861774256149,423.1501581318877,429.00073529986,26197500
2025-01-21,423.4763488769531,425.8482057091823,420.6103539480181,425.1564304696716,26085700
2025-01-22,440.9688720703125,442.0263047297872,430.8884423191116,432.4301508467356,27803800
2025-01-23,441.4728393554688,441.5123788470024,436.3239289556834,436.81806704057095,18389300
2025-01-24,438.85394287109375,441.4135747027248,436.225124464603,439.9410527624692,15549500
2025-01-27,429.4653015136719,430.09781275609777,418.53496919379126,419.0389997051121,35647800
2025-01-28,441.95709228515625,443.1232508667098,426.32255685114393,429.5048071593075,23491700
2025-01-29,437.1441650390625,441.6408395030523,435.236799356433,441.45306462654537,23581400
2025-01-30,410.1247253417969,417.90245411076046,408.3161931892364,413.8604081236296,54586300
2025-01-31,410.1938781738281,415.7578774765854,410.04564278987584,414.0679337799429,34161900
2025-02-03,406.10247802734375,410.5398286087579,403.8689641166184,406.77449861931177,25679100
2025-02-04,407.535400390625,409.06724640338354,404.9362294867339,407.8516559731058,20532100
2025-02-05,408.4446411132813,408.9782884965412,405.5885086845079,407.5156591589932,16316700
2025-02-06,410.9450073242188,413.2971094519946,409.1463374430024,409.1463374430024,16309800
2025-02-07,404.9461669921875,413.7418190108213,403.3155173181378,411.59727657785896,22886800
2025-02-10,407.38720703125,410.5892121947109,406.10246006462063,408.8597288843585,20817900
2025-02-11,406.6163635253906,407.65404147500567,404.5014379734868,404.8374784232517,18140600
2025-02-12,404.2445068359375,405.93445069964594,399.62924369400855,402.43594449354754,19121700
2025-02-13,405.7268676757813,406.1814662248677,401.59585076694265,402.2283619307085,23891700
2025-02-14,403.64166259765625,404.11604605641566,401.121570217529,403.00918147910807,22758500
2025-02-18,404.8374633789063,405.7862000541376,401.7342617389566,403.2166759889158,21423100
2025-02-19,409.90728759765625,410.61884763156144,402.8707662400353,403.098080611906,24114200
2025-02-20,412.0759582519531,415.2249706128277,408.520936591177,411.24414537664296,23508700
2025-02-21,404.2331237792969,413.97725680128366,403.9162642540701,413.27418223243296,27524800
2025-02-24,400.0641174316406,405.38179653354615,395.4297185716828,404.5301894031576,26443700
2025-02-25,394.0235595703125,398.00441513588805,392.8352683816966,397.1923965138258,29387400
2025-02-26,395.8357543945313,399.6680471786912,390.40913086553707,394.1325097993192,19619000
2025-02-27,388.7059020996094,401.7871994813194,388.3494237890168,397.36074580317216,21127400
2025-02-28,393.1224365234375,393.7562160246685,382.8039671137811,388.8346335226669,32845700
2025-03-03,384.7052001953125,394.9345790531096,382.3979130752632,394.9345790531096,23007700
2025-03-04,384.8240356445313,388.7553599770303,377.2881889484286,379.6648014174362,29342900
2025-03-05,397.1131591796875,397.7568509049982,385.0221202960428,385.54695570418704,23433100
2025-03-06,393.0234375,398.2321730411984,388.8544303529959,390.438848896208,23304600
2025-03-07,389.4783020019531,390.9537764879466,381.7840095954452,388.4979564275301,22034100
2025-03-10,376.4563903808594,382.6355890788174,373.5450301742595,382.08104715568106,32840100
2025-03-11,376.7435607910156,382.23947903620126,373.2380400086461,375.3076750122287,30380200
2025-03-12,379.53607177734375,381.4670864515663,375.2581813231993,379.21921226907705,24253600
2025-03-13,375.0798950195313,381.5661010325616,373.7727778338423,379.42714079198,20473000
2025-03-14,384.7745361328125,386.4282798172616,375.8127158813028,376.08007458561946,19952800
2025-03-17,384.9132385253906,388.884151955574,381.8137266185015,382.9327228246585,22474300
2025-03-18,379.78363037109375,383.5961286419255,377.38722360904,383.2990634136601,19486900
2025-03-19,384.0417785644531,385.8836435250732,380.2589866011294,381.7740797920575,19185500
2025-03-20,383.0713195800781,387.97310772514027,379.5460042678497,381.98202996781214,18470500
2025-03-21,387.4482727050781,387.9235771034519,379.07067004050685,379.4865916093534,39675900
2025-03-24,389.2505187988281,391.5479241245079,386.012386704804,391.5479241245079,21004500
2025-03-25,391.3102722167969,392.4985634335279,388.8148334634192,390.0823622267607,15775000
2025-03-26,386.17083740234375,391.45881045430576,384.7844825194778,391.1518329523951,16108400
2025-03-27,386.7748718261719,388.41870337339975,383.62585932715103,386.3292739557081,13766800
2025-03-28,375.1096496582031,385.339029849346,373.2578723723651,384.2992410074857,21632000
2025-03-31,371.7328796386719,373.3965054432232,363.6622546184452,368.9106389436448,35184700
2025-04-01,378.4666442871094,379.12021808448793,369.59394254927554,371.0000917512926,19689500
2025-04-02,378.4171142578125,381.3284442645314,372.95087209109226,374.2877261088344,16092600
2025-04-03,369.47503662109375,373.80248816308017,365.75168821202425,371.1386925275575,30198000
2025-04-04,356.3343505859375,370.9406526219325,355.97787229621173,360.5825648601157,49209900
2025-04-07,354.3736572265625,367.385659790646,341.43101018463227,347.4616768226877,50425000
2025-04-08,351.10577392578125,370.0097901278565,346.83776558065426,364.6723167446661,35868900
2025-04-09,386.6857299804688,389.39905670107095,349.66000929830324,350.0957251156184,50199700
2025-04-10,377.6347961425781,380.1599412978202,364.2167855996792,378.3378706780709,38024400
2025-04-11,384.6656188964844,386.2500070536301,375.1987576222842,376.9317086118959,23839200
2025-04-14,384.0318298339844,390.80518876293,380.4668961292061,389.3891275283392,19251200
2025-04-15,381.9721374511719,388.0721288920929,380.4174255118224,384.7250528209778,17199900
2025-04-16,367.98968505859375,377.892263018399,364.4148689208335,376.9614484928254,21967800
2025-04-17,364.197021484375,370.6733161182554,363.3157077351141,370.1088619054277,21120200
2025-04-21,355.6213684082031,360.9291658129438,352.20499720618693,359.2853342749941,20807300
2025-04-22,363.246337890625,364.1870645763753,356.3541225187108,359.8398489744652,19485000
2025-04-23,370.7426452636719,376.6841922722663,369.38596664501534,372.396358924379,20545500
2025-04-24,383.5268249511719,384.6656455709585,371.53481777720657,372.0398589139721,22232300
2025-04-25,388.0325317382813,388.33950924401097,380.8531625631297,383.2297752805051,18973200
2025-04-28,387.3492126464844,388.9138065441973,382.87325863987553,388.1414067328739,16579400
2025-04-29,390.201171875,391.2508426713115,386.5768248872523,387.48784509297593,14974000
2025-04-30,391.4092712402344,392.7956259870468,380.69467558939255,386.4975712511458,36461100
2025-05-01,421.255615234375,432.7326982337469,420.7604863894309,426.9099781819618,58938100
2025-05-02,431.0393981933594,435.1588741169636,425.8009261614823,427.533877248033,30757400
2025-05-05,431.9207458496094,435.2182909345157,427.9002714913439,428.652877068793,20136100
2025-05-06,429.0885925292969,433.46554517602334,426.9694566129341,427.9894209087166,15104200
2025-05-07,429.1282348632813,433.8517538131467,426.9100367836598,429.6134515274466,23295300
2025-05-08,433.9012451171875,439.3476626606329,431.4156885314204,433.6635627109641,23491300
2025-05-09,434.4557800292969,436.4461774951318,431.6335394854884,435.7133964534002,15324200
2025-05-12,444.8832092285156,444.9921230759706,435.4955548202822,441.5955462250109,22821900
2025-05-13,444.764404296875,446.2794975271711,441.021200788799,443.4176379697952,23618800
2025-05-14,448.5273742675781,449.4780133022065,443.77414887416586,443.77414887416586,19902800
2025-05-15,449.5392761230469,452.5750254060464,446.860659567107,447.1979616790238,21992300
2025-05-16,450.6702575683594,450.7595407562394,445.1741794982958,448.4678481067336,23849800
2025-05-19,455.23382568359375,455.9481214834615,447.2277665675242,447.3071495873714,21336500
2025-05-20,454.5393371582031,454.70797307292094,450.7198396549624,451.9797648957129,15441800
2025-05-21,448.9837341308594,454.1524403651085,448.22974686474834,450.967885651573,19216900
2025-05-22,451.2555541992188,456.6028569421555,450.3031699710194,451.3448676580097,18025600
2025-05-23,446.6126708984375,450.0948666019555,445.3527455471655,446.414273906322,16883500
2025-05-27,457.0393676757813,457.2973170522405,452.5055743512772,452.8627373552784,20974300
2025-05-28,453.7357482910156,458.8548627693229,453.3091629867606,457.56517641086623,17086300
2025-05-29,455.0452880859375,458.0612067791374,451.7019977235154,457.8925405838875,13974800
2025-05-30,456.7119445800781,458.021491741184,451.93016282180776,456.0770318895628,34770500
2025-06-02,458.3092346191406,458.4481094805028,453.2695031394806,453.5175220765372,16626500
2025-06-03,459.3013000488281,460.4620419695056,457.2080045237085,457.8131864599202,15743800
2025-06-04,460.1941833496094,461.9997685201863,459.3509128885598,460.3231580440434,14162700
2025-06-05,463.9739685058594,465.9283588981049,460.3528981592645,461.2755213187348,20131700
2025-06-06,466.6525573730469,469.5890928719542,465.06523024972654,466.3648469522318,15285600
2025-06-09,469.0038146972656,469.6784189466736,464.906536971708,465.9779957450024,16469900
2025-06-10,467.1883239746094,469.0534009468453,463.25968221899245,467.45617352695865,15375900
2025-06-11,468.8748474121094,471.7022694228479,465.9383115986028,466.29544434484353,16399200
2025-06-12,475.0752868652344,476.6130223697302,469.7676758011157,471.2557893550323,18950600
2025-06-13,471.1962890625,475.3828499324856,469.0137405811006,472.6348110082228,16814500
2025-06-16,475.3431396484375,476.88084478973553,471.2359319408476,471.4442593493389,15626100
2025-06-17,474.2518615722656,474.9462963755368,470.3232201221163,471.63276727216606,15414100
2025-06-18,476.4344787597656,477.1884660659064,470.70028177150056,474.21223862682587,17526500
2025-06-20,473.616943359375,479.62891980922967,473.0911444380428,478.4086860483398,37576200
2025-06-23,482.1488037109375,483.884936234588,468.7657118311512,474.4205253141637,24864000
2025-06-24,486.2261962890625,487.9524285572733,482.9424282150726,485.0754151445847,22305600
2025-06-25,488.3691101074219,490.6409720128423,485.5119574284625,488.1409520653471,17495100
2025-06-26,493.5080871582031,494.0934082095605,488.9048412091741,489.0735074056833,21578900
2025-06-27,492.010009765625,495.3433694815111,489.1230659353951,493.6072370605504,34539200
2025-06-30,493.4683837890625,496.7918434810962,491.404849352638,493.1013206195562,28369000
2025-07-01,488.1508483886719,494.10330273882704,487.0893503724631,492.53583641461546,19945400
2025-07-02,487.1984558105469,489.589361899926,484.8274106118064,486.10716647659297,16319600
2025-07-03,494.8870544433594,496.1668406146565,489.5298515465148,489.8969147231798,13984800
2025-07-07,493.7759704589844,494.7978073262421,491.30571139485903,493.4386683186591,13981600
2025-07-08,492.6846618652344,494.2521585292929,490.1945420053533,493.2997439957828,11846600
2025-07-09,499.5200805664063,502.76415743455226,495.7799355375845,496.3354955466416,18659500
2025-07-10,497.5061340332031,500.4426696344743,493.8056807647675,499.06366987607214,16492100
2025-07-11,499.3315734863281,501.0280145407016,493.85529597280816,494.5200000462786,16459500
2025-07-14,499.033935546875,499.9764196247383,497.0597144820079,497.5458219138798,12058800
2025-07-15,501.8117370605469,504.27206541624594,498.805748905247,499.033906939414,14927200
2025-07-16,501.6133117675781,502.7046010952898,497.9128887743687,501.17679603649344,15154400
2025-07-17,507.6451416015625,509.3018910459136,501.6133044647972,501.6728265840105,17503100
2025-07-18,506.0082092285156,510.5618634291492,503.4089756844231,510.4030974050004,21209700
2025-07-21,506.0181579589844,508.03210080948105,501.54388660874696,502.69469811942383,14066800
2025-07-22,501.2660827636719,507.1491147296819,501.2660827636719,506.9209264172623,13868600
2025-07-23,501.861328125,502.7740510878013,496.7323137246232,502.7343595827018,16396600
2025-07-24,506.8316650390625,509.5995345886751,503.28001689239056,504.7383694588984,16107000
2025-07-25,509.6392517089844,514.1829150146133,506.3157616392057,508.409026924469,19125700
2025-07-28,508.4388122558594,510.91900158393673,506.07766717141,510.0063088656235,14308000
2025-07-29,508.50823974609375,513.5182098314434,507.5062336187249,511.4448055642593,16469200
2025-07-30,509.1729736328125,511.8615208479224,505.40309770511885,511.0876726596135,26380400
2025-07-31,529.2723999023438,551.0484742016899,527.6851029610986,550.8301860551579,51617300
2025-08-01,519.956787109375,531.5541546097426,516.7325410439772,530.7605061500977,28977600
2025-08-04,531.3955078125,533.9848111754816,523.9450087012631,524.0839138486996,25349000
2025-08-05,523.5679321289062,533.0422426180032,523.0619638515897,532.9231983823397,19171600
2025-08-06,520.7802124023438,527.4866537198485,519.8774501718309,526.6930052823053,21355700
2025-08-07,516.7127075195312,523.9052559727172,513.4487398823029,522.6254396329194,16079100
2025-08-08,517.9031982421875,520.502431840537,515.2940341981842,518.4587582353118,15531000
2025-08-11,517.6353759765625,523.4092640243366,515.6015722772428,518.1611446296885,20194400
2025-08-12,525.0462036132812,526.7724058726347,518.5580494708657,519.5997169841131,18667000
2025-08-13,516.454833984375,528.4787877679453,515.2544004746543,527.8934364066101,19619200
2025-08-14,518.3397216796875,521.7822560401938,516.0182983192124,518.4191046945965,20269100
2025-08-15,516.0480346679688,521.9310366989816,514.9667059909838,518.6274679925785,25213300
2025-08-18,513.0023803710938,518.6770855269226,509.94683045407294,517.4568516493948,23760600
2025-08-19,505.73040771484375,511.0776798784135,504.5200741760794,510.9189744125155,21481000
2025-08-20,501.7125244140625,506.9506829011106,500.4426687285887,505.8296325155463,27723000
2025-08-21,501.0666198730469,504.43529989468334,499.5561967172581,500.5200933584279,18443300
2025-08-22,504.037841796875,507.5158151187978,499.2481684011306,501.0765850227361,24324200
2025-08-25,501.0865173339844,504.9917771303553,500.9473838488724,503.44159720621536,21638600
2025-08-26,498.8804626464844,501.8019624337255,495.37267961289456,501.185838877316,30835700
2025-08-27,503.5509033203125,504.09746017877256,496.75395340313815,498.8407434548062,17277900
2025-08-28,506.4326477050781,507.8735040841052,502.3186878124423,503.8986776721373,18015600
2025-08-29,503.501220703125,506.39291066950057,501.3150539612025,505.4588240002719,20961600
2025-09-02,501.9410705566406,502.81553721257154,493.6833711758906,497.32034095368414,18128000
2025-09-03,502.1696166992188,504.5942631342584,499.158687032213,500.619436889999,16345100
2025-09-04,504.7731628417969,504.95202275876863,499.983489561643,501.1262461318779,15509500
2025-09-05,491.8847961425781,508.7479993566889,489.27134277765646,505.8662561110588,31994800
2025-09-08,495.0646667480469,498.04578670760833,491.9146033142146,494.975206462802,16771000
2025-09-09,495.2733154296875,499.0891451753406,494.5677922273047,498.2742984765216,14410500
2025-09-10,497.2209777832031,500.06299449245154,493.5939546766565,499.8145678368591,21611800
2025-09-11,497.8569641113281,500.0033740526988,494.7466575341409,499.0891506177463,18881600
2025-09-12,506.6910095214844,509.3243260516039,500.67909648146514,503.4614629424367,23624900
2025-09-15,512.1166381835938,512.2259313574772,503.80926524972944,505.5880086221314,17143800
2025-09-16,505.83642578125,513.9748550906477,505.3991924428879,513.6270820344445,19711900
2025-09-17,506.8102416992188,508.07226852063866,502.74598524416496,507.4064717390096,15816600
2025-09-18,505.2501220703125,509.8410416118245,504.4650853819943,508.270968235188,18913700
2025-09-19,514.6704711914062,516.0318444319288,507.09843147001845,507.34685812925306,52474100
2025-09-22,511.21240234375,514.48167541423,509.3143886623668,512.3452424901319,20009300
2025-09-23,506.0252380371094,511.35152134239047,504.1173079645634,510.56645428814153,19799600
2025-09-24,506.9394226074219,509.2547456727144,503.72976965544393,507.1679860456216,13533700
2025-09-25,503.8390808105469,506.8003375404676,501.8616142840625,505.10107733704126,15786500
2025-09-26,508.2411804199219,510.70558375978015,503.4316440082871,506.849997214163,16213100
2025-09-29,511.3614196777344,513.5972596483151,505.677446731691,508.2809533120173,17617800
2025-09-30,514.6903686523438,514.8990082310244,506.45253207823936,510.0099885223437,19728200
2025-10-01,516.4392700195312,517.2342231556227,508.4697238165545,511.56013673304216,22632300
2025-10-02,512.4942626953125,518.3173691617891,507.4661094259624,514.3823296081488,21222900
2025-10-03,514.0940551757812,517.2143082734997,511.7588690628015,513.8456285403139,15112300
2025-10-06,525.2435302734375,527.6880704621805,514.9387971845453,515.3461902238155,21388600
2025-10-07,520.682373046875,526.4657528279373,518.1583800775612,524.9652461341774,14615200
2025-10-08,521.5469360351562,523.6337564909833,519.798063194055,519.9868698926625,13363400
2025-10-09,519.1123657226562,521.0302122328587,514.1438325922749,519.0527457511332,18343600
2025-10-10,507.7443237304688,520.2849266906686,506.4227072751714,516.3697201998212,24133800
2025-10-13,510.8149108886719,513.1600441163425,508.45983088995337,513.1600441163425,14284200
2025-10-14,510.337890625,512.0371506947121,502.815524609146,507.0189143190136,14684300
2025-10-15,510.1988220214844,513.9351689053381,506.79041532984223,511.7192223799748,14694700
2025-10-16,508.3902282714844,513.597241245564,504.93214864922606,509.3541552294708,15559600
2025-10-17,510.3478698730469,512.235876086287,504.1173098719632,505.8364332653001,19867800
2025-10-20,513.5376586914062,515.4356724346321,510.1988187679518,511.3713853844849,14665600
2025-10-21,514.4021606445312,515.4257076122852,509.81124074780416,514.2431942660954,15586200
2025-10-22,517.2639770507812,521.9244631183706,514.4518312300626,517.870184130928,18962700
2025-10-23,517.283935546875,520.6526156742948,515.3461954332505,519.1720024577996,14023500
2025-10-24,520.3147583007812,522.0437982801024,517.4330452189278,519.4999115166443,15532400
2025-10-27,528.1749877929688,531.2157277722118,525.6807743511338,528.4333612309177,18734700
2025-10-28,538.6585083007812,550.2351530342114,537.3667019364588,546.5385938392855,29986700
2025-10-29,538.1417846679688,542.8321112501552,533.3521116884923,541.5104645203966,36023000
2025-10-30,522.4512329101562,531.6032326010347,518.834126044735,527.1414993194383,41023100
2025-10-31,514.5512084960938,525.9887810857076,511.8582417946861,525.5515477587454,34006400
2025-11-03,513.776123046875,521.6562086548496,511.3514766558802,516.5385956979154,22374700
2025-11-04,511.0931091308594,512.3054020147877,504.6439329711485,508.53927600780713,20958700
2025-11-05,503.96826171875,511.5900049686576,503.39189488693165,510.06960470137113,23024300
2025-11-06,493.9715576171875,502.5174404542645,492.6896676102462,502.4776836990636,27406500
2025-11-07,493.6933288574219,496.2372153715257,490.1457889557352,493.8225155697467,24019800
2025-11-10,502.8155822753906,503.6602390221828,495.6608820179433,496.8930989278779,26101500
2025-11-11,505.4786682128906,506.3928916321033,499.1885187507047,501.6230817360039,17980000
2025-11-12,507.9231872558594,508.4498505213197,495.9788149582036,506.1543604609167,26574900
2025-11-13,500.1226196289063,510.2683558569415,498.13520636364063,507.09842927280135,25273100
2025-11-14,506.96923828125,508.3803150309122,494.30942559248354,495.0944623167857,28505700
2025-11-17,504.2961730957031,508.8970396915909,501.73242330739504,505.2501533046029,19092800
2025-11-18,490.6824035644531,499.8145698875434,483.7165104088928,492.2524466910109,33815100
2025-11-19,484.0543823242188,492.0736023312663,479.79137227085766,487.0156390818261,23245300
2025-11-20,476.3088684082031,491.3817596467919,473.39186588492817,490.5255566668064,26802500
2025-11-21,470.0268249511719,476.796695003642,466.19388806310616,476.3785437287191,31769200
2025-11-24,471.8985290527344,474.7856658755464,465.9450303435204,472.8940955697233,34421000
2025-11-25,474.8752136230469,477.0256407210385,462.8288843313517,471.9681767111092,28019800
2025-11-26,483.3475036621094,486.1450429108074,479.0665801492176,484.1539100429923,25709100
2025-11-28,489.8286743164063,490.4459206738112,484.4924221764412,485.4382224868377,14386700
2025-12-01,484.5820007324219,487.68816317334665,482.5012705124726,486.2744758383938,23964000
2025-12-02,487.82757568359375,491.312058367048,484.1638983253085,484.56211884124775,19562700
2025-12-03,475.6119689941406,482.0930858950488,473.0931871020635,474.2082166599713,34615100
2025-12-04,478.7081604003906,479.186043226252,474.3774403367437,477.6329620200481,22318200
2025-12-05,481.0178833007813,481.2568095233099,476.7568601661199,480.3807061976695,22608700
2025-12-08,488.8430480957031,490.1173719905148,482.2325023858298,482.74025101921535,21965900
2025-12-09,489.8385925292969,489.93815525049575,486.3342095719457,486.931555516862,14696100
2025-12-10,476.4382629394531,482.10303829287767,472.973680864489,481.88401246545567,35756200
2025-12-11,481.3265075683594,483.8751552220924,473.750231167373,474.5168367702029,24669200
2025-12-12,476.4084167480469,480.31105063829824,474.2281237707076,477.6927059881058,21248100
2025-12-15,472.7148742675781,478.588710310573,470.4250531780871,477.97146396596463,23727700
2025-12-16,474.2779235839844,475.7712732838117,468.79234263095657,469.8177748762136,20705600
2025-12-17,474.0090942382813,477.8718969329872,472.8940646732686,474.7956002423544,24527200
2025-12-18,481.8342590332031,487.4293375934554,475.7712630284666,476.0699208090834,28573500
2025-12-19,483.7656555175781,485.6870914455969,480.3508395546156,485.1992432324443,70836100
2025-12-22,482.7701110839844,486.5632169440421,480.5499868948874,483.9647726311972,16963000
2025-12-23,484.6915588378906,485.66719456773416,482.5908977144131,482.829854335465,14683600
2025-12-24,485.8563232421875,486.9912835675863,482.680463867149,483.5267014178325,5855900
2025-12-26,485.5477294921875,485.9559154032999,483.8054881161676,484.5521629916047,8842200
2025-12-29,484.9404296875,486.1848877649252,482.0333622504328,482.7103401528056,10893400
2025-12-30,485.3187561035156,487.5089841188462,483.3475235456682,483.7756098381124,13944500
2025-12-31,481.4758605957031,485.9758405710775,481.1572720274455,485.6771523949816,15601600
2026-01-02,470.84320068359375,482.5112407273309,468.07552715971417,482.24244872265706,25571600
2026-01-05,470.7536010742188,473.95932625248497,467.41844739653146,471.9582279694173,25250300
2026-01-06,476.3885192871094,476.617480129593,467.6673473241013,471.69937935780575,23037700
2026-01-07,481.3265075683594,487.5288974221053,475.8309917616744,477.63296458601815,25564200
2026-01-08,475.9902648925781,480.5201105081445,473.7502403609407,479.1063927688648,18162600
2026-01-09,477.1550903320313,477.6927047258898,470.106493184136,471.9582322108041,18491000
2026-01-12,475.06439208984375,478.8574978399144,473.57104241242143,474.5566738594685,23519900
2026-01-13,468.5832824707031,473.6706125344443,463.88420753037366,472.57548334410274,28545800
2026-01-14,457.3433532714844,466.12425727832346,455.1431597671445,464.3919508718589,28184300
2026-01-15,454.6354064941406,462.191752665677,453.8787662235596,462.06232415810086,23225800
2026-01-16,457.8211975097656,461.13645097900303,454.4562082505655,455.8001987238622,34246700
2026-01-20,452.5048522949219,454.77474258752966,447.28809381488645,449.2194951600843,26130000
2026-01-21,442.1409912109375,450.6829681667298,436.7350728053031,450.5933708341933,37980500
2026-01-22,449.1398620605469,450.8323067932568,442.7284117030413,445.6354487179439,25349400
2026-01-23,463.8841857910156,469.0113467802032,448.5325382185013,449.8665935761158,38000200
2026-01-26,468.1949768066406,472.1473767264207,459.9516880286902,463.2470104625561,29291200
2026-01-27,478.4493408203125,480.7291966391232,471.06225431764057,471.59986874099184,29213900
2026-01-28,479.4946594238281,481.5952899852128,475.8807484603396,481.0676409982362,36875400
2026-01-29,431.57806396484375,440.5381621786467,419.1533835040837,438.0392806211351,128855300
2026-01-30,428.3822937011719,437.65101486434605,424.5593222020372,437.2229285851671,58566800
2026-02-02,421.4929809570313,428.8303011436502,420.3779513468908,428.332517897532,42219900
2026-02-03,409.3868713378906,420.178808008447,406.7486263222299,420.1390072256922,61424100
2026-02-04,412.3536987304688,417.938812315792,407.4256323109538,409.17783910585314,45012400
2026-02-05,391.9246520996094,406.4897635323938,390.5806313349955,405.6335909812077,66289200
2026-02-06,399.3615417480469,400.0086538663787,391.1779842848308,397.4002746193236,53515300
2026-02-09,411.7662963867188,413.0505856348112,399.0927243377603,403.0550898097971,45480500
2026-02-10,411.437744140625,421.801594739736,410.8702943432265,417.75959730190846,44857900
2026-02-11,402.5771789550781,414.61357304478975,399.2320904458023,414.33481566901673,42491000
2026-02-12,400.0584106445313,404.3990960787573,396.24540458526855,403.20440420967,40802400
2026-02-13,399.5407409667969,403.7420326637702,396.2852191820681,402.65686886295305,34091600
2026-02-17,395.1004943847656,398.7442713079252,392.7808378797226,397.4500470508712,32078800
2026-02-18,397.8283386230469,400.77520665339193,394.5628820536712,396.3648548030424,23223400
2026-02-19,397.5988464355469,403.5559453902056,395.8127368785549,399.82403795970674,28234000
2026-02-20,396.37152099609375,399.2552593187824,394.3059873534157,395.2539159508346,34015200
2026-02-23,383.6390686035156,394.50551684604494,382.27203437696886,394.14630950985264,43238300
2026-02-24,388.1593017578125,388.5185091169527,380.8850482189813,383.3098196996745,33884700
2026-02-25,399.7342224121094,400.6023372807383,389.31678308531696,389.68597856263057,43625500
2026-02-26,400.851806640625,406.6093255926281,397.8782360341113,403.8353349281015,34405900
2026-02-27,391.8912048339844,395.9624042352165,389.0374004516944,390.03523926255787,51367200
2026-03-02,397.6886291503906,400.3229381169724,389.78576315389057,392.0109241194205,35474900
2026-03-03,403.0570068359375,405.82103971635513,391.8213629990231,392.2903484387299,38199200
2026-03-04,404.32427978515625,410.14166638677375,399.4448336072076,400.4027502952161,35808000
2026-03-05,409.79241943359375,410.7204021828405,403.525993165685,403.54596943015656,39001300
2026-03-06,408.0761413574219,412.1572983375802,407.6271321747383,408.3156433731429,31123900
2026-03-09,408.5251770019531,409.3234358422322,402.62794618065146,404.044890641513,30131900
2026-03-10,404.8830871582031,409.3134939311744,402.05918625996463,409.1438479339772,31706400
2026-03-11,404.0049743652344,408.1260534422115,400.7220762180728,404.6934855668013,25512100
2026-03-12,400.9914855957031,405.2422886286942,400.8418158660113,403.7555185610488,27263900
2026-03-13,394.6951293945313,403.9251383935716,393.3979511212616,400.1333630935344,26848000
2026-03-16,399.0856323242188,399.7641553863696,393.9367805641587,397.209690545171,27733700
2026-03-17,398.5467834472656,403.5259891234105,396.8903674487218,399.4049101655112,26228300
2026-03-18,390.9432678222656,397.13983817793417,390.1549666521916,396.271723303423,25908500
2026-03-19,388.1792297363281,391.6417315076428,386.2234742615233,389.2569126674818,25138800
2026-03-20,381.0447082519531,386.1636263101853,379.2984903035221,385.95408868282834,50853200
2026-03-23,382.1722717285156,386.3731646745857,380.85511716508233,383.07032058481127,29680100
2026-03-24,371.9344177246094,381.6434000325674,371.04635704379217,381.53362193174286,42733600
2026-03-25,370.2381286621094,376.2451074667104,368.831172255135,376.10542586510894,31181200
2026-03-26,365.1790771484375,373.9101668945663,364.4007640805619,370.01860155518807,36836600
2026-03-27,355.9989318847656,361.6666793192034,355.73951450811694,361.1178497172151,37883400
2026-03-30,358.1842041015625,364.5703662773937,355.51000344849933,361.1178525849577,44797000
2026-03-31,369.3699951171875,372.0940755014272,362.28533367877645,363.7621155862403,45244400
2026-04-01,368.57171630859375,373.1817267376728,367.4042619540212,372.682807332766,29417200
2026-04-02,372.6528625488281,372.83249667260446,363.3629859357669,366.4163701688664,24099100
2026-04-06,372.0741271972656,372.9222962461191,368.7014272663852,372.682794233078,16146600
2026-04-07,371.48541259765625,371.645070458656,365.7677853538718,369.5396147715723,21443300
2026-04-08,373.52099609375,384.167949815935,370.6073237610428,384.148004001906,33064800
2026-04-09,372.26373291015625,372.6927962909368,366.2567237727329,371.6949574789129,30435300
2026-04-10,370.0684814453125,374.8281921461914,369.23030048358606,372.17393720824543,28111100
2026-04-13,383.539306640625,383.70895264062807,370.2181521550117,372.8025510733858,35745800
2026-04-14,392.2604064941406,393.8370088930228,385.684652281273,387.0816509997633,37504500
2026-04-15,410.3312683105469,413.47445440771634,395.8725939925935,397.1398382929036,45063400
2026-04-16,419.3517456054688,419.9105328997013,411.2492993874727,418.9525857224824,41642400
2026-04-17,421.8762817382813,430.64726300981,419.78081413338697,423.9018933176335,48568200
2026-04-20,417.1664733886719,422.4150847565369,415.4002792280178,420.2398034863272,27582200
2026-04-21,423.2433166503906,426.2567789178336,416.2983670043314,419.33177508554746,32048500
2026-04-22,431.984375,432.7626880248645,422.7543663498755,425.2689090952171,29378200
2026-04-23,414.8514709472656,422.7443793162959,410.5208543154444,418.9825380949446,38308000
2026-04-24,423.7023010253906,424.0316048781353,414.9013556123021,416.0688403922519,27457400
2026-04-27,423.9018859863281,426.1869149113369,416.1686352924954,421.46715688014,30867300
2026-04-28,428.3222961425781,428.99086152362304,420.9881750222059,423.6524179624475,30438100
2026-04-29,423.5426330566406,425.8975483734993,419.38166246548025,423.6623688360089,38288300
2026-04-30,406.8987121582031,413.5243765293071,397.1498378648014,409.92216255995794,70909400
2026-05-01,413.5443115234375,416.2085240460113,409.5529563541748,411.9078412872606,31372400
2026-05-04,412.72607421875,419.87060358807366,409.9121615309381,410.6505829404435,28066500
2026-05-05,410.4909362792969,415.8792597859335,407.916495085617,414.42242364358015,25700900
2026-05-06,413.0653381347656,417.51572107575487,404.23445872829495,407.1182274562224,30285900
2026-05-07,419.8606262207031,427.05506598481406,417.8549909144547,419.2020489501835,34942400
2026-05-08,414.2228393554688,417.7252633012779,413.105264767488,416.48795292910256,33383800
2026-05-11,411.7681579589844,411.79809190456297,404.6236285818644,406.9885016374445,35657900
2026-05-12,406.8887023925781,414.6020070114768,405.7611701670722,413.5842224333829,38594200
2026-05-13,404.3342590332031,405.4318878236479,400.1633000811369,402.3286237155428,29667100
2026-05-14,408.5451354980469,410.94993067744383,400.013625877668,403.6058516736889,27077500
2026-05-15,421.0081481933594,427.24464052002446,412.01761111071977,413.3746572242232,50771200
2026-05-18,422.6246643066406,424.2012362508279,414.7117792841577,415.7196062415453,32564100
2026-05-19,416.5178833007813,431.7648588737268,415.58987007798993,428.9708919761278,33018700
2026-05-20,420.1499938964844,421.18775475321456,410.4110776678385,413.2749005432513,27864000
2026-05-21,419.0899963378906,426.3399963378906,415.7099914550781,424.75,31393500
2026-05-22,418.5700073242188,424.3999938964844,416.3299865722656,419.5400085449219,22390300
2026-05-26,416.0299987792969,419.7699890136719,413.0199890136719,416.4299926757813,30398000
2026-05-27,412.6700134277344,415.9400024414063,409.5799865722656,411.010009765625,28901500
2026-05-28,426.989990234375,429.489990234375,412.6700134277344,412.9800109863281,47250500
2026-05-29,450.239990234375,450.3299865722656,432.3599853515625,432.5499877929688,79654400
2026-06-01,460.5199890136719,466.3200073242188,458.2699890136719,464.8399963378906,53628900
2026-06-02,441.30999755859375,453.5,440.4299926757813,446.8800048828125,37036800
2026-06-03,427.3399963378906,440.3900146484375,424.25,438.4500122070313,39037000
2026-06-04,428.0499877929688,436.1499938964844,426.4100036621094,435.80999755859375,26899500
2026-06-05,416.6700134277344,429.4700012207031,414.3999938964844,428.3399963378906,34782200
2026-06-08,411.739990234375,417.1600036621094,408.55999755859375,414.1400146484375,32086700
2026-06-09,403.4100036621094,411.9800109863281,398.4800109863281,409.0299987792969,35317300
2026-06-10,397.3599853515625,405.0400085449219,397.1600036621094,398.5499877929688,32576000
2026-06-11,390.3399963378906,396.8500061035156,384.0,395.2099914550781,47224100
2026-06-12,390.739990234375,391.739990234375,382.2699890136719,391.4299926757813,34865800
2026-06-15,399.760009765625,401.75,392.8500061035156,396.7999877929688,32266400
2026-06-16,393.8299865722656,396.8399963378906,390.6900024414063,395.7900085449219,31506800
2026-06-17,378.9100036621094,390.3699951171875,377.3200073242188,390.25,41987800
2026-06-18,379.3999938964844,381.3699951171875,373.2799987792969,377.8200073242188,59714200
2026-06-22,367.3399963378906,381.6300048828125,367.0700073242188,375.739990234375,45171100
2026-06-23,373.9400024414063,377.2200012207031,370.6700134277344,372.3800048828125,40647600
2026-06-24,365.4599914550781,378.8800048828125,364.7799987792969,371.5700073242188,44509900
2026-06-25,352.8299865722656,364.2300109863281,349.20001220703125,362.7699890136719,66179000
2026-06-26,372.9700012207031,376.6099853515625,355.42999267578125,357.1499938964844,186201600
2026-06-29,368.5700073242188,380.5,359.8999938964844,377.5,51229900
2026-06-30,373.0199890136719,374.1499938964844,367.4500122070313,371.0299987792969,44945700
2026-07-01,384.2799987792969,388.8299865722656,374.8900146484375,380.8299865722656,48065800
2026-07-02,390.489990234375,392.2000122070313,383.7000122070313,384.4800109863281,42128900
2026-07-06,386.739990234375,389.1499938964844,381.2200012207031,387.0400085449219,34224500
2026-07-07,388.8399963378906,395.5700073242188,388.2200012207031,392.489990234375,29297500
2026-07-08,383.3399963378906,385.30999755859375,381.3299865722656,384.0299987792969,25908300
2026-07-09,384.3599853515625,384.6499938964844,373.3500061035156,374.4500122070313,31083200
2026-07-10,385.1000061035156,391.9100036621094,381.5,387.7999877929688,24644600
2026-07-13,390.989990234375,393.6499938964844,384.1499938964844,387.75,28914900
2026-07-14,384.9299926757813,388.1900024414063,378.6499938964844,382.8200073242188,27863900
2026-07-15,395.6300048828125,398.9599914550781,386.3999938964844,387.7999877929688,36253700
2026-07-16,401.1000061035156,405.989990234375,392.0499877929688,398.30999755859375,37047400
2026-07-17,393.8200073242188,398.3900146484375,389.3900146484375,394.8599853515625,33049800
2026-07-20,402.2900085449219,403.1799926757813,389.6499938964844,391.4100036621094,27915800
2026-07-21,397.75,401.4700012207031,396.3200073242188,398.80999755859375,24126600
2026-07-22,390.3399963378906,401.0,386.9599914550781,399.5799865722656,28142500
2026-07-23,381.5799865722656,391.7799987792969,377.3900146484375,389.9700012207031,30351800
2026-07-24,381.7000122070313,389.0299987792969,380.6499938964844,387.0499877929688,27659400
2026-07-27,389.1000061035156,394.2000122070313,387.989990234375,390.0799865722656,27856200
2026-07-28,393.3500061035156,400.3200073242188,391.2999877929688,393.1600036621094,32367500
2026-07-29,390.5400085449219,401.25,388.739990234375,393.3999938964844,47209000
2026-07-30,451.1000061035156,458.6900024414063,432.4400024414063,437.8999938964844,110160700
2026-07-31,464.7200012207031,466.8399963378906,449.3299865722656,450.0,60748000
