Date,Close,High,Low,Open,Volume,SMA_20,SMA_50,EMA_20,RSI,MACD,MACD_SIGNAL,BB_UPPER,BB_LOWER,ATR,Daily_Return,Log_Return,Volatility
2021-08-02,166.57400512695312,167.9459991455078,165.85000610351562,167.65499877929688,67078000,,,,,,,,,0.0,,,
2021-08-03,168.31199645996094,169.5500030517578,164.98849487304688,167.03599548339844,83146000,,,,,,,,,0.0,0.01043374884144277,0.010379692962522098,
2021-08-04,167.73599243164062,169.44400024414062,167.2779998779297,168.96749877929688,43678000,,,,,,,,,0.0,-0.0034222398904129037,-0.003428109147843768,
2021-08-05,168.79949951171875,169.4499969482422,167.04600524902344,167.81100463867188,48670000,,,,,,,,,0.0,0.006340362999381677,0.006320347457217287,
2021-08-06,167.2469940185547,168.75,166.45199584960938,168.75,52752000,,,,,,,,,0.0,-0.009197334693852421,-0.009239891315900388,
2021-08-09,167.093505859375,167.74400329589844,166.42599487304688,167.1804962158203,42964000,,,,,,,,,0.0,-0.0009177334401756498,-0.0009181548153357011,
2021-08-10,166.03399658203125,167.89999389648438,165.75,167.25050354003906,48252000,,,,,,,,,0.0,-0.006340816609805455,-0.006361004973165342,
2021-08-11,164.60549926757812,166.88499450683594,163.88949584960938,166.57249450683594,58944000,,,,,,,,,0.0,-0.008603643493863333,-0.008640868502137664,
2021-08-12,165.1750030517578,165.72549438476562,163.48350524902344,164.5,46282000,,,,,,,,,0.0,0.003459810192938395,0.0034538388189029033,
2021-08-13,164.69850158691406,165.30349731445312,164.14999389648438,165.2834930419922,41134000,,,,,,,,,0.0,-0.0028848279463596915,-0.0028889970825907705,
2021-08-16,164.94949340820312,165.0,160.55650329589844,164.14999389648438,66394000,,,,,,,,,0.0,0.0015239472057770875,0.0015227871766333222,
2021-08-17,162.09800720214844,164.02450561523438,161.28399658203125,163.875,67758000,,,,,,,,,0.0,-0.01728702615047184,-0.017438191452478862,
2021-08-18,160.06100463867188,162.7050018310547,160.0,162.09950256347656,56086000,,,,,,,,,0.0,-0.012566487390164305,-0.012646113476257194,
2021-08-19,159.3874969482422,161.64999389648438,159.1230010986328,159.7010040283203,75658000,,,,18.37965667985435,,,,,2.626784188406808,-0.0042078187123096855,-0.004216696494284563,
2021-08-20,159.99749755859375,160.3905029296875,158.78799438476562,160.19349670410156,67168000,,,,23.470118816072997,,,,,2.5536216424435985,0.003827154714335368,0.0038198497898503034,
2021-08-23,163.2935028076172,164.0449981689453,160.50050354003906,160.59500122070312,65362000,,,,43.84825154392525,,,,,2.6603272830084532,0.02060035500127988,0.02039103748353467,
2021-08-24,165.28900146484375,165.77450561523438,163.72900390625,164.0,51036000,,,,52.15478936752456,,,,,2.647518391909077,0.012220318769066596,0.012146253464241655,
2021-08-25,164.95899963378906,166.0500030517578,164.3074951171875,165.49349975585938,33606000,,,,50.81601628515222,,,,,2.5828747878134513,-0.0019965141547840792,-0.0019985098458953207,
2021-08-26,165.8000030517578,166.60000610351562,164.8000030517578,164.9499969482422,41976000,,,,54.05296878198147,,,,,2.526955378095191,0.005098257262930783,0.005085305152845157,
2021-08-27,167.48150634765625,167.61599731445312,165.6875,166.6614990234375,48048000,164.97957534790038,,164.78688841382862,59.755915587931604,,,170.36987404403666,159.5892766517641,2.4842083735493294,0.01014175672465778,0.010090674197310714,
2021-08-30,171.07850646972656,172.25,167.76100158691406,167.8715057373047,63844000,165.20480041503907,,165.38609013343793,68.70444926511098,,,171.18672030850038,159.22288052157776,2.647371607748931,0.021476998866989616,0.021249618004886027,0.010263908828414088
2021-08-31,173.5395050048828,173.62899780273438,169.7794952392578,171.24000549316406,87128000,165.46617584228517,,166.1626058354803,73.109965195253,,,172.35621385550343,158.5761378290669,2.733238104586619,0.01438520002272603,0.014282714711431693,0.010482953569808816
2021-09-01,173.9499969482422,176.35000610351562,173.76199340820312,174.82000732421875,72598000,165.77687606811523,,166.90426213193382,73.77315552379785,,,173.55190764001145,158.001844496219,2.7387568898756327,0.0023654092095504176,0.0023626160329893353,0.01041720449220318
2021-09-02,173.156005859375,175.59800720214844,172.75,174.73800659179688,58474000,165.99470138549805,,167.49966629645203,70.1683348566541,,,174.32082805203984,157.66857471895625,2.746560483609404,-0.004564478889317991,-0.004574927931495782,0.010456320635059753
2021-09-03,173.90249633789062,174.1334991455078,171.82200622558594,172.60000610351562,51514000,166.32747650146484,,168.1094596337319,71.57465555237403,,,175.33161027380115,157.32334272912854,2.7154842290602947,0.004311086264728647,0.004301820154126882,0.010173204114165025
2021-09-07,175.46449279785156,176.4044952392578,173.8470001220703,173.89999389648438,54758000,166.74602584838868,,168.80993898269568,74.30430966101827,2.2316011925379087,,176.59251476228772,156.89953693448965,2.7041992924979525,0.008982024369138308,0.008941925919554996,0.010264097508634662
2021-09-08,176.27499389648438,177.281494140625,174.7834930419922,175.58250427246094,61068000,167.25807571411133,,169.52089659353268,75.61294740815174,2.5326001569224275,,177.9334404829933,156.58271094522937,2.6894708500790143,0.004619174430729789,0.004608538783881409,0.010057916584548078
2021-09-09,174.20799255371094,177.49949645996094,174.01849365234375,176.30099487304688,54384000,167.73820037841796,,169.96728668497823,66.33459114440109,2.574675020114455,,178.75157273342865,156.72482802340727,2.746008847046027,-0.011726004336084506,-0.011795296134862758,0.010270234120249742
2021-09-10,173.45750427246094,175.42250061035156,173.14549255371094,175.0915069580078,47946000,168.15232543945314,,170.29968835997659,63.29755706191423,2.5184306196083526,,179.37001074725205,156.93464013165422,2.712508790588498,-0.004308001431212238,-0.004317307606338972,0.010393644911235725
2021-09-13,172.85850524902344,174.8979949951172,171.89999389648438,174.13999938964844,51380000,168.5603256225586,,170.54338520655247,60.90093022668966,2.39788103193348,,179.83926408795855,157.28138715715863,2.7329010983059487,-0.0034532897607970625,-0.0034592661286029646,0.010409911683831548
2021-09-14,172.5,174.3404998779297,171.885498046875,173.77749633789062,38738000,168.93785095214844,,170.7297294725951,59.450088419904404,2.24750836039226,,180.21352992914842,157.66217197514845,2.713051150645144,-0.002073980962099431,-0.0020761346389200496,0.010458136068175961
2021-09-15,173.7895050048828,174.27099609375,170.10049438476562,172.12600708007812,59150000,169.52242584228514,,171.0211366661463,62.87590572502385,2.206948878971474,,180.52810810592723,158.51674357864306,2.8171547619550887,0.007475391332653958,0.007447589064120205,0.009433813117287226
2021-09-16,174.41200256347656,174.62750244140625,172.3070068359375,172.9980010986328,51672000,170.2399757385254,,171.34407627541586,64.43783644284312,2.1996790178148444,,180.53285796547794,159.94709351157286,2.7816791079203504,0.0035819053548502566,0.003575505609499879,0.008641382832228844
2021-09-17,173.12600708007812,174.87049865722656,172.60650634765625,174.42050170898438,92332000,170.9269012451172,,171.51378397109798,58.92248225226358,2.066329156206649,2.2549436936379066,179.99147702855382,161.86232546168057,2.7447014794667766,-0.007373319866162298,-0.007400637151307249,0.008833005755993297
2021-09-20,167.7864990234375,170.9499969482422,165.25050354003906,169.8000030517578,93382000,171.31635131835938,,171.1588044522732,42.613519298873435,1.5123611956567231,2.10642719404167,179.03916822216203,163.59353441455673,3.1111873409362256,-0.03084174438431353,-0.03132736193754281,0.01180696198388379
2021-09-21,167.18150329589844,168.98500061035156,166.6195068359375,168.75,55618000,171.51075134277343,,170.7800138659518,41.221315221741435,1.0128440608847882,1.8877105674102936,178.58442856471376,164.4370741208331,3.057923514756071,-0.0036057473697842513,-0.0036122637458179565,0.011065428053154334
2021-09-22,169.00250244140625,169.4499969482422,167.05250549316406,167.5500030517578,48228000,171.69642639160156,,170.6107270636141,46.84992918751339,0.755206988999845,1.661209851728204,178.28545035169662,165.1074024315065,3.0107497962076457,0.01089234819407503,0.010833453848678572,0.01099983528624259
2021-09-23,170.8000030517578,171.447998046875,169.00250244140625,169.00250244140625,47588000,171.9884765625,,170.6287533481992,51.76046313006252,0.6881385968787583,1.4665956007583147,177.83280668963053,166.1441464353695,2.970374496869153,0.01063594079605279,0.010579777062858911,0.01116985256022088
2021-09-24,171.2760009765625,171.46299743652344,169.6699981689453,170.10049438476562,42324000,172.26227645874025,,170.69039597947193,52.99884364178829,0.6657214449519984,1.3064207695970516,177.39047424311252,167.13407867436797,2.8862762662055084,0.0027868730462519142,0.0027829969154169873,0.011145872932680623
2021-09-27,170.2899932861328,170.77850341796875,166.98049926757812,168.5749969482422,72690000,172.40270080566407,,170.6522623896301,50.12811414292844,0.5619156959728286,1.1575197548722072,177.1383490335615,167.66705257776664,2.986935226403999,-0.005756835077931344,-0.005773469524888403,0.011077756492562459
2021-09-28,165.79800415039062,168.45950317382812,164.5050048828125,167.885498046875,88616000,172.13867568969727,,170.1899520811311,39.60357002347621,0.11584749211544931,0.9491853023208556,177.66327816813072,166.61407321126381,3.1867961676123073,-0.0263784679831095,-0.026732621677354657,0.011555125218342366
2021-09-29,165.05599975585938,167.56500244140625,164.89349365234375,166.10549926757812,51246000,171.7145004272461,,169.70100424062903,38.17768666803979,-0.2941475764774566,0.7005187265611933,177.9947813966222,165.43421945787,3.149989926287321,-0.004475351789266391,-0.004485396155336227,0.010943724088287423
2021-09-30,164.2519989013672,166.3925018310547,163.69949340820312,165.8000030517578,56848000,171.22960052490234,,169.18205135117552,36.6383953370878,-0.6761534952322563,0.42518428220250337,178.20381834906067,164.255382700744,3.1173483903276242,-0.0048710792439015105,-0.004882981617736262,0.010895820569088282
2021-10-01,164.16299438476562,165.45849609375,162.7969970703125,164.45050048828125,56712000,170.7799499511719,,168.70404592580317,36.463126246129775,-0.9748405041823673,0.14517932492552926,178.33482577215065,163.22507413019312,3.0847877212640435,-0.0005418778291703674,-0.0005420246980202862,0.01089880153479367
2021-10-04,159.48899841308594,163.99949645996094,158.8125,163.96949768066406,90462000,170.05927505493165,,167.82642235316342,28.698943198681903,-1.5705996285458639,-0.1979764657687494,178.92187724535884,161.19667286450445,3.2466239115141566,-0.028471678341373097,-0.02888485808454832,0.012192193876820691
2021-10-05,161.0500030517578,163.0364990234375,160.1230010986328,160.22500610351562,65384000,169.33855056762695,,167.1810490863629,33.771070479772476,-1.8949393174431464,-0.5373690361036287,178.658317897079,160.0187832381749,3.268115104288257,0.00978753803838428,0.009739950346903852,0.012239427330756947
2021-10-06,163.10049438476562,163.2169952392578,159.93099975585938,160.67649841308594,50660000,168.67982559204103,,166.79242482906793,39.82641035296761,-1.9638849010692354,-0.8226722090967501,177.80573423055455,159.5539169535275,3.269392274224699,0.012732016728672857,0.012651646071788683,0.012673993601909787
2021-10-07,165.1215057373047,166.28750610351562,164.1529998779297,164.57699584960938,48182000,168.2255012512207,,166.63328967747142,45.14953461012308,-1.834301362669862,-1.0249980398113725,177.1067606269146,159.3442418755268,3.2635079488336487,0.012391203105561077,0.012315060502089633,0.013022628878674943
2021-10-08,164.43099975585938,166.07150268554688,164.41000366210938,165.85000610351562,39964000,167.77417602539063,,166.42354778017503,43.72626733169899,-1.7669551773991259,-1.1733894673289234,176.46134285107522,159.08700919970605,3.149078739876781,-0.004181805261295635,-0.004190573462060326,0.01302178493351909
2021-10-11,162.31500244140625,164.62950134277344,161.90499877929688,163.75,40684000,167.24700088500975,167.64843048095702,166.03225774791133,39.60599032756624,-1.862852337358163,-1.3112820413347714,175.91565980412116,158.57834196589835,3.1187518701339085,-0.01286860335091844,-0.012952121105274618,0.013223379277185853
2021-10-12,162.3665008544922,163.37649536132812,161.81399536132812,162.85000610351562,36392000,166.74032592773438,167.5642803955078,165.68313804377618,39.75477905454132,-1.91264821790773,-1.431555276649363,175.30559449186757,158.17505736360118,3.0075910222672007,0.0003172745113595443,0.0003172241904451794,0.01324353875913807
2021-10-13,164.21400451660156,164.41900634765625,163.05450439453125,163.48550415039062,48402000,166.2615509033203,167.48232055664062,165.54322056499765,44.99064877124838,-1.7824863140343439,-1.5017414841263592,174.24811451490228,158.27498729173834,2.939370627331262,0.011378601203982708,0.011314351840536129,0.013432486164336926
2021-10-14,164.9929962158203,165.6300048828125,164.53900146484375,165.12249755859375,42190000,165.7906005859375,167.42746063232423,165.4908182460284,47.07910610278394,-1.598052592098611,-1.5210037057208097,172.85699254097372,158.7242086309013,2.830558465822667,0.004743759227551214,0.004732543058962018,0.013463756365134572
2021-10-15,170.4510040283203,170.52099609375,165.1999969482422,165.5709991455078,103598000,165.6568504333496,167.46049072265626,165.96321689196097,58.86339828778141,-0.9999451771392955,-1.416792000004507,172.24810017912844,159.06560068757076,3.02323285240174,0.03308023939004423,0.03254486320029431,0.015592733331663113
2021-10-18,172.33700561523438,172.45849609375,169.2550048828125,169.41799926757812,63482000,165.88437576293944,167.56229095458986,166.5702443894156,62.01131461286284,-0.36949684592570975,-1.2073329691887476,173.0436575800053,158.7250939458736,3.0361084494400083,0.011064772529006062,0.01100400576947037,0.014064619164937169
2021-10-19,172.20750427246094,172.7344970703125,171.10000610351562,171.71449279785156,47722000,166.13567581176758,167.66457092285157,167.10712628303898,61.66238966644981,0.1183243531334881,-0.9422015047243004,173.79482668769623,158.47652493583894,2.935992914965499,-0.0007514424560826072,-0.0007517249304827118,0.014025226229208834
2021-10-20,170.7530059814453,173.14300537109375,170.01849365234375,172.63299560546875,42796000,166.22320098876952,167.75895111083983,167.45435292098244,57.73313777260576,0.3831436698865218,-0.6771324698021359,174.04957678527225,158.3968251922668,2.9494585438072494,-0.008446195751808605,-0.00848206698962188,0.014015725811613821
2021-10-21,171.75050354003906,172.01400756835938,170.14999389648438,170.71249389648438,37628000,166.2707260131836,167.90185119628907,167.86351012279735,59.63290472650916,0.6658293367473789,-0.408540108492233,174.21829890496642,158.3231531214008,2.87192676724066,0.005841756945129006,0.005824760045406363,0.013875501641331008
2021-10-22,166.77749633789062,171.49200439453125,166.56500244140625,171.0500030517578,62782000,166.04580078125,167.93390106201173,167.76008023852052,48.03993585564249,0.4830117851222724,-0.23022972976933193,173.66172864139642,158.42987292110357,3.0371820766258137,-0.028954833317208384,-0.029382296136388146,0.015324091591191474
2021-10-25,166.01849365234375,167.38999938964844,164.88499450683594,166.75,44520000,165.83222579956055,167.9603009033203,167.5942148493608,46.55242573588553,0.27372703004334653,-0.12943837780679623,173.1954733990846,158.4689782000365,2.9991694199248626,-0.004550989805058192,-0.004561377086082202,0.015307657345057988
2021-10-26,168.80349731445312,170.80599975585938,167.19900512695312,167.47549438476562,53966000,165.98250045776368,168.03738098144532,167.70938460794105,52.37911805833987,0.32880363053391193,-0.037789976138654605,173.45863194263555,158.5063689728918,3.1269077544670596,0.01677526160393561,0.016636110939323188,0.014590118989749198
2021-10-27,169.62449645996094,171.85000610351562,168.57249450683594,169.39999389648438,54044000,166.21092529296874,168.18791076660156,167.89177621289534,53.97212131662397,0.43370057266207596,0.05650813362149151,173.83752195357806,158.58432863235942,3.1376651717679613,0.004863638245470758,0.004851848967382222,0.014555065307815439
2021-10-28,172.32850646972656,173.9499969482422,169.3000030517578,170.10499572753906,114174000,166.61475067138673,168.43326080322265,168.31432195164118,58.85410191407194,0.7266468321151649,0.1905358733202262,174.62912265226592,158.60037869050754,3.2456886521048482,0.01594115275917063,0.01581542696620515,0.014819663469930702
2021-10-29,168.6215057373047,168.74099731445312,163.66600036621094,165.00100708007812,129722000,166.83767623901366,168.61794097900392,168.34357755027577,50.8857210728028,0.6521670985349033,0.28286211836316166,174.8148039435333,158.86054853449403,3.6326041843484753,-0.021511245053778105,-0.021745984346714802,0.01575877588155819
2021-11-01,165.90550231933594,168.79299926757812,164.6009979248047,168.08999633789062,72178000,167.15850143432618,168.73610107421874,168.1113799092339,45.97436513066841,0.3697206859085611,0.30023383187224156,174.4108133192271,159.90618954942528,3.6725611242359726,-0.01610709978002456,-0.01623822909338356,0.014731847033387827
2021-11-02,165.6374969482422,166.55599975585938,164.17750549316406,165.75050354003906,52552000,167.38787612915038,168.78298095703124,167.87577200818706,45.507611837189266,0.12283807449404094,0.26475468039660144,174.12475352930704,160.65099872899373,3.580127776983068,-0.0016154097805501921,-0.0016167159617979095,0.014638098913817206
2021-11-03,169.1999969482422,169.74600219726562,164.87600708007812,165.4499969482422,67944000,167.6928512573242,168.86120086669922,168.0018886691447,52.42227988979118,0.21219969718072207,0.2542436837534256,174.1731217545877,161.21258076006072,3.6722611584262417,0.021507811127532195,0.021279781969291613,0.015116014116637287
2021-11-04,173.85000610351562,174.93150329589844,168.25,168.5,107060000,168.12927627563477,169.03902099609374,168.5588522343229,59.624086768297374,0.6507350356359041,0.3335419541299213,175.02070472948998,161.23784782177955,3.887207025388541,0.02748232410840923,0.02711146442608225,0.01601479826778468
2021-11-05,175.94949340820312,178.3125,173.8489990234375,173.85000610351562,99940000,168.70520095825196,169.24201080322266,169.2627228223115,62.39205781457396,1.1543815383820117,0.4977098709803395,176.16581343519871,161.24458848130521,3.928370879043824,0.01207642928374364,0.012004091021206855,0.016059639836064957
2021-11-08,174.44900512695312,178.9499969482422,174.39300537109375,176.16200256347656,61480000,169.3119010925293,169.38136077880858,169.7566544703726,59.26496169220196,1.416123960680153,0.6813926889203022,176.56584678905773,162.05795539600086,3.973272357479868,-0.008527948857282919,-0.008564519878774466,0.01585462066568164
2021-11-09,178.81149291992188,179.68850708007812,175.07150268554688,175.7624969482422,85898000,170.13415069580077,169.5360205078125,170.61902003699635,64.79031838464151,1.9530593694904326,0.9357260250343284,177.77064744574906,162.49765394585248,4.063717328597377,0.025007238016599764,0.024699674045048896,0.01652205222262404
2021-11-10,174.1024932861328,180.2725067138672,173.1544952392578,178.19349670410156,80548000,170.62857513427736,169.5472802734375,170.95077939405695,55.96574717753993,1.9758314783188098,1.143747115691225,177.9414530176247,163.31569725093001,4.281881196169663,-0.026334994227121156,-0.026687971077505174,0.01785027989544105
2021-11-11,173.625,177.16200256347656,173.37350463867188,175.64999389648438,45288000,171.06017532348633,169.54078033447266,171.20546707081343,55.14555186823459,1.9330656435689662,1.3016108212667732,178.0011284633226,164.11922218365007,4.246639533929307,-0.0027425987825921982,-0.0027463665972794556,0.01789198266240793
2021-11-12,176.25750732421875,177.0364990234375,172.3524932861328,174.25,53788000,171.35050048828126,169.60281036376952,171.68661376161396,58.736035324908606,2.0875309938471673,1.458794855782852,178.64213334628684,164.05886763027567,4.277879977027548,0.015162029225161966,0.015048234458080111,0.01669983186362336
2021-11-15,177.28399658203125,179.69400024414062,176.29049682617188,176.85000610351562,58594000,171.59785003662108,169.67044036865235,172.21969783974893,60.077964493559065,2.2666465111402374,1.6203651868543292,179.3289443476161,163.86675572562606,4.21778090152,0.0058238044631160335,0.005806911669058077,0.016587692113471695
2021-11-16,177.03500366210938,178.8249969482422,176.25750732421875,176.9499969482422,44342000,171.8392250061035,169.7018505859375,172.67829839425946,59.571886715706285,2.361285768841725,1.7685493032518085,179.92470359391174,163.75374641829526,4.099902953127389,-0.001404486161877938,-0.001405473377029005,0.01659309635650596
2021-11-17,177.4499969482422,179.3625030517578,177.2675018310547,178.23599243164062,51206000,172.17407455444337,169.72535064697266,173.13274587559116,60.17404001005112,2.4416289734122643,1.9031652372838996,180.599431823856,163.74871728503072,3.973302698593178,0.0023441312596286235,0.0023413880700420314,0.016426778614795506
2021-11-18,184.8029937744141,185.2100067138672,178.0500030517578,178.3175048828125,114070000,172.82669906616212,169.93725067138672,174.24419805643143,68.98784646338964,3.063314946335538,2.1351951790942274,182.88378650518348,162.76961162714076,4.243781774809737,0.04143700734081501,0.04060149725970322,0.018638216920987695
2021-11-19,183.82850646972656,188.1074981689453,183.78599548339844,185.634506225586,98734000,173.67924957275392,170.14467071533204,175.1569893338881,66.87552057145112,3.4377444000030835,2.395705023275999,184.40897560795358,162.94952353755426,4.249333268433817,-0.005273114275827551,-0.0052870662112904825,0.017137356867646905
2021-11-22,178.6284942626953,185.67300415039065,178.375,183.81900024414065,96844000,174.30974960327148,170.26007049560548,175.48760885091735,56.86912355033962,3.2771084466175466,2.5719857079443087,184.63924465299556,163.9802545535474,4.467095474287877,-0.02828730052206352,-0.02869509488188082,0.018594822576352026
2021-11-23,179.0019989013672,181.0525054931641,176.385498046875,179.2519989013672,73804000,174.81967468261718,170.3901104736328,175.82231266524593,57.36261253246487,3.1437033438122057,2.686329235117888,185.01761817518292,164.62173119005143,4.481374900859392,0.0020909577736383245,0.002088774763957146,0.01834503884918227
2021-11-24,179.02049255371094,180.6820068359375,176.84249877929688,178.1334991455078,46560000,175.2894744873047,170.49473022460938,176.12690122605213,57.388609713256976,3.004833274350375,2.7500300429643856,185.35161157918606,165.22733739542332,4.43552726912948,0.00010331533981333685,0.00010331000315118602,0.01835178609926952
2021-11-26,175.22799682617188,181.6750030517578,175.20750427246094,180.10499572753906,59826000,175.43444900512696,170.51105010986328,176.0412912832064,50.57802182013834,2.5592535519272985,2.7118747447569684,185.40489643705715,165.46400157319678,4.580668091284294,-0.021184701669844985,-0.021412317856405228,0.018830244058652638
2021-11-29,178.07850646972656,179.8000030517578,176.5749969482422,177.3820037841797,65312000,175.90729904174805,170.61010009765624,176.23531177716072,54.909408244128045,2.4083784298346416,2.651175481772503,185.42730125526992,166.38729682822617,4.580049386591554,0.016267432688752415,0.016136535670027943,0.018341477747282984
2021-11-30,175.35350036621094,179.2884979248047,174.60049438476562,178.1750030517578,80022000,176.37969894409179,170.76144012451172,176.15132973802264,50.36511561729174,2.045346113044758,2.530009608026954,184.73385638418347,168.0255415040001,4.58776039755209,-0.015302274022490625,-0.015420562086679022,0.018298433872952276
2021-12-01,172.18600463867188,177.99400329589844,172.0800018310547,177.25,74916000,176.70712432861328,170.8615301513672,175.77367972856064,45.63717985203967,1.4849325747527757,2.3209942013721183,183.76414570066953,169.65010295655702,4.682491902358636,-0.0180634873037836,-0.018228623739821467,0.018874109990340667
2021-12-02,171.8679962158203,174.63499450683594,171.1875,173.0,64726000,176.84052429199218,170.91884002685546,175.40170987020443,45.17863470315424,1.0035716369489194,2.0575096884874786,183.40881237353383,170.27223621045053,4.594277802678444,-0.0018468889124809706,-0.001848596514633391,0.01832524185488221
2021-12-03,169.489501953125,173.49349975585938,166.92999267578125,172.75,80712000,176.62249908447265,170.89263000488282,174.8386424495302,41.79606418084905,0.4252628511958392,1.7310603210291509,183.8315998908041,169.4133982781412,4.734937036778421,-0.013839076006382012,-0.013935728778151546,0.017485542231108604
2021-12-06,171.36849975585938,173.69549560546875,166.9344940185547,169.64999389648438,68860000,176.39344940185546,170.89447998046876,174.5081526691806,45.28149772433796,0.11721718449976493,1.4082916937232737,183.95596180636602,168.8309369973449,4.8796559332166805,0.011086219388703134,0.011025217696555534,0.017447556329198477
2021-12-07,176.1645050048828,177.49949645996094,173.33450317382812,174.60000610351562,66410000,176.47922439575194,171.01197021484376,174.66590051067607,53.0153903358688,0.2571223693807667,1.1780578288547723,183.99031452101374,168.96813427049014,4.969037416851315,0.027986504263362688,0.027602038798318594,0.01851533317153173
2021-12-08,176.1580047607422,177.17999267578125,174.75050354003906,176.15049743652344,45254000,176.34654998779297,171.21917022705077,174.80800567734903,53.00445553154949,0.3632859862719897,1.0151034603382159,183.78152180971082,168.9115781658751,4.787641111057806,-3.689871657430732e-05,-3.689939734869626e-05,0.017605986510679728
2021-12-09,174.17100524902344,176.96949768066406,174.13949584960938,175.75,46062000,176.3499755859375,171.40147033691406,174.74733896988946,49.63434516161655,0.2838155143970198,0.8688458711499767,183.7808705481777,168.9190806236973,4.647809733914727,-0.011279643604146683,-0.011343741238858878,0.016748759338010743
2021-12-10,172.21200561523438,175.927001953125,170.5,175.41700744628906,60690000,176.27932586669922,171.5606704711914,174.5058786503985,46.495540257175996,0.06204448428502474,0.7074855937769864,183.83827388315163,168.72037785024682,4.703466321001175,-0.011247564604614624,-0.011311296797986634,0.016933077702708382
2021-12-13,169.5675048828125,172.10000610351562,169.1300048828125,172.0,62170000,175.9448257446289,171.66876068115235,174.03555733919984,42.580908049993276,-0.32337213031826195,0.5013140489579367,184.05036377507193,167.83928771418587,4.587647350388368,-0.015356076499860039,-0.015475202151186945,0.01684375928273856
2021-12-14,169.0915069580078,169.49899291992188,166.44000244140625,167.5500030517578,55976000,175.53520126342772,171.86081085205078,173.56469539813392,41.89713799904338,-0.659622906355736,0.26912665789520224,184.14121647794028,166.92918604891517,4.483351285461073,-0.0028071293797337082,-0.002811076756339546,0.01674847202442124
2021-12-15,173.31500244140625,173.60000610351562,165.19500732421875,168.59800720214844,75794000,175.34920120239258,172.10611083984375,173.54091511654082,49.626581681022934,-0.5786331577794499,0.09957469476027182,183.97828509910167,166.7201173056835,4.763468963592202,0.024977573145925636,0.024670732493370397,0.017821511823084484
2021-12-16,168.87100219726562,174.16600036621094,168.16050720214844,173.36849975585938,60876000,174.92025146484374,172.22152099609374,173.09616150518127,43.125682684879656,-0.8630926829827104,-0.09295878078832462,183.93334423613598,165.9071586935515,4.8521849779115085,-0.025641174633125208,-0.02597563931621664,0.01863261904382638
2021-12-17,170.0175018310547,170.89849853515625,165.61349487304688,167.7104949951172,85542000,174.18097686767578,172.31944091796876,172.8029558219311,45.12294178488964,-0.9846653580621307,-0.2713000962430858,182.20116422625398,166.16078950909758,4.883100598211357,0.00678920370502567,0.006766260845510533,0.015736698898503453
2021-12-20,167.07899475097656,167.87449645996094,165.60000610351562,166.85000610351562,57372000,173.34350128173827,172.3724008178711,172.2578166723164,41.135682955228425,-1.3031041684803313,-0.47766091069053496,180.62296612135563,166.0640364421209,4.84984310744905,-0.017283556389377508,-0.01743466066061881,0.01601284322641404
2021-12-21,170.41700744628906,170.7165069580078,165.6475067138672,167.85049438476562,55956000,172.93292694091798,172.53444091796874,172.08250150793285,46.87812170125331,-1.2714628599968876,-0.6364213005518056,179.89302509151156,165.9728287903244,4.865497188641306,0.019978649621920752,0.01978169533389277,0.01589865056410166
2021-12-22,171.03700256347656,172.0500030517578,168.50050354003906,169.27000427246094,55036000,172.53467712402343,172.70785095214845,171.9829301798894,47.89486141073745,-1.1827247558539398,-0.7456819916122325,178.95034026636833,166.11901398167853,4.771497354575408,0.0036381058820253998,0.003631503982249459,0.01592452650807396
2021-12-23,171.06849670410156,171.97500610351562,170.14999389648438,170.42799377441406,36788000,172.13707733154297,172.84494079589842,171.89584127743342,47.94936042032059,-1.097209902292036,-0.8159875737481932,177.8419145617607,166.43224010132525,4.5610341297508254,0.0001841364158221559,0.00018411946479317587,0.015925139474881226
2021-12-27,169.66949462890625,172.9429931640625,169.2154998779297,171.03700256347656,58688000,171.8591522216797,172.93847076416014,171.68380826328797,45.664498164513056,-1.1293085739922617,-0.878651773797007,177.47548862283327,166.24281582052612,4.501495498063824,-0.008178022851368039,-0.008211646321395375,0.01536250495855451
2021-12-28,170.66099548339844,172.17599487304688,169.135498046875,170.1824951171875,54638000,171.48827667236327,172.9426705932617,171.5863975223461,47.57130063683145,-1.0624934073136387,-0.9154201005003334,176.34050114573188,166.63605219899466,4.397138450071542,0.005843719029521299,0.005826710732445391,0.014897840894696783
2021-12-29,169.2010040283203,171.21200561523438,168.60049438476562,170.83999633789062,35754000,171.18065185546874,172.87995056152343,171.35921718958173,45.06352275726509,-1.114503710095164,-0.9552368224192995,175.78759038523236,166.5737133257051,4.269593648671342,-0.0085549217086347,-0.008591725101779567,0.014655654736087386
2021-12-30,168.64450073242188,170.88800048828125,168.5240020751953,169.6999969482422,37584000,171.00357666015626,172.80869049072265,171.1006727650903,44.10902780154565,-1.1869450511484558,-1.001578468165131,175.71343077444558,166.29372254586693,4.133479703272385,-0.0032890070546229833,-0.003294427727342962,0.014150146813402974
2021-12-31,166.7169952392578,169.35000610351562,166.55850219726562,168.95599365234375,47830000,170.74602661132812,172.7279702758789,170.68317966739198,40.87930968849742,-1.3839357702186987,-1.0780499285758447,175.79012311013125,165.701930112525,4.037624289199357,-0.011429400216389607,-0.011495217795266778,0.014343250022460459
2022-01-03,170.4044952392578,170.70350646972656,166.16050720214844,167.5500030517578,63520000,170.79177627563476,172.70105010986327,170.65663829328398,48.62887430692014,-1.2283423362113979,-1.1081084101029555,175.80596566719032,165.7775868840792,4.073722501940698,0.022118320898886212,0.021877258953900566,0.014945919762400992
2022-01-04,167.52200317382812,171.39999389648438,166.34950256347656,170.43800354003906,70726000,170.5994514465332,172.71594024658202,170.35810161524054,43.79612498163668,-1.322382832323001,-1.1509632945469646,175.8019413434733,165.39696154959313,4.143491704159778,-0.016915587005979504,-0.017060289689663746,0.01519912784210828
2022-01-05,164.35699462890625,167.12649536132812,164.35699462890625,166.88299560546875,64302000,170.0090759277344,172.68271026611328,169.78656761654204,39.190654351794066,-1.6334707079902842,-1.2474647772356287,175.23128018623507,164.7868716692337,4.073600049928499,-0.018893091563845,-0.019073846316683307,0.01406181796113196
2022-01-06,163.25399780273438,164.8000030517578,161.93699645996094,163.45050048828125,51958000,169.36387557983397,172.5717202758789,169.16441811046514,37.70268274706371,-1.9465738251109599,-1.387286586810695,174.57642143556228,164.15132972410566,3.9871290886333823,-0.006710981961323137,-0.006733601858714689,0.014057769830246005
2022-01-07,162.5540008544922,165.24349975585938,162.031005859375,163.83900451660156,46606000,168.78302536010742,172.43031036376954,168.53485456227722,36.749084978840905,-2.2255395700070153,-1.5549371834499592,174.30337553113225,163.2626751890826,3.9317980034798814,-0.004287778294336242,-0.004296997177475961,0.013945923012531395
2022-01-10,161.48599243164062,161.6614990234375,156.30450439453125,160.5854949951172,87798000,168.24672470092773,172.21346008300782,167.86353435935945,35.28279726349383,-2.5039374543552526,-1.744737237631018,174.38036548079108,162.11308392106437,4.0973478932285285,-0.006570176170610398,-0.006591854785116594,0.013845426610883718
2022-01-11,165.36199951171875,166.35000610351562,160.70150756835938,161.5,62806000,168.03644943237305,172.1482699584961,167.6252929452984,44.01352348049109,-2.3843234091591228,-1.872654471936639,174.2622122200015,161.8106866447446,4.208144367651937,0.024002125643924677,0.023718602439306714,0.014780152502926226
2022-01-12,165.20700073242188,166.8780059814453,164.41700744628906,166.5749969482422,50030000,167.84222412109375,172.13429992675782,167.39497940121495,43.75929200477136,-2.2758014996284714,-1.9532838774750054,174.1658113241221,161.5186369180654,4.083348236759388,-0.0009373300985386912,-0.0009377696670975312,0.014775041217346338
2022-01-13,161.21400451660156,166.22149658203125,161.09100341796875,165.25050354003906,52188000,167.2371742248535,172.045830078125,166.8063151264899,37.7153939084418,-2.4833717643678597,-2.0593014548535766,173.66522308301884,160.80912536668816,4.158144302995325,-0.024169655027437842,-0.024466534551061184,0.014296234334759947
2022-01-14,162.13800048828125,162.25,159.80050659179688,160.14999389648438,45974000,166.9005241394043,171.9045901489258,166.3617137323748,39.78785694696895,-2.5439884268716355,-2.1562388492571887,173.64833228674303,160.15271599206557,4.036097810510168,0.005731487003565627,0.005715124523055335,0.013436011855152821
2022-01-18,158.91749572753906,159.7344970703125,157.6645050048828,159.10499572753906,67292000,166.34552383422852,171.60593994140626,165.65274058905712,35.370289064567075,-2.8193951555948047,-2.2888701105247122,173.76869377551301,158.92235389294402,4.067340501430759,-0.019862738846190164,-0.02006265472349509,0.01383959736340118
2022-01-19,156.2989959716797,159.25,156.25,158.76199340820312,53242000,165.80652389526367,171.21292999267578,164.76190776835452,32.23634162055653,-3.2119229702402663,-2.473480682467823,174.41002996789615,157.20301782263118,3.9911018941857046,-0.016477101806013472,-0.016614359071245203,0.013797758936080004
2022-01-20,151.66749572753906,158.0,151.3509979248047,156.76600646972656,71974000,164.86904830932616,170.7572998046875,163.51482090732446,27.58131741850073,-3.8523203035236975,-2.7492486066789983,175.17613260293678,154.56196401571555,4.180951907114962,-0.02963230963415675,-0.030080217077818206,0.013863381882666757
2022-01-21,142.64300537109375,150.89999389648438,142.07049560546875,149.9499969482422,163972000,163.44934844970703,170.03393005371095,161.52702895149298,21.167331724075495,-5.030057384490419,-3.205410362241283,177.21032446422558,149.68837243518848,4.567812493897487,-0.05950180896147472,-0.06134555364691525,0.018147512523505688
2022-01-24,144.54400634765625,144.94500732421875,135.3520050048828,139.0,155624000,162.12312393188478,169.4427603149414,159.90959822731804,25.117690573896468,-5.743816473903905,-3.7130915845738075,177.68593482709545,146.5603130366741,4.926754624285948,0.01332698348311534,0.01323896043083007,0.01872175063608656
2022-01-25,139.98599243164062,143.60000610351562,138.14500427246094,142.24249267578125,90824000,160.6389488220215,168.76998016357422,158.01211196106306,22.240005861173387,-6.601175087412571,-4.2907082851415606,178.5277988690643,142.75009877497868,5.03191515649376,-0.031533745543573244,-0.03204163984338447,0.0194339084979237
2022-01-26,138.87249755859375,145.18499755859375,137.31849670410156,144.75,95602000,159.04952392578124,168.02227996826173,156.18929154178028,21.589278757819358,-7.286493534166226,-4.889865334946494,178.6600635987862,139.4389842527763,5.234385563493648,-0.007954330670553511,-0.007986135126473034,0.01910692005345923
2022-01-27,139.6374969482422,144.24349975585938,139.35000610351562,140.8000030517578,77516000,157.57134857177735,167.26934997558592,154.6129301519195,23.25076071104594,-7.679361385478018,-5.447764545052799,178.32196555968045,136.82073158387425,5.244143894477361,0.005508645722495764,0.005493528624727967,0.019422072890183946
2022-01-28,143.97799682617188,143.9980010986328,137.92950439453125,140.86050415039062,74392000,156.33802337646483,166.6082098388672,153.60007935899117,32.04870595213197,-7.553399040711042,-5.868891444184448,177.24105291312472,135.43499383980495,5.303026238021947,0.031084056738273746,0.030610731040560255,0.021408144748878158
2022-01-31,149.57350158691406,150.36050415039062,144.30050659179688,144.75,78308000,155.48084869384766,166.05067993164062,153.2165957616505,41.378059840620196,-6.922266920270772,-6.079566539401713,176.01386575629923,134.9478316313961,5.380132029893147,0.03886361030218932,0.038127433338896885,0.02376546858391192
2022-02-01,151.19349670410156,151.70799255371094,147.62750244140625,150.0,59220000,154.52029876708986,165.37848999023439,153.02391966093154,43.784467938932366,-6.219673575303773,-6.107587946582126,173.93800710803674,135.10259042614297,5.287300464351114,0.010830762802234384,0.01077253018259915,0.023211633116495458
2022-02-02,150.6125030517578,155.0749969482422,148.86349487304688,155.05050659179688,87330000,153.67482376098633,164.714169921875,152.79426093624835,43.10112290458003,-5.644676304929106,-6.015005618251523,172.2067798165356,135.14286770543706,5.353314865125699,-0.0038427158906232384,-0.0038501180924552735,0.023062914883321017
2022-02-03,138.8455047607422,144.24749755859375,138.33299255371094,141.7375030517578,225532000,152.3992492675781,163.91851013183594,151.46580796715253,32.15524169172592,-6.068530998876923,-6.0257106943766034,171.32238377547048,133.47611475968574,5.848043124620069,-0.0781276325178123,-0.08134849507057183,0.028171636449217375
2022-02-04,157.63949584960938,161.1999969482422,150.60800170898438,155.60650634765625,253456000,152.11852416992187,163.4912600708008,152.05377824167223,52.78123192391146,-4.832218082500503,-5.787012172001384,170.54938733413024,133.6876610057135,7.027075200540064,0.13535901735711864,0.1269489157684572,0.04268848962476371
2022-02-07,157.9355010986328,162.6909942626953,157.25,158.52000427246094,102624000,151.8875991821289,163.0695602416992,152.61394232328752,53.023471172223054,-3.784915885046985,-5.386592914610504,169.90067834613671,133.87452001812107,6.913783704979724,0.0018777353189827206,0.001875974577811346,0.04268507159982194
2022-02-08,161.4134979248047,161.79249572753906,155.55050659179688,156.75050354003906,76040000,151.88397445678712,162.79327026367187,153.4519952377177,55.887057858044855,-2.643799990537815,-4.838034329795966,169.8893538527056,133.87859506086863,6.865798378605613,0.022021627828944013,0.02178265381683596,0.04295259548334848
2022-02-09,161.1894989013672,163.83450317382812,160.25,162.87350463867188,68786000,151.67534942626952,162.4554901123047,154.18890034854147,55.65176433310946,-1.7375034141961407,-4.217928146676001,169.1397908642026,134.21090798833643,6.631420149692936,-0.0013877341505965646,-0.0013886979453967615,0.04260543442874276
2022-02-10,159.0034942626953,160.7165069580078,157.75,158.35000610351562,68268000,151.36517410278321,162.12848999023439,154.6474331022704,53.293655335363155,-1.1820235216949015,-3.610747221679781,168.06071553600012,134.6696326695663,6.403425774812525,-0.013561706274733853,-0.013654506185153747,0.04270657021436701
2022-02-11,153.2935028076172,159.0,152.73399353027344,158.13450622558594,77100000,150.969149017334,161.75063995361327,154.51848735992246,47.617893307429874,-1.1888460180412608,-3.1263669809520773,167.0768353344246,134.86146270024338,6.3938597003560504,-0.03591110674363196,-0.03657177570139793,0.04311949820799841
2022-02-14,155.16700744628906,158.44850158691406,151.64999389648438,151.75100708007812,83230000,150.62059936523437,161.41662017822264,154.58025117767164,49.51762574887193,-1.0311898144523184,-2.707331547652126,166.03317103552243,135.2080276949463,6.422763128218453,0.012221683270054351,0.012147601490993106,0.04320239099747936
2022-02-15,156.510498046875,158.0070037841797,154.6374969482422,157.60549926757812,56440000,150.50024948120117,161.15704010009765,154.76408421283386,50.892989326511,-0.7887455065856841,-2.3236143394388376,165.6877414584847,135.31275750391762,6.204673393055528,0.008658352201907249,0.008621083638872947,0.043028998251934424
2022-02-16,158.10049438476562,158.83399963378906,154.7344970703125,155.79049682617188,52704000,150.59032440185547,160.8916799926758,155.08183756254166,52.5409357679077,-0.4629703950455166,-1.9514855505601734,165.93487102081406,135.24577778289688,6.054304048085602,0.010159039538768955,0.010107783346743868,0.04290122207900094
2022-02-17,154.65249633789062,160.3489990234375,154.5,158.14599609375,64032000,150.73957443237305,160.46143981933594,155.04094792209872,48.722506193397976,-0.4775114436459944,-1.6566907291773378,166.1808890528826,135.2982598118635,6.039639403467881,-0.021808901106176726,-0.022050230393006458,0.04263801872858134
2022-02-18,152.60150146484375,155.49949645996094,150.89300537109375,155.49949645996094,63604000,151.23749923706055,159.99030975341796,154.80861968807443,46.55511820448949,-0.6470744038621206,-1.4547674641142945,166.23833085091138,136.2366676232097,5.9372716667106875,-0.013261957754408193,-0.013350682834785058,0.04032940261352232
2022-02-22,150.19749450683594,152.9824981689453,148.48550415039062,150.47850036621094,66128000,151.52017364501953,159.51083953857423,154.36946490890887,44.07995406095606,-0.9643214445122794,-1.3566782601938916,166.21578803772607,136.82455925231298,5.834394691842403,-0.015753494788264932,-0.01587889987657254,0.04050406801542159
2022-02-23,144.82699584960938,151.76300048828125,144.6510009765625,151.65049743652344,64244000,151.76222381591796,158.96313934326173,153.46065833183275,39.081136044805746,-1.6303032473700796,-1.4114032576291293,165.8362775242771,137.68817010755882,5.925652178976428,-0.03575624663287669,-0.03641116014436802,0.040702267578468045
2022-02-24,151.35800170898438,151.74899291992188,139.5,139.83749389648438,100786000,152.3864990234375,158.59894927978516,153.2604053201329,46.95867725115759,-1.6125129873527726,-1.4516252035738582,165.1663182769121,139.60667976996288,6.377319374758246,0.04509522427819257,0.04410800497645022,0.04170403817987818
2022-02-25,153.7884979248047,153.99000549316406,149.2135009765625,150.5500030517578,62396000,153.09404907226562,158.29288909912108,153.31069985391116,49.572098070785025,-1.3863127950532146,-1.4385627218697297,164.46097395397018,141.72712419056106,6.262975456318483,0.01605793012842116,0.01593036537376894,0.041775950703465334
2022-02-28,153.56300354003906,154.4499969482422,150.85000610351562,152.4250030517578,57684000,153.57329940795898,157.89784912109374,153.33472877639954,49.32925538567466,-1.2112801418077481,-1.3931062058573334,164.14267780392592,143.00392101199205,6.072762269776204,-0.0014662630028149382,-0.0014673390183547882,0.04136458628825166
2022-03-01,151.14199829101562,154.0989990234375,149.9770050048828,152.7324981689453,44874000,153.65172424316407,157.54326904296875,153.12589730160107,46.684963268917535,-1.253471158226347,-1.3651791963311362,164.12405571043666,143.17939277589147,5.933421680403238,-0.015765550251120253,-0.015891148369833387,0.04074115932169274
2022-03-02,152.05250549316406,152.99949645996094,148.75,150.8489990234375,47334000,153.69467468261718,157.18396911621093,153.02366951032135,47.817882391614255,-1.199609173103994,-1.3320651916857078,164.13331784132035,143.256031523914,5.813141307514502,0.0060241839623909055,0.006006111112644554,0.040696018518282695
2022-03-03,147.89849853515625,153.9290008544922,146.8560028076172,153.531494140625,65198000,153.5589744567871,156.80035919189453,152.53555798887706,43.29744949730996,-1.4751126267312031,-1.360674678694807,164.22250051450567,142.89544839906853,5.90313107461168,-0.027319556126581324,-0.02769967430173762,0.04118002317534575
2022-03-04,145.64100646972656,147.85000610351562,143.8070068359375,147.15899658203125,60934000,153.89874954223632,156.30483917236327,151.87893403467226,41.02753842064809,-1.854237347735733,-1.4593872125029923,162.98118340428078,144.81631568019185,5.773728262083614,-0.0152637929917393,-0.015381483821486462,0.0371116274044416
2022-03-07,137.4530029296875,146.09449768066406,137.41650390625,145.44349670410156,86934000,152.88942489624023,155.6331591796875,150.5050358341975,34.05402750754078,-2.783315547184145,-1.724172879439223,164.27843449479434,141.50041529768612,5.981175798678646,-0.05622045424233624,-0.05786267214586164,0.023311831892656603
2022-03-08,136.01449584960938,140.69949340820312,133.57249450683594,136.68350219726562,91662000,151.79337463378906,154.93207916259766,149.12498440709388,32.99302401721796,-3.594259823257545,-2.0981902682028872,165.08864837983785,138.49810088774026,6.063020306013542,-0.010465446730283379,-0.010520594620232346,0.023239745149300748
2022-03-09,139.2790069580078,140.25,136.8280029296875,139.5,82656000,150.68665008544923,154.3242694091797,148.1872722690857,37.7342269545628,-3.928237958847319,-2.4641998063317736,164.2762590686702,137.09704110222825,5.932483437754763,0.024001199930983708,0.023717698424230754,0.023374509490598803
2022-03-10,146.8175048828125,148.67449951171875,143.97799682617188,145.68499755859375,135062000,149.9680503845215,153.84739959716796,148.05681823229776,47.0512211842699,-3.54377383792783,-2.680114612650985,162.75648345765276,137.17961731139022,6.179841231751632,0.05412515560997311,0.052711186532696214,0.027087832768220108
2022-03-11,145.52450561523438,149.6750030517578,145.36900329589844,149.57449340820312,68900000,149.29410095214843,153.37386962890625,147.81564560210123,45.785742466062956,-3.3053158632486657,-2.805154862770521,161.51491753389038,137.07328437040647,6.045995412045042,-0.008806846762653975,-0.008845856240147519,0.02702315351472199
2022-03-14,141.85299682617188,147.4499969482422,140.88400268554688,145.9810028076172,74086000,148.72207565307616,152.83803955078125,147.24777429010794,42.306223690930516,-3.373706289470846,-2.9188651481105863,161.20864720958772,136.2355040965646,6.083138187091491,-0.025229488143872714,-0.025553208143987614,0.026460486356146274
2022-03-15,147.3665008544922,147.98500061035156,142.0,142.85000610351562,75584000,148.33205032348633,152.45102966308593,147.25908158195406,48.620798089098194,-2.9490180537450783,-2.924895729237485,160.47149337694125,136.1926072700314,6.086628586883505,0.038867730338306705,0.03813139923769891,0.027926037430009765
2022-03-16,153.10400390625,153.14999389648438,147.35350036621094,148.5,84958000,148.16172561645507,152.10501983642578,147.81574085093462,54.23431461505814,-2.1249855110419844,-2.764913685598385,159.92722358259078,136.39622765031936,6.0659046542685,0.038933563723705156,0.03819476755459102,0.02933117229665556
2022-03-17,157.23899841308594,157.49850463867188,152.13999938964844,152.6405029296875,72934000,148.1186508178711,151.89935974121093,148.71319395209187,57.811780790806516,-1.1253024982814566,-2.4369914481349997,159.74375606457545,136.49354557116675,6.015376125322424,0.027007748989816838,0.02664947618554765,0.029895780657683498
2022-03-18,161.25050354003906,161.593994140625,156.01100158691406,156.81300354003906,102962000,148.44855117797852,151.83722991943358,149.90722343665826,60.997076962342476,-0.009244999543710719,-1.9514421584167418,161.12366927344428,135.77343308251275,5.984491584493033,0.025512151358369817,0.025192147663773066,0.029938975216473658
2022-03-21,161.4915008544922,163.08399963378906,159.55299377441406,161.12100219726562,66538000,148.89305114746094,151.80197998046876,151.01048795264245,61.18667290219275,0.8844892367974353,-1.3842558793739064,162.6931455630185,135.09295673190337,5.809242604127459,0.0014945523217748669,0.001493436589994942,0.029710639941902945
2022-03-22,164.88900756835938,166.16700744628906,161.69900512695312,161.8054962158203,64086000,149.62762680053712,151.8486801147461,152.33225172556786,63.85427826357892,1.845654895016537,-0.7382737244958177,165.09106788543886,134.16418571563537,5.728261460389561,0.02103830044237709,0.020820051155123028,0.029610687428510883
2022-03-23,163.4080047607422,166.3699951171875,162.68699645996094,163.7050018310547,55812000,150.55667724609376,151.88712036132813,153.3870853479654,61.858464174944714,2.459529133811145,-0.09871315283442517,166.95899485990955,134.15435963227796,5.582171260163633,-0.008981816492546923,-0.009022396175222974,0.02824018080474272
2022-03-24,163.64950561523438,164.11849975585938,160.0500030517578,163.74949645996094,56798000,151.17125244140624,151.85287048339845,154.36445870675294,62.06667269400886,2.9317209373981825,0.5073736652120964,168.5402253293898,133.80227955342266,5.474051649016341,0.0014779010051912955,0.0014768099843156708,0.026741665340898096
2022-03-25,164.77349853515625,165.36849975585938,162.25,164.0,49032000,151.72050247192382,151.84420043945312,155.35579583326754,63.07692028547235,3.357925108323144,1.077483953834306,170.05377118686738,133.38723375698027,5.305797942362273,0.006868294014676479,0.0068448147304497955,0.026606728376156675
2022-03-28,168.99049377441406,169.03750610351562,164.89999389648438,164.97500610351562,59854000,152.49187698364258,151.99973022460938,156.6543384943291,66.66402657247374,3.9899772828823643,1.6599826196439178,172.30854232131804,132.67521164596712,5.231384344219209,0.025592678900108856,0.02527066880086216,0.02701020828029541
2022-03-29,169.31500244140625,170.8314971923828,167.86849975585938,170.38400268554688,66154000,153.4005271911621,152.14327026367187,157.86011601309835,66.93027362085849,4.465591760227198,2.221104447760574,174.5106366139836,132.2904177683406,5.069356707955225,0.00192027764251268,0.0019184362663260243,0.02657561283988218
2022-03-30,166.30099487304688,168.95050048828125,165.5,168.50950622558594,56168000,154.11295166015626,152.29094024658204,158.66400923785537,61.97897867828625,4.5469005987310425,2.686263677954668,175.9424616438922,132.28344167642032,4.979759974630298,-0.01780118433038691,-0.017961531171231216,0.027104560971769415
2022-03-31,162.99749755859375,166.4949951171875,162.95350646972656,166.44500732421875,59966000,154.86790161132814,152.4249102783203,159.07672241125903,57.00163306398216,4.295260722346285,3.0080630868329914,176.82947837736782,132.90632484528845,4.877026308403915,-0.019864567358571672,-0.020064520292900095,0.02668709878749202
2022-04-01,163.55999755859375,165.82699584960938,162.3195037841797,164.14950561523438,57090000,155.76385116577148,152.6627603149414,159.5037009967195,57.62564052337833,4.094029927773079,3.225256455021009,177.6083776938219,133.91932463772108,4.779202433905756,0.003450973226124532,0.0034450322821231614,0.026256045214046352
2022-04-04,168.34649658203125,168.39450073242188,163.20550537109375,164.125,49882000,157.30852584838868,153.17683013916016,160.3458720048444,62.59951868001625,4.271543843549523,3.4345139327267122,178.0990626438519,136.51798905292546,4.808473357293068,0.029264484561530857,0.02884445449723015,0.022216302793638294
2022-04-05,164.05499267578125,168.11050415039062,163.26600646972656,167.7415008544922,53728000,158.71055068969727,153.56704986572265,160.6991215925527,56.226973486222306,4.019600943519123,3.551531334885195,177.22539732243405,140.1957040569605,4.827903125508184,-0.025492089193307588,-0.025822642256601212,0.023192458916104965
2022-04-06,158.75599670410156,162.1999969482422,157.25450134277344,161.65049743652344,79056000,159.68440017700195,153.94244995117188,160.51406207936688,49.523199203290794,3.3536904350021075,3.5119631549085777,175.9167582696145,143.4520420843894,4.9688022831867285,-0.032300120131985244,-0.03283328123701215,0.02472736657817125
2022-04-07,157.7845001220703,160.07899475097656,154.51150512695312,158.39999389648438,68136000,160.23274993896484,154.3206900024414,160.25410379771958,48.384232820359856,2.716248680360877,3.3528202599990378,175.39511204196333,145.07038783596636,5.011565664675065,-0.0061194323502751224,-0.0061382328144399005,0.022206772221339464
2022-04-08,154.4604949951172,157.36849975585938,154.2310028076172,156.75,46002000,160.67954940795897,154.6171499633789,159.70233153080505,44.60430038770511,1.9207112991572899,3.0663984678306884,174.55384220761243,146.8052566083055,4.907417925373498,-0.021066740550443774,-0.021291810941382657,0.022737173659022603
2022-04-11,151.1219940185547,154.13650512695312,150.5345001220703,152.71299743652344,52112000,161.14299926757812,154.76002990722657,158.88515652963835,41.128922633518876,1.009219412059366,2.654962656676424,172.9336062995481,149.35239223560814,4.837316278778739,-0.021613947156313595,-0.021850949776512304,0.0225122628281436
2022-04-12,150.78750610351562,155.0989990234375,150.38299560546875,153.6925048828125,55178000,161.3140495300293,154.78430999755858,158.11395172715046,40.7860361294006,0.25690371912131127,2.1753508691654018,172.37706211441332,150.2510369456453,4.828651074435169,-0.002213363562407644,-0.0022158166719546393,0.020924903519884006
2022-04-13,155.54100036621094,156.02499389648438,149.60000610351562,150.01849365234375,53390000,161.43589935302734,154.8712600708008,157.86890874039432,47.4863136375598,0.04375103798463442,1.7490309029292483,172.18371342964056,150.6880852764141,4.942675125758996,0.03152445706895657,0.031037763445815297,0.02028025846322019
2022-04-14,151.7064971923828,155.89700317382812,151.4720001220703,155.38999938964844,51598000,161.15927429199218,154.8931399536133,157.28201240248848,43.23623170406246,-0.42963380626528647,1.3132979610903415,172.5881359810953,149.73041260288906,4.905698549044625,-0.024652684274885983,-0.024961650159491106,0.020080297633253613
2022-04-18,152.78500366210938,154.0395050048828,150.25050354003906,151.52349853515625,46514000,160.7359992980957,155.17192993164062,156.8537258557857,44.734472109112815,-0.7095885521094658,0.90872065845038,172.73292597904944,148.73907261714194,4.825934471601705,0.007109164667870926,0.007084013688019547,0.019173811870666725
2022-04-19,158.11549377441406,158.6490020751953,151.55050659179688,152.0294952392578,54926000,160.56719894409179,155.18144989013672,156.97389422898843,51.54221184741766,-0.4956155542581939,0.6278534159086652,172.61176323134262,148.52263465684095,4.988260258158614,0.03488883060861969,0.034294010908479985,0.020916493007735196
2022-04-20,153.9980010986328,157.6024932861328,153.60350036621094,157.6024932861328,59630000,160.02264862060548,155.1026998901367,156.6904758356212,46.75155505100416,-0.6507858058129727,0.37212557156433757,172.22021619615427,147.8250810450567,4.954241197447508,-0.026041044919075107,-0.026386116801539967,0.020972789660913333
2022-04-21,148.29600524902344,156.73800659179688,147.58949279785156,154.71400451660156,63970000,159.26704864501954,154.8403500366211,155.89100244642145,41.06001431284551,-1.2198016455377,0.053740128143930005,172.37077464877123,146.16332264126785,5.253832097197352,-0.037026427673936824,-0.03772931062801116,0.02227653118440049
2022-04-22,144.35000610351562,149.61500549316406,143.69749450683594,148.25,73078000,158.30207366943358,154.50356018066407,154.7918599375733,37.644543371916036,-1.9664914615387659,-0.3503061897926092,172.74663576681886,143.8575115720483,5.301237732135264,-0.026608937569704394,-0.026969363430673157,0.022753110123345213
2022-04-25,146.07400512695312,146.22149658203125,142.30650329589844,144.0229949951172,61874000,157.36709899902343,154.24497039794923,153.96158805084755,39.993081084924704,-2.391567703413074,-0.7585584925167022,172.42292603526974,142.3112719627771,5.202220271706517,0.011943186356370372,0.011872429325306142,0.022931873534391654
2022-04-26,139.39100646972656,144.8560028076172,138.92950439453125,144.8000030517578,77530000,155.88712463378906,153.9669204711914,152.57391361455032,34.5592468496685,-3.2304670142510474,-1.2529401968635714,171.8722411664207,139.9020081011574,5.3409545903290425,-0.0457507730510871,-0.046830397470919216,0.023344096358632004
2022-04-27,138.16700744628906,141.94850158691406,135.7834930419922,140.19149780273438,71336000,154.3297248840332,153.6269204711914,151.20182731281113,33.657271216580085,-3.948550817896887,-1.7920623210702347,170.83914355290645,137.82030621515995,5.399815587085674,-0.008781047317448887,-0.008819827903123646,0.02319500528320794
2022-04-28,144.59649658203125,145.9375,140.3000030517578,142.17799377441406,117316000,153.24449996948243,153.38864044189452,150.572748195594,42.19215127829168,-3.9532606382109634,-2.2243019844983802,169.31107825887867,137.1779216800862,5.569149656130335,0.04653418536434306,0.045483928748159326,0.026290015439839515
2022-04-29,124.28150177001952,130.76100158691406,121.625,129.8489990234375,272662000,151.3087001800537,152.71226058959962,148.06881996458688,29.34589908342238,-5.532468651800315,-2.8859353179587672,171.10497546547202,131.5124248946354,6.812174436551829,-0.14049437774923412,-0.15139791287665308,0.03983285427074954
2022-05-02,124.5,124.66799926757812,118.375,122.4010009765625,148788000,149.35570030212403,152.1092106628418,145.82417044415004,29.59419474709523,-6.689261753482413,-3.6466006050634965,171.49973120574694,127.21166939850113,6.775090495910851,0.0017580913238786078,0.0017565476902947816,0.039798573314609814
2022-05-03,124.25350189208984,126.22049713134766,122.8249969482422,124.05349731445312,79134000,147.15105056762695,151.5422506713867,143.76982105823956,29.46837803164304,-7.539013898696425,-4.425083263790082,170.05978661280608,124.24231452244784,6.533691187853322,-0.0019799044812061073,-0.001981867083020741,0.03865919701958983
2022-05-04,125.92849731445312,126.0,119.18299865722656,123.5999984741211,110746000,145.24472579956054,151.05687072753906,142.07064736835514,31.596492124077955,-7.985241569673349,-5.137114924966736,168.55147572870996,121.93797587041112,6.553927627490474,0.01348046853293483,0.013390415419768674,0.03904665082904278
2022-05-05,116.40699768066406,123.4990005493164,115.07250213623048,123.0,144392000,143.12727584838868,150.48847076416016,139.62649025524172,26.67026164679129,-9.00340006820909,-5.910371953615207,168.72185026168438,117.53270143509296,6.861218166828486,-0.07561036490424522,-0.07862161321968106,0.04134354017018876
2022-05-06,114.77249908447266,119.05049896240234,113.0814971923828,114.8499984741211,124260000,140.9766757965088,149.75676071166993,137.25944347707323,25.92307976255867,-9.828887098174476,-6.694074982527061,168.4432690590459,113.5100825339717,6.797488424199275,-0.014041240035030156,-0.014140750847553027,0.041296581904375254
2022-05-09,108.78900146484376,114.0,107.95700073242188,111.3125,128124000,138.6931011199951,148.8567707824707,134.54797280924186,23.344722856711485,-10.8409421357739,-7.52344841317643,168.76636984783548,108.61983239215473,6.798774847617239,-0.05213354825727923,-0.05354166033985849,0.04211563093710491
2022-05-10,108.85900115966795,112.64250183105467,107.1709976196289,111.25,105434000,136.57995147705077,147.9626907348633,132.101404080711,23.440658575552504,-11.504735227915404,-8.319705776124225,168.73052090707458,104.42938204702696,6.703969802174991,0.0006434445934941913,0.0006432376717787577,0.04226677779888725
2022-05-11,105.37200164794922,110.15599822998048,104.42849731445312,108.10350036621094,109704000,134.30917625427247,147.04729080200195,129.55574670616227,21.96587845340268,-12.171858150295407,-9.090136250958462,168.47713989039792,100.14121261814702,6.634222024557303,-0.03203225709010693,-0.032556515700991315,0.04230406867129888
2022-05-12,106.93049621582033,110.78050231933594,102.40550231933594,102.75,132026000,131.87865104675294,146.14485061645507,127.40096094517732,24.259510066586145,-12.43149781739777,-9.758408564246324,166.57130561522845,97.18599647827742,6.758563308517496,0.014790404884573505,0.01468209351950873,0.041453603026391284
2022-05-13,113.05500030517578,113.18399810791016,107.8000030517578,109.06900024414062,93684000,129.9460762023926,145.44798065185546,126.03467897946288,32.63866336051038,-12.00468528942514,-10.207663909282086,164.3099841260349,95.58216827875029,6.7224874930583765,0.05727556035084902,0.05569537333818581,0.04465484321048706
2022-05-16,110.8105010986328,113.99250030517578,110.35399627685548,113.0999984741211,74566000,127.84735107421875,144.7513705444336,124.58475727652667,31.273207509066694,-11.712530849063398,-10.50863729723835,161.49508955005595,94.19961259838155,6.5022029598627995,-0.01985316173972207,-0.020052883582188548,0.044402894111751454
2022-05-17,115.36849975585938,115.8000030517578,111.27649688720705,113.2750015258789,76448000,125.71000137329102,144.30968048095704,123.70701846503455,37.03410440876526,-10.98655775248767,-10.604221388288215,156.72305512656362,94.69694762001842,6.3941528879529566,0.04113327357999652,0.04030980601090871,0.044792047161216916
2022-05-18,107.1125030517578,112.85299682617188,106.2490005493164,111.4394989013672,108380000,123.36572647094727,143.731640625,122.12658842567485,31.829642962301918,-10.951170502192994,-10.673611211069172,152.50261386311797,94.22883907877655,6.588820482137957,-0.07156196640827228,-0.07425163860523787,0.046524903451813
2022-05-19,107.31900024414062,110.03399658203124,106.19300079345705,106.28050231933594,88142000,121.31687622070312,143.09244049072265,120.7163419321954,32.08671686979126,-10.782173074197203,-10.695323583694778,148.87341413898,93.76033830242626,6.392547289740546,0.0019278532990965047,0.0019259973748420684,0.04645401684265604
2022-05-20,107.59100341796876,109.89800262451172,105.0094985961914,109.56849670410156,99500000,119.47892608642579,142.3079104614258,119.46630969274526,32.44808065528254,-10.505195655784604,-10.657297998112742,145.50632399049476,93.45152818235681,6.285115628210529,0.0025345295167618076,0.0025313230136678384,0.04652667667143739
2022-05-23,107.55699920654295,108.81900024414062,103.9499969482422,108.46099853515624,107798000,117.55307579040527,141.54856033325194,118.33208964644027,32.42485268123137,-10.171185813144476,-10.560075561119088,140.9957007815934,94.11045079921715,6.1839647473310935,-0.00031605069518414464,-0.00031610064973083124,0.04625363754021898
2022-05-24,104.0999984741211,105.4000015258789,101.26000213623048,104.0250015258789,102934000,115.788525390625,140.79350036621094,116.97665239193368,30.068272384220478,-10.069358378754742,-10.46193212464622,137.64990980718545,93.92714097406453,6.192038484686906,-0.03214110432537587,-0.03266897126205667,0.0458623102931113
2022-05-25,106.7750015258789,108.1750030517578,103.6500015258789,103.65550231933594,93120000,114.21892509460449,139.98167037963867,116.00506659516657,34.06174901732483,-9.661437970146721,-10.30183329374632,133.81879700542305,94.61905318378594,6.0729644162006196,0.025696475417555487,0.025371870055026394,0.04668733245365466
2022-05-26,111.07749938964844,112.66549682617188,107.45349884033205,107.97000122070312,93002000,112.54297523498535,139.14114028930663,115.53577448035531,39.99689841096946,-8.888521148399306,-10.019170864676918,126.33913732412701,98.74681314584369,6.059930907921502,0.04029499229486544,0.03950431937060653,0.04629681277476437
2022-05-27,115.14649963378906,115.18699645996094,112.62799835205078,113.5500030517578,93660000,112.08622512817382,138.2992903137207,115.49870068544425,45.035693744665174,-7.857073235550118,-9.586751338851558,124.86498377547102,99.30746648087663,5.920614205235145,0.036632083603781895,0.0359770770988458,0.03628920894284234
2022-05-31,120.20950317382812,121.99449920654295,115.6750030517578,116.27999877929688,144634000,111.87170028686523,137.47847030639647,115.9473485414808,50.59509804768928,-6.555533155502175,-8.980507702181681,123.93361376953638,99.80978680419409,5.98685601720077,0.04397010379074828,0.043030852834664374,0.03778782174153769
2022-06-01,121.68399810791016,125.1790008544922,120.62249755859376,122.25599670410156,127528000,111.74322509765625,136.68232025146483,116.49369611923598,52.11415616611476,-5.343477563509325,-8.25310167444721,123.31984674967643,100.16660344563607,5.914187564591006,0.012266042992872705,0.01219142464906909,0.03790374832798976
2022-06-02,125.51100158691406,125.61000061035156,120.04499816894533,121.68399810791016,100560000,111.7223503112793,135.89476013183594,117.3524871161577,55.9038592573664,-4.027679000933318,-7.408017139744432,123.19764421452655,100.24705640803205,5.889245770077808,0.03145034300738625,0.030965911805553418,0.03845783928036385
2022-06-03,122.3499984741211,124.4000015258789,121.04650115966795,124.1999969482422,97604000,112.01950035095214,135.0736000061035,117.82844057882087,52.22726207316502,-3.203043007902181,-6.567022313375983,124.24772076445171,99.79127993745257,5.7874782455898295,-0.025185068024527135,-0.0255076393596147,0.034668532492525946
2022-06-06,124.79000091552734,128.99000549316406,123.80999755859376,125.25,135269000,112.52037544250489,134.29640991210937,118.49144632517388,54.703643570674096,-2.32581469315987,-5.718780789332761,125.92288295342934,99.11786793158043,5.848373157979339,0.01994280728922404,0.01974655443905197,0.034618640080906565
2022-06-07,123.0,124.0999984741211,120.62999725341795,122.01000213623048,85156700,113.23092536926269,133.46093994140625,118.92083238944304,52.55150489938524,-1.7548146370572937,-4.925987558877668,127.25902426425566,99.20282647426973,5.727775336845772,-0.014344105316090427,-0.014447976483889591,0.03230344143588387
2022-06-08,121.18000030517578,123.75,120.75,122.61000061035156,64926600,113.84697532653809,132.5047300720215,119.13599123856044,50.38117844239271,-1.4326371939764897,-4.227317485897433,128.1327830606752,99.56116759240098,5.532934241356789,-0.014796745486375773,-0.014907309337206952,0.032637474604630005
2022-06-09,116.1500015258789,121.3000030517578,116.0999984741211,119.98999786376952,67029800,114.38587532043456,131.44143005371095,118.8516112659241,44.86623817755204,-1.565146083427166,-3.6948832054033796,128.1560750273183,100.61567561355082,5.509153551091068,-0.04150848957443054,-0.042394573681651705,0.03327936739568766
2022-06-10,109.6500015258789,114.5,109.0500030517578,113.41999816894533,87266000,114.5218505859375,130.3084101867676,117.9752674811579,38.9350300280726,-2.1696456853223935,-3.3898357013871827,128.04640630792093,100.99729486395407,5.622785331307499,-0.05596211721574329,-0.057588983573757455,0.035888066798400675
2022-06-13,103.66999816894533,106.54000091552734,101.86000061035156,104.19000244140624,99277700,114.05260047912597,129.12186019897462,116.6128608799948,34.42600276042168,-3.095568482399443,-3.3309822575896346,128.37583457805997,99.72936638019198,5.77758644446606,-0.05453719355874531,-0.056080729107119705,0.03551028171277491
2022-06-14,102.30999755859376,104.87999725341795,101.43000030517578,104.19000244140624,69728800,113.62757530212403,127.89686019897461,115.25068342081374,33.4764818848293,-3.894219514753928,-3.4436297090224937,128.7902911683461,98.46485943590197,5.61133005187864,-0.013118555361940287,-0.013205363644664271,0.035380919333199264
2022-06-15,107.66999816894533,109.05999755859376,103.52999877929688,103.86000061035156,85011100,113.24265022277832,126.6833302307129,114.52871339682628,40.447961610930015,-4.047986291815548,-3.5645010255811047,128.5986804598473,97.88661998570934,5.6926636196015945,0.052389802934770247,0.05106358079343476,0.03620621442284105
2022-06-16,103.66000366210938,104.58000183105467,102.01000213623048,104.47000122070312,82186300,113.0700252532959,125.47543045043945,113.49359818399608,37.298711115146425,-4.442213541718942,-3.7400435288086724,128.77155859482298,97.3684919117688,5.6903302205382555,-0.037243378610853695,-0.03795462873180655,0.03348795276562913
2022-06-17,106.22000122070312,106.9800033569336,102.51000213623048,102.8000030517578,99772100,113.01507530212402,124.42471054077149,112.80087466368248,40.48452866597504,-4.496241199599083,-3.891283062966755,128.80417848770063,97.22597211654741,5.603163863407174,0.02469609751257895,0.02439607839682275,0.03397977456117481
2022-06-21,108.68000030517578,111.62999725341795,103.55999755859376,108.1999969482422,70901200,113.06952514648438,123.4426205444336,112.40841043906279,43.45755719917059,-4.291092102030447,-3.9712448707794934,128.7907968554626,97.34825343750617,5.779366422794103,0.023159471438541024,0.022895360879700146,0.034370319513490635
2022-06-22,108.9499969482422,112.12999725341795,107.0199966430664,107.43000030517578,60040100,113.13917503356933,122.53241058349609,112.0790377256513,43.78944795251561,-4.0599232238385525,-3.9889805413913053,128.7742475881804,97.50410247895827,5.731554579048207,0.0024843268523027096,0.0024812460138330314,0.034370091627057064
2022-06-23,112.44000244140624,113.0,107.93000030517578,110.38999938964844,64345300,113.5561752319336,121.75877075195312,112.11341531762797,48.03544987735966,-3.55413607795046,-3.9020116487031364,128.63982077982286,98.47252968404432,5.684300658746493,0.032033093996523876,0.031530734371298275,0.03408731762801056
2022-06-24,116.45999908447266,116.70999908447266,111.43000030517578,112.37999725341795,69867600,114.04042510986328,121.07222061157226,112.52737567637509,52.487447857794145,-2.796677629412315,-3.680944844844972,128.84136921705584,99.23948100267071,5.65542195307152,0.03575237064906056,0.03512809079637107,0.03448951991126565
2022-06-27,113.22000122070312,117.9800033569336,112.6999969482422,117.08999633789062,62133200,114.14755020141601,120.22580062866211,112.59334001393013,48.85452404445263,-2.4298176759077847,-3.4307194110575345,128.8920704252197,99.40302997761229,5.628606557044368,-0.027820692849391482,-0.02821501915746544,0.034174031367017875
2022-06-28,107.4000015258789,114.8499984741211,107.04000091552734,113.5,74942900,113.76022529602051,119.33967071533203,112.09873634840145,43.0855873508706,-2.5789750364140502,-3.2603705361288378,128.78377670482058,98.73667388722045,5.784420200012181,-0.05140434227234392,-0.0527726431080026,0.035070455542556445
2022-06-29,108.91999816894533,110.98999786376952,106.91000366210938,107.37999725341795,66375300,113.19575004577636,118.46237060546875,111.79599937892944,44.91506936300279,-2.545192893928899,-3.11733500768885,128.05507339509492,98.33642669645779,5.6626754858441775,0.014152668728781848,0.01405345471235089,0.03357552392372934
2022-06-30,106.20999908447266,108.18000030517578,102.5199966430664,108.11000061035156,97679400,112.42205009460449,117.42426071166992,111.26399935088592,42.304112636578516,-2.7059026193024067,-3.035048530011562,127.04241658138028,97.80168360782869,5.715341631560945,-0.024880638358708018,-0.0251953932810785,0.03363364191250097
2022-07-01,109.55999755859376,109.75,105.8499984741211,106.29000091552734,73021200,111.62449989318847,116.53550064086915,111.10171346590572,46.44831441588825,-2.5337419547015827,-2.934787214949566,124.98806639404037,98.26093339233657,5.585674481155086,0.03154127203651269,0.031054064397665036,0.03363901017263831
2022-07-05,113.5,114.08000183105467,106.31999969482422,107.5999984741211,76583700,111.18199996948242,115.83958053588867,111.33012170724803,50.91401980590863,-2.055681501871362,-2.7589660723339255,123.65188052468355,98.71211941428129,5.740983599374755,0.035962053023039564,0.03533051481031728,0.03459107389884543
2022-07-06,114.33000183105467,115.4800033569336,112.01000213623048,113.20999908447266,66958900,110.65900001525878,115.23918045043945,111.61582457618199,51.825405555231164,-1.5914951719416592,-2.525471892255472,121.58375403752818,99.73424599298939,5.578770572326781,0.007312791463036872,0.007286182647943523,0.03426052467525216
2022-07-07,116.33000183105467,116.98999786376952,113.48999786376952,113.8499984741211,57872300,110.32550010681152,114.64430038452149,112.06479383855081,54.03983561265752,-1.050135566760943,-2.2304046271565667,120.06600101208477,100.58499920153827,5.4302869600177255,0.01749322109655349,0.017341975999450154,0.03448405508661015
2022-07-08,115.54000091552734,116.58000183105467,113.69000244140624,114.5999984741211,45719700,110.0435001373291,114.1672802734375,112.39576594112002,53.00342906045885,-0.6770460851171123,-1.919732918748676,118.78612164234909,101.30087863230912,5.248837847848491,-0.006791033294013427,-0.006814197291832041,0.03437661553939914
2022-07-11,111.75,114.3000030517578,110.87000274658205,114.08000183105467,53487600,109.82350006103516,113.63894012451172,112.33426442291811,48.22500372673587,-0.6793601416477344,-1.6716583633284878,118.15202857214366,101.49497154992666,5.207492156498263,-0.03280250030721621,-0.03335256478334072,0.03389933645587926
2022-07-12,109.22000122070312,113.2300033569336,108.33999633789062,112.16000366210938,54280300,109.80200004577637,112.93141021728516,112.03766792746906,45.28974497040945,-0.8752544174301988,-1.5123775741488301,118.13442826205514,101.4695718294976,5.184814646680027,-0.022639810105564928,-0.022900025593117632,0.03183124311058201
2022-07-13,110.4000015258789,111.77999877929688,106.01000213623048,107.02999877929688,61353800,110.13850021362305,112.65378021240234,111.88169969874619,46.91271728039644,-0.9246273508362748,-1.394827529486319,117.98245726846119,102.2945431587849,5.226613360707624,0.010803884746268588,0.0107459397638012,0.029148240834976136
2022-07-14,110.62999725341795,111.18000030517578,107.58000183105467,110.23999786376952,51163100,110.55450019836425,112.3763801574707,111.76248994204826,47.2412353943898,-0.9344255471674359,-1.3027471330225424,117.52778216835458,103.58121822837393,5.110426583094302,0.002083294604711794,0.002081127555719166,0.02888763424627222
2022-07-15,113.5500030517578,115.58999633789062,111.58999633789062,112.5,84317800,110.84850044250489,112.16231018066406,111.93272928583012,51.35688883080348,-0.6985185370502904,-1.1819014138280919,117.80633443996179,103.89066644504798,5.099681761764185,0.02639434033114041,0.026052020207380393,0.027142788428442383
2022-07-18,113.76000213623048,117.23999786376952,113.1500015258789,115.0,59115400,111.35350036621094,111.91894027709961,112.10675527158254,51.64901327026848,-0.48897871854416053,-1.0433168747713057,117.57859678912338,105.1284039432985,5.027561374344645,0.0018493974357443044,0.0018476894058664548,0.025445659794780418
2022-07-19,118.20999908447266,118.9499969482422,114.02999877929688,115.6999969482422,60990000,111.95300025939942,111.95500030517579,112.68801658709589,57.476750809489054,0.035748573518930016,-0.8275037851132586,118.39085527688353,105.5151452419153,5.039163762749436,0.03911741266419089,0.03837171118403459,0.02622645159054786
2022-07-20,122.7699966430664,123.4800033569336,118.31999969482422,118.62000274658205,71268300,112.65750007629394,112.11495025634765,113.64820516385498,62.46877786066554,0.8102127976325875,-0.4999604685640895,120.44978303258551,104.86521712000237,5.055652370585973,0.03857539627705431,0.037849962832112935,0.026982540085260066
2022-07-21,124.62999725341795,124.8499984741211,121.26000213623048,123.1999969482422,60239900,113.44150009155274,112.43177017211914,114.69409012476574,64.30929060394612,1.5561296851840751,-0.08874243781445657,122.61646992352254,104.26653025958294,4.950962653964875,0.01515028639903937,0.015036666950921374,0.027032889117183524
2022-07-22,122.41999816894533,125.5,121.3499984741211,125.01000213623048,51463800,113.94049987792968,112.70299011230469,115.42989089087807,60.51218523363106,1.946507608177484,0.31830757138393156,123.89570727440507,103.9852924814543,4.8937511448158775,-0.01773248120979176,-0.01789158533462613,0.026906604741934858
2022-07-25,121.13999938964844,123.63999938964844,120.02999877929688,122.6999969482422,50221300,114.17449989318848,113.01835006713867,115.97371074790382,58.36278599675752,2.128068669630963,0.6802597910333379,124.56604037916878,103.78295940720818,4.8020546780684255,-0.010455798059483934,-0.010510843951367733,0.02606200041155958
2022-07-26,114.80999755859376,118.1500015258789,114.52999877929688,115.79000091552734,67075100,114.25399971008301,113.17594009399414,115.86288092035048,49.07857212504509,1.741108458667,0.8924295245600703,124.63944099592227,103.86855842424374,4.9311936732315065,-0.052253606265046604,-0.05366832967343505,0.028045168344159814
2022-07-27,120.97000122070312,121.9000015258789,117.16000366210938,117.30999755859376,61582000,114.93249969482422,113.33424011230468,116.34927332990787,56.35481630602572,1.9094891159014935,1.095841442828355,125.21070084194895,104.65429854769948,5.0853944085210525,0.05365389594199388,0.05226402422174644,0.02753270714410468
2022-07-28,122.27999877929688,122.83999633789062,118.08000183105467,121.56999969482422,82245500,115.60049972534179,113.56363006591796,116.91410432508778,57.737849129216904,2.124151953270456,1.3015035449167751,125.96503716302793,105.23596228765565,5.0621515584006875,0.010829110898360028,0.0107708959770675,0.027492987548185337
2022-07-29,134.9499969482422,137.64999389648438,132.41000366210938,134.89999389648438,148892900,117.03749961853028,113.95526000976562,118.63180838443583,68.22527150035455,3.278840332740117,1.6969709024814437,129.54382080518138,104.53117843187917,5.798426098314032,0.10361464095050721,0.09859082981024253,0.0340816528140605
2022-08-01,135.38999938964844,138.8300018310547,133.50999450683594,134.9600067138672,76846900,118.32899971008301,114.52080993652343,120.22782657540846,68.51745135164333,4.181244923573644,2.193825706699884,132.67878792581166,103.97921149435436,5.764253328735797,0.0032604850044939404,0.003255181148895761,0.03383960200321036
2022-08-02,134.16000366210938,137.44000244140625,134.08999633789062,134.72000122070312,61922400,119.36199989318848,115.05763000488281,121.55470058366569,66.67182427154535,4.742488235293962,2.7035582124186996,135.0816803577813,103.64231942859566,5.591807098362928,-0.009084834427092181,-0.009126353187385704,0.03360100129022808
2022-08-03,139.52000427246094,140.49000549316406,136.0500030517578,136.2100067138672,71827800,120.62150001525879,115.69621002197266,123.26568188736047,70.41209385647961,5.5557417249570875,3.2739949149263774,138.42509007149218,102.8179099590254,5.644535293555196,0.039952299225118226,0.03917484597170419,0.03430416851193814
2022-08-04,142.57000732421875,143.55999755859375,139.5500030517578,140.5800018310547,70585000,121.93350028991699,116.39647018432618,125.10418907182317,72.31597861580428,6.372897930674327,3.8937755180759677,142.00204391652056,101.86495666331344,5.529925150167883,0.021860686341448332,0.0216251677554199,0.03436453607222633
2022-08-05,140.8000030517578,142.86000061035156,139.60000610351562,140.10000610351562,50686900,123.19650039672851,117.1304702758789,126.59902849848362,69.52024094882731,6.7992974897074845,4.474879912402272,144.62963793317226,101.76336286028476,5.3677872470727435,-0.012414983387324718,-0.012492693140300751,0.03453836095763114
2022-08-08,139.41000366210938,144.22999572753906,138.2899932861328,142.0500030517578,52229000,124.57950057983399,117.78317031860351,127.81912137120989,67.31921004944611,6.945003204422946,4.968904570806407,146.44499142708185,102.71400973258615,5.408659760953708,-0.009872154542052702,-0.009921207364734218,0.033387079956159346
2022-08-09,137.8300018310547,138.9499969482422,136.2100067138672,138.0500030517578,40434700,126.01000061035157,118.31822036743164,128.77253855786176,64.80750946384265,6.853974735646673,5.345918603774461,147.40735281128826,104.61264840941487,5.250898131474314,-0.011333489631663474,-0.011398203042398835,0.032867879031406325
2022-08-10,142.69000244140625,144.60000610351562,141.00999450683594,142.89999389648438,54773800,127.62450065612794,118.86909042358398,130.09801130867552,68.67860087152546,7.092240516939498,5.695182986407469,148.939526284849,106.30947502740688,5.359405712973358,0.0352608325167747,0.03465340706112098,0.033265758540063264
2022-08-11,140.63999938964844,144.49000549316406,139.75999450683594,143.86000061035156,44867300,129.12500076293946,119.27770034790039,131.1020101735301,65.41022544173755,7.034559725881223,5.96305833430222,149.65406132465012,108.59594020122883,5.314448946784412,-0.014366830308238487,-0.014471032455294032,0.03376057330349885
2022-08-12,143.5500030517578,143.57000732421875,140.1199951171875,142.0500030517578,47643500,130.62500076293946,119.71502044677734,132.28753330478986,67.75598413973157,7.141339344384107,6.198714536318597,150.76308297084114,110.48691855503779,5.1812748939449005,0.020691152408548463,0.020479998229218345,0.03366187060295946
2022-08-15,143.17999267578125,143.75999450683594,141.49000549316406,142.8000030517578,39014600,132.096000289917,120.06840026855468,133.32491038774143,67.13257386903382,7.114099307869623,6.381791490628803,151.37103401827298,112.82096656156098,4.973325902496827,-0.0025775713556979163,-0.0025808990121560286,0.033748754118978465
2022-08-16,144.77999877929688,146.57000732421875,142.0,143.91000366210938,59102900,133.42450027465821,120.5170002746582,134.41587118693718,68.48297839419668,7.139320856660163,6.533297363835075,152.34749776532107,114.50150278399538,4.944517432619821,0.0111747882760318,0.011112811619446402,0.033144114967543714
2022-08-17,142.10000610351562,143.3800048828125,140.77999877929688,142.69000244140625,48149800,134.39100074768066,120.86320037841797,135.14769355994466,63.757699172994926,6.863932957996013,6.5994244826672634,153.0106820587131,115.77131943664823,4.877051901718405,-0.01851079360669594,-0.018684262378250237,0.03307488846272656
2022-08-18,142.3000030517578,142.77000427246094,140.3800048828125,141.32000732421875,37458700,135.27450103759764,121.24920043945312,135.8288658924983,63.95756264781879,6.585905922628939,6.5967207706596,153.6327489583949,116.91625311680039,4.699405293713407,0.0014074379989574837,0.0014064484864398943,0.03305782308708993
2022-08-19,138.22999572753906,141.11000061035156,137.91000366210938,140.47000122070312,47792800,136.06500091552735,121.59020034790039,136.05754492440693,57.06127100684915,5.968352465379411,6.471047109603562,153.47835922074367,118.65164261031101,4.6773048719944805,-0.02860159688639219,-0.02901859297383289,0.03357381288649459
2022-08-22,133.22000122070312,136.32000732421875,132.85000610351562,135.72000122070312,50461500,136.66900100708008,121.93160034179688,135.78730266691133,49.92504031528033,5.016841192454791,6.180205926173809,152.7573027685053,120.58069924565487,4.7274966399965495,-0.036243902638259384,-0.03691702741982209,0.034738775805938024
2022-08-23,133.6199951171875,134.99000549316406,132.9499969482422,133.41000366210938,36252100,137.60950088500977,122.41100021362304,135.5808924240805,50.45776622816593,4.246091518031619,5.793383044545371,150.3213604860386,124.89764128398093,4.535533204634072,0.003002506326521548,0.002998007806707862,0.0320087202774454
2022-08-24,133.8000030517578,135.47000122070312,132.10000610351562,132.75,38627000,138.2510009765625,123.01360031127929,135.41128391243072,50.71189177783877,3.608198912987376,5.356346218233773,148.61792674937672,127.88407520374828,4.452280484102174,0.001347163157822573,0.001346256547678855,0.03017378483861914
2022-08-25,137.27999877929688,137.4199981689453,134.27999877929688,135.25999450683594,37496300,139.0010009765625,123.71300033569337,135.58925675689417,55.467653348092796,3.344912925329197,4.954059559652858,146.37644244100701,131.62555951211797,4.392831529322555,0.026008936084948253,0.025676456345101635,0.03050479054776771
2022-08-26,130.75,137.8300018310547,130.5,136.5500030517578,53322700,138.7910011291504,124.17460037231446,135.1283751609995,46.41710231210484,2.579604480521141,4.479168543826515,146.82557726901916,130.75642498928164,4.602629408017707,-0.04756700784791723,-0.04873552390255167,0.0228812454644158
2022-08-29,129.7899932861328,131.9499969482422,128.77000427246094,129.89999389648438,48101600,138.5110008239746,124.69720016479492,134.61995783958363,45.24818905298728,1.8740249129069468,3.9581398176426013,147.35017945862992,129.67182218931927,4.501012498572246,-0.007342307563037775,-0.00736939497405998,0.022892107952132944
2022-08-30,128.72999572753906,132.07000732421875,126.8499984741211,131.25,49203000,138.2395004272461,125.14740005493164,134.05900906700796,43.932640608399694,1.2153057892996344,3.409573011974008,147.89266601954998,128.58633483494222,4.552369380824061,-0.008167020675137082,-0.00820055348874808,0.02287777888678109
2022-08-31,126.7699966430664,130.58999633789062,126.73999786376952,129.4499969482422,53648700,137.60200004577638,125.50919998168945,133.36481740758495,41.528354991807014,0.5290124658966988,2.8334609027585462,148.44358408126132,126.76041601029142,4.5022000303452785,-0.015225659516225343,-0.01534276001209404,0.020809430621407585
2022-09-01,127.81999969482422,128.02000427246094,123.66000366210938,126.0,56636100,136.86449966430663,125.88660003662109,132.83673953017916,43.31798561585845,0.06905056176512403,2.280578834559862,148.24718845286986,125.4818108757434,4.492042928917156,0.008282741023605045,0.008248627364462172,0.020111419380050524
2022-09-02,127.51000213623048,131.3800048828125,126.38999938964844,129.5,57429800,136.19999961853028,126.18800003051757,132.32943120694594,42.90050826048797,-0.31683450240541333,1.761096167166807,148.1248916613105,124.27510757575007,4.527611683506221,-0.002425266463259801,-0.002428212185707112,0.0200481193783728
2022-09-06,126.11000061035156,128.6199951171875,124.73999786376952,127.91999816894533,43888600,135.53499946594238,126.38100006103515,131.73710448346077,40.97968162312826,-0.7272364891914265,1.2634296358951604,148.13400499119098,122.93599394069379,4.48135350992849,-0.010979542799969266,-0.011040262841267405,0.020064524486930645
2022-09-07,129.47999572753906,129.82000732421875,125.4000015258789,126.12000274658205,47900300,135.1174991607666,126.70619995117187,131.52214174480156,47.11761552817343,-0.7716573926904005,0.8564122301780484,147.93611535321102,122.29888296832222,4.476971530529301,0.026722663554652915,0.026371849253352748,0.02118629842056539
2022-09-08,129.82000732421875,130.27999877929688,127.0999984741211,127.72000122070312,43988500,134.47399940490723,127.15460006713867,131.36003370474606,47.70849774497008,-0.7705428462072632,0.5310212149009861,146.99616679360759,121.95183201620688,4.384330728718335,0.0026259778181887405,0.002622535962612139,0.019261366503098662
2022-09-09,133.27000427246094,133.69000244140625,130.75999450683594,130.91000366210938,49387600,134.10549964904786,127.64160018920899,131.54193566357606,53.39834835707842,-0.4856750792030766,0.32768195608017353,146.30990530945513,121.90109398864057,4.347592470751847,0.02657523304266962,0.02622824562673727,0.020308870665705026
2022-09-12,136.4499969482422,136.49000549316406,134.0,134.10000610351562,53826900,133.75049934387206,128.24640014648438,132.0093700716395,57.94110711383039,-0.0032786941180802387,0.2614898260405228,145.22669301902008,122.27430566872407,4.26705023860551,0.023861278411006825,0.023581047138634757,0.020510685975699442
2022-09-13,126.81999969482422,131.39999389648438,126.2699966430664,131.00999450683594,72694000,132.93249969482423,128.59160018920898,131.5151443214666,43.96441518695691,-0.3935003534367354,0.13049179014507117,143.92567138200906,121.9393280076394,4.689403814789101,-0.0705752837581286,-0.07318946892343868,0.025566252791487103
2022-09-14,128.5500030517578,128.83999633789062,126.33000183105467,127.36000061035156,45316800,132.12099990844726,128.89260025024413,131.23274991482768,46.462906584488444,-0.5567392733932763,-0.006954422562598317,141.81555016025072,122.42644965664378,4.533731721363876,0.01364140798846103,0.013549201586232946,0.025657885870313115
2022-09-15,126.27999877929688,130.3699951171875,125.5,127.37999725341795,52887200,131.32999954223632,129.131600189209,130.7610593304914,43.70899983330976,-0.8593713689014919,-0.17743781183037705,140.1837515252807,122.47624755919193,4.5577505353512775,-0.0176585314552421,-0.017816303428596674,0.025636027492246104
2022-09-16,123.52999877929688,123.87000274658205,120.6999969482422,122.77999877929688,115667800,130.3914993286133,129.27560012817383,130.0723868970443,40.571695052094775,-1.3060561004945157,-0.40316146956320476,138.32658600450833,122.45641265271824,4.630768485044377,-0.021777003694830932,-0.02201762235626526,0.02582759181677655
2022-09-19,124.66000366210938,124.70999908447266,121.8000030517578,122.16000366210938,47279700,129.7129997253418,129.45800018310547,129.5569218270505,42.40119183111087,-1.5509961006864046,-0.6327283957878448,137.15650407902118,122.26949537166244,4.507856167020839,0.009147615105472573,0.009106029090597056,0.02552224178720508
2022-09-20,122.19000244140624,124.4000015258789,121.13999938964844,123.3499984741211,47698400,129.16149978637696,129.6668002319336,128.85531045698914,39.536130035062804,-1.9222626244177832,-0.8906352415138324,137.10180419248488,121.22119538026907,4.437295317409418,-0.019813903001303257,-0.020012830448643784,0.02470961713608871
2022-09-21,118.54000091552734,123.76000213623048,118.4499969482422,122.48999786376952,58498900,128.40750007629396,129.85320022583008,127.87290002446898,35.697515672241025,-2.482403041093164,-1.2089888014296988,137.3160343743788,119.49896577820911,4.49963173673648,-0.02987152347123634,-0.030326766225786016,0.02530442556257981
2022-09-22,117.30999755859376,118.79000091552734,116.26000213623048,117.08000183105467,55229200,127.58299980163574,129.99140014648438,126.86690931343324,34.48251317005587,-2.9910899254678185,-1.5654090262373228,137.35325441891678,117.8127451843547,4.358943668347935,-0.010376272544574183,-0.010430481377003647,0.025269336249648264
2022-09-23,113.77999877929688,116.0500030517578,112.05999755859376,116.0,65126700,126.40799980163574,130.05440017700195,125.62053688161072,31.20040867548127,-3.6371426300873964,-1.9797557470073377,136.8594870114296,115.95651259184189,4.422590549180225,-0.0300912015408894,-0.030553234112175812,0.024605450650728704
2022-09-26,115.1500015258789,117.33999633789062,113.12999725341795,113.3000030517578,62723300,125.62799987792968,130.08640014648438,124.62334303820768,33.83266805637375,-3.9925723917561697,-2.3823190759571045,136.95839692584582,114.29760283001355,4.407405444558257,0.012040804722097675,0.011968890924047326,0.023268257718396933
2022-09-27,114.41000366210938,118.31999969482422,113.0500030517578,117.1999969482422,60094700,124.85900039672852,130.09940017700194,123.65064405000784,33.09609921207927,-4.284574770894167,-2.762770214944517,137.01287658701122,112.70512420644582,4.4690191015945535,-0.006426381710496365,-0.00644711979642255,0.02326652367434425
2022-09-28,118.01000213623048,118.6999969482422,113.8000030517578,114.37999725341795,55763800,124.32300071716308,130.09540023803712,123.11344005821952,39.94587668131957,-4.177345135292967,-3.045685199014207,136.69039164196903,111.95560979235714,4.499803015515257,0.0314657666190894,0.030980865018271533,0.02471701165663617
2022-09-29,114.8000030517578,116.06999969482422,113.05999755859376,115.5999984741211,58969700,123.72450103759766,129.93600036621095,122.32168415284222,36.37020191069925,-4.301796542796481,-3.2969074677706622,136.70369553941467,110.74530653578066,4.531960269952504,-0.027201076403397306,-0.027577874271049487,0.02514354603036533
2022-09-30,113.0,116.91999816894533,112.83999633789062,114.08000183105467,59479600,122.98350105285644,129.7034004211426,121.4339047097144,34.50501935569024,-4.493867871404731,-3.536299548497476,136.61843884726045,109.34856325845243,4.4996775243169465,-0.015679468675155572,-0.015803691756381223,0.025066065987074136
2022-10-03,115.87999725341795,116.91000366210938,112.4499969482422,113.58000183105467,50941900,122.40200080871583,129.57260040283202,120.90496114244807,39.8225829362932,-4.363395565951592,-3.7017187519882997,136.20609691659965,108.597904700832,4.496843894999105,0.02548670135768094,0.025167330486858045,0.026024865399770034
2022-10-04,121.08999633789062,123.0,119.79000091552734,119.88999938964844,62812600,122.15100059509277,129.57160034179688,120.92258354201402,48.041123153267215,-3.7958359060408924,-3.7205421827988183,135.85849794388858,108.44350324629694,4.684212384397887,0.04496029692750958,0.043978891324203705,0.02820059913900284
2022-10-05,120.9499969482422,121.75,117.69000244140624,118.58000183105467,48217500,121.72450065612793,129.69440032958985,120.92519434260718,47.85200446151843,-3.3190773100595408,-3.640249208250963,135.01786451924252,108.43113679301334,4.639625611126164,-0.001156159830559167,-0.0011568286989315974,0.027402204705329232
2022-10-06,120.3000030517578,121.52999877929688,119.5,120.7699966430664,42253800,121.24850044250488,129.68100036621092,120.86565231490724,46.92831897467961,-2.9595756176562844,-3.5041144901320274,134.01978115455697,108.47721973045279,4.453223694566929,-0.005374071210291542,-0.005388563475942685,0.02737350120551353
2022-10-07,114.55999755859376,118.16999816894533,113.87999725341795,118.0,54678000,120.31300010681153,129.52660034179686,120.26511376668691,39.64966292018353,-3.1020795661664664,-3.4237075053389154,132.13031244137346,108.49568777224958,4.593708130550708,-0.04771409266460669,-0.04888996644735069,0.02811633437647667
2022-10-10,113.66999816894533,116.25,112.43000030517578,115.0999984741211,42339700,119.17400016784669,129.10100036621094,119.63700751928295,38.648710817323824,-3.2493737270946497,-3.388840749690062,128.72412838195825,109.62387195373512,4.53844324228453,-0.007768849586377025,-0.007799184311071454,0.027152925446612523
2022-10-11,112.20999908447266,115.4800033569336,110.38999938964844,112.70999908447266,56432200,118.4435001373291,128.63740036010742,118.92967338263435,36.99862351701781,-3.4442123986391096,-3.399915079479872,127.77503957046457,109.11196070419362,4.577840436927432,-0.01284419027000161,-0.012927390072384172,0.02298123335575106
2022-10-12,112.9000015258789,113.83000183105467,111.4000015258789,112.48999786376952,45728700,117.66100006103515,128.2122003173828,118.35541892008621,38.33851195103459,-3.502570565934832,-3.4204461767708643,126.0482640877437,109.2737360343266,4.424423284659456,0.006149206372302096,0.006130377153208065,0.02270619712106922
2022-10-13,112.52999877929688,113.44000244140624,105.3499984741211,107.87999725341795,86868100,116.97350006103515,127.67240020751953,117.8006170019158,37.87336360472215,-3.5378933313105563,-3.443935607678803,124.64576047784051,109.3012396442298,4.686250476275577,-0.00327726077574253,-0.0032826427568259787,0.02255225767897199
2022-10-14,106.9000015258789,114.95999908447266,106.5999984741211,114.0999984741211,67737300,116.14200019836426,126.95900009155274,116.76246314705514,31.59239408936166,-3.9743665798825845,-3.5500218021195593,124.3758055929455,107.90819480378302,4.948661200138147,-0.05003107895219994,-0.05132600960921381,0.024431754198362406
2022-10-17,113.79000091552734,114.19000244140624,110.08999633789062,110.11000061035156,62782000,115.59850006103515,126.41880004882813,116.47937150595726,43.86234347026728,-3.721411292496896,-3.584299700195027,122.89295584624253,108.30404427582778,5.115899751237374,0.06445275295885255,0.06246082010978991,0.029040926525668517
2022-10-18,116.36000061035156,119.5199966430664,114.79000091552734,119.05999755859376,65607400,115.30699996948242,125.95779998779297,116.46800284923292,47.63524951081626,-3.27580348435977,-3.5226004570279756,121.96249333061486,108.65150660834998,5.159763749544638,0.022585461588422673,0.022334186457693587,0.02938310596048767
2022-10-19,115.06999969482422,116.58999633789062,113.22000122070312,114.70999908447266,47198100,115.13349990844726,125.50259994506835,116.33485969167019,45.96533673649667,-2.9922555198572525,-3.416531469593831,121.62163967250699,108.64536014438754,5.031923132947699,-0.01108629175628062,-0.011148202689094493,0.02873959842948717
2022-10-20,115.25,118.23999786376952,113.51000213623048,113.83000183105467,48795100,115.03050003051757,124.95379989624024,116.23153972103493,46.248491521813,-2.7216437795081134,-3.2775539315766875,121.44211509605343,108.61888496498172,5.010356889704222,0.0015642678860967596,0.0015630456934787908,0.028660544374910935
2022-10-21,119.31999969482422,119.58999633789062,114.5,114.79000091552734,55660500,115.30750007629395,124.52739990234375,116.52567876615772,52.331131576942454,-2.153937810365335,-3.052830707334417,121.95348400986789,108.66151614272,5.0160454217175365,0.03531453097461368,0.03470527521216521,0.028837014396330463
2022-10-24,119.81999969482422,120.38999938964844,116.56999969482422,119.9800033569336,49531500,115.5409999847412,124.05279983520508,116.8394236165069,53.03427321939063,-1.644721591688068,-2.7712088842051474,122.47054419912605,108.61145577035636,4.9306135840823,0.004190412347291339,0.0041816570199037775,0.0287575442623692
2022-10-25,120.5999984741211,121.31999969482422,118.9499969482422,119.6500015258789,50934600,115.85049972534179,123.60119995117188,117.19757360294636,54.16998103751286,-1.1647976249549714,-2.4499266323551123,123.09606976973002,108.60492968095356,4.747712809975137,0.006509754475742646,0.006488657531862419,0.028694445152338495
2022-10-26,115.66000366210938,119.3499984741211,114.76000213623048,116.0,68802300,115.73299980163574,123.01880004882813,117.0511383704857,46.50058389127278,-1.1695884323193724,-2.1938589923479643,122.91057794174309,108.5554216615284,4.825733061969099,-0.040961814879887926,-0.04182438724790477,0.029476185761329054
2022-10-27,110.95999908447266,114.12000274658205,109.7699966430664,113.91999816894533,129605400,115.54099960327149,122.39599990844727,116.47102986705588,40.60960127910924,-1.5349424108656962,-2.062075676051511,123.00775138934353,108.07424781719945,4.901752630331518,-0.04063638620803933,-0.04148511663717591,0.030257225767123107
2022-10-28,103.41000366210938,103.95999908447266,97.66000366210938,97.91000366210938,223133400,115.06149978637696,121.61819992065429,115.22712260944192,33.30947720001345,-2.4059750213584294,-2.1308555451128948,124.17048318988222,105.95251638287169,5.501627115476643,-0.06804249715805744,-0.07046806314523207,0.03364581161596885
2022-10-31,102.44000244140624,104.87000274658205,100.73999786376952,103.55999755859376,99251400,114.38950004577637,120.90240005493165,114.00930164105758,32.50110763469917,-3.138368474292207,-2.3323581309487573,125.01464453726325,103.7643555542895,5.403654098857778,-0.009380148789788323,-0.009424419446504316,0.03293978497464743
2022-11-01,96.79000091552734,104.58000183105467,96.05999755859376,103.98999786376952,153370000,113.1745002746582,120.17380004882813,112.36936823862612,28.207110885815695,-4.127128498178891,-2.691312204394784,125.82194829806207,100.52705225125433,5.62625053982943,-0.05515425020719411,-0.056733592543970986,0.032450955195206244
2022-11-02,92.12000274658205,97.73999786376952,92.01000213623048,97.31999969482422,135761800,111.73300056457519,119.34380020141602,110.44085723938383,25.238948633441694,-5.2273006956335735,-3.1985099026425416,126.83971957883475,96.62628155031564,5.633660910380116,-0.04824876665742572,-0.04945158785215427,0.033421134005476014
2022-11-03,89.30000305175781,93.5,89.0199966430664,92.47000122070312,136683300,110.1830005645752,118.45380020141602,108.42744255484801,23.622465109373167,-6.254645832307602,-3.809737088575554,127.63499553749229,92.7310055916581,5.55125679941965,-0.030612240672440283,-0.031090582711074753,0.0335945502565028
2022-11-04,90.9800033569336,92.44000244140624,88.04000091552734,91.48999786376952,129101300,109.00400085449219,117.52780029296875,106.76578167885617,26.637011820917465,-6.8542507346187165,-4.418639817784187,128.2115870402529,89.79641466873147,5.469024279881024,0.01881299269611514,0.018638216982674413,0.03339969192868165
2022-11-07,90.52999877929688,92.0999984741211,89.04000091552734,91.9499969482422,77495700,107.84700088500976,116.72340026855468,105.21951664080291,26.337152568101487,-7.281813336815048,-4.991274521590359,128.5225955732663,87.17140619675322,5.296950942646219,-0.00494619214148917,-0.004958465035960488,0.03341968017445375
2022-11-08,89.9800033569336,91.72000122070312,88.2300033569336,90.79000091552734,88703400,106.73550109863281,115.9272004699707,103.76813442329154,25.952614017215694,-7.577688932492833,-5.508557403770855,128.7031422575863,84.76785993967931,5.167882865583598,-0.006075283660437414,-0.006093813282808144,0.03343197040548955
2022-11-09,86.13999938964844,89.4800033569336,85.87000274658203,89.47000122070312,90796200,105.39750099182129,115.0754005432129,102.08926442008745,23.385341009773512,-8.029469970001102,-6.012739917016905,128.90603148546734,81.88897049817523,5.092319847352739,-0.042676192754212194,-0.043613588180190316,0.03393543019356866
2022-11-10,96.62999725341795,98.69000244140624,91.6500015258789,92.94000244140624,173414900,104.60250091552734,114.47260055541992,101.56933421373796,40.655607695267406,-7.45511659464276,-6.301215252542076,128.16777674477174,81.03722508628296,5.625011504810243,0.12177847617944271,0.1149153510471296,0.045387587689232914
2022-11-11,100.79000091552734,101.19000244140624,96.66000366210938,97.87999725341795,111590500,104.29700088500977,113.93200057983398,101.49511199486075,45.86698353980376,-6.588313896234851,-6.358634981280631,127.89361575394533,80.7003860160742,5.548939625037247,0.04305085149903842,0.042149929862782536,0.045475468123799094
2022-11-14,98.48999786376952,100.12000274658205,97.29000091552734,98.7699966430664,99533100,103.53200073242188,113.35160049438477,101.20891064904254,43.58791100794509,-6.017590499659661,-6.290426084956438,126.83822692288199,80.22577454196177,5.402586794677444,-0.022819754250081536,-0.023084154958510558,0.04287856178343355
2022-11-15,98.94000244140624,103.79000091552734,97.33999633789062,103.20999908447266,111336300,102.6610008239746,112.80820053100587,100.99282415307717,44.17240505048399,-5.465968208404263,-6.125534509646004,125.27629187596267,80.04570977198654,5.477402350603107,0.004569038353104293,0.004558631983396615,0.042425715751231656
2022-11-16,97.12000274658205,98.48999786376952,95.54000091552734,96.8499984741211,87958800,101.7635009765625,112.16100067138672,100.62398401912525,42.265063375756554,-5.116680426427678,-5.923763693002339,123.7537999014315,79.77320205169349,5.329016577408521,-0.018394983322362668,-0.01856627488370557,0.042491992095689136
2022-11-17,94.8499984741211,96.97000122070312,94.02999877929688,95.37000274658205,82617900,100.74350090026856,111.46160049438477,100.07408063388675,39.94812796389062,-4.965795121241456,-5.7321699786501625,122.01775337528987,79.46924842524724,5.169087105256854,-0.023373189953300733,-0.02365067529774173,0.04257447953867281
2022-11-18,94.13999938964844,95.98999786376952,92.4800033569336,95.9499969482422,72428200,99.48450088500977,110.67900039672851,99.5089300391974,39.22386122042652,-4.847627984358439,-5.555261579791818,119.13030143282629,79.83870033719325,5.05058049108393,-0.007485493894513584,-0.007513650804188213,0.04129387266190914
2022-11-21,92.45999908447266,95.0199966430664,90.58999633789062,93.97000122070312,84330300,98.11650085449219,109.79920043945313,98.83760328160456,37.4917564644916,-4.83382038881615,-5.4109733415966845,115.59889215462495,80.63410955435943,5.006253334947634,-0.017845764989037338,-0.018006920831346168,0.04116114710565301
2022-11-22,93.1999969482422,93.3499984741211,90.87000274658205,92.62000274658205,62192000,96.74650077819824,109.12680038452149,98.3006883927129,38.774274668335686,-4.708885031223716,-5.270555679522091,110.95421958962028,82.5387819667762,4.825806362989878,0.008003437930963697,0.007971580289157953,0.041198022506511923
2022-11-23,94.12999725341795,94.58000183105467,92.83000183105467,93.23999786376952,59414700,95.67000045776368,108.43840026855469,97.90347971278004,40.42852749826813,-4.483150638039291,-5.113074671225531,106.94160025264395,84.3984006628834,4.6061059084906,0.009978544373689502,0.009929087433161404,0.0408881785834367
2022-11-25,93.41000366210938,94.43000030517578,93.06999969482422,93.79000091552734,35088600,94.79250068664551,107.78100036621093,97.47552961271617,39.53786857373865,-4.312638557921829,-4.952987448564791,103.63747915157205,85.94752222171897,4.374241244337812,-0.007648928209040617,-0.007678331291085061,0.04022496376812157
2022-11-28,93.9499969482422,96.4000015258789,93.43000030517578,93.93000030517578,74943100,94.31950035095215,107.18940032958984,97.13976459705198,40.59490895575508,-4.086823206708971,-4.779754600193627,102.23331218711354,86.40568851479077,4.2753667171543634,0.00578089353348199,0.0057642482872482335,0.037717412977030684
2022-11-29,92.41999816894533,94.41000366210938,91.44000244140624,94.04000091552734,65567300,93.8185001373291,106.54460021972656,96.6902630324704,38.53903551876178,-3.985380048332729,-4.6208796898214475,100.82974280818578,86.80725746647241,4.182126324550705,-0.016285245651894598,-0.016419307746887702,0.03779947330815309
2022-11-30,96.54000091552734,96.54000091552734,91.52999877929688,92.47000122070312,102805800,93.80600013732911,106.03160018920899,96.67595235466631,46.40955299665282,-3.5318231661358794,-4.403068385084334,100.79686908988585,86.81513118477237,4.24126031109926,0.04457912603558567,0.043614054085946284,0.03733821598892076
2022-12-01,95.5,97.2300033569336,94.91999816894533,96.98999786376952,68488000,93.975,105.57080017089844,96.56395689231712,44.84830862763738,-3.219186671452377,-4.166292042357943,100.95808059269801,86.99191940730198,4.1033135165913315,-0.010772746070691896,-0.010831192229061232,0.03566554094795307
2022-12-02,94.12999725341795,95.36000061035156,93.77999877929688,94.4800033569336,72496400,94.21649971008301,105.10720016479492,96.33215121242196,42.805465026361084,-3.0468456292316546,-3.942402759732686,100.86208558799733,87.5709138321687,3.9330769240278878,-0.014345578498241363,-0.014449471106160716,0.03505378124593011
2022-12-05,91.01000213623048,94.05999755859376,90.81999969482422,93.0500030517578,71535500,94.21799964904785,104.65180023193359,95.8252798718323,38.50403864845232,-3.125987208016909,-3.7791196493895307,100.86067578678791,87.5753235113078,3.888571255068306,-0.03314559872755318,-0.03370736231877902,0.035753714253643896
2022-12-06,88.25,91.04000091552734,87.9000015258789,90.5,75503600,94.103999710083,104.11380020141601,95.10382464594352,35.14004070212732,-3.3725400431973327,-3.697803728151091,101.06649180743688,87.14150761272913,3.8351018361097435,-0.03032636052572668,-0.03079571824833874,0.03640526000198426
2022-12-07,88.45999908447266,89.88999938964844,87.4800033569336,88.33999633789062,68086900,94.02799949645996,103.59480010986329,94.47107935437487,35.60106181068913,-3.510522650424093,-3.6603475126056915,101.19895978808422,86.85703920483569,3.7333085644386794,0.0023795930251859776,0.002376766277155038,0.03638830865760398
2022-12-08,90.3499984741211,90.86000061035156,87.87999725341797,89.23999786376953,73305900,94.23849945068359,103.04160003662109,94.07859546101737,39.75172686237885,-3.42785354351669,-3.6138487187878914,100.68108121176301,87.79591768960417,3.6795010496168876,0.021365582288144003,0.021140538059143867,0.03525863422147704
2022-12-09,89.08999633789062,90.3000030517578,88.62999725341797,88.9000015258789,67398500,93.86149940490722,102.52739990234375,93.60349078262435,37.99362507610352,-3.424533433091767,-3.5759856616486667,100.57684810192379,87.14615070789065,3.539536776123047,-0.01394579034322141,-0.014043946522882085,0.021600475485713543
2022-12-12,90.5500030517578,90.58000183105467,87.87000274658203,89.20999908447266,61999800,93.34949951171875,102.0783999633789,93.31268242730373,41.23673867452094,-3.2664384128994612,-3.514076211898826,99.40257373420044,87.29642528923705,3.480284083862304,0.01638799835988114,0.016255164405059457,0.019249358843073754
2022-12-13,92.48999786376952,96.25,90.5199966430664,95.2300033569336,100212000,93.04949951171875,101.61059997558594,93.23433151649094,45.32856061211998,-2.9505930028117007,-3.401379570081401,98.63004711011354,87.46895191332396,3.6409783176531105,0.02142456926150338,0.021198289437405628,0.019652046116119162
2022-12-14,91.58000183105467,93.45999908447266,89.87000274658203,92.5,70298000,92.68149948120117,101.02040008544923,93.07677630835416,43.7883057404516,-2.742103057314921,-3.2695242675281055,97.589971253746,87.77302770865634,3.637336747670076,-0.009838858835905628,-0.009887580246293281,0.01962577669437452
2022-12-15,88.44999694824219,89.97000122070312,87.47000122070312,89.88999938964844,84802900,92.24799919128418,100.37040008544922,92.63613065501016,38.89297512562885,-2.7971941954285313,-3.175058253108191,97.04200228122524,87.45399610134312,3.6710984521473238,-0.03417782070573294,-0.03477554111983294,0.020544593975481126
2022-12-16,87.86000061035156,89.3499984741211,86.7300033569336,88.2699966430664,146144100,91.8984992980957,99.7216000366211,92.18126112694743,38.02992049318415,-2.855545146028149,-3.1111556316921827,96.89756832949396,86.89943026669744,3.5960196425073363,-0.006670394101153776,-0.006692740608663019,0.020069494341732542
2022-12-19,84.91999816894531,87.62999725341797,84.51000213623047,87.51000213623047,83531500,91.43749923706055,99.12880004882813,91.48971227380437,33.983106382962404,-3.103249987025748,-3.109574502758896,97.17122734584031,85.70377112828079,3.578446701908319,-0.033462353983410575,-0.03403503022155705,0.021143993932297607
2022-12-20,85.19000244140625,86.61000061035156,84.33000183105469,85.33000183105469,74348300,91.07399940490723,98.55920013427735,90.88973990881406,34.67065556067047,-3.240417256818702,-3.1357430535708573,97.39414588804027,84.75385292177418,3.4857004217217873,0.0031795134041781026,0.003174469440173832,0.020990064177243053
2022-12-21,86.7699966430664,87.2300033569336,85.20999908447266,86.18000030517578,59267200,90.75249938964843,98.05040008544921,90.49738340731429,38.69429549402757,-3.184917235506191,-3.145577889957924,97.25878230487324,84.24621647442363,3.382436171279327,0.018546709195681466,0.018376816404560806,0.021431891423103276
2022-12-22,83.79000091552734,85.68000030517578,82.25,85.5199966430664,81431300,90.23549957275391,97.46820007324219,89.85858507476314,34.39188696431499,-3.342859416611958,-3.1850341952887313,97.21234275335812,83.2586563921497,3.4636904906926893,-0.034343619255829294,-0.034947221566029855,0.02225679991686121
2022-12-23,85.25,85.77999877929688,82.93000030517578,83.25,57433700,89.82749938964844,96.92260009765624,89.41967221049998,38.02756082130582,-3.312040863256982,-3.210435528882382,96.96654905500343,82.68844972429345,3.419855346651861,0.01742450254827599,0.017274436611979943,0.022832025924691125
2022-12-27,83.04000091552734,85.3499984741211,83.0,84.97000122070312,57284000,89.2819995880127,96.44540008544922,88.81208446812164,34.87698125607386,-3.4264474408626597,-3.253637911278438,96.73792205764599,81.8260771183794,3.343436998613949,-0.025923742926365456,-0.026265685720911106,0.02319216047579774
2022-12-28,81.81999969482422,83.4800033569336,81.69000244140625,82.80000305175781,58228600,88.75199966430664,95.80600006103515,88.1461716325695,33.23977673564005,-3.574356424503094,-3.317781613923369,96.72909573111377,80.7749035974995,3.2324772783934774,-0.01469172937442731,-0.014800721671305868,0.023157306646374425
2022-12-29,84.18000030517578,84.55000305175781,82.55000305175781,82.87000274658203,54995900,88.13399963378906,95.16240005493164,87.76844102996057,39.18678502925494,-3.461243967845732,-3.3464740847078422,95.49310341335116,80.77489585422695,3.196586284003486,0.02884381103830358,0.028435658196292006,0.02156770455770642
2022-12-30,84.0,84.05000305175781,82.47000122070312,83.12000274658203,62401200,87.55899963378906,94.54100006103516,87.40954188425005,38.902142302313294,-3.347537720246777,-3.346686811815629,94.29697460805201,80.8210246595261,3.0904014840369984,-0.002138278742257471,-0.002140568124387558,0.021566297869115025
2023-01-03,85.81999969482422,86.95999908447266,84.20999908447266,85.45999908447266,76706000,87.14349975585938,93.95240005493164,87.25815691382854,43.380408885545556,-3.075117889973896,-3.292373027447282,93.1998161588939,81.08718335282487,3.08108702692526,0.021666663033621747,0.021435277164066735,0.022337604403804227
2023-01-04,85.13999938964844,86.9800033569336,83.36000061035156,86.55000305175781,68885100,86.84999961853028,93.26880004882813,87.05642762581138,42.13767815539409,-2.88088451008781,-3.210075323975388,92.69356305732461,81.00643617973594,3.1195810069007437,-0.007923564525679994,-0.007955122776173124,0.02131629356270056
2023-01-05,83.12000274658203,85.41999816894531,83.06999969482422,85.33000183105469,67930800,86.59349975585937,92.53480010986328,86.68153001826572,38.600159646476094,-2.85701610124687,-3.1394634794296845,92.61634294361865,80.57065656810009,3.064610825987912,-0.023725589118479662,-0.02401157339665977,0.02092016445773842
2023-01-06,86.08000183105469,86.4000015258789,81.43000030517578,83.02999877929688,83303400,86.47449989318848,91.84440017700196,86.62424161948371,45.782897780391345,-2.5696319097896776,-3.0254971655016836,92.43889158640316,80.5101081999738,3.2007101398961413,0.035611152390083056,0.0349917378504728,0.022603598292667833
2023-01-09,87.36000061035156,89.4800033569336,87.08000183105469,87.45999908447266,65266100,86.325,91.2784001159668,86.69431390432828,48.583968088701724,-2.2130816359714487,-2.8630140595956366,92.0379232317345,80.61207676826551,3.2149452388949102,0.01486987397850048,0.014760401298199752,0.022308248530442953
2023-01-10,89.87000274658203,90.19000244140624,87.29000091552734,87.56999969482422,67756600,86.36400032043457,90.85660018920899,86.99676046073341,53.64179054721351,-1.7082847366599054,-2.6320681950084905,92.16191164233842,80.56608899853072,3.192449259393766,0.028731709234134817,0.028326693248784427,0.023077376675502075
2023-01-11,95.08999633789062,95.26000213623048,90.93000030517578,90.93000030517578,103126200,86.59099998474122,90.69020004272461,87.76754482998649,62.01130021931269,-0.8769112129734111,-2.2810367986014746,93.30916475142287,79.87283521805956,3.349417125840529,0.058083825879343465,0.05645956080731301,0.026237254915062052
2023-01-12,95.2699966430664,97.19000244140624,93.5,96.93000030517578,85254800,86.72999992370606,90.54679992675781,88.48206405027982,62.264296286734165,-0.2011979012623044,-1.8650690191336405,94.0212148638818,79.43878498353033,3.3737446483809364,0.0018929468094222024,0.0018911574433712077,0.025867423253039687
2023-01-13,98.12000274658205,98.37000274658205,94.12000274658205,94.18000030517578,85549400,87.05699996948242,90.5733999633789,89.39996297373716,66.11248447877148,0.5578508828517812,-1.3804850387365561,95.6579317995145,78.45606813945034,3.4363343163537263,0.029915043601747238,0.0294763168996709,0.026447069279328588
2023-01-17,96.0500030517578,98.88999938964844,95.7300033569336,98.68000030517578,72755000,87.4370002746582,90.65199996948242,90.03330012402483,61.22857947655225,0.981061767879936,-0.9081756774132577,96.88078977824844,77.99321077106796,3.4165958675223775,-0.02109661268732843,-0.021322326395198862,0.02560720875422341
2023-01-18,95.45999908447266,99.31999969482422,95.37999725341795,97.25,79570400,87.81700019836425,90.77519989013672,90.55012859644845,59.870986820313576,1.2543912129717825,-0.47566229933624965,97.88901472097655,77.74498567575196,3.4539820513712267,-0.00614267515397382,-0.006161619000101003,0.02559542766548428
2023-01-19,93.68000030517578,95.44000244140624,92.86000061035156,94.73999786376952,69002700,88.25500030517578,90.82919982910157,90.84821161632723,55.84779462498274,1.3122489529377646,-0.11808004888144685,98.54453528340727,77.9654653269443,3.3929832244247886,-0.01864654092151996,-0.018822579439957077,0.02463635536082528
2023-01-20,97.25,97.3499984741211,93.1999969482422,93.86000061035156,67481500,88.85800018310547,90.96359985351563,91.45790574810559,61.44384076655234,1.6274109875074885,0.2310181583963402,99.7540203821558,77.96197998405515,3.4470559602429387,0.03810845093076898,0.037400259951453026,0.02570016014706462
2023-01-23,97.5199966430664,97.77999877929688,95.86000061035156,97.55999755859376,76501100,89.39550018310547,91.11439971923828,92.03524773810186,61.83778731706002,1.8773250090530809,0.5602795285276884,100.87163698762056,77.91936337859038,3.3379804037216796,0.002776315095798454,0.0027724682514327437,0.02556731612341932
2023-01-24,96.31999969482422,98.08999633789062,96.0,96.93000030517578,66929500,90.02200012207031,91.31799972534179,92.44331935302779,58.954632687282846,1.9560063234064842,0.8394248875034476,101.57349879330991,78.47050145083071,3.248838684733747,-0.012305137300550828,-0.012381472357830799,0.024166087791582934
2023-01-25,97.18000030517578,97.23999786376952,91.5199966430664,92.55999755859376,94261600,90.61850013732911,91.32899978637695,92.89443182466093,60.380332592259094,2.063964594755234,1.084332828953805,102.35335713560974,78.88364313904847,3.4253502944458445,0.008928577793566816,0.008888953725914,0.024052535695034086
2023-01-26,99.22000122070312,99.48999786376952,96.91999816894533,98.23999786376952,68523600,91.4275001525879,91.29759979248047,93.49686700523638,63.60934786237558,2.287761437708639,1.3250185507047718,103.19182668485611,79.66317362031968,3.3642538230442978,0.02099198301215366,0.020774687057825685,0.022951395605709156
2023-01-27,102.23999786376952,103.48999786376952,99.52999877929688,99.52999877929688,87775600,92.44850006103516,91.37259979248047,94.32954613462049,67.79397852305831,2.677940902287588,1.595603021021335,104.24472080529517,80.65227931677515,3.4289497387601613,0.03043737760442844,0.029983350559053976,0.022697172925409258
2023-01-30,100.5500030517578,101.73999786376952,99.01000213623048,101.08999633789062,70691900,93.26700019836426,91.4047998046875,94.92197060291927,63.400357480115545,2.8183048179962213,1.8401433804163125,104.92565820206644,81.60834219466207,3.414738737958652,-0.01652968356145279,-0.016667823165641346,0.023129958169306783
2023-01-31,103.12999725341795,103.3499984741211,101.13999938964844,101.16000366210938,66527300,94.22350006103515,91.52499969482422,95.70368742677628,66.92451811862674,3.1019706162708047,2.092508827587211,105.82285444584625,82.62414567622406,3.3708285011304118,0.025658817736008643,0.025335155126435763,0.023249199363511774
2023-02-01,105.1500015258789,106.23999786376952,101.23999786376952,102.52999877929688,80450100,95.19000015258788,91.73099975585937,96.60333638859558,69.40823256400456,3.4500057492888345,2.3640082119275356,107.04590398181227,83.3340963233635,3.487197893906811,0.019586971068148662,0.0193976149644124,0.023201535275763276
2023-02-02,112.91000366210938,114.0,108.87999725341795,110.25,158154200,96.57850036621093,92.10639984130859,98.15635231940641,76.65932103986103,4.3023980524149295,2.7516861800250147,109.82425161117132,83.33274912125054,3.870255078207831,0.07379935352944922,0.07120315696615197,0.02672246255856066
2023-02-03,103.38999938964844,108.77999877929688,102.5199966430664,105.26000213623048,144374800,97.59200019836426,92.32499984741212,98.6547948975247,58.37799173184354,4.16176606244656,3.0337021565093236,109.60841690876588,85.57558348796265,4.335951645410341,-0.08431497620839845,-0.08808283393109906,0.03378966907819176
2023-02-06,102.18000030517578,103.9499969482422,100.6500015258789,102.93000030517578,81945200,98.39700012207031,92.50459991455078,98.99052874587242,56.53265853557284,3.9076326269584882,3.2084882505991565,109.32892121415594,87.46507902998468,4.261954772335552,-0.011703250716856073,-0.011772272805910223,0.0336701426211123
2023-02-07,102.11000061035156,102.41000366210938,98.08000183105467,101.16999816894533,119501300,99.1345001220703,92.66419998168945,99.28762130439425,56.42154514310132,3.658409787294289,3.2984725579381835,108.91843985228367,89.35056039185694,4.266815276529777,-0.0006850625818668465,-0.0006852973444615529,0.033710744171492286
2023-02-08,100.0500030517578,102.66999816894533,98.77999877929688,102.04000091552734,75878300,99.6435001373291,92.79699996948243,99.36022908985744,53.113100338923466,3.257128158526612,3.290203678055869,108.45772723793651,90.82927303672169,4.239899856038254,-0.02017429777965285,-0.02038057801277048,0.033929405533056144
2023-02-09,98.23999786376952,101.77999877929688,97.56999969482422,101.31999969482422,64622500,99.80100021362304,92.88279998779296,99.25354040165858,50.321030716094214,2.7612275721764945,3.1844084568799946,108.39393095004989,91.20806947719619,4.237764086640711,-0.01809100582487666,-0.018256648878253772,0.03198651201632289
2023-02-10,97.61000061035156,98.81999969482422,96.2300033569336,97.55999755859376,52740100,99.91800041198731,92.9866000366211,99.09701280248649,49.34863452138859,2.2909782997243724,3.0057224254488704,108.32263006690894,91.51337075706567,4.120066390301419,-0.006412838631079554,-0.006433489213979846,0.032043486918483174
2023-02-13,99.54000091552734,99.68000030517578,96.91000366210938,97.8499984741211,52841500,99.98900032043457,93.0466000366211,99.13920214658562,52.38425655917426,2.050401506053987,2.814658241569894,108.35557986594148,91.62242077492766,4.023632836927489,0.019772567289289666,0.019579629188155288,0.031651393734166165
2023-02-14,99.6999969482422,100.91999816894533,97.5199966430664,98.41000366210938,56202900,100.17150001525879,93.13059997558594,99.19261117531482,52.63766795272866,1.851312231502547,2.6219890395564245,108.34340269640657,91.999597334111,3.9790877432811627,0.0016073541414836079,0.0016060637303955492,0.031213822745098763
2023-02-15,101.16000366210938,101.16999816894533,98.4499969482422,99.08999633789062,47957600,100.45650024414063,93.27120010375977,99.37998188834288,54.9916285502694,1.7907008029003322,2.455731392225206,108.34388717493766,92.56911331334359,3.8891529916684457,0.014643999584324163,0.014537811644538115,0.03126277965725458
2023-02-16,98.1500015258789,100.62999725341795,98.0999984741211,99.20999908447266,56339200,100.68000030517578,93.41400009155274,99.26284090144156,49.52649998829485,1.4826922391064272,2.2611235616014507,108.02103977311816,93.3389608372334,3.8299281485484338,-0.02975486385196624,-0.03020652173405669,0.0317691340085389
2023-02-17,97.1999969482422,97.94000244140624,95.6500015258789,97.8000030517578,60029400,100.6775001525879,93.59300003051757,99.06637957256544,47.908206481188046,1.148694369666032,2.038637723214367,108.0232431184824,93.3317571866934,3.734933280794974,-0.009679109147911924,-0.009726256199159627,0.030756057546323563
2023-02-21,94.58000183105467,95.61000061035156,94.2699966430664,95.33999633789062,56580400,100.5305004119873,93.71540008544922,98.63910550194537,43.67017611058368,0.6649221336089965,1.763894605293293,108.23215189071144,92.82884893326317,3.6774380682507473,-0.02695468312187954,-0.027324623494127544,0.031349344019051886
2023-02-22,95.79000091552734,97.01000213623048,94.8000030517578,95.0999984741211,59534100,100.50400047302246,93.82420013427735,98.36776220800078,46.044076676267586,0.3748449852189992,1.4860846812784343,108.26682407980462,92.7411768662403,3.588335370888252,0.012793392483054333,0.012712248376870747,0.0313777973366735
2023-02-23,95.81999969482422,96.43000030517578,93.66999816894533,96.12000274658205,48467000,100.43600044250488,93.95880020141601,98.12511815912683,46.10471931537093,0.14569789140757905,1.2180073233042632,108.33670367502008,92.53529720998968,3.5291687112698376,0.000313172345862478,0.0003131233176392935,0.031310669308848654
2023-02-24,93.5,94.13999938964844,92.31999969482422,93.52999877929688,57053800,100.15000038146972,94.01780014038086,97.68463071540046,42.15840091835101,-0.22056488300511035,0.9302928820423885,108.60102499596637,91.69897576697308,3.5270852318934205,-0.024212061179431754,-0.024509991975448668,0.03132929535203704
2023-02-27,93.76000213623048,94.77999877929688,93.13999938964844,94.27999877929688,47470300,99.72600059509277,94.04320022583008,97.31085656500332,42.74982260874855,-0.4842684260735268,0.6473806204192054,108.55739410795724,90.8946070822283,3.3922933860187787,0.0027807715104863906,0.002776912318089041,0.030395655264125094
2023-02-28,94.2300033569336,94.69000244140624,92.91999816894533,93.13999938964844,43959300,99.41000061035156,94.09620025634766,97.0174419737586,43.86715090233858,-0.6478620627112406,0.38833208379311623,108.54780606550823,90.2721951551949,3.2764155921932168,0.005012811540044737,0.005000289230826088,0.030305279164286134
2023-03-01,92.16999816894533,94.68000030517578,91.58999633789062,93.87000274658205,52299500,98.86200065612793,94.17060028076172,96.55578065901447,40.16693812482566,-0.932981570085019,0.12406935301748917,108.34957804987825,89.37442326237762,3.263100476128355,-0.021861457228067538,-0.02210395970404292,0.029815444158070806
2023-03-02,92.12999725341795,92.2300033569336,90.38999938964844,91.41000366210938,55509400,98.21100044250488,94.25600021362305,96.13427747752908,40.096212479090376,-1.1489244871283688,-0.13052941501168241,107.67012845015302,88.75187243485675,3.161450725496698,-0.0004339906295109941,-0.0004340848307001873,0.029271386256929353
2023-03-03,94.9000015258789,94.94000244140624,92.66000366210938,92.73999786376952,55759600,97.31050033569336,94.45560028076171,96.01672738689574,47.04926312999378,-1.084048374904711,-0.3212332069902881,104.03448014907711,90.58652052230961,3.136347472817526,0.030066258059702644,0.029623128385877155,0.024171680335089575
2023-03-06,93.75,96.5500030517578,93.73999786376952,95.19000244140624,52112400,96.82850036621093,94.6268002319336,95.80084858814377,44.728107323759374,-1.112603697877617,-0.4795073051677539,103.10751138922669,90.54948934319518,3.1130373096154367,-0.012118034851298809,-0.012192056844170188,0.016361229902616105
2023-03-07,93.5500030517578,95.08999633789062,92.77999877929688,94.05999755859376,49100700,96.39700050354004,94.76240036010742,95.58648234658321,44.31861358221586,-1.1382510300052928,-0.6112560501352617,102.32179666121834,90.47220434586174,3.0556773273996023,-0.0021333007812501803,-0.0021355795087460443,0.0162870851335279
2023-03-08,93.91999816894533,94.16999816894533,92.18000030517578,93.5999984741211,44899100,95.98750038146973,94.96500030517578,95.42776956776055,45.31604709327715,-1.115858291925079,-0.7121764984932253,101.38489625162491,90.59010451131455,2.979557365711741,0.003955051898638873,0.003947251242114644,0.0163737478061787
2023-03-09,92.25,96.20999908447266,92.18000030517578,93.68000030517578,56218700,95.59750022888184,95.10500030517578,95.12512484702145,41.686333951029454,-1.218817017254736,-0.8135046022455275,100.89055964042927,90.30444081733441,3.0545888952535365,-0.017781071140368865,-0.017941053663252313,0.01625799727223702
2023-03-10,90.7300033569336,93.56999969482422,90.25,92.66999816894533,69827500,95.22200050354004,95.25880035400391,94.70654184796547,38.65173958944417,-1.4068463260937563,-0.9321729470151733,100.7712729034904,89.67272810358969,3.0735468095085854,-0.0164769283801236,-0.016614182739941783,0.016187828210473796
2023-03-13,92.43000030517578,94.0199966430664,88.12000274658203,89.97000122070312,72397100,94.96300048828125,95.47100036621094,94.48972836769978,43.597106552064616,-1.402518007220749,-1.0262419590562886,100.5257915374526,89.4002094391099,3.275435887149713,0.01873687738723384,0.01856350439768763,0.016937227507173535
2023-03-14,94.87999725341795,95.06999969482422,92.70999908447266,93.83000183105467,60912700,94.73000030517578,95.68500030517578,94.52689683300628,49.869077683890836,-1.1877024110106618,-1.0585340494471633,99.8816096887208,89.57839092163076,3.2300475658996217,0.0265065123894086,0.026161301723076753,0.017463838528096392
2023-03-15,96.1999969482422,96.66999816894533,93.06999969482422,93.22000122070312,70731800,94.55500030517578,95.92900024414062,94.686239701124,52.907495051927924,-0.9005654023015666,-1.026940320018044,99.23566093593462,89.87433967441694,3.256472630772585,0.013912307472971452,0.013816419647147053,0.01781998391378129
2023-03-16,100.04000091552734,100.98999786376952,95.61000061035156,95.75,84446900,94.49900016784667,96.2134002685547,95.19612172154336,60.422548678723,-0.3590125530474495,-0.8933547666239252,98.87939653677297,90.11860379892038,3.40815296096154,0.039916882423095545,0.03914078921242471,0.019818999814197245
2023-03-17,98.9499969482422,100.66000366210938,97.45999908447266,99.79000091552734,87300200,94.53899993896485,96.48960021972657,95.55363364789564,57.61210353161819,-0.017579582468840727,-0.7181997297929084,99.06423857429586,90.01376130363384,3.3932852192954814,-0.010895681300578275,-0.010955473953869642,0.01876814243940699
2023-03-20,97.70999908447266,98.4800033569336,95.6999969482422,98.41000366210938,62388900,94.56450004577637,96.78140014648437,95.7590017847125,54.506121799037885,0.15120801027600805,-0.544318181779125,99.15471243567605,89.9742876558767,3.3830505607743757,-0.012531560404374309,-0.012610742620752562,0.018860755240379796
2023-03-21,100.61000061035156,100.8499984741211,98.0,98.13999938964844,58597300,94.86599998474121,97.0720001220703,96.2210016728686,59.94493980013826,0.5130649865960635,-0.3328415481040874,100.15901503155455,89.57298493792787,3.3656897628368085,0.029679680207260972,0.029247763784060337,0.01878424709578461
2023-03-22,98.6999969482422,102.0999984741211,98.61000061035156,100.4499969482422,57475400,95.01149978637696,97.29880004882813,96.45709646099942,55.25921345310379,0.6383593056917078,-0.13860137734492836,100.55230103853326,89.47069853422066,3.3745689129034315,-0.018984232685839375,-0.019166746850565648,0.01927315346541468
2023-03-23,98.70999908447266,101.05999755859376,97.62000274658205,100.43000030517578,57559300,95.15599975585937,97.47559997558594,96.67165861561593,55.278927684532164,0.7300475117970819,0.03512840048347371,100.919852854472,89.39214665724674,3.379242191411166,0.0001013387693993284,0.0001013336349731114,0.01927399805615244
2023-03-24,98.12999725341795,98.3000030517578,96.4000015258789,98.06999969482422,56095400,95.38749961853027,97.53639999389648,96.81054800969231,53.7985647324393,0.7472954188120582,0.17756180414919062,101.23797814438916,89.53702109267138,3.302867574781351,-0.00587581639584811,-0.005893146925693609,0.018394497809208002
2023-03-27,98.04000091552734,99.33999633789062,97.08000183105467,99.06999969482422,46721300,95.60149955749512,97.5918000793457,96.92763876262899,53.558891059934815,0.7451133541195532,0.29107211414326317,101.51101037491178,89.69198874007846,3.2283766413566797,-0.0009171134251455548,-0.0009175342309669643,0.01841093853701565
2023-03-28,97.23999786376952,98.44000244140624,96.29000091552734,98.11000061035156,38720100,95.75199928283692,97.57419998168945,96.9573872484519,51.368130610998485,0.6710945317374097,0.3670765976620925,101.66744114343828,89.83655742223556,3.1513498473939805,-0.008159965772002842,-0.008193440518932924,0.01854743631375836
2023-03-29,100.25,100.41999816894533,98.55999755859376,98.69000244140624,49783300,96.15599937438965,97.6581999206543,97.27096941526601,58.28234780729564,0.8455689064736305,0.4627750594244001,102.14096752840626,90.17103122037304,3.153396308664111,0.0309543624265336,0.03048493870739539,0.01876953423182006
2023-03-30,102.0,103.04000091552734,101.01000213623048,101.5500030517578,53633400,96.64949951171874,97.78899993896485,97.72135328047877,61.69241369898204,1.1122303806233873,0.5926661236641976,102.84904822991041,90.44995079352708,3.1274394948686277,0.0174563591022443,0.017305747097592427,0.018953636820593117
2023-03-31,103.29000091552734,103.48999786376952,101.9499969482422,102.16000366210938,56750300,97.06899948120117,97.98119995117187,98.25170067429292,64.02672888731492,1.4113842538526171,0.7564097497018816,103.84672672194752,90.29127224045483,3.014051024915677,0.012647067799287592,0.012567761597929928,0.018136881157466495
2023-04-03,102.41000366210938,103.29000091552734,101.43000030517578,102.3000030517578,41135700,97.50199966430664,98.08440002441407,98.64772953027543,61.283305292713464,1.5594807069207661,0.9170239411456585,104.47980329700736,90.52419603160591,2.931618852446811,-0.008519675143944028,-0.008556175035560798,0.01798158478969454
2023-04-04,103.9499969482422,104.1999969482422,102.11000061035156,102.75,48662500,98.02199935913086,98.21300003051758,99.1527073796056,64.17615546305913,1.780587298880235,1.0897366126925738,105.28834804025483,90.75565067800689,2.871502958549942,0.015037527888524194,0.014925585099441844,0.01805397659257994
2023-04-05,101.0999984741211,103.91000366210938,100.75,103.91000366210938,45175400,98.38099937438965,98.30860000610352,99.33816367432136,55.85805836367495,1.7061770604698268,1.2130247022480245,105.50938152389377,91.25261722488553,2.894966814956532,-0.027417013542964774,-0.027799874012425067,0.019494970787156726
2023-04-06,102.05999755859376,102.37999725341795,99.8000030517578,100.75,43808000,98.87149925231934,98.40619995117187,99.59738594901397,57.840309073952106,1.7050159509555556,1.3114229519895306,105.5827321055659,92.16026639907278,2.872468771149648,0.009495540049077267,0.009450740780884159,0.018843857916119963
2023-04-10,102.16999816894533,102.1999969482422,99.56999969482422,100.95999908447266,37261200,99.44349899291993,98.46519989013672,99.84239663662649,58.072643513080166,1.6934508460256268,1.38782853079675,105.15761655691776,93.7293814289221,2.8551493770259575,0.0010778033801970288,0.001077222967143844,0.018176406807927366
2023-04-11,99.91999816894533,101.0,99.01000213623048,100.8000030517578,60417800,99.8179988861084,98.41879989624023,99.84978725875209,51.78623478335573,1.4856041017526138,1.407383644987923,104.54004466940502,95.09595310281178,2.876924138146592,-0.02202212039075757,-0.022268227189569913,0.018954590204032735
2023-04-12,97.83000183105467,100.51000213623048,97.70999908447266,100.4000015258789,56735000,99.96549911499024,98.36439987182617,99.65742674182852,46.72635064188082,1.1391078950773306,1.3537284950058044,104.22276884367301,95.70822938630747,2.8714297748331092,-0.020916697119598426,-0.02113855030607884,0.01896678287074751
2023-04-13,102.4000015258789,102.56999969482422,98.70999908447266,98.9499969482422,67925100,100.27549934387207,98.3497999572754,99.9186243403095,56.69095711714289,1.2192136017413304,1.3268255163529097,104.28667174845654,96.2643269392876,3.004898924042855,0.04671368301429957,0.04565543032053212,0.021347013825643413
2023-04-14,102.51000213623048,103.1999969482422,101.11000061035156,102.06999969482422,51450500,100.39899940490723,98.29699996948243,100.16542222563533,56.899929690140254,1.2768552883951259,1.3168314707613529,104.52404530075594,96.27395350905852,2.9395487393176967,0.001074224694457504,0.0010736481279814353,0.019534301270757334
2023-04-17,102.73999786376952,103.7300033569336,101.58999633789062,103.16000366210938,39919500,100.5884994506836,98.09359985351563,100.41061990545762,57.3631685496108,1.3258123341139338,1.3186276434318691,104.77759191880324,96.39940698256396,2.8824386164409304,0.0022436418178333195,0.0022411286119837716,0.019318777974676536
2023-04-18,102.3000030517578,104.1999969482422,101.5199966430664,103.9499969482422,39790500,100.81799964904785,98.07179992675782,100.59056115748622,56.120484042729004,1.3139607201535028,1.317694258776196,104.8511758646257,96.78482343347,2.867978737064849,-0.004282604839014548,-0.004291801457498827,0.019077477964353582
2023-04-19,104.3000030517578,105.12000274658205,101.38999938964844,101.58000183105467,58398900,101.00249977111817,98.11419998168945,100.94384133789303,60.32759007361351,1.449245515823776,1.344004510185712,105.30907219301059,96.69592734922574,2.9295519241983317,0.019550341547772243,0.01936168847711433,0.018440915818220403
2023-04-20,103.80999755859376,105.25,103.20999908447266,103.52999877929688,57696900,101.25799980163575,98.14819992065429,101.2168085970074,58.83910887779907,1.499633501400524,1.3751303084286746,105.59407520205174,96.92192440121975,2.8660125664361185,-0.004698039106680318,-0.00470910957902097,0.017854179889068327
2023-04-21,106.95999908447266,108.1500015258789,105.08000183105467,106.0999984741211,86774200,101.67049980163574,98.2863998413086,101.76377911962314,64.84419123585079,1.773303600410813,1.4547649668251021,106.5000983886257,96.84090121464578,2.971297666496763,0.030343912917452087,0.029892642547029304,0.018875977245524592
2023-04-24,106.20999908447266,109.2300033569336,105.06999969482422,107.66000366210938,69575600,102.07449989318847,98.44579986572266,102.187228640085,62.505942593746155,1.9076798477788657,1.545347943015855,107.00263719896088,97.14636258741606,3.0562052376119495,-0.007011967150520215,-0.007036666520682404,0.018909542331104243
2023-04-25,102.56999969482422,105.4499969482422,102.4499969482422,104.91000366210938,65026800,102.30099983215332,98.54499984741211,102.22368302625064,52.59358196961051,1.70085012049951,1.576448378512586,106.86991611784696,97.73208354645969,3.106476444656128,-0.03427172037496595,-0.03487276836944828,0.020758766883345537
2023-04-26,104.9800033569336,106.62000274658205,104.0999984741211,105.04000091552734,73803800,102.68800010681153,98.65379989624023,102.48618972441092,57.409405479644036,1.711672134901903,1.6034931297904493,106.76090852312723,98.61509169049583,3.173871202306249,0.023496184744855597,0.023224398457013323,0.021109905119906583
2023-04-27,109.81999969482422,110.86000061035156,106.8000030517578,108.16000366210938,149961200,103.16650009155273,98.85619995117187,103.18464781683123,65.0813127209135,2.0867412599218227,1.7001427558167241,108.13208653694132,98.20091364616415,3.3671659202428006,0.046103983455159314,0.04507277127081395,0.022360945234292755
2023-04-28,105.4499969482422,109.4800033569336,104.33000183105467,107.7300033569336,130715900,103.33899993896485,98.94199981689454,103.40039535315609,55.38126496597393,2.0082141016212347,1.7617570249776264,108.36978030023903,98.30821957769066,3.518796773351854,-0.039792412663683274,-0.04060578108740084,0.02424136229971432
2023-05-01,102.0500030517578,105.2300033569336,101.81999969482422,104.9499969482422,74728100,103.27700004577636,99.01999984741211,103.27178656254672,49.23296975071517,1.6525797596248992,1.739921571907081,108.33913373726918,98.21486635428354,3.526739664785149,-0.0322427121373291,-0.032773958824064836,0.025255039177025956
2023-05-02,103.62999725341795,103.9000015258789,101.1500015258789,101.47000122070312,73469400,103.3379997253418,99.14859985351562,103.30590186643923,51.90507250408729,1.4811554706191856,1.688168351649502,108.38625670441692,98.28974274626668,3.4712582601576387,0.015482549283793778,0.01536391753200235,0.02541377064585418
2023-05-03,103.6500015258789,105.95999908447266,103.27999877929688,103.73999786376952,65051900,103.32299995422363,99.32999984741211,103.33867326257634,51.93956392245435,1.3315652092797592,1.6168477231755536,108.36567379443841,98.28032611400886,3.414739834801792,0.00019303553981608879,0.00019301691085360208,0.02519491793266988
2023-05-04,104.0,105.38999938964844,103.30999755859376,104.04000091552734,45345500,103.46800003051757,99.49419982910156,103.4016567613786,52.58032835245839,1.2271104359746943,1.5389002657353819,108.41246947289198,98.52353058814316,3.319401405962712,0.0033767339022539034,0.0033710455381283566,0.024347899943309725
2023-05-05,105.66000366210938,105.76000213623048,103.5500030517578,104.2699966430664,56951700,103.64800033569335,99.69099990844727,103.61673741859106,55.60365768781704,1.2637104306649292,1.4838622987212915,108.636252476385,98.65974819500171,3.2401583829991383,0.015961573674128537,0.015835527254169667,0.0244993791351549
2023-05-08,105.83000183105467,106.0999984741211,104.6999969482422,105.04000091552734,49430900,103.83100051879883,99.93759994506836,103.82752450549235,55.91365001217954,1.291545489205177,1.4453989368180686,108.85733428957231,98.80466674802535,3.108718607490549,0.0016089169321718,0.0016076240119395433,0.0244985931145935
2023-05-09,106.62000274658205,106.79000091552734,105.16000366210938,105.4800033569336,44089400,104.16600074768067,100.1947999572754,104.09347481416755,57.40218519714316,1.3616551324431043,1.4286501759430759,108.99421463803588,99.33778685732545,3.003095653628222,0.007464810562779034,0.007437086747609702,0.023852709601095163
2023-05-10,110.19000244140624,110.66999816894533,108.0500030517578,108.0999984741211,78627600,104.78400077819825,100.51399993896484,104.67409649295219,63.41387593783884,1.6858532031431963,1.4800907813831,109.36796151614593,100.20004004025057,3.0778742085378687,0.033483395262233095,0.032935033500925935,0.024020585109947683
2023-05-11,112.18000030517578,113.27999877929688,110.48999786376952,111.02999877929688,74924800,105.27300071716309,100.91419998168945,105.38894447506873,66.27132019595038,2.079388806606161,1.5999503864277123,110.73740220309132,99.80859923123485,3.0787400749202094,0.01805969525073503,0.01789855614458502,0.02227024002582773
2023-05-12,110.26000213623048,112.63999938964844,109.31999969482422,112.16000366210938,49852700,105.66050071716309,101.2768000793457,105.85285472851271,61.29700281181301,2.210855436222758,1.7221313963867215,111.37943969205384,99.94156174227234,3.095972904913353,-0.01711533396079612,-0.017263494264582263,0.022795921591701886
2023-05-15,111.1999969482422,112.29000091552734,109.25,111.1500015258789,53011100,106.08350067138672,101.60279998779296,106.36210636848693,62.7703534258308,2.3636467642455443,1.8504344699584863,112.1185552253178,100.04844611745563,3.091974905671495,0.008525256609829501,0.008489121836596263,0.022815198339576508
2023-05-16,113.4000015258789,114.79000091552734,111.0500030517578,111.0500030517578,71472900,106.63850059509278,101.99580001831055,107.03238209776237,66.02979012592183,2.6319178648811885,2.0067311489430266,113.1984586674344,100.07854252275116,3.138262259821356,0.0197842143706235,0.019591050376757332,0.022977698318866993
2023-05-17,115.5,115.83000183105467,114.22000122070312,114.88999938964844,65655200,107.19850044250488,102.43479995727539,107.83882189797548,68.8346177370948,2.9796296554529107,2.2013108502450036,114.70783934703383,99.68916153797593,3.087672120203814,0.018518504813616277,0.018349125212474244,0.022945425818170995
2023-05-18,118.1500015258789,118.5999984741211,116.33999633789062,116.69000244140624,73174100,107.91550064086914,102.91940002441406,108.82083900539486,71.9787921151583,3.429493662603946,2.446947412716792,116.6347034990569,99.19629778268138,3.088552574055048,0.022943736154795724,0.022684486585828632,0.02313914874941565
2023-05-19,116.25,118.30999755859376,115.6999969482422,118.16000366210938,55056300,108.3800006866455,103.39940002441406,109.52837814773821,66.77699347262825,3.5913015959130945,2.6758182493560527,117.8071761162607,98.9528252570303,3.0543702909333703,-0.01608126535201726,-0.01621197208021114,0.022975279736837072
2023-05-22,115.01000213623048,116.7699966430664,114.25,116.7699966430664,70741100,108.8200008392334,103.885,110.05043757521366,63.549164621291936,3.5782304708157255,2.8563006936479876,118.61524654810897,99.02475513035783,3.0162007446571586,-0.010666648290490466,-0.010723944788673759,0.02308529631245783
2023-05-23,114.98999786376952,117.13999938964844,113.77999877929688,114.2699966430664,67576300,109.44100074768066,104.33619995117188,110.52087188840946,63.4958415165672,3.5256162231976305,2.9901637995579167,119.14695483512688,99.73504666023445,3.0407578779210445,-0.00017393506729324049,-0.00017395019575132932,0.021279807167972595
2023-05-24,116.75,117.33999633789062,115.0199966430664,115.3499984741211,63487900,110.02950057983398,104.77360000610352,111.11412218475142,66.18427561210837,3.584615302475939,3.1090541001415213,120.00569278968376,100.0533083699842,2.991417920506763,0.015305697616549097,0.015189747065966132,0.021001281718139145
2023-05-25,115.0,116.87000274658205,114.30999755859376,116.62999725341795,66496700,110.28850059509277,105.14960006713868,111.48420578620366,61.34638993693637,3.450388195899393,3.177320919293096,120.49577651716238,100.08122467302316,2.9606027253268716,-0.01498929336188437,-0.01510276818575663,0.019151818306744787
2023-05-26,120.11000061035156,121.5,116.0199966430664,116.04000091552734,96779900,111.02150077819825,105.55100006103515,112.30571005517012,68.57079061063811,3.71353922153385,3.284564579741247,121.82193936546687,100.22106219092962,3.213416816374952,0.04443478791610045,0.04347586628475364,0.018619733756004633
2023-05-30,121.66000366210938,122.91999816894533,119.86000061035156,122.37000274658205,64314800,112.00200080871582,106.0052001953125,113.1965951605929,70.37923170337122,4.001039109318924,3.4278594856567826,122.92637478936454,101.0776268280671,3.20245829796201,0.01290486257498391,0.012822304345733589,0.016234815834509177
2023-05-31,120.58000183105467,122.04000091552734,119.16999816894533,121.4499969482422,72800800,112.84950103759766,106.46260025024414,113.89977674825593,67.4662734885777,4.094538429643961,3.5611952744542186,123.67388332570643,102.0251187494889,3.1787114728634394,-0.00887721353399129,-0.008916850747085097,0.016628024807809873
2023-06-01,122.7699966430664,123.48999786376952,119.93000030517578,120.69000244140624,54375100,113.80550079345703,106.90580017089843,114.74455959538074,70.16306412653344,4.29583191712868,3.708122602989111,124.5882925536977,103.02270903321636,3.2059461932727467,0.01816217265513198,0.01799921060282327,0.016684537914159484
2023-06-02,124.25,126.38999938964844,124.0199966430664,124.91999816894533,61264400,114.81800079345703,107.41680023193359,115.6498396339159,71.86065009898367,4.522648086313652,3.8710276996540194,125.53041960144405,104.10558198547001,3.235521661366267,0.01205508998453797,0.011983006127262639,0.016653503552437474
2023-06-05,125.3000030517578,125.8000030517578,123.02999877929688,123.36000061035156,47950100,115.80000076293945,107.9486003112793,116.56890281656752,73.03291071467049,4.732573840244783,4.043336927772172,126.57493987805802,105.02506164782088,3.202270419301599,0.00845072878678299,0.008415221280893044,0.016574306638479606
2023-06-06,126.61000061035156,127.4000015258789,125.0,125.06999969482422,45695200,116.8390007019043,108.51820037841797,117.52519784454694,74.4623186430883,4.947614349107198,4.224192412039177,127.57549328755312,106.10250811625548,3.1449654983428355,0.01045488848114906,0.010400614095252173,0.01649323196714573
2023-06-07,121.2300033569336,127.37000274658205,120.62999725341795,127.01000213623048,95663300,117.56950073242187,108.98200042724609,117.87803646477424,60.32107942191803,4.630536740688484,4.305461277769039,127.37298730019293,107.76601416465081,3.401754069401497,-0.04249267220189956,-0.043421904903774046,0.02013907932950299
2023-06-08,124.25,125.62999725341795,122.26000213623048,123.01000213623048,62159300,118.27250061035156,109.5222004699707,118.48489013479573,64.40729266474088,4.570255876665584,4.358420197548348,127.87280938967704,108.67219183102607,3.4730569141931302,0.024911297199049942,0.02460606952762862,0.01962218005048221
2023-06-09,123.43000030517578,125.8000030517578,123.19000244140624,124.08000183105467,51396000,118.83500061035156,109.98580047607422,118.95585300816526,62.52449654265479,4.405531510374885,4.367842460113656,128.25819286590405,109.41180835479908,3.4114100353473042,-0.006599595129369917,-0.006621468748440394,0.01961286474385189
2023-06-12,126.56999969482422,126.77999877929688,123.52999877929688,124.0199966430664,51338000,119.65050048828125,110.4772004699707,119.68100983546613,66.55616556756439,4.476752752935312,4.389624518677987,128.78265874811314,110.51834222844938,3.407023495259718,0.025439515368102628,0.025121316164936732,0.019397616354634703
2023-06-13,126.66000366210938,128.41000366210938,125.18000030517578,128.1199951171875,50564800,120.4235008239746,110.94460052490234,120.34567591419405,66.66686117300068,4.488715550018981,4.409442724946186,129.17282201704026,111.67417963090895,3.394379199664995,0.0007111003199982147,0.0007108476079609743,0.019446044694304287
2023-06-14,126.41999816894533,126.9499969482422,124.12000274658205,126.6999969482422,52422500,121.07450065612792,111.42480041503906,120.92418279559894,66.03914979523486,4.427788920928762,4.4131119641427015,129.57044709058434,112.57855422167151,3.3540659855217925,-0.001894879884926537,-0.0018966774409431106,0.019282423713854135
2023-06-15,127.11000061035156,127.69000244140624,124.31999969482422,125.20999908447266,60458500,121.65500068664551,111.88800048828125,121.51330830176586,67.0011236604159,4.3846381792645275,4.407417207167067,130.134601213904,113.175400159387,3.355204325597523,0.005458016543269828,0.005443175548084132,0.019042478920887725
2023-06-16,125.48999786376952,127.9000015258789,125.3000030517578,127.70999908447266,84247100,122.02200050354004,112.37580047607422,121.89204064100431,62.52320925564726,4.171632243141957,4.360260214362046,130.4983975262022,113.54560348087787,3.301261050492065,-0.012744888197649185,-0.012826801009233037,0.01894171599742148
2023-06-20,125.77999877929688,127.25,124.5,124.97000122070312,56930100,122.49850044250488,112.85020050048828,122.26232236846076,62.99993053995148,3.980341258037953,4.284276423097228,130.69010650993806,114.30689437507169,3.261885261171203,0.002310948445805039,0.002308282311188502,0.01839553745261193
2023-06-21,124.83000183105467,126.7300033569336,123.8499984741211,125.63999938964844,52137700,122.9895004272461,113.30340057373047,122.50686326966017,60.29419602424777,3.7093261569366973,4.169286369865122,130.47346624707004,115.50553460742218,3.2346080912884383,-0.007552845901271921,-0.007581513078945958,0.018276704295439716
2023-06-22,130.14999389648438,130.3300018310547,125.13999938964844,125.30999755859376,90354600,123.74750022888183,113.90800048828125,123.23478047221485,68.46270826895173,3.8791076965419364,4.111250635200485,130.9006544063872,116.59434605137646,3.396421799053551,0.04261789623803569,0.04173475821321792,0.020139665145319147
2023-06-23,129.3300018310547,130.83999633789062,128.27999877929688,129.11000061035156,71927800,124.37650032043457,114.53800048828126,123.81527774448531,66.2020055061198,3.9025085933318024,4.0695022268267484,131.16066667773174,117.5923339631374,3.3366772104492797,-0.006300361919969633,-0.006320292959406817,0.02021633595491145
2023-06-26,127.33000183105467,131.49000549316406,127.0999984741211,129.3300018310547,59989300,124.99300041198731,115.03660049438477,124.15001337177763,60.91825980196779,3.7168254373314795,3.998966868927695,130.34701818322893,119.6389826407457,3.4119150539202576,-0.015464315871677181,-0.015585135619426043,0.020241718885610577
2023-06-27,129.17999267578125,130.08999633789062,127.5500030517578,128.6300048828125,46801000,125.44650001525879,115.57000030517578,124.62905901977798,63.79661390184587,3.676567813408198,3.934487057823796,130.60210882169105,120.29089120882655,3.3653493005570927,0.014529104045574393,0.014424567940817595,0.01820019876525536
2023-06-28,129.0399932861328,131.47999572753906,128.44000244140625,128.94000244140625,52149500,125.81549949645996,116.09600021362304,125.04914799752606,63.415977547549,3.591960688785136,3.865981784016064,130.89002287777728,120.74097611514263,3.3421095852410727,-0.001083754432466999,-0.0010843421189455317,0.018100561533611698
2023-06-29,127.9000015258789,129.25999450683594,127.26000213623048,128.77000427246094,40761000,126.18149948120117,116.60800018310547,125.3206578573692,60.26298096111196,3.3937995169515602,3.7715453306031637,130.72043175360318,121.64256720879918,3.246244069909957,-0.008834406537251538,-0.008873661272556729,0.018099072622786413
2023-06-30,130.36000061035156,131.25,128.9499969482422,129.47000122070312,54350700,126.56099967956543,117.12920013427734,125.80059526241514,64.3787575203844,3.396108502829591,3.6964579650484493,131.16427336093187,121.95772599819897,3.2536550987821813,0.019233769000189582,0.01905113813636069,0.018147509545117794
2023-07-03,130.22000122070312,131.85000610351562,130.07000732421875,130.82000732421875,28264800,126.85949974060058,117.65740020751953,126.22149106796638,63.972663292411646,3.3480474036699803,3.626775852772756,131.59692878931773,122.12207069188344,3.1483939331046598,-0.0010739443770555468,-0.0010745214685311468,0.018045995499133143
2023-07-05,130.3800048828125,131.39999389648438,129.63999938964844,130.24000549316406,35895400,127.11349983215332,118.12580032348633,126.61754000271364,64.25021640812821,3.2850021348822054,3.5584211091946463,132.03056756733454,122.1964320969721,3.049222545514037,0.0012287180203460757,0.0012279637641415527,0.017992912096778082
2023-07-06,128.36000061035156,128.72999572753906,127.37000274658205,128.25,40639900,127.20099983215331,118.56880035400391,126.78348863201249,58.15856961789984,3.037031829796561,3.4541432533150296,132.14134199207496,122.26065767223169,3.0464210877080666,-0.015493205988729275,-0.015614479950363446,0.018294979589126476
2023-07-07,129.77999877929688,130.97000122070312,128.1300048828125,128.58999633789062,41992300,127.62849960327148,119.11300033569336,127.06887055080148,60.960663769684054,2.9214192586077417,3.347598454373572,131.85645936801996,123.400539838523,3.0316764627211064,0.011062622017709689,0.011001878790426247,0.015290567007494647
2023-07-10,127.12999725341795,129.27999877929688,125.91999816894533,129.07000732421875,61889300,127.77249946594239,119.55600021362305,127.07469214152685,53.72915034545634,2.5861509485337706,3.195308953205612,131.7170588754628,123.82794005642197,3.090842473266138,-0.02041918285409683,-0.020630536429565176,0.01531297552101668
2023-07-11,128.77999877929688,129.77000427246094,127.3499984741211,127.75,49951500,128.03999938964844,119.9352001953125,127.23710229750495,57.13848717838414,2.4256285942891225,3.041372881422314,131.46123824122486,124.61876053807202,3.058639940821627,0.012978852839820698,0.01289534927354134,0.01540981591854616
2023-07-12,130.8000030517578,131.25999450683594,128.8300018310547,130.30999755859375,54022800,128.25149955749512,120.44220031738281,127.57642617886236,60.93355032294206,2.4333606678916198,2.9197704387161756,131.80358207595586,124.69941703903437,3.0173082113014438,0.01568569880112225,0.015563949723523061,0.014778201524024663
2023-07-13,134.3000030517578,134.6699981689453,132.7100067138672,134.0399932861328,61170900,128.63349952697754,121.08720031738281,128.21676683342383,66.47278133152426,2.6908902336156046,2.8739943976960616,132.9744558016056,124.29254325234949,3.078214418864733,0.026758409161619312,0.026406663898050423,0.01579481099858415
2023-07-14,134.67999267578125,136.64999389648438,134.05999755859375,134.05999755859375,54487100,129.04649925231934,121.70820022583008,128.8323121517436,67.01953373503193,2.8923055587218585,2.8776566299012214,133.99561276011121,124.09738574452746,3.043341698795154,0.002829408900884234,0.0028254136578632553,0.015752234345618392
2023-07-17,133.55999755859375,135.6199951171875,133.2100067138672,134.55999755859375,48450200,129.36899909973144,122.30640014648438,129.28256790477693,63.721116252623666,2.9278045014229264,2.887686204205562,134.60369373273204,124.13430446673085,2.9981021776898085,-0.008315972513331604,-0.008350743114511814,0.015952125460856198
2023-07-18,132.8300018310547,133.86000061035156,131.35000610351562,132.7100067138672,54882900,129.7359992980957,122.88300018310547,129.62041875489862,61.593335778045116,2.8640184924941536,2.8829526618632806,134.85944044461968,124.61255815157172,2.963237344057389,-0.005465676406731013,-0.005480667866621605,0.015664089948233907
2023-07-19,135.36000061035156,135.99000549316406,132.52999877929688,133.38999938964844,54531000,130.21499938964843,123.47700012207031,130.16704559827508,65.84955935121101,2.983228576240407,2.9030078447387058,135.556139245725,124.87385953357186,2.9987208704723747,0.019046892602732513,0.01886777143765127,0.016069290201620543
2023-07-20,129.9600067138672,134.7899932861328,129.3300018310547,134.07000732421875,59820600,130.47149963378905,123.95960021972657,130.14732760928385,52.48117226649351,2.6118611392708715,2.844778503645139,135.21259338659775,125.73040588098036,3.215240721102696,-0.03989357175040831,-0.04071113790508541,0.018685851943147053
2023-07-21,130.0,131.3699951171875,128.4199981689453,131.33999633789062,133307300,130.46399993896483,124.42720016479493,130.13329640839967,52.557991101117175,2.2943292939375795,2.7346886617036277,135.20757814368966,125.72042173424,3.1962947373269452,0.00030773533446226686,0.000307687993656272,0.016080306326457218
2023-07-24,128.8000030517578,131.66000366210938,128.35000610351562,130.30999755859375,45591100,130.4375,124.79940017700196,130.0063160887195,49.948806274442646,1.9236783275752316,2.5724865948779483,135.211943630797,125.663056369203,3.2044163674174313,-0.009230745755709147,-0.009273613091557636,0.016154545404269513
2023-07-25,129.1300048828125,129.5800018310547,128.52999877929688,129.30999755859375,39236700,130.5275001525879,125.13840026855469,129.92285787863312,50.67401454642773,1.637684943556934,2.3855262646137456,135.12896856996173,125.92603173521404,3.0505297020131725,0.002562125956798944,0.002558849307688174,0.01574884772038816
2023-07-26,128.14999389648438,129.0800018310547,126.11000061035156,126.51000213623048,53910100,130.47600021362305,125.49620010375976,129.75401368985706,48.42982029831031,1.3167754620855874,2.171776104108114,135.1589751805418,125.7930252467043,3.048349314188013,-0.007589335934878205,-0.007618281489535843,0.015510340342905517
2023-07-27,128.25,132.6300048828125,127.79000091552734,131.0,52610700,130.4365005493164,125.83720016479492,129.61077429082306,48.679593285651336,1.058322361360439,1.949085355558579,135.18019171315876,125.69280938547404,3.1763246465520942,0.0007803832093540297,0.0007800788687019062,0.015510890593343601
2023-07-28,132.2100067138672,133.00999450683594,129.3300018310547,129.69000244140625,46317400,130.65200080871583,126.2134002685547,129.85832023587488,57.46475669274888,1.1596679335639237,1.791201871159648,135.3059393315878,125.99806228584384,3.2894439222866545,0.030877245332297854,0.030410134252966122,0.016831875348175873
2023-07-31,133.67999267578125,133.8699951171875,132.3800048828125,133.1999969482422,41901500,130.8180004119873,126.57700012207032,130.22228903967547,60.1891109468062,1.3431179835790203,1.7015850936435226,135.65179958321494,125.98420124075966,3.173054242360487,0.011118568090654923,0.0110572111941032,0.01648353212958852
2023-08-01,131.69000244140625,133.69000244140625,131.6199951171875,133.5500030517578,42098500,130.89150047302246,126.84780014038085,130.36207126841174,55.0488480170925,1.3127948076739813,1.6238270364496146,135.7313932707174,126.05160767532753,3.094265176778934,-0.014886223394710907,-0.014998135236778893,0.016876756283245403
2023-08-02,128.2100067138672,130.22999572753906,126.81999969482422,130.14999389648438,51027600,130.7830005645752,127.08700027465821,130.1571127394075,47.421778687687734,0.9964702123016878,1.4983556716200293,135.75926719539027,125.80673393376011,3.2211035746220125,-0.026425663778747666,-0.026781097330387048,0.017930859415196065
2023-08-03,128.91000366210938,129.83999633789062,126.41000366210938,127.4800033569336,88585200,130.81050071716308,127.36500030517578,130.0383404463315,48.953834896067335,0.7931219786099462,1.3573089330180128,135.7387501295904,125.88225130473577,3.2360242247048148,0.005459768439170398,0.005444917932495522,0.01762973998499747
2023-08-04,139.57000732421875,143.6300048828125,139.32000732421875,141.05999755859375,153128500,131.30000114440918,127.85660049438476,130.94611824422552,65.45976463738153,1.4751357972976678,1.3808743058739439,137.50182377562138,125.09817851319698,4.056308295847551,0.08269337801006271,0.07945180513430172,0.025456610715998654
2023-08-07,142.22000122070312,142.5399932861328,138.9499969482422,140.99000549316406,71213100,132.05450134277345,128.36600051879884,132.01982138484243,68.21157257106194,2.2040619683845364,1.5455118383760624,139.57494119658296,124.53406148896396,4.023000298850628,0.01898684357254843,0.018808843040995626,0.024992476157374217
2023-08-08,139.94000244140625,140.83999633789062,138.4199981689453,140.6199951171875,51710500,132.6125015258789,128.86480056762696,132.7741243426104,63.52242079070552,2.568160211561292,1.7500415130131084,140.71208860702382,124.51291444473401,4.007071924058285,-0.016031491771390738,-0.016161386274731373,0.02539939952866016
2023-08-09,137.85000610351562,140.32000732421875,137.10000610351562,139.97000122070312,50017300,132.9650016784668,129.21960067749023,133.2575416531728,59.48556345052305,2.657432230269052,1.9315196564642974,141.32774920252652,124.60225415440706,3.9508525881043446,-0.01493494570121734,-0.01504759501753799,0.02560934695565829
2023-08-10,138.55999755859375,140.41000366210938,137.49000549316406,139.07000732421875,58928400,133.1780014038086,129.55760055541992,133.76253745368908,60.40609148018862,2.753728062080313,2.0959613375875006,141.87618631018847,124.47981649742873,3.877220129592985,0.005150463718840648,0.005137245447970533,0.02499981940015006
2023-08-11,138.41000366210938,139.3300018310547,137.0,137.39999389648438,42905800,133.364501953125,129.91420059204103,134.20515328306243,60.09543967662281,2.785826672901436,2.233934404650288,142.33906962048093,124.38993428576909,3.76670453684025,-0.0010825194798443905,-0.0010831058272496987,0.025007071662599564
2023-08-14,140.57000732421875,140.58999633789062,137.75,138.3000030517578,47148700,133.71500244140626,130.27020080566408,134.81132985841066,63.04295433473154,2.951535829093075,2.3774546895388458,143.22434943639124,124.20565544642126,3.700511094058134,0.015605834874352187,0.015485316080358403,0.025076983241598034
2023-08-15,137.6699981689453,141.27999877929688,137.22999572753906,140.0500030517578,42781500,133.95700225830078,130.53860076904297,135.0835839832235,56.95976672784039,2.8163894424511113,2.465241640121299,143.60921328222832,124.30479123437323,3.7254748053223965,-0.020630355012962953,-0.020846133672850414,0.025566218779362136
2023-08-16,135.07000732421875,137.27000427246094,135.00999450683594,137.19000244140625,41675900,133.94250259399413,130.7340008544922,135.08229096808017,52.10538018053955,2.471003238038861,2.4663939597048117,143.5871079187106,124.29789726927768,3.6493697236643237,-0.018885675014943426,-0.019066286976507706,0.025649272239591667
2023-08-17,133.97999572753906,136.08999633789062,133.52999877929688,135.4600067138672,48354100,134.14350204467775,130.88140075683594,134.97731046898102,50.17476599744031,2.0852894378321594,2.3901730553302816,143.613720374411,124.67328371494449,3.571557426159283,-0.008069975106044458,-0.008102713606702033,0.02396294553859028
2023-08-18,133.22000122070312,134.07000732421875,131.14999389648438,131.6199951171875,48497700,134.30450210571288,131.12120071411132,134.80994768343075,48.81662550831282,1.698701691394632,2.2518787825431517,143.59526095791273,125.01374325351306,3.525018569128932,-0.005672447612115605,-0.005688597043229265,0.024019641746875334
2023-08-21,134.67999267578125,135.19000244140625,132.7100067138672,133.74000549316406,41442500,134.59850158691407,131.32980056762696,134.79757101603556,51.53087085406365,1.4929276848598363,2.100088563006489,143.5394609278678,125.65754224596036,3.450374080443942,0.01095925117625085,0.010899633762398327,0.023969586824367062
2023-08-22,134.25,135.64999389648438,133.72999572753906,135.0800018310547,32905400,134.85450134277343,131.54620056152345,134.74542139546074,50.678479201947056,1.280393902927102,1.9361496309906117,143.44065355824517,126.2683491273017,3.341061515336897,-0.0031926989840012077,-0.003197806521519639,0.024003310429087456
2023-08-23,135.52000427246094,135.9499969482422,133.22000122070312,134.5,42801000,135.22300186157227,131.72520065307617,134.81919119327029,53.14376838869843,1.2005983302367724,1.789039370839844,143.2403165085252,127.20568721461932,3.297413959065623,0.009459994580714559,0.009415529041193322,0.02393958287328284
2023-08-24,131.83999633789062,136.77999877929688,131.8300018310547,136.39999389648438,43646300,135.4025016784668,131.8288005065918,134.5354583499008,45.97304545660515,0.8308365126335104,1.5973987991985774,142.9332949762237,127.8717083807099,3.4154556011496635,-0.027154721211281152,-0.027530224045928062,0.024876437697645273
2023-08-25,133.25999450683594,133.8699951171875,130.5800018310547,132.47000122070312,44147500,135.45500106811522,131.9656004333496,134.41398560294226,48.84152588259427,0.6449450677304753,1.4069080529049571,142.91030022550558,127.99970191072485,3.406494007219888,0.010770617478674804,0.010713027528748599,0.024025577164266364
2023-08-28,133.13999938964844,133.9499969482422,131.85000610351562,133.77999877929688,34108400,135.4280014038086,132.08620040893555,134.29265358262856,48.606671989773524,0.48238156089144013,1.2220027545022538,142.91267141619954,127.94333139141764,3.3131723527560792,-0.0009004586682715976,-0.0009008643247144191,0.02390024775663162
2023-08-29,134.91000366210938,135.13999938964844,133.25,133.3800048828125,38646100,135.58900146484376,132.27460052490235,134.3514488282934,52.25373578812005,0.49071668626066867,1.0757455408539367,142.8811711144932,128.2968318151943,3.2193743275592164,0.013294308852149106,0.013206715007284348,0.02380315299236468
2023-08-30,135.07000732421875,135.67999267578125,133.9199981689453,134.92999267578125,36137000,135.93200149536133,132.4604006958008,134.41988297076247,52.58132255309958,0.5044186670884585,0.9614801661008412,142.40263518860513,129.46136780211754,3.115132911793268,0.0011860029483812262,0.00118530020246871,0.0228830039231269
2023-08-31,138.00999450683594,138.7899932861328,135.0,135.05999755859375,58781300,136.38700103759766,132.7240005493164,134.76179835515043,58.249561951941715,0.7439343684348216,0.9179710065676373,142.0476478500662,130.7263542251291,3.1633372242460926,0.021766395374215985,0.021532889699268778,0.02326812943210855
2023-09-01,138.1199951171875,139.9600067138672,136.8800048828125,139.4600067138672,40991500,136.3145004272461,132.88340057373046,135.0816266182016,58.44968972373042,0.9318862131252956,0.920754047879169,141.8458876739817,130.78311318051047,3.1573846961609924,0.0007970481467276525,0.0007967306725371615,0.013981655396379064
2023-09-05,137.27000427246094,137.8000030517578,135.82000732421875,137.72999572753906,40636700,136.06700057983397,133.0422006225586,135.29004353765487,56.20763865595737,1.0007166085242432,0.9367465600081839,140.92074447200758,131.21325668766036,3.096142060218689,-0.006154002858205887,-0.006173016781758742,0.013255482151102402
2023-09-06,135.36000061035156,137.4499969482422,134.61000061035156,136.32000732421875,41785500,135.83800048828124,133.20280059814453,135.29670611600693,51.43330911191127,0.8908744141127158,0.9275721308290903,140.36005828429717,131.3159426922653,3.077845937195256,-0.013914209970579572,-0.014011920021062172,0.013142858862337918
2023-09-07,137.85000610351562,138.02999877929688,133.16000366210938,133.89999389648438,48498900,135.83800048828124,133.3762008666992,135.5398775433887,56.607926506454696,0.9932962166454047,0.9407169479923532,140.36005828429717,131.3159426922653,3.2058565929089875,0.018395430569861038,0.018228281379293984,0.013469428482698555
2023-09-08,138.22999572753906,138.85000610351562,136.75,136.86000061035156,38348200,135.8215003967285,133.56000091552735,135.79607927521255,57.354663035751294,1.0925341662253345,0.9710803916389495,140.30596160552403,131.337039187933,3.1268672722380333,0.0027565441218631026,0.0027527518216119884,0.0134326448840349
2023-09-11,143.10000610351562,143.6199951171875,138.63999938964844,138.75,56764500,136.05600051879884,133.86400100708008,136.49169135409855,65.53967310982229,1.5463250209174646,1.0861293174946527,141.4546753875011,130.65732565009657,3.2885195663387767,0.035231212663680456,0.03462479564658769,0.015567902767938126
2023-09-12,141.22999572753906,143.0,140.61000061035156,142.32000732421875,42668500,136.08899993896483,134.08140090942382,136.94295843728335,60.72040445899996,1.7350626118841888,1.21591597637256,141.60444446204457,130.5735554158851,3.231482846826297,-0.013067856717097759,-0.013153992385327589,0.015548170233991361
2023-09-13,144.85000610351562,144.97999572753906,140.8699951171875,140.9499969482422,60465200,136.44800033569337,134.37400100708007,137.69601059597213,65.94140852710079,2.1519369070284995,1.403120162503748,143.13797327063003,129.7580274007567,3.2942341156495303,0.025632022130484877,0.02530902952298205,0.01570330125222579
2023-09-14,144.72000122070312,145.86000061035156,142.9499969482422,145.0800018310547,64033600,136.93050003051758,134.6608009338379,138.36496208404174,65.60415777958275,2.4436535646291304,1.6112268429288243,144.48893510853145,129.3720649525037,3.266789083253805,-0.0008975138235036706,-0.0008979168301894522,0.014898736551646394
2023-09-15,140.38999938964844,143.57000732421875,140.08999633789062,142.69000244140625,102909300,137.25100021362306,134.90140090942384,138.5578227798138,55.43486413384855,2.2989453461451603,1.7487705435720917,144.82540391251942,129.6765965147267,3.36416164036514,-0.029919857618376344,-0.03037658988565322,0.01651044779768904
2023-09-18,139.97999572753906,141.75,139.22000122070312,140.47999572753906,42823500,137.58899993896483,135.10540084838868,138.6932678224543,54.57225185152104,2.1266643090889374,1.8243492966754609,145.0155946406664,130.16240523726327,3.3045785788602644,-0.0029204620264398073,-0.0029247348968620985,0.016450385794429662
2023-09-19,137.6300048828125,138.83999633789062,135.55999755859375,138.6999969482422,61482500,137.73650054931642,135.31540100097655,138.59200468534553,49.78994524283967,1.7799871407722208,1.815476865494813,145.0423307398395,130.43067035879332,3.3842514067234823,-0.016788047695762587,-0.016930564270193287,0.01687346853122182
2023-09-20,135.2899932861328,139.3699951171875,135.1999969482422,138.5500030517578,46263700,137.78850021362305,135.4456008911133,138.27752740923003,45.51296545287768,1.3014216292132232,1.712665818238495,145.00863049320196,130.56836993404414,3.4403761754536126,-0.01700219075536713,-0.01714838747973992,0.01733960801733569
2023-09-21,129.3300018310547,132.24000549316406,129.30999755859375,131.94000244140625,70343300,137.47900009155273,135.41620086669923,137.42538211607047,36.834181392643686,0.4362052105871044,1.457373696708217,145.5429410736293,129.41505910947618,3.621777572031145,-0.04405345369833069,-0.04505328140436448,0.019837728578415637
2023-09-22,129.1199951171875,132.02999877929688,128.52000427246094,131.11000061035156,59904300,137.34300003051757,135.3126007080078,136.6343928780816,36.56956559010064,-0.26339457275423683,1.1132200428157264,145.86169008600947,128.82430997502567,3.6137930673743446,-0.0016238050792075631,-0.0016251248796010811,0.01894518187336863
2023-09-25,131.27000427246094,131.77999877929688,128.77000427246094,129.36000061035156,46017800,137.24350051879884,135.2444009399414,136.12349872516535,41.22489066691578,-0.6370017117291695,0.7631756919067472,145.99396041096446,128.49304062663322,3.5706645987644583,0.01665124873434287,0.01651413665688319,0.019179548754698728
2023-09-26,125.9800033569336,130.38999938964844,125.27999877929688,130.1199951171875,73048200,136.8855007171631,135.0928010559082,135.1574515472385,34.5131256794016,-1.3444489539113533,0.34165076274312717,146.78819844314643,126.98280299117978,3.743474662650144,-0.040298626825268746,-0.04113311252209692,0.02113785810912298
2023-09-27,125.9800033569336,127.4800033569336,124.12999725341795,125.76000213623048,66553400,136.4390007019043,134.9558010864258,134.28340886244757,34.5131256794016,-1.8833953806476984,-0.10335846593503795,147.40583388243454,125.47216752137405,3.715369765569108,0.0,0.0,0.02082014284805827
2023-09-28,125.9800033569336,126.58000183105467,123.04000091552734,124.04000091552734,54555000,135.98450050354003,134.76820114135742,133.49260833811292,34.5131256794016,-2.2841836593653966,-0.5395235046211097,147.85667152686668,124.11232948021339,3.7028434191375523,0.0,0.0,0.02080864532258852
2023-09-29,127.12000274658205,129.14999389648438,126.31999969482422,128.1999969482422,62411700,135.44000091552735,134.71140106201173,132.8856935198719,37.26233920722586,-2.4812208647777823,-0.9278629766524442,147.87615243064153,123.00384940041317,3.6647824991670683,0.009049050319664964,0.009008352994332959,0.020188367117462375
2023-10-02,129.4600067138672,130.47000122070312,126.54000091552734,127.27999877929688,48029700,135.00700149536132,134.70060119628906,132.55943763358573,42.59002076029113,-2.4206517392658213,-1.2264207291751197,147.64122101465142,122.37278197607124,3.683726628167691,0.01840783446134764,0.018240461143240468,0.020779706551820376
2023-10-03,124.72000122070312,128.52000427246094,124.25,128.05999755859375,51565000,134.37950134277344,134.61900115966796,131.81282464188263,35.9333823112181,-2.723731617715231,-1.525882906883142,147.72823595366256,121.03076673188431,3.7927466342890837,-0.03661366636292884,-0.0373007704408456,0.0220956001314642
2023-10-04,127.0,127.36000061035156,125.68000030517578,126.05999755859376,44203900,133.96150131225585,134.5764010620117,131.35446039027477,40.73191507839436,-2.7482674418816657,-1.770359813882847,147.67969914800497,120.24330347650672,3.7104075453861802,0.018280939360016735,0.018115851921521226,0.02254557511790164
2023-10-05,125.95999908447266,126.7300033569336,124.33000183105467,126.70999908447266,39660600,133.36700096130372,134.5326011657715,130.84070217067458,39.286463990821545,-2.8191344148532096,-1.9801147340769196,147.38684200425195,119.34715991835549,3.636092589926119,-0.008188983586829512,-0.008222697494164894,0.021998589489720333
2023-10-06,127.95999908447266,128.4499969482422,124.12999725341795,124.16000366210938,46836700,132.8535011291504,134.52680114746093,130.5663494957982,43.44303874265305,-2.6829859245619048,-2.120688972173917,146.87557675292925,118.83142550537157,3.6849430974188415,0.015878056641289273,0.015753318962097584,0.02241092178410984
2023-10-09,128.25999450683594,128.7899932861328,124.76000213623048,126.22000122070312,38773700,132.11150054931642,134.4478009033203,130.34669663970655,44.06166580234789,-2.5218102825262463,-2.200913234244383,145.4395999313358,118.78340116729703,3.7095893868819476,0.0023444468936362206,0.0023417029658428425,0.02053922118046697
2023-10-10,129.47999572753906,130.74000549316406,128.0500030517578,128.82000732421875,42178600,131.5240005493164,134.36380096435548,130.2641536956906,46.6188448299525,-2.2694724566869127,-2.214625078732889,144.21309747539186,118.83490362324096,3.636761747919398,0.009511938819224852,0.00946698516860395,0.02070714549311965
2023-10-11,131.8300018310547,132.0500030517578,129.61000061035156,129.74000549316406,40741800,130.87300033569335,134.36660095214845,130.4132820895348,51.24250977650008,-1.8584440725529987,-2.143388877496911,142.0004536938325,119.74554697755421,3.5605650033693514,0.01814956889912689,0.017986831598422272,0.020202618512236988
2023-10-12,132.3300018310547,134.47999572753906,131.22999572753906,132.1699981689453,55528600,130.25350036621094,134.4490008544922,130.5958268268224,52.1913445983231,-1.475348397547208,-2.0097807815069704,139.43836734175338,121.06863339066851,3.538381788842969,0.0037927633547389927,0.003785588962598881,0.020273755274987103
2023-10-13,129.7899932861328,133.30999755859375,128.9499969482422,132.97999572753906,45786600,129.72350006103517,134.46660064697267,130.51908077532815,47.16952996706942,-1.3610108905415927,-1.880026803313895,137.6438173107853,121.80318281128504,3.5970688475221544,-0.019194502454286222,-0.019381108651019514,0.019693027020059272
2023-10-16,132.5500030517578,133.07000732421875,130.42999267578125,130.69000244140625,42832900,129.35200042724608,134.32620056152345,130.71250194451193,52.5160273948427,-1.0357484078458299,-1.711171124220282,135.88943574891292,122.81456510557926,3.5744220754195672,0.021265196921155027,0.021042247787508333,0.02047256371222103
2023-10-17,131.47000122070312,132.5800018310547,128.7100067138672,130.38999938964844,49344600,129.04400024414062,134.11120056152345,130.7846447327206,50.36800790035055,-0.8552637209421903,-1.5399896435646636,134.48005745987572,123.60794302840553,3.595534435545848,-0.008147882355257097,-0.008181257764936053,0.02024557461065404
2023-10-18,128.1300048828125,130.6699981689453,127.51000213623048,129.89999389648438,42699500,128.6860008239746,133.87500061035155,130.53182188987222,44.329307523652645,-0.9705501986591685,-1.4261017545835646,133.31230122509112,124.05970042285811,3.621567624754905,-0.025405007278304192,-0.025733286363791553,0.020654392888398505
2023-10-19,128.39999389648438,132.24000549316406,127.47000122070312,130.57000732421875,60961400,128.6395004272461,133.68600036621095,130.3287906524067,44.90433804617549,-1.0282763758521014,-1.3465366788372721,133.2576622679439,124.0213385865483,3.703598813876764,0.002107149015711185,0.00210493209093831,0.018201172322839597
2023-10-20,125.16999816894533,128.1699981689453,124.97000122070312,128.0500030517578,56406400,128.44200057983397,133.41820037841796,129.83747708255322,39.630418807840385,-1.3194486652986654,-1.3411190761295508,133.29305285564217,123.59094830402576,3.6840555182985133,-0.025155731161039308,-0.0254775450093018,0.01903924458853652
2023-10-23,126.55999755859376,127.87999725341795,123.9800033569336,124.62999725341795,48260000,128.2065002441406,133.18120025634767,129.52533617550947,42.746743598354264,-1.4216555086788674,-1.357226362639414,132.94144825309127,123.47155223518996,3.699479688168931,0.011104892625885654,0.011043686017449744,0.01880172319680651
2023-10-24,128.55999755859375,128.8000030517578,126.33999633789062,127.73999786376952,46477400,128.33549995422362,132.94100006103517,129.43339916437463,46.987134561133885,-1.3259867334505202,-1.3509784368016353,132.9600759714577,123.71092393698953,3.610945904290235,0.015802781594350446,0.015679217710014463,0.016812804377137218
2023-10-25,121.38999938964844,126.33999633789062,120.79000091552734,126.04000091552734,74577500,128.1059997558594,132.6154000854492,128.66736109059119,36.53904976835543,-1.8078872707976927,-1.4423602036008467,133.55708632181236,122.65491318990641,3.9080209570599616,-0.055771610960691276,-0.057387204557163146,0.021093649437275003
2023-10-26,119.56999969482422,121.63999938964844,118.3499984741211,120.62999725341795,100419500,127.7854995727539,132.30539993286132,127.80094571956576,34.44530056130667,-2.3100271287531484,-1.615893588631307,134.34081425252168,121.23018489298612,3.8638766683790604,-0.01499299533713827,-0.015106526502479031,0.021297761328034986
2023-10-27,127.73999786376952,130.02000427246094,125.5199966430664,126.1999969482422,125309300,127.81649932861328,132.18059997558595,127.79514116187087,48.66566377389191,-2.0253787062240036,-1.6977906121498465,134.36479250220447,121.26820615502209,4.334314376183179,0.0683281608245998,0.06609496003096173,0.026470102475448124
2023-10-30,132.7100067138672,133.0,128.55999755859375,129.72000122070312,72485500,127.97899932861328,132.17040008544922,128.26322359539432,55.0530988606705,-1.3828143790925367,-1.6347953655383844,134.83637332221545,121.12162533501112,4.400434930472271,0.03890722509168998,0.03816941562949805,0.02757095301578738
2023-10-31,133.08999633789062,133.57000732421875,131.7100067138672,132.75,51589400,128.39749908447266,132.13860015869142,128.72291623753682,55.508916149662134,-0.8333096584367752,-1.4744982241180626,135.4276665261351,121.36733164281019,4.218975336177935,0.002863308000901066,0.0028592165427562357,0.026063051897370824
2023-11-01,137.0,137.35000610351562,133.7100067138672,133.9600067138672,61529400,128.89749908447266,132.1936001586914,129.5112099292,60.00362700210848,-0.08138048649047391,-1.195874676592545,136.82424229463922,120.97075587430609,4.221906366852726,0.02937864429857373,0.028955362245697565,0.02650699885290796
2023-11-02,138.07000732421875,138.80999755859375,136.47000122070312,138.72999572753906,52236700,129.50299949645995,132.24460021972655,130.32633349063036,61.160011174358395,0.5940219331941989,-0.8378953546351962,138.2475941214782,120.75840487144171,4.087484221926862,0.007810272439553012,0.007779930147075702,0.026356686099780056
2023-11-03,138.60000610351562,139.49000549316406,137.4499969482422,138.99000549316406,44059800,130.0349998474121,132.37980041503906,131.11430231090515,61.749922388067446,1.1586929972990845,-0.4385776842483401,139.59589799819955,120.47410169662467,3.9412359592836483,0.0038386235328597973,0.0038312748175106013,0.02623063578603438
2023-11-06,139.74000549316406,140.72999572753906,138.36000061035156,138.75999450683594,44970400,130.6090003967285,132.50940063476563,131.93579785207265,63.049905012484174,1.678834745304215,-0.015095198337829074,141.01573691939834,120.20226387405866,3.829004470562495,0.008225103459209127,0.008191461641482902,0.026240202211757196
2023-11-07,142.7100067138672,143.3699951171875,140.5,140.5500030517578,53553500,131.27050094604493,132.70080078125,132.96191298176737,66.26654693951974,2.3041443632525898,0.44875271398025474,142.914459620575,119.62654227151486,3.8147891243811336,0.02125376487729147,0.021031053723631822,0.026485599421596676
2023-11-08,142.0800018310547,143.1199951171875,141.22000122070312,142.97000122070312,44521700,131.78300094604492,132.8442007446289,133.8303023959852,64.97443061720114,2.7175444508994815,0.9025110613641001,144.34634453932077,119.21965735276908,3.678018036674222,-0.004414580990635519,-0.004424354026475328,0.02638570661153091
2023-11-09,140.60000610351562,142.64999389648438,139.83999633789062,142.02000427246094,36235400,132.19650115966797,132.95480072021485,134.47503608241666,61.91993843831404,2.8924019036863626,1.3004892298285529,145.3358217863889,119.05718053294706,3.6160165739541883,-0.010416636461610618,-0.010471269344291862,0.02658439696623455
2023-11-10,143.55999755859375,143.64999389648438,139.91000366210938,140.4600067138672,49287800,132.885001373291,133.06580078125,135.34027050871924,65.42117493315499,3.2325613129280555,1.6869036464484535,146.86402746267726,118.90597528390474,3.6248718354128178,0.021052569890351647,0.02083402648617425,0.02630834756782462
2023-11-13,142.58999633789062,143.22999572753906,140.6699981689453,142.0800018310547,35680600,133.38700103759766,133.15520080566407,136.03072058768794,63.365093131359245,3.3848506522729735,2.0264930476133576,147.98905898959134,118.78494308560397,3.5723809464296474,-0.006756765374750118,-0.006779695661997966,0.026163702382387855
2023-11-14,145.8000030517578,147.25999450683594,144.67999267578125,145.0,56674600,134.1035011291504,133.32580078125,136.96112844140887,67.05511078881644,3.721660776771671,2.3655265934450203,149.6356662406124,118.57133601768838,3.650782176609338,0.02251214528584833,0.022262486894446033,0.026313460170124887
2023-11-15,143.1999969482422,147.2899932861328,142.58999633789062,147.05999755859375,63875700,134.85700073242188,133.48260070800782,137.55530639444063,61.63952149204842,3.7357233700241466,2.6395659487608456,150.61738848772623,119.09661297711753,3.7257260888688273,-0.017832688951265996,-0.017993607290294027,0.02589633990377995
2023-11-16,142.8300018310547,143.32000732421875,139.52000427246094,140.91000366210938,49653500,135.5785011291504,133.5822006225586,138.05765834078483,60.885928109747994,3.6746534451896196,2.8465834480466006,151.4114646153561,119.7455376429447,3.7310315862180405,-0.0025837648398919777,-0.002587108521031568,0.02595360531738053
2023-11-17,145.17999267578125,145.22999572753906,142.5399932861328,142.66000366210938,49636700,136.5790008544922,133.72120056152343,138.7359758964988,63.90439876743263,3.7723939025744926,3.0317455389521792,152.18185556647921,120.97614614250519,3.656672361588627,0.016453061783939793,0.016319176713110995,0.02500391127187694
2023-11-20,146.1300048828125,146.6300048828125,144.72999572753906,145.1300048828125,41951200,137.55750122070313,133.78180053710938,139.44016913329057,65.07768677295633,3.8817653896611546,3.2017495090939745,152.97786027870927,122.13714216269699,3.531196418280399,0.0065436854591447435,0.006522368493262836,0.024992385028428953
2023-11-21,143.89999389648438,144.0500030517578,141.5,143.91000366210938,71226000,138.32450103759766,133.83520050048827,139.86491434883283,60.1362925717248,3.745326044285065,3.3104648161321926,153.40059956605992,123.24840250913537,3.6096827371755493,-0.015260459261028925,-0.015378098422388055,0.02541160651075298
2023-11-22,146.7100067138672,147.74000549316406,144.57000732421875,144.57000732421875,45669100,139.5905014038086,133.87240051269532,140.51682790740753,63.86012416115985,3.8199079096160347,3.412353434828961,152.91662578441498,126.2643770232022,3.6261347985687022,0.019527539517508297,0.01933932343605667,0.020975558846237932
2023-11-24,146.74000549316406,147.1999969482422,145.32000732421875,146.6999969482422,22378400,140.9490016937256,133.91280059814454,141.1095114870034,63.898895678479484,3.8372023459347133,3.4973232170501114,150.9621172361245,130.93588615132668,3.5014101432440405,0.0002044767086364363,0.00020445580612358505,0.020297416430741403
2023-11-27,147.72999572753906,149.25999450683594,146.8800048828125,147.52999877929688,53762400,141.94850158691406,134.05960052490235,141.74003379562586,65.22478706784855,3.885996896266306,3.5750579528933506,150.34893623643444,133.54806693739368,3.4313086339888863,0.006746559883569869,0.006723903692254734,0.01505400591292496
2023-11-28,147.02999877929688,147.60000610351562,145.52999877929688,146.97999572753906,42711700,142.66450119018555,134.2006005859375,142.24383998454692,63.450307059944606,3.8241011675065977,3.624866595816,150.18853241106052,135.14046996931057,3.3433577992926935,-0.00473835354015173,-0.00474961512561893,0.013308987225974655
2023-11-29,146.32000732421875,148.5399932861328,145.97000122070312,147.85000610351562,40610900,143.32600173950195,134.37440063476564,142.632046397849,61.61919009955682,3.6753903674464254,3.6349713501420853,149.58691463552492,137.06508884347897,3.28811738973105,-0.0048288883967405605,-0.004840585148378569,0.013490593895726028
2023-11-30,146.08999633789062,146.92999267578125,144.3300018310547,144.75999450683594,65814000,143.78050155639647,134.59040069580078,142.96137496356724,61.00496482950976,3.4986458115959067,3.6077062424328497,149.42824655627982,138.13275655651313,3.238965493659301,-0.001571972217158657,-0.001573209061844679,0.012244724797919278
2023-12-01,147.02999877929688,147.25,145.5500030517578,146.0,39951800,144.2285011291504,134.94440063476563,143.3488629460177,62.64381516487758,3.3952860744280997,3.5652222088318997,149.39416727013727,139.06283498816353,3.12903916898665,0.006434406632690459,0.006413794210223246,0.0122218251858239
2023-12-04,144.83999633789062,145.35000610351562,142.80999755859375,145.25,48294200,144.54050064086914,135.25880065917968,143.4908756500056,56.66836086111633,3.1009124551169123,3.4723602580889024,149.01638333886643,140.06461794287185,3.206965029823541,-0.014894936132684111,-0.01500697967354326,0.012872421162981627
2023-12-05,146.8800048828125,148.57000732421875,143.1300048828125,143.5500030517578,46822400,144.89750061035156,135.5710006713867,143.81364986265385,60.45263311806333,2.997675543797186,3.3774233152305593,148.89867984907318,140.89632137162994,3.3664677020794485,0.014084566393959497,0.013986300502114904,0.013079796342609504
2023-12-06,144.52000427246094,147.85000610351562,144.27999877929688,147.5800018310547,39679000,144.98800048828124,135.94180068969726,143.8809217112069,54.52061074344025,2.694368222207544,3.2408122966259563,148.86719488613616,141.10880609042633,3.3810062465179698,-0.016067541747663228,-0.016198024273178,0.012936272397149463
2023-12-07,146.8800048828125,147.9199981689453,145.33999633789062,146.14999389648438,52352800,145.22800064086914,136.35980072021485,144.16654867993122,58.86730784000533,2.614291386776955,3.1155081146561563,148.94853739933282,141.50746388240546,3.382362507229856,0.016329923474831087,0.016198024273177868,0.01332945965593539
2023-12-08,147.4199981689453,147.83999633789062,145.39999389648438,145.47999572753906,41906000,145.56900024414062,136.78860061645508,144.4764010122183,59.81372676101303,2.564837018461276,3.0053738954171805,148.7398951964244,142.39810529185684,3.315051073956741,0.0036764247561378305,0.003669683224747049,0.013021556294118096
2023-12-11,145.88999938964844,146.19000244140625,143.63999938964844,145.66000366210938,50907300,145.68550033569335,137.1640005493164,144.61102942911643,55.88983926424869,2.3748106219343015,2.879261240720605,148.72090400658595,142.65009666480074,3.3482616243381793,-0.010378502226973785,-0.010432734440314026,0.012546484401493018
2023-12-12,147.47999572753906,147.5,145.3000030517578,145.52000427246094,44944300,145.93000030517578,137.52440032958984,144.88426431468048,58.90683696306652,2.3257034878268428,2.7685496901418523,148.7052783537954,143.15472225655617,3.2662427189027516,0.010898597193382598,0.010839635496016388,0.01260187866231296
2023-12-13,148.83999633789062,149.4600067138672,146.82000732421875,148.1199951171875,52766200,146.0819999694824,138.0068002319336,145.26100069784334,61.342397440120045,2.3692155711857765,2.688682866350637,149.13158816795396,143.03241177101086,3.2215110525274433,0.009221593773735215,0.009179334477907091,0.011773305266563209
2023-12-14,147.4199981689453,150.5399932861328,145.52000427246094,149.92999267578125,58400800,146.2930000305176,138.4152001953125,145.46661950461498,57.509705984662524,2.2630304199279294,2.6035523770660958,149.08920525022086,143.49679481081432,3.34997376403776,-0.00954043404920335,-0.009586235533609468,0.01120377697076941
2023-12-15,149.97000122070312,150.57000732421875,147.8800048828125,148.3800048828125,110089300,146.65,138.8954002380371,145.8955130013853,62.09038712493796,2.357466451761553,2.5543351920051873,149.40944993839054,143.89055006160947,3.3356905776974513,0.01729753821347546,0.01714963889276147,0.011692509049764667
2023-12-18,154.07000732421875,154.85000610351562,150.0500030517578,150.55999755859375,62512800,147.09450073242186,139.41760040283202,146.6740362702266,68.05372061618444,2.7316550951964302,2.589799172643436,151.26623392015463,142.9227675446891,3.445998742348526,0.027338841569267247,0.026971809898698733,0.012594456278818882
2023-12-19,153.7899932861328,155.1199951171875,152.69000244140625,154.39999389648438,43171300,147.47750015258788,139.92820037841796,147.35174646221768,67.27536901854276,2.9713555610009905,2.666110450314947,152.53679627209095,142.4182040330848,3.3734268804508636,-0.0018174467759756174,-0.0018191003361762064,0.012611181983568469
2023-12-20,152.1199951171875,155.6300048828125,151.55999755859375,152.89999389648438,50322100,147.88850021362305,140.38100036621094,147.8058653817386,62.67157948464921,2.9920742422595765,2.731303208703873,153.05295901594795,142.72404141129815,3.4231826264342837,-0.01085895208954335,-0.01091834083412718,0.012317475138304572
2023-12-21,153.83999633789062,153.97000122070312,152.10000610351562,153.3000030517578,36305700,148.24499969482423,140.82120025634765,148.38054452041976,65.30501968874069,3.111417189714757,2.80732600490605,153.98691218441917,142.5030872052293,3.3122406614880853,0.011306871390431628,0.011243426514228085,0.011860450010762198
2023-12-22,153.4199981689453,154.35000610351562,152.7100067138672,153.77000427246094,29514100,148.5789993286133,141.24300018310547,148.860492486946,64.11555762158154,3.135957625785551,2.87305232908195,154.6967159245915,142.46128273263508,3.1927948563566817,-0.0027300973670256745,-0.002733830879625901,0.011907647968836818
2023-12-26,153.41000366210938,153.97999572753906,153.02999877929688,153.55999755859375,25067200,148.8629997253418,141.715400390625,149.29377926553298,64.08564438242867,3.1186497717254724,2.922171817610655,155.31492894058158,142.41107051010204,3.032595005777075,-6.514474615582078e-05,-6.514686816695571e-05,0.011870993040116073
2023-12-27,153.33999633789062,154.77999877929688,153.1199951171875,153.55999755859375,31434700,149.1784996032715,142.13120025634765,149.6791332724242,63.86089329524504,3.0639646890145116,2.950530391891426,155.85427305259444,142.50272615394854,2.9345527669436677,-0.0004563413242133496,-0.00045644547960358643,0.01178220635350677
2023-12-28,153.3800048828125,154.0800018310547,152.9499969482422,153.72000122070312,27057000,149.53149948120117,142.56940032958985,150.03159723531832,63.938728494744666,2.9893948393171854,2.958303281376578,156.31116386760954,142.7518350947928,2.805656489505727,0.0002609139551152939,0.00026087992298881607,0.011677605988362512
2023-12-29,151.94000244140625,153.88999938964844,151.02999877929688,153.10000610351562,39823200,149.82399978637696,143.04560028076173,150.21335011208862,59.01225662889257,2.7820320006179884,2.92304902522486,156.48830860297625,143.15969096977767,2.809538212423287,-0.009388462612883952,-0.009432812028151797,0.011946075363400126
2024-01-02,149.92999267578125,152.3800048828125,148.38999938964844,151.5399932861328,47339400,149.96899948120117,143.47620025634765,150.18636368958317,52.88679425125589,2.4275215103552057,2.8239435222509295,156.50886728797025,143.42913167443209,2.893857303904771,-0.013228970207501023,-0.013317252487412825,0.01236649220991545
2024-01-03,148.47000122070312,151.0500030517578,148.3300018310547,149.1999969482422,49425500,150.1504997253418,143.9422003173828,150.02290059730888,48.9150947408829,2.005640508629085,2.6602829195265607,156.300797773705,144.0002016769786,2.8814390122475104,-0.00973782115920796,-0.009785543802100045,0.012066667285515583
2024-01-04,144.57000732421875,147.3800048828125,144.0500030517578,145.58999633789062,56039800,150.0349998474121,144.3024005126953,149.50357742844315,40.225016805284305,1.341140033954531,2.396454342412155,156.5050815301491,143.5649181646751,2.991336094868782,-0.026267891590348702,-0.02661905587134582,0.013143338416139468
2024-01-05,145.24000549316406,146.58999633789062,144.52999877929688,144.69000244140625,45153100,150.07099990844728,144.6360006713867,149.09752295841656,42.127188544530995,0.8586835042085283,2.08890017477143,156.42490672998778,143.71709308690677,2.9248119137062796,0.00463442024626004,0.004623714384981175,0.012677153123515986
2024-01-08,149.10000610351562,149.39999389648438,146.14999389648438,146.74000549316406,46757100,150.18199996948243,145.19020080566406,149.09775944842602,51.669434013009685,0.7788252061824608,1.8268851810536362,156.38481576440478,143.9791841745601,3.013038805821568,0.026576703830634596,0.026229678338986727,0.01353600195520108
2024-01-09,151.3699951171875,151.7100067138672,148.2100067138672,148.3300018310547,43812600,150.37949981689454,145.82620071411134,149.31416284545094,56.23908910974268,0.8884644073247046,1.63920102630785,156.4684598867084,144.2905397470807,3.0478217482628844,0.015224607114340927,0.015109875810597672,0.013904778398032176
2024-01-10,153.72999572753906,154.4199981689453,151.8800048828125,152.05999755859375,44421800,150.77149963378906,146.34600067138672,149.73471835803076,60.428187205028344,1.1525012727795456,1.5418610756021893,156.66003264789433,144.8829666196838,3.0479775556553794,0.015590940651907248,0.015470650615520465,0.013958001465754035
2024-01-11,155.17999267578125,157.1699981689453,153.1199951171875,155.0399932861328,49072700,151.15649948120117,146.795400390625,150.25331591210224,62.78534078383003,1.4619031173942005,1.5258694839605917,157.13998376006964,145.1730152023327,3.119550805376982,0.009432101662268044,0.009387897135060054,0.013916527490365439
2024-01-12,154.6199951171875,156.1999969482422,154.00999450683594,155.38999938964844,40484200,151.44549942016602,147.22600036621094,150.66919012211036,61.26746724542156,1.6429799355105388,1.5492915742705813,157.5112988974061,145.37969994292592,3.053154493664787,-0.0036086969005325598,-0.0036152239546972612,0.013892849371933061
2024-01-16,153.16000366210938,154.99000549316406,152.14999389648438,153.52999877929688,41384600,151.7324996948242,147.54920043945313,150.90641045925312,57.37312006619616,1.6496592645639794,1.5693651123292611,157.547258465563,145.91774092408542,3.037930001022994,-0.009442449238027617,-0.009487311793446907,0.013888582819416491
2024-01-17,151.7100067138672,152.14999389648438,149.91000366210938,151.49000549316406,34953400,151.81949996948242,147.82200042724608,150.98294343588304,53.720958756939666,1.5204235491242741,1.559576799688264,157.57796889648935,146.0610310424755,3.05307785809278,-0.009467203666572499,-0.009512302504832145,0.013624260102251678
2024-01-18,153.5,153.77999877929688,151.82000732421875,152.77000427246094,37850200,151.79099960327147,148.12000030517578,151.2226631086561,57.33184912072914,1.544635218837385,1.5565884835180883,157.5101406838514,146.07185852269154,2.9828574443311306,0.011798781932089941,0.011729719012639512,0.01241216523507241
2024-01-19,155.33999633789062,155.75999450683594,152.74000549316406,153.8300018310547,51651600,151.86849975585938,148.43200012207032,151.6147900828689,60.724232089058404,1.6927821298251047,1.5838272127794917,157.7340287192706,146.00297079244814,2.985509699284041,0.011986946826648914,0.011915672389449407,0.01269299160713305
2024-01-22,154.77999877929688,157.0500030517578,153.89999389648438,156.88999938964844,43687500,152.00149993896486,148.6733999633789,151.91623853014772,59.1820179524186,1.7448885126219977,1.616039472747993,158.00286554648568,146.00013433144403,2.9972596604261406,-0.003604979862209201,-0.003611493461086361,0.012450303184633487
2024-01-23,156.02000427246094,156.2100067138672,153.92999267578125,154.85000610351562,37986000,152.11050033569336,148.95220001220704,152.30707336274898,61.512898473744315,1.8647456494517485,1.6657807080887443,158.31715212414412,145.9038485472426,2.9460278302589833,0.008011406531487353,0.007979485588611064,0.012327089106533923
2024-01-24,156.8699951171875,158.50999450683594,156.47999572753906,157.8000030517578,48547300,152.28300018310546,149.27759979248046,152.74163733936217,63.06967726879018,2.005205688433847,1.7336657041577648,158.80918611622187,145.75681424998905,2.91345371626727,0.005447960655367012,0.005433174197432314,0.012340299552111939
2024-01-25,157.75,158.50999450683594,154.5500030517578,156.9499969482422,43638600,152.5,149.5613998413086,153.2186242594229,64.66332701071131,2.1626012003571873,1.8194528033976494,159.4373148395273,145.5626851604727,2.9882064118966167,0.005609771850602074,0.005594095679664069,0.01237523882010571
2024-01-26,159.1199951171875,160.72000122070312,157.91000366210938,158.4199981689453,51047400,152.78899993896485,149.89199981689453,153.78065957921004,67.04739249458052,2.370559104228221,1.929674063563764,160.30005856106487,145.27794131686483,2.9869060410970816,0.008684596622424712,0.008647102438040672,0.012468849165908607
2024-01-29,161.25999450683594,161.2899932861328,158.89999389648438,159.33999633789062,45270400,153.18299942016603,150.2011996459961,154.49297719136487,70.40611287279168,2.6771863693501246,2.0791765247210363,161.55418521937796,144.8118136209541,2.944269851707893,0.01344896590822775,0.013359331333490848,0.012722320719018092
2024-01-30,159.0,161.72999572753906,158.49000549316406,160.6999969482422,45207400,153.5359992980957,150.51719970703124,154.92221745885394,63.09237551173035,2.706627697668381,2.2046667593105056,162.2559079490491,144.81609064714232,2.9653927361841146,-0.014014601164705653,-0.014113732972622603,0.012990694394393178
2024-01-31,155.1999969482422,159.00999450683594,154.80999755859375,157.0,50284400,153.79949951171875,150.764599609375,154.94867264831947,53.103562266467016,2.3957153587727475,2.242876479202954,162.38508034906215,145.21391867437535,3.05357875133112,-0.023899390262627773,-0.024189614134501332,0.013854730429212857
2024-02-01,159.27999877929688,159.75999450683594,155.6199951171875,155.8699951171875,76542400,154.33999938964843,151.04659973144533,155.36117989888876,60.36011698007053,2.450291702471162,2.2843595238565957,162.87639803778976,145.8036007415071,3.1611800947070217,0.026288672108771616,0.02594906400632865,0.014595132211246205
2024-02-02,171.80999755859375,172.5,167.3300018310547,169.19000244140625,117218300,155.70199890136718,151.56019958496094,156.92773396171782,73.77897663812948,3.4646714561107217,2.5204219103074212,166.0653742884302,145.33862351430415,3.8796673179924577,0.07866649218561839,0.07572554877189726,0.020818952295231737
2024-02-05,170.30999755859375,170.5500030517578,167.6999969482422,170.1999969482422,55081300,156.95549850463868,152.08839965820312,158.20223525665838,70.69373565322283,4.1002718732800645,2.8363919029019504,167.99644810740523,145.91454890187214,3.896119696018108,-0.008730574595861018,-0.008768909348284514,0.021173480110774003
2024-02-06,169.14999389648438,170.7100067138672,167.64999389648438,169.38999938964844,42505500,157.9579978942871,152.53719940185547,159.2448789366418,68.31458107948282,4.458986758435003,3.1609108740085614,169.58907434599098,146.32692144258323,3.8363977761155867,-0.00681113075414308,-0.006834432372405122,0.020963505309292817
2024-02-07,170.52999877929688,170.8800048828125,168.94000244140625,169.47999572753906,47174100,158.91599807739257,153.01299926757812,160.31965225498993,69.6242880513724,4.799302379809973,3.488589175168844,171.34747293576663,146.4845232190185,3.700940966493491,0.008158468416245013,0.008125368023266808,0.02086859939823509
2024-02-08,169.83999633789062,171.42999267578125,168.8800048828125,169.64999389648438,42316500,159.72149810791015,153.45519927978515,161.22635169145667,68.10839002325142,4.956195593483784,3.7821104588318324,172.77653811099972,146.66645810482058,3.618730025527438,-0.004046223223746481,-0.0040544313336464575,0.020864340540383282
2024-02-09,174.4499969482422,175.0,170.5800018310547,170.89999389648438,56986000,160.68499832153321,154.00359924316408,162.4857464778172,72.42772478405374,5.390386101963003,4.103765587458067,175.03705114109832,146.3329455019681,3.728820999569005,0.02714319777292107,0.026781354306300166,0.021422029778428543
2024-02-12,172.33999633789062,175.38999938964844,171.5399932861328,174.8000030517578,51050400,161.57099838256835,154.5239990234375,163.42424646449086,67.89514534871518,5.500815812316546,4.383175632429763,176.49253914354497,146.64945762159172,3.737477078422335,-0.012095159915523457,-0.012168901576895616,0.021706226861518643
2024-02-13,168.63999938964844,170.9499969482422,165.75,167.72999572753906,56345100,162.34499816894532,154.97499908447264,163.92098483831538,60.719333462186334,5.229491004758643,4.552438706895539,177.0453813140999,147.64461502379075,3.9412284540986415,-0.021469171561243172,-0.02170298682855135,0.022304874804693866
2024-02-14,170.97999572753906,171.2100067138672,168.27999877929688,169.2100067138672,42815500,163.3084976196289,155.4539990234375,164.59327158967002,63.35701105273276,5.143985624027806,4.670748090321992,177.61513830729365,149.00185693196414,3.868998416989475,0.013875689909627953,0.013780303876272836,0.022114880754262902
2024-02-15,169.8000030517578,171.1699981689453,167.58999633789062,170.5800018310547,49855200,164.1234977722168,155.95319915771483,165.08915077653552,61.12790272707483,4.924242840213083,4.721447040300211,177.95135625483417,150.29563928959945,3.8483558037084187,-0.006901349311422389,-0.006925273760105457,0.022261539048208698
2024-02-16,169.50999450683594,170.4199981689453,167.1699981689453,168.74000549316406,48107700,164.83199768066407,156.4057989501953,165.5101835127546,60.56391892792502,4.672828378196812,4.711723307879531,178.23254511945427,151.43145024187388,3.805616103443531,-0.0017079419299743659,-0.0017094021256489145,0.022255244032729722
2024-02-20,167.0800018310547,168.7100067138672,165.74000549316406,167.8300018310547,41980300,165.44699783325194,156.85699890136718,165.65969001925936,55.90924152254204,4.2287540605639435,4.615129458416414,178.05112172418356,152.84287394232032,3.8030713113169843,-0.01433539469369316,-0.014439139136134756,0.02259034602192791
2024-02-21,168.58999633789062,170.22999572753906,167.13999938964844,168.94000244140625,44420100,166.07549743652345,157.29119873046875,165.93876681150994,58.06597865691678,3.953097059424664,4.482722978618064,177.97028362433275,154.18071124871415,3.7564229245432266,0.00903755380828164,0.008996959517601153,0.022600940782024216
2024-02-22,174.5800018310547,174.8000030517578,171.77000427246094,173.10000610351562,55392400,166.96099777221679,157.83439880371094,166.76174157527612,65.31428905822682,4.169912131383597,4.42016080917117,178.61717894293946,155.3048166014941,3.9316789094949383,0.035530017339574504,0.03491338968982024,0.023669852327309213
2024-02-23,174.99000549316406,175.75,173.6999969482422,174.27999877929688,59715200,167.822998046875,158.41639892578124,167.5453857579321,65.75067176081964,4.324967968427018,4.40112224102234,179.17283851250792,156.47315758124208,3.7972734910851433,0.0023485144793740087,0.0023457610294128446,0.02368116906007976
2024-02-26,174.72999572753906,176.3699951171875,174.25999450683594,175.6999969482422,44368600,168.60349807739257,158.96139892578125,168.2296343264661,65.19054266742154,4.37642155781657,4.396182104381186,179.59326735604802,157.61372879873713,3.6767539996041734,-0.0014858549486425066,-0.0014869599257995307,0.02371741898965945
2024-02-27,173.5399932861328,174.6199951171875,172.86000061035156,174.0800018310547,31141700,169.2174980163574,159.4553988647461,168.73538279881532,62.56358868815049,4.271931479444731,4.371331979393895,179.8643488723107,158.57064716040412,3.547699793717268,-0.006810521779339163,-0.006833819221537168,0.023767912907285645
2024-02-28,173.16000366210938,174.0500030517578,172.27000427246094,172.44000244140625,28180500,169.92549819946288,159.9701989746094,169.15677526198618,61.708480063545736,4.111070491004028,4.319279681715922,179.59915278923967,160.2518436096861,3.4214354355443826,-0.0021896371944472026,-0.0021920379551390117,0.023442699096942493
2024-02-29,176.75999450683594,177.22000122070312,172.85000610351562,173.00999450683594,53805400,171.00349807739258,160.50599884033204,169.88089138054332,66.39469134207977,4.225368752733743,4.300497495919486,178.4133056801719,163.59369047461325,3.4891896985188913,0.02078996747858297,0.02057680546309288,0.022708788995754
2024-03-01,178.22000122070312,178.72999572753906,176.07000732421875,176.75,31981200,171.95049819946288,160.9889987182617,170.6750923177014,68.09979532536298,4.38323409448023,4.317044815631635,177.8024643776287,166.09853202129707,3.4299610345761353,0.00825982552183624,0.008225899848415687,0.022246018682370434
2024-03-04,177.5800018310547,180.13999938964844,177.49000549316406,177.52999877929688,37381500,172.23899841308594,161.46479888916016,171.33270274754457,66.50678595305627,4.405912298731522,4.334818312251613,178.583042296837,165.89495452933488,3.3742490961410097,-0.003591063770984282,-0.0035975271186564546,0.014240904396131288
2024-03-05,174.1199951171875,176.92999267578125,173.3000030517578,176.92999267578125,37228300,172.42949829101562,161.90479888916016,171.59815916370104,58.53476440223803,4.097458364218426,4.287346322644976,178.7592023003542,166.09979428167705,3.4389455020807143,-0.01948421375262155,-0.019676533274039055,0.014847466636865057
2024-03-06,173.50999450683594,176.4600067138672,173.25999450683594,175.5399932861328,32090900,172.6474983215332,162.29819885253906,171.78023872019006,57.23225351627867,3.7604364766462766,4.181964353445236,178.80846589102626,166.48653075204012,3.42187883814861,-0.0035033346396604603,-0.0035094856867787733,0.014771634986570982
2024-03-07,176.82000732421875,177.99000549316406,173.72000122070312,174.8300018310547,34063300,172.9619987487793,162.76619903564452,172.2602166824785,62.15352187498978,3.7175806188052434,4.089087606517238,179.29817146822268,166.62582602933594,3.4974597058757184,0.019076784751165476,0.018897104445031784,0.015230119997227398
2024-03-08,175.35000610351562,178.7899932861328,174.3300018310547,176.44000244140625,37893200,173.23749923706055,163.20499908447266,172.55448234162492,58.91137600306572,3.524373446266196,3.97614477446703,179.4852683324243,166.98973014169678,3.5662119736758906,-0.008313545751684748,-0.00834829600574499,0.015347572193638033
2024-03-11,171.9600067138672,174.47000122070312,171.47000122070312,174.30999755859375,28484800,173.1129997253418,163.57739929199218,172.4978656151718,52.154785755130554,3.062409203692283,3.793397660312081,179.35839686601653,166.86760258466708,3.588625752899934,-0.019332758891648982,-0.01952208072253206,0.01480263444197127
2024-03-12,175.38999938964844,176.75999450683594,171.97999572753906,173.5,36610600,173.2654998779297,164.01759918212892,172.7733069270267,57.46979633927108,2.9391898059694483,3.6225560894435547,179.57655358594388,166.9544461699155,3.675151612904849,0.019946455814511488,0.01975013161880721,0.01522272018846814
2024-03-13,176.55999755859375,177.6199951171875,175.5500030517578,175.89999389648438,30772600,173.66149978637696,164.50999908447267,173.13394413003311,59.13730946622558,2.902488538541519,3.4785425792631477,179.75196998461635,167.57102958813758,3.571926192521579,0.0066708374081581034,0.006648685830772736,0.014311067287604342
2024-03-14,178.75,179.52999877929688,176.47000122070312,177.69000244140625,43705800,174.05,165.08639923095703,173.6688065938395,62.130315461201086,3.015358241283792,3.385905711667277,180.39275741716474,167.70724258283528,3.5353598615267345,0.012403729449981915,0.012327433453265669,0.014252577685219366
2024-03-15,174.4199981689453,177.92999267578125,173.89999389648438,176.63999938964844,72147400,174.28099975585937,165.60539916992187,173.74034864861147,53.74788145236162,2.724012611709611,3.253527091675744,180.31689347768398,168.24510603403476,3.629263164525941,-0.024223786467438835,-0.02452200827324045,0.015328221987032322
2024-03-18,174.47999572753906,176.69000244140625,174.27999877929688,175.8000030517578,31250700,174.52949981689454,166.2035989379883,173.81079122755693,53.840811237683475,2.469493617581037,3.096720396856803,180.1544820890383,168.90451754475077,3.542173200067615,0.00034398325434925603,0.00034392410567333365,0.015312801629696607
2024-03-19,175.89999389648438,176.08999633789062,173.52000427246094,174.22000122070312,26880900,174.97049942016602,166.8167987060547,174.00976291031193,56.08950603777497,2.355217979047694,2.9484199132949813,179.4581658201809,170.48283302015113,3.47273169045062,0.00813845829732096,0.008105519638180665,0.014904353216943124
2024-03-20,178.14999389648438,178.52999877929688,174.63999938964844,176.13999938964844,29947200,175.4484992980957,167.39779846191405,174.40407062328075,59.45958413026117,2.418332872173437,2.8424025050706723,179.06856660313625,171.82843199305515,3.502536526107607,0.012791359170393646,0.01271024074657137,0.015011867953057666
2024-03-21,178.14999389648438,181.4199981689453,178.14999389648438,179.99000549316406,32824300,175.6269989013672,167.9333984375,174.76082522072872,59.45958413026117,2.440222513543489,2.7619665067652357,179.4067073428379,171.84729045989647,3.485927079418559,0.0,0.0,0.01289652111739745
2024-03-22,178.8699951171875,179.25999450683594,176.75,177.75,27995400,175.82099838256835,168.43619842529296,175.15217473467717,60.58233303282219,2.486999708706662,2.7069731471535214,179.8406881067195,171.80130865841718,3.416217609948372,0.0040415450203241665,0.004033399915744371,0.012910753095136795
2024-03-25,179.7100067138672,180.9900054931641,177.24000549316406,178.00999450683594,29815500,176.06999893188475,168.92679870605468,175.5862539707905,61.9077950425468,2.5623161034134228,2.6780417384055015,180.39396935104048,171.74602851272903,3.440059209237776,0.004696213001679439,0.00468522019633587,0.012917661933193589
2024-03-26,178.3000030517578,180.4499969482422,177.9499969482422,180.1499938964844,29659000,176.30799942016603,169.40039886474608,175.84470626421597,58.36036368579793,2.4796455666375152,2.6383625040519045,180.57233303955707,172.043665800775,3.3729121228636494,-0.007845994154095037,-0.007876935918428052,0.012954684243167527
2024-03-27,179.8300018310547,180.0,177.30999755859375,179.8800048828125,33272600,176.6414993286133,169.933798828125,176.22425822296253,60.97362254942565,2.5086683186043786,2.6124236669623997,180.91216405434918,172.3708346028774,3.3241328599024067,0.008581036192426339,0.008544428374293455,0.01301983833846316
2024-03-28,180.3800048828125,181.6999969482422,179.25999450683594,180.1699981689453,38051600,176.8224998474121,170.5071987915039,176.62004361913873,61.89931555067105,2.546693016512336,2.599277536872387,181.39415261011476,172.25084708470945,3.2609806871526814,0.0030584610251771505,0.003053793447902987,0.012252092296025417
2024-04-01,180.97000122070312,183.0,179.9499969482422,180.7899932861328,29174500,176.95999984741212,171.05659881591797,177.0343252954782,62.915494358921414,2.5945275387903166,2.598327537255973,181.84611645401776,172.07388324080648,3.245910856053048,0.003270852211551434,0.00326551461029285,0.012148692507459442
2024-04-02,180.69000244140625,180.7899932861328,178.3800048828125,179.07000732421875,32611500,177.1154998779297,171.56359893798827,177.38248502366184,62.06942381464422,2.580101378251811,2.5946823054551404,182.26167494623823,171.96932480962116,3.199059819041446,-0.0015472110151306673,-0.0015484091821309372,0.012118048244666616
2024-04-03,182.41000366210932,182.8699951171875,179.8000030517578,179.89999389648438,31046600,177.53000030517578,172.11619903564454,177.8612963225616,65.16814739176061,2.6766040406979243,2.6110666525036974,182.97128873042448,172.08871187992708,3.189840693783463,0.009519072430478337,0.009474051539762952,0.011249742692666228
2024-04-04,180.0,185.1000061035156,180.0,184.0,41624300,177.854500579834,172.5957989501953,178.06498238707954,58.01631734710598,2.5294579252302185,2.5947449070490016,183.0674180344349,172.6415831252331,3.3262810801929015,-0.013212014767422176,-0.01330006988486567,0.011717124262638361
2024-04-05,185.07000732421875,186.2700042724609,181.97000122070312,182.3800048828125,42374000,178.267000579834,173.15979919433593,178.73212761918802,66.37626151775157,2.7897918044996572,2.633754286539133,184.32443862284802,172.20956253681996,3.5365470224977593,0.028166707356770848,0.027777320574842966,0.012564021240665545
2024-04-08,185.19000244140625,187.2899932861328,184.8099975585937,186.8999938964844,39221300,178.7590003967285,173.70859924316406,179.34716331654215,66.54605065920057,2.9715368553895303,2.701310800309213,185.3626448424683,172.1553559509887,3.4610790728578564,0.0006483768975988902,0.0006481667921116775,0.012320861640592005
2024-04-09,185.6699981689453,187.33999633789065,184.1999969482422,187.2400054931641,36520100,179.44449996948242,174.23959930419923,179.94933806439008,67.25828645785138,3.1183562911281797,2.784719898473006,185.9279864027503,172.96101353621455,3.4381448097714715,0.002591909504893186,0.0025885563003378185,0.01116895577947362
2024-04-10,185.9499969482422,186.2700042724609,182.6699981689453,182.7700042724609,35879200,179.9724998474121,174.73339935302735,180.52082938666172,67.69041331170327,3.220185024700612,2.8718129237185277,186.761974351654,173.18302534317021,3.4497063307531945,0.0015080453603608657,0.0015069094018642995,0.01051683758007527
2024-04-11,189.0500030517578,189.7700042724609,185.509994506836,186.7400054931641,40020700,180.5970001220703,175.3343994140625,181.3331316404804,72.08343130722842,3.510562040461423,2.999562747067107,188.25781862809845,172.93618161604218,3.507585147529746,0.016671181255133227,0.016533742520170792,0.010931118834080116
2024-04-12,186.1300048828125,188.3800048828125,185.0800018310547,187.72000122070312,38608800,180.96600036621095,175.9529995727539,181.78997671117867,63.346500058943874,3.465124668501062,3.0926751313538983,188.93996060613532,172.99204012628658,3.5406148670421302,-0.015445639364236818,-0.015566165935951603,0.0114938672194266
2024-04-15,183.6199951171875,188.69000244140625,183.0,187.42999267578125,48052400,181.42600021362304,176.4397994995117,181.9642641784176,56.95592564409008,3.1898082884423786,3.112101762771595,188.88095501856588,173.9710454086802,3.6941425509252817,-0.013485250630092094,-0.013577002419975346,0.010398706661978698
2024-04-16,183.32000732421875,184.8300018310547,182.259994506836,183.2700042724609,32891300,181.86800079345704,176.6699996948242,182.0933825732558,56.22585282781875,2.9138228301146682,3.0724459762402097,188.64021978107883,175.09578180583526,3.6138471775890966,-0.001633742516860992,-0.0016350785294987403,0.010430888903734298
2024-04-17,181.27999877929688,184.57000732421875,179.82000732421875,184.3099975585937,31359700,182.13700103759766,176.88939971923827,182.01591745002165,51.400717156281196,2.5016532243642473,2.9582874258650174,188.34338754668516,175.93061452851015,3.695000950618447,-0.011128128209780819,-0.011190509048215303,0.010769420894168272
2024-04-18,179.22000122070312,182.38999938964844,178.64999389648438,181.47000122070312,30723800,182.19050140380858,177.09079986572266,181.74963971389607,47.01325668509864,1.985889161345881,2.7638077729611905,188.27575544461408,176.1052473630031,3.6982155608002762,-0.011363622972558218,-0.011428682278624262,0.010798256534125122
2024-04-19,174.6300048828125,179.0,173.44000244140625,178.74000549316406,56000700,182.014501953125,177.17279998779296,181.0715792537929,39.02094919064372,1.1930157384502138,2.449649366058995,188.728181634196,175.300822272054,3.846914362121462,-0.02561096030926935,-0.025944630354616176,0.012261906212062903
2024-04-22,177.22999572753906,178.8699951171875,174.55999755859375,176.94000244140625,37924900,181.93250198364257,177.32059997558594,180.70571415605446,44.750545279001244,0.7656296683711048,2.112845426521417,188.83520538132143,175.0297985859637,3.8799917332980542,0.014888568814227066,0.01477882204751945,0.012724350495164002
2024-04-23,179.5399932861328,179.92999267578125,175.97999572753906,178.0800018310547,37046500,181.92400131225585,177.42239990234376,180.59469312082382,49.30785361775242,0.606331217360804,1.8115425846892943,188.83804120795855,175.00996141655315,3.884992105794064,0.01303389727631088,0.0129496869735391,0.013032392468609636
2024-04-24,176.58999633789062,180.32000732421875,176.17999267578125,179.94000244140625,34185100,181.8385009765625,177.50739990234376,180.2132934272111,44.284155716316576,0.23928758930367167,1.4970915856121698,188.96860305049142,174.70839890263358,3.9032080016971666,-0.016430862529557833,-0.01656734624660272,0.01344055488693251
2024-04-25,173.6699981689453,173.9199981689453,166.32000732421875,169.67999267578125,49249400,181.53050079345704,177.6079998779297,179.59012245023342,39.945808308097085,-0.2839434557202196,1.1408845773456922,189.46756404087932,173.59343754603475,4.357978073981075,-0.016535467634067658,-0.016673704471388103,0.01372795226438754
2024-04-26,179.6199951171875,180.82000732421875,176.1300048828125,177.8000030517578,43919800,181.49250030517578,177.78079986572266,179.5929674661338,50.571802577766164,-0.21600285460317536,0.8695070909559186,189.45845756497027,173.5265430453813,4.557408865501958,0.034260361668536854,0.03368654484295438,0.015893552356125842
2024-04-29,180.9600067138672,183.52999877929688,179.38999938964844,182.75,54063900,181.49200057983398,178.00399993896485,179.72316168020365,52.60569917401078,-0.05341595593469606,0.6849224815777958,189.45809014073353,173.52591101893444,4.527593902940992,0.007460258507441919,0.007432568410519159,0.015967636440787813
2024-04-30,175.0,182.9900054931641,174.8000030517578,181.08999633789065,94639800,181.20750045776367,178.11380004882812,179.27333675827947,43.94444212388673,-0.4008664602957026,0.46776469320309616,189.65944672577464,172.7555541897527,4.7891945128313695,-0.03293549122868411,-0.03349007554568368,0.017599084626739703
2024-05-01,179.0,185.1499938964844,176.55999755859375,181.63999938964844,94645100,181.0370002746582,178.35220001220702,179.24730468606236,49.90565657076903,-0.3494289185808839,0.3043259708463002,189.52254818451652,172.55145236479987,5.172108754520871,0.02285714285714291,0.022599831917240992,0.018276376760534053
2024-05-02,184.72000122070312,185.1000061035156,179.91000366210938,180.8500061035156,54303500,181.27300033569335,178.67480010986327,179.76851387983768,56.95515234848409,0.15114963932677483,0.27369070454239514,189.8915596407659,172.6544410306208,5.238387136591923,0.031955314082140474,0.031455365813882176,0.019415081349818543
2024-05-03,186.2100067138672,187.8699951171875,185.4199981689453,186.9900054931641,39172000,181.3300003051758,178.90740020751954,180.3819893878405,58.58990490487148,0.6604791512239103,0.35104839387869824,190.06257853216079,172.5974220781908,5.089216190869955,0.008066292135759712,0.008033933494385928,0.01845721050029659
2024-05-06,188.6999969482422,188.75,184.8000030517578,186.27999877929688,34725300,181.50550003051757,179.1816000366211,181.17418058406923,61.239129793566754,1.2506313612789484,0.5309649873587483,190.67164254967219,172.33935751136295,5.0078433878251145,0.013371946429286963,0.013283331052944075,0.018681644671563722
2024-05-07,188.759994506836,189.94000244140625,187.3099975585937,188.9199981689453,34048900,181.6599998474121,179.46220001220703,181.89663905290416,61.30336991639206,1.7035352472067018,0.765479039328339,191.19832344121863,172.12167625360559,4.837997780324217,0.00031795209095974997,0.00031790155490542276,0.01867903713794214
2024-05-08,188.0,188.42999267578125,186.38999938964844,187.44000244140625,26136400,181.7625,179.75140014648437,182.47791152405614,59.94802667658928,1.978334624556851,1.0080501563740416,191.52446175043627,172.0005382495637,4.661711875814455,-0.004026247769404745,-0.004034374926923301,0.018711939830683866
2024-05-09,189.5,191.6999969482422,187.44000244140625,188.8800048828125,43368400,181.7849998474121,180.0782000732422,183.1466818550984,61.74569968335979,2.2907462777564547,1.2645893806505244,191.61587536023248,171.95412433459174,4.633017778030275,0.007978723404255428,0.00794706169253194,0.018420483885170588
2024-05-10,187.47999572753903,189.88999938964844,186.92999267578125,189.16000366210932,34141800,181.85249938964844,180.29260009765625,183.55937841437844,57.97213510179503,2.348267929864619,1.4813250904933435,191.8193780614877,171.8856207178092,4.5135169877329115,-0.010659653152828352,-0.01071687425686526,0.0182356037971533
2024-05-13,186.57000732421875,188.3099975585937,185.3600006103516,188.0,24898600,182.0,180.45960021972655,183.84610497722036,56.30280077781352,2.293982195725903,1.6438565115398556,192.152724399496,171.847275600504,4.40183698491214,-0.004853789332504355,-0.00486560722449323,0.017987173068711892
2024-05-14,187.07000732421875,187.72000122070312,183.4499969482422,183.82000732421875,38698200,182.1875,180.64940032958984,184.15314329598212,57.03488133531001,2.2651944302813263,1.7681240952881498,192.56679182162492,171.80820817837508,4.392420362594197,0.002679959159411549,0.002676374471979152,0.017980414415861325
2024-05-15,185.9900054931641,186.72000122070312,182.72999572753903,185.97000122070312,75459900,182.42300033569336,180.88680053710937,184.3280825528566,54.895533261440654,2.130671739432586,1.8406336241170371,192.92228388258346,171.92371678880326,4.388676879314591,-0.005773249525686142,-0.005789979151338446,0.01782691827956774
2024-05-16,183.6300048828125,187.3099975585937,183.4600067138672,185.6000061035156,38834500,182.64350051879882,181.0892007446289,184.26159896523336,50.44293452469192,1.8127331524497379,1.8350535297835775,193.04926839071618,172.23773264688145,4.350199305415442,-0.01268885714634993,-0.012770048240180923,0.017879375889246304
2024-05-17,184.6999969482422,185.3000030517578,183.3500061035156,183.759994506836,33175700,183.14700012207032,181.24680053710938,184.30335115409136,52.330785344357345,1.628333533651869,1.793709530557236,192.90756212707387,173.38643811706677,4.178756279903069,0.005826891232250109,0.005809980560830076,0.01672751142789449
2024-05-20,183.5399932861328,186.6699981689453,183.27999877929688,184.33999633789065,30511800,183.4625,181.4106002807617,184.23065040476197,50.10243038890134,1.3727684856658584,1.7095213215789604,192.83795254833308,174.08704745166693,4.122416502027738,-0.006280474722663021,-0.006300279871404103,0.01660090709468292
2024-05-21,183.1499938964844,183.259994506836,180.75,182.3000030517578,50839100,183.64300003051758,181.63440002441405,184.127730737307,49.34170049672523,1.1257843117371635,1.5927739196106012,192.84686387516774,174.43913618586743,4.0272434151781,-0.0021248741632043933,-0.002127134911413819,0.01640986504643501
2024-05-22,183.1300048828125,185.22000122070312,181.97000122070312,183.8800048828125,28148800,183.97000045776366,181.78920013427734,184.03270922735513,49.30038299036293,0.9178541765230364,1.4577899709930884,192.5947933909218,175.3452075246055,3.9717260283796643,-0.0001091401274257997,-0.00010914608364288576,0.015888493530174262
2024-05-23,181.0500030517578,184.759994506836,180.0800018310547,183.66000366210932,33670200,184.3390007019043,181.87900024414063,183.74864197253635,45.071024883093656,0.5785600022794313,1.281943977250357,191.70986740531416,176.96813399849444,4.022316503194068,-0.011358061353112014,-0.011423056748417279,0.015611402686282584
2024-05-24,180.75,182.44000244140625,180.3000030517578,181.6499938964844,27471600,184.39550094604493,181.91900024414062,183.46305702277098,44.47834602708855,0.28220608952923953,1.0819963997061335,191.63699867200057,177.1540032200893,3.8878652807979512,-0.0016570176564539851,-0.001658392028660058,0.013674761945293622
2024-05-28,182.1499938964844,182.2400054931641,179.49000549316406,179.92999267578125,29927000,184.4550003051758,182.07360015869142,183.33800339169608,47.92008121187512,0.15848437652962843,0.8972939950708325,191.60154246751787,177.3084581428337,3.8065891893123855,0.007745471073219434,0.007715628907514878,0.013682656021873723
2024-05-29,182.0200042724609,184.0800018310547,181.5500030517578,181.6999969482422,32009300,184.80600051879884,182.22440032958986,183.21247966605463,47.62488132165814,0.04937577808613014,0.7277103516738921,190.62722850436796,178.98477253322972,3.7154041600255634,-0.000713640562059914,-0.000713895324699002,0.011225175692352297
2024-05-30,179.32000732421875,181.33999633789065,178.36000061035156,181.3099975585937,29184700,184.82200088500977,182.29280059814454,182.84176801445122,41.85712025546491,-0.2520552254326276,0.5317572362525882,190.58073052568878,179.06327124433076,3.7114469816029763,-0.0148335176621609,-0.0149446344900467,0.01069553542647906
2024-05-31,176.44000244140625,179.2100067138672,173.8699951171875,178.3000030517578,58903900,184.40800094604492,182.25860076904297,182.2320760551136,36.74515314920888,-0.715090672112666,0.2823876545795374,191.22906259889578,177.58693929319406,3.8356302119907104,-0.016060700229647673,-0.01619107105787046,0.008299569135306337
2024-06-03,178.33999633789062,178.6999969482422,175.9199981689453,177.6999969482422,30786600,184.0145004272461,182.26240081787108,181.86140179633045,41.79547567660765,-0.9181520853519487,0.04227970659324021,191.26861667019912,176.7603841842931,3.7602279667982934,0.01076849847083472,0.010710931098535235,0.008496146191732615
2024-06-04,179.33999633789062,179.82000732421875,176.44000244140625,177.63999938964844,27198400,183.5465003967285,182.27180084228516,181.6212679431457,44.31542991510259,-0.9870104337832686,-0.16357832148206156,190.7385465950397,176.3544541984173,3.733069175085023,0.00560726713319748,0.0055916049316681584,0.007907899412659455
2024-06-05,181.27999877929688,181.5,178.75,180.10000610351562,32116400,183.17250061035156,182.30320068359376,181.58876611801725,48.93446007411489,-0.8749532706040952,-0.3058533113064683,190.01043355144864,176.33456766925448,3.6628499482932355,0.010817455564965828,0.010759365441920877,0.008436417151114376
2024-06-06,185.0,185.0,181.4900054931641,181.75,31371200,183.02250061035156,182.4372006225586,181.91364553534893,56.402446728517916,-0.48043598531526754,-0.3407698461082282,189.5550596525158,176.4899415681873,3.666932182036799,0.020520748266509736,0.02031303453242799,0.009799410643673805
2024-06-07,184.3000030517578,186.2899932861328,183.3600006103516,184.8999938964844,28021500,182.76250076293945,182.52660064697267,182.14091767976882,54.77903844622134,-0.2217064045605639,-0.3169571577986954,188.62242659742955,176.90257492844935,3.6142936458756867,-0.003783767287795614,-0.0037909438439048654,0.009598350429194219
2024-06-10,187.0599975585937,187.22999572753903,183.7899932861328,184.07000732421875,34445600,182.7415008544922,182.6602005004883,182.60940147775216,59.70385510500438,0.20369902711235,-0.2128259208164863,188.53630117845785,176.94670053052653,3.601844274127868,0.014975553234585659,0.014864526720523909,0.009992775961335486
2024-06-11,187.22999572753903,187.7700042724609,184.5399932861328,187.0599975585937,27265100,182.7745002746582,182.785400390625,183.04945807296994,59.99286217439714,0.5482336320470154,-0.06061401024378597,188.6628939295554,176.88610661976102,3.5752847535707413,0.0009087895389932044,0.0009083768397989927,0.009930305857766976
2024-06-12,186.88999938964844,188.3500061035156,185.42999267578125,188.0200042724609,33984200,182.7654998779297,182.90940032958986,183.4152239126536,59.08021748488137,0.7847982598758279,0.10846844378013681,188.62809710415976,176.90290265169963,3.5284796588681417,-0.0018159287809063063,-0.0018175795783647649,0.009922652825818043
2024-06-13,183.8300018310547,187.6699981689453,182.6699981689453,186.08999633789065,39721500,182.65749969482422,182.93780029296875,183.45472657154895,51.48844096784064,0.717094977747081,0.23019375057352565,188.35579204147533,176.95920734817312,3.6335882546632745,-0.016373254687715777,-0.016508777761010902,0.010512715429782054
2024-06-14,183.66000366210932,183.72000122070312,182.22999572753903,183.0800018310547,25456400,182.65899963378905,183.01100036621094,183.47427677064994,51.09562162585554,0.6423179657047058,0.3126185935997617,188.3583308437984,176.9596684237797,3.4883323867241587,-0.0009247574783881607,-0.0009251853303783003,0.010118400255462824
2024-06-17,184.0599975585937,185.0,181.22000122070312,182.5200042724609,35601900,182.62699966430665,182.99080017089844,183.53005970283505,52.02311113959812,0.60832046977049,0.37175896883390736,188.2871856399385,176.9668136886748,3.509165700479353,0.002177904217078641,0.002175536021534634,0.010041486726521779
2024-06-18,182.8099975585937,184.2899932861328,181.42999267578125,183.7400054931641,36659200,182.59049987792966,182.9432000732422,183.46148235576445,48.90186499124628,0.4750367282861703,0.39241452072435995,188.2360611889315,176.94493856692782,3.4627967654702254,-0.006791263808433312,-0.006814429382413544,0.010058599698132636
2024-06-20,186.1000061035156,186.509994506836,182.72000122070312,182.91000366210932,44726800,182.73800048828122,182.9518002319336,183.71277033174076,56.32863772610455,0.6276494446294407,0.4394615055053761,188.58488486153425,176.89111611502818,3.486167945517557,0.017996874289478715,0.01783684768106189,0.010827709525990345
2024-06-21,189.0800018310547,189.27999877929688,185.8600006103516,187.8000030517578,70792500,183.03550033569334,183.01440032958985,184.22393523643734,61.75132739952809,0.977785568808855,0.5471263181660719,189.50430972804926,176.56669094333742,3.4814415329052517,0.01601287280926522,0.015886019163884733,0.01134016189843712
2024-06-24,185.57000732421875,191.0,185.3300018310547,189.3300018310547,50610400,183.2615005493164,182.94480041503905,184.3521325781308,53.34866279173306,0.9609663257396335,0.6298943196807842,189.75284061208276,176.77016048655003,3.6377670069081134,-0.0185635417434159,-0.018738006784044702,0.011877280404666537
2024-06-25,186.33999633789065,188.83999633789065,185.4199981689453,186.8099975585937,45366400,183.5410003662109,182.94900024414062,184.54145293620317,54.80163151304639,0.9982612979214309,0.7035677153289136,190.05705097084183,177.02494976158,3.6222120899107724,0.004149318226444931,0.004140733544431425,0.011872140842947654
2024-06-26,193.6100006103516,194.8000030517578,186.259994506836,186.9199981689453,65103900,184.11400070190427,183.1488003540039,185.40512414326494,65.67259359371675,1.5960481691101052,0.882063806085152,191.92652726677628,176.30147413703227,3.973483265268704,0.03901472799901873,0.03827288718411035,0.014494600133119897
2024-06-27,197.8500061035156,199.83999633789065,194.1999969482422,195.009994506836,74397500,184.905500793457,183.43940032958983,186.59035099662216,70.17767963812923,2.3844451796771295,1.1825400808035476,194.67219349961073,175.1388080873033,4.134662726859444,0.02189972356695158,0.0216633691270863,0.015048393392790621
2024-06-28,193.25,198.8500061035156,192.5,197.72999572753903,76930200,185.60200042724608,183.6788003540039,187.22460328265814,60.84765824939972,2.6080099269386494,1.467634050030568,195.65856173813083,175.54543911636134,4.292901539477741,-0.023249966952787804,-0.02352451121310847,0.01571413395515961
2024-07-01,197.1999969482422,198.3000030517578,192.82000732421875,193.4900054931641,41192000,186.64000015258787,184.03840026855468,188.17464077461852,65.13419338013611,3.0685460532632476,1.7878164506771042,196.98112750515682,176.29887280001893,4.377693981482121,0.02043982896891161,0.020233739225558187,0.015394585842554903
2024-07-02,200.0,200.42999267578125,195.92999267578125,197.27999877929688,45600000,187.72300033569334,184.54580017089845,189.3008654627501,67.82346316034693,3.617757836669057,2.153804727875495,198.86603689918897,176.57996377219771,4.3864301256619695,0.014198798656638534,0.01409893985494711,0.0154730611119727
2024-07-03,197.58999633789065,200.02999877929688,196.759994506836,199.94000244140625,31597900,188.63550033569334,184.95300018310547,190.09030649847776,63.2979466101262,3.814572955047595,2.485958373309915,199.8717456904123,177.39925498097438,4.306685421861892,-0.01205001831054675,-0.012123208336190783,0.01598361557520611
2024-07-05,200.0,200.5500030517578,198.1699981689453,198.6499938964844,39858900,189.57150039672848,185.36220031738281,191.03408683195605,65.7584622996932,4.117552921637241,2.8122772829753804,201.3085577412757,177.83444305218126,4.210494085576554,0.012196992290986808,0.012123208336190851,0.016013091370078635
2024-07-08,199.2899932861328,201.1999969482422,197.9600067138672,200.0399932861328,34767300,190.28600006103514,185.81620025634766,191.82036363711575,64.38891721284331,4.251367996102516,3.1000954256008075,202.5508512081481,178.0211489139222,4.1411723819193,-0.0035500335693359197,-0.0035563498917093785,0.0156901979119531
2024-07-09,199.33999633789065,200.57000732421875,199.0500030517578,199.3999938964844,32700100,191.0379997253418,186.32960021972656,192.53651913242766,64.44507928696595,4.311749075711532,3.342426155622953,203.58364029717464,178.49235915350894,3.9539460883865596,0.00025090598345323123,0.0002508745118111371,0.015612717419814464
2024-07-10,199.7899932861328,200.1100006103516,197.69000244140625,200.0,32883800,191.67449951171875,186.73300018310547,193.2273261946853,64.9803427404299,4.345816640214167,3.5431042525411955,204.63317025586855,178.71582876756895,3.844378379855044,0.002257434315787732,0.002254890139097774,0.015401669956356211
2024-07-11,195.0500030517578,200.2700042724609,192.8600006103516,200.08999633789065,44565000,192.06549987792968,187.01480010986327,193.40091446678747,55.50206220117011,3.944863896951631,3.623456181423283,204.9357642249438,179.19523553091557,4.099065900016064,-0.023724863074531144,-0.02401082970854252,0.016554034741429014
2024-07-12,194.4900054931641,196.47000122070312,193.8300018310547,194.8000030517578,30598500,192.44550018310548,187.40460021972658,193.50463742168048,54.490799221178534,3.5410992484455903,3.6069847948277447,205.12952903316372,179.76147133304724,3.994846863561233,-0.0028710461411535215,-0.002875175499739089,0.016569105881001203
2024-07-15,192.72000122070312,196.19000244140625,190.8300018310547,194.5599975585937,40683200,192.8900001525879,187.67900024414064,193.42991016444455,51.30866448639419,3.0432080947081204,3.49422945480382,204.94255070302006,180.83744960215574,4.092357845474828,-0.009100746683475047,-0.009142411458262677,0.01621785900674487
2024-07-16,193.0200042724609,196.6199951171875,192.2400054931641,195.58999633789065,33994700,193.35800018310547,187.84500030517577,193.39087150806515,51.82220925399518,2.642373866196948,3.323858337082446,204.6430651730758,182.07293519313515,4.1129029725140125,0.0015566783408962337,0.00155546797310713,0.01619985439475567
2024-07-17,187.92999267578125,191.5800018310547,185.9900054931641,191.3500061035156,48076100,193.55149993896484,187.87940002441405,192.87078780975241,43.44912535296167,1.8921766211474278,3.0375219938954423,204.31277336475475,182.79022651317493,4.321266958712784,-0.02637038381521717,-0.02672431851841202,0.01744968777148166
2024-07-18,183.75,189.67999267578125,181.4499969482422,189.58999633789065,51043600,193.59850006103517,187.78040008544923,192.00214135168076,38.016791934129074,0.9494052713038741,2.6198986493771286,204.17839019429815,183.0186099277722,4.600461870771804,-0.022242286163404512,-0.022493376002440963,0.018149415318318877
2024-07-19,183.1300048828125,184.92999267578125,180.11000061035156,181.13999938964844,43081800,193.45,187.66780029296876,191.1571759736933,37.272419307253564,0.15048901610890653,2.126016722723484,204.51879677708953,182.38120322291044,4.616142598961653,-0.0033741230867346816,-0.0033798282769946274,0.017682758897495557
2024-07-22,182.5500030517578,185.0599975585937,182.47999572753903,185.0,39931900,193.12350006103514,187.5588003540039,190.33744521922327,36.55140353473258,-0.5234254497389657,1.5961282882309942,205.04132130264435,181.20567881942594,4.470703972682582,-0.003167158934036185,-0.003172184996925187,0.0172458701705544
2024-07-23,186.41000366210932,189.38999938964844,183.5599975585937,184.1000061035156,47537700,193.16549987792968,187.4970004272461,189.9634031661648,44.27703662334908,-0.7375358748653582,1.1293954556117238,204.98203758925297,181.34896216660638,4.639939141626014,0.02114489480045134,0.020924443707582927,0.01747615144284255
2024-07-24,180.8300018310547,185.4499969482422,180.41000366210932,183.1999969482422,41532400,192.8900001525879,187.36400054931642,189.09355541996382,37.22139715046629,-1.342009591901899,0.6351144461089993,205.5565847666954,180.2234155384804,4.737086345795585,-0.029934025650088292,-0.030391195003886345,0.01870673688920831
2024-07-25,179.85000610351562,183.8999938964844,176.8000030517578,182.91000366210932,44464200,192.2020004272461,187.22960052490234,188.2132173898259,36.13239409761289,-1.8784828516982657,0.13239498654754628,206.07476511660033,178.32923573789188,4.905865238576371,-0.005419431054668911,-0.005434169444389781,0.016122676024654628
2024-07-26,182.5,183.19000244140625,180.2400054931641,180.38999938964844,29506000,191.43450012207032,187.13820037841796,187.66910144793772,41.146719103822235,-2.065993922740006,-0.30728279530996416,205.6662653705078,177.20273487363283,4.794017459955961,0.014734466536293178,0.014626968944213104,0.015598348809708474
2024-07-29,183.1999969482422,184.75,182.3800048828125,183.83999633789065,33270100,190.93199996948243,187.08240020751953,187.24347244796672,42.43243686983047,-2.1335200033517765,-0.6725302369183266,205.57561007818967,176.2883898607752,4.62087300690107,0.003835599716395466,0.0038282625594168156,0.014995333454484776
2024-07-30,181.7100067138672,185.8600006103516,179.3800048828125,184.72000122070312,39508600,190.15750045776366,187.04400024414062,186.71647571138584,40.40884306260138,-2.280971053828523,-0.9942184003003659,205.029870603016,175.2851303125113,4.753667486946644,-0.008133134602594794,-0.008166388972744573,0.01401807156540781
2024-07-31,186.97999572753903,187.94000244140625,184.4600067138672,185.0500030517578,41667300,189.50650024414062,187.08960021972655,186.74157285578138,49.569553442865754,-1.950103425005068,-1.1853954052413065,203.72397317146417,175.28902731681708,4.859119504131817,0.029002194810164417,0.02858958980412218,0.015355881353577431
2024-08-01,184.07000732421875,190.6000061035156,181.8699951171875,189.2899932861328,70435600,188.83050079345702,187.10020050048828,186.48713804325163,45.41772899261303,-1.900789076476599,-1.328474139488365,202.72838353306938,174.93261805384466,5.135611752860123,-0.015563100170141286,-0.01568547657831172,0.015481446454956001
2024-08-02,167.89999389648438,168.77000427246094,160.5500030517578,166.75,141448400,187.22550048828126,186.79520050048828,184.71693383879762,30.253893714053333,-3.1304066657225462,-1.6888606447352013,202.8943460747756,171.5566549017869,6.448782647117324,-0.0878470841762542,-0.09194763210362274,0.023992013758649545
2024-08-05,161.02000427246094,162.9600067138672,151.61000061035156,154.2100067138672,83149400,185.31200103759767,186.35300048828125,182.4600834039084,26.239649747016003,-4.6069392009145815,-2.2724763559710777,203.726723693992,166.89727838120334,7.151726264189859,-0.04097671157906757,-0.041839920325843556,0.02502890069430004
2024-08-06,161.92999267578125,165.0800018310547,158.5399932861328,161.7100067138672,59950800,183.44150085449218,185.97060028076172,180.5048366678963,27.607840888433813,-5.638674286615924,-2.945715942100047,203.31846388583395,163.5645378231504,7.108032141385003,0.005651399696776416,0.005635490449044775,0.025177378560302083
2024-08-07,162.77000427246094,167.5800018310547,161.42999267578125,166.5500030517578,48408200,181.5905014038086,185.61100036621093,178.81580501118816,28.918573325239677,-6.315745872696766,-3.6197219282193913,201.92265270942062,161.25835009819656,7.03960192809132,0.0051874985158653075,0.005174089797253657,0.025261008257080084
2024-08-08,165.8000030517578,166.69000244140625,162.5500030517578,165.1699981689453,44616200,180.12800140380858,185.2840005493164,177.57620482457574,33.589480635408194,-6.532531447799727,-4.202283832135459,200.58471380911186,159.6712889985053,6.832487461059685,0.018615215947435537,0.0184440734555928,0.02580795809405281
2024-08-09,166.94000244140625,168.5500030517578,165.85000610351562,166.39999389648438,36401000,178.75050125122067,184.9824005126953,176.56323316903578,35.311812918117724,-6.536992771024671,-4.669225619913302,198.86065507424493,158.6403474281964,6.5408812138411365,0.00687575011257735,0.0068522199395901024,0.02599654441320735
2024-08-12,166.8000030517578,168.5500030517578,166.11000061035156,168.13999938964844,30072800,177.45450134277343,184.7320004272461,175.63340172929503,35.191109593407774,-6.477160508098507,-5.030812597550343,197.13274616538175,157.7762565201651,6.2479613015243585,-0.000838620987187122,-0.0008389728264874979,0.026031647567763234
2024-08-13,170.22999572753906,171.0399932861328,167.10000610351562,167.80999755859375,39237900,176.31500091552735,184.60780029296876,175.11879163388969,40.55258055967905,-6.082851934711158,-5.241220464982506,194.86280926017602,157.76719257087868,6.104534796727975,0.020563504874259175,0.020354930507755713,0.026693731305491387
2024-08-14,170.10000610351562,172.27999877929688,168.86000061035156,172.11000061035156,28843800,175.42350158691406,184.44300048828126,174.64081205956836,40.41612093286632,-5.714970008934188,-5.3359703737728434,193.35631328956285,157.49068988426527,5.912782180457785,-0.0007636117446156998,-0.0007639034445704183,0.026271623078448554
2024-08-15,177.58999633789062,177.91000366210938,173.99000549316406,174.86000061035156,51698500,175.1155014038086,184.40800048828126,174.92168675274192,50.708484165761234,-4.764123467091167,-5.2216009924365085,192.67337439139058,157.5576284162266,6.048297564610353,0.04403286281963403,0.043090966761615855,0.02805291091757391
2024-08-16,177.05999755859375,178.33999633789062,176.25999450683594,177.0399932861328,31489200,174.81200103759767,184.3236004638672,175.1253354009183,50.049665624959054,-4.00714532733366,-4.97870985941594,192.01142584818658,157.61257622700876,5.764847869356378,-0.002984395462729106,-0.002988857651035908,0.028051543325520963
2024-08-19,178.22000122070312,178.3000030517578,176.16000366210938,177.63999938964844,31129800,174.59550094604492,184.18800048828126,175.42006547899302,51.53386666495355,-3.2758699077276674,-4.638141869078285,191.5064525062591,157.68454938583073,5.50593012080581,0.006551472258579993,0.006530104639669463,0.028101614170131413
2024-08-20,178.8800048828125,179.00999450683594,177.42999267578125,177.9199981689453,26255200,174.21900100708007,184.07960052490233,175.74958351745204,52.400486282880486,-2.612951609831299,-4.233103817228888,190.37969943774834,158.0583025764118,5.225506671537873,0.003703308593809629,0.0036964682293246748,0.027651346162151664
2024-08-21,180.11000061035156,182.38999938964844,178.88999938964844,179.9199981689453,35599100,174.18300094604493,183.9406005859375,176.16486133582342,54.04949287959901,-1.9656746333870956,-3.7796179804605297,190.28774244150696,158.0782594505829,5.102970088344877,0.006876093995775934,0.006852561474421805,0.026886606688894404
2024-08-22,176.1300048828125,181.47000122070312,175.67999267578125,181.3800048828125,32047500,173.99700088500975,183.71860076904298,176.16154167363192,48.227420536410214,-1.7536404832884784,-3.37442248102612,189.92055230797547,158.07344946204404,5.1520442638146635,-0.022097583221652117,-0.02234539227075752,0.027323696456947155
2024-08-23,177.0399932861328,178.97000122070312,175.24000549316406,177.33999633789062,29150100,173.7240005493164,183.52160064697264,176.24520373196535,49.56510904266417,-1.4949406869829431,-2.998526122217485,189.2369994517669,158.2110016468659,5.050469368366406,0.005166572293719973,0.005153271352930898,0.027122652032804184
2024-08-26,175.5,177.47000122070312,174.3000030517578,176.6999969482422,22366200,173.3390007019043,183.35500061035157,176.17423194796865,47.33608290003903,-1.398067767552078,-2.678434451284404,188.26321487474016,158.41478652906844,4.916149996979185,-0.00869856159361615,-0.008736614913990125,0.027146015683289292
2024-08-27,173.1199951171875,174.88999938964844,172.25,174.14999389648438,29842000,172.9095001220703,183.14420043945313,175.883352249799,44.03977415101114,-1.496095724261636,-2.4419667058798504,187.331328371052,158.48767187308863,4.797139282909243,-0.013561281383547064,-0.013654075452589952,0.027239810703830362
2024-08-28,170.8000030517578,173.69000244140625,168.9199981689453,173.69000244140625,29045000,172.10050048828126,182.8790005493164,175.39922375474745,41.039692986049104,-1.7409193226380069,-2.301757229231482,185.01039726069845,159.19060371586406,4.795201067877222,-0.013401063602498708,-0.013491668231426824,0.026330289666419503
2024-08-29,172.1199951171875,174.2899932861328,170.80999755859375,173.22000122070312,26407800,171.50299987792968,182.66520050048828,175.086916265456,43.4021157686844,-1.807594634407053,-2.2029247102665965,183.18990126306954,159.81609849278982,4.7019717226270625,0.007728290643119529,0.007698580379841969,0.026315188125691936
2024-08-30,178.5,178.89999389648438,172.60000610351562,172.77999877929688,43429400,172.03300018310546,182.51320037841796,175.41197185922212,53.169179595182854,-1.3302874990227451,-2.028397268017826,183.97684103993308,160.08915932627784,4.850402226674906,0.037067191865004956,0.036396721617948,0.018898867536073633
2024-09-03,176.25,178.25999450683594,175.25999450683594,177.5500030517578,37817500,172.79449996948242,182.25660034179688,175.4917840631057,49.898786171138624,-1.1206561251572396,-1.846849039445709,183.7322880648965,161.85671187406834,4.735373888566989,-0.012605042016806678,-0.012685159527315687,0.016290404290279573
2024-09-04,173.3300018310547,175.97999572753906,172.5399932861328,174.47999572753906,30309200,173.3645004272461,182.0118002319336,175.28590004100562,45.94877165214927,-1.1765783371709801,-1.7127948989907635,183.1002826266666,163.6287182278256,4.662133376088432,-0.016567365497562103,-0.016706139175178974,0.016962515331233535
2024-09-05,177.88999938964844,179.8800048828125,175.0,175.0,40170500,174.12050018310546,181.84280029296875,175.5339095027811,52.299175064737895,-0.8432232468988445,-1.5388805685723799,182.7313463046029,165.50965406160802,4.796981210064816,0.026308183871355473,0.025968075788917713,0.017711247208735872
2024-09-06,171.38999938964844,178.3800048828125,171.16000366210938,177.24000549316406,41466500,174.4,181.3984002685547,175.13925139676846,44.30798941723793,-1.090956743159694,-1.4492958034898429,182.24086619906203,166.55913380093799,4.970054067967553,-0.03653943460735232,-0.03722372046282126,0.01960644620629943
2024-09-09,175.39999389648438,175.85000610351562,173.50999450683594,174.52999877929688,29037400,174.8229995727539,180.94940002441408,175.16408401578903,49.44054723742286,-0.9527317810733678,-1.349982999006548,181.8822596643748,167.763739481133,4.933622114103241,0.023396899008788496,0.023127387297091972,0.020169686399588604
2024-09-10,179.5500030517578,180.5,176.7899932861328,177.49000549316406,36233800,175.46049957275392,180.6754000854492,175.5817905906432,54.14999812096295,-0.5025236669830804,-1.1804911326018543,181.76944130525342,169.1515578402544,4.945506684775554,0.023660258265018275,0.02338469252840609,0.020682986677323476
2024-09-11,184.5200042724609,184.9900054931641,175.72999572753906,180.10000610351562,42564700,176.175,180.4218002319336,176.4330490365306,59.06733591148461,0.25239758721193084,-0.8939133886390973,183.1538246379873,169.19617536201272,5.253685476264802,0.027680318219044597,0.027304144175285646,0.021042998599332487
2024-09-12,187.0,187.41000366210932,183.5399932861328,184.8000030517578,33544200,177.0199996948242,180.1618002319336,177.4394253187658,61.29784964337956,1.0388181995363652,-0.5073670710040048,184.88783994627218,169.15215944337623,5.154851540529924,0.013440254011034769,0.013350735010507413,0.02110456621208659
2024-09-13,186.4900054931641,188.5,185.91000366210932,187.0,26495400,177.4650001525879,179.93980041503906,178.3013853353752,60.566929890209835,1.6024379983958283,-0.0854060571240382,186.3521836953175,168.57781660985827,4.971647597484264,-0.0027272433520636463,-0.0027309690556897217,0.019036709883796903
2024-09-16,184.88999938964844,185.8099975585937,183.3600006103516,185.2899932861328,26065500,177.85650024414062,179.63760040283202,178.92887238816311,58.22136388495644,1.898123245673105,0.31129980343539043,187.30966158568472,168.40333890259652,4.840101689293424,-0.00857958097692424,-0.008616597457795857,0.019164089843813095
2024-09-17,186.8800048828125,189.4499969482422,186.13999938964844,186.8500061035156,26091700,178.28950042724608,179.38940063476562,179.68612310193924,60.281618794052164,2.2669013192547425,0.7024201065992609,188.53013533509346,168.0488655193987,4.820094251386304,0.010763186217390919,0.010705675426824473,0.019235808687824277
2024-09-18,186.42999267578125,188.8000030517578,185.0599975585937,186.4499969482422,34448100,178.66699981689453,179.13120056152343,180.3283963946861,59.5662635568587,2.4940979664372094,1.0607556785668506,189.50602024617538,167.82797938761368,4.742945054370433,-0.0024080275860086653,-0.002410931547252041,0.019265052988836285
2024-09-19,189.8699951171875,190.9900054931641,188.47000122070312,190.0399932861328,39543200,179.15499954223634,178.93280059814452,181.23712008254338,63.16474807642643,2.9180944179153414,1.4322234264365488,191.03846534225985,167.27153374221282,4.729878466014177,0.01845197970580159,0.018283807518041345,0.01958277946480509
2024-09-20,191.6000061035156,191.83999633789065,187.41000366210932,190.22999572753903,100378600,179.9284996032715,178.86380065917967,182.22406160835027,64.85857832296246,3.3550373070948183,1.8167862025682027,192.88878776236712,166.96821144417586,4.708458052426116,0.009111555436973173,0.009070295653554335,0.018716687886173488
2024-09-23,193.8800048828125,194.4499969482422,190.57000732421875,191.63999938964844,36993100,180.77050018310547,178.85160064697266,183.33415144401334,67.01155125502962,3.841017680645507,2.2216324981836637,194.99700416072474,166.5439962054862,4.6492817361116385,0.011899784481557374,0.011829538769620705,0.018791902959126604
2024-09-24,193.9600067138672,195.3699951171875,190.1300048828125,194.2700042724609,43478900,181.69350051879883,178.87640075683595,184.3461376601899,67.08774632289746,4.1843811657549,2.614182231697911,196.8005412288598,166.58645980873786,4.691475200273307,0.0004126358007008335,0.00041255068996117736,0.018558446960522966
2024-09-25,192.52999877929688,193.9499969482422,192.16000366210932,193.75,26391100,182.66400070190429,178.86660064697264,185.12555300486673,64.23187415478114,4.291638178786513,2.949673421115632,197.93620213226382,167.39179927154476,4.484941475379347,-0.007372694808574054,-0.007400007450933529,0.018279072157379308
2024-09-26,191.16000366210932,194.52999877929688,189.5399932861328,194.3099975585937,36334900,183.68200073242187,178.9312008666992,185.70026259127079,61.529507606532555,4.217476533736033,3.2032340436397124,198.35784365514257,169.00615780970116,4.521017476649684,-0.007115748848874337,-0.007141186533660812,0.01798899179429987
2024-09-27,187.97000122070312,190.8999938964844,187.33999633789065,190.67999267578125,36002300,184.47450103759766,179.01560089111328,185.91642817502625,55.65765376858448,3.856837140906407,3.333954663093052,198.2516391085367,170.69736296665863,4.470945322904611,-0.016687603998191913,-0.016828410744614473,0.01866696083165846
2024-09-30,186.3300018310547,188.4900054931641,184.6499938964844,187.13999938964844,41583900,184.8660011291504,179.07960083007814,185.95581614226705,52.86450955929766,3.3995061879094806,3.347064968056338,198.3843622816063,171.3476399766945,4.425878628174259,-0.008724793206352333,-0.008763077056375612,0.017225072975870594
2024-10-01,185.1300048828125,186.19000244140625,183.4499969482422,184.8999938964844,36044900,185.31000137329102,179.13120086669923,185.87716745089045,50.853516409190505,2.90673139766281,3.2589982539776323,198.23766117257134,172.3823415740107,4.315459074934133,-0.006440170323887107,-0.006460997690134298,0.01699816473889904
2024-10-02,184.759994506836,186.6000061035156,184.0399932861328,184.44000244140625,23704100,185.8815010070801,179.09820068359375,185.77077002764716,50.21915864332673,2.4580126414354027,3.0988011314691866,197.59364702155924,174.16935499260094,4.190070056537609,-0.0019986515757438594,-0.002000651545076689,0.01643650718522454
2024-10-03,181.9600067138672,183.44000244140625,180.8800048828125,183.0500030517578,30204300,186.08500137329102,179.12080078125,185.40784018823956,45.585084725965864,1.8550799726849618,2.8500568997123414,197.3682419781149,174.80176076846715,4.167921454215172,-0.015154729791168164,-0.01527073623176328,0.01599417753566432
2024-10-04,186.509994506836,187.6000061035156,183.6000061035156,185.75,40890300,186.84100112915038,179.2540005493164,185.51280726620115,53.150567337311266,1.7245183043260113,2.6249491806350758,195.88936469367252,177.79263756462825,4.273069878174689,0.02500542770436187,0.02469790789767999,0.014155027695722891
2024-10-07,180.8000030517578,183.6000061035156,180.25,182.9499969482422,42364200,187.11100158691406,179.22000061035158,185.06396876958752,44.74327156682864,1.1470758748154708,2.329374519471155,195.02937796478545,179.19262520904266,4.414993065936211,-0.030614935516868003,-0.03109336265970476,0.015421686453632946
2024-10-08,182.72000122070312,183.08999633789065,180.9199981689453,181.9199981689453,26372100,187.26950149536134,179.2104006958008,184.84073376493188,47.73687217827473,0.8347538722964316,2.0304503900362105,194.68722571854508,179.8517772721776,4.263207367378827,0.010619458719785868,0.010563468311108654,0.014700011466900096
2024-10-09,185.1699981689453,185.8500061035156,182.0500030517578,182.82000732421875,26343100,187.30200119018554,179.27960052490235,184.87209227959983,51.35819921916888,0.7759856340310591,1.7795574388351802,194.6768261764704,179.92717620390067,4.230121344834467,0.013408477078997505,0.013319379012842232,0.013644038017312518
2024-10-10,186.6499938964844,188.1300048828125,185.8300018310547,187.1300048828125,27785000,187.28450088500978,179.27300048828124,185.04141624311265,53.456237644857715,0.8391613386235974,1.5914782187928638,194.66376916133905,179.9052326086805,4.139398871193947,0.007992632403596822,0.00796086049904925,0.013419692185181664
2024-10-11,188.82000732421875,189.92999267578125,186.3000030517578,186.6300048828125,25751600,187.4010009765625,179.36800048828124,185.40128206036084,56.42405551329231,1.052201365361583,1.4836228481066076,194.79996189199858,180.00204006112642,4.103012496396054,0.011626110360002606,0.011559046433524522,0.013648463486783282
2024-10-14,187.5399932861328,189.8300018310547,187.3600006103516,189.77999877929688,22614400,187.53350067138672,179.76080047607422,185.6049688437677,54.227547864339705,1.1050127865156867,1.4079008357884235,194.8422102654371,180.22479107733633,3.9863688338465564,-0.006779016992029097,-0.006802098901968148,0.013589776612139086
2024-10-15,187.69000244140625,188.41000366210932,184.5800018310547,187.6300048828125,32178900,187.5740005493164,180.29420043945314,185.80354347211423,54.4513332940502,1.1457630600740174,1.3554732806455423,194.87675086555902,180.27125023307377,3.9751997622185615,0.0007998782160802964,0.0007995584839864811,0.01338641294303991
2024-10-16,186.88999938964844,187.77999877929688,185.6100006103516,187.0500030517578,23456800,187.59700088500978,180.79340057373048,185.90701546426033,52.96413768272208,1.1008148764244936,1.3045415998013328,194.8880822063199,180.30591956369966,3.8462567912704704,-0.004262363692000948,-0.0042714734594326426,0.013412564126913901
2024-10-17,187.52999877929688,188.94000244140625,186.0,188.22000122070312,25039400,187.48000106811523,181.2886004638672,186.06158530378764,54.0454732166338,1.1041082465123395,1.2644549291435343,194.69614327194373,180.26385886428673,3.7815243377087406,0.0034244710350397334,0.003418620886077508,0.01274089589598847
2024-10-18,188.9900054931641,190.7400054931641,186.27999877929688,187.1499938964844,37417700,187.34950103759766,181.75240051269532,186.34048246468063,56.50220948899984,1.210573864108909,1.2536787161366094,194.35419386800802,180.3448082071873,3.829987364577203,0.007785456851548744,0.007755306570388279,0.01269136517828405
2024-10-21,189.07000732421875,189.4600067138672,186.3999938964844,188.0500030517578,24639400,187.10900115966797,182.19500061035157,186.60043721320807,56.639001040774986,1.286573296166324,1.2602576321425525,193.50406903774808,180.71393328158786,3.774989182634745,0.00042331249658356107,0.00042322292512559934,0.012350919249961841
2024-10-22,189.6999969482422,191.5200042724609,186.97999572753903,188.3500061035156,29650600,186.89600067138673,182.65300048828124,186.89563337844942,57.76536558460088,1.3817107893395075,1.2845482635819436,192.61183943291306,181.1801619098604,3.829633422798111,0.003332044214411578,0.0033265052557146266,0.01238796159159599
2024-10-23,184.7100067138672,189.16000366210932,183.69000244140625,188.8500061035156,31937100,186.50500106811523,182.9426007080078,186.687478458013,47.28741693080895,1.042440820401481,1.236126774945851,191.66897405112036,181.3410280851101,3.9853735002293846,-0.026304640562205495,-0.026656796914304174,0.013564998259548934
2024-10-24,186.3800048828125,187.1100006103516,183.8600006103516,185.25,21647400,186.2660011291504,183.26820068359376,186.65819526037487,50.52202481474064,0.8979705753613416,1.1684955350289492,190.96785693990796,181.56414531839283,3.9328468216415717,0.009041189476714617,0.009000562616286057,0.013723430576784853
2024-10-25,187.8300018310547,190.4499969482422,187.52999877929688,187.8500061035156,29362100,186.25900115966797,183.47300079345703,186.7697958861539,53.2069048860532,0.890217626253957,1.1128399532739508,190.95109540888896,181.566906910447,3.9426429104835803,0.007779788122410869,0.00774968161813032,0.0133534023668093
2024-10-28,188.38999938964844,190.2100067138672,188.2100067138672,189.57000732421875,27930800,186.36200103759765,183.6996008300781,186.9241009817248,54.23967997672633,0.9186706180803696,1.0740060862352345,191.14536125990242,181.57864081529289,3.831025908507075,0.002981406341556969,0.0029769707636567114,0.013204357718372712
2024-10-29,190.8300018310547,191.4600067138672,187.82000732421875,188.5800018310547,35690200,186.64700088500976,183.95180084228517,187.29609153880384,58.53409435338725,1.1251377367109114,1.08423241633037,191.7699569337393,181.5240448362802,3.817381157160029,0.012951868195294036,0.01286871001658346,0.013368577520009497
2024-10-30,192.72999572753903,195.6100006103516,192.4199981689453,194.6999969482422,37707600,187.0455009460449,184.22880065917968,187.81360622344528,61.55928649421414,1.4256441064491128,1.1525147543541188,192.72862298584224,181.36237890624759,3.8861395587412346,0.009956473710912794,0.009907234588807516,0.013465988694430303
2024-10-31,186.3999938964844,190.6000061035156,185.22999572753903,190.509994506836,75146800,187.2675003051758,184.35460052490234,187.67897647802042,48.788547935222,1.1398795024111905,1.149987703965533,192.46477139782786,182.0702292125237,4.144272447402575,-0.032843885079535395,-0.033395354035536236,0.015142460128162059
2024-11-01,197.92999267578125,200.5,197.0200042724609,199.0,99687800,187.83850021362304,184.7906002807617,188.65526373495,63.600879764054206,1.8227717579673879,1.284544514765904,194.79051063741215,180.88648978983392,4.8553962799820765,0.06185621865256041,0.060018526321249224,0.019725226042897268
2024-11-04,195.77999877929688,197.3300018310547,194.3099975585937,196.4499969482422,38492100,188.5875,185.165400390625,189.33380992964973,60.109537862952116,2.1655194905729047,1.4607395099273042,195.57261543546045,181.60238456453956,4.7671533397824675,-0.01086239567545566,-0.01092182223034851,0.018394837581547144
2024-11-05,199.5,199.82000732421875,195.9900054931641,196.0399932861328,30564800,189.42649993896484,185.645400390625,190.30201850777834,63.811178363941366,2.7061279882478573,1.709817205591415,197.35790441240897,181.4950954655207,4.715214425863854,0.0190009257528736,0.018822662731709527,0.01864385917073518
2024-11-06,207.08999633789065,207.5500030517578,199.13999938964844,200.009994506836,72292200,190.52249984741212,186.32480041503905,191.90087353921763,69.94023833462985,3.7043123824603015,2.1087162409651925,201.33353926401986,179.71146043080438,4.979127942738534,0.03804509442551707,0.03733922736991464,0.0200218539977282
2024-11-07,210.0500030517578,212.25,207.19000244140625,207.44000244140625,52878400,191.6925003051758,187.10980041503908,193.62936206422145,71.93641249750384,4.680277188348811,2.6230284304419165,205.28177492871384,178.10322568163775,4.992047636979307,0.01429333510169939,0.014192148444279072,0.020107601600132995
2024-11-08,208.17999267578125,209.9600067138672,207.44000244140625,209.72000122070312,36075800,192.66049957275393,187.83100036621093,195.01513640817953,68.82679859002167,5.2424108702251715,3.1469049183985676,207.94570589176834,177.37529325373953,4.821901420791611,-0.008902691496347037,-0.008942557238934116,0.020334016072506306
2024-11-11,206.83999633789065,209.6499938964844,205.58999633789065,208.5,35456000,193.62549972534183,188.39780029296875,196.1413135443425,66.60497960884209,5.516192128271172,3.6207623603730887,209.90064457302606,177.3503548776576,4.767479716348906,-0.006436720074140423,-0.006457525082191674,0.020323645413902264
2024-11-12,208.91000366210932,209.5399932861328,206.009994506836,208.3699951171875,38942900,194.68649978637694,189.05100036621093,197.3573792698441,68.30700985316119,5.832959314959737,4.063201751290419,212.008585163494,177.3644144092599,4.679088220845186,0.01000777103494599,0.009958024917574623,0.02032533095327358
2024-11-13,214.1000061035156,215.08999633789065,209.13999938964844,209.3999938964844,46212900,196.0470001220703,189.86640045166016,198.9519151587652,72.14084832605926,6.428683552677398,4.536298111567815,214.91153189405793,177.18246835008267,4.786295681912053,0.024843245179395845,0.024539669362855586,0.020624559155752585
2024-11-14,211.47999572753903,215.8999938964844,210.8800048828125,214.16000366210932,42620300,197.24449996948243,190.53820037841797,200.1450656891246,67.68930328352107,6.613154038815026,4.951669297017258,216.82158207421014,177.66741786475473,4.802988062752042,-0.012237320417028852,-0.012312812938838414,0.021060920293784178
2024-11-15,202.6100006103516,207.33999633789065,199.6100006103516,206.759994506836,86591100,197.9254997253418,191.16260040283203,200.37982139590815,55.25769435168132,5.974740660613691,5.156283569736544,217.2526175828717,178.59838186781192,5.307774280925999,-0.04194247823144048,-0.04284745921407231,0.023645138724759707
2024-11-18,201.6999969482422,204.6699981689453,200.9499969482422,204.1499938964844,36409900,198.55699920654297,191.68860046386717,200.50555240089236,54.158738419270996,5.333878141562764,5.191802484101789,217.50713733331372,179.60686107977222,5.1943619194815085,-0.004491405455644193,-0.004501522120521958,0.02370697957624092
2024-11-19,204.6100006103516,205.3000030517578,198.77999877929688,199.3300018310547,31197900,199.30249938964843,192.18980041503906,200.89645223036467,57.09712538518899,5.003129985533718,5.154067984388176,217.97127332715826,180.6337254521386,5.289050658980039,0.014427385751801136,0.014324301331484211,0.023832248938420265
2024-11-20,202.8800048828125,203.1300048828125,199.4499969482422,202.97999572753903,32769000,200.21099929809571,192.5570004272461,201.08536200678827,54.846329191044376,4.54897573134221,5.033049533778984,217.68077813491655,182.74122046127488,5.279833016346422,-0.008455088814713463,-0.00849103584511627,0.022953382018602198
2024-11-21,198.3800048828125,203.4900054931641,195.75,203.4900054931641,58800000,200.8109992980957,192.78460052490234,200.82770894736203,49.392120324441,3.7823423329717514,4.782908093617538,217.12554493731216,184.49645365887926,5.455559621833399,-0.022180598835253806,-0.022430287385072762,0.023709789714147233
2024-11-22,197.1199951171875,199.259994506836,196.75,198.25,31530800,201.27549896240234,192.9972003173828,200.47459334448826,47.95412893228206,3.038086414677565,4.433943757829543,216.5831703394063,185.96782758539837,5.245162113619299,-0.006351495788949668,-0.00637175235688548,0.023782520625845693
2024-11-25,201.4499969482422,201.9499969482422,199.0,199.27999877929688,40685700,201.92849884033203,193.32840026855467,200.56748892579816,53.01638276915401,2.7657711100619338,4.100309228276021,216.0500439996115,187.80695368105256,5.215507807721827,0.021966324768223133,0.021728540914003922,0.024170767844629674
2024-11-26,207.8600006103516,208.0,201.7899932861328,201.8999938964844,41673700,202.7799987792969,193.74800018310546,201.2620138481366,59.32381674246928,3.032239227809839,3.886695228182785,216.15606115123228,189.40393640736153,5.3108288965815404,0.03181932866326287,0.03132358260823768,0.024910526455890977
2024-11-27,205.7400054931641,207.63999938964844,205.0500030517578,206.97999572753903,28061600,203.43049926757814,194.13420043945314,201.68848924290114,56.6166696780019,3.0373386927334423,3.716823921092917,216.03122371969008,190.8297748154662,5.132198086725272,-0.010199148999145757,-0.010251516694207487,0.0250884532408444
2024-11-29,207.88999938964844,208.1999969482422,204.58999633789065,205.8300018310547,24892400,204.50499954223633,194.49460052490235,202.27910925687706,58.67620846936757,3.178229938273688,3.6091051245290715,214.511490384978,194.49850869949466,5.023469695555719,0.010450052683389277,0.010395828320660513,0.023605322593251633
2024-12-02,210.7100067138672,212.9900054931641,209.509994506836,209.9600067138672,39523200,205.1440002441406,194.87680053710938,203.08205187182853,61.27312076467066,3.4773535218879204,3.5827548040008415,215.02078368506668,195.26721680321455,5.028936581838572,0.01356490130596999,0.01347372166869659,0.019710920859561887
2024-12-03,213.44000244140625,214.0200042724609,209.6499938964844,210.3099975585937,32214800,206.0270004272461,195.26800048828125,204.06852335464544,63.65437454207888,3.8898590825074564,3.6441756597021646,215.548550702815,196.5054501516772,4.981870424276996,0.012956175029913197,0.012872961773847143,0.019527759639879367
2024-12-04,218.16000366210932,220.0,215.75,215.9600067138672,48745700,206.96000061035156,195.7520004272461,205.41056909821341,67.38803619492667,4.545242635271052,3.824389054815942,217.35709486151023,196.56290635919288,5.0945937910139065,0.022113948494724145,0.02187298115804778,0.01966130187663056
2024-12-05,220.5500030517578,222.1499938964844,217.3000030517578,218.02999877929688,41140200,207.63300094604492,196.31240051269532,206.85241995093193,69.11796822720018,5.197577362846715,4.099026716422097,219.6005447439074,195.66545714818244,5.077122151993384,0.010955259211262947,0.01089568506430313,0.018112785991424723
2024-12-06,227.02999877929688,227.1499938964844,220.6000061035156,220.75,44178100,208.48200073242188,197.02980041503906,208.77409412506194,73.25968354444186,6.16635690986385,4.512492755110448,223.12506144927747,193.8389400155663,5.185898487188614,0.029381072944344444,0.0289577215747153,0.018891757236815885
2024-12-09,226.08999633789065,230.0800018310547,225.6699981689453,227.2100067138672,46819400,209.37750091552735,197.79220031738282,210.42322766914086,71.75628789973847,6.780114401119931,4.966017084312345,225.90631227390827,192.84868955714643,5.130477428254382,-0.004140432746599365,-0.004149028072046192,0.018749190797020993
2024-12-10,225.0399932861328,229.0599975585937,224.1999969482422,226.08999633789065,31199900,210.28750076293946,198.56640014648437,211.81530058504484,70.02757217527872,7.099951344258727,5.392803936301622,228.11063610965485,192.46436541622407,5.111157655547034,-0.004644181824783655,-0.0046549995431563376,0.018699370133601595
2024-12-11,230.259994506836,231.1999969482422,226.259994506836,226.41000366210932,35385800,211.3550003051758,199.46899993896486,213.57193810140592,73.4518054060902,7.686035071226854,5.8514501632866684,231.16677796681128,191.5432226435403,5.186075227444344,0.02319588240507131,0.02293094704166927,0.019135267590041628
2024-12-12,228.97000122070312,231.08999633789065,227.6300048828125,229.8300018310547,28204100,212.09850006103517,200.3532000732422,215.03842030324375,71.28441312762894,7.954721887807011,6.272104508190737,233.33163470127263,190.8653654207977,5.062783529418188,-0.0056023335225718895,-0.0056180854522787866,0.01868359753048801
2024-12-13,227.4600067138672,230.1999969482422,225.8600006103516,228.3999938964844,28768100,212.89750061035156,201.2632000732422,216.22142853282696,68.72794146143755,7.9541239983964545,6.6085084062318815,235.1553321971462,190.6396690235569,5.011155872880503,-0.006594726378065796,-0.006616567663893641,0.018474416522149647
2024-12-16,232.92999267578125,233.0,228.009994506836,230.22999572753903,37552100,214.41350021362305,202.19160003662108,217.81272035596547,72.56615097279344,8.299362435297041,6.946679212044915,237.7654094327414,191.0615909945047,5.048929973827096,0.024048121869595374,0.023763519526408726,0.015531197663890217
2024-12-17,231.1499938964844,232.72999572753903,227.8500061035156,232.38999938964844,35948100,215.88600006103516,203.19859985351562,219.08293688363392,69.57364424699189,8.333274556625156,7.223998280960963,239.5573762795603,192.21462384251004,5.051148302286992,-0.007641775792155969,-0.007671123770165903,0.01567041455465447
2024-12-18,220.5200042724609,231.3999938964844,220.1100006103516,230.7700042724609,43281400,216.68150024414064,203.95459991455078,219.21980044447457,54.98956140828867,7.416901410374635,7.262578906843698,239.8475947833075,193.51540570497377,5.496780086847408,-0.04598741035997567,-0.04707841093326951,0.019507153294479468
2024-12-19,223.2899932861328,226.08999633789065,222.9199981689453,224.91000366210932,39918700,217.70199966430664,204.71699981689454,219.60743785796583,57.49021300836271,6.835389933230545,7.177141112121068,240.13279191841224,195.27120741020104,5.502009513889003,0.012561168873593376,0.01248293187603738,0.01937029852852797
2024-12-20,224.9199981689453,226.2100067138672,218.72999572753903,219.83999633789065,88279200,219.02899932861328,205.48239990234376,220.11339598282103,58.93597563762094,6.431922471040195,7.0280973839048935,239.80996977577828,198.24802888144828,5.643295333348942,0.00729994595290151,0.007273430311082978,0.0182857191584953
2024-12-23,225.0599975585937,226.8800048828125,223.8999938964844,225.009994506836,28070000,220.4259994506836,206.20719970703124,220.58450089479936,59.06474941625194,6.053685265694497,6.833214960262815,238.73763482779955,202.11436407356766,5.4530607371331685,0.0006224408269077664,0.0006222471909633773,0.01809409362569204
2024-12-24,229.0500030517578,229.13999938964844,226.1300048828125,226.94000244140625,15007500,221.80599975585938,207.03739990234374,221.39073919546206,62.65881547830621,6.006648745112585,6.66790171723277,238.25456626613757,205.35743324558118,5.3549851009847105,0.017728630305016146,0.017573311182246452,0.01793130270398258
2024-12-26,227.0500030517578,228.5,226.6699981689453,228.5,16146700,222.7654998779297,207.8245999145508,221.92971670558546,59.823498647300724,5.741800773202414,6.482681528426699,238.04537271726366,207.48562703859574,5.142486513972409,-0.00873171784917226,-0.00877006267142877,0.017206898595700792
2024-12-27,223.75,226.02999877929688,220.8999938964844,225.6000061035156,27367100,223.66599960327147,208.5617999267578,222.10307701933922,55.37131298841575,5.205617067170152,6.22726863617539,236.79806993714465,210.5339292693983,5.214452416922481,-0.014534256804240364,-0.014640913829901727,0.01742857187475776
2024-12-30,221.3000030517578,223.0,218.42999267578125,220.0599975585937,28321200,224.33649978637695,209.23720001220704,222.02659378433148,52.26160177415517,4.530765494582312,5.887968007856775,235.3816860980661,213.2913134746878,5.221992053157929,-0.010949707031249978,-0.011010096307821616,0.017689309553732224
2024-12-31,219.38999938964844,223.22999572753903,218.94000244140625,222.97000122070312,24819700,224.770499420166,209.8451998901367,221.77548955626642,49.90838417686246,3.798038010311501,5.469982008347721,234.20448206141288,215.33651677891913,5.155420712656133,-0.008630834323407832,-0.008668295678212696,0.017706347736483025
2025-01-02,220.22000122070312,225.1499938964844,218.19000244140625,222.02999877929688,33956600,225.10949935913087,210.4681997680664,221.6273478100223,50.942138917117056,3.246892258328046,5.025364058343786,233.2952014705201,216.92379724774162,5.284318622829134,0.003783225458606987,0.0037760870596221323,0.01753018278500401
2025-01-03,224.19000244140625,225.3600006103516,221.6199951171875,222.509994506836,27515600,225.4109992980957,211.15799987792968,221.8714101558684,55.65606702942602,3.0947765413791046,4.63924655495085,232.97090055613984,217.85109804005157,5.274010106173372,0.018027432561515733,0.017866865271653997,0.017302197273207687
2025-01-06,227.6100006103516,228.83999633789065,224.83999633789065,226.77999877929688,31849800,225.76399917602538,212.01599975585938,222.41794258010492,59.28553520688324,3.2131498188833802,4.3540272077373565,233.03688964880058,218.49110870325018,5.229437519767017,0.015254909370185699,0.015139723199454355,0.017451833177832773
2025-01-07,222.1100006103516,228.3800048828125,221.4600067138672,227.8999938964844,28084200,225.51799926757812,212.73059967041016,222.38861477346177,51.9250386834996,2.8305288845191114,4.049327543093708,232.93437723216778,218.10162130298846,5.35019185185118,-0.02416414035082548,-0.02446088330127337,0.017088786412618878
2025-01-08,222.1300048828125,223.5200042724609,220.1999969482422,223.19000244140625,25033300,225.31999969482422,213.4165997314453,222.3639852600666,51.94840611186101,2.5000936911876295,3.7394807727124926,232.87487307900204,217.7651263106464,5.2051786713060055,9.006470850447812e-05,9.006065292212719e-05,0.01707345742633589
2025-01-10,218.94000244140625,221.7100067138672,216.5,221.4600067138672,36811500,225.0150001525879,214.02759979248046,222.03789165828945,47.94620292581743,1.9582414937794113,3.3832329169258766,233.06665869234493,216.96334161283087,5.235523400699327,-0.014360970473526025,-0.01446508722386957,0.01732666962076833
2025-01-13,218.4600067138672,219.3999938964844,216.47000122070312,218.0599975585937,27262700,224.42500076293945,214.58019989013673,221.69714071120163,47.35501719298168,1.4731070190402136,3.0012077373487442,232.58149527730114,216.26850624857775,5.070842634633752,-0.0021923619356289947,-0.002194768679336334,0.01634523236409293
2025-01-14,217.759994506836,221.82000732421875,216.1999969482422,220.44000244140625,24711700,223.8645004272461,215.08079986572267,221.32217440602395,46.4553977492126,1.0203869323555637,2.6050435763501083,232.2325836070505,215.4964172474417,5.110068901872523,-0.003204303696410893,-0.0032094484707195737,0.016330055723284057
2025-01-15,223.3500061035156,223.57000732421875,220.75,222.8300018310547,31291300,223.65900039672852,215.81980010986328,221.51530123435649,53.97475505308403,1.0999902176527883,2.3040329046106445,231.86407826621624,215.4539225272408,5.16006489583754,0.02567051679689558,0.025346561447878273,0.017447187038427923
2025-01-16,220.66000366210932,224.6499938964844,220.3099975585937,224.4199981689453,24757300,223.0455009460449,216.27440032958984,221.4338443227139,50.313152486481464,0.935234873569442,2.030273298402404,230.14664967393378,215.94435221815604,5.101488570269909,-0.012043887924317098,-0.012117003196939462,0.016591109275187494
2025-01-17,225.94000244140625,226.509994506836,223.0800018310547,225.83999633789065,42370100,222.785001373291,216.87760040283203,221.86300223877984,56.54461462678035,1.2166915878233624,1.8675569562865957,229.0054466733127,216.56455607326933,5.154953018445393,0.023928209424767477,0.023646416176010977,0.017556887684829787
2025-01-21,230.7100067138672,231.77999877929688,226.94000244140625,228.8999938964844,39951500,223.29450149536132,217.50180053710938,222.70557409355007,61.27027552555584,1.8038538376735858,1.8548163325639937,230.30810811316388,216.28089487755875,5.203884684120053,0.021111818274402117,0.02089205157407654,0.014681659961728695
2025-01-22,235.009994506836,235.44000244140625,231.19000244140625,232.0200042724609,41448200,223.8805015563965,218.0602005004883,223.87742365672014,64.9686351945667,2.5863434717512064,2.0011217604014364,232.55619430906742,215.20480880372557,5.170035472935696,0.018638063663626747,0.01846650337770492,0.014963985721751203
2025-01-23,235.4199981689453,235.5200042724609,231.509994506836,234.1000061035156,26404400,224.40550155639647,218.56760040283203,224.97671646740827,65.30879990552496,3.20263799603444,2.2414250075280373,234.43451100456505,214.3764921082279,5.08717649384207,0.0017446222360444352,0.001743102150397865,0.014924973288770143
2025-01-24,234.8500061035156,236.3999938964844,232.92999267578125,234.5,25890700,224.89500198364257,219.1010006713867,225.91702976608516,64.37296026180688,3.603523079686056,2.513844621959641,235.91110156025954,213.8789024070256,4.971663974332147,-0.002421170970448583,-0.0024241067445139475,0.014959415131295766
2025-01-27,235.4199981689453,235.6100006103516,225.8600006103516,226.2100067138672,49428300,225.21350173950196,219.67260070800782,226.82207437588139,64.91439165061195,3.9220104971147407,2.795477796990661,237.03090347037886,213.39610000862507,5.31297369045128,0.0024270472668350695,0.002424106744514067,0.014509965438821906
2025-01-28,238.1499938964844,241.7700042724609,233.97999572753903,234.2899932861328,41587200,225.76850128173828,220.2574005126953,227.90092385403403,67.46471990407457,4.34461983664616,3.105306204921761,238.8534125979435,212.68358996553306,5.489904751484894,0.011596277923594078,0.011529556411484978,0.01446949862348067
2025-01-29,237.07000732421875,240.38999938964844,236.1499938964844,239.0200042724609,26091700,226.43450164794922,220.71680053710938,228.77416989881354,65.43825153335641,4.540059907874394,3.3922569455122877,240.369013353874,212.49998994202443,5.400626233033404,-0.004534900692607535,-0.004545214548106087,0.01401599728070952
2025-01-30,234.63999938964844,237.9499969482422,232.22000122070312,237.13999938964844,32020700,227.10150146484375,221.18000061035156,229.3328203265121,60.99852270994718,4.4475971095505145,3.6033249783199333,241.26428667576033,212.93871625392717,5.4241526254980945,-0.010250170242948609,-0.01030306500192206,0.01398021106860035
2025-01-31,237.67999267578125,240.2899932861328,236.41000366210932,236.5,36110200,228.0160011291504,221.88140045166017,230.1277891216806,64.26492086763639,4.566976465774019,3.7960552758107506,242.4287277551335,213.60327450316728,5.440284144854258,0.012955989149507907,0.012872778270920829,0.013865922269552626
2025-02-03,237.4199981689453,239.25,232.8999938964844,234.0599975585937,37285900,228.8760009765625,222.59580047607423,230.8222852214201,63.77299337143411,4.587721682033134,3.9543885570552275,243.37771808163401,214.37428387149097,5.505264284758639,-0.0010938846972727845,-0.0010944834258047257,0.013914639078571165
2025-02-04,242.0599975585937,242.5200042724609,238.02999877929688,239.009994506836,29713800,229.76950073242188,223.34480041503906,231.89254353924613,68.41910825584533,4.921835729478374,4.147877991539858,245.1798306594984,214.35917080534534,5.476317271812708,0.01954342273369325,0.019354902311416396,0.01399975241184028
2025-02-05,236.1699981689453,238.32000732421875,235.1999969482422,237.0200042724609,38727300,230.19750061035157,224.0106002807617,232.29992017064606,58.21301371308746,4.657659197339797,4.249834232699846,245.81819580009474,214.5768054206084,5.575151795994051,-0.02433280777102642,-0.024633742288563805,0.015072488578553336
2025-02-06,238.8300018310547,239.66000366210932,236.009994506836,238.009994506836,60897100,231.03350067138672,224.81960021972657,232.9218327097326,61.03956968995145,4.609798568882837,4.321827099936445,246.6230169569472,215.44398438582624,5.437641607371142,0.011263088803542765,0.011200132499427723,0.013875515331795608
2025-02-07,229.1499938964844,234.8099975585937,228.0599975585937,232.5,77539300,231.3845001220703,225.4602001953125,232.56260996561375,48.24915992100613,3.74757324332964,4.2069763286150845,246.46413167138297,216.30486857275764,5.818524654877559,-0.04053095448794497,-0.04137522511569357,0.017046504171166408
2025-02-10,233.13999938964844,233.9199981689453,229.1999969482422,230.5500030517578,35419900,232.09449996948243,226.09400024414063,232.61759943456943,52.65315201550757,3.3476242299625767,4.035105908884583,246.05953271418485,218.12946722478,5.7436303418477985,0.017412199866636113,0.01726234455405173,0.016951632278921873
2025-02-11,232.759994506836,233.44000244140625,230.1300048828125,231.9199981689453,23713700,232.80949935913085,226.59200012207032,232.6311608700234,52.19755626514125,2.9658105196647284,3.8212468310406127,245.29492840182658,220.32407031643513,5.569799428758223,-0.0016299428832773355,-0.00163127268537613,0.016942532895069716
2025-02-12,228.92999267578125,231.17999267578125,228.16000366210932,230.4600067138672,32285200,233.3679992675781,227.05579986572266,232.27866866104796,47.716141927513256,2.3273431017726978,3.52246608518703,243.96756741682987,222.76843111832636,5.500527387041684,-0.016454725560419492,-0.016591608211965134,0.017461888986352612
2025-02-13,230.3699951171875,230.4199981689453,227.5200042724609,228.8500061035156,31346500,233.71899871826173,227.50539978027345,232.09689022829934,49.472611812230014,1.9154689024336164,3.2010666486363477,243.39286096987686,224.0451364666466,5.314774994859021,0.006290143220533118,0.006270442838655877,0.016635342802586862
2025-02-14,228.67999267578125,229.88999938964844,227.22999572753903,229.1999969482422,27031100,234.1199981689453,227.86479949951172,231.7714714137738,47.45755529997622,1.4361317264012143,2.8480796641893216,242.11444965915655,226.12554667873405,5.1594338802011235,-0.007336035409240549,-0.007363076447512864,0.016463332293605585
2025-02-18,226.6499938964844,229.3000030517578,223.72000122070312,228.82000732421875,42975100,234.1554977416992,228.12899932861328,231.28371165022244,45.082241348885454,0.8822792587806134,2.4549195831075803,242.00941017412953,226.3015853092689,5.189474448119235,-0.008877028355405603,-0.008916663909923328,0.015774643951290693
2025-02-19,226.6300048828125,226.8300018310547,223.7100067138672,225.5200042724609,28566700,233.95149765014648,228.29839935302735,230.8405014818977,45.058326315879725,0.4367002331008507,2.0512757131062345,242.34612707711494,225.55686822317801,5.041654495909825,-8.81933122002243e-05,-8.819720145905549e-05,0.014993823225504688
2025-02-20,222.8800048828125,225.1300048828125,221.8099975585937,224.77999877929688,30001700,233.34499816894532,228.34499938964845,230.08235894865146,40.69669264148112,-0.2165220831222996,1.5977161538605278,243.00367012908737,223.68632620880328,5.025822555074752,-0.016546793977871843,-0.016685221316839496,0.014655399635461459
2025-02-21,216.5800018310547,223.3099975585937,214.7400054931641,223.27999877929688,55323900,232.4029983520508,228.13599945068358,228.796420175547,34.631559302407936,-1.228402806991511,1.03249236169012,244.44842839233615,220.35756831176542,5.278977520100098,-0.028266344731418536,-0.028673529284667792,0.01569293576937987
2025-02-24,212.7100067138672,217.72000122070312,212.4199981689453,217.4499969482422,42387600,231.29599838256837,227.86839965820312,227.26438079824416,31.523625649995836,-2.3159055167274403,0.362812786006608,246.01183351588088,216.58016324925586,5.280479343789935,-0.017868663239768212,-0.018030235415601108,0.015986278613324207
2025-02-25,212.8000030517578,213.33999633789065,204.16000366210932,211.6300048828125,58958000,230.16499862670898,227.62359985351563,225.88682101286452,31.677180866430277,-3.1343662735637565,-0.33662302590746496,246.79202649363933,213.53797075977863,5.559016010360749,0.000423094048469963,0.0004230045694208501,0.01594471715728149
2025-02-26,214.3500061035156,218.16000366210932,213.08999633789065,214.94000244140625,39120600,228.97499923706056,227.3054000854492,224.78807673578365,34.405430479370594,-3.616244215405686,-0.9925472638071092,246.52676351613755,211.42323495798357,5.544800624645803,0.007283848822975836,0.00725744971005982,0.015737475470740468
2025-02-27,208.7400054931641,219.97000122070312,208.3699951171875,218.3500061035156,40548600,227.55849914550782,226.90080017089844,223.2596889983913,29.771642502700203,-4.400094569350813,-1.67405672491585,246.76328246757825,208.3537158234374,5.977315301707933,-0.02617215045770649,-0.02652073681079169,0.016423058768006926
2025-02-28,212.27999877929688,212.6199951171875,206.9900054931641,208.6499938964844,51771700,226.44049911499025,226.59720001220703,222.2140042156204,35.660251701618336,-4.6816861848658675,-2.2755826169058535,246.45252029530155,206.42847793467894,5.952506324730467,0.016958863624484843,0.01681666750153105,0.017180594248885954
2025-03-03,205.0200042724609,214.009994506836,202.5500030517578,213.3500061035156,42948400,224.80749969482423,226.03900024414062,220.57648041150998,30.088201854487238,-5.4280987082806575,-2.9060858351808143,246.1690661180836,203.44593327156485,6.3458981197553035,-0.03420008737791658,-0.034798596014760694,0.017831311613855524
2025-03-04,203.8000030517578,206.8000030517578,197.42999267578125,200.1100006103516,60853100,223.12649993896486,225.4920004272461,218.97872066296213,29.260783415796794,-6.048358204820914,-3.5345403091088343,245.51983463543792,200.7331652424918,6.5619061380568215,-0.005950644792113935,-0.0059684204315927645,0.017776605501453387
2025-03-05,208.3600006103516,209.97999572753903,203.259994506836,204.8000030517578,38610100,221.44150009155274,225.24880035400392,217.96741399128493,36.31070710753252,-6.101628851797159,-4.0479580176465,242.93612674444043,199.94687343866505,6.573198643960123,0.022374865016246748,0.022128220043401252,0.018012635592529056
2025-03-06,200.6999969482422,205.7700042724609,198.3000030517578,204.3999938964844,49863800,219.6680000305176,224.7970004272461,216.3228980824237,30.764207865357335,-6.684885304932038,-4.575343475103608,241.8511924176988,197.48480764333638,6.822255709291099,-0.03676331176651404,-0.03745611520958073,0.018826886564000177
2025-03-07,199.25,202.2700042724609,192.52999877929688,199.4900054931641,59802800,217.68899993896486,224.28360046386717,214.69690778885956,29.835165544692885,-7.181340854627621,-5.096542951008411,239.74281460867013,195.63518526925958,7.030666408139166,-0.007224698407026442,-0.0072509229263983,0.018280660965172932
2025-03-10,194.5399932861328,196.72999572753903,190.8500061035156,195.6000061035156,62350900,215.95849990844727,223.67320037841796,212.77720164574274,26.98451786390757,-7.864190144473923,-5.6500723897015135,239.52323299343948,192.39376682345505,7.128475514449541,-0.02363867861413893,-0.023922554740530594,0.017091864466433807
2025-03-11,196.58999633789065,200.17999267578125,193.3999938964844,193.8999938964844,54002900,214.13099975585936,223.02400024414064,211.23556304499493,30.114348077226012,-8.146032619347466,-6.1492644356307045,237.75142776561634,190.51057174610239,7.103584319081492,0.010537694677220655,0.010482560161564325,0.016616129626881755
2025-03-12,198.88999938964844,201.5200042724609,195.2899932861328,200.72000122070312,43679300,212.4375,222.46080017089844,210.05979507781908,33.555647660779115,-8.090541065682544,-6.5375197616410725,235.31767882399316,189.55732117600684,7.041186223884821,0.011699491808345286,0.011631581915007296,0.0171586361597478
2025-03-13,193.88999938964844,198.8800048828125,191.82000732421875,198.1699981689453,41270800,210.68550033569335,221.8636001586914,208.51981453608852,30.08714726558756,-8.353725277874645,-6.900760864887787,233.6120365888877,187.758964082499,7.043243783995168,-0.025139524437347016,-0.02546092021137873,0.017498623247367336
2025-03-14,197.9499969482422,198.6499938964844,195.32000732421875,197.41000366210932,38096700,209.0645004272461,221.3966000366211,207.51316524200791,35.8826625268817,-8.140850137135885,-7.148778719337407,230.74532707435768,187.3836737801345,6.880154549912368,0.02093969555611075,0.020723473340341268,0.018416340405878397
2025-03-17,195.7400054931641,199.0,194.32000732421875,198.7700042724609,47341800,207.41750106811523,220.9236001586914,206.3919119325942,34.219779346532505,-8.057590013177162,-7.3305409781053585,227.85674621967095,186.9782559165595,6.723000130331575,-0.011164392468548168,-0.011227182074080435,0.018435605841418543
2025-03-18,192.82000732421875,194.0,189.3800048828125,192.5200042724609,40414900,205.72600173950195,220.37560028076172,205.0993495889394,32.10289127436626,-8.133467661579175,-7.491126314800122,225.089825512005,186.3621779669989,6.697071593190147,-0.014917738259935365,-0.015030126840267867,0.0185072463627779
2025-03-19,195.5399932861328,195.97000122070312,191.9600067138672,193.3800048828125,39442900,204.17150115966797,219.80260009765624,204.18893470295782,36.070172529295576,-7.883247934316046,-7.569550638703308,221.45291507870377,186.89008724063217,6.505137515593418,0.014106347155876442,0.014007778521538292,0.01908517431358012
2025-03-20,194.9499969482422,199.32000732421875,192.3000030517578,193.07000732421875,38921100,202.77500076293944,219.14940002441406,203.30903586917537,35.584470901752525,-7.644434489091907,-7.584527408781028,218.1974525550921,187.35254897078678,6.541913712512526,-0.003017266841301769,-0.0030218279679656837,0.0189750208640163
2025-03-21,196.2100067138672,196.9900054931641,192.5200042724609,192.8999938964844,60056900,201.7565010070801,218.63140014648437,202.63293785438412,37.51944647091259,-7.269700275899538,-7.521561982204731,216.04659795375136,187.46640406040882,6.393919963097574,0.006463245885351521,0.006442448675219972,0.018460398994798267
2025-03-24,203.259994506836,203.63999938964844,199.9499969482422,200.0,41625400,201.28400039672852,218.25399993896485,202.69265753557002,47.09531505601538,-6.33086731882085,-7.283423049527956,214.69183707999585,187.87616371346118,6.4679251568606935,0.0359308269289742,0.03530037223454044,0.02028027824422103
2025-03-25,205.7100067138672,206.2100067138672,203.22000122070312,203.6000061035156,31171200,200.92950057983398,217.98940002441407,202.9800241239793,49.965234734977,-5.32772522688694,-6.892283484999753,213.4459556290161,188.41304553065186,6.219502323739506,0.012053587883713135,0.011981521917604076,0.020520955711756817
2025-03-26,201.1300048828125,206.009994506836,199.92999267578125,205.83999633789065,32855300,200.26850051879882,217.64279998779296,202.80383181529675,45.04583270358708,-4.846429144494266,-6.483112616898657,211.17262860720223,189.3643724303954,6.209538002833452,-0.022264360904062586,-0.022515953159889142,0.020915750028957434
2025-03-27,201.3600006103516,203.7899932861328,199.27999877929688,200.88999938964844,27317700,199.8995002746582,217.31480010986328,202.66632408149246,45.336889353495636,-4.395768119972729,-6.065643717513472,210.1093171109896,189.68968343832682,6.08814203883363,0.0011435177345771042,0.001142864416179142,0.020200501827181114
2025-03-28,192.72000122070312,199.259994506836,191.8800048828125,198.4199981689453,52548200,198.9215003967285,216.70220001220704,201.71905523760776,37.33683372166843,-4.681822617656053,-5.788879497541989,207.86957937911268,189.97342141434433,6.330417302312592,-0.04290822091507429,-0.04385598921751466,0.021686091919221512
2025-03-31,190.259994506836,191.3300018310547,184.3999938964844,188.19000244140625,63547600,198.18349990844726,216.09419982910157,200.6277161203914,35.42036563412725,-5.048825137258774,-5.640868625485346,207.42771569691914,188.93928411997538,6.472530875305886,-0.012764667384211559,-0.012846835734261918,0.020651033455560686
2025-04-01,192.1699981689453,193.92999267578125,187.1999969482422,187.8600006103516,41267300,197.60199966430665,215.41879974365236,199.82221917263465,38.07797911849768,-5.126461290542693,-5.537987158496816,206.82297437040592,188.38102495820738,6.49092122189397,0.010038913682617112,0.0099888585095992,0.02086063775404385
2025-04-02,196.009994506836,198.33999633789065,187.66000366210932,187.66000366210932,53679200,196.98449935913087,214.72479949951173,199.45915015684432,43.1438592360216,-4.822541631083908,-5.394898053014235,204.7858535515908,189.18314516667093,6.790140611457353,0.019982288465834053,0.019785262896237093,0.020715473413705693
2025-04-03,178.41000366210938,184.1300048828125,176.9199981689453,183.0,95553600,195.86999969482423,213.5927996826172,197.45446953829813,30.733423252666697,-5.933458072043578,-5.502610056820104,206.92142869030005,184.8185706993484,7.66870173477402,-0.08979129298487276,-0.09408135739928605,0.027550962482939638
2025-04-04,171.0,178.13999938964844,166.0,167.14999389648438,123159400,194.4574996948242,212.3043997192383,194.9349962489364,27.18750971329301,-7.327327848439012,-5.867553615143886,209.8058531698244,179.10914621982403,8.007366158155117,-0.041533565999713695,-0.04242073641032032,0.028708027236919592
2025-04-07,175.25999450683594,183.41000366210932,161.3800048828125,162.0,109327100,193.49349975585938,211.1125994873047,193.06118655921253,32.04189001459659,-7.996060130272582,-6.293254918169626,210.97383873753517,176.01316077418358,9.008982773950953,0.024912248577988017,0.024606997782102066,0.029292676990296945
2025-04-08,170.66000366210938,185.8999938964844,168.57000732421875,185.22999572753903,87710400,192.1970001220703,209.81739959716796,190.92774056901223,29.736470606926446,-8.795823322966243,-6.793768599128949,212.22684426197264,172.16715598216797,9.60334018811629,-0.026246667744515673,-0.026597259717812963,0.02943444673840358
2025-04-09,191.1000061035156,192.6499938964844,169.92999267578125,172.1199951171875,116804300,191.80750045776367,208.8763998413086,190.94414681039348,47.73236169070213,-7.691639608833839,-6.973342801069927,211.6031880601428,172.01181285538453,10.54024454758678,0.11977031526306248,0.11312358861813517,0.0407283214718212
2025-04-10,181.22000122070312,186.8699951171875,175.85000610351562,185.44000244140625,68302000,191.17400054931642,207.75939971923827,190.01803770661343,42.117182671227056,-7.527032933326751,-7.0840808275212925,211.46724146282415,170.8807596358087,10.87665565133058,-0.051700704171933065,-0.05308511365514066,0.041963638667791216
2025-04-11,184.8699951171875,185.8600006103516,178.0,179.92999267578125,50594300,190.52000045776367,206.76399963378907,189.5277479361919,44.70512860264037,-7.021121831904168,-7.071489028397868,210.74053540995197,170.29946550557537,10.661180291260651,0.020141230945248445,0.019941079422269643,0.04194048997380237
2025-04-14,182.1199951171875,187.44000244140625,179.22999572753906,186.83999633789065,48002500,189.83899993896483,205.6527996826172,188.8222476677153,43.140136010345735,-6.764113170312044,-7.010013856780703,210.22716597607246,169.4508339018572,10.486096464303975,-0.014875318183769082,-0.014987065296594422,0.04198860876798789
2025-04-15,179.58999633789062,182.3500061035156,177.92999267578125,181.41000366210932,43642000,189.17749938964843,204.4961996459961,187.94298563630343,41.694026839001076,-6.687492461483686,-6.9455095777213,209.98995038434055,168.36504839495632,10.052804818834716,-0.013891933050343641,-0.013989329016472998,0.04197361779348107
2025-04-16,174.3300018310547,179.10000610351562,171.41000366210938,176.2899932861328,51875300,188.11699981689452,203.14159973144533,186.6465109881845,38.783221808155574,-6.970851952702105,-6.950578052717462,209.67280762048054,166.5611920133085,9.919032522902326,-0.029288905919567454,-0.029726389380639047,0.04217900902641383
2025-04-17,172.61000061035156,176.2100067138672,172.0,176.0,44726500,187.0,201.87039978027343,185.30970047600994,37.85262109583769,-7.250625418382867,-7.010587525850543,209.32526664163967,164.67473335836033,9.511244965114102,-0.009866352335440198,-0.00991534732389348,0.04219078640758898
2025-04-21,167.32000732421875,169.60000610351562,165.2899932861328,169.60000610351562,48126100,185.55550003051758,200.4401998901367,183.59639636631553,35.065769042915036,-7.809186710121907,-7.170307362704817,209.01965966990866,162.0913403911265,9.354727990764433,-0.030647084568839134,-0.031126527586896723,0.04246439281370052
2025-04-22,173.17999267578125,176.77999877929688,169.35000610351562,169.85000610351562,56607200,184.05149993896484,199.32079986572265,182.604357919598,40.30848857194407,-7.690349156116156,-7.274315721387085,206.62271023009208,161.4802896478376,9.362246809643981,0.03502262189247651,0.03442328337941731,0.04241642436158087
2025-04-23,180.6000061035156,187.3800048828125,180.19000244140625,183.4499969482422,63470100,182.79599990844727,198.27,182.41346727044726,46.22856599177399,-6.917693600695628,-7.202991297248794,203.08685478189443,162.5051450350001,9.70780148088593,0.042845673527805994,0.041953201051518486,0.04368934016498879
2025-04-24,186.5399932861328,186.7400054931641,180.17999267578125,180.9199981689453,43763200,182.06649932861328,197.34559997558594,182.8064697481316,50.46402988037093,-5.75965743757115,-6.914324525313266,200.64515527337417,163.48784338385238,9.482959433492852,0.032890293365840595,0.03236098252849648,0.044318038178504736
2025-04-25,188.9900054931641,189.94000244140625,185.4900054931641,187.6199951171875,36414300,181.4479995727539,196.5468002319336,183.39537791432517,52.13859571158598,-4.5912844563563056,-6.449716511521874,198.14456922350047,164.75142992200733,9.123462113117801,0.013133978209558528,0.013048475365695443,0.04445562768452466
2025-04-28,187.6999969482422,190.22000122070312,184.88999938964844,190.1100006103516,33224700,181.19699935913087,195.69340026855468,183.8053416318411,51.157968666918194,-3.726476854072331,-5.9050685800319656,197.35030625523186,165.04369246302988,8.852500664399008,-0.006825802991833663,-0.006849205339079859,0.043438825542334115
2025-04-29,187.38999938964844,188.0200042724609,183.67999267578125,183.9900054931641,41667300,181.0534996032715,194.86760040283204,184.14673760877514,50.910169722858036,-3.0311832175943607,-5.330291507544445,196.93084285162476,165.17615635491822,8.530180016704769,-0.0016515586767922308,-0.0016529240033086564,0.04334377763170902
2025-04-30,184.4199981689453,185.0500030517578,178.85000610351562,182.1699981689453,55176500,180.66599960327147,194.02300048828124,184.17276242402946,48.486943258144365,-2.6888172668190577,-4.801996659399367,195.80009217839597,165.53190702814697,8.530880964521058,-0.015849304820837684,-0.01597624814818092,0.04341849567012118
2025-05-01,190.1999969482422,191.8099975585937,187.5,190.6300048828125,74266000,180.3754997253418,193.29440032958985,184.74678475966877,53.159619345702666,-1.9288575193808697,-4.227368831395668,194.5103850276988,166.2406144229848,8.449389423458724,0.031341496782804956,0.030860378884021808,0.043782570088769394
2025-05-02,189.97999572753903,192.8800048828125,186.3999938964844,191.44000244140625,77903500,180.9539993286133,192.63640014648436,185.24518580422784,52.96269452687385,-1.3290161335024209,-3.6476982918170187,195.65546078940613,166.25253786782045,8.30871953509225,-0.0011566836184704332,-0.0011573530932638618,0.0384398056239169
2025-05-05,186.3500061035156,188.17999267578125,185.52999877929688,186.509994506836,35217500,181.72149963378905,192.0318002319336,185.3504067851124,49.69178758391705,-1.1334812725966685,-3.1448548879729485,195.85598581141687,167.58701345616123,8.033096493174385,-0.01910722026349243,-0.019292122294797282,0.03735888597791453
2025-05-06,185.009994506836,187.92999267578125,183.8500061035156,184.57000732421875,29314100,182.20899963378906,191.47779998779296,185.31798656813368,48.50099366167159,-1.074262790737862,-2.730736468525931,196.08868639215783,168.3293128754203,7.750731498823762,-0.007190832051463647,-0.007216810697897743,0.03714499288566213
2025-05-07,188.7100067138672,190.9900054931641,185.009994506836,185.5599975585937,43948600,183.11149978637695,190.99600006103515,185.6410361058226,51.92659011841381,-0.7204665643247665,-2.328682487685698,196.19448245200127,170.02851712075264,7.624251462216928,0.0199989855515319,0.019801632738363474,0.03664212332258848
2025-05-08,192.0800018310547,194.3300018310547,188.82000732421875,191.42999267578125,41043600,183.1604995727539,190.55059997558592,186.25427093679707,54.87103559677649,-0.16623382414766752,-1.8961927549780921,196.36952643554935,169.95147270995847,7.481090294714826,0.01785806262143419,0.01770048072706834,0.02525396333478215
2025-05-09,193.0599975585937,194.69000244140625,191.16000366210932,193.3800048828125,29663100,183.75249938964845,190.23699981689452,186.90243537696819,55.720376620603275,0.34806480609842083,-1.4473412427627896,197.60614298376146,169.89885579553544,7.198869472184976,0.005102018524557161,0.005089047328857853,0.02205939570907953
2025-05-12,208.63999938964844,211.66000366210932,205.75,210.7100067138672,75205000,184.94099960327148,190.16419982910156,188.97267956865204,66.51119512751433,1.9898879267902032,-0.759895408852191,202.54500715017315,167.3369920563698,8.01323637442288,0.08070031092964358,0.07760926703828006,0.027869547359236142
2025-05-13,211.3699951171875,214.83999633789065,210.1000061035156,211.0800018310547,56193700,186.40349960327148,190.2911996459961,191.1057572399411,67.98351854057157,3.4713172340670155,0.08634711973165032,207.36661493053606,165.4403842760069,7.883719272552832,0.01308471882441209,0.012999853383055317,0.027442728085399264
2025-05-14,210.25,211.92999267578125,208.8500061035156,211.4499969482422,38492100,187.93649978637694,190.42019958496093,192.9290184551848,66.68815661561045,4.503077710658488,0.9696932379170179,211.05571683331343,164.81728273944046,7.5405955082466045,-0.005298742220089303,-0.005312830342904736,0.027150531951903846
2025-05-15,205.1699981689453,206.8800048828125,202.6699981689453,206.4499969482422,64347300,189.47849960327147,190.3563995361328,194.09482604697152,61.009837681487525,4.854877622198359,1.7467301147732863,212.87419320489212,166.08280600165082,7.543410245590039,-0.024161720956264898,-0.024458403999516362,0.026799315646590896
2025-05-16,205.58999633789065,206.8500061035156,204.3699951171875,206.8500061035156,43318500,191.12749938964845,190.45419952392578,195.1896041699162,61.303206706959024,5.1086822202472035,2.41912053586807,214.18153356308838,168.07346521620852,7.181738869928472,0.002047074000553817,0.002044981599618388,0.026500067957179407
2025-05-19,206.16000366210932,206.6199951171875,201.259994506836,201.6499938964844,34314800,193.06949920654296,190.59239959716797,196.23440412155364,61.72412908825598,5.294784045490985,2.994253237792653,214.2411533640735,171.8978450490124,7.051614708530117,0.0027725440652368594,0.0027687076543828405,0.024864607445199437
2025-05-20,204.07000732421875,205.58999633789065,202.6499938964844,204.6300048828125,29470400,194.61399993896484,190.78299987792968,196.98065204561698,59.18217481434268,5.213527544918719,3.4381080992178665,214.20432284284388,175.0236770350858,6.798642926894031,-0.010137739138363688,-0.010189475975830925,0.024596106290948352
2025-05-21,201.1199951171875,203.4600067138672,200.0599975585937,201.6100006103516,42460900,195.63999938964844,190.87359985351563,197.37487519529037,55.69561788579565,4.855123016047145,3.7215110825837225,214.31504268263305,176.96495609666383,6.599454843946247,-0.014455883280997672,-0.01456138756787949,0.02370858259871105
2025-05-22,203.1000061035156,205.759994506836,200.16000366210932,201.3800048828125,38938900,196.46800003051757,190.95779998779298,197.9201257579785,57.50516724916497,4.676942304119251,3.9125973268908285,214.92289692990767,178.01310313112748,6.5280645582877055,0.009844923599835909,0.009796778074282054,0.022860062681857335
2025-05-23,200.9900054931641,202.3699951171875,197.8500061035156,198.8999938964844,33393500,197.06800003051757,191.09980010986328,198.2124952565676,54.93041019187604,4.315724406436971,3.9932227428000573,215.29020751994716,178.84579254108797,6.4367742326957265,-0.010388973643240984,-0.010443315729919602,0.022997311884504625
2025-05-27,206.0200042724609,206.69000244140625,202.19000244140625,203.08999633789065,34892000,197.9840003967285,191.26120025634765,198.9560675437955,59.576938340811004,4.384790350402625,4.071536264320571,216.0717973533477,179.8962034401093,6.384147283806186,0.02502611394509313,0.024718089285440805,0.023357339953784476
2025-05-28,204.72000122070312,207.66000366210932,204.41000366210932,205.9199981689453,28549800,198.85050048828126,191.44080017089843,199.50501360826289,57.91506585714062,4.285228777011497,4.114274766858756,216.47983056805901,181.2211704085035,6.160279620677173,-0.00631008166584901,-0.0063300743793082,0.023449357620990683
2025-05-29,205.6999969482422,208.8099975585937,204.22999572753903,208.02999877929688,34650000,199.91450042724608,191.6983999633789,200.09501202159424,58.84700060227808,4.236566476671044,4.138733108821214,216.46744990746333,183.36155094702883,6.047402635704136,0.004787005283780621,0.004775584008620333,0.022946844298732214
2025-05-30,205.009994506836,205.9900054931641,201.6999969482422,204.83999633789065,51679400,200.65500030517578,191.88779998779296,200.56310559161727,57.875232303048115,4.095117853139158,4.130010057684802,216.72127780284407,184.58872280750748,5.921874486362548,-0.0033544115296210153,-0.003360050181078811,0.022207317812554403
2025-06-02,206.6499938964844,207.0,202.67999267578125,204.97999572753903,29113300,201.48850021362304,192.1217999267578,201.14280923969983,59.58357137017149,4.068454434410768,4.117698933029995,216.9721441428799,186.00485628436618,5.807455403352277,0.007999607012299625,0.007967779780350502,0.022190158690681135
2025-06-03,205.7100067138672,208.9499969482422,205.02999877929688,207.1100006103516,33139100,202.4565002441406,192.3117999267578,201.57778042771577,58.128485935307594,3.926215405917219,4.07940222760744,216.37499713617814,188.5380033521031,5.672637029466065,-0.00454869204152053,-0.004559068820302432,0.021608190738995923
2025-06-04,207.22999572753903,208.17999267578125,205.17999267578125,206.5500030517578,29915600,203.56750030517577,192.39119995117187,202.11608664674654,59.836519890572596,3.891284060969724,4.041778594279897,215.07699249765872,192.05800811269282,5.481734384504203,0.00738898917924824,0.007361824330479196,0.021414342102215544
2025-06-05,207.91000366210932,212.8099975585937,207.5599975585937,209.5500030517578,51864200,204.5275001525879,192.43519989013672,202.66788826725727,60.610651580896906,3.8738167278173137,4.008186220987381,213.92986451579705,195.12513578937873,5.488753487829236,0.0032814165352024194,0.0032760444368173107,0.021159708381907373
2025-06-06,213.57000732421875,213.8699951171875,210.5,212.3999938964844,39832500,205.60200042724608,192.68399993896483,203.70618532030122,66.41343674288512,4.267495699358307,4.060048116661566,213.91774432388414,197.28625653060803,5.522413342632731,0.027223334916139708,0.02685937070890812,0.02155767696702518
2025-06-09,216.97999572753903,217.8500061035156,212.8800048828125,214.75,38102500,206.79800033569336,192.9963998413086,204.97035774003817,69.34364867705227,4.799323077333554,4.207903108795963,214.40466331295846,199.19133735842826,5.482955333923472,0.015966607137600564,0.015840481625608156,0.021682846670703353
2025-06-10,217.6100006103516,217.69000244140625,214.1499938964844,216.77999877929688,31303300,207.24650039672852,193.49419982910158,206.17413325149658,69.86671367694679,5.211560608252682,4.408634608687307,216.17723330705513,198.3157674864019,5.344173420423355,0.0029035159702170965,0.0028993089092675243,0.012713469400290582
2025-06-11,213.1999969482422,218.3999938964844,212.88999938964844,217.41000366210932,39326000,207.33800048828124,193.9529998779297,206.8432631273771,61.90444629125645,5.123352562756054,4.551578199501057,216.4710549469178,198.20494602964467,5.356017783738542,-0.020265629565462295,-0.02047379463536867,0.013378157817341953
2025-06-12,213.2400054931641,213.5800018310547,211.3300018310547,211.77999877929688,27640000,207.48750076293945,194.37440002441406,207.45247668602346,61.94681604428727,4.9990494758478405,4.641072454770414,216.89994289026288,198.07505863561602,5.134159370614361,0.0001876573428452044,0.00018763973740853443,0.01330872089477002
2025-06-13,212.1000061035156,214.0500030517578,209.6199951171875,209.9600067138672,29337800,207.83400115966796,194.69620025634765,207.89509853530842,59.902431272858934,4.7537516703968095,4.663608297895693,217.38882685924077,198.27917546009516,5.083862839468358,-0.005346085913907173,-0.005360427367806428,0.012058345235355936
2025-06-16,216.1000061035156,217.0599975585937,211.6000061035156,212.3099975585937,33284200,208.35950164794923,195.4500003051758,208.6765183037091,64.34836655412289,4.826481290964864,4.696182896509527,218.50091905947482,198.21808423642364,5.110729169154768,0.018859028217320217,0.01868340140955021,0.012652865894707818
2025-06-17,214.82000732421875,217.41000366210932,214.5599975585937,215.1999969482422,32086300,208.7925018310547,196.32640045166016,209.26161249613858,61.980094566659545,4.726352386896622,4.702216794586946,219.2556972760991,198.32930638601027,4.949248950180544,-0.005923177895162612,-0.0059407894922021915,0.012794214295711486
2025-06-18,212.5200042724609,217.9600067138672,212.33999633789065,215.08999633789065,44360500,209.2150016784668,197.07160064697266,209.571935522455,57.85939032900902,4.410566222749651,4.643886680219487,219.56308838344108,198.8669149734925,4.997160480594544,-0.010706651956707836,-0.0107643805780299,0.012823539868028202
2025-06-20,209.69000244140625,214.88999938964844,208.2700042724609,214.67999267578125,75350700,209.64350204467775,197.8522006225586,209.58317999092657,53.17483524177658,3.887137415624437,4.492536827300477,219.30206027548132,199.98494381387417,5.113077240351186,-0.013316402099382896,-0.013405860444963166,0.012748383527703577
2025-06-23,208.47000122070312,210.38999938964844,207.3099975585937,209.7899932861328,37311700,209.9120018005371,198.19960052490234,209.47716296519098,51.24849137436949,3.3354237238819735,4.261114206616776,219.11587770325391,200.70812589782028,4.967857568258583,-0.005818118205440093,-0.005835109391705959,0.01273288211162766
2025-06-24,212.7700042724609,214.33999633789065,211.0500030517578,212.13999938964844,38378800,210.50100173950196,198.8306005859375,209.7907668992167,57.14174733949219,3.208179066686853,4.050527178630792,218.80984521644626,202.19215826255765,5.0322959646106495,0.02062648355436747,0.02041663831593163,0.013107009338174722
2025-06-25,211.9900054931641,216.02999877929688,211.1100006103516,214.6199951171875,31755700,210.79950180053712,199.37300079345704,210.00021819387834,55.823508165958984,3.009703389149223,3.842362420734478,218.868456475981,202.73054712509324,5.024274693491695,-0.0036659245365150417,-0.0036726605052765328,0.01209253816867214
2025-06-26,217.1199951171875,218.0399932861328,212.009994506836,213.1199951171875,50480800,211.41950149536132,200.07300079345703,210.67829218657445,62.02806383882178,3.2291338295856917,3.719716702504721,219.43000040374187,203.40900258698076,5.097539914882911,0.024199205109171285,0.023911043937020576,0.012949643385490435
2025-06-27,223.3000030517578,223.3000030517578,216.7400054931641,219.9199981689453,119217100,212.29950180053712,200.94720092773437,211.88035988802048,67.8806001006361,3.8572451058525132,3.7472223831742797,221.39660065710322,203.202402943971,5.202001175147969,0.028463559660798277,0.028065998915184062,0.014146249960517039
2025-06-30,219.38999938964844,223.82000732421875,219.1199951171875,223.5200042724609,58887800,213.01850204467775,201.84840087890626,212.5955636500803,61.42953514374775,3.993488746909236,3.796475655921271,221.96931262792083,204.06769146143466,5.166144820282489,-0.017510092291414314,-0.017665207343808734,0.014879639245390442
2025-07-01,220.4600067138672,221.8800048828125,217.92999267578125,219.5,39256800,213.70900268554686,202.80540100097656,213.3445582275838,62.48037962323982,4.1400792066843906,3.8651963660738953,222.71863445929483,204.6993709117989,5.079278205050258,0.00487719279454657,0.004865337820140418,0.014846285930825839
2025-07-02,219.9199981689453,221.6000061035156,219.0599975585937,219.72999572753903,30894200,214.41950225830078,203.85740081787108,213.97079060295158,61.56870025949292,4.16467128746396,3.9250913503519085,223.02605393681682,205.81295057978474,4.897901800755376,-0.002449462616694653,-0.002452467458083949,0.014794881743793164
2025-07-03,223.41000366210932,224.009994506836,221.3600006103516,221.82000732421875,29632400,215.2285026550293,204.86200103759765,214.86976327525232,65.11182823154917,4.4148829423731115,4.023049668756149,224.0195678632135,206.4374374468451,4.8401942676936125,0.015869432167250785,0.015744829251554276,0.015033355156249775
2025-07-07,223.47000122070312,224.2899932861328,222.3699951171875,223.0,36604100,216.006502532959,205.7194009399414,215.68883355577145,65.17127544309227,4.565391788444742,4.131518092693868,224.82319502357257,207.1898100423454,4.631608832068734,0.00026855359030641957,0.00026851753624580684,0.015054673229339776
2025-07-08,219.3600006103516,224.0,218.42999267578125,223.9199981689453,45692000,216.29600219726564,206.37580108642578,216.0384685133505,57.893836092246076,4.303421271140138,4.165898728383123,225.15380747521576,207.43819691931552,4.698637295793735,-0.018391733064396565,-0.018562963722362852,0.014759300477204978
2025-07-09,222.5399932861328,224.2899932861328,220.47000122070312,221.07000732421875,38155100,216.57400207519532,207.04680084228517,216.65766134885357,61.47809253574458,4.302806506406654,4.193280283987829,225.8398260605323,207.30817808985836,4.7151626800785555,0.014496684294917683,0.014392611963869678,0.014686644177373538
2025-07-10,222.259994506836,222.7899932861328,219.6999969482422,221.5500030517578,30370600,216.80650177001954,207.73800079345702,217.19121688770903,60.9858297145441,4.230953936185415,4.200815014427347,226.3924661496967,207.22053739034237,4.599079369922275,-0.0012581953255332845,-0.0012589875178300293,0.014693222765059598
2025-07-11,225.0200042724609,226.67999267578125,222.3699951171875,223.5800018310547,50518300,217.39750213623046,208.49060089111327,217.93681568625684,64.04221919884021,4.346614907358969,4.229974993013672,227.46649099423487,207.32851327822604,4.586287855566773,0.012417933203629383,0.012341463087489441,0.013985349138746009
2025-07-14,225.69000244140625,226.66000366210932,224.2400054931641,225.07000732421875,35702600,218.02000198364257,209.3160009765625,218.6752144248425,64.76386203360539,4.441145551728653,4.272209104756668,228.51431801554068,207.52568595174446,4.431552877950948,0.0029775049161144818,0.002973080927807535,0.013971891597529838
2025-07-15,226.3500061035156,227.2700042724609,225.4600067138672,226.1999969482422,34907300,218.73250198364258,210.03900115966798,219.40614696566848,65.49841958103431,4.517246541853439,4.321216592176023,229.45484162854436,208.0101623387408,4.244298926568289,0.0029243814744550622,0.0029201137891530816,0.013835671042011891
2025-07-16,223.19000244140625,226.1000061035156,222.17999267578125,225.8800048828125,39535900,219.0870018005371,210.7032012939453,219.76651415383398,59.141380182365204,4.2733111674313875,4.311635507227096,229.90613957275983,208.2678640283144,4.238992819508722,-0.013960696164789121,-0.014059063272129541,0.013845324770122886
2025-07-17,223.8800048828125,224.5,222.509994506836,223.32000732421875,31855800,219.5400016784668,211.45380126953125,220.15827517564145,60.053086647425246,4.088537935874598,4.267015992956597,230.365251509943,208.71475184699062,4.078350867626956,0.0030915472640284936,0.003086778258328562,0.013730141706906698
2025-07-18,226.1300048828125,226.3999938964844,222.97999572753903,225.13999938964844,37833800,220.2205017089844,212.2762014770508,220.72701133822918,62.955824704550984,4.076666738092229,4.228946141983723,230.90522297246767,209.5357804455011,4.031325674863986,0.010050026580880944,0.009999860894734277,0.013489007875469363
2025-07-21,229.3000030517578,229.69000244140625,225.6499938964844,225.83999633789065,40297600,221.20100173950195,213.0880014038086,221.54348673951762,66.63443879474502,4.273785548314322,4.237914023249843,231.4297325112423,210.9722709677616,4.031945879868119,0.014018476542235536,0.013921126445029842,0.013107444643496986
2025-07-22,227.47000122070312,230.0,226.3500061035156,229.67999267578125,37483700,222.15100173950196,213.79580139160157,222.10791669010672,62.75986870124977,4.233536201728242,4.237038458945523,230.89521864314065,213.40678483586328,4.004663595340711,-0.007980819043607368,-0.008012836242670535,0.01320613040415018
2025-07-23,228.2899932861328,228.7899932861328,227.08999633789065,228.47000122070312,28294900,222.92700119018554,214.50040130615236,222.69668588972826,63.776259854852114,4.219168859032948,4.233464538963008,230.92634175142143,214.92766062894964,3.8400445491193858,0.003604836070819184,0.003598354221935051,0.012645560111136574
2025-07-24,232.22999572753903,236.0,228.63999938964844,229.1699981689453,42902300,223.9390007019043,214.97220123291015,223.60462015999593,68.2589840617956,4.47413288661707,4.28159820849382,231.23820914288166,216.63979226092692,4.116470418029943,0.01725876103762425,0.017111520335049226,0.012876091363974449
2025-07-25,231.44000244140625,232.47999572753903,231.17999267578125,232.22000122070312,28712100,224.65500106811524,215.37360137939453,224.35084704393978,66.48247470013439,4.559884351082729,4.337255437011602,231.94753531578962,217.36246682044086,3.915294177581931,-0.003401771091877559,-0.0034075702705455803,0.01212773882840232
2025-07-28,232.7899932861328,234.2899932861328,232.25,233.3500061035156,26300100,225.12950057983397,215.8244012451172,225.15457525748198,68.01445621496715,4.6827956302168445,4.40636347565265,233.20098571948427,217.05801544018368,3.839201082377976,0.005833005662313484,0.00581605955069594,0.010614609374569303
2025-07-29,231.009994506836,234.72000122070312,230.3099975585937,234.1499938964844,33716200,225.71050033569335,216.341201171875,225.71223423361093,63.8692426544152,4.583734243951056,4.441837629312332,233.71838997510753,217.70261069627918,3.8799726952159372,-0.00764637153929959,-0.0076757549181458475,0.0098557345281741
2025-07-30,230.19000244140625,231.8000030517578,229.2899932861328,231.63999938964844,32993300,226.1970001220703,216.8332012939453,226.13868834863905,61.9947856981305,4.388473286597957,4.431164760769457,234.05061199667355,218.34338824746706,3.7821182002451557,-0.0035495956232555192,-0.0035559103854632904,0.009934419025547325
2025-07-31,234.1100006103516,236.52999877929688,231.3999938964844,235.7700042724609,104357300,226.90650024414063,217.39220123291017,226.89786094499263,66.98337030183399,4.498186370107874,4.44456908263714,234.92576594778473,218.88723454049654,3.9648237815055465,0.017029402351838252,0.016886027515609428,0.010397740901945481
2025-08-01,214.75,220.44000244140625,212.8000030517578,217.2100067138672,122258800,226.47350006103517,217.60580108642577,225.7409218073743,39.44529621911505,2.9884950179567227,4.153354269701056,235.99556221998424,216.9514379020861,5.203764765583277,-0.08269617085933045,-0.08631653211497646,0.021499803786925478
2025-08-04,211.6499938964844,217.44000244140625,211.4199981689453,217.3999938964844,77890100,225.88249969482422,217.81640106201172,224.3989286730038,36.83399338655179,1.5243375455583532,3.627550924872516,237.34616437819494,214.4188350114535,5.26206758750311,-0.014435418409851408,-0.014540622735209882,0.021677966910798572
2025-08-05,213.75,216.3000030517578,212.8699951171875,213.0500030517578,51505100,225.60199966430665,218.0294009399414,223.3847449898606,39.744070514653686,0.5273561091100589,3.007511961720025,237.93211717436594,213.27188215424735,5.218349128058131,0.009922070229506863,0.009873169687714855,0.021508072935600496
2025-08-06,222.3099975585937,222.6499938964844,213.7400054931641,214.6999969482422,54823000,225.5904998779297,218.45580078125,223.2823880916447,49.88012282849853,0.4230843489416998,2.49062643916436,237.93244250428847,213.2485572515709,5.482037647719715,0.040046772203947034,0.03926568541503997,0.02317522444821874
2025-08-07,223.1300048828125,226.22000122070312,220.82000732421875,221.0,40603500,225.6340003967285,218.79800079345702,223.26787540508926,50.735063067831526,0.40198216556862576,2.0728975844452133,237.9347455989759,213.33325519448113,5.476177379774334,0.003688576011983802,0.0036817898977651304,0.023185099917960902
2025-08-08,222.69000244140625,223.8000030517578,221.8800048828125,223.13999938964844,32970500,225.5175003051758,219.1574008178711,223.2128398847385,50.23984544258124,0.3457682127217936,1.7274717101005295,237.8832623111886,213.151738299163,5.222164579000832,-0.001971955504762035,-0.0019739023688590293,0.023017140339713967
2025-08-11,221.3000030517578,223.0500030517578,220.3999938964844,221.77999877929688,31646200,225.29800033569336,219.4694009399414,223.03066494826416,48.625141255993896,0.18690242128613477,1.4193578523376507,237.79883447834376,212.79716619304295,5.03843919159173,-0.006241858073597895,-0.006261419913672536,0.02304119874928721
2025-08-12,221.47000122070312,223.5,219.0500030517578,222.22999572753903,37185800,225.05400009155272,219.79860107421874,222.88203030754406,48.84169968939554,0.07386608624486257,1.150259499119093,237.65328903987267,212.45471114323277,4.996407602781049,0.0007681796954406295,0.0007678847964323423,0.023028285851419455
2025-08-13,224.5599975585937,224.9199981689453,222.0,222.0,36508300,225.12249984741212,220.15680114746092,223.04183671240594,52.74117175955425,0.23095851068816842,0.9663993014329082,237.69537634364838,212.54962335117585,4.885949698885416,0.013952211680403837,0.013855775538096016,0.02303635999844997
2025-08-14,230.97999572753903,233.1100006103516,227.0200042724609,227.3999938964844,61545800,225.47749938964844,220.66220092773438,223.7978518567043,59.626812622850835,0.8635412212569236,0.9458276853977113,238.28868268938268,212.6663160899142,5.1476677955191645,0.028589233339612052,0.028188187008166186,0.023873757473351388
2025-08-15,231.02999877929688,234.0800018310547,229.8099975585937,232.5800018310547,39649200,225.72249908447264,221.13820098876954,224.4866277540941,59.67609257947666,1.3533023778683457,1.0273226238918383,238.75964660025315,212.68535156869214,5.084977543872152,0.00021648217457248542,0.0002164587456877612,0.02379695129904829
2025-08-18,231.4900054931641,231.91000366210932,228.3300018310547,230.22999572753903,25248900,225.83199920654297,221.60980102539062,225.153616110196,60.15789820140244,1.758291826714327,1.173516464456336,239.02337416706015,212.6406242460258,4.9774792786709,0.0019911124801876845,0.001989132843084511,0.02361121015172863
2025-08-19,228.009994506836,230.52999877929688,227.1199951171875,230.08999633789065,29891000,225.8589988708496,221.89860076904296,225.42565214797122,54.82135367421891,1.7779460247445513,1.2944023765139792,239.0658751104231,212.65212263127611,4.934088642764165,-0.015033093886339999,-0.015147236228620999,0.02380034423705855
2025-08-20,223.8099975585937,227.2700042724609,220.9199981689453,227.1199951171875,36604300,225.63499908447267,222.03520080566406,225.27178028231623,49.15401081738997,1.4380406281876787,1.3231300268487192,238.821302997864,212.44869517108134,5.088082049558915,-0.018420231785569285,-0.018591996826339104,0.024151037689116986
2025-08-21,221.9499969482422,222.77999877929688,220.5,222.6499938964844,32140500,225.12099914550782,222.12200073242187,224.95541996478536,46.8444131630202,1.0069689368608294,1.2598978088511412,238.03761167169623,212.20438661931942,4.96107601448997,-0.008310623433453013,-0.008345349193359424,0.02382461933920764
2025-08-22,228.83999633789065,229.13999938964844,220.82000732421875,222.7899932861328,37315300,224.99099884033203,222.43480072021484,225.32537961936683,55.23523432178743,1.2073888572249984,1.2493960185259128,237.701290195253,212.28070748541106,5.200998589557093,0.031043025385826706,0.03057093586711227,0.02493576493535399
2025-08-25,227.94000244140625,229.6000061035156,227.3099975585937,227.3500061035156,22633700,224.7484992980957,222.72880065917968,225.5743913167039,54.03535215731003,1.2788592092753959,1.2552886566758095,237.03225864895168,212.46473994723974,4.993070729226008,-0.003932852258726305,-0.003940606259072966,0.024905745432308186
2025-08-26,228.7100067138672,229.0,226.0200042724609,227.1100006103516,26105400,224.63349990844728,223.06100067138672,225.87302135452896,54.93729274486364,1.3817054474681356,1.2805720148342747,236.72214284727588,212.54485696961868,4.849279657676942,0.0033781006590050122,0.0033724076943096397,0.024867037445664
2025-08-27,229.1199951171875,229.8699951171875,227.8099975585937,228.57000732421875,21254500,224.57999954223632,223.32140045166017,226.18225695097263,55.43868213657865,1.4792426811037558,1.320306148088171,236.57894210887966,212.581056975593,4.6500452220281465,0.0017926124405795996,0.0017910076284830656,0.024857835156083242
2025-08-28,231.6000061035156,232.7100067138672,228.0200042724609,229.009994506836,33679600,224.45449981689453,223.6570004272461,226.69823306073863,58.450252184272166,1.7366389094301553,1.403572700356568,236.09939296135002,212.80960667243903,4.652899309126584,0.0108240705271474,0.010765909591411497,0.024673036257422967
2025-08-29,229.0,231.8099975585937,228.16000366210932,231.32000732421875,26199200,225.16699981689453,223.98660034179687,226.9174489597159,54.306513934343954,1.7111039699817354,1.4650789542816014,236.06974086625868,214.26425876753038,4.581263208223569,-0.011226278216735053,-0.011289768498294493,0.015615291492125816
2025-09-02,225.33999633789065,226.1699981689453,221.8300018310547,223.5200042724609,38843900,225.85149993896485,224.29960021972656,226.76721537668493,49.03644015247582,1.3796320988498394,1.4479895831952492,234.82143285230433,216.88156702562537,4.766172848275123,-0.015982548742835556,-0.01611164706970365,0.015711477895908356
2025-09-03,225.9900054931641,227.1699981689453,224.3600006103516,225.2100067138672,29223100,226.46350021362304,224.65000030517578,226.6931953877782,49.96510792515969,1.15606219398083,1.3896041053523653,233.5116273214611,219.41537310578497,4.6264460418693085,0.0028845707190781056,0.00288041832828813,0.01563290451083849
2025-09-04,235.67999267578125,235.7700042724609,230.77999877929688,231.19000244140625,59391800,227.13199996948242,225.1082000732422,227.54908084377848,61.28955879439898,1.7407165201870498,1.4598265883193022,234.96953515816546,219.2944647807994,4.994556951685559,0.042877945692648245,0.041984146824532165,0.015995564073196536
2025-09-05,232.3300018310547,236.0,231.92999267578125,235.19000244140625,36721800,227.59199981689454,225.515,228.00440665209052,56.526343833468886,1.9117060642714137,1.5502024835097246,235.51545929689476,219.66854033689432,4.928517692580788,-0.014214150326010255,-0.01431613896889294,0.016452032639349426
2025-09-08,235.83999633789065,237.6000061035156,233.75,234.94000244140625,33947100,228.24949951171874,225.88940002441407,228.7506532888334,60.031289747970526,2.3038859689937112,1.7009391806065222,236.60724803656956,219.89175098686792,4.952909591143653,0.015107797009308976,0.014994810804568525,0.01666871270063767
2025-09-09,238.2400054931641,238.8500061035156,235.0800018310547,236.3600006103516,27033800,229.09649963378905,226.1882000732422,229.65440111781726,62.27114486050752,2.776348038139929,1.9160209521132034,237.88770349453293,220.30529577304517,4.868416354094886,0.010176429751274751,0.010124998519937195,0.016593562925303614
2025-09-10,230.3300018310547,237.67999267578125,229.1000061035156,237.5200042724609,60907700,229.53949966430665,226.40700012207031,229.7187440428875,51.93996516107049,2.4838738909136566,2.029591539873294,237.6124098668406,221.46658946177268,5.173529428063,-0.03320182790348525,-0.03376552082845374,0.01854647487268078
2025-09-11,229.9499969482422,231.52999877929688,229.33999633789065,231.4900054931641,37485600,229.80899963378906,226.59679992675783,229.74076812911176,51.497936864551896,2.196107444276521,2.0628947207539396,237.55212378130454,222.06587548627357,4.960420357587516,-0.0016498279850283293,-0.0016511904499798356,0.018349927264271048
2025-09-12,228.1499938964844,230.7899932861328,226.2899932861328,230.3500061035156,38496200,229.66749954223633,226.7613998413086,229.5892658212425,49.35528870538026,1.802032549542787,2.010722286511709,237.42327778153415,221.9117213029385,4.9275331891884075,-0.00782780202498956,-0.007858600093329381,0.01727988642756602
2025-09-15,231.42999267578125,233.72999572753903,230.32000732421875,230.6300048828125,33243300,229.68749923706054,226.92179962158204,229.76457314072238,53.1782003276961,1.7344007534469768,1.9554579798987626,237.459274563262,221.91572391085907,4.974138092178852,0.014376501718361023,0.014274139722700788,0.017596902704622594
2025-09-16,234.0500030517578,235.8999938964844,232.22999572753903,232.94000244140625,38203900,229.81549911499025,227.13339965820313,230.17270932272575,56.033156579797875,1.8706513049774856,1.9384966449145071,237.78365059396862,221.84734763601188,4.938128315644874,0.011320962964584513,0.011257360441086762,0.017768800221919248
2025-09-17,231.6199951171875,234.3000030517578,228.7100067138672,233.7700042724609,42815200,229.99599914550782,227.37859954833985,230.31054606505543,52.81646062007938,1.7622355621940358,1.9032444283704129,237.95592306061246,222.03607523040318,4.984690317233856,-0.010382430689534927,-0.010436704109897131,0.017581526738756924
2025-09-18,231.22999572753903,233.47999572753903,228.7899932861328,232.5,37931700,230.36699905395508,227.55239959716798,230.3981126995777,52.297556354889025,1.626100934204345,1.8478157295371995,237.81421674865265,222.9197813592575,4.9636411832461675,-0.0016837898189711042,-0.0016852089863250992,0.017000666545604975
2025-09-19,231.47999572753903,234.16000366210932,229.6999969482422,232.3699951171875,97943200,230.84349899291993,227.73679962158204,230.50114917843115,52.61891038771942,1.520854705047725,1.7824235246393048,237.21777621111895,224.46922177472092,4.927667292576237,0.0010811746080494622,0.001080590559717161,0.016836526860798364
2025-09-22,227.6300048828125,230.57000732421875,227.509994506836,230.5599975585937,45914500,230.78299942016602,227.78899963378908,230.22770686456272,47.330900417797764,1.1139433788636381,1.6487274954841715,237.254419168771,224.31157967156105,4.859262573156722,-0.016632067201427292,-0.01677193303853678,0.01589209725841708
2025-09-23,220.7100067138672,227.8600006103516,220.07000732421875,227.8300018310547,70956200,230.42149963378907,227.68939971923828,229.32125923116314,39.62310935128367,0.23042105138057423,1.365066206663452,238.1695997382284,222.67339952934972,5.068600481226445,-0.030400202172415014,-0.030871872178262885,0.017266615587465284
2025-09-24,220.2100067138672,224.5599975585937,219.4499969482422,224.1499938964844,49509000,229.99649963378906,227.5665997314453,228.45352089618257,39.127301079900775,-0.5043092171760009,0.9911911218955614,238.91724125969358,221.07575800788453,5.071557633306807,-0.0022654160880354324,-0.002267986025112884,0.017229306832202886
2025-09-25,218.1499938964844,220.6699981689453,216.47000122070312,220.0599975585937,52226300,229.4479995727539,227.46579956054688,227.47223261049703,37.06921648058215,-1.2385369831904143,0.5452455008783663,239.75772844850982,219.13827069699798,5.009303298659335,-0.009354764790773018,-0.009398795415484247,0.01728883629310545
2025-09-26,219.77999877929688,221.0500030517578,218.0200042724609,219.0800018310547,41650100,228.85699920654298,227.38379943847656,226.7396389122875,39.76886987297493,-1.6696433963028596,0.1022677214421211,239.93225113175518,217.78174728133078,4.867924404419162,0.007471945580644457,0.007444168873481592,0.017170666024774676
2025-09-29,222.1699981689453,222.6000061035156,219.3000030517578,220.0800018310547,44259200,228.51549911499023,227.30459930419923,226.3044350319692,43.59002233087953,-1.7977223339397312,-0.2777302896342494,239.96686683621783,217.06413139376264,4.755930022086206,0.01087450815780766,0.010815805882780046,0.017288661440571736
2025-09-30,219.57000732421875,222.2400054931641,217.88999938964844,222.02999877929688,48396400,228.22699966430665,227.10999938964844,225.6630609645644,40.57435332483532,-2.084988892819297,-0.6391820102712589,240.2598088148281,216.1941905137852,4.726935456474024,-0.011702709034319914,-0.011771724709007034,0.01712399172224763
2025-10-01,220.6300048828125,222.1499938964844,216.6100006103516,217.3600006103516,43933800,227.95899963378906,226.97319946289062,225.18372229011186,42.326187411681445,-2.2017365181183948,-0.951692911840686,240.41063556426448,215.50736370331364,4.785011015735366,0.004827606336181178,0.004815990813160187,0.017153615269907715
2025-10-02,222.41000366210932,222.8099975585937,218.9499969482422,221.009994506836,41258600,227.29550018310547,226.85559967041016,224.91955861125447,45.24523068033997,-2.1261202362507845,-1.1865783767227058,239.44119225102483,215.14980811518612,4.718938843922233,0.008067800117405932,0.008035429408424596,0.01392247287231558
2025-10-03,219.509994506836,224.1999969482422,219.33999633789065,223.44000244140625,43639000,226.65449981689454,226.6011996459961,224.4043620298813,41.555031294448725,-2.2739871818036477,-1.4040601377388944,239.02090140705775,214.28809822673134,4.729014684381468,-0.01303902300941051,-0.013124777320547076,0.013874165107038644
2025-10-06,220.8999938964844,221.72999572753903,216.02999877929688,221.0,43690900,225.90749969482422,226.39039947509767,224.07061268384348,43.91613407073759,-2.2530398267884664,-1.573856075548809,237.75840894136968,214.05659044827877,4.798370560371517,0.00633228292302257,0.006312318256467209,0.013410988886961937
2025-10-07,221.77999877929688,222.88999938964844,220.1699981689453,220.8800048828125,31194700,225.08449935913086,226.17019958496093,223.85245897864854,45.419485592763216,-2.1407525941529,-1.6872353792696273,235.6070391983506,214.5619595199111,4.649915607538061,0.003983725247293846,0.003975811225101454,0.013155424147522628
2025-10-08,225.22000122070312,226.72999572753903,221.19000244140625,222.9199981689453,46686000,224.8289993286133,226.0543997192383,223.98270109693945,50.95405752018438,-1.7539660764584255,-1.700581518707387,235.0741609437316,214.58383771349497,4.713492584580542,0.015510877718191152,0.015391813667974614,0.011805103917276745
2025-10-09,227.7400054931641,228.2100067138672,221.75,225.0,46412100,224.71849975585937,226.00539978027345,224.3405396108656,54.58696353321876,-1.2299140072256023,-1.60644801641103,234.78648684124738,214.65051267047136,4.838243593815302,0.01118907849570383,0.011126943813862119,0.0121160155985297
2025-10-10,216.3699951171875,228.25,216.0,226.2100067138672,72367500,224.12949981689454,225.65059967041014,223.5814401352772,40.14009449907175,-1.7123251623806084,-1.6276234456049457,234.69175127063735,213.56724836315172,5.3676547656856375,-0.04992539782966621,-0.051214768870408295,0.016378871957495832
2025-10-13,220.07000732421875,220.67999267578125,217.0399932861328,217.6999969482422,37809700,223.5615005493164,225.75699981689453,223.24701796279544,45.22083684515854,-1.7756112741220136,-1.6572210113083594,233.7058152015391,213.4171858970937,5.292107822321931,0.017100394188331425,0.016955828210376053,0.016537302019435613
2025-10-14,216.38999938964844,219.32000732421875,212.6000061035156,215.5599975585937,45665600,222.67850036621093,225.85179992675782,222.5939685748767,41.45232153141789,-2.098521410305409,-1.7454810911077696,232.06320661082614,213.2937941215957,5.447671636492018,-0.016721987604375044,-0.016863378479674927,0.01650318839800004
2025-10-15,215.57000732421875,217.7100067138672,212.66000366210932,216.6199951171875,45909500,221.8760009765625,225.8882000732422,221.92501988433784,40.639627654026704,-2.3930113807932685,-1.8749871490448695,230.79859920832405,212.95340274480094,5.4192667375824355,-0.003789417568938358,-0.0037966156016826813,0.016430121596921567
2025-10-16,214.47000122070312,218.58999633789065,212.8099975585937,215.6699981689453,42414600,221.0380012512207,225.73140014648436,221.21501810684882,39.52027178518658,-2.684216130820147,-2.036832945399925,229.42096659549108,212.6550359069503,5.445033311990615,-0.00510277898660183,-0.005115842622809568,0.016428522935166123
2025-10-17,213.0399932861328,214.8000030517578,211.02999877929688,214.5599975585937,45986900,220.1160011291504,225.52959991455077,220.43644431439967,38.052919221156074,-2.9958533499143982,-2.22863702630282,227.72260008111795,212.50940217718284,5.325388380595639,-0.006667636156250767,-0.006689964147498498,0.016403052772020137
2025-10-20,216.47999572753903,216.69000244140625,213.58999633789065,213.8800048828125,38882800,219.55850067138672,225.40539978027343,220.0596396870796,43.48861897826529,-2.9314566362160406,-2.369200948285464,226.4844790967462,212.63252224602724,5.205718435929767,0.016147214372026264,0.016018234695332437,0.016710470806318684
2025-10-21,222.02999877929688,223.32000732421875,217.9900054931641,218.42999267578125,50494600,219.6245002746582,225.4199996948242,220.24729293395745,50.96452982158134,-2.4048611710846046,-2.3763329928452923,226.61794153803663,212.63105901127977,5.322453661697621,0.025637486886977978,0.025314357693141158,0.01645988887915192
2025-10-22,217.9499969482422,220.009994506836,216.5200042724609,219.3000030517578,44308500,219.51149978637696,225.349599609375,220.0285028400798,46.13292905296907,-2.290350782691604,-2.3591365508145548,226.53641067427304,212.48658889848087,5.335849436350359,-0.018375903497213075,-0.01854683769726401,0.016984525491608126
2025-10-23,221.08999633789065,221.3000030517578,218.17999267578125,219.0,31540000,219.65849990844725,225.28019958496094,220.1295974589189,50.05712301546481,-1.9240495210135293,-2.27211914485435,226.68633936693752,212.630660449957,5.194003484005021,0.014406971477930908,0.014304177190941961,0.017153693355224937
2025-10-24,224.2100067138672,225.3999938964844,221.8999938964844,221.97000122070312,38685100,219.88000030517577,225.1447998046875,220.5182078641521,53.66882244449991,-1.3662451461620435,-2.0909443451158887,227.18305228336564,212.5769483269859,5.130860203618502,0.014111947295924798,0.014013300747684945,0.017352497007436164
2025-10-27,226.97000122070312,228.3999938964844,225.5399932861328,227.66000366210932,38267000,220.12000045776367,225.06359985351563,221.1326643742998,56.65498898160699,-0.6934786793238459,-1.8114512119574802,228.00092505176895,212.2390758637584,5.063654987832696,0.012309863182682124,0.012234712914707927,0.01739777169977139
2025-10-28,229.25,231.4900054931641,226.2100067138672,228.22000122070312,47100000,220.60400009155273,225.01879974365235,221.90574395769983,59.005577134028805,0.023400690813247138,-1.4444808314033348,229.42345754160175,211.78454264150372,5.079108115794425,0.010045375014470892,0.009995255600938363,0.017226700882121814
2025-10-29,230.3000030517578,232.82000732421875,227.759994506836,231.6699981689453,52036200,221.0875,225.06459991455077,222.70519720475295,60.079261482686086,0.6685525696555601,-1.021874151191556,230.8675869371586,211.30741306284142,5.077744165907878,0.0045801659836763875,0.00456970894129321,0.017224880633154686
2025-10-30,222.8600006103516,228.44000244140625,222.75,227.0599975585937,102252900,221.1099998474121,225.04559997558593,222.71994038623853,50.07202426242949,0.5728901424294577,-0.7029212924673531,230.90421365053723,211.31578604428697,5.25433408632573,-0.03230569840563202,-0.032839045720237554,0.01880539723801688
2025-10-31,244.22000122070312,250.5,243.97999572753903,250.1000061035156,166340800,222.34550018310546,225.49100006103515,224.7675652276161,67.04411781469928,2.1953439573381672,-0.12326824250624913,236.34989981251,208.34110055370093,6.853310179420206,0.09584492754129248,0.09152568904562086,0.028175733702261927
2025-11-03,254.0,258.6000061035156,252.8999938964844,255.3600006103516,95997800,224.00050048828126,225.99420013427735,227.55160663450982,71.77505130725669,4.221649909163972,0.7457153878277951,243.62575663912338,204.37524433743914,7.390931229662513,0.04004585509136338,0.039264803615285844,0.02920429403484494
2025-11-04,249.32000732421875,257.010009765625,248.66000366210932,250.3800048828125,51546300,225.37750091552735,226.4218002319336,229.62478765257734,66.83100055228243,5.3877688327923465,1.6741260768207056,247.84515584421817,202.90984598683653,7.459436577794882,-0.018425168014886806,-0.018597025701107325,0.029766761415801455
2025-11-05,250.1999969482422,251.0,246.16000366210932,249.02999877929688,40610700,226.6265007019043,226.8516000366211,231.58433139502162,67.28729266159517,6.310194297576658,2.601339720971896,251.56205396942383,201.69094743438475,7.272333703516011,0.0035295587926045258,0.0035233445181079427,0.029691695821668477
2025-11-06,243.0399932861328,250.3800048828125,242.1699981689453,249.16000366210932,46004200,227.39150009155273,227.13,232.6753468132227,60.04899100688925,6.389812881868181,3.359034353151153,253.33516000435475,201.4478401787507,7.339310347112524,-0.028617121300727022,-0.029034574612610754,0.03062265573990969
2025-11-07,244.41000366210932,244.8999938964844,238.4900054931641,242.8999938964844,46374300,228.79350051879882,227.38619995117188,233.79293317978332,60.915364165525084,6.488662311156048,3.9849599447521324,255.22912510486375,202.3578759327339,7.272930208270223,0.005636975040414827,0.005621146751201127,0.027901948263792418
2025-11-10,248.3999938964844,251.75,245.58999633789065,248.33999633789065,36476500,230.20999984741212,227.77419982910158,235.18408181946913,63.4044408865683,6.810453394836998,4.550058634769106,257.6413581016836,202.77864159314066,7.2777206461002555,0.01632498741700905,0.016193167513876918,0.027886933706007457
2025-11-11,249.1000061035156,249.75,247.22999572753903,248.41000366210932,23564100,231.84550018310546,228.24940002441406,236.50940794175926,63.83953646149056,7.040798341360642,5.048206576087413,259.683387226173,204.0076131400379,6.937883762268878,0.0028180846386127723,0.0028141212824004096,0.02737060517517306
2025-11-12,244.1999969482422,250.3699951171875,243.75,250.2400054931641,31190100,233.27699966430663,228.61359985351564,237.24184498999574,58.58850459024112,6.750147089454401,5.3885946787608106,260.5588540086854,205.9951453199279,6.915177430477351,-0.019670851205186968,-0.019866897590761556,0.027937067156015995
2025-11-13,237.5800018310547,243.75,236.5,243.0500030517578,41401700,234.43249969482423,228.6516000366211,237.27405040342992,52.326388021941774,5.917413340413702,5.4943584110913894,260.35394607853635,208.5110533111121,6.971235967460553,-0.027108907452568887,-0.027483132611142096,0.0288415272196695
2025-11-14,234.69000244140625,238.72999572753903,232.88999938964844,235.0599975585937,38956700,235.5150001525879,228.69880004882813,237.02795059752293,49.82280677580599,4.967010442242753,5.3888888173216625,259.50915671419995,211.52084359097583,6.890433136776984,-0.012164320933474637,-0.01223891180071706,0.028989520541164243
2025-11-17,232.8699951171875,234.6000061035156,229.19000244140625,233.25,59919000,236.33450012207032,228.63940002441407,236.63195483749098,48.25691914955658,4.020602909923355,5.115231635842002,258.7391014338179,213.92989881032275,6.791116484150057,-0.007754941860691922,-0.007785167790615942,0.02900881989104033
2025-11-18,222.5500030517578,230.1999969482422,222.4199981689453,228.1000061035156,60608400,236.36050033569336,228.32559997558593,235.29081657218308,40.48666359423455,2.4100494601810283,4.5741952007098075,258.69975224924536,214.02124842214138,7.0524650887280655,-0.04431653833391602,-0.045328527802621185,0.030449639836112284
2025-11-19,222.69000244140625,223.7400054931641,218.5200042724609,223.7400054931641,58335600,236.59750061035157,228.17279998779296,234.0907390359186,40.62633292294457,1.1319229256804135,3.8857407457039286,258.2401592981389,214.95484192256424,6.921574812440574,0.0006290693674619874,0.0006288715862684946,0.03012286138569446
2025-11-20,217.13999938964844,227.41000366210932,216.7400054931641,227.0500030517578,50309000,236.40000076293944,227.9166000366211,232.47638287913097,36.92654224783843,-0.32509295505917635,3.043574005551308,258.6681615158125,214.13184001006636,7.189319337905192,-0.02492255148822009,-0.025238376767976148,0.030516825221393762
2025-11-21,220.69000244140625,222.2100067138672,215.17999267578125,216.3500061035156,68490500,236.2240005493164,227.76740020751953,231.3538704564905,40.64970967069614,-1.179733724101709,2.198912459620705,258.92617439862534,213.52182670000744,7.177940387918102,0.016348913427910006,0.01621670892983362,0.030577124532985302
2025-11-24,226.27999877929688,227.3300018310547,222.2700042724609,222.5599975585937,54318400,236.1895004272461,227.66440032958985,230.87064458247207,46.05008755856393,-1.3899541774617035,1.4811391322042233,258.949844668408,213.42915618608419,7.1395160308988395,0.02532963104830621,0.025014152157624068,0.030996748817468302
2025-11-25,229.6699981689453,230.5200042724609,223.8000030517578,226.3800048828125,39379300,236.21050033569335,227.5768002319336,230.75629730499332,49.07626462213262,-1.2683895764759825,0.9312333904681822,258.94595622940307,213.47504444198364,7.10955068731343,0.0149814363087164,0.01487032297548011,0.03109797726800482
2025-11-26,229.16000366210932,231.75,228.7700042724609,230.7400054931641,38497900,236.15350036621095,227.52760040283204,230.6042693390044,48.63429060540914,-1.1993753958902857,0.5051116331964887,258.9535675535878,213.3534331788341,6.814582475900977,-0.0022205534501761326,-0.0022230225348221382,0.03108864543160058
2025-11-28,233.22000122070312,233.2899932861328,230.22000122070312,231.2400054931641,20292300,236.6715003967285,227.56740051269531,230.85338666107094,52.31594782210693,-0.8077619118867005,0.24253692417985082,258.69756277560066,214.64543801785635,6.622825843624014,0.017716868099636462,0.017561753805358658,0.030339107218555983
2025-12-01,233.8800048828125,235.8000030517578,232.25,233.22000122070312,42904000,236.15450057983398,227.6154006958008,231.14163601552252,52.90687347126011,-0.43908710195054823,0.10621211895377103,257.9315707495842,214.37743041008378,6.403338501347856,0.0028299616613276513,0.002825964858582112,0.021001587743827613
2025-12-02,234.4199981689453,238.97000122070312,233.5500030517578,235.009994506836,45785400,235.17550048828124,227.75120056152343,231.45386098251518,53.415533383442096,-0.10215908727258238,0.06453787770850036,255.3575804175855,214.993420558977,6.333099906176246,0.0023088475921804186,0.0023061862991379644,0.018586232371446874
2025-12-03,232.3800048828125,233.3800048828125,230.6100006103516,233.3500061035156,35495100,234.32850036621093,227.98460052490233,231.5420651634959,51.16707110095774,0.00024555196904429977,0.05167941256060915,253.4595290331524,215.19747169926947,6.152878309920352,-0.008702300580441968,-0.008740386717129234,0.018309688081017718
2025-12-04,229.1100006103516,233.5,226.8000030517578,232.7700042724609,45683200,233.2740005493164,228.16260040283203,231.31043996795833,47.700908341823165,-0.18038073306038882,0.005267383436409555,251.067652383319,215.48034871531382,6.191958212657625,-0.014071797072686798,-0.014171743534491094,0.018384411707603715
2025-12-05,229.52999877929688,231.2400054931641,228.5500030517578,230.32000732421875,33117400,232.5985008239746,228.39020050048828,231.14087414046676,48.18640459635768,-0.28633730491333154,-0.05305355423353866,249.87615787282314,215.32084377512606,5.941818514711101,0.0018331725713691682,0.00183149436118387,0.017498106810653467
2025-12-08,226.88999938964844,230.8300018310547,226.2700042724609,229.58999633789065,35019200,231.72250061035157,228.53240051269532,230.73602892610313,45.33742276688256,-0.5766868517796127,-0.15778021374275347,248.277349007925,215.16765221277814,5.843117017845578,-0.011501761877265149,-0.011568418747626617,0.017487545237392058
2025-12-09,227.9199981689453,228.57000732421875,225.1100006103516,226.83999633789065,25841700,230.6985008239746,228.6474005126953,230.46783552065952,46.66242315351363,-0.7154316157704557,-0.2693104941482939,245.4339258846308,215.9630757633184,5.672894853275691,0.004539639393836836,0.004529366309921425,0.0169730179330751
2025-12-10,231.77999877929688,232.4199981689453,228.4600067138672,228.8099975585937,38790700,229.83250045776367,228.89160034179687,230.59280345005354,51.41534198695291,-0.5080614349857342,-0.317060682315782,241.9421566641132,217.72284425141413,5.589116649470284,0.016935769749744978,0.016793958483706913,0.017561640422489703
2025-12-11,230.27999877929688,232.1100006103516,228.69000244140625,230.7100067138672,28249600,229.1365005493164,229.08460021972655,230.5630125290291,49.56689335822385,-0.45946016588106886,-0.3455405790288394,239.30808694547483,218.96491415315796,5.434179615147074,-0.006471654188885845,-0.006492686132941979,0.01716344297094963
2025-12-12,226.19000244140625,230.0800018310547,225.1199951171875,229.8699951171875,35639100,228.56700057983397,229.1602001953125,230.14653537782692,44.833883993775146,-0.7424137493387093,-0.42491521309081337,238.03492941324797,219.09907174641998,5.414595618501524,-0.017760970816273702,-0.017920589673159203,0.016583800624338008
2025-12-15,222.5399932861328,227.92999267578125,221.5,227.92999267578125,47286100,227.95950012207032,229.22080017089843,229.42210279766556,41.065314446500544,-1.2468092957807642,-0.5892940296288036,237.3367162438284,218.58228400031226,5.487123979735791,-0.01613691637948922,-0.016268534273204432,0.016731030623116587
2025-12-16,222.5599975585937,223.66000366210932,221.1300048828125,223.0399932861328,39298900,227.44400024414062,229.25400024414063,228.768568965373,41.09453841726545,-1.6261865563492108,-0.7966725349728851,236.81830315501134,218.06969733326991,5.275900751133007,8.989068511011666e-05,8.988664518458119e-05,0.01669376721004589
2025-12-17,221.2700042724609,225.19000244140625,220.9900054931641,224.66000366210932,44034400,227.38000030517577,229.2438003540039,228.0544199470004,39.726501104529405,-2.007792859604592,-1.0388965998992266,236.90337022573763,217.8566303846139,5.199050479497947,-0.005796159688549407,-0.005813022613826343,0.013483623915587951
2025-12-18,226.759994506836,229.22999572753903,224.41000366210932,225.7100067138672,50272400,227.58349990844727,229.27460021972655,227.93114133365142,47.70534460621092,-1.8459433877935396,-1.2003059574780892,236.86825040241848,218.29874941447605,5.396260549182245,0.0248112718776603,0.024508470639878557,0.01460009346778822
2025-12-19,227.3500061035156,229.1300048828125,225.5800018310547,226.759994506836,85544400,228.09400024414063,229.2668002319336,227.87579512125754,48.4944611314029,-1.6510354020207672,-1.2904518463866248,236.05400731816303,220.13399317011823,5.264385013651929,0.0026019210221044364,0.002598541885829773,0.013263349047630848
2025-12-22,228.42999267578125,229.47999572753903,226.7100067138672,228.6100006103516,32261300,228.4809997558594,229.50800018310548,227.928575840736,49.98228050911725,-1.3933617219095424,-1.3110338214912085,235.67970655781005,221.28229295390872,5.086213870796209,0.00475032567966549,0.004739078487121393,0.012868258182721613
2025-12-23,232.13999938964844,232.4499969482422,228.72999572753903,229.0599975585937,29230200,228.77399978637695,229.74940002441406,228.32966379777528,54.811382253806656,-0.8796469159080971,-1.2247564403745863,236.06692499874313,221.48107457401076,5.01005604234369,0.016241329216049705,0.016110849706755952,0.012133226331436056
2025-12-24,232.3800048828125,232.9499969482422,231.3300018310547,232.1300048828125,11420500,228.9095001220703,230.06920013427734,228.71541056777883,55.11330184776277,-0.4479936021684239,-1.069403872733354,236.36291603157554,221.4560842125651,4.767908833403962,0.001033882544133169,0.0010333484556670999,0.011701586410719752
2025-12-26,232.5200042724609,232.9900054931641,231.17999267578125,232.0399932861328,15994700,229.0775001525879,230.4082000732422,229.07775282536758,55.30090951008282,-0.09353030132157869,-0.8742291584509989,236.69557801503677,221.45942229013903,4.5566305465453105,0.000602458846315157,0.000602277440840304,0.011682128487255751
2025-12-29,232.07000732421875,232.6000061035156,230.7700042724609,231.94000244140625,19797900,229.02000045776367,230.7602001953125,229.36272944430578,54.512240002773964,0.14935179095016338,-0.6695129685707665,236.52871820937074,221.5112827061566,4.361871352581694,-0.0019353042317806768,-0.0019371793526923157,0.010989646097458127
2025-12-30,232.52999877929688,232.7700042724609,230.1999969482422,231.2100067138672,21910500,228.9525001525879,231.15000030517578,229.66437414287637,55.215339745094695,0.37463648882231837,-0.46068307709214956,236.3079543295669,221.5970459756089,4.233881064841482,0.001982123671998126,0.0019801618568183687,0.010979014079767785
2025-12-31,230.82000732421875,232.9900054931641,230.1199951171875,232.91000366210932,24383700,228.77250061035156,231.43680053710938,229.77443444586135,51.99771420917688,0.4104626575327188,-0.2864539301671759,235.75045994702444,221.79454127367867,4.136461729922561,-0.0073538531116630335,-0.007381025988312501,0.011073502577497604
2026-01-02,226.5,235.4600067138672,224.6999969482422,231.33999633789065,51456200,228.47850036621094,231.52620056152344,229.46258354625553,44.881933787627354,0.08923798712561393,-0.21131554670861794,235.31781365920207,221.6391870732198,4.609572303901307,-0.018715913643268745,-0.01889327280046985,0.011664250560434629
2026-01-05,233.0599975585937,234.0,227.17999267578125,228.83999633789065,49733300,228.67600021362304,231.82840057373048,229.80519440457346,54.96120110678218,0.3598539282372144,-0.09708165171945146,235.7990926848652,221.55290774238088,4.8160314250512135,0.02896246162734517,0.02855097574658733,0.013054383602888358
2026-01-06,240.92999267578125,243.17999267578125,232.07000732421875,232.1000061035156,53764700,229.24599990844726,232.22520050048828,230.86469900183133,63.56851007534395,1.1955799435477275,0.16145066733398433,238.15246111860034,220.33953869829418,5.265599562659162,0.033768107781812606,0.03321048379902506,0.014980862417819677
2026-01-07,241.5599975585937,245.2899932861328,239.5200042724609,239.6100006103516,42236500,229.97949981689453,232.57220031738282,231.88329886438012,64.15900315026195,1.8869829952712394,0.5065571329214353,240.2940392036942,219.66496043009485,5.301627380588643,0.0026148877348792787,0.002611474864167473,0.01461287384828845
2026-01-08,246.2899932861328,246.41000366210932,241.8800048828125,243.0599975585937,39509800,230.89799957275392,232.9586001586914,233.25536499978514,68.31176851974182,2.7844980596985067,0.9621453182768497,243.36288166566686,218.43311747984097,5.269368717940571,0.0195810389772495,0.01939179681615786,0.015063495562266487
2026-01-09,247.3800048828125,247.8600006103516,242.2400054931641,244.57000732421875,34560000,231.6779998779297,233.32120025634765,234.6005687981687,69.19749257205001,3.5428996984043124,1.4782961943023423,246.0695042806674,217.286495475192,5.2944134607439235,0.004425724253495522,0.004415959535942419,0.014754208656018336
2026-01-12,246.47000122070312,248.94000244140625,245.9600067138672,246.72999572753903,35867800,232.4875,233.64460021972656,235.73099093364817,67.50116999655349,4.0241212064140655,1.987461196724687,248.23119767602458,216.74380232397544,5.129097908372147,-0.003678565947722645,-0.0036853485099490966,0.01466917690540006
2026-01-13,242.6000061035156,247.66000366210932,240.25,246.52999877929688,38371800,233.30800018310546,234.03940032958985,236.38518285458792,60.68766649672806,4.046570114094322,2.399282980198614,249.36078795192583,217.2552124142851,5.292019747924803,-0.01570168822988771,-0.015826265506308508,0.014518511089711696
2026-01-14,236.6499938964844,241.27999877929688,236.22000122070312,241.1499938964844,41410600,234.01350021362305,233.88800018310548,236.41040295381615,51.99740275270584,3.5433986820681582,2.6281061205725234,249.33488604741606,218.69211437983003,5.369732971845351,-0.02452601837319146,-0.024831791107773286,0.015223056698302699
2026-01-15,238.17999267578125,240.6499938964844,236.6300048828125,239.3099975585937,43003600,234.79449996948242,233.5716000366211,236.578935308289,53.828309419299316,3.2308466230506383,2.7486542210681466,249.2700106225488,220.31898931641604,5.273322689118676,0.006465239039753046,0.006444429028140061,0.015221519974332387
2026-01-16,239.1199951171875,239.57000732421875,236.41000366210932,239.08999633789065,45888300,235.68699951171874,233.36759979248046,236.82094100437456,54.96482630502367,3.024136838541665,2.8037507445628504,248.8594621447379,222.51453687869957,5.122371330046588,0.0039466053837939885,0.003938837966679267,0.015063206643308107
2026-01-20,231.0,235.08999633789065,229.33999633789065,233.759994506836,47737900,235.89899978637695,232.9835998535156,236.2665656706246,44.72366950776916,2.179972732059099,2.6789951420621003,248.61864225641503,223.17935731633887,5.455059004993035,-0.033957825706746436,-0.03454778703396358,0.016456277494553664
2026-01-21,231.3099975585937,232.3000030517578,226.8800048828125,231.08999633789065,47276100,236.09699935913085,232.74899993896486,235.79451156471688,45.1438891593807,1.5184767532263095,2.4468914642949424,248.3944470184524,223.79955169980929,5.452554659561054,0.001341980773132967,0.0013410811217218887,0.01645245655211142
2026-01-22,234.33999633789065,235.72000122070312,230.8999938964844,234.0500030517578,31913300,236.39249954223632,232.54759979248047,235.65598630501913,49.20831009369384,1.2246153988911885,2.2024362512141917,248.21361417359478,224.57138491087787,5.407372707036601,0.013099298825289374,0.013014244969160559,0.01665746832584555
2026-01-23,239.16000366210932,240.4499969482422,234.57000732421875,234.9600067138672,33778500,236.74349975585938,232.36279998779298,235.98970224378962,54.92914471297746,1.3649284217983393,2.034934685331021,248.45507568862843,225.03192382309032,5.45756041441624,0.020568436457892414,0.02035976271240979,0.016886769473726707
2026-01-26,238.4199981689453,240.9499969482422,237.5399932861328,239.97999572753903,32825500,237.045499420166,232.14919982910158,236.22115899856635,53.924926210680425,1.4002737602703519,1.9080025003188874,248.60189624289782,225.4891025974342,5.311306360680035,-0.003094185824689566,-0.00309898271518443,0.016919586058927665
2026-01-27,244.67999267578125,244.8800048828125,238.0800018310547,239.69000244140625,38029200,237.65349884033202,232.15879974365234,237.02676220592016,60.50318753254799,1.9113812224644562,1.9086782447480013,249.47012824690924,225.8368694337548,5.417641838614162,0.026256163723313408,0.02591738783059459,0.017803679819973894
2026-01-28,243.009994506836,247.77999877929688,241.52999877929688,246.3699951171875,40882700,238.20049819946288,232.26739959716798,237.59659385362642,58.119266141492005,2.156820192501641,1.9583066342987294,249.94525153871115,226.45574486021462,5.477095992998864,-0.006825233852111978,-0.006848632287987386,0.01790401538606575
2026-01-29,241.72999572753903,243.0,236.7400054931641,242.82000732421875,47229600,238.660498046875,232.40819946289062,237.99025117495142,56.28858686732676,2.222428369623856,2.011130981363755,250.1997089985227,227.1212870952273,5.533731208761224,-0.005267268047532747,-0.0052811890090161805,0.01798734396327786
2026-01-30,239.3000030517578,243.32000732421875,237.63999938964844,239.88999938964844,46585000,239.08449783325196,232.53679962158202,238.114989448933,52.88302683755189,2.054658398992075,2.0198364648894187,250.0490507419245,228.1199449245794,5.5441795463190156,-0.010052507834071744,-0.010103375476311452,0.018071882541575112
2026-02-02,242.9600067138672,245.6300048828125,238.1699981689453,238.3099975585937,37546100,239.90749816894532,232.94499969482422,238.576419664641,57.09369086799432,2.191765883377684,2.054222348587072,249.3331068469352,230.48188949095544,5.681024344001028,0.015294624385431943,0.015178840703943746,0.017618340150448667
2026-02-03,238.6199951171875,246.3500061035156,235.4499969482422,244.97999572753903,53831300,240.185498046875,233.26359954833984,238.58056970774066,51.24548238782878,1.9279971368406734,2.0289773062377923,249.10103746532792,231.2699586284221,6.0538089733776275,-0.017863069956986388,-0.01802454038618342,0.017185073635130714
2026-02-04,232.9900054931641,238.8600006103516,231.82000732421875,238.8600006103516,51299900,239.78849868774415,233.58059967041015,238.0481350206381,44.83031612974368,1.2502532527446704,1.8732324955391682,249.22780890221387,230.34918847327444,6.1242507100029995,-0.023593955826118007,-0.023876750218376545,0.01624562957337279
2026-02-05,222.69000244140625,226.3099975585937,220.3800048828125,224.91000366210932,103509200,238.84499893188476,233.62059967041014,236.58545572737793,35.960862420734,-0.11664323325703663,1.4752573497799273,250.81929988413597,226.87069797963355,6.587518560027898,-0.04420791797466195,-0.04521487700574913,0.01878882610662175
2026-02-06,210.32000732421875,211.44000244140625,200.3099975585937,202.6999969482422,179210900,237.04649963378907,233.30139984130858,234.0839844508866,28.63392057967104,-2.1730244982105944,0.745600980181823,253.84218138388783,220.2508178836903,7.7155532973696594,-0.05554804877440456,-0.057150465515023806,0.02120440220087799
2026-02-09,208.72000122070312,212.8099975585937,203.3500061035156,208.97000122070312,91178400,235.1134994506836,232.88239990234376,231.66836700039292,27.84368575619355,-3.8870214234750335,-0.18092350054954842,255.2696598723027,214.9573390290645,7.8401560229202625,-0.00760748406141476,-0.007636568568798812,0.021013709789048117
2026-02-10,206.9600067138672,212.6499938964844,206.41000366210932,208.8000030517578,67175000,233.13799972534179,232.4383999633789,229.31518983024762,26.96222018263218,-5.325998389130916,-1.209938478265822,256.0157227424744,210.26027670820918,7.725858466595606,-0.008432323191560842,-0.008468076358810299,0.020986176399829748
2026-02-11,204.0800018310547,208.57000732421875,202.4900054931641,208.0599975585937,65545500,231.21199951171874,231.85559997558593,226.91183859222923,25.537518550717053,-6.622450835619787,-2.292440949736615,256.8931178390402,205.5308811843973,7.608297278342682,-0.013915755650289796,-0.01401348751238724,0.02095763441216277
2026-02-12,199.6000061035156,203.9600067138672,197.5599975585937,203.9600067138672,83975400,229.3595001220703,231.17,224.31071168854223,23.4607889964921,-7.920098983235363,-3.4179725564363648,258.33780392766937,200.38119631647126,7.5305620636368475,-0.021952154485219033,-0.0221966883496971,0.0208610525569856
2026-02-13,198.7899932861328,201.16000366210932,197.27999877929688,198.8800048828125,66321600,227.3900001525879,230.45739990234375,221.88016707878896,23.095093221732697,-8.91113375117854,-4.5166047953848,258.94257695371294,195.83742335146283,7.269807979292247,-0.004058180323715521,-0.004066437083335827,0.020600995473873174
2026-02-17,201.1499938964844,201.7400054931641,196.0,198.1300048828125,69879200,225.49150009155272,229.83279968261718,219.9058648709504,26.68099822424591,-9.39777195371363,-5.492838227050566,258.52688902757177,192.45611115553365,7.1605363731402365,0.011871828009746288,0.011801910679928855,0.02093250225842471
2026-02-18,204.7899932861328,206.8600006103516,201.509994506836,202.07000732421875,51003300,224.18099975585938,229.34639953613282,218.46625805334875,31.951333319745245,-9.38157376275106,-6.270585334190665,258.3000419491762,190.06195756254255,7.05692711176359,0.018095945812067082,0.01793416301137342,0.020822915776780665
2026-02-19,204.8600006103516,205.63999938964844,202.8099975585937,203.8000030517578,35669600,222.85849990844727,228.8529995727539,217.17042401115853,32.05249639946342,-9.25638572103071,-6.8677454115586745,257.8100191381685,187.90698067872603,6.755003877427244,0.00034184934085601526,0.0003417909236829623,0.020806069507889803
2026-02-20,210.1100006103516,211.1699981689453,203.75,204.759994506836,65881600,221.64700012207032,228.51739959716798,216.4980027348912,39.33590467873697,-8.634014625995945,-7.220999254446129,256.6023668681774,186.69163337596325,6.802503469678535,0.025627257563010764,0.025304384018124338,0.021580588848035653
2026-02-23,205.2700042724609,208.42999267578125,203.1100006103516,208.1000061035156,53581500,219.9525001525879,228.06439971923828,215.42866954799308,35.552351092312264,-8.434105189592458,-7.4636204414753955,254.63235718489818,185.27264312027762,6.816610364701496,-0.023035535309270938,-0.023304999462925746,0.021034013546141046
2026-02-24,208.5599975585937,210.3600006103516,203.25,205.47000122070312,41137200,218.45950012207032,227.59999969482422,214.77451031090743,39.79172381904881,-7.918916221555293,-7.554679597491376,252.39361885073296,184.52538139340768,6.83756681081936,0.016027637831418806,0.015900551376285547,0.021665072129949517
2026-02-25,210.63999938964844,211.58999633789065,208.92999267578125,210.4600067138672,41346400,216.75750045776368,227.20719970703124,214.38074736602562,42.37265556114177,-7.259108009686429,-7.4955652799303865,248.6112800584766,184.90372085705076,6.565597665710618,0.009973158109912061,0.009923754371216576,0.02065398601288962
2026-02-26,207.9199981689453,211.0500030517578,205.3500061035156,210.72999572753903,47756800,215.00300064086915,226.84179962158203,213.76543791868465,39.960311465593655,-6.876419530703544,-7.371736130085019,244.6700159441064,185.33598533763188,6.503769043034303,-0.012913032798065993,-0.012997130763748655,0.02069212242531123
2026-02-27,210.0,210.3300018310547,205.1999969482422,206.8300018310547,57422800,213.4165008544922,226.59099975585937,213.40682478357184,42.64919737081502,-6.332302547476644,-7.163849413563344,240.47575842974257,186.35724327924183,6.405643031589889,0.01000385652833935,0.009954149190768667,0.021059701549236618
2026-03-02,208.38999938964844,209.72999572753903,203.4600067138672,204.5500030517578,46001000,211.87100067138672,226.30759979248046,212.92903188891245,41.11431870755625,-5.9622701728685,-6.923533565424376,236.2371892009017,187.50481214187175,6.415239478342955,-0.007666669573102691,-0.007696209563361218,0.02104704485930872
2026-03-03,208.72999572753903,209.17999267578125,202.47999572753903,203.1000061035156,43184900,210.1595001220703,226.05679962158203,212.52912368306738,41.59236034407882,-5.577290454436451,-6.6542849432267905,229.92467479886477,190.39432544527585,6.435579297621474,0.001631538648142472,0.0016302091348673652,0.020511235478955562
2026-03-04,216.82000732421875,217.5399932861328,210.1499938964844,210.47000122070312,54731100,209.0695007324219,225.8579998779297,212.93777926793896,51.65030702981623,-4.566752251890591,-6.236778404959551,224.32670399812605,193.81229746671772,6.605180601976639,0.038758260730479055,0.03802601972435095,0.02276875143788845
2026-03-05,218.94000244140625,220.47000122070312,215.58999633789065,215.97999572753903,60943400,208.36700057983398,225.6897998046875,213.50941957017395,53.89106605494256,-3.5538608616087686,-5.700194896289395,220.02270634264136,196.7112948170266,6.481953764893484,0.009777672934109694,0.009730180814114253,0.022519577091365255
2026-03-06,213.2100067138672,217.32000732421875,212.52999877929688,214.9900054931641,51152700,207.89300079345702,225.38540008544922,213.4809040600495,47.48538230737471,-3.176878823424005,-5.195531681716318,217.8236623452739,197.96233924164014,6.476814471837477,-0.026171534044230005,-0.026520103831069775,0.021092600489350535
2026-03-09,213.4900054931641,213.82000732421875,207.1100006103516,210.4499969482422,54642900,208.0515007019043,225.01240020751953,213.48177086320328,47.81182529917594,-2.822982693467253,-4.721021884066505,218.230143546334,197.8728578574746,6.493471060553882,0.0013132534612818603,0.0013123918981730745,0.01690590962105721
2026-03-10,214.3300018310547,215.6499938964844,212.42999267578125,214.19000244140625,35678800,208.33200073242188,224.65140014648438,213.5625547649034,48.83929633606447,-2.446534647960391,-4.266124436845282,218.87166798442757,197.79233348041618,6.25965178627883,0.003934593265620068,0.003926872997654063,0.01679745857702361
2026-03-11,212.6499938964844,217.0,211.3500061035156,215.7100067138672,34199300,208.61650009155272,224.25399993896485,213.47564420600636,46.85251964593348,-2.2577337108143922,-3.864446291639104,219.29888586052806,197.9341143225774,6.216104794150657,-0.007838417021498234,-0.007869298894721224,0.01677956440395049
2026-03-12,209.52999877929688,211.7100067138672,208.1499938964844,210.38999938964844,44349500,208.88899993896484,223.8031997680664,213.09986845108165,43.32743235641874,-2.332972088942114,-3.558151451099706,219.3707590340238,198.4072408439059,6.093525880282753,-0.014671973697334306,-0.014780671622370446,0.016816917805298013
2026-03-13,207.6699981689453,210.5599975585937,206.22000122070312,209.6100006103516,35662100,209.29249954223633,223.30599975585938,212.58273794802105,41.330990821245855,-2.513709076746096,-3.3492629762289843,218.89750541290348,199.68749367156917,5.968273770111883,-0.008877013416636048,-0.008916648837354262,0.01609795612795885
2026-03-16,211.7400054931641,212.72000122070312,207.4499969482422,208.3500061035156,42209300,209.94000015258788,222.9243997192383,212.50247771422514,47.07746034909919,-2.301992923643496,-3.139808965711887,218.2896491965895,201.59035110858628,5.918397377422529,0.0195984367511175,0.019408860320450153,0.01648561645827464
2026-03-17,215.1999969482422,215.6999969482422,212.42999267578125,212.82000732421875,44969900,210.6425003051758,222.69839965820313,212.75938430794105,51.43259670768642,-1.8338741927603905,-2.878622011121588,218.24666262340952,203.03833798694205,5.778511240112214,0.016340754535353108,0.016208681248397017,0.016637655052575334
2026-03-18,209.8699951171875,215.13999938964844,208.8300018310547,213.92999267578125,37846600,210.89650039672853,222.234599609375,212.48420438501213,45.25443535845035,-1.8714009833747411,-2.677177805572219,218.02631144243765,203.7666893510194,5.820760088474734,-0.024767666852414494,-0.02507954596315967,0.01740333664045119
2026-03-19,208.759994506836,209.1199951171875,206.0500030517578,207.0599975585937,36440600,211.09150009155275,221.59119964599608,212.12951772994774,44.06725331373418,-1.968022865355607,-2.5353468175288967,217.74786333080837,204.43513685229712,5.67784808682866,-0.005288991452692904,-0.0053030276815242685,0.017466265998137352
2026-03-20,205.3699951171875,207.5399932861328,204.32000732421875,207.3999938964844,63694600,210.85449981689453,220.86739959716797,211.48575367158963,40.56706921206604,-2.29172346077857,-2.4866221461788314,217.95639749569688,203.7526021380922,5.589429450813559,-0.016238740557820264,-0.01637203388559838,0.016869035348634858
2026-03-23,210.13999938964844,212.8000030517578,209.509994506836,209.7899932861328,44277400,211.0979995727539,220.1443997192383,211.35758659711905,46.95188922407775,-2.1387053703777212,-2.4170387910186095,217.7361142290936,204.4598849164142,5.72089934251047,0.02322639327005427,0.022960765779813284,0.016861008457480106
2026-03-24,207.2400054931641,209.3500061035156,206.63999938964844,207.9499969482422,35351400,211.03199996948243,219.3415997314453,210.96543601579,43.866449970165746,-2.225785235790312,-2.37878807997295,217.7948155975354,204.26918434142945,5.5622636751882935,-0.013800294588880657,-0.013896403903249682,0.0168095536176383
2026-03-25,211.7100067138672,213.07000732421875,209.8999938964844,211.5599975585937,36388800,211.08550033569335,218.6463998413086,211.03634751084496,49.387445864115364,-1.9120638336980562,-2.2854432307179713,217.8519936520624,204.31900701932432,5.581387829178747,0.021569200454641724,0.02133987694053351,0.017369009102145148
2026-03-26,207.5399932861328,212.88999938964844,207.1199951171875,210.6100006103516,46746000,211.06650009155274,217.94519958496093,210.7033613942057,44.94622257676639,-1.9771314549698502,-2.2237808755683472,217.8704718006001,204.2625283825054,5.594860432270332,-0.019696817795534227,-0.019893385566031804,0.017705569744091782
2026-03-27,199.33999633789065,206.6000061035156,199.13999938964844,206.4600067138672,56009800,210.53349990844725,217.19899963378907,209.62113615074713,37.75613065443712,-2.6597097586183907,-2.3109666521783563,219.0442206655058,202.0227791513887,5.795227108285621,-0.039510442389467215,-0.0403121686592431,0.019601685563595567
2026-03-30,200.9499969482422,203.8000030517578,199.97999572753903,201.47999572753903,46373800,210.16149978637696,216.45439971923827,208.7953133695562,39.79264659933907,-3.0357501500116655,-2.4559233517450183,219.61288160832123,200.7101179644327,5.699854222970017,0.008076656164990093,0.008044214540419104,0.019695739828177683
2026-03-31,208.2700042724609,210.27999877929688,204.13999938964844,204.8500061035156,58470100,210.13850021362305,215.83739990234375,208.7452839317376,48.10603787134332,-2.7118410387722918,-2.507106889150473,219.6059292576946,200.67107116955148,5.95915048069035,0.03642700888472317,0.03577922965641569,0.021457185614874145
2026-04-01,210.57000732421875,213.5800018310547,208.19000244140625,210.44000244140625,45955400,209.82600021362305,215.42880004882812,208.9190671119739,50.42244742825469,-2.243685895766191,-2.454422690473617,218.78983421074946,200.86216621649663,5.918496831330214,0.011043371606930696,0.0109828388282875,0.01964841008423722
2026-04-02,209.7700042724609,212.2100067138672,204.8999938964844,206.5399932861328,31453000,209.36750030517578,214.99800018310546,209.00010874630598,49.593229238197424,-1.915146515536776,-2.346567455486249,217.29826641264177,201.4367341977098,6.017890830333969,-0.0037992260242745157,-0.003806461415203767,0.01948016511338448
2026-04-06,212.7899932861328,212.9499969482422,209.58999633789065,209.8000030517578,25385500,209.34649963378905,214.5670001220703,209.3610501310514,52.75205877768437,-1.3950080311833801,-2.1562555706256754,217.23858474986005,201.45441451771805,5.8280415289066525,0.014396667550949704,0.01429401955243711,0.01893039184172624
2026-04-07,213.7700042724609,213.97000122070312,209.0800018310547,211.2400054931641,28154600,209.3604995727539,214.05920013427735,209.78095052547135,53.76462164139546,-0.893417082638905,-1.9036878730283215,217.28287131248442,201.43812783302337,5.761038518959637,0.004605531356027148,0.00459495834694615,0.018956052055855138
2026-04-08,221.25,226.1000061035156,219.6199951171875,223.7899932861328,51092700,209.70649948120118,213.71580017089843,210.87324095161694,60.6893727493067,0.10644348588354546,-1.5016616012459483,218.95949703760124,200.45350192480112,6.230250184109283,0.034990857360911454,0.03439259321059869,0.02048526322487232
2026-04-09,233.6499938964844,233.8000030517578,223.2700042724609,225.22999572753903,65964200,210.75649948120116,213.4952001953125,213.0424555177948,68.98284683664488,1.8777702992787226,-0.8257752211410141,224.6896727330892,196.82332622931312,6.681661103227035,0.056045170153601775,0.05453095913592383,0.02364232329320347
2026-04-10,238.3800048828125,240.42999267578125,235.2100067138672,235.3000030517578,56912800,212.19899978637696,213.40260040283204,215.4555554573203,71.45660640011558,3.6214856841897074,0.06367695992513023,230.58706215536023,193.8109374173937,6.688685222946307,0.02024400218227118,0.020041816513913967,0.023402454303717804
2026-04-13,239.88999938964844,240.0,235.75,237.4499969482422,42166200,213.80999984741212,213.3658004760742,217.78264535563727,72.2183545659035,5.066829371668774,1.064307442273859,235.6502258896155,191.96977380520872,6.514493421307285,0.006334400855383171,0.006314422859656274,0.02311396683068779
2026-04-14,249.0200042724609,252.17999267578125,241.77999877929688,241.77999877929688,72685000,215.67399978637695,213.5602005004883,220.75763191914427,76.33136127041774,6.869798982178196,2.2254057502547266,242.32337871876052,189.02462085399338,6.92702912593768,0.03805913087682655,0.03735274928383268,0.023975511996194836
2026-04-15,248.5,250.44000244140625,247.1999969482422,249.25,43045200,217.33899993896483,213.67100036621093,223.3997622125591,75.64445240430518,8.162611880561371,3.4128469763160556,247.58077266670267,187.097227211227,6.663670295025279,-0.002088202809168549,-0.002090386144682408,0.024008898993850943
2026-04-16,249.6999969482422,250.0,244.1999969482422,248.509994506836,41895700,219.33050003051758,213.89260040283204,225.90454647310034,76.17723039796078,9.178204513279042,4.5659184837086535,252.4513415980092,186.20965846302596,6.6019797776490305,0.004828961562342915,0.0048173395273468644,0.022797461223153997
2026-04-17,250.5599975585937,256.17999267578125,250.1100006103516,254.9900054931641,52029300,221.42050018310547,214.24400024414064,228.25268467171875,76.57275446085146,9.937905860954487,5.640315959157821,256.80731876508037,186.03368160113058,6.593266631212605,0.0034441354459837648,0.003438217994608835,0.022592665294694225
2026-04-20,248.27999877929688,250.17999267578125,245.3699951171875,249.19000244140625,39463100,223.56600036621094,214.75580017089842,230.16004792005953,73.10728669297539,10.237980736585882,6.559848914643434,259.98820562075775,187.14379511166413,6.493033474797861,-0.00909961207500265,-0.009141266429826113,0.022219445750312317
2026-04-21,249.91000366210932,255.08999633789065,249.1000061035156,255.08999633789065,42922400,225.55450057983398,215.54760009765624,232.04099608596903,74.01278231066979,10.486438869266891,7.345166905568125,263.1511800168848,187.9578211427832,6.51567376649757,0.00656518805713957,0.006543731071589846,0.02199942145301627
2026-04-22,255.3600006103516,255.94000244140625,250.3300018310547,252.44000244140625,36065100,227.96050033569335,216.48040008544922,234.26185365971975,76.82277508472058,10.996353813885094,8.07540428723152,266.7025238469852,189.2184768244015,6.480982695983238,0.021807838295304638,0.0215734489512025,0.02149805956681617
2026-04-23,255.0800018310547,258.7900085449219,253.07000732421875,255.38999938964844,39091400,230.12900009155274,217.44279998779297,236.24453443794212,76.3659083861831,11.24820916629011,8.709965263043237,269.8330626628518,190.42493752025374,6.426626876320372,-0.001096486445127165,-0.0010970880261798573,0.021493020014530524
2026-04-24,263.989990234375,264.5,257.69000244140625,259.9800109863281,53777400,232.95149993896484,218.64099975585938,238.88695879950717,80.36710230104401,12.028115321672402,9.373595274769071,273.8392395207817,192.06376035714803,6.640439111507868,0.03493017225717909,0.034333958023186784,0.021043140528236078
2026-04-27,261.1199951171875,264.1499938964844,260.3399963378906,263.4599914550781,44906800,236.04049987792968,219.8713995361328,241.00439082976243,75.9091684359544,12.273134889086094,9.953503197632477,275.6180914528965,196.46290830296283,6.438264714871145,-0.010871605831113018,-0.01093113357236666,0.018099820125207357
2026-04-28,259.70001220703125,261.0299987792969,256.6300048828125,258.3900146484375,42204400,238.97800064086914,221.08959991455077,242.78492619902613,73.73002247367675,12.211962011587588,10.4051949604235,276.3619000830664,201.5941011986719,6.299102251978563,-0.005438047398549362,-0.005452887403187945,0.018568673918301883
2026-04-29,263.0400085449219,265.9100036621094,257.70001220703125,257.989990234375,72367900,241.71650085449218,222.32740020751953,244.71398166054001,75.51081748898223,12.291305339514963,10.782417036241792,277.69925006167165,205.73375164731272,6.435594337914246,0.012860978748156615,0.01277897868001351,0.01773737741217245
2026-04-30,265.0599975585937,273.8800048828125,256.1600036621094,273.1700134277344,100974900,244.44100036621094,223.53280029296874,246.65169746035465,76.54632404012108,12.374535784542815,11.100840785901998,278.7925593698132,210.0894413626087,7.241623400970594,0.0076793983730685245,0.007650061888692953,0.0177617430267778
2026-05-01,268.260009765625,273.32000732421875,262.739990234375,265.5799865722656,50825200,247.36550064086913,224.80080047607422,248.7096319656185,78.12439303042866,12.553996100900008,11.391471848901599,279.2852789339491,215.44572234778914,7.480080093032962,0.012072784412985316,0.012000489635761885,0.01738237768056401
2026-05-04,272.04998779296875,276.1000061035156,268.79998779296875,268.79998779296875,49083700,250.32850036621093,226.03960021972657,250.93252299679472,79.85336269606411,12.853867859761124,11.683951051073505,279.7653211221084,220.89167961031347,7.50578839623708,0.014128002271583506,0.014029132183864345,0.017380949561009135
2026-05-05,273.54998779296875,278.5599975585937,272.3800048828125,276.0799865722656,41908500,253.31749954223633,227.4051998901367,253.086567263097,80.50993096421438,13.061985416022509,11.959557924063306,279.2275887017238,227.40741038274888,7.434661351193356,0.005513692583370089,0.0054985478239463976,0.017360413419168233
2026-05-06,274.989990234375,277.79998779296875,272.2099914550781,272.8900146484375,44552000,256.0044990539551,228.73379974365236,255.17260754607585,81.14519747658862,13.191057936441808,12.205857926539007,279.04201888423614,232.9669792236741,7.302899564528876,0.005264129064761924,0.005250321971042334,0.01659317830723093
2026-05-07,271.1700134277344,276.6300048828125,270.489990234375,275.0199890136719,35892900,257.88050003051757,229.94440002441405,256.69617001099573,74.23291786508466,12.837130189386528,12.332112379108512,279.3910459638854,236.36995409714973,7.219836356236635,-0.01389133038400725,-0.01398871786017844,0.013737336225083024
2026-05-08,272.67999267578125,274.0,269.95001220703125,271.6300048828125,34732700,259.595499420166,231.23959991455078,258.2184388362134,75.13459077791795,12.533998473567635,12.372489598000337,280.057411086378,239.13358775395395,6.9934186017175,0.0055683857848436435,0.005552939638259035,0.013412400797527738
2026-05-11,268.989990234375,273.6300048828125,268.4800109863281,269.8399963378906,38176700,261.05049896240234,232.41939971923827,259.24430087413356,68.79874422307847,11.859305356462698,12.26985274969281,279.7644424165582,242.33655550824648,6.861745408486563,-0.013532354923427414,-0.013624751749596186,0.01416546409907232
2026-05-12,265.82000732421875,267.6499938964844,262.6300048828125,266.7099914550781,36776200,261.89049911499023,233.56799987792968,259.8705586312845,63.81982282350835,10.942674729357009,12.00441714562565,279.86248732124335,243.91851090873712,6.825905404420559,-0.011784761609137218,-0.011854752338375166,0.01248243714817778
2026-05-13,270.1300048828125,270.7200012207031,263.20001220703125,264.42999267578125,39670900,262.97199935913085,234.79600006103516,260.8476487504776,67.28630625947824,10.443631453770536,11.692260007254628,280.1775387788434,245.76645993941827,6.875482805081368,0.016213969753363422,0.01608392713413966,0.012731698138888416
2026-05-14,267.2200012207031,270.7799987792969,266.6300048828125,269.1499938964844,31338400,263.8479995727539,235.80399993896484,261.45453946192765,62.90404554170927,9.701490345108368,11.294106074825377,280.0140434793649,247.68195566614293,6.680805025895869,-0.010772604336833247,-0.010831048951722346,0.013165454402627695
2026-05-15,264.1400146484375,264.3599853515625,260.8900146484375,262.5,40770300,264.5270004272461,236.70800018310547,261.71029900350004,58.557036119592574,8.76378552947881,10.788041965756065,279.5002987280244,249.55370212646775,6.65574656492228,-0.011526033074604314,-0.011592972656152402,0.013586316587359037
2026-05-18,264.8599853515625,268.8500061035156,262.5299987792969,263.8699951171875,33690800,265.3559997558594,237.74099975585938,262.01026913188696,59.26567217184058,7.986677874981467,10.227769147601146,278.3436810631213,252.36831844859748,6.6317651905863135,0.0027257161474880665,0.0027220081197222258,0.013298694351841054
2026-05-19,259.3399963378906,262.25,255.19000244140625,262.0400085449219,40340700,265.82749938964844,238.6579995727539,261.7559574372207,51.933567367669596,6.846475570509995,9.551510432182916,277.1108197555568,254.54417902374004,6.848780741984166,-0.020841158796957915,-0.021061401192618883,0.014319607080937763
2026-05-20,265.010009765625,265.5799865722656,259.5299987792969,260.04998779296875,34933200,266.3099998474121,239.67159973144533,262.065867182783,57.719766598068254,6.327440926535246,8.906696531053381,276.5375138870464,256.0824858077778,6.805295705726368,0.021863243262898013,0.021627669973466716,0.01432365561781255
2026-05-21,268.4599914550781,269.489990234375,261.3699951171875,263.5,36591700,266.97899932861327,240.7877996826172,262.67483139919204,60.811008327684085,6.123894477832948,8.350136120409296,275.8397963526206,258.1182023046059,6.89920280654502,0.01301830709151064,0.012934297256761875,0.014511967443977003
2026-05-22,266.32000732421875,269.7900085449219,266.239990234375,268.6600036621094,27535500,267.09550018310546,241.9235998535156,263.0219910110994,57.97930940487718,5.723921808406942,7.824893258008825,275.8567474187193,258.3342529474916,6.659975342545152,-0.007971333528174807,-0.0080032744617438,0.012525550822735015
2026-05-26,265.2900085449219,269.29998779296875,262.07000732421875,267.94000244140625,38028100,267.3040008544922,243.07600006103516,263.23799268098725,56.61286844541038,5.263157884913767,7.312546183389815,275.6763476495208,258.9316540594636,6.700689994416927,-0.003867523096163561,-0.0038750213028487137,0.012286090437487952
2026-05-27,271.8500061035156,272.4100036621094,265.70001220703125,266.1499938964844,40061900,267.91150054931643,244.27820007324217,264.0581844355138,62.650352442893094,5.365486150270897,6.923134176766032,275.7338449174753,260.08915618115753,6.730640360329111,0.024727646527565872,0.024426866578213892,0.013282876348749102
2026-05-28,274.0,274.5,267.44000244140625,272.2699890136719,40630400,268.4595001220703,245.45420013427736,265.0050240130839,64.39889714035102,5.556022211449488,6.649711783702724,276.37502509073374,260.5439751534069,6.754165874490871,0.007908750591183455,0.007877640344363742,0.013122252123327443
2026-05-29,270.6400146484375,274.75,269.6400146484375,271.2900085449219,54749600,268.7385009765625,246.66960052490234,265.5416897878795,59.695449662283096,5.3739530893257665,6.394560044827333,276.5477118718085,260.9292900813165,6.636724408567416,-0.01226272026117703,-0.012338527790443166,0.013431975073728435
2026-06-01,261.260009765625,266.6300048828125,260.70001220703125,266.2900085449219,53604400,268.3885009765625,247.71960083007812,265.13391073814097,48.94763953036202,4.421802212801367,6.00000847842214,276.85216154377883,259.9248404093462,6.872672839484475,-0.03465860321873382,-0.035273461160258576,0.015354783932174564
2026-06-02,256.5199890136719,261.20001220703125,254.3699951171875,257.1600036621094,41811000,267.6120010375977,248.7426007080078,264.3135372405725,44.57968952170508,3.2473028368751216,5.449467350112737,277.3440491096899,257.8799529655055,6.873911540123977,-0.0181429249589532,-0.018309525985056377,0.015353883406013171
2026-06-03,250.0200042724609,257.0899963378906,247.7100067138672,254.6999969482422,51394200,266.4355018615723,249.54020080566406,262.95224838646664,39.388867083503534,1.7715874167010384,4.713891363430398,278.4363306299649,254.43467309317964,7.052917117545367,-0.02533909644314125,-0.0256656597014186,0.016008239567153592
2026-06-04,253.7899932861328,255.8300018310547,251.75,253.1199951171875,35609800,265.37550201416013,250.47120056152343,262.07965266262534,43.498222238784976,0.8959509556415242,3.9503032818726234,277.90033397249164,252.85067005582866,6.964137149048825,0.01507874949703436,0.01496619519549892,0.016462931514397747
2026-06-05,246.02999877929688,256.3800048828125,245.77999877929688,254.259994506836,55607800,264.1185012817383,251.15760040283203,260.55111419754644,37.815036931526784,-0.41933017485797563,3.076376590526504,278.9065247736325,249.33047778984414,7.223842074367882,-0.03057644001781823,-0.03105365219156565,0.017393704921742366
2026-06-08,245.22000122070312,249.4199981689453,243.3600006103516,246.67999267578125,33899500,262.74550170898436,251.91120056152343,259.09100819975185,37.26769363287287,-1.509657587474976,2.159169754926208,279.1136403149168,246.37736310305195,7.140710323241157,-0.0032922715222234444,-0.0032977029725941285,0.0172302419422145
2026-06-09,244.19000244140625,250.42999267578125,240.3999938964844,247.72999572753903,44425400,261.50550231933596,252.80820068359375,257.67186479419513,36.54335544544266,-2.428863781036455,1.2415630477336754,279.4729214635194,243.5380831751525,7.347088070102278,-0.004200304926880172,-0.004209150987076249,0.017117329694996703
2026-06-10,238.0,244.07000732421875,237.4499969482422,243.6100006103516,38590200,260.114501953125,253.5492007446289,255.79835386141463,32.46017547531524,-3.61514958293003,0.27022052160093424,280.6539118715477,239.57509203470232,7.303725028892406,-0.025349123139844942,-0.025675947123681687,0.017673139208783842
2026-06-11,241.509994506836,242.13999938964844,235.17999267578125,237.92999267578125,41335400,258.68350143432616,254.2140005493164,254.43755773240713,36.77421974627089,-4.22337793335052,-0.6284991693893566,280.1972130976974,237.16978977095494,7.279173720676319,0.014747876079142852,0.014640183686286284,0.017581735186701114
2026-06-12,238.5500030517578,243.3600006103516,233.58999633789065,243.2100067138672,51186600,257.25000152587893,254.77360046386718,252.92445728663102,34.75795485333023,-4.887905128149441,-1.4803803611413735,280.0779950270216,234.42200802473624,7.457090188660934,-0.012256186172015293,-0.012331912602696709,0.01760854295221568
2026-06-15,246.0200042724609,247.8099975585937,244.72999572753903,245.0200042724609,41711600,256.34400100708007,255.49860046386718,252.26689033290054,43.21896684623862,-4.756945936917049,-2.1356934762965087,279.4429631271517,233.24503888700843,7.585869068530573,0.03131419461387441,0.030833906051889896,0.019357137738258125
2026-06-16,246.0,249.509994506836,245.4499969482422,248.0,35187400,255.40100173950196,256.16280059814454,251.67004363452907,43.202808626972455,-4.601728154274099,-2.628900411892027,278.5721116405337,232.22989183847022,7.334021103535089,-8.131156862656308e-05,-8.131487459136934e-05,0.019320766187208335
2026-06-17,237.5,245.91000366210932,236.0,244.8999938964844,44780800,254.30900192260742,256.6374005126953,250.32051566933583,36.89141486730264,-5.105740111983749,-3.1242683519103718,278.6629855107517,229.95501833446312,7.524448167568297,-0.03455284552845528,-0.035163912457666896,0.020191796013524013
2026-06-18,244.38999938964844,245.72999572753903,236.0200042724609,240.1199951171875,75624400,253.2780014038086,257.10020050048826,249.7557045950799,44.029145774240256,-4.892806621989649,-3.4779760059262275,277.47799472635,229.07800808126717,7.680558402390427,0.029010523745888195,0.028597683957913095,0.020733241432681192
2026-06-22,232.7899932861328,242.0,232.2400054931641,240.0800018310547,68388500,251.49450149536133,257.08300048828124,248.13992256565635,36.53668345255894,-5.595576521311898,-3.9014961090033617,276.2082490877428,226.78075390297988,7.9998037948257075,-0.047465142323687703,-0.04862857666526806,0.022482568343479475
2026-06-23,234.1100006103516,236.8699951171875,232.0,232.5500030517578,60492600,249.88400115966797,256.997600402832,246.803739522294,37.8331051474625,-5.977112735415119,-4.316619434285713,274.72106065395485,225.0469416653811,7.776246032137264,0.005670378290686617,0.005654362212000333,0.02265340746244394
2026-06-24,234.2700042724609,242.4199981689453,232.9499969482422,233.8500061035156,70282600,248.33300094604493,256.8852005004883,245.61005045088132,37.9984399982547,-6.195158049938385,-4.692327157416248,273.00175617852375,223.66424571356612,7.897228545606254,0.0006834550497294423,0.0006832216006888365,0.0227006587175191
2026-06-25,227.009994506836,232.32000732421875,225.5500030517578,232.0200042724609,77674100,246.09100036621095,256.44500030517577,243.8386165514484,33.628239790756155,-6.874537260000068,-5.1287691779330125,269.93980395729386,222.24219677512804,7.9559980223988855,-0.030989924587961237,-0.0314802694033849,0.02214965657587917
2026-06-26,232.69000244140625,233.8999938964844,226.1300048828125,227.2100067138672,248372100,244.02550048828124,256.1288003540039,242.77684377906346,39.49161330123525,-6.875366067860426,-5.478088555918495,264.80614462429133,223.24485635227114,7.9427116646326725,0.02502095974633045,0.02471306091430842,0.02313511580124536
2026-06-29,240.13999938964844,249.7100067138672,233.8000030517578,234.22000122070312,77619200,242.5004997253418,255.93760040283203,242.5257157419763,46.20439957598293,-6.203361917830165,-5.62314322830083,259.34940510108913,225.65159434959446,8.591089708048978,0.03201683299701785,0.03151497796996931,0.024755790026736984
2026-06-30,238.33999633789065,241.5399932861328,237.1699981689453,237.3500061035156,66228300,241.35449905395507,255.69320037841797,242.12707579873006,44.90807569326478,-5.74975934381186,-5.648466451403036,255.90477247072323,226.8042256371869,8.289582951558872,-0.007495640277891069,-0.007523873763327035,0.02380859065967503
2026-07-01,241.6999969482422,244.8999938964844,234.8999938964844,239.75,53829900,240.6134994506836,255.56160034179686,242.08640162249313,47.84938324824927,-5.060814152016633,-5.530935991525755,253.40175935849953,227.82523954286768,8.411755597876097,0.014097510539473612,0.013999064785619334,0.023913924013158033
2026-07-02,242.6699981689453,246.72000122070312,241.0800018310547,241.6100006103516,48246400,240.24599914550782,255.4168002319336,242.14198224596475,48.70087426008746,-4.385990167596589,-5.301946826739922,252.33519830739826,228.1567999836174,8.213773011574121,0.004013244654325954,0.0040052130693041185,0.02334520867403447
2026-07-06,244.16000366210932,246.0399932861328,240.8800048828125,243.8000030517578,40044000,239.76449966430664,255.19280029296874,242.33417476178803,50.05001196449838,-3.688438286700574,-4.979245118732052,250.32846199807145,229.20053733054183,7.995645539555992,0.006140048231783046,0.006121274942382102,0.02310083045847
2026-07-07,245.97999572753903,248.92999267578125,242.6999969482422,246.97999572753903,40579600,239.76199951171876,255.01080017089845,242.68139580614528,51.720247277340036,-2.9547052433238434,-4.5743371436504106,250.32005130248834,229.20394772094917,7.869527695840497,0.007454095831143537,0.00742645135022314,0.02214214608103193
2026-07-08,243.6199951171875,244.8000030517578,240.5200042724609,244.2700042724609,29653000,239.68199920654297,254.60340026855468,242.77078621672072,49.412915454953556,-2.5344334746285426,-4.1663564098460375,250.09668724356874,229.2673111695172,7.69741796435747,-0.009594278605344786,-0.009640600216052718,0.022239451322393723
2026-07-09,247.0399932861328,247.5,238.25,239.82000732421875,38091700,239.8244987487793,254.3218002319336,243.17737736618855,52.70565316057744,-1.903457921864458,-3.7137767122497216,250.55520698134092,229.09379051621767,7.808316681189079,0.01403824906613349,0.013940625430091662,0.02243514606484053
2026-07-10,245.33999633789065,251.02999877929688,244.41000366210932,249.5500030517578,31654000,240.19149856567384,254.03459991455077,243.38334107777922,50.931027031596365,-1.5230243203066323,-3.2756262338611037,251.14721521517714,229.23578191617054,7.723436569474685,-0.006881464517662694,-0.006905250981228296,0.02166828182469223
2026-07-13,247.3099975585937,249.6499938964844,244.17999267578125,244.67999267578125,34636100,240.48149871826172,253.71999969482422,243.7573083616663,52.90974435919524,-1.0504563092259502,-2.8305922489340736,251.8603495487836,229.10264788773983,7.562476901705289,0.00802967820212186,0.00799761187658542,0.021507567407978677
2026-07-14,247.4900054931641,248.5599975585937,243.8000030517578,245.5500030517578,30108100,240.92849884033203,253.36859985351563,244.11280332657086,53.095866373531884,-0.6538800971118235,-2.3952498185696234,252.66547920700094,229.1915184736631,7.362299587786046,0.0007278635572658398,0.0007275987930538665,0.021268015167300737
2026-07-15,254.9600067138672,256.4800109863281,249.75,249.75,45240600,241.37549896240233,253.10259979248048,245.14587031583716,60.13710742919401,0.2601769196959367,-1.8641644709165115,254.4579080990631,228.29308982574156,7.478564295313045,0.03018304196089816,0.02973649709452754,0.021187470970671144
2026-07-16,249.88999938964844,258.0799865722656,248.0,255.1199951171875,45343700,241.56999893188475,252.65940002441405,245.59769213239062,54.19093701276808,0.568908449226484,-1.3775498868879126,255.03180599491452,228.108191868855,7.664380172238229,-0.019885500434225545,-0.020085877850740792,0.021745359610405687
2026-07-17,247.22999572753903,250.2400054931641,243.58999633789065,244.4600067138672,43572400,242.0564987182617,252.13300018310548,245.75314961764286,51.32365303113971,0.5921148147106123,-0.9836169465682076,255.59783010472125,228.51516733180216,7.591925099597887,-0.010644698341696013,-0.01070175842928064,0.020296276883930615
2026-07-20,249.9900054931641,252.88999938964844,248.0,248.759994506836,32406500,242.3364990234375,251.63300048828125,246.15665970102583,54.0408971532041,0.8237204121088837,-0.6221494748327894,256.2847288719571,228.38826917491792,7.453930711205852,0.01116373341957555,0.011101878873679298,0.01942961362635002
2026-07-21,247.5500030517578,249.33999633789065,246.4199981689453,249.1100006103516,27732100,243.07449951171876,251.1606002807617,246.28935906776223,51.31374888598177,0.8011465923844128,-0.3374902613893489,256.4753766291505,229.67362239428704,7.176507612135347,-0.009760399967161937,-0.00980834490048411,0.015968445607839683
2026-07-22,244.8500061035156,248.4499969482422,242.4499969482422,248.2700042724609,34112700,243.61149978637695,250.6040005493164,246.15227783307208,48.40292770395216,0.5589463036535278,-0.1582029483807736,256.3781777786173,230.84482179413658,7.092471354125679,-0.010906875035172958,-0.010966791059379664,0.016260985746306342
2026-07-23,233.66000366210932,238.3500061035156,232.0500030517578,236.259994506836,47465300,243.58099975585938,249.8974008178711,244.96253743583753,38.624011023695815,-0.5298312831697842,-0.23252861533857572,256.4393858631851,230.7226136485336,7.500152189670829,-0.04570145869906761,-0.046778720114081886,0.01949961167619727
2026-07-24,232.1100006103516,234.9499969482422,231.33999633789065,234.3800048828125,35017400,243.83600006103515,249.22320068359375,243.73848630960077,37.49403721800799,-1.5004711597878782,-0.4861171242284362,255.51825643337716,232.15374368869314,7.222284219719451,-0.006633583101364415,-0.006655683102762606,0.01817449502227842
2026-07-27,231.38999938964844,235.88999938964844,230.9900054931641,235.6699981689453,34999500,243.77099990844727,248.44840057373048,242.56243993627197,36.953222277449655,-2.3012806059716695,-0.8491498205770829,255.7121953186588,231.82980449823575,7.056406339488372,-0.0031019827616640683,-0.003106803882795502,0.01730734836827003
2026-07-28,230.8600006103516,233.1100006103516,228.1000061035156,232.8500061035156,44521600,243.30699996948243,247.72120056152343,241.44792190523194,36.535461757198206,-2.944749099125403,-1.268269676286747,256.43837124871294,230.17562869025193,6.910234065727487,-0.002290499938177315,-0.0022931271456731266,0.015565236810519084
2026-07-29,226.6499938964844,232.82000732421875,226.16000366210932,229.32000732421875,44957500,242.7224998474121,246.97140014648437,240.03859542820837,33.31371940079494,-3.751173678068625,-1.7648504766431228,257.60951752558145,227.83548216924274,6.8923604654690545,-0.0182361894773313,-0.01840451837298003,0.01595069506036185
2026-07-30,235.5,239.82000732421875,231.0599975585937,233.3500061035156,101839800,242.4125,246.38420043945314,239.60634824456946,44.41087146264407,-3.6342559960135645,-2.138731580517211,257.6263980574327,227.19860194256725,7.3407642484880045,0.0390470167299346,0.03830396299886934,0.018134159334669032
2026-07-31,271.5799865722656,273.2300109863281,262.010009765625,265.0,128881300,243.857999420166,246.62900024414063,242.651456656731,67.87878521399327,-0.6230622336983629,-1.8355977111534416,263.6882796333757,224.02771920695633,9.511424729762298,0.15320588778032107,0.1425457923711586,0.03902217859861368
