Date,Close,High,Low,Open,Volume,SMA_20,SMA_50,EMA_20,RSI,MACD,MACD_SIGNAL,BB_UPPER,BB_LOWER,ATR,Daily_Return,Log_Return,Volatility
2021-08-02,273.3408508300781,275.212242025892,272.30436188036447,274.8187628216139,16267400,,,,,,,,,0.0,,,
2021-08-03,275.54815673828125,275.65373862205524,272.55390723217295,273.9166896548883,17879000,,,,,,,,,0.0,0.00807528732533025,0.008042856666907374,
2021-08-04,274.9627380371094,275.99919768889043,273.1776867693029,274.6844177660965,16191300,,,,,,,,,0.0,-0.002124560396634778,-0.0021268204767594602,
2021-08-05,277.8514099121094,277.9569917907823,274.569263222689,275.31782556305,13900200,,,,,,,,,0.0,0.010505684863416409,0.010450883638308107,
2021-08-06,277.7938232421875,277.83221931412936,276.0279846719422,276.8821288688246,16589300,,,,,,,,,0.0,-0.00020725707290847328,-0.00020727855362367994,
2021-08-09,276.7093811035156,279.79960614575214,276.2103492828426,278.0721635231256,16117600,,,,,,,,,0.0,-0.0039037662033487575,-0.003911405787214921,
2021-08-10,274.8955383300781,277.5922838439448,273.70552373680465,277.16040859309794,18616600,,,,,,,,,0.0,-0.0065550461867389664,-0.006576624853122918,
2021-08-11,275.385009765625,277.0260831007816,274.3389144756151,275.6345110192113,13955900,,,,,,,,,0.0,0.001780572498630839,0.0017789891586418747,
2021-08-12,278.12969970703125,278.2832546943312,274.7995509694879,275.0778712144452,14561300,,,,,,,,,0.0,0.009966736910415719,0.009917396558776518,
2021-08-13,281.04718017578125,281.0951532950036,277.64023937005385,277.81300703201526,18249000,,,,,,,,,0.0,0.010489640163647174,0.010435005620609717,
2021-08-16,282.7266845703125,282.93781903888737,278.3312568029692,281.3735085609403,22507600,,,,,,,,,0.0,0.005975880610084028,0.005958095853433892,
2021-08-17,281.2679443359375,281.60384409624606,279.34855060574444,280.605780443635,20075300,,,,,,,,,0.0,-0.005159542108987614,-0.005172898508118466,
2021-08-18,279.5467224121094,283.4793919946404,279.1043957522048,280.8063292983416,21813000,,,,,,,,,0.0,-0.006119509736140949,-0.006138310676782076,
2021-08-19,285.3544921875,286.0275778607729,277.5372438390426,277.58530881126427,29850500,,,,74.11798666462519,,,,,3.7137289980656556,0.020775667570978706,0.02056279669711544,
2021-08-20,292.6524658203125,294.0755466635113,286.5948135303095,288.190963446094,40817600,,,,81.79489041588552,,,,,4.071395103633203,0.02557511387631206,0.025253541948676704,
2021-08-23,292.9313659667969,293.65251656215764,290.2390821482606,291.5852240575287,22830200,,,,82.0144452544574,,,,,4.024397911509192,0.0009530080182396095,0.0009525541944071422,
2021-08-24,290.9794311523437,293.89287816648005,290.3832847329818,293.287107016583,18175800,,,,75.18072097252676,,,,,3.987626163079839,-0.006663454451219186,-0.0066857543820848285,
2021-08-25,290.39288330078125,292.8736280290071,288.864047811666,292.5947749618287,20006100,,,,73.20674872879405,,,,,3.9891943098127842,-0.0020157708372704475,-0.002017805237687739,
2021-08-26,287.585205078125,290.7967251675743,287.4506055747187,289.4121138382239,17666100,,,,64.47936846586933,,,,,3.9432604014587027,-0.009668550381615737,-0.009715594291382537,
2021-08-27,288.1909484863281,289.2967066286994,285.4121013647465,287.48901815902764,22605700,281.8645965576172,,283.387872095125,65.43672501611513,,,294.59780856219027,269.1313845530441,3.939070748779716,0.002106309356347369,0.00210409419679055,
2021-08-30,291.9121398925781,292.5179110830092,289.47945974336733,289.5371494430567,16348100,282.7931610107422,,284.19970712345383,70.66703055907976,,,295.6128933537754,269.973428667709,3.9667773093440997,0.012912242476021296,0.012829590196977532,0.00953652076693121
2021-08-31,290.2678527832031,292.78706685723137,289.9024652133177,292.7101570579485,26285300,283.5291458129883,,284.77762575771567,65.92012570858306,,,296.29061237712295,270.76767924885365,3.889479047527638,-0.005632815099708033,-0.005648739229287581,0.009669576047186997
2021-09-01,290.2197265625,293.4504953070567,289.89280860005545,291.2197299053012,18983800,284.2919952392578,,285.295921072457,65.78084789491729,,,296.73399578561316,271.84999469290244,3.865779594632897,-0.00016579934788396589,-0.00016581309411527705,0.009628509268268194
2021-09-02,289.56591796875,291.6908995970504,288.6332289446876,290.57554613458024,16285600,284.87772064208986,,285.70258744353254,63.80844502913963,,,297.15361999511043,272.6018212890693,3.808057527327893,-0.002252805491528842,-0.0022553468753665606,0.009509356768591605
2021-09-03,289.5563659667969,290.96019740569926,288.7102113426839,289.4121123902904,14747900,285.4658477783203,,286.0696139695577,63.778356708802896,,,297.4514956436808,273.48019991295985,3.696766708448425,-3.298731432255231e-05,-3.29878584159709e-05,0.009507201735809183
2021-09-07,288.63330078125,289.50830033860336,286.7294820320938,289.43139052137866,17180400,286.06204376220705,,286.31377461829027,60.79496651010094,3.5101648355849306,,297.41569366553637,274.70839385887774,3.634632224609471,-0.003187860099241324,-0.0031929521499574638,0.009484656036035502
2021-09-08,288.6620788574219,289.04668654196234,286.0274854074498,288.248626330133,15046800,286.75037078857423,,286.5374226410647,60.85644328664888,3.2708482522482427,,296.92013270970966,276.5806088674388,3.5906728610311207,9.970462900144028e-05,9.969965882528176e-05,0.00927751377528349
2021-09-09,285.8159484863281,290.51786328819594,285.5755650140941,289.2486315123154,19927000,287.27191772460935,,286.4687108168041,52.147242173238325,2.8190331416579397,,296.02842133495625,278.51541411426246,3.687217533393316,-0.009859730735534256,-0.009908659764309564,0.009680517470592087
2021-09-10,284.33514404296875,288.3832223582432,284.017850808825,286.9409216974985,19633400,287.5821899414062,,286.26551398120074,48.27616261666098,2.3147943599113887,,295.41163295858206,279.7527469242304,3.7356571059665202,-0.005180972059822597,-0.005194439833142592,0.009608866095969901
2021-09-13,285.56597900390625,287.0563743400453,282.7679114864811,286.1044357072228,23652900,287.8081298828125,,286.1988916024108,51.49899895437773,1.9915423271087889,,295.1134521421142,280.5028076235108,3.775143230794924,0.00432881754761727,0.004319475168204247,0.009389865428762304
2021-09-14,288.25830078125,289.79676112846977,286.6333058908585,288.0371373862397,21853400,288.0847106933594,,286.39502580991933,57.706701460798065,1.9303586559876749,,295.00844227452086,281.16097911219794,3.807688866064109,0.009428020055942676,0.009383853658960384,0.00952008222104859
2021-09-15,293.0947265625,293.5754934405264,290.2101252943416,291.59473625055216,28356300,288.6760498046875,,287.0330925482603,66.10045649320836,2.2462360853117502,,295.17725910120305,282.174840508172,3.915510565579271,0.016778097172369666,0.016638899721256862,0.01002215502876194
2021-09-16,293.4793701171875,293.565904644582,289.19093725653136,292.07553887775646,19550800,289.37268218994143,,287.647023745301,66.66705706259482,2.4988040860357046,,294.68963517761034,284.0557292022725,3.9483289100415133,0.001312352355153923,0.0013114919734689059,0.00983708160910525
2021-09-17,288.3351745605469,292.7870813462865,288.0082565459675,292.4697880609758,41372500,289.52171630859374,,287.71256191818156,53.73220386268942,2.2578454201354816,2.5253099739712193,294.5384142899414,284.5050183272461,4.057099242982832,-0.017528303793845956,-0.017683743586344853,0.009816391413725534
2021-09-20,282.9794006347656,287.2293931677513,278.3832700003604,284.9313131787065,38278700,289.0380630493164,,287.26178465309437,44.131767166290544,1.616088483597025,2.3434656758963803,294.59068739366,283.4854387049728,4.478156765640233,-0.018574819856592262,-0.01874949828497971,0.00880865519942603
2021-09-21,283.4601745605469,286.09479733126966,282.7582736118841,284.31595379410885,22364100,288.5645034790039,,286.8997265490422,45.08037616763191,1.1332228381252776,2.10141710834216,294.31998859496383,282.809018363044,4.396611548050616,0.0016989714611834739,0.0016975298417863543,0.008821792153927059
2021-09-22,287.0948181152344,288.6717480113228,283.18139690958066,285.3160036325235,26626300,288.3702728271484,,286.91830669820337,51.750322311185315,1.0319381534358172,1.8875213173608913,294.0483294150805,282.69221623921635,4.474735801885724,0.012822413449516734,0.012740902346077929,0.009296950281995925
2021-09-23,288.0371398925781,289.32559200827507,286.08522692976766,287.3544589280449,18604600,288.25248565673826,,287.0248622405248,53.332768305414206,1.0159950447813344,1.7132160628449802,293.85505972858374,282.6499115848928,4.386566464501558,0.003282266756084562,0.0032768918765364906,0.009330824868535734
2021-09-24,287.835205078125,288.26787776636394,285.5082799167376,286.7582917069234,14999000,288.2649856567383,,287.1020377488677,52.932131798106546,0.9758169540013455,1.5657362410762534,293.86266224373884,282.66730906973777,4.2703544205819,-0.0007010721413510668,-0.0007013180073446711,0.009072142226810322
2021-09-27,282.8544311523437,285.0659473135494,281.67173392975803,284.7486540480037,23571700,287.99815979003904,,286.697503787294,44.12708029408964,0.5358912767865718,1.3597672482183172,294.072937375151,281.92338220492707,4.405577043995119,-0.01730425548337433,-0.01745572402241399,0.009849233009592208
2021-09-28,272.6140441894531,279.5947887568724,271.87367374951066,278.65247509756944,43186200,287.0332550048828,,285.356221920833,32.249265189298384,-0.6317838266382978,0.9614570332469943,295.83377273083124,278.23273727893434,4.875232783912113,-0.03620373533188581,-0.03687535041309519,0.0120945466733353
2021-09-29,273.0755920410156,275.7390300334648,272.1236829939495,274.1332850620236,26353700,286.17364196777345,,284.18663812275514,33.12302693103784,-1.5026105454176104,0.46864351751407335,296.7265619653636,275.6207219701833,4.785240945026628,0.00169304502610923,0.0016916134409766391,0.01213244636823198
2021-09-30,271.0755920410156,276.7582303525769,270.787114326483,274.71978361540346,32343600,285.21643524169923,,282.9379670673514,31.242732046691202,-2.3273025838296917,-0.09054570275467966,297.4645046331751,272.96836585022334,4.869946307960005,-0.007323979360629229,-0.007350931375433362,0.012150707261123717
2021-10-01,277.9794311523437,278.82558560260657,270.4698544217859,271.2679145751983,30086300,284.6371109008789,,282.46572555163635,43.224075349965716,-2.396173253661061,-0.551671212935956,297.101619823826,272.1726019779318,5.118930941735767,0.025468317008354946,0.025149402888093704,0.013755783259379224
2021-10-04,272.2198486328125,276.68138001851474,269.46987576086445,276.3448372844205,31350700,283.77028503417966,,281.4899277498436,37.373067601264445,-2.8822788141621345,-1.0177927331811918,297.12529535703567,270.41527471132366,5.361118402431729,-0.02071945573690559,-0.020937115436202663,0.014368204078189934
2021-10-05,277.6525573730469,279.2294578183472,273.12371126636924,273.12371126636924,24993000,283.2212478637695,,281.1244639044344,44.943545603920285,-2.7969057918105023,-1.373615344907054,296.6341546099424,269.8083411175966,5.478867744081943,0.01995706326162261,0.019760531568620544,0.015255557795969151
2021-10-06,281.83514404296875,282.3351603741054,274.5275110006599,274.7871145500476,28002600,282.87990112304686,,281.19214772715196,49.9589062311941,-2.364490888472176,-1.5717904536200784,296.0671572960357,269.692644950058,5.645209289036481,0.015064102810701918,0.014951765978051442,0.01571504519055317
2021-10-07,283.5083312988281,285.229485530052,282.6141116407885,283.82562463617745,20430500,282.7645202636719,,281.41273663874017,51.84858198283455,-1.865284890933708,-1.6304893410828045,295.8872251858468,269.641815341497,5.484433017468392,0.005936758744339743,0.005919205630286063,0.01564727379485893
2021-10-08,283.5083312988281,285.229485530052,282.46026266569163,284.82562830246127,17685700,282.72317962646486,,281.6123170825581,51.84858198283455,-1.452912273022605,-1.5949739274707648,295.8310332814809,269.6153259714488,5.290489435103533,0.0,0.0,0.015604839517825472
2021-10-11,282.91217041015625,286.50829832033395,281.489089470964,281.6525631685585,19298600,282.59048919677736,283.47272338867185,281.73611263756743,51.051943872162695,-1.1608279022680108,-1.5081447224302142,295.63411761390057,269.54686077965414,5.271112250408275,-0.0021027984819377288,-0.002105012466919538,0.015576547186406619
2021-10-12,281.61407470703125,284.0755993304145,281.10446287508915,283.9794400643769,17974100,282.2582778930664,283.63818786621096,281.7244899775164,49.27655912205366,-1.0223098570285174,-1.410977749349875,295.043450723438,269.4731050626948,5.106828265045208,-0.004588334610147959,-0.0045988933277279695,0.015428024180489608
2021-10-13,284.9120788574219,285.8447678202036,282.20054649011644,283.565937401779,23416300,281.8491455078125,283.8254663085938,282.02806987084074,53.68357301766692,-0.6390454180543657,-1.2565912830907733,293.7114342847074,269.9868567309176,5.044247182768573,0.011711077132141146,0.011643033198275084,0.01515908286238172
2021-10-14,291.10430908203125,291.60429601037214,286.3735506689679,287.7004717852056,27262900,281.7303924560547,284.1482977294922,282.89247360523984,60.6044816070067,0.16248264086067365,-0.9727764983004838,293.1644062544304,270.296378657679,5.161959323495837,0.02173382837765936,0.021501015960102173,0.016008622852018366
2021-10-15,292.5082397460937,292.7390278517721,288.9601770620516,290.71017592364666,25384800,281.93904571533204,284.4414343261719,283.8082608567497,61.991222165466525,0.9006032796980321,-0.5981005427007806,293.9835588197682,269.8945326108959,5.063165856797597,0.004822775274229363,0.004811182950065161,0.015513960225666824
2021-10-18,295.46978759765625,296.3543824347761,291.04672538099135,291.8928799860197,22729300,282.5635650634766,284.7949536132812,284.91888245112176,64.80558403759761,1.7048884717357282,-0.13750273981347888,295.97661563982365,269.1505144871295,5.08062951372525,0.010124664707336972,0.010073753639566552,0.0149409890008246
2021-10-19,296.3736267089844,297.40244575766764,295.4024680074294,296.489006090617,17682100,283.20923767089846,285.1882385253906,286.0098104756801,65.64173429316014,2.3876986399426983,0.3675375361377565,297.9138332828914,268.5046420589055,4.860582959190465,0.0030589899518216335,0.0030543207616395033,0.014941355005192631
2021-10-20,295.585205078125,297.7871264122316,294.3351931255189,297.3159547433428,16537100,283.63375701904295,285.6020318603516,286.9217528187701,64.20870018790974,2.832559597301895,0.8605419483705843,299.22598688457254,268.04152715351336,4.7599651254420525,-0.00266022871067928,-0.002663773406939951,0.014769576825805675
2021-10-21,298.8062744140625,299.0562532662077,294.5755019170204,295.35437134682337,16918100,284.1722137451172,286.0704571533203,288.05361201832176,67.3452294392905,3.405768902973705,1.3695873392912086,301.02810263506717,267.3163248551672,4.740021284280999,0.010897261705254069,0.010838314405044071,0.014913697524013501
2021-10-22,297.2678527832031,299.1236063471209,295.96015129406624,298.4601455444869,17449300,284.6438461303711,286.4532202148437,288.9311587578343,64.44059552214091,3.693329238540059,1.8343357191409788,302.38777165729687,266.89992060344537,4.627409410621977,-0.00514855865686259,-0.005161858153449119,0.014988172481782103
2021-10-25,296.2774963378906,297.49863403751334,294.6717215370627,297.4601644586546,17554500,285.31499938964845,286.75782653808596,289.6308099559349,62.569700239890814,3.797533782294579,2.226975331771699,303.73979432888177,266.8902044504151,4.4988024884668825,-0.0033315289091645495,-0.003337090808121287,0.01436749192151773
2021-10-26,298.1811828613281,300.38310311202,296.7292870193795,299.03696188545126,28107300,286.5933563232422,287.06691650390627,290.44513118502,64.69174608465727,3.9877598138033363,2.5791322281780262,304.8630351813951,268.32367746508925,4.470717080299919,0.006425349704138217,0.006404795144566744,0.011134359751934402
2021-10-27,310.739013671875,313.5563017750662,303.84480069426377,303.84480069426377,52588700,288.47652740478514,287.656337890625,292.3778818980538,74.82925755061318,5.093117027777737,3.081929188097969,308.4678354113201,268.4852193982502,5.2496029255455,0.04211476623052701,0.04125207760257194,0.013910777527218502
2021-10-28,311.8735656738281,312.3735528011701,308.9985589964651,311.854316213441,26297900,290.5164260864258,288.30287475585936,294.23461368622276,75.51329507631371,5.991601990132551,3.6638637485048857,311.2994340239815,269.73341814887004,5.115702274056894,0.003651141157161364,0.003644491921237699,0.013545431022231519
2021-10-29,318.8638916015625,319.2292792064878,311.44084815229064,311.6620115299265,34766000,292.5606491088867,288.97306274414063,296.5802592019694,79.2541643865918,7.184895672934772,4.368070133390863,315.89514159750104,269.2261566202724,5.306611472638339,0.022413973792973385,0.02216647218561676,0.013343396585932935
2021-11-01,316.7004089355469,318.7388560634213,313.81580729941845,318.6138519641994,27073200,294.78467712402346,289.45402160644534,298.4964639385006,75.41412597791037,7.865347711198183,5.067525648952327,318.4174785946283,271.15187565341864,5.288145246174461,-0.006784972281273616,-0.006808094855739001,0.012130253143494902
2021-11-02,320.3157958984375,320.6234937918966,317.3061900673543,317.60426323174084,26487100,296.91783905029297,290.0017102050781,300.57449555373273,77.38599060445678,8.597238750054544,5.7734682691727714,321.65593691323636,272.1797411873496,5.19064093261555,0.011415795057045264,0.011351126564784424,0.011821122438997765
2021-11-03,321.1523132324219,322.0176878484429,317.9311688926411,321.05615397648955,21500100,298.8836975097656,290.6051678466797,302.5342877136079,77.82906864055587,9.139414151868948,6.446657445712007,324.73866797940457,273.0287270401267,5.111775077128854,0.0026115394391901248,0.002608135295484573,0.011714667641209365
2021-11-04,323.4984436035156,323.594602855101,316.8350212145878,320.0850102498618,23992200,300.883203125,291.26727905273435,304.53087398883724,79.0678061330405,9.647198280877717,7.0867656127451495,327.8347183883828,273.93168786161726,5.229475545942022,0.007305350995232773,0.007278796168444184,0.011714494029006373
2021-11-05,323.1331787109375,325.7581776228481,321.5562778923636,325.4889492224236,22570100,302.8644454956055,291.9782385253906,306.3025220576087,78.33399198945959,9.905957327492331,7.650603955694586,330.238117850403,275.49077314080796,5.156077273409343,-0.0011291086550815344,-0.0011297465784941313,0.011751062627336805
2021-11-08,324.0272827148437,324.6618985770728,321.57538313486805,324.3253558608429,20897000,304.92020111083986,292.6949652099609,307.99059450115493,78.85139959921386,10.067124907601794,8.133908146076028,332.1666301099957,277.673772111684,5.008251428323301,0.0027669829742429375,0.0027631619237512978,0.011610263420299501
2021-11-09,323.02740478515625,325.6908437786289,321.6620134005641,324.14275856066826,21307400,306.9908676147461,293.3172705078125,309.42267167105985,76.6469882768952,9.99890839155745,8.506908195172311,333.10898993460313,280.87274529488906,4.938292781876266,-0.003085783151684063,-0.0030905539975722,0.01153684213547647
2021-11-10,318.0754089355469,321.75810028088216,317.2292837348111,321.7004105931885,25500900,308.64903411865237,293.87342163085935,310.2467418867253,66.70128695007719,9.436483721279671,8.692823300393783,333.1079195707065,284.19014866659825,4.999709086766901,-0.015329955837347309,-0.015448674474094133,0.012493807106017343
2021-11-11,319.6427917480469,320.93124399306816,317.79666260497214,318.5081884888974,16849800,310.0759582519531,294.4618829345703,311.1416037782798,68.11171511305696,9.013332722813914,8.75692518487781,333.58556679119863,286.5663497127076,4.8664856797189815,0.004927708236689199,0.004915606821004479,0.011902285795467715
2021-11-12,323.7677917480469,324.2581835720779,320.9505036302144,321.07550776917867,23831000,311.6389358520508,295.14592041015624,312.34409787063856,71.52955232994462,8.908147949397005,8.78716973778165,334.41388726696414,288.86398443713745,4.8485504043126975,0.012905030573163945,0.012822470203527652,0.012041164802483474
2021-11-15,323.14263916015625,324.8830128180565,321.18110218646444,324.55609487972123,16723000,313.02257843017577,295.8176458740234,313.3725303744022,70.29979050347744,8.674351148974836,8.764606020020288,335.0502726291001,290.99488423125143,4.76664756340408,-0.001930867133248082,-0.0019327336602553147,0.012081100660911776
2021-11-16,326.45037841796875,327.5657612448941,322.60424288113046,322.7676872089823,20886800,314.526416015625,296.5739874267578,314.6180397118847,72.9497359166055,8.6561892529827,8.74292266661277,335.89922223304075,293.15360979820923,4.780566906286903,0.010236158454387967,0.010184123773342652,0.012140783603922381
2021-11-17,326.67193603515625,329.6292527687157,325.59305251737624,326.49855034066394,19053400,316.08075256347655,297.3341845703125,315.7660298379106,73.12271868907922,8.56098792783024,8.706535718856266,336.20242829251185,295.95907683444125,4.727397859504941,0.0006786869669479501,0.0006784567631000763,0.012053802069790544
2021-11-18,328.7430725097656,329.879780871784,324.74541145445266,325.7664999341988,22463500,317.57759246826174,298.19272705078123,317.0019386638015,74.74837027223876,8.554057743103215,8.676040123705656,336.7688682351236,298.3863167013999,4.756467256492542,0.00634011142722235,0.00632009747003599,0.011980909807756754
2021-11-19,330.5155029296875,332.43247631359634,329.6389320213559,330.06278336471644,21963400,319.23997497558594,299.1163342285156,318.2889447843621,76.08164196485633,8.59253643252049,8.659339385468623,336.79650661949876,301.6834433316731,4.680248438445268,0.005391536942179087,0.005377054638143623,0.011747372794112431
2021-11-22,327.3559265136719,336.83475779834544,327.08620558426253,331.9701093321085,31031100,320.793896484375,299.95213317871094,319.1524668538202,69.07961899331458,8.272716928848808,8.582014894144661,335.15675706220526,306.43103590654476,5.042270136705099,-0.0095595407416873,-0.009605526454141942,0.012068596229462348
2021-11-23,325.2848815917969,326.9899295843519,321.3161178127125,324.678002095964,30427600,322.1490814208984,300.6926647949219,319.7365063526751,64.86553672889221,7.7626585555222505,8.418143626420179,332.18464244641666,312.1135203953802,5.113522891294691,-0.006326584473149932,-0.006346682119845749,0.012327201049170575
2021-11-24,325.50640869140625,325.74723199137054,321.6532358919778,323.93623607205905,21661300,322.887451171875,301.3408984375,320.28602086112573,65.11070669909319,7.292248503961503,8.192964601928445,331.5331510054957,314.2417513382543,5.040699549015982,0.0006810248866326862,0.0006807930944161215,0.008569722979520968
2021-11-26,317.57843017578125,325.52559745058403,316.07569544288083,322.07702143466366,24217200,323.17269439697264,301.82287963867185,320.0281550815691,51.311128706328695,6.208159738626591,7.796003629268075,330.64254559079086,315.70284320315443,5.355642581779355,-0.024355829267684426,-0.02465733821189624,0.010433122559046475
2021-11-29,324.2733764648437,326.585274135935,322.4527383080336,322.64540869619697,28563500,323.4431686401367,302.5416436767578,320.4324618799762,59.17913829362085,5.822123974159695,7.4012276982464,330.6567111464152,316.22962613385823,5.616442680234668,0.021081237429622535,0.020862102549721127,0.010292177521800826
2021-11-30,318.455078125,325.38115820776426,316.9138032094252,323.0114652960252,42885600,323.53090209960936,303.2511572265625,320.2441396175975,51.40466028212716,4.989187550682061,6.918819668733532,330.4509927464805,316.61081145273823,5.820079274384979,-0.017942571799367202,-0.018105491481568214,0.011007720700783229
2021-12-01,317.9637756347656,326.8260839728482,317.2991304369134,322.8284234606484,33337600,323.4133010864258,303.94122924804685,320.0269620954231,50.7978048964392,4.240552974084835,6.383166329803793,330.6218746211729,316.20472755167873,6.084856007352824,-0.0015427685849038753,-0.0015439598777742898,0.010698129302169745
2021-12-02,317.3954162597656,321.2485884430419,315.76744866054173,318.1756812750894,30766000,323.22545623779297,304.5472412109375,319.7763386825033,50.061520663074916,3.560351313228466,5.818603326488728,330.8440495462341,315.60686292935185,6.041733419863349,-0.0017874972514254628,-0.0017890967309651018,0.010680023938705015
2021-12-03,311.1532897949219,320.48760157043654,306.3560799414712,319.8036423557392,41779300,322.60819854736326,305.0095642089844,318.9550959313051,42.735277891760376,2.488908569627199,5.152664375116422,331.8630065885035,313.35339050622304,6.619575434799207,-0.019666719004331812,-0.019862682483874846,0.01132169589272786
2021-12-06,314.216552734375,315.43031134746263,307.51204154241043,312.058785775437,30032600,322.16236724853513,305.53719116210937,318.503806103026,46.846276749234555,1.8654583517805463,4.495223170449247,332.1064726756711,312.21826182139915,6.712339318388707,0.009844867593950424,0.009796722614393382,0.011622065968977394
2021-12-07,322.62615966796875,323.47383295914125,317.98307955857507,319.46655926353213,31021900,322.0923110961914,306.3326257324219,318.8964112044492,56.15263562480617,2.0265932544178327,4.001497187242965,332.00256033778163,312.18206185460116,6.894120811701389,0.026763729855768803,0.0264118459158611,0.013199353159849643
2021-12-08,322.6742858886719,323.184830047875,318.65734078900067,323.00180200991804,24761000,322.0746551513672,307.3338305664063,319.2562087934228,56.19989761168296,2.133582597401471,3.627914269274666,331.97943440136953,312.1698759013649,6.725075700785169,0.0001491702370095549,0.0001491591122360598,0.013181084592033983
2021-12-09,320.8729553222656,324.13850382611764,319.92891744874584,322.1348670016077,22214200,322.21453247070315,308.28977783203123,319.41018465331257,53.85982278108789,2.049395939485578,3.312210603316849,331.96729678500503,312.46176815640126,6.5453978919699285,-0.005582504231613106,-0.005598144643966516,0.012756715739964878
2021-12-10,329.9664306640625,330.4095372641144,322.5009090494943,322.68393709248,38095700,322.73071441650393,309.4675946044922,320.4155414162411,62.37657013140369,2.6854882326067013,3.1868661291748195,332.96527603959095,312.4961527934169,6.759053895532705,0.028339799883302597,0.02794565704869424,0.014177953736564684
2021-12-13,326.9416809082031,331.1705518397965,326.6334200526802,328.17469493292174,28899400,322.88940887451173,310.44683959960935,321.03707851071374,58.50797055275413,2.911956707005004,3.1318842447408564,333.28060022936984,312.4982175196536,6.600345173502959,-0.00916684085036168,-0.009209114880475858,0.014117597111038084
2021-12-14,316.2876892089844,322.3564540735809,312.2129483454999,320.9885647798209,44438700,322.5466613769531,311.3281964111328,320.58475572007285,47.365074041355676,2.206313504877926,2.9467700967682706,333.32676665370604,311.7665561002002,7.180944272731549,-0.03258682609578345,-0.033129600839980226,0.015950095942180824
2021-12-15,322.365966796875,322.88615320009416,312.58854962938904,316.54766938298826,35381100,322.3424407958984,312.2224645996094,320.7543948702445,52.878880547869635,2.1131928150102794,2.7800546404166724,332.9727076953682,311.7121738964287,7.403562794015376,0.01921755982059259,0.01903523471068831,0.016401673377387637
2021-12-16,312.9739685058594,324.39864164478854,311.1629725069746,323.38716610207007,35034800,321.6575424194336,312.84524108886717,320.0134018831602,45.02947839974862,1.266933803266511,2.47743047298664,332.83479521312677,310.4802896257404,7.8201418185724165,-0.029134583853057894,-0.029567423647358246,0.017599793843338332
2021-12-17,311.91436767578125,312.99328089634616,305.6048081398056,309.1015676221017,47750300,320.81610717773435,313.4133618164062,319.24206529198125,44.23174573388574,0.5049458070135984,2.082933539792032,332.26354664842376,309.36866770704495,7.789308314141571,-0.003385587737972817,-0.0033913318085061297,0.01749148293258406
2021-12-20,308.1670837402344,310.9509853734048,305.9129815266249,308.30192948085835,28326500,319.69868621826174,313.9065368652344,318.1873051441958,41.43600236351702,-0.3967363365560459,1.5869995645224166,331.49840041930526,307.8989720172182,7.661599588071199,-0.012013822779212258,-0.012086571999358418,0.017512291874552843
2021-12-21,315.27618408203125,315.7000353671043,308.061099295699,311.42301196127266,24740600,319.0946990966797,314.5538171386719,317.9100555192278,48.13377757379421,-0.5315535290492335,1.1632889458080866,330.49465930252353,307.6947388908358,7.659980765452205,0.023068980163337027,0.02280691398591158,0.018400537988820305
2021-12-22,320.9692687988281,321.3641930953662,313.7927235316347,316.2491091479911,24831500,318.87891845703126,315.34092102050784,318.201409164904,52.790173916899846,-0.17697273631165444,0.8952366093841384,329.9609750353974,307.79686187866514,7.653658536757869,0.0180574524947803,0.01789635317118812,0.018880624803961885
2021-12-23,322.4045715332031,324.0421815699865,320.5165252794348,320.5357805584728,19617800,318.7238265991211,316.09077087402346,318.6017103428373,53.91353473103766,0.21734659562730485,0.7596586066327717,329.513501507565,307.93415169067714,7.358801233457428,0.00447177619136685,0.004461807507647492,0.01891208553748131
2021-12-27,329.8797302246094,329.90862784139654,323.11739392269027,323.1462915394775,19947000,319.3388916015625,316.866279296875,319.67580747443463,59.33998682040316,1.1201183143169828,0.831750548169614,331.1512713511264,307.52651185199863,7.36917659593857,0.023185647324595715,0.022920943940754814,0.01871724306407666
2021-12-28,328.72381591796875,331.1898442438344,327.827960266222,330.55406718206604,15661500,319.56141357421876,317.5905908203125,320.537522564295,58.198826386525475,1.7224435245633458,1.0098891434483606,331.8934768219641,307.2293503264734,7.08294140891527,-0.003504047689906864,-0.0035102012441171012,0.01820311871453319
2021-12-29,329.3981018066406,331.6618171734092,327.2114075590468,328.771937746174,15042000,320.10856475830076,318.2691571044922,321.38138725404224,58.69779770754228,2.2285109422336973,1.253613503205428,333.14656988656156,307.07055963003995,6.894903423590065,0.002051223111988243,0.0020491222262936466,0.01765821877752616
2021-12-30,326.8646850585937,330.5348301286834,326.3830384153024,329.3596111431574,15994500,320.55361022949216,318.87897827148436,321.90360609257095,55.99339620198891,2.397510449769584,1.4823928925182595,333.87300676478463,307.2342136941997,6.6989668728608445,-0.00769104841270174,-0.007720777053252174,0.017773332929016387
2021-12-31,323.97467041015625,326.9030596169077,323.52192157793206,326.084284181864,18000800,320.88257293701173,319.446767578125,322.1008503132934,52.993867202276604,2.272052935858028,1.640324901186213,334.1987041670074,307.56644170701605,6.4619790990118995,-0.00884162401306643,-0.008880943105320853,0.017912116367667465
2022-01-03,322.4623413085937,325.5930436513956,317.6747737807834,323.04032300520043,28865100,321.4480255126953,319.9198889160156,322.1352780271315,51.440922636529834,2.0272260329724077,1.717705127543452,334.00221795995594,308.8938330654347,6.565999868411919,-0.0046680473496520936,-0.004678976708455026,0.017296843937057032
2022-01-04,316.9330139160156,322.8957994595312,314.1490832585769,322.53935638433114,32674300,321.58384857177737,320.31319213867187,321.6398243022633,46.119523539336086,1.3712218465973933,1.6484084713542404,333.8782449629897,309.28945218056504,6.721765320736373,-0.017147203515732512,-0.017295919301543478,0.017695129603164446
2022-01-05,304.7667236328125,314.10103759223983,304.381412211663,313.8987248433004,40054300,320.69087677001954,320.4829766845703,320.03286233374416,37.04007465659371,-0.12889828607842446,1.2929471198677074,334.98452724243634,306.39722629760274,7.13818220528039,-0.03838757639312096,-0.03914379556036099,0.018595096764191164
2022-01-06,302.35845947265625,307.0015395240339,300.0561747269668,301.6552448881316,39646100,319.6750854492187,320.5665222167969,318.3495858707834,35.548231035740756,-1.4948493966934961,0.7353878165554668,336.00327696709684,303.3468939313406,7.124409533265154,-0.007901991829848742,-0.007933378018900194,0.018617796330484482
2022-01-07,302.5125732421875,304.88226603603744,298.7075537396608,302.61852137240913,32720000,318.75706634521487,320.4019934082031,316.8412989537743,35.72663499570737,-2.5357097165952496,0.08116830992532353,336.6975844132081,300.8165482772216,7.056574016344546,0.0005097054992277972,0.0005095756435034031,0.01862455073021213
2022-01-10,302.734130859375,303.1676245403952,293.505795319919,298.1295907297212,44289500,317.3954513549805,320.2192047119141,315.4977591352601,36.000901914800465,-3.304627482479418,-0.5959908485556249,335.85251313771334,298.9383895722476,7.242663673782521,0.0007323914335624071,0.0007321233658354486,0.017162676435673565
2022-01-11,303.4180603027344,304.98820330544083,298.5149021278563,301.87678551872176,29386800,316.21927032470705,319.9102880859375,314.34731162740053,36.89607712439659,-3.8148378849699043,-1.2397602558384808,335.08662082170684,297.35191982770726,7.187709209768378,0.0022591752090121986,0.0022566271097132283,0.017177290038397346
2022-01-12,306.5872497558594,311.538589841844,305.44092874443083,307.93588346156525,34372200,315.73424835205077,319.70802490234377,313.6082581158252,41.01334874732392,-3.9182886099200687,-1.7754659266547983,335.06272882361907,296.4057678804825,7.254339233292752,0.010444959835162582,0.010390788129858755,0.01600873125143717
2022-01-13,293.6117248535156,309.1014943499301,292.8411021331668,308.7065406516053,45366000,314.2965362548828,319.1739434814453,311.70382637655763,31.850494845397222,-4.989771493644412,-2.4183270400527213,335.6133691417071,292.97970336805855,7.897628732112073,-0.04232245441608018,-0.04324414891934316,0.017659574266596416
2022-01-14,298.81353759765625,299.4107746285059,292.6002852144012,293.0819317744249,39846400,313.58851470947263,318.72716796875,310.47617982618607,37.84553788861844,-5.35742947146116,-3.0061475263344093,335.9491273728931,291.2279020460522,7.819975923682977,0.017716638348607594,0.01756152805391245,0.01732556721336388
2022-01-18,291.5406799316406,298.4282204045511,290.6640795954702,292.9085692050015,42333200,312.5698303222656,318.0880126953125,308.6727988838484,33.41905471595251,-6.164598248276604,-3.6378376707228486,336.9112965307871,288.2283641137441,7.843510357861769,-0.02433911704431646,-0.024640208933891464,0.01802256227540797
2022-01-19,292.1956787109375,302.3873360187906,291.58882876082123,295.0470474103309,45933900,311.7712600708008,317.4692626953125,307.10354934357116,34.1658736121896,-6.674492991327327,-4.245168734843745,337.63823698496026,285.9042831566413,8.058020767096641,0.0022466805642713528,0.002244160551229479,0.017938068773089757
2022-01-20,290.5291442871094,300.21022616541995,290.0860377847264,297.72494342024885,35380700,310.5339080810547,316.79929992675784,305.5250345762891,33.14711894897465,-7.130863493437971,-4.82230768656259,337.9339980995236,283.13381806258576,8.20560416806785,-0.005703487577846,-0.0057198145732613994,0.016903192618290153
2022-01-21,285.1636962890625,292.9470927232566,284.7591001939449,291.5792327867731,57984400,308.7436294555664,316.0420257568359,303.58585950131516,30.04132559320874,-7.835168274212833,-5.4248798040926385,337.81070225976845,279.67655665136436,8.204346193870984,-0.01846784773077559,-0.01864050750443015,0.01636587113057854
2022-01-24,285.4912414550781,286.20406911697694,265.9171138006452,281.4743247041222,85731500,306.89796295166013,315.39034240722657,301.86256254453065,30.46962868177704,-8.271555388081254,-5.994214920890362,336.9325966914873,276.863329211833,9.067389702618181,0.0011486215471256944,0.001147962386099188,0.01627304638678895
2022-01-25,277.9005126953125,284.1619200011674,274.7024008441789,280.81929061737725,72848600,304.2990020751953,314.55549682617186,299.5804625588909,26.43111078806892,-9.124719604704978,-6.620315857653285,334.91923937362685,273.6787647767637,9.190350481781113,-0.02658830695147618,-0.026948169071695675,0.015366069790901233
2022-01-26,285.8187255859375,297.1759609807795,282.27381356056463,296.68467202710303,90428900,302.15374755859375,313.7965155029297,298.26982094241913,35.96558370164698,-9.057515388793831,-7.107755763881395,331.6186467103188,272.6888484068687,9.910714610615818,0.0284929769068345,0.028094601606116286,0.017431954084896877
2022-01-27,288.8337707519531,296.01992832954136,286.9938775868818,291.5502640782282,53481300,300.1255310058594,313.11033813476564,297.3711494957081,39.19690051533409,-8.66112654098987,-7.41842991930309,327.3056528089246,272.94540920279417,9.931463762972106,0.010548802076682406,0.010493551674772398,0.017760099504859902
2022-01-28,296.9447631835937,297.1566888577396,283.64168680427184,289.2095201733317,49743700,298.6295349121093,312.5202258300781,297.33054127550673,46.95219605065313,-7.604832445844636,-7.4557104246114,322.89543668550454,274.3636331387141,10.187430783721794,0.028081870103084938,0.027694804039960934,0.01935295636225636
2022-01-31,299.5648803710937,300.9134847485598,295.1240841669652,297.60939667442534,46444500,297.4090454101562,311.9780847167969,297.54333547508645,49.20600157189919,-6.48157464755883,-7.260883269200886,318.72981945617096,276.0882713641414,9.87328576928414,0.008823584424959341,0.008784884087761022,0.019551723609905335
2022-02-01,297.4263610839844,299.2277143206684,293.929602731659,299.0157886812132,40950400,296.1572463989258,311.35175048828125,297.5321950568862,47.434582760773445,-5.698259396619278,-6.948358494684564,314.1231567781615,278.1913360196901,9.570570902866324,-0.007138751660275333,-0.007164354468733984,0.01956578925340164
2022-02-02,301.9538879394531,303.5529582305001,297.5420178765897,298.2644877997953,36636000,295.40829010009764,310.78051818847655,297.9533086647497,51.42186145578608,-4.658443204174944,-6.4903754365826405,310.93001362068503,279.88656657951026,9.32457277741271,0.015222345588225439,0.015107648196512528,0.019745890141190662
2022-02-03,290.1920166015625,299.80569133626227,288.9493603987936,298.12954152402045,43730000,294.67955474853517,310.03723999023435,297.2141379920652,42.41974541876661,-4.728953664921505,-6.138091082250414,309.73696244056987,279.62214705650047,9.587426689073197,-0.03895254145642624,-0.03973148669056136,0.01980066572830741
2022-02-04,294.7099304199219,297.4649349215722,288.95906871396625,289.1902496798736,35096500,294.29712829589846,309.42574096679687,296.9756420328135,46.307982494675485,-4.369902312019974,-5.784453328204326,308.9377428807203,279.6565137110766,9.510172368968394,0.01556870471927052,0.01544875580022292,0.020141233900064004
2022-02-07,289.9031066894531,296.5401816971228,288.8916311687313,294.9314984801919,28533300,293.6666549682617,308.7136749267578,296.3020672382077,42.982350033258825,-4.422245141527412,-5.512011690868944,307.9186859462078,279.4146239903156,9.377199380355762,-0.016310355486222283,-0.016444833596421814,0.020420336099126007
2022-02-08,293.3804931640625,294.3437860965417,288.9397268560699,290.1919959093459,32421200,293.19897308349607,308.22971618652343,296.0238220882891,46.00344179077898,-4.135460173605395,-5.236701387416234,306.8304820067018,279.56746416029034,9.093403656078335,0.011994995549786891,0.011923625744140477,0.020651513652887997
2022-02-09,299.7865905761719,300.48016313840253,296.1068313962416,298.4957806904013,31284700,293.017399597168,307.73998046875,296.382180991897,51.1395838277949,-3.3526156311209547,-4.859884236157179,306.18856324837094,279.846235945965,8.950994107382742,0.021835457916852707,0.0216004787382509,0.02128642822349003
2022-02-10,291.2805480957031,297.7731336434456,289.6622228774468,292.8796180366124,45386200,292.25206451416017,307.19648986816406,295.8963111922595,45.01660970942302,-3.379614143216145,-4.563830217568972,303.86721689075006,280.6369121375703,9.034806506764337,-0.028373658955594516,-0.02878397122490394,0.022004631113984773
2022-02-11,284.21002197265625,293.120483696856,283.4201145266006,292.06085534207085,39175600,291.7819793701172,306.5214147949219,294.783331266583,40.6587964104362,-3.926283276260733,-4.436320829307324,303.8895389491981,279.6744197910363,9.082346697013698,-0.024273938542314855,-0.02457340670154852,0.020603490648457273
2022-02-14,284.17144775390625,285.866852917156,280.65543402557785,282.9865867276755,36359500,291.0498748779297,305.8569354248047,293.7726756939471,40.63568462442056,-4.312918480269843,-4.411640359499828,303.1389015999568,278.9608481559026,8.805851853768301,-0.0001357243438576683,-0.00013573355523990806,0.020111473040518975
2022-02-15,289.4407653808594,289.7586392639557,286.1173914343104,288.9976586537799,27058300,290.94487915039065,305.4226849365234,293.3601128069864,45.21677156496006,-4.146343305417247,-4.358580948683312,303.0514946737003,278.838263627081,8.575947543502666,0.018542741252162598,0.018372920705706734,0.01992496581946726
2022-02-16,289.1028747558594,290.4253105714868,283.4849086505779,288.0120979274478,29982100,290.79023895263674,304.9204113769531,292.954661564022,44.97708657473493,-3.9955381521234017,-4.285972389371331,302.90800199686066,278.6724759084128,8.459122856174542,-0.0011673912779887052,-0.0011680732099592858,0.01991777800065052
2022-02-17,280.6372985839844,286.4965557267332,279.932629979444,286.0718280004565,32461600,290.29564666748047,304.08063415527346,291.781579375447,39.34923490241096,-4.507169385879024,-4.3302117886728695,303.1977589217908,277.39353441317013,8.509917279048887,-0.029282227577376974,-0.02971950955897189,0.02092418021468332
2022-02-18,277.9344482421875,283.65858009488875,276.3706915634675,282.8767017555288,34264000,289.9341842651367,303.18583740234374,290.46280498180323,37.7261402095317,-5.072268306988917,-4.478623092336079,303.76293484912577,276.10543368114764,8.422629511361198,-0.00963111587602461,-0.009677795029214639,0.02063886010369736
2022-02-22,277.7317810058594,281.4191765053362,274.6235623555302,275.10620482012695,41736100,289.5462112426758,302.3230139160156,289.2503265079038,37.60089762898186,-5.4733731864603214,-4.677573111160928,304.2589278968924,274.8334945884592,8.30641412839297,-0.0007291907772134509,-0.0007294567661205364,0.020632459771945676
2022-02-23,270.54034423828125,281.5735712358109,270.3762623285836,280.106319573653,37811200,289.1782028198242,301.1344921875,287.46842343460645,33.36783696758701,-6.298930390451744,-5.001844567019091,305.335010912286,273.0213947273624,8.51290661259542,-0.025893460019350112,-0.02623459735788524,0.02058794936078128
2022-02-24,284.36328125,284.9135007247491,262.094151059809,263.0498031628359,56989700,289.10543060302734,300.2829241943359,287.17269560750105,45.96095540135343,-5.771267351157405,-5.155729123846754,305.3350560159012,272.87580519015347,9.534795402048612,0.05109381024348836,0.04983134599288857,0.02280128688502578
2022-02-25,286.98883056640625,287.2977287820881,281.5253148914239,284.8941789810283,32546700,289.01318359375,299.6969470214844,287.1551846512063,47.97230916037008,-5.0826411800179585,-5.141111535080995,305.2688885100982,272.7574786774018,9.266053865521156,0.009233081376979868,0.009190717050313796,0.022771101071982325
2022-02-28,288.4175109863281,288.7553666251348,282.8285026347826,284.0930236175549,34627500,288.5868209838867,299.0179779052734,287.2754062069322,49.082874895217124,-4.371228605826445,-4.987134949230086,304.43010903403814,272.74353293373525,9.027540303009088,0.004978174297244342,0.004965824158049262,0.021834295887820154
2022-03-01,284.7108154296875,289.5565354038484,282.0079998222269,286.1104609698699,31217800,287.84411773681643,298.45271484375,287.03115946624223,46.32027881226288,-4.059730324515783,-4.801654024287226,302.9339974585593,272.75423801507355,8.92189710862426,-0.012851839487708294,-0.012935138846455455,0.0218469608797597
2022-03-02,289.7688903808594,291.0044539337732,283.50420050610404,285.10654759375143,31873000,287.4612442016602,298.0098052978516,287.29189574382485,50.42106930084462,-3.365921072973606,-4.514507434024502,301.9351923110862,272.98729609223415,8.820351131413181,0.017765657913410227,0.017609693115236864,0.02226323916578388
2022-03-03,285.6470947265625,292.6067899776218,283.8419873820218,292.3751310491908,27314500,286.6459045410156,297.5594055175781,287.1352480278951,47.25315092326081,-3.112784462871957,-4.234162839793993,299.51007734718405,273.7817317348472,8.816383378855098,-0.014224424329607577,-0.014326561168744634,0.02210230519903856
2022-03-04,279.7974548339844,285.39612468595874,277.20086566715224,284.0736891436429,32356500,286.12617645263674,296.8498309326172,286.43641058085603,43.113162119224945,-3.3456226718826656,-4.056454806211728,299.2132595261226,273.03909337915087,8.789943784609038,-0.020478555534330645,-0.020691148559330318,0.020851107085594848
2022-03-07,269.2275695800781,279.63333786848386,268.8607566666478,278.5136040383842,43157200,284.85205841064453,295.8149969482422,284.7974733426867,36.833488518893574,-4.333100745671231,-4.111783994103629,299.244926528052,270.45919029323704,8.943283383375293,-0.03777691709232245,-0.038508960285474486,0.021921525121676454
2022-03-08,266.2738037109375,274.1022488797593,260.626882041736,268.1560912952362,48159500,283.67059326171875,294.6923815917969,283.0333143301392,35.2867075825973,-5.293013884261313,-4.348029972135166,299.96473039281744,267.37645613062006,9.267003630135866,-0.010971260758130041,-0.011031888891970116,0.021799535906412825
2022-03-09,278.4847106933594,279.5465300399745,271.03270963096804,273.6003711570887,35204500,282.9258041381836,293.6644812011719,282.60011398377924,45.479680859422224,-5.010673890151338,-4.4805587557384,298.7309395654035,267.1206687109637,9.553126680057378,0.0458584615243558,0.044838042456709234,0.024282369700139472
2022-03-10,275.6757202148437,276.65066742284495,270.83963327856327,273.1949308694663,30628000,281.7202606201172,292.60351928710935,281.9406479105473,43.77168171153507,-4.956444657836812,-4.5757359361580825,295.7788695375942,267.6616517026402,9.41683744682443,-0.010086695501243081,-0.010137910901460864,0.02365170242165348
2022-03-11,270.34735107421875,279.4596429563479,269.7295545935928,277.9634336750457,27209300,280.673600769043,291.4225042724609,280.8365244023255,40.65286321890888,-5.282528755898511,-4.717094500106168,294.8458021613402,266.5013993767458,9.439212512248048,-0.01932839474028525,-0.019517630546702604,0.023242438407830263
2022-03-14,266.8433837890625,275.49232901217977,266.2449118112666,270.60798934145595,30660700,279.8052688598633,290.2220782470703,279.50384434391947,38.70005809163006,-5.757326749994661,-4.925140950083867,295.08888807923114,264.52164964049547,9.4255128471527,-0.01296098249616029,-0.013045708917802865,0.02284367644210805
2022-03-15,277.1815490722656,277.82830290735563,269.053866830209,270.61762363193617,34245100,279.4557739257813,289.2862158203125,279.2826733656667,46.817263886058925,-5.23901197348971,-4.987915154765036,294.64341716246037,264.2681306891022,9.536899009377018,0.03874244561137541,0.038010794584782355,0.02467247965059876
2022-03-16,284.1702575683594,284.34400179367987,273.3687163552092,279.0735246270153,37826300,279.19224853515624,288.5203741455078,279.74815757544695,51.49338352375923,-4.215717246072472,-4.833475573026524,293.85144308636745,264.533053983945,9.639640897169423,0.025213469365061192,0.024900853701867773,0.024992989702225205
2022-03-17,284.9714050292969,285.3478508163391,279.3244825584088,283.1084122705425,30816600,278.9856750488281,287.88114196777343,280.24560971390883,52.01425122862421,-3.302039046840946,-4.527188267789409,293.1897914243265,264.78155867332976,9.38133570865234,0.0028192516267990797,0.002815284990479838,0.025004330268480788
2022-03-18,290.00054931640625,290.55076880569743,282.56787290557435,285.11620984529543,43390600,279.4538375854492,287.5858184814453,281.17465158081336,55.261908705245325,-2.147378929988804,-4.051226400229289,294.4405028693492,264.4671723015492,9.28144715090025,0.01764789097556063,0.017493975168832023,0.024347195220880462
2022-03-21,288.7746276855469,289.7206174710808,284.662504677972,288.5140113733799,28351200,279.9958465576172,287.31414184570315,281.89845882888324,54.2972164223304,-1.3160534536633577,-3.5041918109161023,295.4987094626016,264.4929836526328,8.999775542866967,-0.004227307961137128,-0.004236268288393896,0.024242006778941536
2022-03-22,293.5045166015625,294.4118867402999,288.39815136686497,289.3923936093338,27599700,280.7844833374023,287.1339807128906,283.0037976643765,57.387994440742155,-0.2724192386987738,-2.8578372964726366,297.3169544496023,264.25201222520235,8.786486959336107,0.01637917068381123,0.016246479026621238,0.02443461665804415
2022-03-23,289.0931701660156,292.7033557846491,287.3846264690427,290.0777796338965,25715400,281.7121246337891,286.8611614990234,283.58373790262783,53.737847585024994,0.1964451085227097,-2.2469808154735675,297.9201135825588,265.5041356850193,8.596015757420657,-0.015029909885630022,-0.015144003637207084,0.023871687804279687
2022-03-24,293.54315185546875,293.6396862396896,287.96380616213776,288.7553468713274,24484500,282.1711181640625,286.6636633300781,284.53225351718413,56.727836906566964,0.916534573925901,-1.6142777375936739,299.15479033068766,265.1874459974373,8.387434637430026,0.015392898029717106,0.01527562924799803,0.0213322628777888
2022-03-25,293.13775634765625,294.8945822052207,288.9001703045881,294.63396584716253,22566500,282.478564453125,286.39467346191407,285.35182521532437,56.37039924983272,1.4379231507675172,-1.0038375599214358,300.0136261134784,264.9435027927716,8.216504441944496,-0.001381042293952417,-0.0013819968117821369,0.021269670400543898
2022-03-28,299.9140625,300.01056743386323,293.7651722801995,293.7651722801995,29578200,283.0533920288086,286.5207202148438,286.738704956722,60.814907598151834,2.3705919208359205,-0.32895166376996454,302.0244695340268,264.0823145235904,8.120526345106102,0.023116456360903426,0.02285331857537593,0.021815615683920885
2022-03-29,304.46044921875,304.8562194787221,298.32122323962943,303.01252217608913,30393400,284.0408737182617,286.63365844726565,288.4264901245342,63.501348811277346,3.4369747476463886,0.42423361851330604,305.1857149425817,262.89603249394173,8.00727419467657,0.015158964807627129,0.01504521580482888,0.021698552310978277
2022-03-30,302.9642944335937,304.9817657302456,300.76344611358445,302.8677895133497,28163600,284.7006439208984,286.8621307373047,289.81104291587326,61.995059540646864,4.113940686102012,1.1621750320310473,307.293126273598,262.10816156819885,7.7366345819611855,-0.004914118694219427,-0.0049262326781545004,0.02151007229828239
2022-03-31,297.6070251464844,304.1999383958244,297.2016219305857,303.00296492746145,33422100,285.2986404418945,286.9703576660156,290.55351741402666,56.79961778685468,4.17008407724677,1.763756841074192,308.5822321094846,262.01504877430443,7.683897573623866,-0.017682840471762495,-0.01784104972922548,0.021664499583913442
2022-04-01,298.67852783203125,299.3638720029751,294.93321694040014,298.6302459022579,27110500,286.24269409179686,287.1333453369141,291.3273279300271,57.56559870047778,4.2520247366517765,2.261410420189709,310.0819969436737,262.40339123992004,7.451523108548942,0.0036003944632001517,0.003593928558279463,0.020992134620071264
2022-04-04,304.0357971191406,304.1709216917822,298.9583889350334,299.3252019235952,24289600,287.98310546875,287.51078735351564,292.5376583289903,61.26373566163428,4.695127649554422,2.7481538660626517,311.68146499125413,264.2847459462459,7.311585305063373,0.0179365732314114,0.017777610913614142,0.018812862011671528
2022-04-05,300.0877380371094,303.9392148944746,299.11279097971965,302.3947533501223,23156700,289.6738021850586,287.80271728515623,293.2567135392873,57.30051471357293,4.673837439164458,3.1332905806830134,311.70160488692505,267.64599948319216,7.140972507517487,-0.012985507362753612,-0.013070556133411352,0.018915099669765033
2022-04-06,289.1028747558594,296.34251268797607,286.4097211968266,294.5953490903449,40110400,290.20471038818357,288.0267645263672,292.86110984562754,47.9968645197042,3.7276085802217267,3.252154180590756,311.63185848903294,268.7775622873342,7.6079042455721515,-0.03660550528689577,-0.03729229923756908,0.018794336607757218
2022-04-07,290.90777587890625,293.1086232911842,286.0620584466318,286.3612942755448,31411200,290.96631317138673,288.12854553222655,292.67507803927316,49.44919797877814,3.0877620301225193,3.2192757504971086,311.33008172398144,270.602544618792,7.56780857407074,0.006243110258142837,0.006223702778766137,0.018593409185516517
2022-04-08,286.6607360839844,290.6666636194937,285.994686964746,290.0102767785,24361900,291.781982421875,288.0850848388672,292.1022835673409,46.180934025415155,2.2124743843801298,3.017915477273713,309.9671709987663,273.5967938449837,7.378185741219991,-0.014599265289800156,-0.014706883276652316,0.018324553587399834
2022-04-11,275.35723876953125,282.4520607322384,275.106255215354,281.6605493335074,34569300,292.2076751708984,287.65333435058596,290.50751739612093,38.82581591061737,0.5997908375956627,2.534290549338103,308.31804222960164,276.0973081121952,7.67649253603502,-0.039431620349783425,-0.04023010758424979,0.0203852181245394
2022-04-12,272.2682189941406,280.6468837008444,270.7527148401565,279.1989565504998,30966700,291.9620086669922,287.1074011230469,288.7704413578371,37.087429917176536,-0.9169604228803223,1.844040354894418,309.0985779870209,274.82543934696344,7.83489798779594,-0.011218226145767174,-0.01128162503937697,0.018598927040562485
2022-04-13,277.6351623535156,278.5618273559958,271.53455638271043,272.9149358006847,21907200,291.63525390625,286.7115771484375,287.7099385955208,41.95054737100594,-1.6667163797945364,1.1418890079566273,309.5836343732132,273.6868734392868,7.7772103439023255,0.01971197144933945,0.019520206487157,0.018232124611258827
2022-04-14,270.1156616210937,278.3012882088098,269.6233863517897,278.088924351685,28221600,290.89246673583983,286.07481262207034,286.03429316938485,37.568763880270566,-2.834984308968444,0.3465143445716131,310.9841223251053,270.80081114657435,7.841545451982168,-0.027084108038330057,-0.02745764250401677,0.019107280412060616
2022-04-18,270.7817077636719,272.65436281401867,268.67739376545774,269.2276132247998,20778000,289.9315246582031,285.6866064453125,284.5816659878884,38.18466290948279,-3.6648545405773802,-0.45575943245818556,311.856633724342,268.00641559206423,7.565504280309223,0.002465781282658286,0.0024627462321479858,0.01855846275626766
2022-04-19,275.395751953125,276.2355745053736,268.74495475070785,269.68128222004106,22297700,289.26258087158203,285.3003228759766,283.7068170321966,42.422302294741286,-3.905201145208366,-1.1456477750082217,312.0860451114629,266.43911663170115,7.560155385620405,0.017039718921782132,0.01689617129079983,0.019101316144178582
2022-04-20,276.4190368652344,279.643115136363,275.46341400907323,279.3535119212298,22906700,288.40830688476564,285.0306414794922,283.0127427305812,43.349833331885016,-3.96737360718447,-1.7099929414434714,311.80454385809236,265.0120699114389,7.323527371164519,0.0037156888036657953,0.0037088026845354446,0.018657973965772207
2022-04-21,271.0616149902344,283.11801238910374,270.3376514098414,278.56186707817085,29454600,287.50672912597656,284.58426391601563,281.87454008864336,39.74031371710883,-4.398244675887383,-2.247643288332254,312.08762152404563,262.9258367279075,7.713301200314364,-0.01938152283488337,-0.01957180722876223,0.01883232053899143
2022-04-22,264.5170288085937,273.368704598998,263.8895994942571,271.90145264874303,29405800,286.0554229736328,283.8788726806641,280.2214437762577,35.81692532073535,-5.207774528524567,-2.8396695363707165,312.4033393458418,259.7075066014238,7.839430050630548,-0.02414427502719807,-0.024440526269676143,0.018870088927048657
2022-04-25,270.9747619628906,271.35120773294403,261.37016600391445,263.80270265842034,35678900,284.94727325439453,283.47275695800784,279.34080741307986,41.910983844229825,-5.267526901860322,-3.3252410094686375,311.86853050690695,258.0260160018821,7.9924023133733355,0.024413298392859994,0.02412005689979625,0.01998082773789865
2022-04-26,260.8393249511719,268.6967298664818,260.62696106383044,267.86659887115906,46518400,282.9935363769531,283.0053430175781,277.5787614643267,36.115073339710236,-6.062837532595381,-3.872760314093987,310.93854342874243,255.04852932516377,8.160645069493825,-0.03740361994711072,-0.03812108271349925,0.020281194313641754
2022-04-27,273.3879699707031,280.86892738240044,269.46891592845344,272.30685567741426,63477700,281.4399124145508,282.78967346191405,277.179638464934,46.060816145342386,-5.615820474973987,-4.2213723462699875,307.85120055549294,255.02862427360867,9.008427738189164,0.048108716052996714,0.04698731721036265,0.023272918214174626
2022-04-28,279.5754699707031,280.87861047579827,271.68907938541145,275.2896026631033,33646600,280.2704711914063,282.5923675537109,277.40781289405487,50.17942562888763,-4.708005737806445,-4.318699024577279,304.7678423775409,255.77310000527166,9.021363691917568,0.022632671074235944,0.022380352179645402,0.02408610013207208
2022-04-29,267.8858642578125,279.81680135936267,266.9012842301464,278.59087064005706,37073900,278.78441314697267,282.16802734375,276.5009606429842,43.43217077054073,-4.875606547745633,-4.43008052921095,302.48783480204213,255.0809914919032,9.299517508867476,-0.04181198627374416,-0.0427112637678407,0.025390574155993446
2022-05-02,274.5945739746094,275.0482590184196,266.6309742081337,268.0692391635906,35151100,277.58021545410156,282.0471728515625,276.31940000790087,47.77251673903363,-4.416187529147237,-4.427301929198208,299.4984184019154,255.66201250628774,9.236500887540222,0.025043164316951083,0.02473472323243873,0.02620968196417996
2022-05-03,271.998046875,274.26647285650915,270.42462737594974,274.1023614203299,25978600,275.9783279418945,281.92844482421873,275.90784256667223,46.29204624566273,-4.213047297118521,-4.384451002782271,294.3194295177675,257.63722636602154,8.874604152620181,-0.009455857273601764,-0.009500847732180817,0.025721466020099316
2022-05-04,279.9133605957031,280.78211122173315,267.1233340856761,272.77989016075946,33599300,274.96960906982423,281.9720764160156,276.289320474199,51.251593319421104,-3.374458872115497,-4.182452576648916,289.7740042730896,260.1652138665589,9.216330794294242,0.02910062705097549,0.0286852431794935,0.02675501392376837
2022-05-05,267.7218322753906,276.40939830190524,264.8163146554661,275.627519716172,43260400,273.90055694580076,281.9157061767578,275.47336921716965,44.44403196365103,-3.651533346772112,-4.076268730673555,287.50771834930174,260.2933955422998,9.636381876147299,-0.0435546495328657,-0.044531626635152005,0.027253073588848476
2022-05-06,265.1927795410156,269.5558574797056,261.85287196809537,265.26998938550594,37780300,272.61480712890625,281.5322961425781,274.4942654384883,43.16322839252908,-4.028749368726437,-4.066764858284132,284.2706301111282,260.9589841466843,9.49828213582322,-0.009446568899070917,-0.00949147073363857,0.0271841738591753
2022-05-09,255.39508056640625,262.904996341923,254.1788415540158,260.68485272752093,47726000,271.05152435302733,280.9004211425781,272.67529545067094,38.5306164142841,-5.0599601375344605,-4.265403914134198,283.1316307175711,258.97141798848355,9.60654326805012,-0.03694557216665861,-0.03764534974341445,0.028075894893247504
2022-05-10,260.144287109375,264.246748037816,255.8680819645109,262.25826345033016,39336400,270.2908767700195,280.33495666503904,271.48186608483326,41.79181831841455,-5.4313713559644725,-4.498597402500253,283.08542093255676,257.49633260748226,9.552623568290093,0.018595528670466654,0.01842474577727429,0.027361215634936983
2022-05-11,251.5049591064453,261.9396861119795,250.29835302848664,256.4568751636927,48975900,269.2527137756348,279.6708395385742,269.579303515463,37.85713190047625,-6.349644244073943,-4.868806770814991,284.39171621152,254.11371133974959,9.701817105090289,-0.03320975485922306,-0.03377372004568859,0.028161025607627118
2022-05-12,246.48550415039065,250.8582435521003,241.3405338858611,248.74426727264887,51033800,267.6952308654785,278.8051718139648,267.3798940521228,35.75107891420723,-7.397140557530747,-5.374473528158142,285.276540847497,250.11392088345997,9.734860541911283,-0.019957677868014723,-0.020159522401036807,0.027829187259006582
2022-05-13,252.05520629882807,253.90856640021337,246.48552263469372,248.4160925719804,34925100,266.7922080993652,278.13333404541015,265.92039998038047,39.756013100677755,-7.689223930220919,-5.837423608570698,285.5962246091402,247.98819158959023,9.569732092476386,0.022596469385230522,0.02234495107148295,0.02802376865396777
2022-05-16,252.4220123291016,256.59205034843524,246.9005812826205,250.9354652701601,32550900,265.87422332763674,277.5858251953125,264.63483925168725,40.02117837749162,-7.801176816036502,-6.230174250063859,285.58050497883187,246.16794167644161,9.578427590571982,0.0014552606774511645,0.0014542028118206332,0.028014152853371554
2022-05-17,257.557373046875,259.01493349139474,253.348714764612,256.87199942771946,28828800,264.98230438232423,277.35242126464846,263.96079485122897,43.75381078410879,-7.390328486228725,-6.462205097296833,284.4978765528122,245.46673221183624,9.365177131409208,0.020344345845235035,0.020140164290075414,0.028148803080749792
2022-05-18,245.8308258056641,255.0417455754485,244.56335973469547,254.46121977706724,31356000,263.4528938293457,276.943561706543,262.23413113260375,37.946525097887644,-7.91966956347045,-6.753697990531557,283.9149862673297,242.9908013913617,9.624379715749948,-0.04552984487489975,-0.04659890385352439,0.029647576743735395
2022-05-19,244.92135620117188,249.30429522500648,243.70226967132928,245.65667612599017,32692300,262.14588088989257,276.27229461669924,260.58529542484837,37.530476464311185,-8.316693115930178,-7.066297015611282,283.8015763411374,240.49018543864776,9.337068704173323,-0.003699575110288178,-0.0037064354637753147,0.02946592508654672
2022-05-20,244.36016845703125,250.1460272870901,238.43887034074825,248.8882164839808,39199300,261.13803787231444,275.64598358154296,259.0400452374372,37.25901503592639,-8.57774143871842,-7.36858590023271,284.09556387454643,238.18051187008243,9.506360721471074,-0.0022912977163154213,-0.002293926755636761,0.02910773775951768
2022-05-23,252.18753051757807,253.0099396685088,245.2019394152582,247.1950702704872,33175400,260.1986763000488,275.28278717041013,258.3874247879268,43.40758612908732,-8.060109488053342,-7.506890617796837,283.0063172938907,237.39103530620696,9.445175756471537,0.03203207016090759,0.031529742313843825,0.029539621353084466
2022-05-24,251.1909942626953,252.84546796218024,245.2696951051506,249.5171805265684,29043900,259.716259765625,274.9697393798828,257.7020504521905,42.83207419139697,-7.642200059995275,-7.533952506236525,282.8550403266574,236.57747920459263,9.311646977939972,-0.003951568314410792,-0.003959396389403077,0.02842525313405529
2022-05-25,253.99679565429688,255.98991161054977,248.7818072528061,249.759025197284,28547900,258.7467010498047,274.50604431152345,257.3491690428673,45.04146407901001,-7.003862932015807,-7.427934591392382,281.1253138619462,236.36808823766316,9.161393933640237,0.011169991980951588,0.011108068318376234,0.026140699400557833
2022-05-26,257.2670593261719,258.43776617311875,252.9421849537325,253.7549092585627,25002100,257.63128051757815,273.96798034667967,257.34134906984866,47.584152056608914,-6.163049414252498,-7.174957555964405,277.8672881404993,237.395272894657,8.899550168336381,0.012875216254011335,0.012793035303862242,0.02571800327452474
2022-05-27,264.3687438964844,264.4655031151688,258.87316278571984,259.763306260141,26910800,257.4554244995117,273.5559271240234,258.0106247676235,52.70175123606876,-4.867542055247753,-6.713474455821075,277.39081233566594,237.52003666335744,8.778042569812134,0.02760432909255095,0.02723019906347092,0.024996570286325227
2022-05-31,263.043212890625,265.8490529082615,260.1986632824182,263.6817882645863,37827700,256.8778564453125,273.0167803955078,258.489918874576,51.68736982752136,-3.9028132125604884,-6.151342207168958,275.41376580050155,238.3419470901234,8.554638788100076,-0.005013947512563677,-0.005026559522358272,0.02428214931598087
2022-06-01,263.57537841796875,268.674267192914,261.27264493032675,266.26511923779674,25292200,256.45672302246095,272.51279541015623,258.97424835489915,52.08610016991479,-3.0600430719483143,-5.53308238012483,273.9529469171548,238.9604991277671,8.47228046484916,0.0020231106573542768,0.0020210669249885946,0.02422886552819763
2022-06-02,265.6651916503906,265.7329260451573,253.106632514686,255.8641074025944,44008200,255.74431457519532,271.9560089111328,259.61148104970783,53.70204249404401,-2.198172042136491,-4.866100312527162,270.27029671190957,241.21833243848107,8.768995683822169,0.00792871187348898,0.007897444800504538,0.023274896214555977
2022-06-03,261.2532653808594,264.571926206195,259.6955513321792,261.53385823484007,28059000,255.42088623046874,271.3992108154297,259.7678414621985,49.87754108637614,-1.8498151024786011,-4.2628432705174495,269.13085542093734,241.7109170400001,8.569041729135687,-0.01660709196460053,-0.016746535708765345,0.02147429532741214
2022-06-06,260.0245666503906,265.27826522689224,258.5442419264379,263.2270994161104,22400300,255.1624755859375,270.7288391113281,259.79229148012155,48.834473669082705,-1.653821215405344,-3.7410388594950286,268.30922217458,242.015728997295,8.437968984229878,-0.004703094251004014,-0.0047141885976102185,0.021402186812999307
2022-06-07,263.6528015136719,264.26235216439045,257.3057859751541,257.9830710374571,22860700,255.5753616333008,270.13914001464843,260.15995910236444,52.024963220039105,-1.1919859448109378,-3.2312282765582108,269.2341079948816,241.91661527171996,8.332154498873198,0.013953431054687604,0.01385697813279083,0.019842805852647832
2022-06-08,261.63067626953125,264.1365839069745,260.8566319339603,262.88845771552224,17372300,255.6496810913086,269.37347229003905,260.30002740399937,50.14810382284714,-0.9778744452190153,-2.780557510290372,269.42275662694,241.8766055556772,7.971282889883272,-0.007669652029226648,-0.007699215066163956,0.019538196400280077
2022-06-09,256.193115234375,263.8559613723618,256.0383063846379,259.08602995149107,26439700,255.88408889770508,268.4081256103516,259.90889291165416,45.404586810942796,-1.2327449546655203,-2.470994999165402,269.5259781253237,242.24219967008645,7.960309468300458,-0.020783346634606792,-0.021002360255343824,0.018585226397854406
2022-06-10,244.77621459960932,252.11977283149903,244.3311428589637,252.11977283149903,31422800,255.79862442016602,267.2443640136719,258.4676854533642,37.404441423363544,-2.329131359373662,-2.442622271207054,269.6940272651685,241.90322157516354,8.238999675951233,-0.0445636512297416,-0.04558713314578523,0.020741163177747768
2022-06-13,234.3945770263672,240.9351106086177,233.6882819563293,237.1520524259518,46135800,254.91559295654298,265.98011505126954,256.17500846031686,31.900238817735996,-3.98974556993781,-2.7520469309532056,271.61251647804465,238.2186694350413,8.442494887903289,-0.04241277115190223,-0.043338461452100706,0.022043324962017836
2022-06-14,236.5522003173828,237.76161683238632,233.6689407159772,235.9426496695378,28651500,254.12210235595703,264.7375885009766,254.30616958956122,34.07162974858059,-5.073211306339374,-3.21627980603044,272.6279931673956,235.61621154451845,8.131793547082278,0.00920509048625684,0.009162981852758564,0.02220057207183367
2022-06-15,243.58615112304688,247.01122689050288,238.4195274205562,240.24816456305047,33111700,253.4235412597656,263.5285955810547,253.28521544989317,40.708911345980155,-5.30315321439204,-3.63365448770276,272.40661480007816,234.44046771945304,8.298024477513549,0.02973530069146091,0.029301779594112554,0.02281130677926475
2022-06-16,237.0166015625,239.38705487358808,235.12991483585373,237.9938047482541,33169200,252.98283004760742,262.2671728515625,251.73582365109382,36.965751344369814,-5.946938968102074,-4.096311383782623,273.0299705918192,232.93568950339565,8.309325321062092,-0.026970127530888566,-0.02734049586030732,0.021297456753507228
2022-06-17,239.6095733642578,242.3670486857971,236.10710816342052,236.75535358790023,43084800,252.7172409057617,261.27730682373044,250.58094267139515,39.336698263308,-6.17671137821219,-4.512391382668536,273.31765401760765,232.1168277939158,8.162940692584556,0.010940042953379692,0.010880633584765835,0.02147260612487076
2022-06-21,245.5018768310547,246.4790800376809,241.4092008096241,242.1348507017861,29928300,252.7743263244629,260.36918884277344,250.09722211517226,44.44999879077615,-5.816301321793702,-4.77317337049357,273.2879352015486,232.2607174473772,8.070552548358735,0.024591268971708935,0.02429377108485089,0.022208074386104896
2022-06-22,244.91168212890625,248.82052450028,242.2412810648192,243.7119356534914,25939900,252.4105339050293,259.5342077636719,249.6033611640993,44.04949092263481,-5.514727193183717,-4.9214841350316,273.20895063202295,231.61211717803567,7.964030468866026,-0.002404033361238178,-0.0024069276890767667,0.020930359293395102
2022-06-23,250.45562744140625,250.9490788169728,245.3954477538114,247.2724645049341,25861400,252.37376556396484,259.0361755371094,249.68452938098568,48.7232675811737,-4.7733532248347785,-4.891857952992235,273.18327317886354,231.56425794906613,7.826413770237491,0.02263650824782637,0.022384104422752786,0.021584082506590753
2022-06-24,259.00860595703125,259.2795140264686,253.2227477629766,253.3098221931424,33923200,252.62435607910157,258.7709832763672,250.5725366739424,54.97247722612659,-3.455818601949318,-4.604650082783652,273.6258274757178,231.62288468248533,7.897661828439266,0.03414967594459806,0.0335795199087956,0.022783974109016968
2022-06-27,256.2899475097656,259.58921056194794,254.73220331491711,259.5021360954201,24615100,252.57550048828125,258.34407897949217,251.11705199163987,52.77096189476003,-2.6010526213856338,-4.203930590504049,273.53805345224805,231.61294752431448,7.680472215481521,-0.010496401991046733,-0.010551877757190447,0.02275437162778611
2022-06-28,248.1529235839844,258.2442876848407,247.99811473013293,255.4094225201884,27295500,251.76470947265625,257.90482421875,250.83475404805364,46.73785758571232,-2.5508298714748037,-3.8733104466982002,272.08452290095573,231.44489604435677,7.863736553997681,-0.03174929022712125,-0.032264227540419195,0.022842860434885617
2022-06-29,251.8101959228516,253.4646694000384,247.4562818313553,249.22686932972684,20069800,251.20305862426758,257.5253939819336,250.9276532742249,49.53071867755673,-2.190664056091208,-3.536781168576802,270.8548396375122,231.55127761102298,7.731211626475209,0.014737978042114186,0.014630429455175342,0.023171746713227342
2022-06-30,248.4915313720703,251.10388274506585,244.68913309560924,248.70438985080892,31730900,250.44886627197266,256.9873095703125,250.6956416644959,47.116405559743214,-2.1482548024359858,-3.259075895348639,269.2842820934469,231.61345045049845,7.6876295693871475,-0.013179230247682416,-0.013266846968054049,0.023284561139929202
2022-07-01,251.1522521972656,251.33608586530872,246.3436258304713,248.065848489126,22837700,249.7232192993164,256.48197387695313,250.73912838190253,49.25218758071574,-1.8782954090730186,-2.982919798093515,267.2291689679218,232.21726963071103,7.495117459776453,0.01070749095755441,0.010650571723882379,0.02335938433112211
2022-07-05,254.31613159179688,254.4419156439833,246.469436006713,247.8433315091213,22941000,249.3763626098633,256.1470642089844,251.07979535427341,51.74769747955443,-1.3929944465146775,-2.6649347277777475,266.2170161507581,232.53570906896843,7.5292147581688695,0.012597455793652346,0.012518768002275459,0.023346823627212198
2022-07-06,257.5669860839844,259.2891938730712,253.88068722348527,255.1868628533965,23824400,249.25348358154298,256.0080633544922,251.6976230428173,54.237767005014206,-0.7375708901874418,-2.2794619602596864,265.8151147627786,232.6918524003074,7.377735607555804,0.012782730186402302,0.012701720708685088,0.02353083680269731
2022-07-07,259.6859130859375,260.32448856109585,256.4156460435075,256.5124052718838,20859900,249.05513916015624,255.78228637695312,252.45841257073351,55.837509694043554,-0.046625825784531116,-1.8328947333646555,265.00597960936204,233.10429871095042,7.129957529700987,0.008226702630523608,0.008193047765495044,0.02338380634351038
2022-07-08,258.969970703125,259.395687723977,254.74185483976467,256.1931548126402,19658800,248.92210388183594,255.7448992919922,253.0785609642946,55.13617340885351,0.4381320354553395,-1.3786893796006565,264.49099811624274,233.3532096474291,6.973821866591833,-0.002756955024262653,-0.0027607624242627026,0.02333022506788069
2022-07-11,255.92218017578125,257.87658633518555,253.6678116019492,257.0251525146876,19455200,248.90855712890624,255.39558349609376,253.34938184157906,52.13414858820332,0.5698065338414153,-0.9889901969122422,264.4525728915895,233.36454136622294,6.85441738334783,-0.011768895517378919,-0.011838697167623024,0.022997365135574335
2022-07-12,245.4341583251953,257.3057954639804,243.8570743997537,257.24774583098747,35868500,248.94145431518555,254.7127572631836,252.5955510304949,43.38089824968883,-0.17017452284119372,-0.8252270620980325,264.4530994756656,233.42980915470548,7.325439074839177,-0.04098129299845055,-0.041844697509444244,0.02264156265908187
2022-07-13,244.51498413085932,245.3180384343123,240.05465562247608,242.0671263895537,29497400,249.44747467041014,254.24533966064453,251.82597323052963,42.704182323545965,-0.8213168873362804,-0.8244450271456821,263.63138488841406,235.26356445240626,7.186443619687752,-0.003745094817315997,-0.003752125243475519,0.020327886425937223
2022-07-14,245.8308258056641,246.8564085878712,237.955106514126,242.43478974627132,25102800,249.91140594482422,253.67006469726562,251.25500680911387,44.04973438859195,-1.217143997855544,-0.9029848212876546,262.93756385255284,236.88524803709558,7.3089335092632846,0.005381435740970941,0.005367007555409313,0.02027757294010005
2022-07-15,248.38510131835932,251.91659126646925,246.4984147054872,247.41756820782143,29774100,250.15135345458984,253.19780578613282,250.98168247666104,46.66800310527216,-1.3096344965618414,-0.9843147563424919,262.8759218974794,237.4267850117003,7.221564362944847,0.0103903792550184,0.010336770289709517,0.01933032876144146
2022-07-18,245.9953155517578,252.3713557823353,245.07616196648328,251.3167481398981,20975000,250.60028915405275,252.5194448852539,250.506790388575,44.56665493567963,-1.55781213366393,-1.0990142318067795,262.00461542811973,239.19596287998576,7.226823609581075,-0.00962129271811063,-0.009667876392476994,0.018367081422949887
2022-07-19,251.1038818359375,251.2877154999448,245.4438068994524,249.2171803481861,25012600,251.1750045776367,252.18708587646483,250.56365624070477,49.773085096764085,-1.3269795003629952,-1.1446072855180227,261.4038373994396,240.9461717558338,7.128043966074741,0.020766925064086506,0.020554232088251734,0.018745746280861005
2022-07-20,253.75489807128903,256.2704900620598,250.5040009952903,251.4618493254029,22788300,251.58765563964843,251.9583282470703,250.86758403409374,52.27795976823215,-0.9195283700238406,-1.0995915024191865,261.5295966826432,241.64571459665365,7.030790044695796,0.010557448240022138,0.010502107546922542,0.01812831655231516
2022-07-21,256.241455078125,256.2898494477531,248.6850241528753,251.3554248784185,22404700,252.15414428710938,251.97525573730468,251.37938127638245,54.566689930630965,-0.391463496762384,-0.9579659012878261,261.7965713431499,242.5117172310689,7.071792562565941,0.00979905028724759,0.009751350946343345,0.018184237097504635
2022-07-22,251.9068756103516,256.7155157613963,250.6587793100104,256.6284413353328,21881300,252.22670669555663,251.81050750732422,251.42961883199854,50.0596002433894,-0.3190547530692527,-0.8301836716441114,261.83870829684946,242.61470509426377,6.999288554624511,-0.016915996150786206,-0.01706070587456754,0.018020100378363074
2022-07-25,250.4265899658203,253.00991644481687,248.4721836500705,252.52614987417672,21056000,251.7976058959961,251.78894012451173,251.3340922733149,48.58374810733905,-0.3767737687928445,-0.7395016910738581,260.91370798669806,242.68150380529414,6.823463143204644,-0.0058763209259161675,-0.005893654437938463,0.016211655126494258
2022-07-26,243.72157287597656,251.44249735505653,241.46723382900603,251.4231277966496,39348000,251.16918716430663,251.73366149902344,250.60909042594935,42.47529898936811,-0.9525746598596356,-0.7821162848310137,260.68401307715845,241.6543612514548,7.048591741979348,-0.026774381629198762,-0.027139344569255243,0.017069959927761506
2022-07-27,260.0148620605469,261.28232818719346,250.4459740907152,252.68097341491003,45994000,251.76228408813478,251.8928546142578,251.50487820067292,56.71672846070149,-0.09309559785381794,-0.6443121474355745,261.90893279519355,241.615635381076,7.799460568353459,0.06685205988253462,0.06471231217491016,0.021738802630811134
2022-07-28,267.43585205078125,268.81941742326114,259.17311035737987,260.99207747518795,33459300,252.54356689453124,252.1931314086914,253.02211380544514,61.40360697838246,1.1733341576150451,-0.2807828864254506,264.7764960661292,240.31063772293328,7.931378175319732,0.02854063775979987,0.02814094100731428,0.022356121626937876
2022-07-29,271.6252136230469,272.84431469044125,267.6486670392354,268.68393446863337,32152800,253.70025100708008,252.47448822021485,254.7938375975977,63.78753113699969,2.4863739586033944,0.27264848258031843,268.32321013209156,239.07729188206864,7.7511699227726085,0.01566492128912511,0.015543492878907099,0.02217014133687205
2022-08-01,268.98388671875,272.147709327751,266.8843268988861,268.80005306751355,21539600,254.5918327331543,252.93754943847657,256.14527084723125,61.220100345272556,3.276069958936972,0.8733327778516492,270.5940421493918,238.5896233169168,7.573470816064913,-0.009724159510326014,-0.009771747905481225,0.022348352737301534
2022-08-02,265.8974914550781,268.8678255810628,263.53670799309106,267.0391735890701,22754200,255.17090072631837,253.3570721435547,257.07405376226427,58.268802005849125,3.6112353517380598,1.4209132926289314,271.9124003258687,238.42940112676803,7.421592809607344,-0.011474275657630817,-0.011540613096144446,0.022489991411320367
2022-08-03,273.2991027832031,274.29566079302055,267.6293429063653,267.7744965070368,23518900,255.9575065612793,253.93585083007812,258.6192965261632,62.88919452770696,4.423117570543866,2.0213541482119184,274.461044353771,237.4539687687876,7.491348275916993,0.027836333797738977,0.02745594599001763,0.023097137517582713
2022-08-04,274.4407653808594,274.5858894444568,271.0737689983291,272.65082319177765,18098700,256.6952491760254,254.38091552734375,260.1261030837533,63.55938749899886,5.099874529585975,2.6370582244867298,276.8384818473573,236.55201650469354,7.20711771664633,0.00417733752518723,0.004168636673301296,0.02306865930882374
2022-08-05,273.724853515625,274.4408187197017,269.6321769661417,270.0869188049732,16774600,257.43299331665037,254.83159271240234,261.421222172503,62.793577234023324,5.514869211613586,3.212620421912101,278.89317434968916,235.9728122836116,7.03579800499731,-0.0026086207136205575,-0.002612029093371335,0.023066729213401096
2022-08-08,271.2188720703125,276.6370630638141,270.25133901885744,274.82775145511005,18739200,258.197827911377,255.17603424072266,262.3543316865801,60.06542255046891,5.577252631107569,3.685546863751195,280.46334073894155,235.9323150838124,6.989364150708691,-0.00915511110199374,-0.00919727668266201,0.022985769425072033
2022-08-09,273.13458251953125,273.88925715701384,268.5968499150632,270.5609704551994,23405200,259.5828491210938,255.49338470458986,263.3810222420993,61.444463667722,5.715390301804234,4.091515551361803,281.94618970010345,237.21950854208413,6.868152942940258,0.007063337571590944,0.007038509049030645,0.02050733228298024
2022-08-10,279.7719116210937,280.400802313646,277.6239866748656,278.8140631743876,24687800,261.34569549560547,255.801448059082,264.94205932581303,65.84522411755421,6.287958715132163,4.530804184115875,284.2323735058641,238.45901748534686,6.896586289452722,0.024300581201898153,0.024010019873935057,0.020794663850837218
2022-08-11,277.70135498046875,281.7553212542064,277.20793315057733,281.40702349193015,20065900,262.9392219543457,256.0946109008789,266.1572303405421,63.41357091742016,6.499721942673943,4.9245877358274885,285.72083750689643,240.15760640179502,6.728786419036749,-0.007400873906988847,-0.007428396251296674,0.021040676289945978
2022-08-12,282.4325866699219,282.4325866699219,277.62394605155976,279.11395527145453,22619700,264.6415962219238,256.47175506591793,267.7072642766735,66.46142226867708,6.968982589705263,5.333466706603044,287.90193720579794,241.38125523804968,6.59163314755999,0.0170371213701348,0.016893617255872653,0.021160504673997903
2022-08-15,283.9419860839844,284.62892642888846,280.6910589868737,281.5521777583665,18085700,266.53892974853517,256.83729095458983,269.2534282583222,67.39462834467594,7.37762626824815,5.7422986189320655,289.59556041827227,243.48229907879804,6.402078454306759,0.005344282088194374,0.005330052089577895,0.020816563225158128
2022-08-16,283.20660400390625,284.4934395554,280.99097447536275,282.5099789943521,18102900,268.1440658569336,257.27635772705077,270.582302138854,66.42488396852285,7.555050223473529,6.104848939840359,291.14877194804717,245.13935976582005,6.194963213287509,-0.0025899025720719226,-0.0025932621716824506,0.020681961671206527
2022-08-17,282.4600830078125,284.4283433719824,280.6663411966556,280.9281190261752,18253400,269.57932510375974,257.7250680541992,271.7135193644691,65.39616223047551,7.548408624905051,6.393560876853297,292.3950360375939,246.76361416992557,6.021180282004602,-0.0026359589979174647,-0.0026394392550588923,0.020747064341981168
2022-08-18,281.3450012207031,283.0320727028022,280.2881256209133,281.36438230357066,17186200,270.83450241088866,258.0789120483398,272.6308033507771,63.80658371558106,7.3682309492782,6.588494891338279,293.3369746453026,248.33203017647475,5.787092196282052,-0.003947749980228288,-0.003955562914300564,0.020827246116770008
2022-08-19,277.447265625,280.4529907173876,276.8752129457477,280.11362940883,20570000,272.1115219116211,258.3952438354492,273.08951404356026,58.45771550961619,6.8321671849642485,6.637229350063473,293.014460883083,251.20858294015915,5.692999059044436,-0.013853935839597598,-0.013950797257151131,0.020669200131222535
2022-08-22,269.302734375,273.8694799294029,268.7888545532896,273.5010322101689,25061100,273.0553291320801,258.6574362182617,272.72886836084024,49.180318466912496,5.684608555544912,6.4467051911597615,291.5188166724521,254.5918415917081,5.904814202806293,-0.0293552406496167,-0.029794727938928435,0.02194891969328803
2022-08-23,268.0326538085937,270.3790379637527,267.0242749639361,268.0326538085937,17527400,274.27088317871096,259.1225650024414,272.28160983205487,47.90357945085815,4.619425327135048,6.081249218354819,287.230114940466,261.3116514169559,5.7226676883070295,-0.004716181472698033,-0.004727337747036414,0.020855254461201237
2022-08-24,267.40234375,268.7985510668254,266.74300225801466,267.03389604286,18137000,274.64025726318357,259.78272033691405,271.81691782424014,47.2480349261123,3.6819558947649966,5.601390553636855,286.31006780792694,262.9704467184402,5.460730625485865,-0.002351616676689705,-0.0023543860697392374,0.01495314833405331
2022-08-25,270.3692626953125,270.5340758675693,266.17093562909554,268.8954719441874,16583400,274.7869277954102,260.45906158447264,271.6790459071994,50.67004346332538,3.1421889802006717,5.109550238949618,286.1608460823053,263.4130095085151,5.3823313121278575,0.011095336352348273,0.01103423465511627,0.013753960220563645
2022-08-26,259.9365539550781,271.813993730699,259.82991359676106,270.5923047422985,27549300,274.2024948120117,260.7860696411133,270.5607133403307,40.67756023856125,1.8512473786265105,4.457889666884997,287.2450100175467,261.1599796064767,5.8538847994000065,-0.03858688904289875,-0.039351086256099656,0.01582732917090789
2022-08-29,257.1636047363281,259.26759223501574,255.82556976472725,257.76474402166747,20338500,273.6114807128906,261.1890097045898,269.2847982351876,38.50406710083584,0.5975251334059521,3.685816760189188,288.4885769732906,258.73438445249064,5.72939189875364,-0.010667792492275674,-0.010725101327513663,0.015852710520615505
2022-08-30,254.97232055664065,258.9282229004118,252.7325767255544,258.55980465800354,22767100,273.0652221679687,261.4962646484375,267.921705122945,36.82935942098071,-0.5663485845442437,2.835383691242502,289.7300633541831,256.4003809817544,5.762695775618196,-0.008520973183332892,-0.008557484229708192,0.01577459749644732
2022-08-31,253.5178985595703,258.9863535184162,253.3821421849433,257.3186923863377,24791800,272.07616195678713,261.65658508300777,266.54991402167127,35.71888957541542,-1.5877836102311562,1.9507502309477707,290.79013009233313,253.36219382124116,5.751375458322103,-0.005704234851434564,-0.0057205661336460914,0.01413607032544023
2022-09-01,252.48046875,252.95558653821132,247.64223870789883,250.99700170684267,23263400,270.97814712524416,261.8079608154296,265.2099668529407,34.910316341389986,-2.4527167506611818,1.0700568346259804,291.49813800432,250.4581562461683,5.760252914989917,-0.004092136355913101,-0.004100532057956869,0.014015379742181545
2022-09-02,248.2723999023437,256.688406437132,246.7307604021961,253.7408837951921,22855400,269.7055244445801,261.7642962646484,263.5968652385981,31.768854659918645,-3.438106136273632,0.16842424044605797,292.42540701291773,246.9856418762424,6.060066709271775,-0.016666908408757064,-0.016807364155825417,0.01428824755371192
2022-09-06,245.54788208007807,249.98857705648493,244.27772561001785,248.40817526683784,21328200,268.42197494506837,261.4950817871093,261.8779144615962,29.89324466222496,-4.388294613543621,-0.742919530351878,293.4392361733332,243.40471371680354,6.035122761928582,-0.010973905369011216,-0.011034562843001089,0.014323369394157561
2022-09-07,250.2406616210937,250.9581464072949,245.5187784892074,246.95376285633063,24126700,267.2772789001465,261.3740960693359,260.7696046672626,36.81304539004113,-4.708382435898784,-1.5360121114612593,293.3980051540035,241.15655264628944,5.992568844511362,0.019111464131811307,0.018931134059978472,0.015084420395263358
2022-09-08,250.65757751464844,252.509491917148,247.041022768642,249.67831493374948,20319900,265.8215621948242,261.42418914794916,259.80655446225177,37.40417413276182,-4.872248465484347,-2.203259382265877,292.2381407201873,239.40498366946113,5.955133151939551,0.001666059747660098,0.0016646734097196753,0.01360554407785718
2022-09-09,256.4169616699219,257.1635625736853,252.37380057718096,252.57740555573184,22084700,264.75734252929686,261.51632446289057,259.4837361010775,45.05170367218189,-4.485671280089548,-2.6597417618306114,290.8871870347914,238.62749802380233,5.994479716732215,0.02297709972457085,0.02271710130795569,0.01499411098419019
2022-09-12,258.5403137207031,259.31600091262334,257.09563886057305,257.69677794091064,18747700,263.56272888183594,261.71730010986323,259.39388635056565,47.593783800222205,-3.9622944466827335,-2.920252298801036,288.50882687670804,238.61663088696383,5.773376825730018,0.008280856449405238,0.008246758269728767,0.014470146809104224
2022-09-13,244.32618713378903,252.4804010138248,243.93834353048703,250.96784794774865,33353300,261.58193893432616,261.5807788085937,257.9588673775393,35.69042386615929,-4.640977459389262,-3.264397330918681,286.0269746832824,237.13690318536993,6.4039906374790245,-0.05497837603101763,-0.05654746924333521,0.01816666445349632
2022-09-14,244.5492248535156,246.49808932194625,242.2609990303372,245.8193814071736,23913000,259.64906997680663,261.3854406738281,256.68175856572753,35.9610727259591,-5.102028349715141,-3.6319235346779735,283.03952283812174,236.25861711549152,6.249212041345456,0.0009128686627619675,0.0009124522515641278,0.018231490916983378
2022-09-15,237.91720581054688,243.7541075003444,236.59856721458627,242.1736911292833,31530900,257.4219261169434,260.99244506835936,254.89465830332938,31.69027767463284,-5.934157736164991,-4.092370374975378,280.17404529066675,234.66980694322004,6.370743869744304,-0.027119362357174825,-0.027493878891853056,0.018727639106391976
2022-09-16,237.2967071533203,237.83967345913703,234.69820652512584,236.83129478142976,39791800,255.21951141357422,260.544660949707,253.21866295570948,31.315549886676337,-6.567983698362696,-4.587493039652841,276.77869943111267,233.66032339603575,6.145619256578357,-0.0026080444880504094,-0.0026114513608827025,0.01874669266703896
2022-09-19,237.0833740234375,237.6845131191864,233.5249921595804,235.09571807800603,26826900,253.2013168334961,260.10692901611327,251.6819687716836,31.179042932252173,-7.006740201062513,-5.071342471934775,273.58453137275416,232.81810229423803,6.003755092508903,-0.0008990142865529238,-0.0008994186422625083,0.018768765936344384
2022-09-20,235.0763397216797,236.1040994631712,232.3518029140257,234.7079067620096,26660300,251.48999710083007,259.6900122070312,250.10048029073081,29.86027112219547,-7.43075170501524,-5.543224318550869,271.925574013053,231.05442018860714,5.912884808001967,-0.008465521085250782,-0.008501557128923157,0.018065968315467012
2022-09-21,231.6827850341797,240.12789337863487,231.634302730604,236.8409944044197,28625600,249.67250366210936,259.4149847412109,248.3464140758212,27.724953691555697,-7.948984434408231,-6.024376341722341,270.3638764033433,228.98113092087544,6.097220939432603,-0.014435968721981274,-0.014541181107835872,0.018142761746169016
2022-09-22,233.65106201171875,236.4434771972053,230.34478171455967,230.6356459674454,31061200,247.9849395751953,259.1977062988281,246.94685673638287,30.815215910129282,-8.107406962825166,-6.4409824659429065,268.11475051146226,227.8551286389284,6.09732626394782,0.008495568530258568,0.00845968428275146,0.018451725300386322
2022-09-23,230.68414306640625,233.79652392436188,228.0468651765001,232.25486931159887,34176000,246.00068359375,258.8947726440429,245.39802686305177,28.815203040638366,-8.375812370039142,-6.8279484467621545,264.68522610323606,227.316141084264,6.072492869941675,-0.012698076010301595,-0.01277938562795226,0.018015437539833434
2022-09-26,230.2283935546875,234.106740937524,229.69511783060327,229.84056473429231,27694200,244.51527557373046,258.5316384887695,243.9532998813028,28.509107912936372,-8.527006739930357,-7.1677601053957956,263.2555453400586,225.77500580740232,5.953859315440178,-0.0019756429967860978,-0.0019775971536465414,0.01651454909759891
2022-09-27,229.22003173828125,234.44610429031408,227.36811729613825,232.68144911431068,27018700,243.11809692382812,258.19613281249997,242.55013148672933,27.805326812711883,-8.628729120613343,-7.459953908439306,262.04379714526954,224.1923967023867,6.034154149635582,-0.004379832569029851,-0.004389452134028035,0.01647918319502776
2022-09-28,233.73829650878903,234.95997054824008,227.59110496512747,229.60784728045007,29029700,242.05639572143554,257.848821105957,241.71090910787785,35.48993011050254,-8.249661669420078,-7.617895460635461,260.58110620978243,223.53168523308867,6.129490680598226,0.019711474325536438,0.019519718973096064,0.017399637526135943
2022-09-29,230.27688598632807,232.6523709038743,227.28086605201813,231.6246111693645,27484200,240.89434509277345,257.3792608642578,240.6219545248731,32.624885369163465,-8.134782179029969,-7.7212728043143635,259.3128578579496,222.47583232759726,6.152914950324846,-0.014808914816964114,-0.014919661514985102,0.017559651889385824
2022-09-30,225.81675720214844,233.224399677071,225.65192922341265,231.0428294021888,35694800,239.56115951538087,256.7707669067383,239.21193573223266,29.338332225296256,-8.30786655904032,-7.838591555259556,258.2895111883307,220.83280784243098,6.254311771991525,-0.01936854741228533,-0.019558575439787878,0.017863847821061048
2022-10-03,233.41835021972656,234.26188606885609,227.523260229052,228.25045038719023,28880400,238.81845703125,256.40099639892577,238.66016568342255,40.36479637778429,-7.742402552699872,-7.8193537547476195,257.28232466126224,220.35458940123777,6.410798707328391,0.03366266131779261,0.03310847654858895,0.019650418611292773
2022-10-04,241.31082153320312,242.74580617588765,237.5294232899446,237.63607845360704,34888400,238.60660400390626,256.2186810302734,238.91260909768738,49.224160994473316,-6.581543838364325,-7.571791771470961,256.85270563966384,220.36050236814867,6.619131367959298,0.033812557179189406,0.03325348032935341,0.02117408308703197
2022-10-05,241.6210479736328,242.95908260476145,236.67616375353109,238.5086823682533,20347100,238.1756233215332,256.1766705322265,239.17055565730124,49.54147184905285,-5.572288390706888,-7.171891095318147,255.69488023127104,220.65636641179537,6.595116188192946,0.0012855885967260061,0.0012847629352708652,0.020667348845948074
2022-10-06,239.28433227539065,242.72636855289312,238.59593389672287,240.3896606929416,20239900,237.60696105957032,255.76205993652343,239.18139152569069,47.151278449108865,-4.904463997208751,-6.718405675696268,254.18154601997708,221.03237609916357,6.419067507334182,-0.009670993971092945,-0.009718061740530866,0.020729973686127574
2022-10-07,227.11602783203125,233.98070446797664,226.07856280672056,233.573464973842,37769600,236.14191436767578,254.95566345214843,238.03230926915168,37.110455723917134,-5.296039382431644,-6.433932417043343,250.88573106406315,221.3980976712884,6.90383193314389,-0.050852909288498616,-0.052191496901733594,0.022522918723949178
2022-10-10,222.2777862548828,227.4262900818972,219.83442324055144,225.962219258619,29743600,234.32878799438475,253.96871490478514,236.531878505888,34.00935162581369,-5.928432082051927,-6.332832350045061,246.25923529298285,222.39834069578666,6.952977283729738,-0.021302950845576873,-0.02153313362140173,0.02252060066565991
2022-10-11,218.55458068847656,222.0935668585732,217.29411479408543,220.69735939369207,30474000,233.04020767211915,252.9601287841797,234.81975490422977,31.806666771347622,-6.653343819734999,-6.396934643983049,245.90369635413495,220.17671899010335,6.812312582091713,-0.016750236850644584,-0.016892108555723463,0.019705958720222676
2022-10-12,218.8842315673828,220.9300604143529,217.14867761413385,218.54487025171545,21903900,231.7569580078125,252.01986358642577,233.30208601500624,32.225213620392495,-7.119176093166715,-6.541382933819783,244.8897131973306,218.6242028182944,6.595817597672238,0.001508322899789194,0.0015071865233424124,0.01971640223434158
2022-10-13,227.11602783203125,228.91945995498912,212.46557001660585,213.163673728378,42551800,231.2168991088867,251.09620208740233,232.71293761662767,41.82693619985402,-6.746346678382935,-6.582375682732414,244.1791720728254,218.25462614494802,7.299965622008741,0.0376079912458851,0.036918055653782804,0.021209591900769344
2022-10-14,221.60873413085932,230.02475439325377,221.3954238729488,228.376445164905,30198600,230.43250045776367,250.03956146240233,231.65539442750688,37.95297611585304,-6.816690689362247,-6.629238684058381,243.7227205121378,217.14228040338952,7.394920257601328,-0.024248811295893957,-0.02454765467556902,0.021780843659258833
2022-10-17,230.3059844970703,231.6925015134572,227.9886723040457,228.6479991159932,28142300,230.0936309814453,249.17118408203126,231.52687919603673,46.39644821390907,-6.100322683686898,-6.523455483984084,243.02912464910693,217.15813731378367,7.586980766529652,0.03924597286438769,0.038495424102820516,0.02376261180253629
2022-10-18,231.24647521972656,236.51132497546385,228.2116634940623,235.84232244327512,26329600,229.90213775634766,248.37173614501953,231.50017405543576,47.232671868941146,-5.394521451408167,-6.2976686774689,242.64892756769336,217.15534794500195,7.637886531877645,0.004083657334003066,0.004075341836134295,0.02372580354818234
2022-10-19,229.2878875732422,232.3226990610641,227.1644900654512,229.83085382652337,19985700,229.7823928833008,247.49480224609374,231.28948010475065,45.636021463146754,-4.936307860010089,-6.025396513977139,242.50499540275496,217.05979036384662,7.460766707858736,-0.008469697298622014,-0.008505769006830479,0.02357912789320845
2022-10-20,228.9679412841797,233.97101325567385,227.7268712315997,228.59950832135635,21811000,229.54823684692383,246.47872283935547,231.06838116945818,45.36623583033682,-4.546577167757221,-5.729632644733155,242.14921477671015,216.9472589171375,7.373864944731267,-0.0013953911497409655,-0.0013963656145832538,0.023489475785417692
2022-10-21,234.75636291503903,235.609604075632,227.3681158672251,227.6008220368562,26299700,229.75184783935546,245.61982299804689,231.4196175261802,51.00903740485949,-3.7276653309918686,-5.3292391819848985,242.54972554944436,216.95397012926657,7.435838034993813,0.025280489479857504,0.024966223428543714,0.0240022801792924
2022-10-24,239.73036193847656,240.30241466092303,233.96132282043845,236.34649831848267,24911200,230.22694625854493,244.76577850341798,232.21111699401794,55.28305227122283,-2.6468009746081407,-4.792751540509546,243.7455086603773,216.70838385671254,7.357641878243153,0.02118791994250513,0.020966577038399107,0.024399157755363794
2022-10-25,243.03662109375,243.4050540025672,238.35351526216093,239.74001722910089,34775500,230.91777572631835,243.94767120361328,233.2421173844686,57.91150022077121,-1.5060597830081122,-4.13541318900926,245.5279545925942,216.3075968600425,7.192920225540519,0.013791574536236473,0.013697336246509656,0.024475265499086463
2022-10-26,224.28482055664065,231.0525321235999,223.06313174791288,224.1393736631292,82543200,230.44510192871093,242.76923553466796,232.38904149610406,42.612708436249555,-2.091023738042338,-3.7265352988158758,245.26980414455716,215.6203997128647,8.105818019847419,-0.0771562756786186,-0.08029537157554213,0.030000060136002236
2022-10-27,219.8538055419922,226.5827402595837,218.9133051682239,224.0133263786224,40424600,229.92394790649413,241.51710998535157,231.19520950047433,39.92847679494424,-2.8789707838896845,-3.557022395830638,245.4518209816656,214.39607483132266,8.074647810669731,-0.019756196623790023,-0.01995395930255602,0.030134558553857074
2022-10-28,228.69647216796875,229.40428130297192,219.1751358870848,219.35935977716164,40647700,230.06793365478515,240.46413940429687,230.95723451642618,47.09113186770917,-2.7581015216250364,-3.3972382209895176,245.4938680153726,214.6419992941977,8.228540496756688,0.04022066665699642,0.03943287012428066,0.03123952407773334
2022-10-31,225.0701904296875,227.7753311137816,224.11998470584143,226.65060686599685,28357300,229.6505256652832,239.41659790039063,230.3965636510225,44.73543176555264,-2.921248061404526,-3.3020401890725197,245.14287740462308,214.15817392594332,7.967679565711733,-0.015856308162103594,-0.01598336430043145,0.03047626180839741
2022-11-01,221.23062133789065,228.5704006134696,220.41617196573657,227.4650722384831,30592300,228.6465156555176,238.45515563964844,229.52361676405755,42.321381361768545,-3.3220692601624933,-3.306046003290515,243.57860445272183,213.71442685831335,7.981004500141824,-0.017059429702647955,-0.01720661814240223,0.029492209370910936
2022-11-02,213.40609741210932,224.26546848649176,213.3479097665064,222.4814320174644,38407000,227.23576812744142,237.36262451171876,227.98861492101486,37.84005495283768,-4.2224231705319255,-3.489321436738797,242.3285748037273,212.14296145115554,8.19075837298779,-0.03536817768924838,-0.03600878172892472,0.030280333614879668
2022-11-03,207.7339782714844,213.7066366934069,207.4721856849331,213.3963618064245,36633900,225.6582504272461,236.16925720214843,226.05960190677385,34.95086081499362,-5.3321866138566065,-3.857894472162359,241.93304526164428,209.3834555928479,8.051022132665363,-0.02657899286575427,-0.026938600621647442,0.030629636928084424
2022-11-04,214.6568298339844,214.85074424296624,206.93891208084915,210.9336199205367,36789100,225.03529052734376,235.05500854492186,224.97362361412723,40.88362542470627,-5.588643470577011,-4.20404427184529,241.97925283773023,208.0913282169573,8.041079991911916,0.03332556195237646,0.032782302103461745,0.03000495021031563
2022-11-07,220.93975830078125,221.46334350265937,214.55018429237435,215.23859748900023,33498000,224.96838912963867,234.27507263183594,224.58944596523713,45.722017305683174,-5.224680691789217,-4.408171555834076,241.96585560170362,207.9709226575737,7.96051422179571,0.02926964155604117,0.028849464853332483,0.03045431679673693
2022-11-08,221.90933227539065,224.6047824698309,218.97148537429405,221.74450429023085,28192500,225.13612670898436,233.56998718261718,224.3341970423946,46.450389043912566,-4.802639215370817,-4.487065087741424,241.94224169461958,208.33001172334914,7.794284427062934,0.004388408777425523,0.004378807790083294,0.030202906489341916
2022-11-09,217.68191528320312,221.67662274199265,217.50739677017623,220.4549339719257,27852900,225.07601089477538,232.82417907714844,223.7006463986621,43.69704620809352,-4.75447885327597,-4.540547840848333,241.97946794620879,208.17255384334197,7.551973789788041,-0.019050199236061327,-0.01923399222053555,0.030539863108048886
2022-11-10,235.59019470214844,235.92955599741592,227.85289624042093,228.2698114597355,46268000,225.49971923828124,232.465625,224.83298433232747,55.68152606434036,-3.23398358626838,-4.279234989932343,243.00074845528488,207.9986900212776,8.315949998675523,0.08226810847215638,0.07905893944497518,0.03476195194483587
2022-11-11,239.59461975097656,240.4478609583566,234.5721519094285,235.59992645228263,34620200,226.3990135192871,232.20790802001954,226.23885437219883,57.84242578871552,-1.6864165374383617,-3.760671299433547,244.8314955526524,207.96653148592182,8.141647073693566,0.016997418139115927,0.016854578360266197,0.03431804059972738
2022-11-14,234.2037353515625,236.49196119049105,231.93490539453896,234.6303559851341,31123300,226.59390106201172,231.92653472900392,226.99741446547156,54.02353410026503,-0.8847588696480102,-3.18548881347644,245.26833067645214,207.9194714475713,8.107223308175282,-0.022500022767694472,-0.02275701041437554,0.033798180263923096
2022-11-15,234.6109313964844,239.4879520708681,232.72993053937964,238.18870924194545,31390100,226.76212387084962,231.70779571533203,227.7225113160442,54.26913416811793,-0.21411390275696363,-2.591213831332545,245.66044103374006,207.86380670795918,8.01085175269765,0.001738640266820024,0.0017371305814445452,0.033792378488860166
2022-11-16,235.0387420654297,237.0514501535852,233.76500614633548,236.06939815763067,24093300,227.04966659545897,231.40375732421876,228.41929519693807,54.5438717568952,0.3478875793984173,-2.0033935491863524,246.26529184177875,207.8340413491392,7.673394056594226,0.0018234899217985934,0.0018218293823959353,0.0337146267205097
2022-11-17,234.9901428222656,236.516691384542,231.05226116577745,231.1981031395672,23123500,227.35077667236328,231.0904086303711,229.04509020887403,54.50381293967513,0.7803607374227397,-1.446642691864534,246.86364067226773,207.83791267245883,7.515610925320678,-0.00020677120179002362,-0.00020679258190221358,0.033709784624335444
2022-11-18,234.5428771972656,236.9931261385697,232.41349542511932,236.76948200355852,27613500,227.3401023864746,230.65292694091798,229.56868896967322,54.109945612891444,1.074620674764617,-0.942390018538704,246.8369771665456,207.8432276064036,7.305898053044229,-0.0019033378150601354,-0.0019051514641692637,0.03325985413655595
2022-11-21,235.3498687744141,237.8973403680741,234.5136736567099,234.74702077282305,26394700,227.12107772827147,230.18911804199217,230.11927752250568,54.7453849679417,1.357295216730762,-0.48245297148481087,246.14905198069368,208.09310347584926,7.025738671495657,0.0034406995718303524,0.003434793907592516,0.03291320048378352
2022-11-22,238.2474365234375,238.5196847858116,234.0470241636544,236.84729412470392,19665700,226.88161849975586,230.06754302978516,230.8933879035468,57.04531867623326,1.7944411288288222,-0.027074151422084247,245.2100856791581,208.5531513203536,6.843375953685766,0.012311745760099635,0.012236572597928928,0.03288124515352407
2022-11-23,240.72683715820312,241.40745776618635,237.5084623404124,238.32520706999225,19508500,227.70371932983397,229.9910952758789,231.82990688018072,58.967009031496225,2.3142718384729903,0.4411950465569307,246.94478619411504,208.4626524655529,6.633063058834923,0.01040683027253353,0.010353052000153226,0.02752865089951373
2022-11-25,240.6392822265625,241.8157801407715,239.9003101451617,240.46425705702572,9200800,228.7429931640625,230.04553680419923,232.66889500840756,58.86685640525629,2.688188703750228,0.8905937779955903,248.4163208404222,209.06966548770282,6.296092125747413,-0.00036371072155572115,-0.00036377688034246815,0.026987947642563202
2022-11-28,235.0679168701172,239.8225578203936,234.13449861777707,239.26834351489453,24778200,229.06156539916992,230.00096099853516,232.89737328095134,52.72961062353512,2.506069481971764,1.213688918790825,248.9269717107046,209.19615908763524,6.310998660250129,-0.02315235195557086,-0.023424577641070612,0.026330696431764077
2022-11-29,233.67752075195312,236.0694181426824,231.6162083930456,234.71789478419583,17956300,229.4919319152832,229.93284393310546,232.97167304009437,51.29241009500029,2.223909495574219,1.4157330341475038,249.36575138975695,209.61811244080945,6.178299452349175,-0.0059148697817928975,-0.005932431910104761,0.026074483339971585
2022-11-30,248.0775604248047,248.26230347666475,233.2205218203915,233.910875092645,47594200,230.83427886962892,230.19286834716797,234.41032898149535,62.64753461873457,3.1262213947144346,1.75783070626089,251.88650882391562,209.78204891534222,6.811405324058038,0.061623555515796014,0.059799392482042725,0.028809153736520654
2022-12-01,247.64002990722656,249.0304395252054,243.97438162172944,246.8427208792038,26041500,232.54597549438478,230.51201324462892,235.67030049823165,62.17326177563296,3.762631742841279,2.1587909135769676,253.21515826757783,211.87679272119172,6.686023365445032,-0.0017636843768896737,-0.0017652414992979657,0.02719643632405009
2022-12-02,247.9608917236328,248.9720973478809,242.7784276628728,242.90483392955983,21528500,234.55732116699218,230.7982098388672,236.84083299588892,62.39807853413314,4.243960659145785,2.575824862690731,252.87206817823693,216.24257415574743,6.650855245413823,0.0012956783139077555,0.0012948396471112792,0.026030722306337215
2022-12-05,243.27430725097656,246.7941135147601,241.19354435975268,245.03420296466007,23435300,235.9881950378418,231.0500131225586,237.45354482970677,57.06337446471791,4.198847394509812,2.9004293690545477,252.21260923889784,219.76378083678574,6.659176111018559,-0.01890049854264808,-0.019081395959540216,0.026102803527512982
2022-12-06,238.3349151611328,244.88835294425144,237.03201078829807,243.8771473447241,22463700,236.8579528808594,231.2121435546875,237.53748486127114,52.01586992043501,3.7216265515794476,3.0646688055595277,251.5554367052089,222.16046905650987,6.744687971371046,-0.020303796753793568,-0.020512752063969374,0.02618943945270825
2022-12-07,237.6056671142578,239.3461270027659,235.5054686619729,238.0529405287907,20481500,237.64276962280275,231.37985626220703,237.54397840917463,51.29446970317256,3.247150245811156,3.1011650936098536,250.64168670104408,224.6438525445614,6.537257283472614,-0.003059761707100206,-0.0030644523485594175,0.026238208943984865
2022-12-08,240.55178833007807,241.8547074647456,236.33192613856,238.06265330165112,22611800,238.7862632751465,231.5161260986328,237.83043649687974,54.06609063250706,3.073423205849508,3.0956167160577848,248.04622391489573,229.52630263539726,6.464794715094969,0.01239920432707331,0.012322963761096494,0.02573815959664339
2022-12-09,238.6266021728516,241.43660437225947,237.4014851890444,237.926531085986,20609700,238.93808364868164,231.6831204223633,237.90626179935325,51.9843114839094,2.7487114075155716,3.0262356543493425,248.0823059127826,229.79386138458068,6.291246462817834,-0.008003208667003547,-0.008035406245845755,0.018402202293868943
2022-12-12,245.52037048339844,245.54953887897585,240.32818836078783,240.60043661045464,30665100,239.23437118530273,232.0771926879883,238.63141500735756,58.19209705035077,3.012913465986884,3.023571216676851,248.8179377271506,229.65080464345488,6.336367194482579,0.028889353692231223,0.028479923074475125,0.01913085932677128
2022-12-13,249.80825805664065,256.614492351379,246.0648232599692,254.4462098866948,42196900,240.01459732055665,232.40499084472657,239.69587625014643,61.524158929790694,3.5276278940963834,3.1243825521607578,250.3446357381387,229.6845589029746,6.676206814018149,0.017464488037387316,0.0173137365337953,0.01858320568090353
2022-12-14,250.1000061035156,255.32135671859504,247.27055298866887,250.01250091515968,35410900,240.7890510559082,232.58077453613282,240.68674575999108,61.74754865613808,3.9139666447124455,3.2822993706710957,251.68922318005386,229.88887893176255,6.7743923080115795,0.0011678879198973036,0.0011672064693209082,0.018586314826281945
2022-12-15,242.11721801757807,247.16355744305537,240.49344660406408,246.69684834391964,35560400,241.14297485351562,232.59069793701173,240.8229812130946,52.726884551578706,3.5352464835566195,3.3328887932482005,251.7284507009383,230.55749900609294,6.976689964543004,-0.03191838421080839,-0.03243888142796186,0.020195127852541666
2022-12-16,237.91683959960932,242.92427864323048,236.769494977049,241.6699931281738,86102000,241.28930969238277,232.5633480834961,240.54620582133413,48.69574094184028,2.8631677771315367,3.238944590024868,251.60806759779211,230.97055178697343,6.917982371802895,-0.01734853246853263,-0.017500781694559004,0.02063810713982588
2022-12-19,233.794174194336,238.42242358687312,232.1023480969562,238.08210589515767,29696400,241.25187454223632,232.69691101074218,239.90315519019146,45.05481594206644,1.975108099857863,2.986177291991467,251.67318444517863,230.830564639294,6.875274737382468,-0.0173281782500615,-0.017480068340595442,0.0210296669524165
2022-12-20,235.1068115234375,236.1860865482313,231.8203675163976,232.77323628356203,25150800,241.2397216796875,232.95349151611327,239.4463605552625,46.428250371330336,1.3615383037471247,2.6612494943425986,251.68906303736225,230.79038032201277,6.696020758414698,0.005614499735183243,0.005598797178793701,0.021053733261358013
2022-12-21,237.6639862060547,238.82104848275608,233.4635747777796,234.9998409670087,23690600,241.21054916381837,233.33567962646484,239.2766106172427,49.0976667228323,1.0692962637695018,2.342858848227979,251.69633732736142,230.72476100027532,6.600410254597683,0.010876650770121454,0.010817925443641267,0.021012528453022396
2022-12-22,231.5967254638672,235.2915415960275,227.396299165475,234.5817378584511,28651700,240.75404357910156,233.58992950439452,238.5451929835879,43.55254628246213,0.3441479822020028,1.943116675022784,252.04813450228178,229.45995265592134,6.86235859645354,-0.02552873423963853,-0.025860246605355523,0.021611264103574647
2022-12-23,232.1217498779297,232.25787396743928,227.46434761018264,229.5742784157877,21207000,240.32816696166992,233.6900439453125,237.93343649733475,44.140467253338876,-0.1860277607214016,1.517287787873947,252.23327809441508,228.42305582892476,6.714584865082332,0.00226697684525079,0.0022644111301218773,0.02162790609652494
2022-12-27,230.4008026123047,232.31625810648032,229.30207698528272,232.092628807354,16688600,240.0948112487793,233.8658853149414,237.21604279399855,42.57514597771203,-0.7365711843639815,1.0665159934263615,252.57240388149222,227.6172186160664,6.450270311947707,-0.007413985404340684,-0.007441605595939944,0.021081148521908025
2022-12-28,228.03805541992188,233.0843952081068,227.68801986130745,230.33272967385747,17457100,239.81283798217774,233.82052673339842,236.34194875837218,40.454037817805236,-1.3479959084408222,0.5836136130529248,253.0872129570994,226.53846300725607,6.374992100151395,-0.010254943409891748,-0.010307887612958914,0.021158827510432427
2022-12-29,234.3386688232422,235.2234829457409,229.12703678909463,229.12703678909463,19770700,239.12589340209962,233.88237060546874,236.1511601931217,47.9071108077115,-1.3090575614162958,0.20507937815908073,252.03533327127394,226.2164535329253,6.43288034484194,0.027629657653929884,0.027254846925022017,0.016773452900399402
2022-12-30,233.1816253662109,233.3177494769252,230.1090927684712,231.6161906747891,21938500,238.40297317504883,233.96024536132813,235.86834735246353,46.74989276167403,-1.3559320375401853,-0.10712290498077248,250.9382012754075,225.86774507469016,6.275501466979728,-0.004937484124329594,-0.004949713771468278,0.01677903158083007
2023-01-03,232.94827270507807,238.94748134129327,230.8286087975721,236.3513904454424,25740000,237.65234222412104,234.0398519897461,235.5902450050935,46.50590329812723,-1.3958198645932214,-0.36486229690326233,249.59211384158533,225.71257060665675,6.407170829604118,-0.0010007334873249896,-0.0010012345553996104,0.016756870237950236
2023-01-04,222.7583770751953,226.42401047503648,219.7052947992431,225.8503455985308,50623400,236.62654571533199,233.79989227294922,234.3681623451032,37.34116653144599,-2.2240333991172463,-0.7366965173460591,249.90788050466233,223.34521092600164,6.895442763620608,-0.043743168865577164,-0.044728750196922684,0.01879551269890204
2023-01-05,216.1563415527344,221.2513009767704,215.6215628706399,220.9109832236872,39585600,235.51761703491206,233.3284118652344,232.63370322202047,32.82738071509165,-3.374231641358108,-1.264203542148469,251.4768497536947,219.55838431612943,6.912683580830236,-0.029637653178952283,-0.030085723814657597,0.019324165127081214
2023-01-06,218.70376586914065,219.51079264209568,213.27823740876852,216.8271968030417,43613600,234.57252197265626,232.8417547607422,231.30704252174618,36.040073085507906,-4.033717992330821,-1.8181064321849396,252.08804131533154,217.05700262998099,6.864102984580016,0.01178510099730179,0.011716197522471727,0.019672174613880742
2023-01-09,220.8331451416016,224.8391105735464,220.1428067767752,220.18169301907503,27369800,233.58658981323242,232.7727212524414,230.30952848554193,38.68013705347283,-4.3345762684541285,-2.3214003994387777,251.84881691887955,215.3243627075853,6.812048821710426,0.009736363084552613,0.009689270130825038,0.019564407130966594
2023-01-10,222.5152587890625,224.90715575496424,221.03732942473408,221.4554195666482,27033900,232.78102264404296,232.82595031738282,229.56721708587722,40.760341557259196,-4.386708857431842,-2.7344620910373907,251.4986003242412,214.06344496384472,6.616474663971299,0.007617124894826466,0.007588261079191332,0.019710960320990283
2023-01-11,229.2437286376953,229.41873899259983,224.71271707723932,224.88772743214392,28669300,231.96719055175782,232.83689544677733,229.53640866224083,48.31348552232363,-3.840818460786295,-2.9557333649871715,249.79252972439556,214.14185137912008,6.636975059654587,0.03023824022338717,0.02979007668330338,0.019828865006867397
2023-01-12,231.9078521728516,233.259375297245,227.094874993834,228.7478147030584,27269500,231.07217025756836,232.9736486816406,229.76226042515614,50.9786453411713,-3.1568338684642754,-2.995953465682592,246.91131283465927,215.23302768047745,6.603226862780043,0.011621358416163075,0.011554349090354321,0.019548887007947893
2023-01-13,232.60792541503903,232.7440495138857,228.41723190438844,230.4396576846913,21333300,230.19756622314452,233.2011947631836,230.03327613847833,51.683685113184175,-2.5291268908469817,-2.90258815071547,243.45949331139113,216.9356391348979,6.4406262018312725,0.0030187560948373715,0.003014208799808568,0.0195766478318106
2023-01-17,233.69696044921875,234.24145690846152,230.5271898899736,231.3828356610212,29831300,229.77655334472655,233.6070120239258,230.38219845378694,52.82043596342407,-1.9216371262738505,-2.7063979458271463,241.9914309506865,217.5616757387666,6.245886260163888,0.004681848360224894,0.004670922596764136,0.01845233509499189
2023-01-18,229.28260803222656,235.67075285086767,229.0006419678325,234.883176604496,30028700,229.34484176635746,234.03798461914062,230.27747555649546,47.90089124432428,-1.7759266815817227,-2.520303692978062,240.97470331811513,217.7149802145998,6.276188018940408,-0.01888921622475015,-0.01906989635831708,0.018524592922621708
2023-01-19,225.5100250244141,229.00066284863416,224.2946258083473,227.30882179875937,28623000,228.93063430786134,234.2550485229492,229.8234326486782,44.1190317486888,-1.9424743887102238,-2.4047378321244945,240.4869858305644,217.37428278515827,6.184173319293184,-0.016453855964872033,-0.01659072406846342,0.018486720107558977
2023-01-20,233.570541381836,234.07615156759212,228.0185916995672,228.3589093861448,35389800,228.85382080078125,234.5076641845703,230.18030014707418,52.70996214202554,-1.4078198699002087,-2.2053542396796377,240.26444627829937,217.44319532326313,6.354312835284959,0.03574349458100268,0.03511952107802702,0.020252156374160876
2023-01-23,235.865234375,238.3835379806386,233.01633090813732,234.42620586269453,31934000,228.7638832092285,234.7867822265625,230.72172245449568,54.83854524378816,-0.7898350381026091,-1.922250399364232,239.9208630817021,217.60690333675493,6.283805280800411,0.009824410987739673,0.009776465232228502,0.02022339817814226
2023-01-24,235.3401641845703,237.19729766623647,233.7844621578948,235.78743760454404,40234400,228.95105514526367,235.13994720458984,231.16157404783613,54.23696469984861,-0.33854385985554813,-1.6055090914624952,240.4132783932038,217.48883189732354,6.07873601133907,-0.0022261449077946027,-0.0022286264519050685,0.019338308623748565
2023-01-25,233.94972229003903,236.56526330051287,224.50849637099503,227.98940087225645,66526600,229.04245376586914,235.10713775634767,231.42711197566496,52.59166528006247,-0.09202854244676928,-1.3028129816593501,240.63278683189986,217.45212069983842,6.505738219780411,-0.005908221825836724,-0.005925744420748923,0.019395995313628896
2023-01-26,241.1351928710937,241.4366094883561,235.30127691453504,236.90559786802248,33454500,229.57917327880858,235.13794921875,232.35169110856293,59.439319940161525,0.6753589297091764,-0.9071785993856447,242.3095069246691,216.84883963294806,6.575820289675887,0.030713738450804717,0.030251512214819712,0.020416691869715738
2023-01-27,241.290756225586,242.9145276437586,239.9975698020656,242.0977830088241,26498900,230.2418083190918,235.27968963623047,233.2030306435175,59.575454709636176,1.2813016449508723,-0.4694825505183413,243.92618920100742,216.5574274371762,6.314472971962822,0.0006451292017564114,0.0006449211953687874,0.020203279133645894
2023-01-30,235.9916534423828,238.80165597851493,235.4957610418544,237.7418165328548,25867400,230.32445755004883,235.30730407714844,233.46861376721898,53.044402958482635,1.318720910426606,-0.1118418583293519,244.1262779781699,216.52263712192777,6.277367415660592,-0.021961482760860407,-0.02220622604273465,0.020067050445430338
2023-01-31,240.95040893554688,241.0865330246428,236.2249372191996,236.711096799744,26541100,230.71289672851563,235.42553741455077,234.18116568801213,57.715820640218375,1.7285800790098165,0.2562425291384818,245.23309624959933,216.19269720743193,6.192903998989119,0.02101241895987105,0.02079470263438207,0.020527664976858453
2023-02-01,245.7537078857422,248.11643670951443,238.6752244300908,241.1351911203326,31259900,231.35316848754888,235.6408087158203,235.2833125639864,61.691472925087076,2.413165040975116,0.6876270315058086,247.27303724745295,215.43329972764482,6.424926019020156,0.019934803063480944,0.01973870668808641,0.02090544653703919
2023-02-02,257.275634765625,257.36313992217566,250.12908358575305,251.6556316643916,39940400,233.07903137207035,236.0954638671875,237.37781944033296,69.17773765536371,3.841148394289263,1.3183313040624995,252.08294081857952,214.07512192556118,6.795247877406822,0.04688404085133757,0.045818172031102423,0.020071320716966434
2023-02-03,251.19869995117188,256.8867738555353,249.9833008123263,252.3557623051793,29077300,234.83114929199223,236.41244049072264,238.69409377469856,62.2663209440386,4.431395271154088,1.9409440974808174,253.73241637038888,215.9298822135956,6.830754025684813,-0.023620327746889602,-0.023903759757161424,0.01952425502400824
2023-02-06,249.66244506835932,251.1500925837804,247.72753893121825,250.3139121313108,22518000,236.37908325195312,236.6407406616211,239.7386986598091,60.61754201849759,4.720788927377612,2.4969130634601764,254.80863741527904,217.9495290886272,6.590783096704015,-0.006115695993296089,-0.006134473459364947,0.019737233485028934
2023-02-07,260.1537475585937,261.33024559426707,252.88078856760487,253.31834411841427,50841400,238.34511337280273,237.0292788696289,241.68298903112193,67.03685658465969,5.730636703669688,3.143657791502079,258.06563727931007,218.62458946629542,6.953427198789996,0.04202194882518984,0.041163007240989584,0.021250202397541506
2023-02-08,259.34674072265625,269.0991022332483,258.84111568990085,265.63764785701306,54686000,240.18668746948242,237.4034280395508,243.36525109698235,66.14374218869594,6.392144966516952,3.793355226505054,260.51967282758545,219.8537021113794,7.1894671519726705,-0.003102038096743809,-0.003106859390059354,0.021406625306740246
2023-02-09,256.3227844238281,266.39602683122865,255.5254755531628,266.22098682274134,42375100,241.54064025878907,237.828525390625,244.59930189001528,62.76913982969336,6.596348431046152,4.353953867413274,262.3786487129413,220.70263180463687,7.452401732407898,-0.011659897056743529,-0.01172840672087729,0.02115446108198541
2023-02-10,255.8172607421875,256.7798475306488,253.44479884068832,254.2907120393768,25818500,242.73611068725586,238.2713201904297,245.6676789235555,62.197845566098266,6.640838163055861,4.811330726541792,263.96609550537687,221.50612586913485,7.158305086518796,-0.001972215161351931,-0.001974162538525709,0.021176224860644195
2023-02-13,263.80975341796875,266.99896042747446,259.7551677463502,260.2316245141991,44630900,244.29620208740235,238.58596405029297,247.39549554207105,67.2699256592564,7.237593486623695,5.296583278558172,266.8634431876583,221.72896098714642,7.445690415002237,0.031242976539554546,0.03076484801525051,0.021954375905442993
2023-02-14,264.6361389160156,267.35862090148964,261.82612208741193,265.12229853290944,37047900,245.8431610107422,238.92588623046876,249.0374615776848,67.75171949300841,7.6885796233187875,5.774982547510295,269.5070969600418,222.1792250614426,7.309033872079056,0.00313250547919508,0.0031276094058928358,0.021964008131416298
2023-02-15,262.5209350585937,263.89534271397224,259.4601911138888,261.5461803878701,28922400,247.5050773620605,239.21708709716796,250.32160190919993,65.10982774760272,7.785562988247733,6.177098635657783,270.951041774403,224.05911294971798,7.156670581368182,-0.007992876052704267,-0.008024990324566777,0.021430734489748905
2023-02-16,255.5319366455078,260.00605711365523,255.2882479724247,257.354723160625,29603600,249.0061729431152,239.4622396850586,250.81782426503875,57.17643163217249,7.215295802595477,6.384738069045323,270.37974831026133,227.63259757596907,7.162100331711097,-0.026622632635092347,-0.026983432967839033,0.022125984033288
2023-02-17,251.54519653320312,253.5239473924271,249.53720422274543,252.8416369479222,30000100,249.90490570068354,239.7264453125,250.88709781438774,53.19472867079027,6.368249129064793,6.381440281049217,270.08500544067647,229.72480596069062,7.078716909643332,-0.015601729336225278,-0.015724717208170303,0.02152474494001223
2023-02-21,246.2912750244141,249.04009049318063,245.2385381346892,248.0555787000688,28397400,250.42620773315426,239.90015747070314,250.44940040581884,48.410201364604504,5.212919687516944,6.147736162342763,269.6443916594799,231.2080238068286,7.023569873134088,-0.02088659048631658,-0.021107800960935254,0.022168051009353273
2023-02-22,245.1605529785156,247.91911060638247,244.0200917469653,247.6754219276689,22491100,250.9172271728515,239.99233276367187,249.94570065083758,47.42163924545015,4.158140506716705,5.749817031217552,269.0390889721947,232.7953653735083,6.800387657868593,-0.004590995136902087,-0.004601566121710756,0.022200285602078304
2023-02-23,248.33827209472656,250.35600669518152,244.1565658834327,249.108321803698,29219100,251.6366546630859,240.1865661621094,249.79261221692227,50.4820124580709,3.5378536078761726,5.3074243465492765,268.0708424704897,235.2024668556821,6.7574628831457515,0.012961788010363406,0.012878502946345361,0.022235035944119675
2023-02-24,242.9283599853516,244.66342210762315,241.8366395147742,243.649683795455,24990900,251.72631301879878,240.13472595214844,249.13887390915363,45.6142712892043,2.579996483445541,4.761938773928529,267.94855434640635,235.5040716911912,6.7391892900605095,-0.02178444773631749,-0.02202523214446131,0.021915115521284226
2023-02-27,243.8446350097656,246.4374860355747,243.0940697394365,246.0865737548368,21190000,251.85400695800777,240.01545349121093,248.63466068064048,46.55426339766308,1.873230117438112,4.184197042630446,267.7832219811481,235.92479193486747,6.50847048721498,0.0037717910929346843,0.0037646957248112264,0.02192663178641094
2023-02-28,243.123291015625,245.14104018082875,242.45070796055708,242.7821358291125,22491000,252.21058883666987,239.87591918945313,248.1097683315914,45.88193380933385,1.240605322686747,3.5954786986417067,266.98060972599365,237.44056794734607,6.235746325290458,-0.0029582114616206745,-0.0029625956174546683,0.021293132132097888
2023-03-01,240.05284118652344,244.59518672884,239.58494822729267,244.4294802167035,27565300,252.1657104492187,239.83463165283203,247.34244193682304,43.03308430243617,0.48588499487414083,2.973559957888194,267.07709187738345,237.2543290210539,6.148210052165949,-0.012629188327761831,-0.012709614388066661,0.02101441110242126
2023-03-02,244.7706451416016,245.0533174507925,239.4094944705545,240.325766237742,24808200,252.11655731201168,239.97170776367187,247.09750890870671,48.34069345059138,0.26539177725084073,2.431926321760723,267.1183663622098,237.11474826181353,6.112182404171094,0.01965318940512928,0.019462559092414,0.021000455072561087
2023-03-03,248.8450927734375,249.1667635730139,245.0435558213065,245.8233624681365,30760100,251.6950302124023,240.27272613525392,247.26394546725248,52.46021670408569,0.41464343461831277,2.0284697443322415,266.5665067499469,236.82355367485766,5.989606406116894,0.016645981504354035,0.016508955682935537,0.018371916306640312
2023-03-06,250.3852386474609,253.55319146823703,249.5177075468684,249.9563441934913,24109800,251.65435714721676,240.57829467773436,247.5612114844152,53.95493475431761,0.649713852026423,1.752718565871078,266.5354874556607,236.7732268387728,5.898070141022797,0.0061891751887011015,0.006170100906201592,0.01767948710283054
2023-03-07,247.73391723632807,251.1845574289097,246.9931089704297,249.82963402877948,21473200,251.5579307556152,240.77969329833985,247.57765965126404,50.98317197377055,0.6149802619050888,1.5251709050778803,266.51424293923515,236.60161857199526,5.776168592269741,-0.010588968524881226,-0.010645430589154844,0.017788689635976025
2023-03-08,247.29525756835932,248.11404792403096,244.4782171582985,247.62667058752515,17340200,250.9150062561035,241.09366394042968,247.5507642147969,50.48770059863275,0.5457662190728456,1.3292899678768735,265.4372075260145,236.39280498619252,5.62328731894565,-0.0017706887811824723,-0.001772258303593171,0.014748456675741175
2023-03-09,245.9501037597656,253.00731800229747,245.22877995450497,249.3617450809909,26653400,250.24517440795898,241.37023101806642,247.3983203619368,48.917746053205946,0.37801341766035534,1.13903465783357,264.380621094972,236.10972772094598,5.777233799577567,-0.005439464637618019,-0.005454312392425394,0.014763331544950303
2023-03-10,242.31427001953125,246.4082368307068,241.3492723748031,244.74141460422547,28333900,249.54474868774415,241.60850036621093,246.9141250912315,44.85749182924736,-0.04776270423604956,0.9016751854196461,263.7939889645417,235.29550841094655,5.725928846458006,-0.014782810353215714,-0.014893165012627304,0.014880856789093889
2023-03-13,247.5097198486328,251.3989965851208,239.52647621107045,241.1543148292338,33339700,249.1293716430664,241.99793365478516,246.97084840146022,51.10306433979364,0.03364815761659656,0.7280697798590362,263.104710032154,235.15403325397884,6.164971098428889,0.021440956938618472,0.02121433325125952,0.015831780479821728
2023-03-14,254.206283569336,254.479213692258,249.4007352202757,250.26826629818711,33620300,248.64919815063476,242.39528594970704,247.65993746506743,57.746093242379544,0.6312469569291466,0.7087052152730583,261.15679991469057,236.14159638657898,6.222437008800054,0.02705576057699277,0.026696224094715074,0.015397294670562448
2023-03-15,258.7388916015625,259.7526448252449,252.66615907277225,253.41673923474747,46028000,248.3543357849121,242.90643127441408,248.71507595425743,61.55344315691744,1.4538330164322133,0.8577307755048893,259.5497033272893,237.15896824253494,6.28415477620524,0.017830432704430743,0.017673335201543603,0.015981753268893572
2023-03-16,269.227294921875,269.57819238070647,256.63344947737914,258.5147191528132,54768800,248.68965377807618,243.63201171875,250.66862061784005,68.60337326307459,2.9184231226041675,1.2698692449247448,261.800110650863,235.57919690528934,6.7599110709996735,0.04053663233768434,0.039736572707248105,0.018370501482096416
2023-03-17,272.3757019042969,276.1772393298442,269.3442290300633,271.2352555502092,69527400,249.53184204101564,244.62435821533202,252.73596169274072,70.36035225400116,4.2837905933012905,1.872653514600054,266.02091003566625,233.04277404636503,6.773484880783212,0.011694233986697,0.01162638488233761,0.017256086370374433
2023-03-20,265.3574523925781,270.47491398328793,263.0375317119125,269.9875366889346,43466600,250.2224548339844,245.6083804321289,253.93800842605856,62.027554211629734,4.744844455809499,2.447091702841943,268.09032679878806,232.35458286918072,6.956676688754725,-0.025766797341506997,-0.026104576217065124,0.017977872217705887
2023-03-21,266.8683166503906,268.05751846766043,262.7158524815854,267.9405526736913,34558700,251.2513069152832,246.5716714477539,255.16946635218542,63.04228147992862,5.172521474570942,2.992177657187743,270.41775703816694,232.08485679239948,6.841318781420462,0.005693694464541599,0.005677546651030395,0.017093120863733033
2023-03-22,265.4159240722656,273.94502636302843,265.3086856035219,266.49788734137707,34873300,252.2640754699707,247.46332702636718,256.14531946838355,61.345192737178515,5.332789571646799,3.460300040079555,272.16276459434926,232.36538634559213,6.969534636998039,-0.005442356726174102,-0.0054572203026613435,0.017117099337137644
2023-03-23,270.6504211425781,273.9645815107582,268.2525326655101,270.9233512964952,36610900,253.3796829223633,248.4260302734375,257.5267577230687,65.00191927035834,5.81514993169813,3.9312700184032705,274.7223318659137,232.03703397881287,7.082329122819076,0.019721865176737907,0.019529908912625144,0.01736591204230454
2023-03-24,273.4869079589844,273.54539085578926,268.33044774491924,270.2409584505626,28172000,254.90761032104493,249.31089385986328,259.0467720312512,66.83291274205098,6.353070530406683,4.415630120803954,277.38391973547033,232.4313009066195,6.948944407679859,0.010480260124598129,0.010425722910315243,0.016263879858022717
2023-03-27,269.4026794433594,274.3544196920251,268.56437502402,273.41866361100745,26840200,256.1855125427246,250.06079040527345,260.0330489276424,61.81791365754137,6.376311225807569,4.807766341804677,278.9054568596641,233.46556822578506,6.866165854845945,-0.014933908705558663,-0.015046542300148088,0.0169271326165388
2023-03-28,268.2817077636719,269.16873798129603,265.18196566074795,268.82756793649463,21878600,257.443433380127,250.7742660522461,260.8186354834548,60.47657951364129,6.232432990197253,5.092699671483192,279.91576463329693,234.97110212695702,6.677204992543479,-0.004160952229590453,-0.0041696330800901115,0.016959491110517602
2023-03-29,273.428466796875,274.0425670542095,271.3814758548116,271.9175790730678,25087000,259.11221466064455,251.5688961791992,262.01957179901865,64.30606909965951,6.459250671610505,5.3660098715086555,281.12321344310425,237.10121587818486,6.611751728114489,0.019184159352887642,0.019002463478802297,0.016701906861204534
2023-03-30,276.8790588378906,277.27871183195333,274.3739618829966,277.054537290587,25053400,260.717635345459,252.5208251953125,263.434761040816,66.63984371041695,6.8386080415553465,5.660529505517994,282.99252237660517,238.4427483143128,6.414501250040478,0.012619724937341648,0.012540759859644713,0.01648663005972442
2023-03-31,281.0217590332031,281.96727225154604,275.8555711889492,276.5671528059377,32766000,262.32646865844725,253.6310598754883,265.1097132305672,69.24014343607107,7.388364309468045,6.006096466308004,285.5660307897558,239.08690652713867,6.392872665223073,0.014962128998488033,0.014851300466126727,0.01643529044031354
2023-04-03,279.9787902832031,280.99251370652144,276.781596204477,279.2866930601582,24883300,263.8061462402344,254.55922485351562,266.5258158070087,67.80715291452833,7.651687361998313,6.335214645446066,287.57843603285824,240.03385644761056,6.239107676901861,-0.0037113451769290595,-0.0037182493061383524,0.01658488241566654
2023-04-04,279.9300537109375,283.1175206876223,278.4581943099055,279.9788092952923,25824300,265.4159530639648,255.44052124023438,267.8024098930972,67.7366061402739,7.7669080627800895,6.621553328912872,288.9762718084031,241.85563431952653,6.126266155531501,-0.0001740723724691362,-0.00017408752482299435,0.01620462979789474
2023-04-05,277.1617736816406,279.90083226436434,275.77763853693574,278.6336629350254,22064800,266.9092788696289,256.2769534301758,268.6937778729585,63.68367267529748,7.547837463473968,6.806810155825092,289.4501189347133,244.3684388045445,5.985276799707948,-0.009889184789552696,-0.009938407561699029,0.016514885240372132
2023-04-06,284.2384948730469,284.70635812116194,274.9100846507428,276.06028813189846,29770300,268.82369842529295,257.28272888183596,270.1742271110621,68.81975842691722,7.854710479702703,7.016390220600615,290.4022155916953,247.2451812588906,6.257490847615889,0.02553281824330811,0.025212300205765363,0.016849700091427326
2023-04-10,282.084228515625,282.28891863830444,277.5223546944505,281.90875009189506,23103000,270.8121963500977,258.1017095947266,271.3085129591157,65.77037081476752,7.833775378666473,7.1798672522137865,289.37113704961473,252.2532556505806,6.290251514114496,-0.007579080231142066,-0.00760794740998999,0.01642224886986718
2023-04-11,275.6898498535156,278.7603508575734,274.5299191651681,278.5361465748028,27276600,272.2212028503418,258.78969146728514,271.72578313953477,57.61047557586638,7.218006555764191,7.187495112923868,287.4740813044857,256.9683243961979,6.380541359567524,-0.02266833100084209,-0.02292920757916768,0.01741911367447971
2023-04-12,276.3332214355469,279.7643772791171,274.84184782081707,277.60042049037634,27403400,273.32754974365236,259.5965228271484,272.164586786774,58.1727672236867,6.7046331989997725,7.09092273013905,286.2205153983154,260.4345840889893,6.276397652334134,0.0023336788872463377,0.0023309600877204086,0.016673864553743797
2023-04-13,282.5228881835937,282.58137108364906,276.02129123451107,276.4306715348985,24222700,274.5167495727539,260.4279724121094,273.1510916817092,63.22666223571852,6.7197741193390925,7.016693007979058,286.13212037896756,262.90137876654023,6.296660666391552,0.02239928560124471,0.022152105894062805,0.01689859040833862
2023-04-14,278.9162902832031,281.19721243469814,276.52812965920475,279.7545649448243,20987900,275.00119934082034,261.0912240600586,273.70015821518484,58.770684872811806,6.367352225906075,6.886824851564462,286.5013557852589,263.50104289638176,6.27509622767708,-0.012765683954239049,-0.01284786544877607,0.015021966537150135
2023-04-17,281.5091552734375,284.23848637686285,278.93581824426053,282.6106328823751,23836200,275.45787200927737,261.57589447021485,274.4438722207327,60.90393895706375,6.225514021145045,6.754562685480579,287.2269607279692,263.68878329058555,6.207031932390126,0.009296212091454592,0.00925326825004083,0.014948872213348813
2023-04-18,281.0899353027344,284.39436715882044,279.7642835325909,284.20916143399967,20161800,276.24449615478517,262.1737191772461,275.0768306094948,60.36014611034033,6.009999144867095,6.605649977357883,287.28880107564265,265.2001912339277,6.094392767664368,-0.0014891876972736862,-0.0014902976393507909,0.013513023286684692
2023-04-19,281.16802978515625,281.7528588587504,277.3567350040731,278.7701115947992,17150300,276.95948181152346,262.803830871582,275.6569448167006,60.43102322015526,5.778888198861182,6.4402976216585435,287.31310636960285,266.60585725344407,5.973087845308151,0.0002778273876571369,0.0002777888007753003,0.013509844629866357
2023-04-20,278.8870544433594,281.7333512714664,277.88305828682746,278.048779675469,23244400,277.63303833007814,263.17849700927735,275.9645743049538,57.2132495560927,5.35000394667486,6.222238886661807,286.5479242042327,268.7181524559236,5.821459640974636,-0.008112498933608436,-0.008145584311304672,0.013607382233414426
2023-04-21,278.5458984375,279.04300308117706,275.91404898236954,277.8148324496472,21676400,278.0278121948242,263.5624801635742,276.21041469852963,56.72672988128564,4.925800091113615,5.962951127552169,286.35049677912536,269.70512761052305,5.6291378165341275,-0.0012232765932441714,-0.0012240254067889746,0.013010449070357264
2023-04-24,274.6565856933594,277.75632784748706,271.6835961405842,274.9685142964532,26611000,278.08629608154297,263.92915618896484,276.0624309837515,51.364209787497025,4.227053602567366,5.615771622555209,286.2961967264207,269.87639543666523,5.717220993704247,-0.013962915145969368,-0.014061313672968955,0.013269816367649723
2023-04-25,268.46697998046875,274.49095750236273,268.4182243921978,272.45372354096446,45772200,278.0395111083984,264.1821505737305,275.3390546977246,44.20269725554257,3.1376733782898327,5.120151973702134,286.4549090271307,269.6241131896661,5.754445301379769,-0.022535799377485177,-0.02279361119734636,0.013826244523096023
2023-04-26,287.913330078125,292.00731227294943,285.33999278918486,289.20977066358734,64599200,279.0210922241211,264.6642221069336,276.5366047339532,62.087561915883526,3.7996891832609663,4.856059415613901,287.2320867540271,270.81009769421513,7.024865800744119,0.07243479290850208,0.06993157081877975,0.021251675631626592
2023-04-27,297.13446044921875,297.4951446738083,287.79632356423065,288.4981481341887,46462600,280.2063919067383,265.31418853759766,278.4983052782642,67.42030026293202,5.010649981051984,4.886977528701517,291.21384482180434,269.19893899167226,7.215862608517942,0.032027452041180515,0.03152526752067298,0.02192605395511726
2023-04-28,299.5032043457031,301.13102839340746,295.6529105371697,296.3352508757217,36469600,281.3375991821289,266.0538339233398,280.4987718561155,68.64056867500503,6.091266643644303,5.1278353516900745,295.0600138773827,267.6151844868751,7.091737983355072,0.007971959539473161,0.007940351345062116,0.021858750161931315
2023-05-01,297.8460388183594,300.8093013864752,297.4463858283213,299.2204464922504,21294100,282.1788131713867,266.9001159667969,282.15089251918636,66.7567633109091,6.736291945275809,5.449526670407222,297.66945118311185,266.68817515966157,6.825393524412133,-0.005533047738050079,-0.005548411746087809,0.021805849795078807
2023-05-02,297.6998291015625,301.3746435203023,296.237697087883,299.9905085390908,26404400,283.0648651123047,267.8232086181641,283.6317436222698,66.58313743861221,7.153223335866301,5.790266003499038,299.91811052087604,266.21161970373333,6.704790160698358,-0.0004908902511409075,-0.000491010777205234,0.02176451162905605
2023-05-03,296.7153015136719,300.8190101503688,296.413129960088,298.87925796823623,22360800,283.9041275024414,268.8316891479492,284.8777967547843,65.35058616761592,7.31982295583208,6.096177393965647,301.6950215116998,266.113233493183,6.540582305668534,-0.003307115059023924,-0.0033125956506647914,0.02180201871149272
2023-05-04,297.6998291015625,299.9905085390908,295.74056268414336,298.5088623937183,22519900,284.9310302734375,269.88247467041015,286.0989426925727,66.0278355833033,7.445470751069081,6.366036065386334,303.40453026552814,266.45753028134686,6.376965416331314,0.0033180883590031574,0.0033125956506647935,0.021585682917572322
2023-05-05,302.8075561523437,304.09423955747224,296.58861610804354,298.0020223898041,28197100,285.85948333740237,270.9718603515625,287.69023921255086,69.37247375535188,7.866518096105494,6.666132471530167,305.90044678813274,265.818519886672,6.457583847266841,0.01715730595545173,0.017011781560958065,0.021219930793641335
2023-05-08,300.8580322265625,302.36891985995953,298.3626625741606,302.30067989163814,21318600,286.79817352294924,272.13045379638675,288.9443147376948,66.67429971597751,7.95123398664316,6.923152774552766,307.78046231464157,265.8158847312569,6.313820256618002,-0.006438161420253219,-0.00645897576700198,0.021190439016314823
2023-05-09,299.24969482421875,302.2129574604757,298.5771116971217,300.22444953048654,21340800,287.9761657714844,273.2385549926758,289.92577950783993,64.44729692958967,7.79869406267062,7.098261032176337,308.97699636414796,266.9753351788208,6.122536364242001,-0.005345835012084965,-0.005360175117463862,0.020406904132228752
2023-05-10,304.4256591796875,305.0982423493034,299.9028125252024,300.82881170640417,30078000,289.3807876586914,274.464602355957,291.3067204289683,68.13590630995175,8.00320616127459,7.279250057995988,310.83186155052783,267.929713766855,6.10296573287362,0.017296473296352533,0.01714859208232469,0.02060432042781788
2023-05-11,302.2810974121094,303.2656089556637,298.52831646309323,302.27137009537194,31680200,290.3686981201172,275.70916748046875,292.35189918926744,65.12120403871928,7.901155656940716,7.403631177784934,312.2803877879307,268.4570084523037,6.088278374567952,-0.007044615665305343,-0.0070695461228962074,0.02034968457753632
2023-05-12,301.1699523925781,302.8075331032812,298.8597885779878,302.71005168658775,19774700,291.48138122558595,276.83715362548827,293.19171378005893,63.55222895699221,7.642521549059097,7.451409252039768,313.2131961301182,269.7495663210537,5.935383099619768,-0.003675866698394259,-0.003682639298263275,0.020065001222532932
2023-05-15,301.6476135253906,302.07650801921994,299.8248268001941,301.2967160743426,16336500,292.4883041381836,277.89320404052734,293.9970375653286,63.95427998159289,7.390897748076384,7.439306951247091,314.1446565961524,270.8319516802148,5.672261536720201,0.0015860185553633332,0.0015847621562071743,0.02003255905595051
2023-05-16,303.8700256347656,305.790293615096,302.0082405576207,302.0082405576207,26730300,293.62730865478517,278.96289978027346,294.9373221433702,65.84222419206472,7.286816274572004,7.4088088159120735,315.16175619940026,272.0928611101701,5.563005719076286,0.00736757729789872,0.007340569274948825,0.02001095900299085
2023-05-17,306.7420349121094,307.1620885056331,303.5573787677108,305.0715691203483,24315000,294.9060089111328,280.14306213378904,296.0615805022977,68.16290201811807,7.351336472445553,7.397314347218769,316.3663121857866,273.445705636479,5.423127434708143,0.009451439875796552,0.009407054469429493,0.020024150658089542
2023-05-18,311.1575622558594,311.6655618014146,306.4685237275618,307.25979860655974,27276000,296.5195343017578,281.42030822753907,297.499293050256,71.3820784608531,7.670346370310085,7.451920751837033,317.7711689840718,275.2678996194438,5.406978194647047,0.0143949209472225,0.014292297735630389,0.019907354597140207
2023-05-19,310.98175048828125,311.38227715164794,309.05728471229986,309.4187276052405,27546700,298.1413269042969,282.7209411621094,298.7833366157822,71.07392174866628,7.8188466749804775,7.525305936465722,318.59449179036983,277.6881620182239,5.186836354982836,-0.0005650248906164945,-0.0005651845773341492,0.01989589482861675
2023-05-22,313.7560729980469,315.1334851097125,310.659362704621,311.2357215634577,24115700,300.09630126953124,284.1497772216797,300.20931150933126,73.05097848388232,8.067402878279267,7.633725324828432,318.57606587700144,281.61653666206104,5.135928215704885,0.00892117465224107,0.008881616072239038,0.019355950180678896
2023-05-23,307.972900390625,315.2604571188561,307.96312199673974,312.6326330108963,30797200,302.07159729003905,285.35904083251955,300.9487009265973,63.33343463557696,7.708868722684485,7.648754004399643,313.82829292165707,290.31490165842104,5.290314423305704,-0.018432065878953963,-0.018604053069861425,0.019047340904595547
2023-05-24,306.59552001953125,309.18426063109985,305.384161727715,307.4551840291494,23384900,303.0057067871094,286.4068255615234,301.48649322116245,61.24382483974556,7.230239041573611,7.565051011834436,312.9420803332342,293.0693332409846,5.183870457597069,-0.004472407699985026,-0.004482438835360925,0.011368953499948087
2023-05-25,318.38653564453125,319.3438643558403,312.6033603605029,315.7684598442555,43301700,304.068310546875,287.5997784423828,303.0960210710071,70.28284560209579,7.713442229688155,7.59472925540518,315.67152927286986,292.46509182088016,5.724190020362211,0.038457886221719306,0.037736811004984765,0.012281174086331937
2023-05-26,325.1954040527344,325.69359534814544,316.3936568169518,316.5304052743781,36630600,305.35292053222656,288.719140625,305.200724212124,74.04706828438678,8.547275344338914,7.785238473191927,319.9521181341801,290.753722930273,5.97960062827874,0.021385541302553657,0.021160079367117994,0.012887747645759675
2023-05-30,323.5542907714844,327.9795816142876,322.8802372817965,327.4813902004807,29503100,306.6383331298828,289.7427124023437,306.9486829320631,71.68998525838126,8.972243530312255,8.022639484615993,322.8097508024353,290.46691545733034,5.9167251785796235,-0.005046545125784951,-0.005059321938606201,0.012868852165426483
2023-05-31,320.7994689941406,328.1749431768424,319.7639428551413,324.6093167826368,45950600,307.7933151245117,290.851552734375,308.2678054141657,67.78907167658815,8.983190160670631,8.214749619826922,324.5356864872789,291.0509437617445,6.094887688802587,-0.008514248940340585,-0.008550702220196623,0.013145710235553592
2023-06-01,324.8926086425781,325.82066191290807,317.2143019258067,318.3963251868189,26773900,309.20218048095705,292.01203857421876,309.85112000734784,70.36896854676833,9.215912305576921,8.414982156976922,326.70361136901437,291.70074959289974,6.274278567252501,0.012759184612341823,0.012678472042350893,0.013177810928830197
2023-06-02,327.6474304199219,329.6988961808169,324.86330044529166,326.5240179212979,25873800,310.699560546875,293.25666870117186,311.5460067133073,71.99474300216598,9.51297769131071,8.63458126384368,329.109235353709,292.289885740041,6.171515507843412,0.008479176515752584,0.0084434302225094,0.013201321173405564
2023-06-05,328.17498779296875,330.7344235831456,326.924575276692,327.4716288893014,21307100,311.9679321289062,294.4071600341797,313.12971919708457,72.30809126442738,9.679395573808847,8.843544125836713,331.48977695533085,292.4460873024816,6.002824993458425,0.001610137373489362,0.0016088424920802338,0.012894891552031735
2023-06-06,325.9671630859375,327.6181020499909,324.4920861780968,327.57901828059016,20396200,313.223388671875,295.45676513671873,314.35233290078486,68.83682342625724,9.523350683765727,8.979505437422516,332.9542644560745,293.4925128876755,5.837116180702247,-0.006727583725619213,-0.006750315929580767,0.01290750684783546
2023-06-07,315.9052124023437,326.75839512631626,315.0455484614,323.984044106474,40717100,314.05616455078126,296.3868157958984,314.5002261866476,55.71056210389301,8.489902345767007,8.881584819091414,332.7355384243407,295.37679067722183,6.256811215288961,-0.030867988629091125,-0.03135444172556651,0.01498445808215701
2023-06-08,317.74176025390625,319.0898668992322,315.87590553008897,316.4522643486225,23277700,314.7219696044922,297.37601684570313,314.8089437168627,57.310652396043785,7.7299748173084595,8.651262818734823,332.9239810105668,296.51995819841756,6.039464797707124,0.0058136041428258345,0.005796770358057746,0.014615968183251657
2023-06-09,319.2364501953125,322.3624661949436,316.9114577219513,317.47803824659906,22529000,315.56973724365236,298.29217651367185,315.23061100052456,58.620916186561146,7.165733645696093,8.354156984127078,332.9352037264849,298.20427076081984,5.997432203084634,0.004704102917450381,0.004693073201740991,0.014458244287233588
2023-06-12,324.1794738769531,324.42369526305714,317.64410719983425,320.9850390669164,24260300,316.72021331787107,299.2381848144531,316.0828836554225,62.698405917114044,7.036318848857718,8.090589357073206,333.14031677687814,300.300109858864,6.053300478808795,0.015483895020811156,0.015365242750369351,0.014638018340066172
2023-06-13,326.5630798339844,329.1909043563213,322.7532321400216,326.738912078587,22951300,317.96598663330076,300.1490112304688,317.0809975771903,64.5143052619319,7.044884724273402,7.881448430513246,333.37221084109086,302.55976242551066,6.080755602915288,0.007352735595887783,0.007325836012057473,0.014649123018251718
2023-06-14,329.5426025390625,331.2033200737011,325.1173117243528,326.61194558065387,26003800,319.24961547851564,301.1402874755859,318.2678170973686,66.69677198942489,7.208995016536619,7.7469577477179214,334.0085218120855,304.49070914494575,6.081130799089073,0.009123881078635154,0.009082509928895187,0.014675122978213053
2023-06-15,340.0538330078125,341.7536041604146,329.405787505742,329.6793142407834,38899100,320.91520538330076,302.34276306152344,320.3426757555061,73.00455038066178,8.093920382437602,7.816350274661858,337.1017348543033,304.72867591229823,6.52875121734504,0.03189642367257828,0.031398297364147267,0.01590712432575085
2023-06-16,334.41729736328125,343.3460477400644,334.0461058075506,343.1995208348828,46552000,322.07819213867185,303.48787353515627,321.68311590862754,65.80668839465605,8.245361396814133,7.902152499092313,338.6315169173871,305.5248673599566,6.726693411285668,-0.016575421587445405,-0.01671433101526828,0.016471347782097266
2023-06-20,330.2361755371094,334.1730234363889,328.0967936208768,331.4670609717045,26375400,323.0409133911133,304.4078271484375,322.497693016102,61.002023803439464,7.936510747906652,7.909024148855182,339.13406620700835,306.94776057521824,6.69767986350844,-0.012502708021199904,-0.0125815245105695,0.016847538318379766
2023-06-21,325.8499755859375,329.9236018707608,324.39442550484875,328.5950218821544,25117800,323.64560852050784,305.28314208984375,322.816958022753,56.35370604557878,7.254192884447946,7.778057895973736,339.197568416792,308.09364862422365,6.63654201841931,-0.013282009289375951,-0.013371004072890788,0.017175059998323222
2023-06-22,331.8577575683594,332.2582841920234,325.6350018399905,326.3969713207667,23556800,324.83985137939453,306.4065002441406,323.677986550906,60.76380990128791,7.11619776057006,7.6456858688930005,339.00034978035313,310.67935297843593,6.63559489939171,0.018437263871567966,0.018269358196086032,0.016838298672090184
2023-06-23,327.27618408203125,330.1482299651682,325.74249643584824,326.6314360457984,23146900,325.8738845825195,307.4253594970703,324.0206720300607,56.1078399447593,6.56150400636534,7.4288494963874685,337.3132392127764,314.4345299522626,6.598428201757383,-0.013805835126166621,-0.01390202198731438,0.01720714162956672
2023-06-26,321.0046081542969,328.340998601614,320.8971352379601,326.00625756335666,21520600,326.0047882080078,308.1949938964844,323.73342785141654,50.4133192383566,5.551843253065272,7.053448247723029,337.15468430990785,314.8548921061078,6.658816427607136,-0.019162946259977165,-0.01934893541508405,0.015795898285490433
2023-06-27,326.8366394042969,328.38010561548896,321.6884329438187,324.1892578253604,24354100,326.08684997558595,309.15340087890627,324.0289718088337,54.98827716371407,5.162762896456172,6.675311177469658,337.2358688242903,314.9378311268816,6.7100079300060615,0.018168060837297162,0.018004993733740204,0.015587300786815524
2023-06-28,328.0870666503906,330.16783795083114,326.09421148504384,326.9245702882871,20259500,326.31348876953126,310.0849591064453,324.41545703183914,55.9271705246936,4.898842136448536,6.320017369265434,337.43160744320346,315.19537009585906,6.52169496827615,0.003825847825301487,0.0038185478825662976,0.015551329846156932
2023-06-29,327.30548095703125,328.3409772213773,324.93165630266327,326.97334345829574,16997000,326.63878936767577,311.00927001953124,324.6906974056669,55.152778476712,4.573890635132386,5.970792022438825,337.4695422412566,315.80803649409495,6.2993825361645674,-0.0023822508498704265,-0.0023850929240125094,0.015417680500298995
2023-06-30,332.6685791015625,334.80796061953606,329.40578527983763,329.9430603518384,26832800,327.027587890625,312.0392810058594,325.4504956624189,59.315617283882695,4.695000386256027,5.715633695202266,338.13445036680724,315.92072541444276,6.38531804518887,0.01638560444771575,0.016252809088990728,0.01558224714585854
2023-07-03,330.1775207519531,333.02026113567905,328.7903600361568,331.34979527734635,12508700,327.1540924072266,313.0650903320313,325.90068852808884,56.68374142718286,4.5376657601162265,5.480040108185058,338.34363908919244,315.96454572526073,6.231359691926968,-0.007488108303877028,-0.007516284934763343,0.015604019603358965
2023-07-05,330.3338623046875,333.7529619318794,326.9929302209396,327.3445947298887,18172400,327.2620361328125,314.100849609375,326.32289555443157,56.81325700333636,4.375158290736238,5.259063744695294,338.5302697742824,315.99380249134265,6.269121978999309,0.00047350756156361307,0.0004733954922339052,0.01560183455889972
2023-07-06,333.3816833496094,335.0619274987614,327.7450650936466,329.5034469606341,28161200,327.6327621459961,315.2753515625,326.9951610587342,59.364083112911175,4.44110929362904,5.095472854482044,339.1903577203988,316.07516657159334,6.343960580864703,0.00922648687499894,0.009184182857521752,0.015623729032487453
2023-07-07,329.4253234863281,333.8896972947202,329.21040748776585,331.4767889612989,21214800,328.3087677001953,316.4945184326172,327.22660509945746,54.83626208456315,4.126562320549738,4.901690747695584,338.55013733799393,318.06739806239665,6.2250555255853905,-0.011867358228953129,-0.01193833744066721,0.01406881601718742
2023-07-10,324.159912109375,327.4813467591402,320.017927004541,326.86590410565805,32791400,328.6296752929687,317.2194500732422,326.934539100402,49.43246582968318,3.413063216750004,4.603965241506468,337.8808371980667,319.3785133878708,6.452365593885516,-0.015983626641780213,-0.016112742476633322,0.014607403203119845
2023-07-11,324.7851867675781,325.1661566846007,319.4416208471581,323.4077743662795,26698200,328.90711212158203,317.77246459960935,326.7298388782283,50.06180843966998,2.865038099991409,4.256179813203456,337.30863547608004,320.505588767084,6.400377754139593,0.0019289080322557606,0.0019270500779889294,0.014584541975684578
2023-07-12,329.4058532714844,333.75297652887264,327.91121941871575,328.8197159187511,29995300,329.1684310913086,318.370517578125,326.98469739187175,54.56220787012436,2.771623862386946,3.9592686230401544,337.2858247698809,321.0510374127363,6.583764326079231,0.01422683882197151,0.014126587075349646,0.014521239408392514
2023-07-13,334.7395935058594,335.7946167426784,331.1837159282275,331.711242452727,20567200,329.57725677490237,319.108388671875,327.7232589265372,59.139738996840144,3.0923341637308113,3.785881731178286,337.9482498742732,321.20626367553155,6.56983569358743,0.016192001998152517,0.016062309646770412,0.01485857282506863
2023-07-14,337.25994873046875,343.3068725083686,336.35145234816736,339.55563567406386,28352700,329.96312408447267,319.89959106445315,328.63151509834023,61.13232566024373,3.5094166210062667,3.7305887091438827,338.97880276668764,320.9474454022577,6.712510215653272,0.007529301204595162,0.007501097497280412,0.01481884213647119
2023-07-17,337.7386474609375,338.9695029653532,334.2902427075948,337.689785296776,20363900,329.8473648071289,320.7200579833984,329.4988610376352,61.51619138205951,3.8343840675016168,3.7513477808154296,338.38880102712477,321.305928587133,6.567278075803635,0.0014193761585705733,0.0014183697963892547,0.01295229676218233
2023-07-18,351.1805725097656,358.30207642907544,334.26093764915,337.8363124834503,64738600,330.68552856445314,321.7896728515625,331.56378593974284,70.36648725886232,5.117581825004152,4.024594589653175,343.2151076566294,318.15594947227686,7.815410983240909,0.03979978350088831,0.03902817875519307,0.015161189868178276
2023-07-19,346.8725280761719,354.0819486228708,344.293565577068,353.388368189592,39732900,331.51734619140626,322.67097229003906,333.0217613813075,65.19188834932245,5.720954508401746,4.363866573402889,345.8904487437051,317.1442436391074,7.956337559138186,-0.012267319922641629,-0.012343184567370349,0.015148970461955487
2023-07-20,338.852294921875,349.6957307761419,337.3869665581141,345.3974402048797,33778400,332.16746215820314,323.4308575439453,333.57705028993297,56.81529234771116,5.488695652505555,4.588832389223423,346.63231440624,317.70260991016625,8.267225177630298,-0.02312155764764301,-0.02339305397142033,0.015835067458064248
2023-07-21,335.8239440917969,342.20300571747845,331.97501253322577,341.07959326630163,69405400,332.365771484375,324.1623425292969,333.7910401758248,53.99415250927936,5.002599381213031,4.6715857876213445,346.91669698214645,317.81484598660353,8.407280035246183,-0.008937082249291906,-0.008977257514414173,0.015526556900978792
2023-07-24,337.13299560546875,338.90118607619127,334.3977276840243,337.85591126570966,26678100,332.8586120605469,324.8164892578125,334.1093216453147,55.03355360445506,4.669170806433897,4.671102791383855,347.3542103816421,318.3630137394517,8.128435632169097,0.0038980291212173945,0.0038904514912007524,0.015155786807773727
2023-07-25,342.8673095703125,343.7562790203098,337.09391224924093,339.0867373558683,41637700,333.95174713134764,325.6282135009766,334.9434157334098,59.364521160030115,4.812165819897132,4.69931539708651,347.9971704785095,319.9063237841858,8.023716427804796,0.01700905589067392,0.01686602154071494,0.014699931510478664
2023-07-26,329.962646484375,336.70318113968654,325.4103558990967,333.547829841797,58383700,334.10804748535156,326.2040673828125,334.4690567573112,48.129841778466385,3.8399276404572333,4.527437845760654,347.90057557120946,320.31551939949367,8.69751908804844,-0.03763748460624561,-0.03836406417231242,0.01688371438862239
2023-07-27,323.0755920410156,333.4403334728924,321.4441800463063,332.61000460063315,39635300,333.8574737548828,326.632626953125,333.38396487956874,43.408357028167416,2.4850480554946444,4.118959887707453,348.2475833724233,319.46736413734226,8.933135826515414,-0.020872224528255767,-0.021093128653794316,0.01752720434702976
2023-07-28,330.5487365722656,332.1508430764587,325.4689499409115,325.9573926830905,28484900,334.0196365356445,327.166201171875,333.1139431360161,49.228560685557866,1.9913613568858182,3.693440181543126,348.1820478472497,319.8572252240393,8.943286912867391,0.023131256942187317,0.0228677846453321,0.01830372190064778
2023-07-31,328.1554260253906,329.8942812123279,325.6545714457516,329.13231163180893,25446000,333.7939788818359,327.59446899414064,332.64170341119456,47.542218595367075,1.3909568473203535,3.2329435146985714,348.17740442639484,319.410553337277,8.654063928127863,-0.007240416562148244,-0.007266755592185874,0.01799465664908542
2023-08-01,328.5656433105469,330.7148031903255,325.9866812669901,327.44223102382614,18311900,333.7133850097656,327.94263061523435,332.2535072111329,47.87182877471516,0.9374269796981025,2.773840207698478,348.19469343114696,319.23207658838425,8.373639499214114,0.0012500700967368328,0.0012492894096547754,0.017922735278132
2023-08-02,319.9300231933594,325.9183364890345,318.8163593371292,325.9183364890345,27761300,333.19319305419924,328.12159606933596,331.07984206658307,41.90286827591329,-0.11746699408018912,2.1955787673427447,348.8245037082101,317.5618824001884,8.471899818800082,-0.0262827848650794,-0.02663435103158535,0.01885275387463179
2023-08-03,319.1094055175781,322.25497786737617,318.41582519365545,318.46465754141326,18253700,332.47957916259764,328.2286627197266,329.93980049048736,41.37492420269562,-1.0080746001615921,1.5548480938418774,349.271374843051,315.6877834821443,8.140989308437272,-0.002564991142720241,-0.0025682863685241126,0.0186855943205182
2023-08-04,320.2035827636719,327.3934767757319,319.6760561560359,324.2088199611453,23741500,332.0184921264648,328.4732763671875,329.0125416593621,42.41669516682043,-1.6070712679140797,0.922464221490686,349.6079298413156,314.42905441161406,8.151209447702739,0.003428846744015779,0.0034229816521955765,0.018574009978462144
2023-08-07,322.479736328125,323.4566220651156,319.9496058467817,320.77996468566107,17741500,331.93448333740236,328.79096069335935,328.3903697230538,44.621297052371524,-1.8764829452803156,0.3626747881364857,349.68853092315385,314.18043575165086,7.819481359890678,0.007108457515708322,0.007083311527384255,0.018326314181904238
2023-08-08,318.51348876953125,321.1510914070996,315.53400007450387,319.40245810571645,22327600,331.6208984375,328.7934997558594,327.4497143941469,41.63036370250745,-2.382571865893567,-0.18637454266952486,350.07665619676976,313.1651406782302,7.757070995157139,-0.012299214839837425,-0.01237547613047266,0.018518556391128083
2023-08-09,314.7818603515625,319.5490370786911,313.629112676302,318.92384579160165,22373300,330.8896987915039,328.5852288818359,326.24325210437695,38.98283188867651,-3.0496082231817923,-0.7590212787719783,350.74431383421023,311.0350837487976,7.6258462385308485,-0.011715762595752577,-0.011784932928597773,0.018317236509865217
2023-08-10,315.4656066894531,320.67242275810133,313.75605717646994,318.4841791092021,20113700,329.9259994506836,328.4234552001953,325.21680968390797,39.739052040859555,-3.4829178183402405,-1.303800586685631,350.7852194358186,309.0667794655486,7.575169048752316,0.002172127508005106,0.002169771849626418,0.01784212304346178
2023-08-11,313.59002685546875,314.9576606059445,311.83161505156005,312.8573627235517,24355500,328.7425033569336,328.2792663574219,324.10949703358045,38.33551859479666,-3.932332925880928,-1.8295070545246905,350.47082229999035,307.0141844138768,7.293656376548085,-0.005945433651760035,-0.005963178109702635,0.01768488377703746
2023-08-14,316.54998779296875,316.5695147707091,312.68149972344554,313.9612471638397,18836100,327.68307037353514,328.1124139404297,323.3895437725698,41.82739515548798,-4.003503628502472,-2.2643063693202468,349.6187859194994,305.7473548275709,7.0503962815991885,0.009438951127308082,0.00939468257589403,0.017891604689994445
2023-08-15,314.4203186035156,317.5756691585243,313.48251697268347,315.5339822625221,16966300,325.84505767822264,327.8478717041016,322.5353318517075,40.06928437486142,-4.183528317994217,-2.648150759055041,345.65455159944986,306.03556375699543,6.839164560473592,-0.006727750028680979,-0.006750483359052243,0.014775955964201832
2023-08-16,313.65673828125,317.5921510091484,313.069360125936,314.0483137596947,20698900,324.18426818847655,327.5575067138672,321.6897515116639,39.42935455373867,-4.337810156631463,-2.986082638570325,342.1470988722895,306.2214375046636,6.673709297812079,-0.002428533644571851,-0.00243148731543167,0.014699177321874321
2023-08-17,310.2109069824219,315.09587723168505,309.5549947446499,313.7938817302348,21257200,322.75219879150393,327.24238159179686,320.5965282231647,36.58946901134906,-4.684133636306399,-3.32569283811754,340.37266297872065,305.1317346042872,6.592793097042299,-0.010985994809836752,-0.011046786498959104,0.014148292310757808
2023-08-18,309.8193359375,311.679342341884,304.99307058455463,307.8711973932979,24755000,321.45196838378905,327.1206640625,319.5701289578633,36.26978027463268,-4.933325692212975,-3.647219408936627,338.85874996457966,304.04518680299844,6.599470144205663,-0.0012622736212949404,-0.0012630709596858879,0.014120242313334388
2023-08-21,315.105712890625,315.97696640050947,310.36757919700125,311.2388327068857,24040000,320.35060424804686,327.06794311523436,319.1449464752692,43.45291029870161,-4.650636113631663,-3.8479027498756344,336.3824507410385,304.31875775505523,6.567910166977363,0.01706277284833968,0.016918838709626374,0.01479491242181058
2023-08-22,315.6734313964844,319.2172393434008,314.6944776045053,318.6494592891844,16084600,318.9909103393555,326.99668273925784,318.8143259915754,44.1805451782832,-4.330868886485064,-3.9444959771975205,331.3440401992836,306.63778047942736,6.421828136400086,0.0018016763347494802,0.0018000552627478674,0.01407101654179816
2023-08-23,320.1178894042969,322.2715996929162,316.6523846218089,317.00482352144604,21166400,318.49867248535156,326.9154510498047,318.9384748880251,49.64351836785456,-3.6764407177386715,-3.890884925305751,329.8039297788398,307.1934151918633,6.434423862116639,0.01407929070289815,0.013981098071312384,0.012196778966589373
2023-08-24,313.23583984375,325.97203798658785,313.2260407459276,325.84476921609,23281400,318.0066848754883,326.64890625,318.3953667885703,42.678306537075116,-3.670810741724665,-3.846870088589534,329.3288082716464,306.6845614793302,6.885250532012611,-0.02149848474058602,-0.02173294359389499,0.012249974272190566
2023-08-25,316.1825561523437,318.5124414479657,312.0905059538923,314.70432613416926,21684100,317.2883758544922,326.38170532226565,318.1846229184535,46.1614423321965,-3.389501502376106,-3.7553963713468486,327.0521601498383,307.5245915591461,6.85215660073124,0.009407340839616474,0.009363367375900876,0.011132563951208086
2023-08-28,316.88739013671875,319.2858092722639,314.949050654982,318.8061314202153,14808500,316.72497406005857,325.91837646484373,318.06107693924065,46.99116479534805,-3.0742496551029603,-3.619167028098071,325.11993680351196,308.3300113166052,6.672485316199146,0.002229199462969289,0.002226718484226638,0.011106466526945451
2023-08-29,321.498291015625,322.05630197314525,315.10572250532454,315.10572250532454,19284600,316.3716064453125,325.6599963378906,318.3884306608011,52.1828327610521,-2.4244021302314422,-3.3802140485247456,323.1901507233189,309.55306216730617,6.692349184172115,0.014550597538503851,0.01444575340032762,0.01167520174387011
2023-08-30,321.87030029296875,322.8688226373034,319.57955147339686,321.75283059073,15222100,316.46862030029297,325.4926788330078,318.7200372924361,52.58630634413722,-1.8579578634900713,-3.075762811517811,323.5375353637518,309.39970523683417,6.449272182724576,0.0011571112125310368,0.0011564422753253876,0.010049530509349713
2023-08-31,320.8619079589844,323.9456064626788,319.9025224771531,322.27160382501023,26411000,316.5562454223633,325.3929174804687,318.9240249749645,51.32216203914753,-1.4734307425320026,-2.7552963977206493,323.7953264071264,309.3171644376002,6.27740159721037,-0.003132915130928615,-0.0031378329837004515,0.010058999777087303
2023-09-01,321.7429504394531,325.0028533565905,319.9025125671937,324.33717196139406,14942000,316.63321380615236,325.1906213378906,319.1924940668206,52.398858655686574,-1.0850892306040691,-2.4212549642973333,324.0561758043137,309.210251807991,6.1933258252236865,0.0027458618758240405,0.0027420988839668213,0.010049051645954725
2023-09-05,326.530029296875,327.8026871669536,321.74296073160247,322.07580143984785,18553900,316.83572845458986,325.1756982421875,319.8913069458734,57.853675694005155,-0.3865921345630454,-2.014322398350476,325.0630817560055,308.6083751531742,6.183783746814886,0.01487858195768843,0.014768981651260286,0.010468085213213128
2023-09-06,325.8741455078125,327.42087936565457,323.23095829944674,326.3636224074877,17535800,317.2037612915039,325.2730889892578,320.4611010946295,56.89172475869218,0.11274781944206325,-1.5889083547919685,326.30997731688154,308.09754526612625,6.041364983914383,-0.002008647689999088,-0.0020106677282537466,0.01004092766998709
2023-09-07,322.9666748046875,326.0699418421109,322.1051906191248,324.3176359252016,18381000,317.61300201416014,325.1956896972656,320.6997271622541,52.707923866949116,0.2707487208270436,-1.2169769396681662,326.9790242234031,308.2469798049172,5.893035429562361,-0.008922066212384783,-0.008962106182564314,0.00986990196123789
2023-09-08,327.2348937988281,329.0851309217736,322.5261281543159,323.14287386196446,19530100,318.2014663696289,325.1786462402344,321.3221239847849,57.63353545209213,0.731937851406883,-0.8271939814531564,328.3961272173697,308.0068055218881,5.940604525126313,0.01321566380408079,0.013129098761453874,0.010222095695221216
2023-09-11,330.82763671875,331.29754527961506,328.3704532160462,330.1423571352341,16583300,319.06334686279297,325.24908935546875,322.2274109118292,61.288444206161685,1.3715277695312125,-0.3874496312562827,330.4031316279869,307.72356209759903,5.806465021959214,0.010979094797056055,0.010919262076827755,0.01024046334677376
2023-09-12,324.7875061035156,329.7018735211136,324.5036309989416,328.75228709732,17565500,319.4752227783203,325.09146789550783,322.4712295015136,53.00887445186827,1.3751672543731388,-0.034926254130398404,331.0165379755417,307.9339075810989,5.843432214662727,-0.018257636136878586,-0.018426363641233234,0.011120236784935376
2023-09-13,328.9872436523437,329.7606255946868,324.2001746396606,324.33721264984047,16544400,320.20356903076174,325.06766235351563,323.09180227778313,57.32562403579014,1.6973690796757523,0.31153281263083177,332.2062895726269,308.2008484888966,5.823219267545833,0.012930723842220493,0.012847835802887744,0.011237400471995904
2023-09-14,331.5716857910156,333.68619984765456,329.48650927999284,332.0121971047733,20267000,321.09931640625,325.0924188232422,323.8994102314243,59.77452666306222,2.1366294942692434,0.6765521489585141,333.67431000965735,308.5243228028427,5.742914762386193,0.007855751821803203,0.007825056057529619,0.011243633253610826
2023-09-15,323.2701416015625,330.2990230757852,322.7121307368876,329.829144347891,37679800,321.75227813720704,324.89018798828124,323.8394798857232,49.87405715350567,1.794198892364534,0.9000814976397181,333.3132483597661,310.191307914648,5.965531926082037,-0.025036951420168818,-0.025355707594951885,0.012519663153115103
2023-09-18,322.1344909667969,323.44628529429457,319.49130411829134,320.90099978745496,16834200,322.3680358886719,324.74437133789064,323.6770999886826,48.686061543114185,1.4148728841973366,1.0030397749512419,332.5508448073372,312.18522697000657,5.821921158219266,-0.003513008127318251,-0.003519193230162543,0.01256188762329365
2023-09-19,321.7331848144531,322.45763099664185,317.6803313099975,319.3053983263758,16505900,322.6994094848633,324.6958367919922,323.4919652101845,48.2486990881055,1.0695432088457437,1.0163404617301424,332.33178737117635,313.0670315985502,5.747305338821059,-0.0012457720722153232,-0.0012465486913038639,0.012065755047027716
2023-09-20,314.0190124511719,322.65339248865484,313.76450476801705,322.5750893265996,21436500,322.61668853759767,324.4805133056641,322.5897792331357,40.6830151957659,0.1714216711564518,0.8473567036154044,332.5137748581819,312.71960221701346,5.971704080379397,-0.023976924754373963,-0.024269050178829268,0.013301671338786085
2023-09-21,312.8051147460937,318.50263318201627,308.37045511046944,312.54080796824985,35560400,322.2510498046875,324.14849853515625,321.657906424846,39.62993043299531,-0.6310234721237862,0.5516806684675664,332.9945197998328,311.5075798095422,6.268880794034215,-0.003865682194217235,-0.0038731732552366015,0.012888135272479524
2023-09-22,310.338134765625,314.6846917624831,309.4962190138313,314.5574229961994,21447900,322.1061645507813,323.66046936035156,320.5798329334916,37.50517193449241,-1.4493247825702156,0.15147957826000996,333.39628799594414,310.8160411056184,6.191708790792615,-0.007886635685196985,-0.007917899683411337,0.012087408029000279
2023-09-25,310.8570251464844,310.98429393163934,308.3704739123921,309.92700700519936,17836000,321.83988800048826,323.13241088867187,319.6538512394909,38.25503590219747,-2.0325345562979464,-0.2853232486515813,333.9011513993999,309.7786246015766,5.936145307110805,0.0016720161743939421,0.0016706199115163031,0.011879218883709328
2023-09-26,305.5706787109375,309.23195666524725,303.4952713882668,308.4977412546043,26297600,321.27405242919923,322.4890515136719,318.31259671296203,33.80481421640283,-2.8880053532929537,-0.8058596695798559,335.13858929006466,307.4095155683338,6.037974482189859,-0.017005716480288036,-0.017151974192966168,0.012390275527704773
2023-09-27,306.2069702148437,307.6851701509051,303.1722074325514,305.7272625333357,19410100,320.50948638916014,321.58957946777343,317.1596799036174,34.788156460304066,-3.4745759676834496,-1.3396029292005747,335.8483414360688,305.1706313422515,5.929045070487278,0.002082305496687198,0.0020801405035269257,0.011828222674577976
2023-09-28,307.0390930175781,308.8403644764348,302.9372740873856,304.4448414726015,19683600,319.76792602539064,320.79291076660155,316.1958144858994,36.124531549785615,-3.8281633654329994,-1.8373150164470597,336.16916877338053,303.36668327740074,5.92719116467027,0.0027175175083395953,0.002713831733563869,0.011857799103079507
2023-09-29,309.10467529296875,312.746384776468,308.35089159051364,311.0625829749512,24147300,319.18006439208983,320.1979583740234,315.5204678960965,39.442046164782816,-3.8967889415254717,-2.249209801462742,336.2129755472963,302.14715323688336,5.911484064257385,0.0067274243650543575,0.006704896226883157,0.012024662176983362
2023-10-02,315.0272827148437,315.1154148364271,308.5466141242197,309.62346914878606,20570000,318.8442810058594,319.7820251464844,315.4734978788343,47.81169223185523,-3.433688855619039,-2.4861056122940015,335.9265672300363,301.76199478168246,5.958435253396672,0.01916052358723297,0.018979272341549065,0.012880673279375695
2023-10-03,306.7943420410156,314.6259723470464,304.66020007739525,314.0777307403494,21033500,317.8574966430664,319.1752520751953,314.64691160856586,39.615255599664856,-3.688489595848182,-2.7265824090048376,335.32562732676627,300.3893659593665,6.273338637971799,-0.026134056081994483,-0.026481619393213248,0.013474860928614916
2023-10-04,312.24713134765625,313.3044183025866,307.391528310135,307.4208957324774,20720100,317.17614593505857,318.5628485107422,314.41836110752683,46.194365512948465,-3.4111053924114003,-2.8634870056861503,334.4017240785947,299.9505677915224,6.290248468228883,0.017773435032617524,0.017617334451366724,0.014256789591337518
2023-10-05,312.63873291015625,313.2457094811614,308.2726064658217,312.37442608711734,16965600,316.65974884033204,318.2163702392578,314.2488727077773,46.64397324729197,-3.1236697192924225,-2.915523548407405,333.77890352200404,299.54059415866004,6.196166650165369,0.001254139824471201,0.00125335404803527,0.014179496802951466
2023-10-06,320.3724365234375,322.2618102249638,309.6430811517103,309.8878196065806,25673600,316.3166259765625,318.16230712890626,314.83206926164974,54.69545134935593,-2.2459398328059024,-2.781606805287105,332.8388714536235,299.7943804995015,6.65492110895738,0.024736869745130674,0.024435867190316842,0.01501915996439395
2023-10-09,322.8785095214844,323.3483881671333,316.3782427539174,317.91520719974994,19891200,315.9191696166992,318.00890258789065,315.5983969054435,56.96185150105218,-1.3327503112665795,-2.491835506483,331.3739580640293,300.4643811693691,6.677437130690131,0.007822373938413119,0.007791937790315653,0.014903321543161787
2023-10-10,321.4786682128906,324.13162477364205,320.7738202479149,323.9945568948938,20557100,315.753727722168,317.8753674316406,316.158422744248,55.2977790056995,-0.7137686502188103,-2.1362221352301622,330.89285346936333,300.61460197497263,6.440320516049917,-0.004335504740369256,-0.004344930293933086,0.014376016470322026
2023-10-11,325.4238586425781,325.8154342155564,322.212891143674,324.2393029495446,20063200,315.5755584716797,317.8125317382812,317.04084521075566,58.93857243346095,0.09403865297286984,-1.690169977589556,330.1612791906174,300.989837752742,6.290066622236766,0.01227201310624726,0.01219732240273846,0.014344556212560578
2023-10-12,324.1903381347656,326.6083551720829,321.8016885159057,323.6127589882386,19313100,315.2064910888672,317.8977380371094,317.7217492987566,57.36538687586053,0.627463950827746,-1.2266431919060958,328.4679417577815,301.94504041995293,6.184109481803938,-0.00379050421489624,-0.0037977063816539963,0.014225695021053095
2023-10-13,320.83251953125,326.8041134369332,319.4913278140148,325.3846484410319,21072400,315.08460998535156,317.9322003173828,318.0180131304227,53.20238168015392,0.7703789941563741,-0.8272387546936019,328.0897090283882,302.0795109423149,6.264729206169257,-0.010357552982099616,-0.010411565717536968,0.01326826837511544
2023-10-16,325.6391906738281,329.06552880865223,323.6421166530187,324.08262791660326,22158000,315.2598449707031,318.0409124755859,318.74383956312795,57.911039082438705,1.2570083757259454,-0.41038932860969246,328.7264496745708,301.7932402668354,6.405320639828754,0.014981870134613828,0.014870750397883315,0.013670565184016803
2023-10-17,325.0713806152344,326.44190989346447,320.5192516418675,322.6533636519186,18338500,315.4267547607422,318.0927453613281,319.3464625204714,57.17913481997363,1.5786504406493123,-0.012581374757891506,329.28714535164664,301.56636416983775,6.370844754955053,-0.0017436785093919438,-0.0017452004862468767,0.013674613891121961
2023-10-18,323.1624450683594,328.5271229876209,321.3905409680336,325.4923600401383,23153600,315.88392639160156,318.1857244873047,319.7098894297941,54.67722169970075,1.6603791323269093,0.32201072665906866,330.1263361932195,301.6415165899836,6.425540273857357,-0.005872358074900719,-0.0058896681702331685,0.012511457798164293
2023-10-19,324.3470153808594,329.7899967094516,323.9456406942705,325.15953397789394,25052100,316.46102142333984,318.3770275878906,320.1515204727527,55.964843875870116,1.7999855210221654,0.617605685531688,331.0878133160588,301.83422953062086,6.439969657231276,0.003665556844791862,0.003658855063481367,0.0124543393604543
2023-10-20,319.7948913574219,324.9343994561592,318.60056637565555,324.7385967213242,25027700,316.93385925292966,318.46361328125,320.11755579510213,50.07709866905387,1.5257186895431119,0.7992282863339728,331.3482176556951,302.5195008501642,6.432388473179303,-0.014034733811538969,-0.014134151989377033,0.012779894840813103
2023-10-23,322.3890991210937,325.7273354388913,317.56286365993043,318.620120705819,24374700,317.51046295166014,318.6395947265625,320.3338932547204,53.104959948595415,1.5003955099645054,0.9394617310600794,331.82863974600815,303.19228615731214,6.556108709306559,0.00811209882890962,0.008079372621561448,0.012863207089169156
2023-10-24,323.5736083984375,324.8560355263617,320.70528084515973,324.3273920928105,31153600,318.41060943603514,318.7800671386719,320.642437554122,54.46301940242147,1.5579476562369905,1.0631589160954618,331.8497235787019,304.9714952933684,6.38429770729909,0.0036741604495098557,0.0036674272096347276,0.012070085413065137
2023-10-25,333.500244140625,338.9138581081017,330.5144167677778,337.7586697804962,55053800,319.77527313232423,319.1616656494141,321.86699056236034,63.89852403914319,2.3771523581777956,1.3259576045119286,333.519879855659,306.0306664089895,7.024008564610883,0.030678137785465465,0.0302169717999154,0.013564828302073301
2023-10-26,320.9891662597656,334.4399815109655,320.0591482273516,333.3729254857893,37828500,320.47277679443357,319.30831420898437,321.7833882478275,49.87237933287867,1.99385464574749,1.459537012759041,332.91547823208094,308.0300753567862,7.5494960445396675,-0.03751444894170419,-0.03823622482036215,0.016489807648848463
2023-10-27,322.8687438964844,329.63331810351394,321.4884154812009,323.47569046023347,29856500,321.1609802246094,319.5614709472656,321.88675545246144,51.59154960993315,1.820765997105866,1.531782809628406,332.4847476428544,309.83721280636433,7.627685744483143,0.005855579671488531,0.005838502397308055,0.016478785747248526
2023-10-30,330.2109069824219,332.3058824741977,324.8462293530412,326.39299310170355,22828100,321.92016143798827,319.96930236816405,322.67953178864815,57.69508013348627,2.2501053818391483,1.6754473240705545,333.5295571983028,310.3107656776737,7.756932375428155,0.022740395980514805,0.02248568739512625,0.01668954285099685
2023-10-31,330.9940795898437,331.865362876774,327.64607407506094,331.71852577091533,20265300,323.13014831542966,320.2870697021484,323.47139348400015,58.29906201320343,2.623315473810976,1.865020954018639,333.11167688497414,313.1486197458852,7.504243548734219,0.0023717345213660757,0.002368926398251394,0.0152735935913801
2023-11-01,338.7865600585937,340.1081537078223,332.5016633074158,332.6387311841403,28158800,324.4571197509766,320.7493322753906,324.9299807768186,63.83205127961207,3.5074435835603026,2.193505479926972,335.3164076600307,313.59783184192247,7.6192314465373885,0.02354265815994716,0.023269803960929997,0.01560010310036329
2023-11-02,340.9892272949219,341.48847346531505,337.5139230484177,339.93194035995595,24348100,325.87464447021483,321.1667590332031,326.45943282616173,65.23615646562516,4.335877026477704,2.6219797892371184,337.5628389859722,314.1864499544575,7.358897087277384,0.006501637006932182,0.006480592531490484,0.015592023750638206
2023-11-03,345.3749389648437,346.9315020236901,340.02005970434163,342.27167169728,23637700,327.12476959228513,321.809541015625,328.2609096012743,67.90764446661086,5.285380204409819,3.154659872271658,341.27963018405313,312.96990900051713,7.326936032425317,0.012861730866730925,0.012779721248155478,0.014994079209437801
2023-11-06,349.0263977050781,350.01515060483416,345.9133317859224,346.0112331411466,23828300,328.43216400146486,322.4664178466797,330.2385751349699,69.97635560819057,6.260345155521691,3.775796928921665,345.3393540603779,311.5249739425518,7.1350271472513995,0.010572448456099837,0.010516950943284642,0.01504474143944661
2023-11-07,352.9422607421875,354.83163466533523,350.10330030774577,351.8360380163673,25833900,330.0053436279297,323.18751525878906,332.40083090708583,72.05663978999397,7.265240158293011,4.473685574795935,349.6632236471811,310.34746360867825,7.040042133894665,0.011219389315126227,0.011156918786680023,0.0149926296686295
2023-11-08,355.5560607910156,356.2119431597548,352.9618091115113,354.0680317747925,26767800,331.51195373535154,323.86867065429686,334.60609089603156,73.38237884547564,8.178264564264907,5.21460137268973,353.955718556868,309.06818891383506,6.770730725585568,0.007405744053805563,0.0073784561731988,0.014903984689224077
2023-11-09,353.098876953125,357.1125938314782,352.77580544293505,354.67497835793193,24847300,332.9573806762695,324.4932421875,336.3673086157548,70.01922530816887,8.604382814761436,5.892557661104071,356.9957538117143,308.91900754082474,6.596877701511109,-0.006910819723967232,-0.006934810030942758,0.015011759226478554
2023-11-10,361.889892578125,362.31083557483976,353.47088326732273,353.88202716517856,28042100,335.01024932861327,325.3138018798828,338.79803089788527,74.51870670219583,9.541458100024954,6.622337748888247,361.44889342426933,308.5716052329572,6.7836691958113695,0.0248967532858142,0.024591879015270598,0.015257054537610336
2023-11-13,358.9627990722656,360.7151348704628,358.1992162461448,360.4703964021509,19986500,336.67642974853516,326.0581988525391,340.718485009731,70.71328450493185,9.933398991430408,7.284549997396679,364.6956883510033,308.657171146067,6.562741134109145,-0.008088353849859065,-0.008121242044816209,0.01542537634996429
2023-11-14,362.4772033691406,364.1218684157094,359.6186750774512,363.2016494775537,27683900,338.54672088623045,326.7771423339844,342.7907439011034,72.52729097988869,10.407625400214613,7.9091650779602665,368.1657594877803,308.9276822846806,6.462478863347333,0.00979044153310027,0.009742825694867991,0.015375644374162206
2023-11-15,362.6243591308594,366.0184055463694,360.11312341587404,364.203659277244,26860100,340.51981658935546,327.5121466064453,344.6796596372706,72.60380985371665,10.672303810878248,8.461792824543863,371.02106845325625,310.01856472545467,6.422679096715051,0.00040597245937390447,0.0004058900748514967,0.015192665425227332
2023-11-16,369.00048828125,369.17705042836303,363.1246329408824,363.8897655143074,27182300,342.752490234375,328.43282287597657,346.9959290319353,75.7548663083017,11.266688323413575,9.022771924317805,374.69470166475094,310.81027880399904,6.431965682485666,0.017583289676603497,0.01743049216052028,0.01540283522068675
2023-11-17,362.8009643554688,367.23480603716206,360.0052770614011,366.4892814424939,40157000,344.90279388427734,329.1441442871094,348.50117049131944,67.61202662204124,11.109429969372854,9.440103533328815,376.1563959421765,313.64919182637817,6.615054649440182,-0.01680085561582223,-0.016943590966474034,0.015608755241848847
2023-11-20,370.2463073730469,371.64904556813445,363.9290460653395,364.1448542442713,52465100,347.295654296875,329.9325177001953,350.5721359086268,71.56504591478144,11.45354916382729,9.842792659428511,378.61609430958777,315.97521428416223,6.77455654681343,0.020521839104824524,0.020314103435469542,0.015922034588940606
2023-11-21,365.9595947265625,369.0495522871196,364.0467481750121,368.5100468166504,28423100,349.4149536132812,330.75595947265623,352.03760817700163,66.53017683145389,11.25067345932041,10.124368819406891,379.7485271971985,319.08138002936397,6.733485307614954,-0.011578002430055911,-0.011645549378849932,0.016449533964695104
2023-11-22,370.6484680175781,372.5514954656195,367.8233538705503,370.7956031427492,23345300,351.2723648071289,331.58918395996096,353.8100710189613,69.09166114776097,11.337553629040599,10.367005781333635,382.0269191409261,320.5178104733317,6.723372124146528,0.012812543675809529,0.01273115747702088,0.015514705386799478
2023-11-24,370.2364501953125,370.7661665682208,367.9901174917075,370.1383501357465,10176600,353.73472900390624,332.3624792480469,355.3744880833757,68.5948833317303,11.243551729135845,10.542314970894077,382.19702944836183,325.27242855945065,6.441420477887012,-0.0011116134499875585,-0.0011122317504685467,0.011936714620935521
2023-11-27,371.3939514160156,373.3852898149662,369.02991062580026,369.59884307126106,22179200,356.16098937988284,333.32495544433596,356.90015125791285,69.26350589371525,11.134108153037118,10.660673607322686,381.819972384906,330.50200637485966,6.29241752869265,0.003126383747717121,0.00312150677226878,0.011968806230423507
2023-11-28,375.4060363769531,375.70030662709087,370.9525569972749,371.1389381343408,20453100,358.4207458496094,334.39038635253905,358.66261650734526,71.52636192318121,11.241529699666557,10.77684482579146,382.4488631944841,334.39262850473466,6.182084107344317,0.010802774104534008,0.01074484099245543,0.01143308718868983
2023-11-29,371.62939453125,376.9755034472532,370.2462645357516,376.4458170169272,28963400,360.4525115966797,335.388310546875,359.8975477477171,66.5589580439534,10.896312704922252,10.800738401617618,381.55434588920696,339.35067730415244,6.221166593355549,-0.010060152154588442,-0.01011109745155949,0.011993354011731714
2023-11-30,371.6882629394531,372.8457658390955,368.313824366715,371.2762546529022,30554400,362.0975967407227,336.5416955566406,361.0204730040729,66.59789825545177,10.506365101091262,10.741863741512347,381.2242253098632,342.9709681715822,6.100507656143049,0.0001584062215460591,0.00015839367660532713,0.011300088325666768
2023-12-01,367.3721618652344,370.9525899274523,364.23313921740737,369.579278745005,33040500,363.41674346923827,337.63303649902343,361.625395752755,60.99034280562052,9.736815581045619,10.540854109419001,380.00947933090094,346.8240076075756,6.197265946564671,-0.011612153260060931,-0.01168010083569007,0.011860552382022474
2023-12-04,362.1044921875,362.4772245359519,355.9834013927852,362.0652461744231,32063300,364.2532211303711,338.6683636474609,361.6710239846355,54.91317512602737,8.602718340836816,10.153226955702564,378.66721303389784,349.8392292268444,6.56808698412785,-0.01433878291427737,-0.014442576640524672,0.01231746068859796
2023-12-05,365.4200439453125,365.9693683802573,358.65155863650625,359.46575623768496,23065000,365.0729034423828,339.7596240234375,362.02807350469993,57.76568749207021,7.880632400090349,9.698708044580123,377.6815001523945,352.46430673237114,6.621638609815223,0.009156339756469123,0.009114674617922697,0.012272237559874057
2023-12-06,361.7709655761719,367.0484320232483,361.0156519151652,366.4206454596968,21182100,365.514338684082,340.88362976074217,362.0035870353163,53.736138846798134,6.933993204530282,9.145765076570155,376.95755986414156,354.0711175040225,6.5795772882629295,-0.009985983061418291,-0.010036177429912486,0.012382881834820331
2023-12-07,363.8799743652344,364.3704447283438,359.3382140130918,361.2118143924818,23118900,365.93053436279297,342.03708984375,362.1822905905466,55.66122440088813,6.281544470902418,8.572920955436608,376.46406203542426,355.3970066901617,6.469052533047864,0.005829679520310771,0.00581275269211849,0.012347001687516028
2023-12-08,367.0974426269531,367.3230398250767,361.2117985281366,362.163312188216,20154400,366.6304626464844,343.2382568359375,362.6504003082996,58.498444936069056,5.955446270608547,8.049426018470996,375.3676049381275,357.89332035484125,6.443494587611594,0.008842114126591971,0.0088032515523479,0.01230273346808676
2023-12-11,364.2233276367188,364.5176278549032,359.1224531501872,361.4570971757964,27708800,366.74713439941405,344.3406298828125,362.8002029110062,55.106220518834554,5.402813763799998,7.520103567536797,375.2880632194625,358.2062055793656,6.552887079694046,-0.007829297228733378,-0.007860107094708281,0.011229049091786363
2023-12-12,367.24456787109375,367.2838138794258,363.3992673247469,363.7818485501349,24838300,367.16122283935545,345.3849755859375,363.2234757643478,57.87175707620227,5.149279667318297,7.045938787493098,374.9195667914764,359.40287888723446,6.362291327907249,0.008295021227713306,0.008260806616200725,0.01117613254619941
2023-12-13,367.2347717285156,370.4424670346805,363.7033791572921,368.8533179256787,30955500,367.3991012573242,346.5937841796875,363.60550395141144,57.85931132783284,4.8911791340023,6.614986856794938,374.8542089373527,359.9439935772957,6.389205367155902,-2.667471062922644e-05,-2.6675066405646852e-05,0.010993086131102892
2023-12-14,358.9556579589844,366.6364411485853,357.18997650221536,366.1950058164245,43277500,367.21566619873045,347.52795471191405,363.1626614759422,48.38808492202021,3.972781559230839,6.086545797282119,375.28677215203965,359.14456024542125,6.650318928523356,-0.022544471294378754,-0.022802483087852692,0.012162132274145794
2023-12-15,363.6642150878906,365.3023695567354,359.2990162951195,359.8581597688427,78502300,366.9488525390625,348.54846435546875,363.210428486604,53.091105048729645,3.5835768307701414,5.585952003979724,375.11851815149055,358.77918692663445,6.628632690611048,0.013117378217908593,0.013032090437342256,0.011850863009381598
2023-12-18,365.5475769042969,365.8909121656344,361.6532407972144,362.4085843593443,21802900,367.08618316650393,349.45196716308595,363.43301405019383,54.862812291178436,3.3880455578630517,5.146370714756389,375.0623800558838,359.10998627712405,6.457849739025975,0.005178848339397524,0.005165484224959465,0.011280821522542221
2023-12-19,366.1459655761719,366.1459655761719,362.791134932601,364.40968123442,20603700,366.8811660766602,350.3173162841797,363.6913903860013,55.438688331179335,3.2439760437080736,4.765891780546727,374.73171469525494,359.0306174580654,6.23620551792204,0.0016369652260932455,0.0016356268588921695,0.010254949494922233
2023-12-20,363.5562438964844,368.8631367699809,363.46796282422974,367.8527690284867,26316700,366.76099853515626,351.15886779785154,363.6785192917616,52.32714424163347,2.8875451958485314,4.390222463607088,374.73686935977327,358.78512771053926,6.176131834195547,-0.007072921520826503,-0.007098053203303141,0.01004631651861536
2023-12-21,366.4205627441406,367.27397628253584,362.9872706194223,365.45923017228415,17708000,366.5496032714844,351.97880187988284,363.93966628722626,55.31447189624842,2.8038764317163327,4.072953257228938,374.32369222718677,358.775514315782,6.041172821975403,0.00787861272015955,0.007847738508907602,0.00976448852117726
2023-12-22,367.4407958984375,368.0293663723626,365.6064413711889,366.5579551555188,17107500,366.4098205566406,352.84381103515625,364.27310720257975,56.363351955669636,2.7877570939871816,3.8159140245805867,374.01235822990583,358.8072828833754,5.782726549060993,0.0027843228738482217,0.002780453827035102,0.009791057313951742
2023-12-26,367.5191955566406,369.7557388466818,366.3813009092961,367.85271175632136,12673100,366.21608276367186,353.77754455566406,364.5822584743951,56.447951289536725,2.7496127754067174,3.602653774745813,373.49112724719015,358.9410382801536,5.610705933941332,0.0002133667765753522,0.00021334401712202902,0.009758497281673635
2023-12-27,366.94049072265625,367.9116124252774,365.7044958750045,366.5677284710829,14905400,365.79280548095704,354.60357055664065,364.8068520218485,55.59121074967256,2.6422285188174897,3.4105687235601483,371.74457173143065,359.84103923048343,5.367592406536441,-0.0015746247841772476,-0.0015758658087191455,0.009390934264663277
2023-12-28,368.12744140625,369.2849443001597,367.0287925621367,368.2157224809446,14327000,365.61770782470705,355.4646917724609,365.1230986298867,57.031698496003315,2.6226702125591146,3.2529890213599417,371.05625867725166,360.17915697216245,5.1516539187483685,0.0032347225602062935,0.0032295020999830743,0.009191557741834167
2023-12-29,368.87298583984375,369.9716347431921,366.361779793351,368.8337398258849,18730800,365.47694396972656,356.37890258789065,365.4802307451207,57.9542451326559,2.6369324036398325,3.1297776978159204,370.40113087064435,360.5527570688088,5.041525420969279,0.0020252346055642523,0.0020231865826455535,0.009207344557373423
2024-01-02,363.801513671875,368.7356447522221,359.7796503608471,366.73451711634624,25258600,365.2984115600586,357.1679925537109,365.3203529286211,50.07779482547692,2.2134940909033958,2.946520976433416,370.193630095759,360.4031930243582,5.330940425114092,-0.013748559430076246,-0.01384394616920472,0.009356197332307855
2024-01-03,363.5366516113281,366.1459576250118,361.48648901542015,361.9769593953772,23083500,365.37001953125,358.0428277587891,365.15047661268846,49.697908390941265,1.8353868257710815,2.724294146300949,370.1158797417726,360.6241593207275,5.282978152576776,-0.0007280400179581203,-0.0007283051677929324,0.008769112986550847
2024-01-04,360.9273986816406,365.98905733956127,360.17208496235486,363.6053781270113,20901500,365.14538726806643,358.81359375,364.74827871449344,45.99612545920003,1.3100873179485006,2.4414527806304593,370.2706410215352,360.02013351459766,5.321120597193179,-0.007177413661380028,-0.007203295210894826,0.008654278411550302
2024-01-05,360.7409973144531,364.9688499798779,359.51482125288123,361.9377463479848,21004600,365.0938888549805,359.5569415283203,364.36663286687053,45.73404775517909,0.8687284797597954,2.126907920456327,370.3721464759191,359.81563123404186,5.3306140350362865,-0.000516451141887142,-0.0005165845487121691,0.008367012473790745
2024-01-08,367.5486755371094,368.0489648766836,361.9769395114855,362.2613907623612,23134000,365.2773239135742,360.23791015625,364.6696845497504,55.66872303702756,1.0560971288009,1.9127457621252415,370.6285749526659,359.92607287448254,5.471853572693015,0.018871373848096562,0.01869551844992413,0.009309350979163572
2024-01-09,368.6277465820313,368.8239167777909,364.1154129764403,364.91979160608497,20830000,365.3538391113281,361.1906817626953,365.04664283853907,57.01213084852043,1.2769403744673014,1.7855846845936536,370.84883404915416,359.85884417350206,5.417328589025696,0.0029358588854797585,0.0029315576682368625,0.009124063879556076
2024-01-10,375.4747009277344,376.84804200266086,369.1476507008414,369.1966857666869,25514200,365.9164077758789,362.2428009033203,366.03979122798626,64.38677413654437,1.9816094705929572,1.8247896417935145,372.92781226427553,358.90500328748226,5.617540505568829,0.01857416976662507,0.018403776582750383,0.009780455065870594
2024-01-11,377.2992248535156,383.2339040924789,373.1302268937335,378.6431088178606,27850800,366.419140625,363.1845672607422,367.1121182399414,66.05775867375182,2.656664266815312,1.9911645667978743,375.00457798756054,357.8337032624395,5.937978840795727,0.004859245965901815,0.004847477937322847,0.009685792239933318
2024-01-12,381.0660705566406,381.27205974083927,377.3188695476479,378.14285622037966,21661200,367.11070556640624,364.1860070800781,368.44106607962703,69.2641685300057,3.4557670918334793,2.2840850718049954,377.8144500933834,356.40696103942906,5.7976114155477205,0.009983709096109239,0.009934201115271926,0.00986538410107507
2024-01-16,382.831787109375,386.52013440392574,380.2322997601581,386.1571910674611,27202300,368.3045120239258,365.06691162109377,369.811610939603,70.66317421830298,4.18331772428138,2.6639316023002726,380.3460639233697,356.2629601244819,5.832627360420569,0.004633623114634888,0.004622920930242484,0.008020975736358436
2024-01-17,382.0470275878906,382.6748141545887,377.4758397118604,380.5854353256014,22234100,369.2236526489258,365.8880676269531,370.97688871563037,69.1565392095303,4.6430609904480775,3.059757479929834,382.4556052586938,355.99170003915776,5.798578791641574,-0.002049880777690416,-0.002051984658920595,0.007751985287058724
2024-01-18,386.3631591796875,386.4808672893111,382.68463107425833,384.2541423864291,23392100,370.2644317626953,366.70783203125,372.44224780744537,72.61491210224368,5.294653123793751,3.5067366087026177,385.3243625547031,355.20450097068755,5.701097428054353,0.011297382992474514,0.01123404415686715,0.007980745004826182
2024-01-19,391.0716857910156,391.0716857910156,386.0002086328452,388.2171444423586,29331100,371.5107177734375,367.5487377929687,374.21647999635684,75.80244864344195,6.120430814084614,4.029475449779017,388.94013576348175,354.0812997833932,5.656124551634071,0.012186789810201049,0.012113128744686463,0.008243925114427501
2024-01-22,388.9528503417969,392.9845027036078,386.0884900033909,392.395932230134,27016900,372.7805480957031,368.2689495849609,375.6199438387797,71.75492290219398,6.52863522717729,4.529307405258672,391.36886706372485,354.1922291276814,5.744687990818558,-0.005418023155864704,-0.00543275387500136,0.008141680228304162
2024-01-23,391.2972412109375,391.7681035262422,386.42196470997874,388.2072839775827,20525900,374.02438201904295,368.98377319335935,377.11301977898523,73.44450119897755,6.961070033523981,5.015659930911735,394.01990183703833,354.02886220104756,5.716220192636052,0.006027442316158593,0.006009349949784849,0.00809865308901193
2024-01-24,394.8875427246094,397.89903829237466,392.8177719184772,393.8869938433054,24867000,375.39671936035154,369.8195465087891,378.8058314880923,75.82909321495539,7.506949617552664,5.51391786823992,397.09172218040703,353.70171654029605,5.779475684693273,0.009175381616699063,0.009133543528348926,0.008201805354976836
2024-01-25,397.1534729003906,399.25270045475327,394.858075159448,396.6139674673759,21021200,376.87843322753906,370.5248181152344,380.55322590831116,77.21944351598987,8.029841731682495,6.017102640928435,400.205486879686,353.5513795753921,5.680557799736988,0.005738165757640745,0.0057217651940353565,0.008173300537568136
2024-01-26,396.23138427734375,398.4287118822507,394.759973173457,396.66300059602537,17803300,378.3429779052734,371.27018981933594,382.046383848219,75.32074196486444,8.274449945396555,6.468572101822059,402.6478471758327,354.03810863471415,5.536856436098181,-0.0023217438244034216,-0.002324443250656726,0.008201377692888213
2024-01-29,401.91107177734375,402.1661259686538,396.6237864171102,398.3208248033987,24510200,380.03215942382815,372.0588671875,383.93825888908805,78.7815681139341,8.82487931573786,6.93983354460522,405.9074933542035,354.1568254934528,5.565276811470455,0.014334269634796115,0.014232505317079883,0.00852465026513171
2024-01-30,400.8025817871094,405.1775691973873,398.7033841260815,404.40264755037606,33477600,381.6286392211914,372.822431640625,385.5443848793758,76.52603647688521,9.067132420735959,7.365293319831368,408.47476693170483,354.782511510678,5.630198830030122,-0.0027580479067977892,-0.0027618583287560856,0.008661786026644084
2024-01-31,390.00244140625,407.404352059521,389.6394980894709,399.2036711669298,47871100,382.93868560791014,373.242470703125,385.968961691459,58.847865649258836,8.29205305756642,7.550645267378379,408.71294638187715,357.16442483394314,6.496959911460118,-0.026946284459305136,-0.027315992214388386,0.010424168515866385
2024-02-01,396.0842895507813,400.2238610760148,394.1420159186215,394.1714429462631,30657700,384.5660675048828,373.90813720703125,386.93232624948973,63.90460695171644,8.075462490458108,7.655608711994326,409.32475541546756,359.8073795942981,6.762992751339026,0.015594384800776462,0.015474041885461282,0.010707926665103635
2024-02-02,403.3824462890625,404.78518434173446,395.8684367403234,396.113671921669,28256700,386.6888198852539,374.57085998535155,388.49900434849667,68.8509622026466,8.395930105145396,7.80367299062454,410.2264961882199,363.1511435822879,6.916832383487031,0.018425766764337936,0.018258069162844986,0.010787279670868337
2024-02-05,397.9186096191406,403.32360273615,396.290244380319,402.0876078105048,25352300,388.5477005004883,375.2100402832031,389.3961096123675,62.000811745833545,8.11546699078815,7.866031790657263,409.3025600142682,367.7928409867084,6.929358778148208,-0.013545053138000251,-0.013637624241020734,0.011544865752453271
2024-02-06,397.7616271972656,400.1943708633147,395.2308134118543,398.1442084321405,18382600,390.05834808349607,375.7523034667969,390.192825572834,61.81053286694255,7.790724163939501,7.850970265313711,408.77794872316633,371.3387474438258,6.788944397670508,-0.00039450887211645025,-0.00039458671121435585,0.011120744286030397
2024-02-07,406.158447265625,406.40368241792544,399.6351982016195,399.6744442080485,22340500,391.9348831176758,376.47074340820313,391.7133609721474,67.54758430961047,8.117344642215642,7.904245140694098,409.1490173033584,374.72074893199317,6.921309456455458,0.02111018131016218,0.02089044845331859,0.011752388690009809
2024-02-08,406.2174072265625,407.6397834551556,404.66753383171147,406.158553169539,21225300,393.4720184326172,377.1672125244141,393.0946987106632,67.58440789972937,8.285441883991496,7.980484489353578,410.0094261888497,376.93461067638464,6.639233754097509,0.00014516492599003783,0.00014515439058173784,0.01134119779727073
2024-02-09,412.53466796875,412.7995411607667,407.178739238723,407.335693369119,22032800,395.2337905883789,377.90978515625,394.9461243542905,71.33719620943518,8.826662039927783,8.14971999946842,412.00983189190663,378.45774928485116,6.6351551955337005,0.015551427954105801,0.015431743743784488,0.011631921291698818
2024-02-12,407.3454895019531,412.7210259706923,406.8452001103824,412.5444638098807,21202900,396.54776153564455,378.62410705566407,396.1270162731155,64.71005305178232,8.736154625832285,8.267006924741194,412.787320493686,380.3082025776031,6.58091738587486,-0.012578769421603964,-0.012658551891266885,0.012158228615204103
2024-02-13,398.5758666992188,402.2543946406928,395.701717385572,397.2221636270064,27824900,397.33496551513673,379.1618591308594,396.36024012322054,55.351536973247526,7.8661158911993425,8.186828718032825,412.3163394824629,382.35359154781054,6.942549866625307,-0.02152870972858112,-0.021763833126863544,0.013367018739363747
2024-02-14,402.4282836914063,402.7722538955099,397.5931465072421,401.03278856568113,20401200,398.3540283203125,379.8629815673828,396.9381490344763,58.21069058139255,7.402134581206099,8.02988989066748,411.7230888236084,384.98496781701664,6.816589689599768,0.009665454720304778,0.009619043033224367,0.013432023080387524
2024-02-15,399.54876708984375,402.07445398469247,397.3179246135389,401.1015363834754,21825500,399.0133087158203,380.6118670654297,397.18677932546365,55.35720232950323,6.724556622753937,7.7688232370847725,411.2002881519705,386.8263292796701,6.6947160744760295,-0.007155353433782596,-0.007181075750118342,0.013443276218091993
2024-02-16,397.0919189453125,401.2489827226472,396.48261574205486,400.92465682975353,22296500,399.31432037353517,381.2453045654297,397.1777450035445,52.971275197370105,5.921069690810214,7.3992725278298614,410.9884159915654,387.64022475550496,6.556976853484338,-0.006149057003544178,-0.0061680403142079345,0.013319820640990906
2024-02-20,395.8437805175781,397.5144455402651,391.1462141740097,396.2860021450716,24307900,399.6588668823242,381.9267608642578,397.0507007667858,51.75096396119167,5.12451396139619,6.944320814543127,410.4637998504954,388.85393391415306,6.5434950329679875,-0.003143197753934346,-0.0031481479757334762,0.013273122700131156
2024-02-21,395.2443237304688,395.3524423554376,390.3698682526408,393.2690069492409,18518900,399.8562210083008,382.5540478515625,396.8786648585651,51.1415895476954,4.394212903067171,6.434299232247937,410.1763500441584,389.53609197244316,6.46709626382294,-0.0015143771775965043,-0.001515525005690657,0.013228706701028384
2024-02-22,404.5509948730469,405.710638303165,401.52412337910727,403.1161813071161,27009900,400.33939361572266,383.30311889648436,397.60936295518246,59.17829545454079,4.514375721698059,6.050314530137962,410.5883871172015,390.09040011424383,6.752754714456745,0.02354662820894715,0.023273682686715366,0.01408261842821038
2024-02-23,403.2636413574219,408.68843759900807,401.91727194539897,408.5017417603321,16295900,400.64490203857423,384.08392517089845,398.14786566015766,57.76290612821318,4.454379635655869,5.731127551241544,410.8600257782904,390.4297782988581,6.754069781539056,-0.003182178592908924,-0.0031872524900981303,0.014076043058847923
2024-02-26,400.5118713378906,405.0521933950138,400.334952692985,404.3642530870218,16193500,400.8589263916016,384.74927124023435,398.373009058037,54.748612362427636,4.13709757653595,5.412321556300425,410.8725790194234,390.84527376377974,6.608581990145466,-0.006823749372168897,-0.006847137607610611,0.014165280151198669
2024-02-27,400.4529418945313,401.2784523382821,396.88553712565647,400.9541264549498,14835800,400.78601989746096,385.4136346435547,398.5710978996079,54.68280231702499,3.836667431298906,5.097190731300121,410.7891964040991,390.78284339082285,6.450320077465476,-0.0001471353225123151,-0.00014714614797576556,0.013793281429557724
2024-02-28,400.6887817382813,402.24152110085487,398.33017625490425,401.1408405413653,13183100,400.7803298950195,386.2482971191406,398.7727820747196,54.916367175885924,3.576378416938894,4.793028268427877,410.7835917086045,390.77706808143455,6.268964703785843,0.0005889327286103807,0.0005887593757897269,0.013779521744427299
2024-02-29,406.5067138671875,407.0570541612983,398.9198455368932,401.592939818844,31947300,401.6055435180664,387.1051470947266,399.5093470073356,60.34596867297442,3.795800374182818,4.593582689578865,410.58702755137335,392.6240594847594,6.40241069811579,0.014519827841614763,0.014415424539873522,0.012565783422416684
2024-03-01,408.3346252441406,408.6982397267373,403.7943028017663,404.1775615837775,17823400,402.2180603027344,387.96088806152346,400.3498496965551,61.89857530104142,4.070271471903652,4.488920446043823,411.2803782896256,393.15574231584316,6.295376857176875,0.004496632686736612,0.004486553038996999,0.012179924491931329
2024-03-04,407.7646179199219,410.1527047870807,405.2094495475142,406.3101300793095,17596000,402.43716888427736,388.79326110839844,401.0560180987805,61.0952498633199,4.19345740041507,4.429827836918072,411.8081493211705,393.0661884473842,6.198796741633276,-0.0013959318876716198,-0.0013969071082557895,0.01152722794692722
2024-03-05,395.7062377929688,407.1062001502952,393.7309209213856,406.821192843755,26919200,402.32655029296876,389.43626098632814,400.54651521251276,47.153481878620106,3.2802598425355995,4.199914238041577,411.9569157877119,392.6961847982256,6.758432474269206,-0.02957191378806956,-0.03001797884870047,0.013022627438587507
2024-03-06,395.1558837890625,398.1729482982256,391.5197089331465,396.02071283324057,22344100,402.1962631225586,390.0109674072266,400.03312174361275,46.63046227170516,2.4835069083578674,3.8566327721048355,412.1356809940115,392.2568452511057,6.750918680755627,-0.0013908145774397251,-0.0013917826577517197,0.013025323875845752
2024-03-07,402.0842895507813,402.7132369902085,395.30325783772497,399.1163510354161,18718500,401.99255523681643,390.70383728027343,400.2284710585812,53.60689638443073,2.3836615431037558,3.5620385263046197,411.7643906320708,392.2207198415621,6.808521146497796,0.017533348346692623,0.017381412585435674,0.012738024361664126
2024-03-08,399.2146301269531,403.3422120153882,397.357209279769,400.9246137706761,18002200,401.6424163818359,391.3377459716797,400.1319147793785,50.65343893952706,2.0493521827490895,3.259501257593514,411.28460891450334,392.0002238491685,6.749698402863612,-0.007136959832562018,-0.007162549759264813,0.012824600713233351
2024-03-11,397.5439758300781,398.68397503984977,394.34021545583295,396.7971025481086,16120800,400.8928817749023,391.94981567382814,399.88544440325467,48.96217392831541,1.6308028860510149,2.933761583285014,409.2807231178103,392.50504043199436,6.615749564881939,-0.004184852384652604,-0.00419363338608567,0.012247260985000633
2024-03-12,408.1184387207031,408.4034460288256,399.7748595225906,400.59053286353617,22457000,400.93152923583983,392.7496356201172,400.6695391001545,58.42447708012528,2.127841896881023,2.7725776460042164,409.44413243512093,392.41892603655873,6.918872467300907,0.02659947963881315,0.026251864265711244,0.013498069935278467
2024-03-13,407.9415588378906,410.968430688084,404.354509505231,410.8898234934408,17115900,401.3998138427734,393.5310070800781,401.3621124085103,58.230005416922054,2.4789009386815337,2.7138423045396802,410.3611488517486,392.43847883379823,6.897090232697486,-0.0004334033114674618,-0.0004334972578280804,0.012499605326437048
2024-03-14,417.8869934082031,420.4421618629372,410.7816654727546,412.99286375239626,34157300,402.1727493286133,394.6127166748047,402.93591059895726,65.23669072974775,3.51906561306663,2.8748869662450702,413.6649064821088,390.6805921751178,7.2973411464367075,0.024379557205802316,0.024087119273165498,0.013420925914254372
2024-03-15,409.2388000488281,415.3122180052063,405.6713950382344,412.0593017539116,45079900,402.6572509765625,395.52675964355467,403.5361857846592,56.38020980818772,3.604021763896071,3.0207139257752704,414.4783958725288,390.83610608059627,7.648645233831853,-0.020695052719497342,-0.020912196414270896,0.014223069111442178
2024-03-18,410.1231994628906,413.47439659588105,406.644239420025,407.10613532964646,20106000,403.3088150024414,396.5106756591797,404.1635204206812,57.02277234924014,3.7000617582443738,3.1565834922690916,415.26685903851353,391.3507709663693,7.590181801119297,0.0021610839782468805,0.0021587521951148326,0.014115137270430489
2024-03-19,414.14263916015625,414.3981649654471,408.38368133647776,410.6243607307359,19837900,404.2237579345703,397.5787084960937,405.1139126815836,59.91303160230336,4.0537798862678756,3.3360227710688486,416.5515856465578,391.8959302225828,7.4776319316800155,0.009800566518864517,0.009752852463380987,0.014177491281684943
2024-03-20,417.8968200683594,418.6142118533255,413.4056235884817,414.7225113763612,17860100,405.3563827514648,398.58567138671873,406.3313324327051,62.452888776334675,4.584191370857866,3.5856564910266524,418.3220473349252,392.39071816800447,7.315557384048857,0.00906494659863144,0.009024106592981081,0.014222714512719337
2024-03-21,421.9653930664063,423.3903994195494,419.79351351352574,422.4174518440492,21296200,406.2271026611328,399.65242431640627,407.8202905882957,65.03819242337835,5.272072956966554,3.9229397842146327,421.06347554158623,391.39072978067935,7.185416095987511,0.009735831436528786,0.009688743609068243,0.013482856029793103
2024-03-22,421.3462829589844,422.446963535343,418.7223444405752,422.2897491598315,17648500,407.13123474121096,400.5698559570312,409.1084803378851,64.31251933508264,5.7015432172063925,4.278660470812985,423.28083668587254,390.9816327965494,6.938216310186101,-0.0014672058836932012,-0.0014682832842203197,0.013452270889434167
2024-03-25,415.5677185058594,420.03927125139006,414.3392748930156,417.9066799433217,18060500,407.8840270996094,401.3352258300781,409.7236458776922,57.82706432470781,5.512079809826446,4.525344338615677,424.1325505685513,391.6355036306675,6.94313000702772,-0.013714525763806273,-0.013809438661621072,0.01378195536586231
2024-03-26,414.3785095214844,418.6436612820826,414.0836951106592,418.270209700842,16725600,408.580305480957,402.001474609375,410.16696622472,56.562911476469196,5.205958419993635,4.66146715489127,424.6882772807836,392.4723336811304,6.772904018770265,-0.0028616490921159476,-0.002865751438064726,0.013816883681796769
2024-03-27,414.1623229980469,417.1302615081193,411.7840733216957,417.1204243635022,16705000,409.2539825439453,402.6280853271484,410.5474763936083,56.321865109800065,4.889546914180983,4.707083106749213,425.1104621935775,393.3975028943131,6.670995745031218,-0.0005217126816908779,-0.0005218488211044947,0.013824243210424705
2024-03-28,413.4645385742188,414.5947004262664,411.8921251320564,413.70039009359095,21871200,409.60187377929685,403.256435546875,410.8252918393807,55.499741481012165,4.5302611146869936,4.671718708336769,425.5072217167994,393.6965258417943,6.387537141401133,-0.0016848090352037381,-0.0016862299221193065,0.01350740559855026
2024-04-01,417.2482299804688,420.5109832500247,414.9387501061958,416.6389267777452,16316000,410.0475540161133,403.87413696289065,411.43700023377005,58.994975801225124,4.498975416839187,4.637170050037253,426.28201546021825,393.8130925720083,6.434601965287188,0.009151187231914992,0.00910956883053872,0.013611685195707842
2024-04-02,414.1721801757813,415.0959720756304,410.6342569413904,412.8650995128624,17912000,410.36793212890626,404.3361468505859,411.6974935615807,55.19913187357915,4.1778105646831705,4.545298152966437,426.66232744100813,394.0735368168044,6.447414184843704,-0.007372229727209412,-0.0073995389153076645,0.013735972287073302
2024-04-03,413.1992492675781,415.9607877333754,411.8626872035861,412.49166464341647,16502300,411.2425827026367,404.8210748291016,411.8405179145328,54.01531759251785,3.8009625816879975,4.396431038710749,426.11058456133964,396.37458084393376,6.279606066625532,-0.0023490976815252473,-0.0023518611400882464,0.011768568746038075
2024-04-04,410.673583984375,421.27751676074166,410.3689323931849,417.66095627375125,19370900,412.01846771240236,405.20860168457034,411.7293813497559,50.95998099414601,3.260917927613548,4.169328416491309,424.93968532522643,399.0972500995783,6.610247373834907,-0.006112463388256439,-0.00613122096833595,0.011891755565578033
2024-04-05,418.1817932128906,419.1547408159618,411.1059769604637,412.76683489834704,16554800,412.82334289550784,405.67448669433594,412.3438967652925,58.47891212952762,3.3995900268087667,4.015380738554801,425.1613453858652,400.48534040515045,6.7438837636743285,0.01828266906205811,0.018117550569217985,0.01194435249672219
2024-04-08,417.267822265625,419.91143485729225,416.0000602813901,417.837836797393,14272400,413.7260025024414,406.07677368164065,412.8128420510385,57.32667221070365,3.3965851283700204,3.891621616517845,424.4906852529446,402.9613197519382,6.541561678833458,-0.002185582830480426,-0.0021879747023597663,0.011794680502783468
2024-04-09,418.9287109375,420.3635245342137,414.34907001434647,419.0859553029516,12496900,414.7952392578125,406.53072021484377,413.395305754511,58.9110596436699,3.4880158840063586,3.810900470015548,422.8169200872811,406.7735584283439,6.503911167478727,0.003980390011520507,0.00397248921775282,0.011700077948535437
2024-04-10,415.9607849121094,416.7174952724338,412.4621804028437,414.90923013212864,16216600,415.18735656738284,406.81171447753906,413.6396371028537,54.98255705780075,3.283142566493723,3.705348889311183,422.6094927588028,407.7652203759629,6.501241122277123,-0.007084561043211535,-0.007109775706253872,0.010432618915773968
2024-04-11,420.55023193359375,421.9654011694112,415.07628079166767,418.4766338120234,17966400,415.81779022216796,407.20666748046875,414.2977889914956,59.4821066051082,3.4513242873472905,3.6545439689184045,422.7999166005001,408.8356638438358,6.528946783381868,0.011033364653483257,0.010972941129285207,0.01066204742416472
2024-04-12,414.6242065429688,417.8476407951663,412.5309342100816,416.7371231732088,19253800,415.65465087890624,407.6991027832031,414.32887637735024,52.22366491666241,3.071027891757126,3.5378407534861487,422.5880655510972,408.7212362067153,6.635400421962601,-0.01409112381980726,-0.014191346317424691,0.009764172947187842
2024-04-15,406.5067138671875,419.4594150607099,406.30031376342345,419.2432078029309,20273500,415.5180465698242,407.90755126953127,413.5839085192395,44.2569136775464,2.0905281331354217,3.2483782294160033,423.0348223418441,408.0012707978043,7.101379055914303,-0.019577951667276938,-0.01977213846159143,0.00964410136147867
2024-04-16,407.4304809570313,411.1846115754289,406.5951633512696,407.42067380289205,16765600,415.38341064453124,407.98851196289064,412.9978677990292,45.27993752805912,1.372197456104459,2.8731420747536944,423.3640296132652,407.4027916757973,6.928273245366239,0.002272452233459621,0.002269874118905651,0.00964562350264473
2024-04-17,404.73773193359375,411.6563341009439,403.25376259314334,410.0544389834795,15855500,414.9131652832031,408.12489440917966,412.2111881927973,42.81337415089097,0.5789589983717178,2.414305459477299,424.14159681801596,405.6847337483903,7.03358026411155,-0.0066091005687950455,-0.006631037382453055,0.009438254383105771
2024-04-18,397.2982482910156,404.786864609064,396.983789567324,403.5485840383649,21029900,413.88323669433595,408.11562683105467,410.79090820215146,36.84215412185928,-0.6425850297256943,1.8029273616367005,425.7658945600241,402.0005788286478,7.0885441767993,-0.01838099849756225,-0.018552028088972876,0.009867196911388086
2024-04-19,392.2370910644531,398.4874271893145,390.91036608589934,397.0624207324797,30565800,412.3968215942383,407.83719970703123,409.02387799856115,33.42655454375462,-1.9960513258841956,1.0431316241325213,426.99157107325675,397.80207211521986,7.123438242986146,-0.012738936676245483,-0.012820772675326539,0.009681044379451768
2024-04-22,394.04534912109375,395.9027700554988,388.9252051027742,393.1805201140456,20286900,411.0317749023437,407.59375854492185,407.5973514388024,35.71951387412386,-2.8894638630753775,0.2566125266909415,427.0595644914855,395.00398531320195,7.113018722253179,0.004610114896919537,0.004599520864564351,0.009845543066957996
2024-04-23,400.5413208007813,401.1604610302828,396.1090877220826,397.2687310137851,15734500,410.2804550170898,407.3538916015625,406.9253485208956,43.277699464811484,-3.038305416477101,-0.40237106194266703,426.7888492882003,393.77206074597933,7.113168235605743,0.016485340314703834,0.016350932255466268,0.010460497576362127
2024-04-24,402.0056762695313,405.3568737379943,399.7649965241752,402.4970536697523,15065300,409.6618133544922,407.2470953369141,406.45680830647996,44.85188580477688,-3.0034799247238197,-0.9225928344988976,426.4347616315137,392.8888650774707,7.00450459119241,0.0036559410794931857,0.0036492743706937956,0.010526594263430592
2024-04-25,392.1584167480469,392.9937641834992,381.3382786525908,387.2348064445488,40586500,408.56161804199223,407.1187463378906,405.0950567294864,37.34602882859127,-3.7275036759218096,-1.4835750027834802,426.82942951855426,390.2938065654302,7.980425521602988,-0.024495324575671384,-0.024800326081324455,0.011712105027219998
2024-04-26,399.3129577636719,405.8777529623426,398.76261744709456,405.0620796331898,29694700,407.8540390014649,407.05643981933594,404.54438063750405,44.60006784554376,-3.681547460646186,-1.9231694943560214,426.40154776109426,389.30653024183556,8.390347713938182,0.018244007294178965,0.018079582229954233,0.01261261832759277
2024-04-29,395.3130798339844,399.3128986786924,392.3058528379069,398.261343947103,19582100,406.7572814941406,406.97172607421874,403.6652091324069,41.69369509222594,-3.922665503346707,-2.3230686961541585,425.54566991909934,387.9688930691819,8.291544657640094,-0.010016899907502541,-0.010067406612844955,0.01247505493126121
2024-04-30,382.6159057617188,395.2246663994194,382.4586913890698,394.5662074998568,28781400,405.1794677734375,406.68220581054686,401.66051357329377,34.09768249916472,-5.079752892955526,-2.8744055355144322,426.3598977741991,383.99903777267593,8.61746207101684,-0.0321192865098161,-0.03264642916449625,0.014093284288792326
2024-05-01,388.1291809082031,394.7922572147303,383.57902141142335,385.8393454420747,23562500,403.92596435546875,406.52791381835937,400.3718152242375,39.27132452544768,-5.488608495431379,-3.397246127497821,426.00773532467156,381.84419338626594,8.871668455445029,0.014409424865671427,0.014306595731865568,0.014674062843394207
2024-05-02,390.9791564941406,393.0331103770738,387.84416635932274,390.80226783236736,17709400,402.94124298095704,406.44261047363284,399.47727629756156,41.81422110159994,-5.519040234157558,-3.821604948829769,425.4832880750251,380.399197886889,8.60861670989546,0.007342853168805119,0.007316025669355722,0.014832502081256665
2024-05-03,399.6470642089844,400.1286044561088,394.9298232492529,395.3425934548566,17446700,402.0145065307617,406.34453186035154,399.49344657483994,48.8318788084129,-4.788530693409541,-4.014990097745724,423.4719966848417,380.5570163766817,8.64724751361494,0.022169743759661742,0.021927567774536336,0.015139366684893803
2024-05-06,406.4084167480469,406.7916755135943,399.3620518377186,401.7108501382599,16996600,401.47153625488284,406.40742736816406,400.1520151627644,53.53912289498591,-3.6222568541700184,-3.9364434490305826,421.88166065549626,381.0614118542694,8.560274382347854,0.016918309039614998,0.01677678841205575,0.015728524056704503
2024-05-07,402.2808227539063,407.5189223273103,402.0351340682459,407.5090851826696,20018200,400.63914184570314,406.4428063964844,400.3547587428732,50.48572156735731,-2.996497021202458,-3.7484541634649577,419.426958525307,381.8513251660993,8.340525373541892,-0.010156270943324164,-0.01020819775073628,0.01580096593937755
2024-05-08,403.4601135253906,405.1209713289568,399.69614631705593,401.1309897393213,11792300,400.0141082763672,406.50294982910157,400.65050681739865,51.33960170014332,-2.3780067541014773,-3.474364681592262,417.5086907157357,382.5195258369987,8.132261061996102,0.0029315112846075575,0.0029272227845482776,0.015786931338508593
2024-05-09,405.2094421386719,405.60253803694064,402.04497067197207,403.4896213413632,14689700,399.24706878662107,406.5933630371094,401.0846911337104,52.644194174145824,-1.7267872337566246,-3.1248491920251347,414.2390279723888,384.25510960085336,7.805497226494135,0.004335815498577533,0.004326442932603702,0.015578847698096985
2024-05-10,407.5877380371094,408.2167155386998,404.6984363706866,405.81879129865774,13402300,398.89524536132814,406.6149835205078,401.7040289340341,54.43286373114212,-1.0071724127134871,-2.701313836162805,412.7113881273484,385.07910259530786,7.499267365174071,0.005869300295385571,0.0058521430536760165,0.015384134684150683
2024-05-13,406.5853271484375,411.1354867839949,403.7353441559508,410.80135374265615,15440200,398.8991760253906,406.57999755859373,402.168914478263,53.515376473727315,-0.5118582800784566,-2.2634227249459355,412.7240203335889,385.0743317171923,7.492187026807643,-0.002459374498112621,-0.002462403727265469,0.014743921955483137
2024-05-14,409.3763732910156,410.2903281379281,404.45276171039177,404.9146577068904,15109300,398.99647064208983,406.61223266601564,402.85533912709656,55.75173303489212,0.1046890463805994,-1.7898003706806287,413.08498209353155,384.9079591906481,7.373999841145406,0.006864601244105373,0.006841147143174636,0.014814900025589635
2024-05-15,416.5338439941406,417.2525598208021,410.8137421375517,411.433999213995,22239500,399.5862762451172,407.0287847900391,404.15805387633884,60.94125401119071,1.1575122323584424,-1.2003378500728146,415.46122975353205,383.7113227367023,7.409870318905483,0.017483839249406108,0.017332755406913494,0.01519451998944007
2024-05-16,414.4761657714844,418.8376448328751,413.8460838814957,415.2736305334928,17530100,400.44517211914064,407.4151904296875,405.14073119968606,58.8059731241381,1.8050374089398815,-0.5992627982702754,417.5436541582694,383.34669008001185,7.237133935510765,-0.0049400024807713105,-0.0049522446271565755,0.01455027571945435
2024-05-17,413.708251953125,416.37634285020215,411.56198942365705,416.0022176294818,15352200,401.5187301635742,407.64766967773437,405.95668555715645,57.989368731179184,2.2305293947236464,-0.033304359671491035,419.11007232271044,383.927388004438,7.06407818487036,-0.0018527333578518546,-0.00185445179116001,0.014159611964720029
2024-05-20,418.7589416503906,420.1668088263762,413.4917132847996,413.7083105461355,16272100,402.75440979003906,408.03855590820314,407.17594804222637,61.75144969675904,2.94137694468111,0.5616319011990293,421.5060069482432,384.0028126318349,7.036293710349381,0.012208336849509838,0.012134416129768401,0.014312853309058224
2024-05-21,422.4016723632813,426.27085809319817,418.27649987771593,420.2258450310574,21453300,403.84742736816406,408.5357098388672,408.626017025184,64.2388274416162,3.755377025651228,1.2003809260894691,424.416021851714,383.27883288461413,7.104726889287442,0.008698872670119373,0.008661255471325818,0.014034038969278694
2024-05-22,423.8587646484375,425.71953602839017,420.521232077242,423.4354250381628,18073700,404.94008178710936,408.8505163574219,410.0767548940653,65.21333286704308,4.4665653394648075,1.853617808764537,427.24935830695347,382.63080526726526,6.968553822277492,0.0034495419419244833,0.0034436059192424593,0.014033417181986365
2024-05-23,420.3931884765625,426.89107515061806,418.837648446434,426.2708180980622,17211700,406.35182037353513,409.0995489501953,411.0592723781126,60.95852425862904,4.696406912480086,2.422175629507647,428.8199601392171,383.8836806078532,7.0460447424136765,-0.008176252235221448,-0.008209861107307644,0.01278515675961835
2024-05-24,423.5043029785156,424.3903716147688,417.84327052223153,420.5802554471063,11855300,407.56138763427737,409.2118951416016,412.24451338767483,63.275014603529,5.071141986508508,2.9519689009078194,430.9685982163161,384.15417705223865,7.0104059102796485,0.00740048741804622,0.007373238166943663,0.012352285956463338
2024-05-28,423.661865234375,424.1541289660439,419.999421868943,422.9825388810405,15718000,408.97882690429685,409.5003564453125,413.33188023021773,63.39347784650785,5.319516119203229,3.4254783445669013,432.67907664752187,385.27857716107184,6.806427423624025,0.0003720440494965338,0.000371974858270075,0.011988359420009375
2024-05-29,422.5296325683594,424.27223522977,419.1034664398289,419.1034664398289,15517100,410.9745132446289,409.74848510742186,414.2078566433741,61.849551028694364,5.363169416541666,3.8130165589618543,432.0338324788863,389.91519401037147,6.6894518069323885,-0.002672491340208971,-0.0026760688204689265,0.008749418354263608
2024-05-30,408.2540283203125,417.73500282997145,407.8306586642601,417.73500282997145,28394500,411.9807556152344,409.630712890625,413.6408253745111,46.479186874300595,4.197457337215724,3.8899047146126287,430.3258693382151,393.63564189225366,7.261560528158594,-0.03378604279485009,-0.03436998150440813,0.012041869775567047
2024-05-31,408.7069091796875,410.30183893529215,398.25123185259486,410.30183893529215,47995300,412.86714324951174,409.44691467285156,413.1709285940517,46.92976773821491,3.2724431289507834,3.7664123974802597,428.5938926378749,397.1403938611486,7.603635282054216,0.0011093114285689598,0.0011086965972970791,0.011993225878148151
2024-06-03,407.1217651367188,409.9867435149057,402.5929630717942,409.1006748520027,17484700,413.2408782958984,409.1500421142578,412.5948177885914,45.48632248443871,2.383973861167874,3.4899246902177827,428.01990772103403,398.4618488707628,7.588645650701165,-0.003878437108269628,-0.00388597774905303,0.01110180156377069
2024-06-04,409.63232421875,409.9965945509901,403.341179685009,406.04863004617806,14348900,413.4020736694336,408.91576293945315,412.31267554384465,48.20362312324856,1.8609844315721489,3.164136638488656,427.94798722961247,398.85616010925474,7.521986308935444,0.006166604925158303,0.006147669223129658,0.010535580302737022
2024-06-05,417.4494934082031,417.5183874951578,409.8587651411263,411.3454112041521,16988000,414.16050720214844,408.9533984375,412.80189629283115,55.62133840040698,2.0536189228529906,2.942033095361523,427.86534549120324,400.45566891309363,7.547991806612042,0.019083379721954286,0.018903575939180073,0.01100484157306428
2024-06-06,417.9516296386719,418.7294148250554,414.0725886422936,417.44954101312015,14861300,414.8850830078125,409.02486083984377,413.29234708767314,56.05667027656989,2.2211967686192793,2.7978658300130745,427.7574327946522,402.01273322097285,7.341479976337024,0.0012028670255870288,0.0012021441606619263,0.01100318805736152
2024-06-07,417.2919616699219,419.6843561394708,416.4551073364084,419.6056071642028,13621700,415.489208984375,409.08745361328124,413.673262762173,55.28935069732672,2.2745540831099333,2.6932034806324467,427.6000522244483,403.37836574430173,7.047749178245982,-0.0015783356780312285,-0.0015795825619611405,0.01101159775393562
2024-06-10,421.2497253417969,421.45646767892094,417.33132559781046,418.1287903721088,13982900,416.17230834960935,409.2431573486328,414.3948306268991,58.92233772402098,2.606156441984581,2.6757940729028737,427.96027196209235,404.38434473712636,6.841803237585488,0.009484399498223661,0.009439704959640471,0.011115783893647898
2024-06-11,425.98529052734375,426.1231387794062,418.6702594600756,418.89671156901073,14551100,417.1423065185547,409.4178985595703,415.49868395075094,62.815653812919834,3.214024955140985,2.7834402493504964,428.8071846778831,405.4774283592263,6.885451529138708,0.011241705099521493,0.01117898673593037,0.011266537964897965
2024-06-12,434.2356262207031,436.5394165910894,426.5464700981564,428.58444890305617,22366200,418.38526916503906,409.81916748046876,417.2831546431273,68.42971268715188,4.31179458679776,3.089111116839949,431.6617118293527,405.1088265007254,7.14749971018206,0.01936765394679707,0.019182487938526956,0.01185895817820739
2024-06-13,434.7475891113281,436.5296113185569,432.5717920048744,434.02890334988575,15960600,419.29595642089845,410.25013427734376,418.9464341162893,68.74505848619347,5.1635735933388105,3.5040036121397216,434.3228014816265,404.26911136017037,6.919665396146375,0.001178997898170664,0.001178303425949315,0.01136229284662447
2024-06-14,435.7222900390625,436.2834778568933,429.9627988535268,431.4986591636175,13582000,420.35826263427737,410.7511083984375,420.54413468036296,69.37230804742852,5.849831594484101,3.9731692086085975,436.808518114403,403.90800715415173,6.876880653804954,0.002241992715190877,0.002239483199700408,0.011237432656826177
2024-06-17,441.4325256347656,443.9627681496181,433.9008973733048,435.741958721063,20790000,421.7444763183594,411.216123046875,422.53350524744894,72.81443841898957,6.776350741540284,4.533805515194935,440.26216882149055,403.2267838152282,7.104379948269836,0.013105217993762075,0.01302008758615562,0.011424276458295178
2024-06-18,439.4339599609375,443.1751821409538,438.00641324566425,442.7518125207464,17112500,422.7782272338867,411.65944580078127,424.14307236301926,69.8553247946749,7.265602945549119,5.080165001265772,442.76400354296675,402.79245092480664,6.9661220159141,-0.00452745449818015,-0.004537734460071352,0.01135096088054212
2024-06-20,438.8038635253906,439.6210080275433,434.4423844149745,439.3945559147101,19877400,423.5983367919922,412.05694885253905,425.539338188007,68.9045766465507,7.51585720231526,5.56730344147567,444.7661609816155,402.43051260236894,6.838443558532292,-0.0014338819776307243,-0.001434910970147119,0.011284444178384324
2024-06-21,442.82073974609375,443.6083496603445,439.60134591371855,440.4578799579492,34187100,424.546435546875,412.5941479492187,427.18518595544384,71.56183427473525,7.946709128187365,6.04318457881801,447.3141277105319,401.77874338321806,6.69316088541955,0.00915414962035932,0.00911250435113636,0.011395425071669185
2024-06-24,440.7433776855469,445.74476346815527,439.502863594004,442.8403957299967,15913700,425.5639450073242,412.9980108642578,428.4764423106917,68.3107039485837,8.027994898577049,6.440146642769818,449.2967240088216,401.8311660058268,6.660927956043245,-0.004691203175664294,-0.0047022414045277405,0.01125331609448103
2024-06-25,443.9726867675781,444.4354158929602,439.8376592622319,441.31445050765626,16413400,426.58736419677734,413.58498046875,429.9522751161095,70.55052141369336,8.257801911567697,6.803677696529395,451.60702009701566,401.567708296539,6.513558575663604,0.007326959962482338,0.007300248189374118,0.011251617677003356
2024-06-26,445.1639099121094,446.5816317625772,441.25533495755695,442.05279974277113,16507000,427.66246643066404,414.3581243896484,431.40100223953806,71.35482446272843,8.438770484140434,7.130696254051603,453.90490731218375,401.4200255491443,6.428754163474793,0.0026831000645650693,0.002679506977227093,0.011241304406828162
2024-06-27,445.8432312011719,449.1118693221635,444.7799248025884,445.1835846348848,14806300,428.82814636230466,415.1263793945312,432.7764526168365,71.82736209862192,8.538577525777782,7.41227250839684,456.1057802304473,401.55051249416204,6.278982046053385,0.0015260026114798375,0.0015248394526666165,0.011177885491816333
2024-06-28,440.0345458984375,448.3341049043701,439.50289267468526,446.059848949654,28362300,430.41717224121095,415.83231567382813,433.4676995960366,62.355279942869814,8.056097291790877,7.5410374650756475,456.38690670155205,404.44743778086985,6.461284202027062,-0.013028537602970625,-0.013114153444845194,0.008164561581854059
2024-07-01,449.6632385253906,450.2933204774516,438.7645123104036,441.71809469633655,17662800,432.4649887084961,416.87961547851563,435.0101318750227,69.52862536382656,8.354379172249878,7.703705806510494,457.71311750745446,407.21685990953773,6.823250199528557,0.02188167432921384,0.02164570653581623,0.00907635841961134
2024-07-02,452.1737976074219,452.4789987346013,446.0992495967908,446.18788351342585,13979800,434.71759033203125,418.078349609375,436.6447667066797,71.07623120436634,8.693141721349889,7.901592989478374,458.5168084912993,410.9183721727632,6.791571552262981,0.005583198418141366,0.0055676701373565075,0.008842385349651262
2024-07-03,453.64068603515625,453.8868178888205,450.7954174304016,451.10061852531385,9932800,436.9180084228516,419.27025634765624,438.26342569034415,71.97195165676911,8.97650357346862,8.116575106276423,459.1170629274447,414.7189539182585,6.527273616988404,0.0032440810049059188,0.0032388303268081624,0.008851426669625172
2024-07-05,460.32562255859375,461.10340760685847,451.8685359116121,452.4986178155469,16000300,439.0618148803711,420.4659423828125,440.3645872968441,75.66979320968355,9.629485675163778,8.419157220053894,461.6049526592857,416.51867710145655,6.720673479721113,0.014736192606232379,0.014628669949282013,0.008539192698158372
2024-07-08,459.0260314941406,460.46346308739743,457.2735739768986,459.33123257528905,12962300,441.1155349731445,421.60634948730467,442.1418676965866,73.63584984358768,9.927672528328571,8.72086028170883,463.0679380501157,419.16313189617335,6.468474596205235,-0.002823199493501405,-0.0028271922378379838,0.008678128338758157
2024-07-09,452.42974853515625,460.09919566591896,450.9135678636905,459.77431483044427,17207200,442.87242431640624,422.81177612304685,443.1216658716885,64.20288725580207,9.521959627062017,8.881080150779468,462.40831735753704,423.33653127527543,6.662556968064036,-0.014370171856078251,-0.014474422716099855,0.009591172596653492
2024-07-10,459.0359191894531,459.2426615392735,451.7602469814767,454.0837473649462,18196100,444.76173400878906,424.0062353515625,444.63730904480894,68.54836236401226,9.622569005876187,9.029377921798812,462.8204339501598,426.70303406741834,6.7211182244735195,0.01460153908023476,0.014495963082314794,0.009808330266818254
2024-07-11,447.6646118164063,457.5886345893225,444.5633265323156,455.8164973230346,23111200,445.8457000732422,425.05326599121094,444.9256235944849,55.95661514282253,8.684622272842205,8.96042679200749,461.73881455114514,429.95258559533926,7.274794969663804,-0.024772151584838475,-0.025084144603487096,0.011615802728373554
2024-07-12,446.5323791503906,449.29889867197954,443.6772557704516,447.3003093014831,16324300,446.4605377197266,426.3315954589844,445.0786479331426,54.875730876051094,7.760473112374541,8.720436056080901,461.43433246722816,431.486742972225,7.156712679082671,-0.0025291985029185504,-0.0025324023286664383,0.010960616263854276
2024-07-15,446.9360961914063,450.18505497376174,444.4452428142979,446.2863044349352,14429400,447.0699630737305,427.50773376464844,445.25554776726295,55.20797289798707,6.9801915328028485,8.37238715142529,461.04621186384924,433.09371428361175,7.0555054991098975,0.0009041159384317599,0.0009037074717989515,0.010961152066753832
2024-07-16,442.5647277832031,447.2707673593413,439.7489939570935,447.19201839056086,17175700,447.4120849609375,428.53944519042966,444.9992791973525,50.842824054572944,5.940600319289615,7.886029784998155,460.5715998853079,434.2525700365671,7.088810349334032,-0.009780745939864888,-0.009828891626473006,0.011240995956790545
2024-07-17,436.6576232910156,437.96706168336215,432.38477757281146,435.7420199325565,21778000,447.17333984375,429.2796563720703,444.20483577770136,45.596331233131224,4.587184619077277,7.22626075181398,460.9183570985855,433.4283225889145,7.309606053695292,-0.013347436253621114,-0.013437313934585405,0.01127800178377856
2024-07-18,433.5563049316406,437.770080793845,427.6786754419279,437.4648797185402,20794800,446.8794570922852,429.8226141357422,443.1906899828384,43.082715604693554,3.2271419692276595,6.426436995296716,461.497430919554,432.26148326501635,7.508306003568279,-0.007102402875737934,-0.007127745003667782,0.011341121639271057
2024-07-19,430.3467712402344,434.3144456334854,425.31585048613374,426.39883667006126,20940400,446.4566024780273,430.38393310546877,441.96745962639994,40.58894228434781,1.8687737642563889,5.514904349088651,462.41256790543116,430.5006370506235,7.614755228124233,-0.007402807097713238,-0.007430343857894463,0.011441979890652001
2024-07-22,436.0865783691406,437.7208974938516,432.1189340633458,434.95437784378936,15808800,446.11989440917966,431.0364624023438,441.4073756971371,46.54775700554282,1.2411049556673674,4.660144470404394,462.64269453109256,429.59709428726677,7.597567444230877,0.013337632608150907,0.013249469446432467,0.011671591433496326
2024-07-23,437.9670104980469,441.4522458319455,436.24408758502966,437.0316974699668,13107100,445.9810760498047,431.6916137695313,441.0797218686523,48.37459939125636,0.8852039796694839,3.9051563722574127,462.72736992393897,429.23478217567043,7.438146016986162,0.004312061462516503,0.004302791165328221,0.011683217908910859
2024-07-24,422.2637939453125,434.64916540683873,420.9740654607642,433.6351033912307,26805800,444.89563140869143,431.9851348876953,439.2877287330961,37.001674640299534,-0.6564018545034287,2.9928447269052447,464.5786384662069,425.212624351176,8.120631661293055,-0.03585479311530115,-0.036513366166639985,0.013974459877300095
2024-07-25,411.92626953125,423.14987619224735,411.05005574464656,422.1653487650477,29943800,443.23374938964844,432.0919537353516,436.6818754757775,31.715526587512144,-2.6813781524330125,1.8580001510375934,467.60083229457143,418.86666648472544,8.404859431743608,-0.024481200051457153,-0.02478584698930658,0.014751847835579524
2024-07-26,418.6899719238281,422.28352110182095,410.8137524352177,411.72938578526725,23583800,441.87608642578124,432.2782257080078,434.96836085178234,37.960607953190234,-3.697786421175806,0.7468428365949136,468.43732242478876,415.3148504267737,8.62378151994787,0.016419691806193404,0.016286346347619152,0.015395074004997912
2024-07-29,420.12738037109375,425.46350195400487,418.1287909882396,424.90231413559286,15125800,440.88072814941404,432.3500964355469,433.55493413933584,39.23255060441056,-4.337312608344234,-0.26998825239291613,469.0846160748316,412.67684022399646,8.531705051791972,0.0034331093258834766,0.003427229659244404,0.0152715758487214
2024-07-30,416.3763427734375,422.4114705197089,410.90234276735913,421.1020622928212,32687600,439.2163833618164,432.38809997558593,431.9188778187741,37.09520998783384,-5.088165895444888,-1.2336237810033106,469.0332511156827,409.3995156079501,8.744378101831817,-0.008928334055121612,-0.008968430470839726,0.014233109755223792
2024-07-31,411.87701416015625,415.2539356882569,405.8320019373709,413.9937419087569,42891400,437.2015441894531,432.3514752197266,430.01012889890575,34.65632834660967,-5.9773772673615895,-2.1823744782749666,468.64540845534907,405.75767992355713,8.872946868562874,-0.010805917990709402,-0.010864725955591608,0.014139507444055037
2024-08-01,410.65625,420.8461156067044,406.6984602769746,414.27933402476685,30296400,435.0523223876953,432.1894213867188,428.16690233710517,34.00310719983456,-6.703317480159342,-3.0865630786518414,467.5657263060146,402.53891846937603,9.24971175864623,-0.0029639045593390367,-0.002968305622830203,0.014026851060717759
2024-08-02,402.1696166992188,408.5789001449341,398.0838337068482,406.1077265801338,29437900,432.14452209472654,431.7847802734375,425.6909703715922,29.79820295933841,-7.87267936340902,-4.0437863356032775,465.4882883870031,398.80075580245,9.487047796825196,-0.020666027366638584,-0.02088255812559423,0.013651066766289048
2024-08-05,389.0359802246094,394.8348607957488,379.61404618021845,383.1485258419234,40709200,428.64501953125,431.08832458496096,422.2000189290224,24.706306463646285,-9.746826433862225,-5.184394355255067,464.56112796050803,392.72891110199197,10.420513705551993,-0.032656958480361875,-0.03320209822652438,0.014794081800802512
2024-08-06,393.4269714355469,399.3932349930632,392.3341604668248,393.81095153508136,24946500,425.6948806762695,430.54900024414064,419.45972869154855,29.070260028757986,-10.753821831961773,-6.298279850596408,462.9785645503714,388.41119680216764,10.41599521004498,0.011286851176084856,0.011223629939044391,0.015327530757976568
2024-08-07,392.2652587890625,403.7349973998657,391.32012086399686,402.3173055349637,20650900,422.35634765625,429.9242193603516,416.86977917702603,28.59800339741858,-11.512899898204182,-7.341203860117964,459.05338876854864,385.6593065439514,10.558772447603825,-0.0029528037751084257,-0.002957171901107422,0.014515596201452565
2024-08-08,396.4593505859375,399.5802856931157,393.7519001712231,396.2132187300544,20203000,419.79608459472655,429.38016906738284,414.9259288350176,32.83993952518506,-11.641846617039903,-8.201332411502353,456.2169890743361,383.375180115117,10.327076337350208,0.010691978713134986,0.010635223699256395,0.014489967989444477
2024-08-09,399.7377624511719,401.7363516629641,396.03596024402367,397.7785627439822,19276700,417.45635375976565,428.92433166503906,413.4794367984609,36.03869715503491,-11.348676899048712,-8.830801309011626,452.69959835673853,382.21310916279276,9.996598843178083,0.008269225736230235,0.008235223011291221,0.01482169909315645
2024-08-12,400.51556396484375,402.4354042920839,397.98532149531104,400.7616957993417,16762900,415.1353271484375,428.7695623779297,412.24478224287833,36.80769374916972,-10.92760902888756,-9.250162852986813,448.36369846886276,381.90695582801226,9.600419125577707,0.0019457794252473182,0.0019438888484944467,0.0148468797532986
2024-08-13,407.6041870117188,408.5296451452922,403.232883075169,403.2525628062739,19414300,413.3873001098633,428.7475079345703,411.8028207922917,43.477404403308654,-9.907707189222663,-9.381671720233983,444.25429667598553,382.5203035437411,9.48710927235419,0.017698745528643922,0.017543946561598044,0.015665420711157552
2024-08-14,410.4100646972656,411.2567738583692,406.0683254390975,408.3819407203729,18267000,412.0749221801758,428.81327392578123,411.67017735467016,45.91097246871834,-8.771899753723972,-9.259717326931982,441.0465174355467,383.1033269248049,9.18006206856258,0.006883829398607544,0.006860244021622972,0.015682458068677654
2024-08-15,415.2626953125,415.3415862221362,411.9388626649199,414.0495331175792,20752100,411.1602416992188,428.92588134765623,412.01232192208255,49.92632815276738,-7.394953027218037,-8.886764466989193,438.46865045252594,383.8518329459116,8.876594886870292,0.011823858702914247,0.011754503051246356,0.015988448992747057
2024-08-16,412.7377624511719,415.5684441235936,411.5837759699612,414.8385903403338,22775600,410.2797912597656,428.83164672851564,412.08141149628153,47.93243613548607,-6.4332947885262115,-8.396070531296598,436.1549057119045,384.4046768076267,8.52717154878187,-0.006080326718074236,-0.00609888717859512,0.01596778250688478
2024-08-19,415.755859375,415.9728470077707,410.75530126947416,413.22105614207504,15234000,409.2632553100586,428.7877313232422,412.43135891330235,50.478302270687145,-5.365785077239707,-7.79001344048522,432.46212551491817,386.064385105199,8.290769705175778,0.007312383790385901,0.00728577793479293,0.015718783801659426
2024-08-20,418.9810791015625,420.0265568174448,415.8643912576991,415.92356696995296,16387600,408.3139587402344,428.821513671875,413.0551417883747,53.11645282648112,-4.210986036622899,-7.074207959712757,428.0291566936447,388.5987607868241,8.003621686409282,0.007757484720506191,0.007727550147572964,0.01581326296858326
2024-08-21,418.33013916015625,420.55916118279697,415.9432751081222,418.2709333493598,16067300,408.1172760009766,428.7631219482422,413.5575224904491,52.508458375254776,-3.3101673415894766,-6.321399836088101,427.34432693276494,388.8902250691882,7.7616405712853895,-0.0015536261035989929,-0.0015548342321160267,0.01367432344260819
2024-08-22,409.8577270507813,420.94378045645306,408.9306008917766,418.5470440541718,19361900,408.01384887695315,428.4405706787109,413.20516102000454,45.24862327534543,-3.2425369386320995,-5.705627256596902,427.1799868938378,388.8477108600685,8.065321927956182,-0.020252932591431794,-0.020460835110684777,0.01330989480779549
2024-08-23,411.080810546875,413.51697764071497,406.4451792024677,411.2682103309817,18493800,407.63339080810545,427.9774743652344,413.00284192732556,46.40072316681967,-3.0550302535653486,-5.175507855990592,426.2303578519064,389.0364237643045,7.9943559644055435,0.0029841660053469,0.0029797222204393957,0.012756219042571843
2024-08-26,407.8259582519531,411.5640508373135,405.7054152115458,410.6665125068156,13152800,407.01831970214846,427.43904174804686,412.5098053868139,43.7616659803629,-3.132954483907781,-4.76699718157403,424.71355620157846,389.32308320271846,7.841804511645698,-0.007917791858471412,-0.00794930402047315,0.012808560170268945
2024-08-27,408.1712036132813,408.68406980179446,404.6303831532702,407.2046168469379,13492900,406.6080627441406,426.88802001953127,412.0966052179061,44.12468160110884,-3.130762105820452,-4.439750166423315,423.7894323282669,389.42669316001434,7.571224664279882,0.0008465507267070294,0.0008461926047386085,0.012692393782420347
2024-08-28,404.9755859375,409.3153084895278,401.7306441001557,409.1969570716752,14882700,406.2629913330078,426.15888122558596,411.41841290548643,41.45718241908215,-3.3482872981982155,-4.221457592778295,423.2836784510766,389.242304214939,7.572184644643612,-0.007829111038438086,-0.007859919435188299,0.012587350915656579
2024-08-29,407.4610290527344,416.268697643249,404.9755591436319,409.2561057035253,17045200,406.10323028564454,425.51942260742186,411.0415192052243,44.27866837850224,-3.282286932057275,-4.033623460634091,423.0156106661449,389.1908499051442,7.837967062856004,0.006137266545292341,0.006118510227528658,0.012668064479198014
2024-08-30,411.426025390625,411.7712070065085,406.4846428028709,409.9071119024553,24308300,406.56605072021483,424.97186584472655,411.0781388419291,48.53956839388814,-2.876876260040376,-3.8022740205153482,423.52905651201263,389.60304492841703,7.655724001483263,0.009730982977951275,0.00968394188760106,0.011897786352655404
2024-09-03,403.8314514160156,414.1284456363182,401.45446023053216,412.1854296938012,20313600,407.30582427978516,424.192080078125,410.38797813469927,41.92635846061535,-3.132296862445628,-3.668278588901404,422.3254593675472,392.28618919202313,8.014171244647745,-0.018459148196565245,-0.01863164432492297,0.010051238215439597
2024-09-04,403.298828125,405.60677088600426,398.8308818633999,400.3497951691964,15135800,407.79941711425784,423.44318908691406,409.7128209909184,41.49932797197157,-3.339205495950239,-3.602463970311171,421.5581087310886,394.04072549742705,7.925722514501788,-0.0013189247374071345,-0.0013197952841799135,0.009825400085896992
2024-09-05,402.7958068847656,407.4412799387572,400.5667551830583,402.036335234427,14195500,408.325944519043,422.6196514892578,409.0540577427134,41.07383940560399,-3.5033868263107024,-3.5826485415110776,420.3649593735225,396.2869296645635,7.850636960301579,-0.0012472668035585777,-0.0012480452881842208,0.009794026649067205
2024-09-06,396.1974792480469,405.02486305915306,395.3097834719027,403.4566466739337,19609500,408.31285095214844,421.64032287597655,407.82962169560227,35.8774610187272,-4.118456605148253,-3.6898101542385127,420.40391858704777,396.2217833172491,7.983811433655065,-0.016381321562779938,-0.01651697894929867,0.010296041031847225
2024-09-09,400.1624145507813,403.0522719406784,396.6413094868822,401.6615826272171,15295100,408.3340835571289,420.72670654296877,407.0994114913336,40.72987889266344,-4.2371237683481695,-3.7992728770604445,420.3661909122136,396.3019762020442,7.903167237867669,0.010007472309666365,0.009957729152202943,0.010376385848664287
2024-09-10,408.5262756347656,410.627073483588,402.11531302402886,402.6084639940855,19594300,408.734619140625,420.09654113769534,407.23530331451764,49.424370109296945,-3.614607712664508,-3.762339844181257,420.21988928223016,397.24934899901984,8.086130930363314,0.020901166076213062,0.02068573339632677,0.011371403689537918
2024-09-11,417.2451477050781,418.1821164133012,403.9695029843538,409.80842324527,19266900,409.21666717529297,419.44817932128905,408.18862182790434,56.57559467262042,-2.390166789210298,-3.4879052331870652,421.26706936461426,397.1662649859717,8.523736823119316,0.021342255297447377,0.021117698776630306,0.011677199829002647
2024-09-12,421.1509399414063,421.5158668532968,414.000250680106,417.51148327493246,17395700,409.7537109375,418.8277221679688,409.42312831490455,59.34858466460164,-1.0920354395694858,-3.0087312744635493,422.8784609418393,396.62896093316067,8.451728205267282,0.009360905112523632,0.009317363356178315,0.011753163996376588
2024-09-13,424.6917419433594,425.914746697553,419.6320082561189,419.9969351521576,15874600,410.225163269043,418.2487432861328,410.877281993805,61.734210287242114,0.21992102471597264,-2.3630008146276453,424.7140957959871,395.7362307420989,8.296800364993484,0.008407441765286627,0.008372296079572458,0.011617089569627754
2024-09-16,425.4314880371094,427.5914917589124,422.3542307072933,424.7016342113202,13834700,410.85984954833987,417.5508605957031,412.2633968550721,62.23287231443245,1.3043120053559392,-1.6295382506309286,426.77530401053485,394.9443950861449,8.0782618426096,0.0017418424252022557,0.001740327176979064,0.01149051591147598
2024-09-17,429.1893005371094,435.79753584231287,426.3487460190464,434.1997314507894,18874200,411.5315216064453,416.9541259765625,413.8753876819328,64.74614354059636,2.4388106425483898,-0.8158684719950648,429.248651441411,393.8143917714796,8.241675125652021,0.008832943977273855,0.008794161734558511,0.011535394325046893
2024-09-18,424.9087219238281,430.05721907964937,424.5142071811442,429.04132931995406,18898000,411.8279037475586,416.4037054443359,414.9261814192561,59.859501236250814,2.958399478690467,-0.06101488185795845,430.21909828153093,393.43670921358625,8.048913466570104,-0.009973637758267317,-0.010023707681031663,0.011721526041297026
2024-09-19,432.6807556152344,435.45226137137865,430.9152668977704,435.18597071101885,21706600,412.5454345703125,415.87660217285156,416.61709324744453,65.02146696593528,3.9517620866211587,0.7415405118378651,432.9093513740829,392.18151776654213,8.227101036640134,0.018291066505336406,0.018125797207315775,0.012338361500219957
2024-09-20,429.3076477050781,433.2232677304983,428.2720426762547,431.2309485866615,55167100,413.51793060302737,415.509462890625,417.82571748150485,61.33491496862001,4.415923475082934,1.476417104486879,435.09698797236695,391.9388732336878,7.993109895040381,-0.007795835304391985,-0.007826381688392003,0.011451152687345985
2024-09-23,427.57177734375,430.4813501002658,424.4945200082598,428.33121902605126,15128900,414.3424789428711,415.1302508544922,418.75391365886156,59.466356604606275,4.590784779383398,2.099290639466183,436.7311012296268,391.95385665611536,7.849804194823636,-0.004043418212108407,-0.004051614930161214,0.011539218895230893
2024-09-24,423.2911987304688,427.4139334394583,420.2632446802758,427.0687217553129,17015800,415.11574096679686,414.65735290527346,419.1860360466337,55.01540296258432,4.333997082498058,2.546231928072558,437.6186647779994,392.6128171555943,7.811141942584389,-0.010011368476829485,-0.010061819229363922,0.011643253571477335
2024-09-25,426.19085693359375,427.1870313848109,422.69937022848495,423.9420900304973,13396400,416.0167236328125,414.32987548828123,419.8531618453918,57.34449089099754,4.314731625842853,2.8999318676266173,438.7767943690749,393.2566528965501,7.573750457851643,0.006850268117602143,0.0068269116357335905,0.011691226515142684
2024-09-26,425.4018859863281,429.3372210826113,423.251754987828,429.1301061037402,14492000,417.0380386352539,414.1047607421875,420.38161176357625,56.48750566701014,4.1875290229739335,3.1574512986960803,439.55655085835195,394.5195264121558,7.467444431918188,-0.0018512150939656857,-0.0018529307102712394,0.011495372842051326
2024-09-27,422.1569213867188,425.9344744566884,421.6144673905514,425.6089779793521,14896100,417.7728332519531,413.87677307128905,420.5506888705422,52.980538982747845,3.781290160666515,3.2822190710901675,439.94985897324426,395.59580753066194,7.242627477219533,-0.00762799768055944,-0.007657239654921829,0.01167840712592835
2024-09-30,424.40570068359375,424.52408219664926,419.5432394814415,422.3443332995087,16807300,418.42181701660155,413.75795166015627,420.91783285273755,55.06267003478581,3.599310025439422,3.3456372619600185,440.57759148293695,396.26604255026615,7.08107142279012,0.005326880084040919,0.005312742442449829,0.011562690216894265
2024-10-01,414.9273681640625,422.6106687530044,413.07311568923785,422.5810808985996,19092900,418.9766128540039,413.3347674560547,420.3473124061971,45.84727897069957,2.6596089204933264,3.2084315936666803,440.1783493254152,397.77487638259265,7.384750963616247,-0.022333188513406932,-0.022586350544685573,0.011942922106973479
2024-10-02,411.4161071777344,417.0281672714042,411.0018471451832,416.7914343529988,16582300,419.3824768066406,412.80374938964843,419.49672143205777,42.977716440706196,1.6129663359937467,2.889338542132094,439.6587779886944,399.10617562458685,7.287720189516585,-0.008462350897373905,-0.00849835987973379,0.012134548050156693
2024-10-03,410.8341674804688,413.8029154833907,408.6149883911416,411.90923284957546,13686400,419.7843948364258,412.57515686035157,418.6717162938112,42.50290594830454,0.7281432943846653,2.457099492582608,439.0216875737739,400.54710209907773,7.137734968283191,-0.0014144796159236694,-0.0014154809365587366,0.012136283775882935
2024-10-04,410.3607177734375,414.0001737637433,409.28565244100497,412.5108484383026,19169700,420.4925567626953,412.5438458251953,417.8801926252042,42.09543883334439,-0.011160128455571794,1.9634475683749721,437.0624112910244,403.9227022343662,6.964648279315702,-0.001152410740165144,-0.0011530752760167298,0.011442411812924028
2024-10-07,403.9300842285156,411.3963666559109,403.3974727803463,410.3015860064157,20919800,420.68094024658205,412.24864807128904,416.5516108731386,36.91840019398233,-1.1032442880710391,1.35010919708577,436.3850253380397,404.9768551551244,7.038522964762055,-0.015670685000780837,-0.015794768204647334,0.011906562862694287
2024-10-08,409.029296875,409.9662958214234,402.5789034212119,405.2714886364785,19229300,420.7060913085937,412.0266864013672,415.8352000161731,42.9137174881964,-1.5395183981576679,0.7721836780370825,436.33365485966016,405.0785277575273,7.063442210151298,0.012623998175881335,0.012544979834249176,0.011289285034689546
2024-10-09,411.7415771484375,414.6215919010832,408.62485957486433,410.1634881099829,14974300,420.43091278076173,411.9339910888672,415.44533117162683,45.86109050178832,-1.6474199908213905,0.288262944265388,436.48067060928014,404.3811549522433,6.987248647013268,0.0066310171280137276,0.006609128642604604,0.01026685958729617
2024-10-10,410.1438598632813,411.6331856596423,407.49070481788846,409.5422300326898,13848400,419.8805587768555,411.8993280029297,414.9404291422606,44.40663234685846,-1.8406374894071291,-0.13751714246911542,436.53721426223495,403.223903291476,6.7917931958372515,-0.0038803885102431934,-0.003887936750803079,0.010013613427573747
2024-10-11,410.61724853515625,411.4161507329335,407.5892942253079,410.4397214022164,14144900,419.1768341064453,411.8985479736328,414.5286976558697,44.96357398535643,-1.933279595791646,-0.49666963313362156,436.1472655961309,402.2064026167597,6.580012003822131,0.0011542015331711397,0.0011535359546734716,0.009772919448815793
2024-10-14,413.3985900878906,418.2314633461143,411.80075573680847,412.0473312101826,16653100,418.5751892089844,412.12312744140627,414.4210683636812,48.244272125315305,-1.761957366150682,-0.7497271797370337,435.4690082042462,401.6813702137226,6.653883632903269,0.006773562393339816,0.006750724889095847,0.009928048165927144
2024-10-15,413.0040283203125,416.692817718463,409.5717171353566,416.3969091028174,18900200,417.7659255981445,412.6024884033203,414.28611216907467,47.8088905225502,-1.6391262746302004,-0.9276069987156671,434.08944190896676,401.4424092873223,6.687256272203492,-0.0009544342362034497,-0.0009548899985789552,0.009634678868332957
2024-10-16,410.41998291015625,410.6566857580044,404.8572552888869,409.4830140710585,15508900,417.04148864746094,412.9423486328125,413.91790938251097,44.94797973096258,-1.7303462638544715,-1.088154851743428,433.3186694872938,400.7643078076281,6.791507469290785,-0.006256707520906235,-0.00627636274294708,0.009505239381477956
2024-10-17,411.01171875,416.712542386237,409.8971928147913,416.5744456758898,14820000,415.9580368041992,413.31727783203127,413.64112932227187,45.74858625846143,-1.7348918720186361,-1.2175022557984696,430.74334827374093,401.17272533465746,6.7932104765875625,0.00144178125940142,0.0014407428907485915,0.008312977107326447
2024-10-18,412.4320373535156,413.90161766396704,410.5580696214905,411.4260201751563,17145300,415.11425628662107,413.6367315673828,413.52597770619985,47.714086713333735,-1.6053806294506217,-1.2950779305289002,428.6272753862989,401.60123718694325,6.546806017008203,0.0034556644950056725,0.003449707406309781,0.008318764142694066
2024-10-21,413.0434875488281,413.22101465794185,408.082390447192,410.4199210158205,14206100,414.387841796875,413.90284606933596,413.48002626264065,48.5778061362513,-1.4368401175054828,-1.323430367924217,426.64796510783435,402.1277184859157,6.446221602275465,0.0014825477652899988,0.0014814498763330733,0.00833802264482447
2024-10-22,421.6539611816406,424.68188532771023,412.3136804024992,412.75749822543423,25482200,414.3059799194336,414.3256140136719,414.2584962549264,58.87927941919855,-0.6015430719963888,-1.1790529087386514,426.34712452355467,402.2648353153125,6.869220411056578,0.02084640937909632,0.020632096308384928,0.009492924340292822
2024-10-23,418.7838439941406,425.1750618243365,416.742191587473,424.9580741758084,19654400,413.9356292724609,414.5492071533203,414.68948175389914,54.92917066471138,-0.16920809036395212,-0.9770839450637115,424.899238075062,402.97202046985984,6.980909684328505,-0.0068068071255794615,-0.00683007910256235,0.009453922168100065
2024-10-24,418.91204833984375,420.1449258075998,416.6139478842,419.5038054447286,13581600,413.6111373901367,414.71924682617185,415.09163095256054,55.074158174473716,0.18167132271315722,-0.7453328915083378,423.5327037377895,403.6895710424839,6.734485987119312,0.0003061348892554605,0.0003060880395315636,0.009454009318074068
2024-10-25,422.28515625,426.5952907757042,420.7268124778327,420.9142122484759,16899100,413.61754913330077,414.85969604492186,415.7767285999357,58.826995764315825,0.72358635060408,-0.4515490430858542,423.5613386605424,403.67375960605915,6.802254304886536,0.008052067071176339,0.008019822155615912,0.009501542566750036
2024-10-28,420.7464904785156,426.0232112441613,420.46045452237,425.7470479380857,14882400,413.43458862304686,415.0198706054687,416.2500392550386,56.50814223615454,1.0171750846953387,-0.15780421752961565,422.68837542279084,404.1808018233029,6.7137187632368756,-0.0036436653022524634,-0.0036503196196577747,0.009451335546895276
2024-10-29,426.03314208984375,427.2364316805858,419.9673609785876,422.1372373224,17644100,413.98987731933596,415.2254162597656,417.18176333454386,62.0441473332039,1.657330203366314,0.20522266664957026,424.7461880125868,403.2335666260851,6.753386758862685,0.012564933352897656,0.012486649648772764,0.008343566533101395
2024-10-30,426.6051635742188,432.4933871760131,426.1810609771617,431.4479095602445,29749100,414.7493301391602,415.3778979492188,418.07923002403675,62.59888720113289,2.185620626111472,0.6013022585419506,426.74497002612543,402.75369025219493,6.732448067956016,0.0013426689800917213,0.001341768406121696,0.008018101967709433
2024-10-31,400.7838134765625,410.4594334413064,400.7344803180944,409.6703738017444,53971000,414.24681243896487,415.0269714355469,416.43204749570583,36.59691138989016,0.5147932215988931,0.5840004511533391,427.6194229374267,400.87420194050304,8.0994648671109,-0.060527514203807864,-0.06243674656470679,0.01610242031405667
2024-11-01,404.7487182617188,409.8084519793405,401.9180365381017,403.40736208449033,24230400,413.9662124633789,414.92479125976564,415.3193494734213,40.672007798617535,-0.4838374768141307,0.37043286555984517,427.87786866990064,400.05455625685715,8.165548698229976,0.00989287653800952,0.009844262394454057,0.016289247184618886
2024-11-04,402.8648681640625,404.7980415718176,400.01447130701087,404.1865091063775,19672300,413.91295166015624,414.7604724121094,414.13320839633957,39.3770116112261,-1.4110052685255141,0.014145238742773292,427.98512372479803,399.84077959551445,7.923978810128314,-0.0046543695202961866,-0.00466523482531731,0.01593371884918238
2024-11-05,405.82373046875,409.2166110709592,402.4900255666166,402.77606151667777,17626000,413.75267333984374,414.7204278564453,413.341829546093,42.475086748844994,-1.8853043486260503,-0.3657446787309914,428.1137440917626,399.39160258792487,7.838450716857902,0.00734455282281532,0.00731771293260574,0.01575617783310356
2024-11-06,414.4243469238281,414.6906677145501,404.8966664565658,406.770664244806,26681800,413.8868118286133,414.8454907226562,413.44492643921063,50.40836270886398,-1.5493321802242122,-0.6024621790296356,428.22032877692044,399.55329488030617,7.97813289836693,0.021192985548538212,0.020971537529382422,0.0164146444129569
2024-11-07,419.6023864746094,421.0029483375747,414.12842327754487,415.5092398399127,19901800,414.3597381591797,415.1380267333984,414.03135120448667,54.47871129126925,-0.8553869310695745,-0.6530471294376234,428.7918790840276,399.9275972343318,7.899303767057138,0.012494535104456528,0.01241712255629373,0.016594347461509555
2024-11-08,416.7520446777344,420.6577920683621,416.00244554535874,419.4939629624982,16891400,414.6664779663086,415.32384704589845,414.2904648686055,51.95096746919046,-0.529327327282374,-0.6283031690065736,429.02801391536775,400.30494201724946,7.66759253533901,-0.006792958974382479,-0.006816136140856172,0.016692254142167594
2024-11-11,412.2840881347656,418.990929361184,410.301611581567,416.7322894657105,24503300,414.61075286865236,415.34100830078125,414.09938137014456,48.17744710807741,-0.6242534892553522,-0.6274932330563294,429.0001566783146,400.2213490589901,7.740572909930295,-0.010720898913462396,-0.01077878182652709,0.01682488691252887
2024-11-12,417.2353210449219,418.626010434167,411.48519380527927,412.520798833662,19401200,414.8223175048828,415.60908569335936,414.3980422915519,52.311322978883624,-0.2965416918228243,-0.5613029248096284,429.2354109439693,400.40922406579625,7.69773317557011,0.012009274800190317,0.011937735645599521,0.01703447108362419
2024-11-13,419.3755798339844,423.4489813965326,412.4813090867046,415.8643474786666,21502200,415.27009735107424,415.93062072753906,414.87209348606933,54.018806360537525,0.1343248527783203,-0.4221773692920387,429.66473402283344,400.87546067931504,7.93130025658853,0.00512962033919484,0.005116508656304688,0.01698164038572361
2024-11-14,421.04248046875,422.30494584048273,414.2468451563775,419.1783552177629,30246900,415.7716354370117,416.29555419921877,415.4597493891818,55.35940655095694,0.6033397192388179,-0.2170739515858674,430.2366527828291,401.3066180911943,7.940357429982581,0.003974720310194302,0.00396684197863171,0.016992819086581543
2024-11-15,409.3152770996094,417.0084196655192,407.97392100075103,414.0692593490907,28247600,415.6157974243164,416.55791015625,414.8745615520797,45.34324990563031,0.02842244021815077,-0.1679746732250638,430.287058937708,400.94453591092474,8.30665757555518,-0.027852779501214786,-0.028248024572317246,0.018188400770012422
2024-11-18,410.06494140625,412.6687631122976,406.4550723664268,409.1871181522339,24727000,415.4668701171875,416.7559606933594,414.41650249057204,46.015660480171356,-0.3625329469773533,-0.2068863279755217,430.29914040567155,400.6345998287035,8.157159944863439,0.0018315082494666513,0.0018298330833079377,0.018190285520857646
2024-11-19,412.0671081542969,412.2150474297726,405.9125633985823,407.4511920626241,18133500,414.98752746582034,416.82677734375,414.19275064902206,47.86057012812285,-0.5049885901270272,-0.2665067804058228,429.60713147939964,400.36792345224103,8.024683093886788,0.004882560165179628,0.00487067912586133,0.01755735778559302
2024-11-20,409.7985534667969,411.5739148887647,404.9558076834049,411.1596548604422,19191700,414.53826293945315,416.6778454589844,413.77425567928634,45.94465614341426,-0.7918116065249023,-0.3715677456296388,429.2157338881938,399.86079199071247,7.959441477958587,-0.00550530397260085,-0.0055205140081149425,0.01753709896860661
2024-11-21,408.0296020507813,414.8585944158468,405.4798626489652,414.5818782779769,20780200,413.994140625,416.41541870117186,413.2271458099049,44.45039967189528,-1.1486199333959348,-0.526978183182898,428.78908606747444,399.19919518252556,8.060819355738804,-0.004316636554840603,-0.00432598012865007,0.0175503534187317
2024-11-22,412.1111450195313,412.50644943843054,406.2407824115055,406.547145598137,24814600,413.4854400634766,416.1638067626954,413.1208600203455,48.60389298518165,-1.0894877596950323,-0.6394800984853249,427.7968429322335,399.17403719471963,7.932594189394963,0.010003056023964785,0.00995335661489223,0.017609603219153936
2024-11-25,413.8801879882813,416.1433187151558,409.9863774439722,413.474991137145,27691100,413.14212493896486,415.93278076171885,413.1931769696727,50.337149774152785,-0.8896230818273807,-0.6895086951537361,427.06445899370834,399.21979088422137,7.805761838094151,0.004292635591464533,0.004283448513106938,0.01763789316385925
2024-11-26,422.9722900390625,424.0099980685231,413.93946191933657,414.6707766023476,23458900,412.9890823364258,415.8084405517579,414.1245210715194,58.148927545345735,0.0024000981236440566,-0.5511269364982602,426.39909583087416,399.5790688419774,7.9717652839618385,0.02196795670499374,0.021730137772362233,0.018127787156487638
2024-11-27,418.0309143066406,422.2212256438805,417.07228524559736,420.1260548953634,18332400,412.56036987304685,415.67088439941415,414.49655852248327,53.246847491493924,0.3070674872581094,-0.37948805174698624,424.6887566035483,400.4319831425454,7.823782391783503,-0.011682504619783818,-0.011751281257226376,0.018302555201890437
2024-11-29,418.4954528808594,419.89881842784905,412.90180567999255,415.1649667399431,16271900,413.4459518432617,415.38717834472664,414.87740560423333,53.64250303632616,0.5793248722754356,-0.18772546694250186,424.5485789616843,402.3433247248391,7.764727417217289,0.001111254116191951,0.0011106371303796201,0.011737001893804687
2024-12-02,425.9272766113281,427.9235836266096,416.3706327320821,416.62759418862754,20207200,414.5048797607422,415.31957092285165,415.9297742715757,59.54145568868328,1.3788819829414933,0.12559602303429718,426.1157081029346,402.8940514185498,8.035314808453737,0.017758433644402105,0.017602594924615477,0.012132393874611175
2024-12-03,426.1446533203125,427.3997530713115,422.7251964040861,424.8005821824231,18302000,415.6688690185547,415.29102844238287,416.90261989526493,59.702977131708586,2.006942454032469,0.5018653092339316,427.04387418479934,404.29386385231004,7.795260655508858,0.0005103610896062261,0.0005102308996793659,0.012023814327810554
2024-12-04,432.2917785644531,434.5153999624501,427.5579272324192,427.9532316712151,26009400,416.99227142333984,415.4710400390626,418.36825405423525,64.07121428468082,2.9665104499579797,0.9947943373787412,429.5725750990616,404.41196774761806,7.83636679741091,0.014424973295441346,0.014321923182725347,0.012263971081063042
2024-12-05,437.4307556152344,439.4468472719849,431.05639296725934,432.78587611481566,21697800,418.14259185791013,415.6958380126954,420.183730393378,67.26586522643258,4.0944492377117285,1.6147253174453389,433.47877691580646,402.8064068000138,7.875944476504813,0.01188775106444706,0.011817646792919495,0.01171089941514077
2024-12-06,438.3696899414063,440.87002757046025,436.5907746503493,437.1145598403157,18821000,419.08095703125,415.95519409179695,421.9157265408093,67.82871500894676,5.006402316954507,2.2930607173471724,436.77494908073334,401.3869649817667,7.6190379367623935,0.0021464753315101337,0.0021441749445634886,0.011485079659934365
2024-12-09,440.79095458984375,443.0738702753144,435.3356806411524,437.411066762434,19144400,420.2829025268555,416.32787475585945,423.71336730738403,69.2949164689001,5.856991769034835,3.005846927684705,440.2948663235025,400.27093873020846,7.627548772290936,0.005523339555618234,0.005508141851399943,0.011303273502836924
2024-12-10,438.1324462890625,444.34871163189086,436.4227478753231,439.1800467406791,18469500,421.5753204345703,416.6024096679688,425.08661292468673,65.75158401204182,6.244586925228816,3.6535949271935277,442.66376169924297,400.48687916989763,7.6488641283107075,-0.006031222449324081,-0.0060494837337090905,0.011052379526655711
2024-12-11,443.7261352539063,445.07020661100427,438.8440482605507,438.8440482605507,19200200,422.89986114501954,417.1783850097657,426.8618055274696,69.30776619160862,6.923315162459744,4.307538974246771,445.96648905398513,399.83323323605396,7.598070999284355,0.012767118738230332,0.012686306179952983,0.011085768733499287
2024-12-12,444.2893981933594,450.8120264425983,443.8446618873549,443.8446618873549,20834800,424.14555206298826,417.8358508300782,428.52157625755433,69.64951475465202,7.421116777540476,4.9302545349055125,448.9423398976016,399.34876422837493,7.5614867270991875,0.0012693932015763743,0.0012685882031939048,0.011082930483170989
2024-12-13,442.0262756347656,446.13750815775296,440.3560864798084,443.1825720342727,20177800,425.1947418212891,418.45969299316414,429.80773810300303,66.44809715761176,7.54602716328526,5.453409060581462,451.127264543643,399.2622190989352,7.4343392235881405,-0.0050938027506315375,-0.005106820388866286,0.011223337873237899
2024-12-16,446.2956237792969,446.8787030896928,440.0596036741231,442.02626356510217,23598800,427.04375915527345,419.17839111328135,431.3780129293167,69.31364532889623,7.898471594833893,5.942421567431948,453.4528151446806,400.6347031658663,7.390393523015397,0.009658584522832525,0.009612238580507748,0.008745818334750632
2024-12-17,449.1319885253906,449.9522746519603,444.2993336430134,445.7224537683285,22733500,428.99711151123046,420.08242919921884,433.0688677479904,71.0807519177478,8.310854914455376,6.416108236836633,455.8689894034809,402.12523361898,7.266289772010502,0.006355349671760102,0.0063352395964357015,0.008735195479899172
2024-12-18,432.2621154785156,447.3431888706938,431.8964279723808,446.0287948744165,24444500,430.0068618774414,420.54708557128913,432.99203419851665,51.927282254781716,7.193491803132304,6.571584950095768,455.7522786675399,404.2614450873429,7.978380542081881,-0.03756105883765459,-0.03828465258586451,0.012849069374972669
2024-12-19,431.9063415527344,437.9842340814429,431.2046739034814,436.4425256398133,22963700,431.1122512817383,420.95038085937506,432.8886348989183,51.61142686235647,6.207706923507658,6.498809344778146,455.1327717090476,407.091730854429,7.89275051607328,-0.0008230513686988683,-0.0008233902614401428,0.01273820464186115
2024-12-20,431.4813537597656,438.5376294710308,423.6047919913248,428.0322496423796,64263700,432.2848388671875,421.37713073730475,432.75460812376093,51.210707340749046,5.330723083638986,6.265192092550315,453.8475627962406,410.7221149381344,8.395613870618474,-0.0009839813683699683,-0.0009844657958410928,0.012663046879565917
2024-12-23,430.147216796875,432.5190736490341,427.755575118412,431.619738686297,19152500,433.1866424560547,421.76773010253913,432.506285140248,49.90088754836095,4.476451621361434,5.907443998312539,452.7114053309346,413.6618795811748,8.136177060618731,-0.003091992159720114,-0.00309678224396166,0.012613538168018829
2024-12-24,434.1793518066406,434.44620567192754,429.0996280307953,429.55422661934296,7164500,434.2016006469727,422.18334533691416,432.6656248227616,53.75099213321656,4.077788720112665,5.541512942672565,451.6011713988834,416.80202989506193,7.936919959226839,0.009373848887809233,0.009330187007487759,0.012708292570459351
2024-12-26,432.9736633300781,435.7705018127553,431.5110338839644,433.9322924323696,8194200,434.70166931152346,422.58273803710944,432.6949618234584,52.452925640105576,3.6227951871564983,5.157769391569352,451.3397842990677,418.06355432397925,7.674244814195702,-0.0027769364700223065,-0.0027807993110015726,0.011888680333307443
2024-12-27,425.4825134277344,430.1175308072659,421.35152651661633,429.5048044431988,18117700,435.0742492675781,422.883988647461,432.0080619762466,45.15623056732787,2.6274487496145866,4.651705263178399,450.4913618247168,419.65713671043943,7.9562370998575656,-0.017301629491105697,-0.017453051792708445,0.012270339608072223
2024-12-30,419.849365234375,422.5374777077036,416.9537232035626,421.0649558192297,13158700,435.1419448852539,423.0607415771485,430.8500908579731,40.58427836578151,1.3683085366899945,3.995025917880718,450.27657899550957,420.00731077499825,7.997133751594293,-0.013239435266042099,-0.013327857900136086,0.012673754929272845
2024-12-31,416.5583801269531,421.727075036825,415.72823181420273,421.1044562623139,13246500,434.67350006103516,423.1432684326173,429.48897555025695,38.15385543999207,0.10368068566759803,3.2167568714380943,451.414681052335,417.9323190697353,7.854398713810577,-0.007838490134633669,-0.007869372585478238,0.012090433871848143
2025-01-02,413.672607421875,421.0748161119684,409.98635677531166,420.5411385593524,16896500,434.0498977661133,423.1558508300782,427.98265477612534,36.11168197089517,-1.1185102474264568,2.3497034476651844,452.8214420466858,415.27835348554083,8.085403044013875,-0.006927654904454572,-0.006951762509653767,0.012154422494278547
2025-01-03,418.3866882324219,419.0587087344669,414.6213587468145,416.1432822085411,16662900,433.3546432495117,423.0905053710938,427.06875320053456,41.609796402921525,-1.6872686602920908,1.5423090260737295,453.32678357697506,413.38250292204833,7.892595777483734,0.011395680366477201,0.011331238709872472,0.011964049366614543
2025-01-06,422.8339538574219,429.2281017096726,420.4917442238413,422.982189246928,20573600,432.6248031616211,423.17150756835946,426.665438977381,46.30452746159952,-1.758881342334405,0.8820709523921026,453.0103315015413,412.2392748217009,8.103225613181378,0.010629558133860684,0.010573461551912421,0.01189268615279959
2025-01-07,417.418212890625,425.6011386030249,415.8666120215368,423.9704889084133,18139100,431.57722930908204,423.1416308593751,425.78475077864226,41.88773397849989,-2.2269688331111865,0.26026299529144487,452.8099270769842,410.3445315411799,8.21974711091757,-0.01280819791644039,-0.012890930075826477,0.012111036370839334
2025-01-08,419.58251953125,421.9642686702226,416.5979364179098,418.4954097350683,15054600,430.51680755615234,423.08757812500005,425.1940620884144,44.17926012343536,-2.395674242494806,-0.27092445226580536,451.920675037235,409.1129400750697,8.015931763874374,0.005184983725643244,0.005171587982048486,0.012099653201934402
2025-01-10,414.0382995605469,419.73074959963856,410.15435142162687,419.651700779007,20201100,429.3121002197266,422.9534143066407,424.1316085143318,39.844800092433275,-2.9428236720964946,-0.8053042962319432,451.561345568102,407.06285487135113,8.127393650598467,-0.013213658130698636,-0.0133017352523706,0.012317965936433925
2025-01-13,412.2989501953125,413.593589604229,407.45640284839305,410.3717995418403,17604800,427.74074096679686,422.6787304687501,423.00468867442515,38.56642870329773,-3.4767170643433474,-1.339586849854224,450.1346868567572,405.34679507683654,8.017001012138135,-0.0042009383360923636,-0.004209787068224672,0.011764797761241591
2025-01-14,410.7967834472656,414.8190446806072,405.90480416806594,412.9116788431012,16935900,426.0661102294922,422.362562866211,421.8420310337433,37.44894554069134,-3.9752198664967295,-1.8667134531827252,448.26789367545564,403.8643267835288,8.081089547881215,-0.0036433921244166667,-0.00365004544285091,0.011708939924629312
2025-01-15,421.3119812011719,423.1304056035061,413.3662329233126,414.2161660512409,19637800,425.0303955078125,422.7731262207032,421.7915500973079,48.66264763651011,-3.4816638950346146,-2.1897035415531034,446.05902696241475,404.00176405321025,8.384841877049734,0.02559707908534814,0.025274959174507172,0.013422458166386953
2025-01-16,419.6022644042969,424.45470380326,419.4145196873236,423.6739873785901,15300000,423.6957275390625,423.07019714355476,421.5830466979735,47.18156880919227,-3.1916853268872956,-2.390099898619942,442.41814515202003,404.97330992610495,8.145937751255923,-0.004058077797836512,-0.004066334139698251,0.013125839662448867
2025-01-17,424.00006103515625,429.3861774256149,423.1501581318877,429.00073529986,26197500,422.43913116455076,423.49290100097664,421.81323853961,51.28843165310088,-2.577300275000937,-2.4275399738961414,437.09623294705506,407.78202938204646,8.262935984831788,0.010480869632824463,0.010426326096806424,0.013311644876492994
2025-01-21,423.4763488769531,425.8482057091823,420.6103539480181,425.1564304696716,26085700,421.99984283447264,423.8459533691407,421.9716300003093,50.78205096352238,-2.108351129875359,-2.363702205091985,435.96321261633494,408.03647305261035,8.046858540284104,-0.0012351700066375315,-0.0012359334578362793,0.010498706360888168
2025-01-22,440.9688720703125,442.0263047297872,430.8884423191116,432.4301508467356,27803800,422.4529693603516,424.37684387207037,423.7808911498334,63.680600187343636,-0.3214990818893284,-1.955261580451454,438.1530162306717,406.75292249003144,8.797079776894817,0.04130696611451623,0.040476622356090335,0.014129377251031848
2025-01-23,441.4728393554688,441.5123788470024,436.3239289556834,436.81806704057095,18389300,422.9525436401367,424.8142529296876,425.46583859798915,63.97353673081681,1.1223225520368487,-1.3397447539537934,440.3175060598966,405.5875812203768,8.539320499353687,0.0011428636284240845,0.001142211056940316,0.014120610710507886
2025-01-24,438.85394287109375,441.4135747027248,436.225124464603,439.9410527624692,15549500,423.3878799438477,425.25629089355476,426.7408961478086,61.21065321952522,2.0318170180170227,-0.6654323995596303,441.85412168883613,404.9216381988592,8.304205813033123,-0.005932180308529378,-0.005949845587194046,0.014180611732335813
2025-01-27,429.4653015136719,430.09781275609777,418.53496919379126,419.0389997051121,35647800,423.15217742919924,425.5999151611329,427.00036332550985,52.46312296963245,1.9722778501101743,-0.13789034962566937,441.17648598950444,405.12786886889404,9.162403517623792,-0.021393544503665596,-0.021625703483907115,0.014886730118197408
2025-01-28,441.95709228515625,443.1232508667098,426.32255685114393,429.5048071593075,23491700,423.6013488769531,426.09435058593755,428.424813702619,60.54275886797821,2.899650382949858,0.46961779688943617,442.9792054820296,404.22349227187664,9.707995696048226,0.029086845264230776,0.028671851020683575,0.01626489273368171
2025-01-29,437.1441650390625,441.6408395030523,435.236799356433,441.45306462654537,23581400,424.1844314575195,426.4497222900391,429.2552281156136,56.55437776245827,3.209242639669185,1.017542765445386,444.43573273251366,403.93313018252536,9.494588355525014,-0.010890032833749341,-0.010949763281502843,0.01594201909773593
2025-01-30,410.1247253417969,417.90245411076046,408.3161931892364,413.8604081236296,54586300,423.6981994628906,426.2313671875001,427.4332754704882,40.445736330807264,1.2598312109389553,1.0660004545441,444.79194319178964,402.6044557339916,10.875544319403662,-0.06180899085053826,-0.06380171621890131,0.021149765035420418
2025-01-31,410.1938781738281,415.7578774765854,410.04564278987584,414.0679337799429,34161900,423.3799743652344,426.24893920898444,425.7914281089015,40.49245420154687,-0.2763260211056604,0.7975351594141479,445.0783358313689,401.68161289909983,10.50673648849694,0.00016861415017976888,0.00016859993641168763,0.021088327340036392
2025-02-03,406.10247802734375,410.5398286087579,403.8689641166184,406.77449861931177,25679100,423.0014678955078,426.1696899414063,423.91629000589603,38.56488959667716,-1.8030984964031518,0.27740842825068796,445.6090242223445,400.3939115686711,10.232745631614266,-0.009974308160568324,-0.010024384837270686,0.021147696629430782
2025-02-04,407.535400390625,409.06724640338354,404.9362294867339,407.8516559731058,20532100,422.45890350341796,426.07905578613287,422.35620528063214,39.64846356196083,-2.8644324295921706,-0.3509597433178838,445.98558429647056,398.93222271036535,9.796907866259648,0.003528474808234927,0.0035222643456849717,0.020983234433099074
2025-02-05,408.4446411132813,408.9782884965412,405.5885086845079,407.5156591589932,16316700,421.73943786621095,426.0519775390626,421.0312944075511,40.367197315969115,-3.5907867363563355,-0.9989251419255742,446.0434697012793,397.4354060311426,9.33925586238634,0.002231071759127623,0.0022285866142017887,0.02081950770548297
2025-02-06,410.9450073242188,413.2971094519946,409.1463374430024,409.1463374430024,16309800,421.4157775878906,426.11028564453125,420.07069563770995,42.39871816920948,-3.9194876865229276,-1.583037650845045,446.1106411960222,396.720913979759,9.018771039266834,0.006121677111792456,0.006103015766888454,0.020709391573063805
2025-02-07,404.9461669921875,413.7418190108213,403.3155173181378,411.59727657785896,22886800,420.6839599609375,425.96698608398435,418.6302643381364,38.96867150495553,-4.610890364148645,-2.188608193505765,446.39915990342513,394.96876001844987,9.119308943082313,-0.014597671769007392,-0.014705266148261632,0.020891433207978267
2025-02-10,407.38720703125,410.5892121947109,406.10246006462063,408.8597288843585,20817900,420.35140533447264,425.8371264648438,417.55949697557577,41.05826822084909,-4.905315018840099,-2.731949558572632,446.5688976826541,394.1339129862912,8.871004390185249,0.006028060611596331,0.00600996454062177,0.020769419640465074
2025-02-11,406.6163635253906,407.65404147500567,404.5014379734868,404.8374784232517,18140600,420.06727600097656,425.5100079345703,416.51729378984385,40.58570626025562,-5.141580369634539,-3.2138757207850137,446.7467785274509,393.38777347450224,8.462547183851935,-0.00189216424216343,-0.001893956646295306,0.02075477511140302
2025-02-12,404.2445068359375,405.93445069964594,399.62924369400855,402.43594449354754,19121700,419.73966217041016,425.2342797851563,415.3484569370908,39.09468855626578,-5.4573029830095265,-3.6625611732299164,447.02061028708266,392.45871405373765,8.357159515818374,-0.005833156021781694,-0.005850235326253526,0.02077806720507523
2025-02-13,405.7268676757813,406.1814662248677,401.59585076694265,402.2283619307085,23891700,418.9604064941406,424.97890808105467,414.4321151026804,40.564315590706336,-5.524221510731593,-4.034893240730252,446.89959791034704,391.0212150779342,8.087763511683136,0.003666990682066107,0.003660283663118245,0.019882386589487544
2025-02-14,403.64166259765625,404.11604605641566,401.121570217529,403.00918147910807,22758500,418.1623764038086,424.53319580078124,413.4044529593448,39.13382887387492,-5.6800376112106505,-4.363922114826332,446.8834731009922,389.441279706625,7.839015936438078,-0.005139430597905004,-0.005152682897021701,0.019890626236940732
2025-02-18,404.8374633789063,405.7862000541376,401.7342617389566,403.2166759889158,21423100,417.2042465209961,424.10705200195315,412.5885491897792,40.4311679634064,-5.64199446395105,-4.619536584651276,446.35770760287875,388.05078543911344,7.568510392062573,0.002962530610825409,0.0029581509647736027,0.019717665323724543
2025-02-19,409.90728759765625,410.61884763156144,402.8707662400353,403.098080611906,24114200,416.5257934570312,423.6593621826172,412.3331909429104,45.71419192323648,-5.143461924130008,-4.724321652547022,445.69537293850294,387.3562139755595,7.581336892024255,0.012523110327872233,0.01244534475325291,0.019988398923068477
2025-02-20,412.0759582519531,415.2249706128277,408.520936591177,411.24414537664296,23508700,415.0811477661133,423.1522662353516,412.3086925913907,47.84500233437427,-4.521259432769284,-4.683709208591475,442.04378396304713,388.1185115691795,7.518672401283284,0.005290636980393337,0.005276690728641602,0.017388299284365475
2025-02-21,404.2331237792969,413.97725680128366,403.9162642540701,413.27418223243296,27524800,413.2191619873047,422.4695349121094,411.5395907997627,41.500773695089705,-4.607893741541659,-4.668546115181512,437.65985417104696,388.7784698035624,7.700266697421163,-0.019032497081183597,-0.01921594644985502,0.01770329683910515
2025-02-24,400.0641174316406,405.38179653354615,395.4297185716828,404.5301894031576,26443700,411.27967071533203,421.6549981689453,410.44668857422727,38.57279729666754,-4.955828321828392,-4.726002556510888,433.31336241927795,389.2459790113861,7.861110359167031,-0.010313371424585327,-0.010366922754356748,0.017752320267149884
2025-02-25,394.0235595703125,398.00441513588805,392.8352683816966,397.1923965138258,29387400,409.5075836181641,420.7728204345703,408.8825810500449,34.747508536616294,-5.653817827266323,-4.911565610661976,431.10234317338694,387.9128240629413,7.815948837079673,-0.015098974384675445,-0.015214124467470782,0.017490232852759132
2025-02-26,395.8357543945313,399.6680471786912,390.40913086553707,394.1325097993192,19619000,407.20151672363284,419.8150128173828,407.6400261304722,36.77330627441898,-5.991682179426448,-5.12758892441487,423.68943722555997,390.7135962217057,7.919017942513563,0.004599204235896437,0.004588660213143606,0.015818380807147456
2025-02-27,388.7059020996094,401.7871994813194,388.3494237890168,397.36074580317216,21127400,404.7796035766602,418.70334289550783,405.836776222771,32.498446137154545,-6.75687258507935,-5.453445656547767,416.5053864395539,393.05382071376647,8.313214924641354,-0.018012148260400873,-0.018176341641463603,0.01602789720237529
2025-02-28,393.1224365234375,393.7562160246685,382.8039671137811,388.8346335226669,32845700,403.92948913574224,417.72526611328124,404.62588672759637,37.35638259708707,-6.927063204301646,-5.748169166098544,416.42216894840146,391.436809323083,8.50171735223036,0.011362149120895948,0.011298084720704305,0.00962571839353047
2025-03-03,384.7052001953125,394.9345790531096,382.3979130752632,394.9345790531096,23007700,402.65505523681645,416.49345764160154,402.7286784864265,32.548617975790776,-7.652922989647607,-6.129119930808356,417.33962077004304,387.97048970358986,8.78992796834579,-0.021411233616077663,-0.02164377946551058,0.010528652379095716
2025-03-04,384.8240356445313,388.7553599770303,377.2881889484286,379.6648014174362,29342900,401.59113311767584,415.20729858398437,401.02347440624595,32.68034698524312,-8.124924005127411,-6.528280745672168,418.09327997673637,385.0889862586153,8.981159615506925,0.0003089000334761671,0.00030885233368355185,0.010428438552769162
2025-03-05,397.1131591796875,397.7568509049982,385.0221202960428,385.54695570418704,23433100,401.07002105712894,414.5043194580078,400.651063432288,44.706443378281826,-7.421804701002316,-6.706985536738197,417.4461685672982,384.6938735469597,9.263420733004066,0.03193439701491996,0.03143509625479792,0.012943249659436471
2025-03-06,393.0234375,398.2321730411984,388.8544303529959,390.438848896208,23304600,400.2989608764649,413.72666137695313,399.9246228673082,42.016400614058604,-7.112594386451974,-6.788107306680954,416.66577392176634,383.93214783116343,9.27158658694681,-0.010298630466277103,-0.010352028293722877,0.013070278414531039
2025-03-07,389.4783020019531,390.9537764879466,381.7840095954452,388.4979564275301,22034100,399.2256256103516,412.88660034179685,398.92973516584584,39.7818129211843,-7.072083218070702,-6.844902488958904,415.4741346369695,382.9771165837337,9.412146681061667,-0.009020163073727328,-0.0090610910485678,0.013023190189933071
2025-03-10,376.4563903808594,382.6355890788174,373.5450301742595,382.08104715568106,32840100,397.8011367797852,411.8127838134766,396.7894166148947,32.867200272239174,-7.998535130359869,-7.0756290172390965,416.59049727239864,379.0117762871718,9.87794133439252,-0.03343424153325092,-0.0340059449174844,0.014530515379239672
2025-03-11,376.7435607910156,382.23947903620126,373.2380400086461,375.3076750122287,30380200,396.2689544677735,410.66406799316405,394.88028748881095,33.14318091626532,-8.61032818982909,-7.382568851757096,416.6148506118064,375.9230583237406,9.81533402676128,0.0007628251704419053,0.0007625343672001999,0.014395095601784539
2025-03-12,379.53607177734375,381.4670864515663,375.2581813231993,379.21921226907705,24253600,394.91493988037115,409.5953161621094,393.41893361152836,35.90263959261634,-8.76876542908127,-7.659808167221931,415.9198480134096,373.9100317473327,9.557731962590257,0.007412232820821041,0.007384897218583521,0.014608887955415121
2025-03-13,375.0798950195313,381.5661010325616,373.7727778338423,379.42714079198,20473000,393.4567092895508,408.58726379394534,391.67235850752866,33.52472827700984,-9.148446706280083,-7.957535875033562,415.68232642078016,371.2310921583215,9.431702765170902,-0.011741115243524614,-0.011810586452155318,0.014721283303728802
2025-03-14,384.7745361328125,386.4282798172616,375.8127158813028,376.08007458561946,19952800,392.40909271240236,407.8857672119141,391.01542304327,42.45439846939497,-8.56830030523355,-8.079688761073559,414.19332379071244,370.62486163409227,9.568608624639433,0.025846869539025485,0.025518485647730422,0.016073555782928708
2025-03-17,384.9132385253906,388.884151955574,381.8137266185015,382.9327228246585,22474300,391.47267150878906,407.2528643798828,390.4342626129958,42.5732559146107,-8.005060622894746,-8.064763133437797,412.8513671131535,370.0939759044246,9.390166961241793,0.00036047705747921377,0.0003604121012344178,0.016073519279160196
2025-03-18,379.78363037109375,383.5961286419255,377.38722360904,383.2990634136601,19486900,390.21997985839846,406.5750848388672,389.4199166851956,39.33729221825661,-7.88174972028952,-8.028160450808143,411.25268972797244,369.1872699888245,9.257013243749567,-0.013326660766328824,-0.013416257618178993,0.01620763145320509
2025-03-19,384.0417785644531,385.8836435250732,380.2589866011294,381.7740797920575,19185500,388.9267044067383,405.8881866455078,388.90771305464864,43.197040670147835,-7.355636767264855,-7.893655714099485,408.0526202259575,369.80078858751904,9.031513237337414,0.011212037204443748,0.011149648220582103,0.01614379338763407
2025-03-20,383.0713195800781,387.97310772514027,379.5460042678497,381.98202996781214,18470500,387.47647247314455,405.09293395996093,388.3518660570705,42.532834911187926,-6.9370306202895335,-7.702330695337495,403.50979654691724,371.44314839937186,8.988341110191211,-0.002526962009192224,-0.002530160166574395,0.01602337201007241
2025-03-21,387.4482727050781,387.9235771034519,379.07067004050685,379.4865916093534,39675900,386.6372299194336,404.49353515625,388.2658095473569,46.52645725463433,-6.18084970747077,-7.398034497764151,400.71179048255493,372.56266935631226,8.978667249673629,0.011425948384227835,0.011361165241527749,0.015918592266691
2025-03-24,389.2505187988281,391.5479241245079,386.012386704804,391.5479241245079,21004500,386.09654998779297,403.88689514160154,388.35959138083035,48.125028410893506,-5.374194321487778,-6.993266462508877,398.8336418847448,373.35945809084114,8.732729404675792,0.0046515785995562275,0.0046407934402340955,0.015858754378249285
2025-03-25,391.3102722167969,392.4985634335279,388.8148334634192,390.0823622267607,15775000,385.9608856201172,403.43233459472657,388.64060860330335,49.96598763251583,-4.516644167258789,-6.49794200345886,398.4119488044698,373.50982243576465,8.372086587921002,0.0052915881122646,0.0052776368544547045,0.015574435896881634
2025-03-26,386.17083740234375,391.45881045430576,384.7844825194778,391.1518329523951,16108400,385.47763977050784,402.9097723388672,388.40539229845007,45.615997367593884,-4.203286063904557,-6.039010815548,397.07941021746433,373.87586932355134,8.250818112700069,-0.013133912343619047,-0.013220924886847275,0.015788335731944096
2025-03-27,386.7748718261719,388.41870337339975,383.62585932715103,386.3292739557081,13766800,385.38108825683594,402.4293341064453,388.25010463442356,46.208727003461355,-3.8616918002429657,-5.6035470124869935,396.90567134659904,373.85650516707284,8.003819965096401,0.0015641637465202418,0.0015629417165446378,0.015284551296677709
2025-03-28,375.1096496582031,385.339029849346,373.2578723723651,384.2992410074857,21632000,384.4804489135742,401.50528747558593,386.99863273192636,37.66993631309127,-4.480612116468706,-5.378960033283336,396.25695968996564,372.7039381371828,8.397618500004283,-0.03016023795157885,-0.030624414895215585,0.016418233762319167
2025-03-31,371.7328796386719,373.3965054432232,363.6622546184452,368.9106389436448,35184700,383.8318328857422,400.54789978027344,385.54475148494976,35.6181287998469,-5.1838320567623555,-5.3399344379791405,396.8507958596576,370.8128699118268,8.615459681415256,-0.009002087849801055,-0.009042851465469355,0.015880238075798508
2025-04-01,378.4666442871094,379.12021808448793,369.59394254927554,371.0000917512926,19689500,383.5139633178711,399.6372314453125,384.8706460375364,42.36036669752396,-5.138546430544295,-5.299656836492171,396.72946138432087,370.29846525142136,8.680517956686481,0.01811452528757429,0.01795241208313827,0.01648028761255939
2025-04-02,378.4171142578125,381.3284442645314,372.95087209109226,374.2877261088344,16092600,382.5791610717773,398.73604675292967,384.256023963277,42.325256327266516,-5.048458418829625,-5.249417152959662,394.384325900687,370.77399624286767,8.658878972168814,-0.00013087026305891314,-0.0001308788273190025,0.014589276288201147
2025-04-03,369.47503662109375,373.80248816308017,365.75168821202425,371.1386925275575,30198000,381.40174102783203,397.3061700439453,382.8483108830691,36.45115391285834,-5.633672484160854,-5.326268219199901,393.4990001512932,369.30448190437085,8.945060905998774,-0.023630214648871828,-0.023913885891821262,0.015262663863870604
2025-04-04,356.3343505859375,370.9406526219325,355.97787229621173,360.5825648601157,49209900,379.7445434570312,395.6034002685547,380.32317180715177,29.88687890554182,-7.0762319913228,-5.676260973624481,395.49214989182104,363.9969370222414,9.374898007407486,-0.03556582917030027,-0.03621370108621614,0.016884294738059375
2025-04-07,354.3736572265625,367.385659790646,341.43101018463227,347.4616768226877,50425000,378.6404067993164,393.9137945556641,377.85178946614326,29.046367452409626,-8.282210198065684,-6.1974508185127215,397.8675912235322,359.4132223751006,10.559165978736504,-0.005502397835490558,-0.005517591787538286,0.015441176524019093
2025-04-08,351.10577392578125,370.0097901278565,346.83776558065426,364.6723167446661,35868900,377.3585174560547,392.34660400390624,375.3045498908707,27.65061190417046,-9.393366604002722,-6.836633975610722,400.0305984428007,354.6864364693087,11.460084447912626,-0.009221575120331171,-0.009264357058533899,0.015477747026603244
2025-04-09,386.6857299804688,389.39905670107095,349.66000929830324,350.0957251156184,50199700,377.71600036621095,391.2411767578125,376.38847180416576,53.723978140779714,-7.318596734160565,-6.93302652732069,400.7369280251051,354.6950727073168,13.480010373259418,0.1013368582830787,0.09652476760572881,0.028063885986659685
2025-04-10,377.6347961425781,380.1599412978202,364.2167855996792,378.3378706780709,38024400,377.84374542236327,390.0509893798828,376.507169360205,48.896577227080016,-6.3316737891967705,-6.812755979695907,400.8330765049324,354.8544143397941,14.122077088083001,-0.023406433535439364,-0.02368471506359879,0.0284673632683326
2025-04-11,384.6656188964844,386.2500070536301,375.1987576222842,376.9317086118959,23839200,377.8382995605469,389.54180725097655,377.2841645541364,52.46943420275704,-4.925424381415553,-6.435289660039836,400.8211114981517,354.85548762294206,13.902732255458925,0.01861804798107558,0.018446853729889506,0.028175806690314883
2025-04-14,384.0318298339844,390.80518876293,380.4668961292061,389.3891275283392,19251200,377.7942291259766,389.0185662841797,377.92679934269336,52.115715825733275,-3.818090504163422,-5.911849828864554,400.7259296064216,354.8625286455316,13.648129425334998,-0.0016476363661462878,-0.0016489952117378708,0.028179339173045204
2025-04-15,381.9721374511719,388.0721288920929,380.4174255118224,384.7250528209778,17199900,377.90365447998045,388.53595947265626,378.31206963873893,50.91446220556962,-3.0713161692852964,-5.343743096948702,400.8930962179692,354.9142127419917,13.22002756497325,-0.0053633376788140286,-0.005377772008264581,0.02803331945551793
2025-04-16,367.98968505859375,377.892263018399,364.4148689208335,376.9614484928254,21967800,377.1010498046875,387.74504516601564,377.32898539301084,43.57203693480296,-3.5666451157911183,-4.988323500717185,400.29716540294083,353.9049342064341,13.529830491070758,-0.036605948501585495,-0.03729275929291932,0.0291034697566752
2025-04-17,364.197021484375,370.6733161182554,363.3157077351141,370.1088619054277,21120200,376.15733489990237,386.8600927734375,376.078322163617,41.81074270951889,-4.216626483039192,-4.833984097181587,399.8358346982759,352.47883510152883,13.088957483361513,-0.01030643990364799,-0.010359919025636984,0.029166393745330393
2025-04-21,355.6213684082031,360.9291658129438,352.20499720618693,359.2853342749941,20807300,374.5659896850586,385.75361999511716,374.13004085357755,38.06406151151528,-5.361916101825159,-4.939570498110301,399.2518148277578,349.88016454235935,13.01060511156341,-0.023546741379761094,-0.02382839604734276,0.029358394340032002
2025-04-22,363.246337890625,364.1870645763753,356.3541225187108,359.8398489744652,19485000,373.2657806396484,384.91962341308596,373.09349771424877,42.95852606225309,-5.589858652397879,-5.069628128967818,397.45519181519535,349.0763694641015,12.693111615606892,0.021441257921457346,0.021214627916156678,0.029851168886141165
2025-04-23,370.7426452636719,376.6841922722663,369.38596664501534,372.396358924379,20545500,372.2373992919922,384.18673217773437,372.86960700467006,47.36256492561934,-5.106747998131766,-5.077052102800607,394.9761294105452,349.49866917343917,12.74630752746649,0.020636979897933783,0.0204269224793964,0.03027092679007367
2025-04-24,383.5268249511719,384.6656455709585,371.53481777720657,372.0398589139721,22232300,372.1051986694336,383.72494140625,373.8845801424321,53.899526783642,-3.650225339539986,-4.791686750148483,394.54716886399984,349.66322847486737,12.830357011739354,0.03448262521406975,0.03390142271594046,0.031229328148195717
2025-04-25,388.0325317382813,388.33950924401097,380.8531625631297,383.2297752805051,18973200,372.16808166503904,383.40070190429685,375.2320041039416,55.974718006963464,-2.1080474976313326,-4.254958899645053,394.78051927714426,349.5556440529338,12.448641988106635,0.011748087732019963,0.011679614712274087,0.031337206504119454
2025-04-28,387.3492126464844,388.9138065441973,382.87325863987553,388.1414067328739,16579400,372.7800598144531,383.03314880371096,376.38602396513613,55.56620229333877,-0.9302749564771489,-3.5900221110114723,396.32123754334737,349.2388820855589,11.990920982122002,-0.0017609840307353242,-0.001762536385829624,0.030501618723293655
2025-04-29,390.201171875,391.2508426713115,386.5768248872523,387.48784509297593,14974000,373.7034744262695,382.7643389892578,377.7017523375041,56.9774946525301,0.23058945104918394,-2.8258997985993415,398.42706604446363,348.9798828080754,11.468285039403229,0.007362759844095734,0.0073357870430896185,0.030409333123370647
2025-04-30,391.4092712402344,392.7956259870468,380.69467558939255,386.4975712511458,36461100,374.3506057739258,382.4957751464844,379.0072303282403,57.59195775253016,1.2338434011691675,-2.01395115864564,400.19131701254304,348.50989453530855,11.513475422135443,0.003096093636595798,0.0030913106086178613,0.030197315707040033
2025-05-01,421.255615234375,432.7326982337469,420.7604863894309,426.9099781819618,58938100,376.4925308227539,382.7227416992188,383.03088603358646,69.2693335454674,4.386712616309467,-0.7338184036546185,409.44855712911357,343.53650451639425,13.642757677233805,0.07625354376396953,0.07348606945028924,0.034433352836133344
2025-05-02,431.0393981933594,435.1588741169636,425.8009261614823,427.533877248033,30757400,379.5707489013672,383.10201049804687,387.6031252868982,71.99191454105907,7.587390982548527,0.9304234735860107,419.9863531497596,339.1551446529748,13.661364906187718,0.023225287937208794,0.02295968553652621,0.033906883454728996
2025-05-05,431.9207458496094,435.2182909345157,427.9002714913439,428.652877068793,20136100,383.3500686645508,383.6557629394531,391.82385105477545,72.23058610059422,10.078885914629893,2.7601159617947872,428.254483035909,338.4456542931926,13.208268801686582,0.002044703245095647,0.0020426156845589198,0.0323555722281876
2025-05-06,429.0885925292969,433.46554517602334,426.9694566129341,427.9894209087166,15104200,387.0858154296875,384.23625244140624,395.37287405234895,70.1615382252449,11.690125999231327,4.546117969282095,434.1077171730474,340.0639136863276,12.728827356072486,-0.006557113423069083,-0.006578705731860101,0.032383264305288664
2025-05-07,429.1282348632813,433.8517538131467,426.9100367836598,429.6134515274466,23295300,390.9869384765625,384.93834594726565,398.5876703200568,70.17441673127045,12.822435129202916,6.201381401266259,438.3660955870075,343.6077813661175,12.315462332744943,9.23872940801207e-05,9.238302663690331e-05,0.032157089903919356
2025-05-08,433.9012451171875,439.3476626606329,431.4156885314204,433.6635627109641,23491300,393.34771423339845,385.69965576171876,401.95086791978355,71.75510715027046,13.944200249814685,7.749945170975945,444.2114433906645,342.4839850761324,12.165745580216848,0.011122573315239581,0.011061172368171569,0.024061251444469176
2025-05-09,434.4557800292969,436.4461774951318,431.6335394854884,435.7133964534002,15324200,396.1887634277344,386.6146533203125,405.04657383497533,71.9411653075168,14.70840419485188,9.141636975751132,449.51256821879724,342.86495863667153,11.64052361089017,0.0012780210205656228,0.0012772050468481692,0.023084205459277887
2025-05-12,444.8832092285156,444.9921230759706,435.4955548202822,441.5955462250109,22821900,399.19964294433595,387.6498687744141,408.8405391105506,75.24356696876909,15.971340051501272,10.50757759090116,456.2508463841657,342.1484395045062,11.561653570588996,0.024001128949223682,0.023717629106184555,0.023254109550590384
2025-05-13,444.764404296875,446.2794975271711,441.021200788799,443.4176379697952,23618800,402.2362716674805,388.85105285644534,412.26185960448623,75.13506320028388,16.769332821548687,11.759928637030665,462.1292791260861,342.34326420887487,11.11141379685922,-0.0002670474613925,-0.0002670831249151949,0.02322740373794061
2025-05-14,448.5273742675781,449.4780133022065,443.77414887416586,443.77414887416586,19902800,405.5640335083008,390.12511962890625,415.7157181438283,76.30077337677048,17.503617265014555,12.908666362627443,467.9284669286321,343.1996000879695,10.725160270515033,0.008460591572412302,0.008425001369417345,0.023025556198830743
2025-05-15,449.5392761230469,452.5750254060464,446.860659567107,447.1979616790238,21992300,409.6415130615234,391.17364196777345,418.93700937994436,76.61822173752181,17.960161438365503,13.918965377775056,472.3090266401895,346.9739994828574,10.367246382545344,0.0022560537294320504,0.0022535126613567507,0.020541404574910552
2025-05-16,450.6702575683594,450.7595407562394,445.1741794982958,448.4678481067336,23849800,413.96517486572264,392.32657836914063,421.95922349312673,76.98922012663782,18.20339927992336,14.775852158204717,475.4149288502933,352.515420881152,10.025683159359504,0.0025158679238583836,0.0025127084262960855,0.020060413975416296
2025-05-19,455.23382568359375,455.9481214834615,447.2277665675242,447.3071495873714,21336500,418.9457977294922,393.6416888427734,425.12823322555215,78.47345476542705,18.55056941250251,15.530795609064278,476.7096809610999,361.1819144978845,9.932445427686487,0.0101261799255572,0.010075253669351717,0.01835855616645684
2025-05-20,454.5393371582031,454.70797307292094,450.7198396549624,451.9797648957129,15441800,423.5104476928711,395.20334777832034,427.9292907429475,77.6525885470068,18.555765509648722,16.13578958918117,477.23396333906106,369.7869320466811,9.545412613468262,-0.001525564415930103,-0.0015267292741852835,0.018492775611320157
2025-05-21,448.9837341308594,454.1524403651085,448.22974686474834,450.967885651573,19216900,427.4225021362305,396.64815124511716,429.93447582751054,71.23334621119132,17.905192802842464,16.48967023191343,476.3907461650308,378.4542581074302,9.314282447753014,-0.012222491153521697,-0.01229780006935159,0.019081999168554742
2025-05-22,451.2555541992188,456.6028569421555,450.3031699710194,451.3448676580097,18025600,430.80893859863284,398.08254089355466,431.9650547200542,72.24379729339594,17.37266487216141,16.666269159963026,476.4187390216672,385.1991381755985,9.19319961657752,0.0050599161966462525,0.00504715784006609,0.018191230267692166
2025-05-23,446.6126708984375,450.0948666019555,445.3527455471655,446.414273906322,16883500,433.7379455566406,399.5131964111328,433.36006578466214,67.05955674237089,16.38709059054372,16.610433446079167,475.33031218482256,392.1455789284587,8.958171690540075,-0.010288811423097899,-0.010342107124799247,0.01863436667115994
2025-05-27,457.0393676757813,457.2973170522405,452.5055743512772,452.8627373552784,20974300,437.22245330810546,400.9584930419922,435.6152373933402,71.93097640199157,16.259928824043982,16.54033252167213,474.0947482055746,400.3501584106363,9.081491295058855,0.023346173220676336,0.023077819973463715,0.01884248886166593
2025-05-28,453.7357482910156,458.8548627693229,453.3091629867606,457.56517641086623,17086300,440.39918212890626,402.3349432373047,437.34100033597593,68.4756413978167,15.711465736132197,16.374559164564147,470.9202782382952,409.8780860195173,8.828934758451958,-0.007228303770779876,-0.0072545545339677935,0.019167249116559648
2025-05-29,455.0452880859375,458.0612067791374,451.7019977235154,457.8925405838875,13974800,443.5809829711914,403.8401763916016,439.0271229788294,69.10909986540373,15.20717485903117,16.14108230345755,464.8868810157142,422.2750849266686,8.652525779678394,0.0028861287651551493,0.002881971891791121,0.01916998353189394
2025-05-30,456.7119445800781,458.021491741184,451.93016282180776,456.0770318895628,34770500,445.3537994384766,405.29357971191405,440.7113917027579,69.93707111744214,14.771726685803287,15.867211179926699,464.7488967626686,425.95870211428456,8.469583146799668,0.003662616749974701,0.003655925702098571,0.01036116666826611
2025-06-02,458.3092346191406,458.4481094805028,453.2695031394806,453.5175220765372,16626500,446.7172912597656,406.7983380126953,442.3873767424134,70.746329900767,14.389643969885526,15.571697737918464,465.72575263807875,427.70882988145246,8.23451337495842,0.0034973686543957605,0.0034912670828017084,0.009332528343883647
2025-06-03,459.3013000488281,460.4620419695056,457.2080045237085,457.8131864599202,15743800,448.08631896972656,408.2353985595703,443.9982265811195,71.26373144680124,14.005445990610099,15.258447388456792,466.5716796833814,429.60095825607175,7.878765094304041,0.002164620205638901,0.002162280790676564,0.009331844357751173
2025-06-04,460.1941833496094,461.9997685201863,459.3509128885598,460.3231580440434,14162700,449.6415985107422,409.6542718505859,445.54069865430904,71.7480541150222,13.616057113569354,14.929969333479306,466.64660768152385,432.63658933996055,7.508743906950765,0.001944003425826013,0.0019421162964943276,0.009057485442529377
2025-06-05,463.9739685058594,465.9283588981049,460.3528981592645,461.2755213187348,20131700,451.3838851928711,411.1075457763672,447.2962481639805,73.76391496410925,13.457332939023843,14.635442054588214,466.6793692870821,436.0884010986601,7.3819890242039605,0.008213457042716366,0.008179910169773305,0.009076616199759554
2025-06-06,466.6525573730469,469.5890928719542,465.06523024972654,466.3648469522318,15285600,453.0214508056641,412.71718017578127,449.13970618389163,75.11881387094762,13.393293077272062,14.387012259124985,467.4687093122945,438.57419229903365,7.255784405767595,0.005773144721488155,0.0057565439831664044,0.008931796626296836
2025-06-09,469.0038146972656,469.6784189466736,464.906536971708,465.9779957450024,16469900,454.7488525390625,414.3617590332031,451.0315260423082,76.27694380117535,13.378053962705962,14.18522059984118,468.1256225602833,441.3720825178417,7.078362803567452,0.005038560888757981,0.0050259098185064304,0.00891808328191473
2025-06-10,467.1883239746094,469.0534009468453,463.25968221899245,467.45617352695865,15375900,455.8641082763672,416.2033325195313,452.57026870252736,73.43467001903744,13.068832559313194,13.961942991735585,469.48191651026565,442.2463000424687,6.9866025124449775,-0.0038709508659926506,-0.003878462387048046,0.007701562362064374
2025-06-11,468.8748474121094,471.7022694228479,465.9383115986028,466.29544434484353,16399200,457.0696304321289,418.146171875,454.12308572248753,74.3893890812242,12.812169995437785,13.731988392476026,470.8117826401455,443.3274782241123,6.899270749002128,0.003609943465949339,0.0036034432589252476,0.007677612081009165
2025-06-12,475.0752868652344,476.6130223697302,469.7676758011157,471.2557893550323,18950600,458.3970260620117,420.0783447265625,456.11853345036815,77.5795942888594,12.959695407517586,13.577529795484338,473.6300669703993,443.16398515362414,6.959192478189176,0.013224082049501096,0.01313740717075899,0.007936203382247388
2025-06-13,471.1962890625,475.3828499324856,469.0137405811006,472.6348110082228,16814500,459.47987670898436,421.9339282226563,457.5545101753331,71.57298277900966,12.618153436621014,13.385654523711676,475.11405571195405,443.8456977060147,6.917043683417451,-0.008165017019365006,-0.008198533336373638,0.008314422523393952
2025-06-16,475.3431396484375,476.88084478973553,471.2359319408476,471.4442593493389,15626100,460.7135208129883,424.0512902832031,459.2486653632478,73.89954000249605,12.537569848766964,13.216037588722735,477.24067381440364,444.18636781157295,6.829008829404457,0.0088006860032539,0.00876218568742748,0.008437365140044483
2025-06-17,474.2518615722656,474.9462963755368,470.3232201221163,471.63276727216606,15414100,461.6644226074219,426.4096405029297,460.67754119267806,72.22433589437753,12.24450274851688,13.021730620681565,478.99017949715693,444.33866571768687,6.699788164898509,-0.0022957690669080932,-0.0022984083849960247,0.008318478543751777
2025-06-18,476.4344787597656,477.1884660659064,470.70028177150056,474.21223862682587,17526500,462.7591796875,428.8508569335938,462.17820191335306,73.51738121547093,12.049465192070102,12.827277534959274,480.8938267136105,444.62453266138954,6.684673602720464,0.004602232198444245,0.0045916743086871405,0.008291448054702196
2025-06-20,473.616943359375,479.62891980922967,473.0911444380428,478.4086860483398,37576200,463.99084014892577,431.30108032226565,463.2676058605933,69.04868142955243,11.534581488360459,12.568738325639512,481.5528189419525,446.428861355899,6.674180871896634,-0.005913794080825374,-0.005931349809233502,0.007812549828860982
2025-06-23,482.1488037109375,483.884936234588,468.7657118311512,474.4205253141637,24864000,465.5355026245117,433.210341796875,465.0658151796737,74.16894517485196,11.680338597677121,12.391058380047035,483.76690402354006,447.30410122548335,7.277398267006647,0.018014263364494187,0.01785392919372585,0.008522945394682045
2025-06-24,486.2261962890625,487.9524285572733,482.9424282150726,485.0754151445847,22305600,467.516178894043,435.3821697998047,467.08108957104406,76.19566064620037,11.986688577332075,12.310184419504044,485.701280812678,449.33107697540794,7.172128736958731,0.008456709934241635,0.008421152289271351,0.007955916412845413
2025-06-25,488.3691101074219,490.6409720128423,485.5119574284625,488.1409520653471,17495100,469.082666015625,437.45623962402345,469.10852009831814,77.20780767191783,12.261050620095148,12.300357659622264,488.72696894446864,449.4383630867814,7.0261920117745245,0.004407236456436037,0.004397553030850552,0.006575480343324333
2025-06-26,493.5080871582031,494.0934082095605,488.9048412091741,489.0735074056833,21578900,471.0712829589844,439.6457647705078,471.4322883897358,79.46298850961605,12.74622645115312,12.389531417928437,492.10209157491215,450.04047434305664,6.933199589657674,0.010522731565988819,0.010467752973181617,0.006264401733124545
2025-06-27,492.010009765625,495.3433694815111,489.1230659353951,493.6072370605504,34539200,472.9195190429688,441.84652221679687,473.3920713779157,77.06902571950988,12.861589074355777,12.483942949213905,494.4822312627627,451.35680682317485,6.88227844369041,-0.003035568071851902,-0.003040184753813467,0.006467833718433353
2025-06-30,493.4683837890625,496.7918434810962,491.404849352638,493.1013206195562,28369000,474.757341003418,444.35609619140627,475.3041011313583,77.77111059878236,12.921739609226336,12.571502281216393,496.74266052615934,452.77202148067664,6.775472421173823,0.0029641145393204393,0.0029597302134453927,0.006471252885654301
2025-07-01,488.1508483886719,494.10330273882704,487.0893503724631,492.53583641461546,19945400,476.24942169189455,446.8351727294922,476.5276008701501,69.42457078927671,12.397418946666733,12.536685614306462,497.6086871915179,454.8901561922712,6.792506702973116,-0.010775838078136424,-0.010834317913543303,0.007257042393656069
2025-07-02,487.1984558105469,489.589361899926,484.8274106118064,486.10716647659297,16319600,477.64427947998047,449.4667144775391,477.54387276923546,68.0166008317282,11.769370940461386,12.383222679537447,498.01494991244556,457.2736090475154,6.647467030483582,-0.001951021044557688,-0.0019529267652533882,0.007345283229602662
2025-07-03,494.8870544433594,496.1668406146565,489.5298515465148,489.8969147231798,13984800,479.378923034668,452.09952880859373,479.19560435724725,72.81057865520587,11.756522154850074,12.257882574599972,499.4161321096998,459.3417139596362,6.813246871456871,0.01578124589910912,0.015658016819526364,0.007875299771123214
2025-07-07,493.7759704589844,494.7978073262421,491.30571139485903,493.4386683186591,13981600,480.86902313232423,454.5601953125,480.5842106526508,71.15085454190765,11.52384450178738,12.111074960037454,500.5311853840468,461.20686088060165,6.582396598388548,-0.0022451263867161453,-0.0022476504615813694,0.007904907448621419
2025-07-08,492.6846618652344,494.2521585292929,490.1945420053533,493.2997439957828,11846600,482.1706283569336,456.74335205078125,481.7366345776588,69.47568175522261,11.123165375791984,11.913493043188362,501.33633219912343,463.0049245147438,6.4020551644993375,-0.002210129003919703,-0.002212574943586025,0.007966643372303994
2025-07-09,499.5200805664063,502.76415743455226,495.7799355375845,496.3354955466416,18659500,483.6964416503906,458.97310302734377,483.4302961003967,73.65894242029853,11.227758830153562,11.776346200581404,503.28060568525916,464.1122776155221,6.6647294791292335,0.013873820782839053,0.01377846032826156,0.00833671681302019
2025-07-10,497.5061340332031,500.4426696344743,493.8056807647675,499.06366987607214,16492100,485.2123321533203,461.1762414550781,484.7708520939973,70.58938440308837,11.02109689767235,11.625296339999593,504.13284260571663,466.29182170092395,6.662748007027633,-0.004031762909149861,-0.004039912377084697,0.008343959484469162
2025-07-11,499.3315734863281,501.0280145407016,493.85529597280816,494.5200000462786,16459500,486.73516845703125,463.35884948730467,486.15758746469544,71.73897310028707,10.879204834038433,11.476078038807362,505.0435683810476,468.4267685330149,6.699174475660903,0.0036691797914660818,0.0036624647720248406,0.008344130026260773
2025-07-14,499.033935546875,499.9764196247383,497.0597144820079,497.5458219138798,12058800,487.93310089111327,465.5113427734375,487.3839063296649,71.24995100707328,10.620313098596455,11.304925050765181,506.1681963378149,469.69800544441165,6.428998094737295,-0.0005960727405539545,-0.0005962504625369658,0.008035508195858375
2025-07-15,501.8117370605469,504.27206541624594,498.805748905247,499.033906939414,14927200,489.4638732910156,467.1224652099609,488.7579854468917,73.09339454136001,10.518039488174452,11.147547938247037,506.94657284619086,471.98117373584034,6.360235124470269,0.005566357948438405,0.005550923029067078,0.007654467121474916
2025-07-16,501.6133117675781,502.7046010952898,497.9128887743687,501.17679603649344,15154400,490.77738189697266,468.5339434814453,489.9823022393381,72.73462714359184,10.302218094949637,10.978481969587557,507.7593226471655,473.7954411467798,6.248197781359613,-0.0003954177997730346,-0.0003954959980058848,0.007574864155008384
2025-07-17,507.6451416015625,509.3018910459136,501.6133044647972,501.6728265840105,17503100,492.4470458984375,470.0484313964844,491.6644774166928,76.50921174186162,10.496894675675946,10.882164510805236,509.1659244260722,475.72816737080285,6.351082695627954,0.012024859971776936,0.011953135753057375,0.007750553948488131
2025-07-18,506.0082092285156,510.5618634291492,503.4089756844231,510.4030974050004,21209700,493.925732421875,471.5868237304687,493.03054711305685,73.53403704365871,10.399214831093957,10.78557457486298,509.9343367577419,477.9171280860081,6.408354484849247,-0.0032245603058123073,-0.0032297704035930386,0.007885018955283025
2025-07-21,506.0181579589844,508.03210080948105,501.54388660874696,502.69469811942383,14066800,495.5457931518555,473.1246221923828,494.26746243171664,73.54077142233682,10.204969098526192,10.669453479595624,509.4214190528417,481.67016725086927,6.414058750269594,1.9661203686682782e-05,1.9661010407750972e-05,0.0076379544441650075
2025-07-22,501.2660827636719,507.1491147296819,501.2660827636719,506.9209264172623,13868600,496.5016571044922,474.4719189453125,494.9339977014267,65.0290471624253,9.557403405309685,10.447043464738437,509.1320477553357,483.87126645364873,6.376128265679625,-0.00939111595220199,-0.009435490517924396,0.007318751104758362
2025-07-23,501.861328125,502.7740510878013,496.7323137246232,502.7343595827018,16396600,497.2834136962891,475.82002990722657,495.5937434560527,65.5666554707507,8.98861904878953,10.155358581548656,509.18763102517596,485.3791963674022,6.352243201215229,0.001187483817070456,0.0011867793158299464,0.007158478165865156
2025-07-24,506.8316650390625,509.5995345886751,503.28001689239056,504.7383694588984,16107000,498.20654144287107,477.0589990234375,496.6640217020536,69.74860176432179,8.837049987124374,9.8916968626638,510.0658243011804,486.34725858456176,6.45124057710522,0.009903805365183427,0.009855084104650864,0.007373874179915152
2025-07-25,509.6392517089844,514.1829150146133,506.3157616392057,508.409026924469,19125700,499.01309967041016,478.3564959716797,497.89975789318987,71.8298345895555,8.841559203225188,9.681669330776078,511.65298588384184,486.3732134569785,6.55237720555539,0.005539485520711374,0.005524198997792547,0.007147277750774634
2025-07-28,508.4388122558594,510.91900158393673,506.07766717141,510.0063088656235,14308000,499.83453979492185,479.55472473144533,498.90347735630127,69.62423130691572,8.648572003587901,9.475049865338443,512.6808554489008,486.9882241409428,6.430159863196201,-0.002355468989289067,-0.002358247470310243,0.007125478098384392
2025-07-29,508.50823974609375,513.5182098314434,507.5062336187249,511.4448055642593,16469200,500.58653259277344,480.7341040039062,499.8182166315196,69.68221366985713,8.404350356328564,9.260909963536466,513.6136918732915,487.5593733122554,6.400289602447797,0.0001365503351844488,0.000136541013036048,0.007126452414235786
2025-07-30,509.1729736328125,511.8615208479224,505.40309770511885,511.0876726596135,26380400,501.6376388549805,481.90415832519534,500.709145869738,70.26741108006877,8.170259742102019,9.042779919249577,513.8484425567918,489.4268351531691,6.404441998187494,0.001307223432703175,0.0013063697600312976,0.006514540846280845
2025-07-31,529.2723999023438,551.0484742016899,527.6851029610986,550.8301860551579,51617300,503.7413360595703,483.38492980957034,503.4294557776052,81.74267332777316,9.497120077333307,9.133647950866322,519.3118068797033,488.1708652394373,8.93808903895106,0.03947465264333894,0.03871544383713945,0.010509325066917442
2025-08-01,519.956787109375,531.5541546097426,516.7325410439772,530.7605061500977,28977600,504.9948226928711,484.69327880859373,505.0034873330119,68.53937378239337,9.685327922564511,9.24398394520596,521.5194454287475,488.47019995699463,9.358340790866366,-0.017600790811475475,-0.017757526568690802,0.011201549006709124
2025-08-04,531.3955078125,533.9848111754816,523.9450087012631,524.0839138486996,25349000,506.87579956054685,486.34151428222657,507.5170130929631,74.07643237876626,10.634900644603931,9.522167285085555,526.1925686103677,487.5590305107259,9.691889596240669,0.02199936799886193,0.021760873384904587,0.011944512883810633
2025-08-05,523.5679321289062,533.0422426180032,523.0619638515897,532.9231983823397,19171600,508.41996307373046,487.78776184082034,509.0456720487672,65.57166445523089,10.6332504361759,9.744383915303624,527.8891074519717,488.95081869548926,9.712488822681589,-0.014730225544841602,-0.01483979261347463,0.012584003078920512
2025-08-06,520.7802124023438,527.4866537198485,519.8774501718309,526.6930052823053,21355700,509.4829696655273,489.27111267089845,510.16324732053636,62.806057505388246,10.288398694277987,9.853186871098497,529.2121668546744,489.7537724763802,9.562254160205592,-0.00532446613990889,-0.005338691627633824,0.012451964717064883
2025-08-07,516.7127075195312,523.9052559727172,513.4487398823029,522.6254396329194,16079100,510.44329833984375,490.46457946777343,510.7870054347264,58.902406813568895,9.576495672859892,9.797848631450776,529.6088194810017,491.2777771986858,9.626130012363358,-0.007810405975390733,-0.007841066950261004,0.012578859061292039
2025-08-08,517.9031982421875,520.502431840537,515.2940341981842,518.4587582353118,15531000,511.3718795776367,491.74792846679685,511.464738083056,59.692071134173595,9.004570962469415,9.639193097654504,530.0882917236116,492.6554674316618,9.310577700219747,0.0023039702823861585,0.0023013202125293387,0.012572855805255937
2025-08-11,517.6353759765625,523.4092640243366,515.6015722772428,518.1611446296885,20194400,512.3019515991211,492.9997302246094,512.0524178824376,59.415484545616046,8.432500869464434,9.39785465201649,530.3087628827448,494.2951403154975,9.203228703567897,-0.0005171280396297773,-0.0005172617964493853,0.012572042711057121
2025-08-12,525.0462036132812,526.7724058726347,518.5580494708657,519.5997169841131,18667000,513.4636749267578,494.3664154052734,513.289921285375,64.3393725520807,8.479378062552428,9.214159334123677,531.6108818719368,495.31646798157874,9.198500217318209,0.014316694686365983,0.014215178582476768,0.012855211915379444
2025-08-13,516.454833984375,528.4787877679453,515.2544004746543,527.8934364066101,19619200,514.2057510375977,495.5293273925781,513.5913415424227,55.87583031113539,7.734122695713722,8.918152006441687,531.5499603650575,496.8615417101379,9.486063579887693,-0.016363073515781812,-0.016498427168886404,0.013513248109458215
2025-08-14,518.3397216796875,521.7822560401938,516.0182983192124,518.4191046945965,20269100,514.7404800415039,496.7100958251953,514.0435682221622,57.20587803231689,7.212456424503614,8.577012890054073,531.9011175641533,497.57984251885455,9.220198875680106,0.0036496660913614143,0.0036430222204388717,0.013299469045609405
2025-08-15,516.0480346679688,521.9310366989816,514.9667059909838,518.6274679925785,25213300,515.2424713134766,497.8271728515625,514.2344697884295,55.033803547786164,6.538737659236062,8.16935784389047,531.9329155360005,498.5520270909527,9.059065435131375,-0.004421206625439544,-0.0044310090625219204,0.013322743411066101
2025-08-18,513.0023803710938,518.6770855269226,509.94683045407294,517.4568516493948,23760600,515.591682434082,498.8077410888672,514.1171279391594,52.197245782096566,5.693421615367072,7.674170598185791,531.7802322404057,499.40313262775845,9.035578980682683,-0.005901881399150377,-0.005919366331114072,0.013412720655122161
2025-08-19,505.73040771484375,511.0776798784135,504.5200741760794,510.9189744125155,21481000,515.8148986816407,499.5892980957031,513.3183926797008,46.08900994989847,4.386154285166299,7.016567335581893,531.3156802584971,500.3141171047843,8.996059495992089,-0.014175319519939888,-0.014276749033120633,0.013644146230710846
2025-08-20,501.7125244140625,506.9506829011106,500.4426687285887,505.8296325155463,27723000,515.8074584960938,500.24347229003905,512.2130718924972,43.08873072752029,2.991442418021734,6.211542352069862,531.3351426057318,500.2797743864557,8.818341972887074,-0.007944713704157391,-0.007976441097175855,0.013773215286626615
2025-08-21,501.0666198730469,504.43529989468334,499.5561967172581,500.5200933584279,18443300,515.519206237793,500.9210382080078,511.1515050335019,42.60853684929942,1.8131037847303446,5.331854638601959,531.8936408044133,499.1447716711727,8.536967773211229,-0.0012873996752821304,-0.0012882290861760551,0.01357881757476614
2025-08-22,504.037841796875,507.5158151187978,499.2481684011306,501.0765850227361,24324200,515.2391357421875,501.6242980957031,510.4740132966803,45.61124728782428,1.1062624017478697,4.486736191231142,532.1878207141657,498.2904507702093,8.517730554958082,0.005929794175035807,0.0059122821399642455,0.013588209215016776
2025-08-25,501.0865173339844,504.9917771303553,500.9473838488724,503.44159720621536,21638600,514.8715209960938,502.14452270507815,509.5799660621378,43.1938152509248,0.3044290259982745,3.6502747581845685,532.6908307899964,497.052211202191,8.198206463995566,-0.0058553628679332,-0.005872572717918165,0.01363627878663097
2025-08-26,498.8804626464844,501.8019624337255,495.37267961289456,501.185838877316,30835700,514.3901321411133,502.6982061767578,508.5609657368375,41.426380793687116,-0.5032388534465895,2.8195720358583367,533.3544507523127,495.425813529914,8.071854775198094,-0.004402542497525697,-0.004412262225915996,0.013660413478952933
2025-08-27,503.5509033203125,504.09746017877256,496.75395340313815,498.8407434548062,17277900,514.1090286254882,503.2623614501953,508.08381693526366,46.424580455355866,-0.7577213963706981,2.10411334941253,533.5353852408416,494.68267201013487,8.019829918086403,0.009361843214007903,0.009318292757191949,0.01384538639153543
2025-08-28,506.4326477050781,507.8735040841052,502.3186878124423,503.8986776721373,18015600,512.967041015625,503.9059771728516,507.92656272286507,49.29937701331353,-0.7185845614567938,1.5395737672386651,531.3509086079912,494.5831734232588,7.843757514770439,0.005722846222226963,0.005706532947103561,0.010332267033383333
2025-08-29,503.501220703125,506.39291066950057,501.3150539612025,505.4588240002719,20961600,512.1442626953125,504.44731201171874,507.50510157812795,46.562316342135865,-0.9135788298543162,1.0489432478200689,530.6755274050628,493.61299798556223,7.649031531135093,-0.005788384724478179,-0.005805202352673754,0.009722336774842608
2025-09-02,501.9410705566406,502.81553721257154,493.6833711758906,497.32034095368414,18128000,510.67154083251955,505.01379455566405,506.9751938617958,45.126347001505245,-1.180397384245964,0.6030751214068623,527.4474482969033,493.8956333681358,7.803947102285043,-0.003098602510448023,-0.00310341311922011,0.007985795598318924
2025-09-03,502.1696166992188,504.5942631342584,499.158687032213,500.619436889999,16345100,509.6016250610352,505.41421081542967,506.51751984631227,45.39202698122768,-1.3577598370337682,0.21090812971873618,525.6654151904243,493.5378349316461,7.634777745125072,0.00045532465061026706,0.0004552210217968493,0.007500640623221283
2025-09-04,504.7731628417969,504.95202275876863,499.983489561643,501.1262461318779,15509500,508.8012725830078,505.7851501464844,506.351390607787,48.453764640591146,-1.273555686538998,-0.08598463353281069,524.1359960384793,493.46654912753627,7.444331705982253,0.005184595116867641,0.005171201377734838,0.007626773500377276
2025-09-05,491.8847961425781,508.7479993566889,489.27134277765646,505.8662561110588,31994800,507.5598770141602,505.8554638671875,504.9736197063385,37.3036262176231,-2.2212021351027715,-0.5130281338468029,524.1039021018867,491.01585192643364,8.303783482628697,-0.02553298718707464,-0.02586461097900745,0.0092511963277615
2025-09-08,495.0646667480469,498.04578670760833,491.9146033142146,494.975206462802,16771000,506.41795043945314,505.8865954589844,504.0299099007869,40.916205287372485,-2.684682442400515,-0.9473589955575453,523.100815241665,489.73508563724124,8.150726845657376,0.006464665365560673,0.006443859038900876,0.009408419569603574
2025-09-09,495.2733154296875,499.0891451753406,494.5677922273047,498.2742984765216,14410500,505.2998474121094,505.9518615722656,503.19594852258695,41.155795742751735,-3.000569028301811,-1.3580010021063986,521.8223112493802,488.77738357483867,7.891485852970127,0.0004214574290086759,0.0004213686407725411,0.009419643027479968
2025-09-10,497.2209777832031,500.06299449245154,493.5939546766565,499.8145678368591,21611800,503.9085861206055,506.02691345214845,502.62690369026467,43.46060504140545,-3.058494923205558,-1.6980997863262306,518.0620058338915,489.7551664073195,7.789882564600478,0.003932500081951451,0.0039247880153606115,0.008723960551671111
2025-09-11,497.8569641113281,500.0033740526988,494.7466575341409,499.0891506177463,18881600,502.97869262695315,506.2210357666016,502.1726237303659,44.22878016653586,-3.0182898639981204,-1.9621378018606086,516.12035312474,489.83703212916635,7.6089421327402915,0.0012790818500065804,0.0012782645216960395,0.008140263393339807
2025-09-12,506.6910095214844,509.3243260516039,500.67909648146514,503.4614629424367,23624900,502.396257019043,506.6108868408203,502.6029461866629,53.64906642496167,-2.24768353288016,-2.0192469480645188,513.6617056263084,491.13080841177765,7.884543547564256,0.017744143492950837,0.017588554017360425,0.009180543452486421
2025-09-15,512.1166381835938,512.2259313574772,503.80926524972944,505.5880086221314,17143800,502.1996871948242,506.955478515625,503.5090120911325,58.30698971622457,-1.185503824253317,-1.8524983233022785,512.6101976982267,491.7891766914218,7.922552301863076,0.010707963157335909,0.010651038921044187,0.009509511205654712
2025-09-16,505.83642578125,513.9748550906477,505.3991924428879,513.6270820344445,19711900,501.84138946533204,507.1966876220703,503.7306705378104,51.816056341923094,-0.840787334498998,-1.6501561255416224,511.17791759021287,492.5048613404512,7.969203040855697,-0.012263246171065223,-0.0123390602296241,0.009807092004144376
2025-09-17,506.8102416992188,508.07226852063866,502.74598524416496,507.4064717390096,15816600,501.89538116455077,507.47919921875,504.0239630293731,52.69543675611169,-0.48344536947467986,-1.416813974328234,511.3331829704686,492.4575793586329,7.780423057685554,0.001925159732150128,0.0019233089870922067,0.009286011910457637
2025-09-18,505.2501220703125,509.8410416118245,504.4650853819943,508.270968235188,18913700,502.07226104736327,507.59380004882814,504.14074008089113,51.086832771748306,-0.32242123200961714,-1.1979354258645107,511.62166558098363,492.5228565137429,7.608675427124457,-0.0030783111716045086,-0.003083058917301737,0.00912516815306317
2025-09-19,514.6704711914062,516.0318444319288,507.09843147001845,507.34685812925306,52474100,502.75245361328126,507.9370867919922,505.14357161522594,59.18815864598246,0.5588924378524212,-0.8465698531211244,513.7470521130996,491.757855113463,7.835321636731017,0.018644922009108944,0.018473236213084644,0.009980570322486938
2025-09-22,511.21240234375,514.48167541423,509.3143886623668,512.3452424901319,20009300,503.111181640625,508.1747033691406,505.721555494133,55.550911381545866,0.967153867271918,-0.48382510904251597,514.7021330653238,491.52023021592623,7.658233129038761,-0.006718996020213086,-0.006741670095727397,0.010077889525496177
2025-09-23,506.0252380371094,511.35152134239047,504.1173079645634,510.56645428814153,19799600,503.3581176757813,508.3145294189453,505.75047764108314,50.53435417452411,0.8622042291959815,-0.2146192413948165,514.9764108866343,491.7398244649283,7.627946003952212,-0.010146788855002531,-0.010198618417527087,0.01026990283138882
2025-09-24,506.9394226074219,509.2547456727144,503.72976965544393,507.1679860456216,13533700,503.7610656738281,508.4170831298828,505.8637104950202,51.367893751907594,0.8430794445267225,-0.0030795042105087045,515.2888815496666,492.23324979798963,7.477733862046374,0.001806598765426548,0.001804968828676149,0.010206257011029864
2025-09-25,503.8390808105469,506.8003375404676,501.8616142840625,505.10107733704126,15786500,503.77547454833984,508.4615985107422,505.67088862030846,48.38981049612419,0.5711671827755254,0.11176983318669811,515.3029240508934,492.2480250457864,7.306310609283016,-0.006115803306297463,-0.006134581432704233,0.010113346673338382
2025-09-26,508.2411804199219,510.70558375978015,503.4316440082871,506.849997214163,16213100,503.865901184082,508.47351928710935,505.91567831550975,52.592498205112015,0.7027861239430422,0.22997309133796695,515.5031592837132,492.2286430844508,7.303998405155162,0.008737114243486443,0.008699166536281246,0.010223764102870318
2025-09-29,511.3614196777344,513.5972596483151,505.677446731691,508.2809533120173,17617800,504.2589111328125,508.58058349609377,506.43432035000734,55.36685234165616,1.046805393299394,0.39333955173025237,516.3426982016633,492.17512406396173,7.347985155974372,0.006139288546501698,0.0061205198928544705,0.010202203553603182
2025-09-30,514.6903686523438,514.8990082310244,506.45253207823936,510.0099885223437,19728200,504.89637603759763,508.75402770996095,507.22061066451556,58.178848589975466,1.5699639368573344,0.6286644287556689,517.744763022548,492.0479890526473,7.426448798603703,0.006509972881230119,0.0064888745247557375,0.010233931352827711
2025-10-01,516.4392700195312,517.2342231556227,508.4697238165545,511.56013673304216,22632300,505.60985870361327,509.05749145507815,508.0985782221361,59.61826054650469,2.1014681591145177,0.9232251748274387,519.3286580335097,491.89105937371687,7.522023837208307,0.00339796793121816,0.003392207882805762,0.010242224936301107
2025-10-02,512.4942626953125,518.3173691617891,507.4661094259624,514.3823296081488,21222900,505.99591369628905,509.27015014648435,508.51721483862906,55.01820850369198,2.179239052009507,1.1744279502638524,520.0297404336987,491.96208695887935,7.759826401395336,-0.007638860081398469,-0.007668185610937748,0.010396479114221289
2025-10-03,514.0940551757812,517.2143082734997,511.7588690628015,513.8456285403139,15112300,507.1063766479492,509.41539794921874,509.04834248978636,56.48452491213637,2.342954803551436,1.4081333209213691,519.9635548916012,494.2491984042972,7.595227316345538,0.0031215812486466987,0.003116719229398485,0.008347516505055526
2025-10-06,525.2435302734375,527.6880704621805,514.9387971845453,515.3461902238155,21388600,508.6153198242188,509.7274835205078,510.5907413263246,65.03831765228213,3.333938607523521,1.7932943782417996,522.5074077600342,494.7232318884034,8.023712171349372,0.02168761724708901,0.02145578678755221,0.009382535634322732
2025-10-07,520.682373046875,526.4657528279373,518.1583800775612,524.9652461341774,14615200,509.8857727050781,509.9723547363281,511.5518491092341,59.8548582134243,3.7085038192569755,2.176336266444835,523.3042243135699,496.4673210965863,8.043973641279852,-0.008683890354990176,-0.008721815046370006,0.009728989718873893
2025-10-08,521.5469360351562,523.6337564909833,519.798063194055,519.9868698926625,13363400,511.1020706176758,510.2331286621094,512.5037621497981,60.497517918483446,4.028672427865445,2.5468034987289574,524.1118539010437,498.0922873343079,7.743382188111883,0.001660442206295798,0.0016590651962219399,0.009725254019903833
2025-10-09,519.1123657226562,521.0302122328587,514.1438325922749,519.0527457511332,18343600,512.1648406982422,510.4319165039062,513.1331529662608,57.69654907486502,4.039395245261062,2.845321848035378,524.1014623461158,500.2282190503686,7.719076563452561,-0.00466797932130103,-0.004678908361057399,0.009852565871669697
2025-10-10,507.7443237304688,520.2849266906686,506.4227072751714,516.3697201998212,24133800,512.2175064086914,510.00135498046876,512.6199311342806,46.80049604871398,3.0949109661200396,2.8952396716523103,524.066028264113,500.36898455326985,8.157872481455753,-0.021899000568714966,-0.02214234287731193,0.010513324968999984
2025-10-13,510.8149108886719,513.1600441163425,508.45983088995337,513.1600441163425,14284200,512.1524200439453,509.8185174560547,512.4480244442226,49.57076656627852,2.564607888631258,2.8291133150481,524.0167339801866,500.2881061077041,7.962004474628465,0.006047506618376497,0.006029293841267811,0.01031695754806962
2025-10-14,510.337890625,512.0371506947121,502.815524609146,507.0189143190136,14684300,512.3774932861328,509.39736511230467,512.2470593185824,49.14263903699888,2.0818490702644112,2.6796604660913625,523.9204331203975,500.83455345186803,8.051977446838293,-0.0009338416978509345,-0.0009342779996549505,0.009915852433077094
2025-10-15,510.1988220214844,513.9351689053381,506.79041532984223,511.7192223799748,14694700,512.5469223022461,509.12998291015623,512.0519890998112,49.009744567591454,1.6688006593517457,2.477488504743439,523.8551095531247,501.23873505136754,7.987175741742403,-0.00027250299472236783,-0.0002725401304099781,0.009911284203143076
2025-10-16,508.3902282714844,513.597241245564,504.93214864922606,509.3541552294708,15559600,512.7039276123047,508.8821832275391,511.70324997330385,47.22127022919376,1.181894275766581,2.2183696589480677,523.6849775875808,501.7228776370286,8.03559837421351,-0.003544880293596342,-0.003551178269864027,0.009920397071708472
2025-10-17,510.3478698730469,512.235876086287,504.1173098719632,505.8364332653001,19867800,512.4877975463867,508.75488647460935,511.57416615423176,49.37476665523618,0.9431111767772222,1.9633179625138988,523.475670526285,501.4999245664884,8.041524648507105,0.0038506672486968707,0.003843272406871184,0.008993188364714721
2025-10-20,513.5376586914062,515.4356724346321,510.1988187679518,511.3713853844849,14665600,512.6040603637696,508.6675756835937,511.76116544348645,52.75723658149468,0.9997387835717859,1.7706021267254763,523.5846978476199,501.6234228799193,7.841191006948047,0.006250224614737565,0.006230772970226132,0.008979863444626186
2025-10-21,514.4021606445312,515.4257076122852,509.81124074780416,514.2431942660954,15586200,513.0229064941407,508.6029113769531,512.0126887959669,53.66089291712323,1.101675226368684,1.6368167466541181,523.5994429551383,502.446370033143,7.68213928248612,0.0016834246495727179,0.0016820092785216976,0.008641160549844576
2025-10-22,517.2639770507812,521.9244631183706,514.4518312300626,517.870184130928,18962700,513.5391342163086,508.4472668457031,512.5128114869016,56.619090201905586,1.3972783039718024,1.5889090581176553,523.8828637139105,503.19540471870675,7.670722367582777,0.005563383331563365,0.005547964873942636,0.008703501192531772
2025-10-23,517.283935546875,520.6526156742948,515.3461954332505,519.1720024577996,14023500,514.211376953125,508.46384887695314,512.967204254518,56.63987954089067,1.6145448880618005,1.5940362241064845,523.6544484299753,504.7683054762746,7.501843644258599,3.858474005391521e-05,3.858399568198024e-05,0.008544355871080874
2025-10-24,520.3147583007812,522.0437982801024,517.4330452189278,519.4999115166443,15532400,514.815055847168,508.503349609375,513.6669713065431,59.79111910051402,2.008143657810706,1.6768577108473288,524.197778774678,505.432332919658,7.305987864899224,0.0058591085971035906,0.0058420107731584105,0.008436999530044526
2025-10-27,528.1749877929688,531.2157277722118,525.6807743511338,528.4333612309177,18734700,515.6557342529297,508.745888671875,515.0486871623932,66.57556501757122,2.920660788383202,1.9256183263545035,526.5424493023781,504.7690192034814,7.5627722653657505,0.015106681805177047,0.014993712197358728,0.008936334460113072
2025-10-28,538.6585083007812,550.2351530342114,537.3667019364588,546.5385938392855,29986700,516.8541412353516,509.25901123046873,517.2972415565254,73.09587057991367,4.438604212806808,2.4282155036449646,531.633010746128,502.0752717245752,8.598300335071244,0.019848574336355673,0.019654159742433237,0.009775895632524461
2025-10-29,538.1417846679688,542.8321112501552,533.3521116884923,541.5104645203966,36023000,517.9392669677734,509.90723876953126,519.2824361385676,72.34673799585121,5.536073623480547,3.049787127612081,535.3835589153878,500.494975020159,8.661278851256363,-0.0009592786985627155,-0.0009597391008330833,0.00979922000976364
2025-10-30,522.4512329101562,531.6032326010347,518.834126044735,527.1414993194383,41023100,518.4371154785156,510.32201293945315,519.5842263072904,54.18650052930177,5.081157225254401,3.456061147140545,535.7995422104742,501.074688746557,9.42173454925475,-0.029156910325210172,-0.029590420376358836,0.011884798424296532
2025-10-31,514.5512084960938,525.9887810857076,511.8582417946861,525.5515477587454,34006400,518.4599731445312,510.5917047119141,519.1048912776525,47.694931241031576,4.036634940334238,3.572175905779284,535.8006591801993,501.11928710886303,9.758077745095235,-0.015121075262963357,-0.015236564413907323,0.01240450288107369
2025-11-03,513.776123046875,521.6562086548496,511.3514766558802,516.5385956979154,22374700,517.8866027832031,510.7864703369141,518.597389541388,47.098756099055706,3.1104453087316415,3.479829786369756,535.049607729478,500.7235978369282,9.797124477514817,-0.0015063329682659665,-0.0015074686283697196,0.01131846872993084
2025-11-04,511.0931091308594,512.3054020147877,504.6439329711485,508.53927600780713,20958700,517.4071395874023,510.9866021728516,517.8826961689567,45.001799038891285,2.135321891141757,3.2109282073241565,534.7656027650222,500.04867640978233,9.749629163101364,-0.005222145980829929,-0.00523582904257145,0.011221506363065228
2025-11-05,503.96826171875,511.5900049686576,503.39189488693165,510.06960470137113,23024300,516.528205871582,511.0883581542969,516.5575119356037,39.91906083410124,0.7786382588316201,2.7244702176256497,534.7193919442248,498.3370197989393,9.638806371574548,-0.01394040984865863,-0.014038489946731849,0.01157316200898209
2025-11-06,493.9715576171875,502.5174404542645,492.6896676102462,502.4776836990636,27406500,515.2711654663086,510.8967712402344,514.406468667183,34.099595958008365,-1.090621760440058,1.9614518220125081,535.8872647111917,494.6550662214255,9.755934067069493,-0.01983597948702054,-0.02003535345157169,0.0122581397980922
2025-11-07,493.6933288574219,496.2372153715257,490.1457889557352,493.8225155697467,24019800,514.5686157226562,510.64198486328127,512.433788685301,33.951245696755976,-2.564907867367083,1.05617988413659,537.0372423105528,492.0999891347596,9.49418352054956,-0.0005632485423001654,-0.0005634072263488708,0.011368672139513862
2025-11-10,502.8155822753906,503.6602390221828,495.6608820179433,496.8930989278779,26101500,514.1686492919922,510.6282720947266,511.51776902721434,42.746105346988465,-2.9630444834135687,0.25233501062655816,537.1688229263384,491.16847565764596,9.5279497094218,0.018477570760538464,0.018308934606734578,0.012109442713466732
2025-11-11,505.4786682128906,506.3928916321033,499.1885187507047,501.6230817360039,17980000,513.9256881713867,510.69902404785154,510.9426165687073,45.04662721853201,-3.028768088055017,-0.4038856091097569,537.1838067243491,490.6675696184243,9.36197993599157,0.005296347271993351,0.005282370952023882,0.012183530581894137
2025-11-12,507.9231872558594,508.4498505213197,495.9788149582036,506.1543604609167,26574900,513.8119064331055,510.81409545898435,510.6550518722456,47.146011888196426,-2.850740696946957,-0.8932566266771971,537.1639168535406,490.4598960126703,9.584055337929039,0.004836047882319727,0.004824391767340633,0.012239927579572846
2025-11-13,500.1226196289063,510.2683558569415,498.13520636364063,507.09842927280135,25273100,513.3985260009765,510.72108459472656,509.6519630871657,41.674742941451136,-3.301040976753768,-1.3748134966925114,537.4033849460595,489.39366705589356,9.766133491884172,-0.015357770274471938,-0.015476922342647312,0.012689049834518979
2025-11-14,506.96923828125,508.3803150309122,494.30942559248354,495.0944623167857,28505700,513.2295944213868,511.0227734375,509.3964654866023,47.44017224908195,-3.070052631381202,-1.7138613236302498,537.3651480511138,489.0940407916597,10.073616059494494,0.013689880008674438,0.01359702013518903,0.013061768490080644
2025-11-17,504.2961730957031,508.8970396915909,501.73242330739504,505.2501533046029,19092800,512.7675201416016,511.2074035644531,508.9107233541357,45.547155972344356,-3.06732847096049,-1.984554753096298,537.2136470546899,488.3213932285134,9.865830368401735,-0.005272637832246407,-0.005286587242164504,0.013013972099095774
2025-11-18,490.6824035644531,499.8145698875434,483.7165104088928,492.2524466910109,33815100,511.58153228759767,511.11558532714844,507.17469289797543,37.36872644389916,-4.11623755607576,-2.4108913136921903,537.8303973530043,485.33266722219105,10.63110410543092,-0.026995583662036693,-0.027366657918495088,0.014244639116883152
2025-11-19,484.0543823242188,492.0736023312663,479.79137227085766,487.0156390818261,23245300,509.92105255126955,510.85225341796877,504.9727585576176,34.15334786611821,-5.419854772340557,-3.012684005421864,538.6101603576626,481.2319447448765,10.749041673643612,-0.013507762234974297,-0.013599822009596637,0.014331374396449789
2025-11-20,476.3088684082031,491.3817596467919,473.39186588492817,490.5255566668064,26802500,507.87229919433594,510.4212915039063,502.2428642576734,30.816349192345612,-6.997318319439955,-3.8096108682254823,539.8314719124891,475.91312647618275,11.266245394230765,-0.016001330013427628,-0.016130733570459316,0.014586294827318854
2025-11-21,470.0268249511719,476.796695003642,466.19388806310616,476.3785437287191,31769200,505.35790252685547,509.6880078125,499.1746700380066,28.39323947619509,-8.65461296038427,-4.77861128665724,540.735762620958,469.980042432753,11.218856933252557,-0.013189012159327329,-0.013276759568626431,0.014529304077341505
2025-11-24,471.8985290527344,474.7856658755464,465.9450303435204,472.8940955697233,34421000,502.54407958984376,508.88364562988284,496.57694232512347,30.155400783791578,-9.7051253808242,-5.763914105490632,539.1460555665913,465.9421036130962,11.048983976022088,0.0039821218751865395,0.003974214213768214,0.013920490219323834
2025-11-25,474.8752136230469,477.0256407210385,462.8288843313517,471.9681767111092,28019800,499.354914855957,508.26442138671877,494.5101110201638,32.98012189352865,-10.18012038404055,-6.647155361200616,533.869902834474,464.83992687743995,11.273824862712425,0.0063078911822160855,0.006288079705412228,0.012914402174491382
2025-11-26,483.3475036621094,486.1450429108074,479.0665801492176,484.1539100429923,25709100,496.6152008056641,507.79516662597655,493.44700555749193,40.37186180495628,-9.760402501574902,-7.269804789275473,526.8083035198715,466.4220980914566,11.273539464501573,0.017841087081432283,0.017683802879553616,0.01395814116613445
2025-11-28,489.8286743164063,490.4459206738112,484.4924221764412,485.4382224868377,14386700,494.98407287597655,507.48673767089844,493.10240258215043,45.338493606760956,-8.80331758418265,-7.576507348256909,522.8532747948631,467.11487095709003,10.975316432158733,0.013408925473271216,0.01331982147428266,0.013355080660473384
2025-12-01,484.5820007324219,487.68816317334665,482.5012705124726,486.2744758383938,23964000,493.485612487793,506.88496826171877,492.29093573931914,42.26912368942666,-8.371680084843547,-7.7355418955742365,520.1834952344936,466.7877297410923,10.714751244428372,-0.010711242234453855,-0.01076902054493605,0.013182034827246742
2025-12-02,487.82757568359375,491.312058367048,484.1638983253085,484.56211884124775,19562700,492.1881851196289,506.41727172851563,491.86585382925006,44.76041675782348,-7.679192531309525,-7.724272022721295,517.2900851353613,467.08628510389644,10.459994729950596,0.006697679538790746,0.006675349732992619,0.013354634322015745
2025-12-03,475.6119689941406,482.0930858950488,473.0931871020635,474.2082166599713,34615100,490.414128112793,505.80900634765624,490.3178647973349,38.09675771727247,-8.023597488453674,-7.784137115867772,514.9292505717879,465.8990056537981,10.765308576492,-0.025040828559835693,-0.025359684307076167,0.014270877046451786
2025-12-04,478.7081604003906,479.186043226252,474.3774403367437,477.6329620200481,22318200,489.151123046875,505.24438110351565,489.2121786642926,40.514057088046016,-7.955003795820744,-7.818310451858366,513.3435501770434,464.9586959167065,10.33982959885031,0.006509910616417036,0.006488812662661286,0.014215516169378528
2025-12-05,481.0178833007813,481.2568095233099,476.7568601661199,480.3807061976695,22608700,488.50343933105466,504.7879571533203,488.4317695820534,42.32345078845497,-7.626355585369822,-7.779919478560658,512.8381502093395,464.16872845276987,9.922695295874576,0.004824908141233264,0.004813305577848631,0.013689866512766971
2025-12-08,488.8430480957031,490.1173719905148,482.2325023858298,482.74025101921535,21965900,488.26092529296875,504.3999945068359,488.47093896430573,48.08488777812971,-6.657727965787728,-7.555481176006072,512.4803178835864,464.04153270235116,9.863894824007357,0.016267929045017837,0.01613702408097987,0.014239836914300717
2025-12-09,489.8385925292969,489.93815525049575,486.3342095719457,486.931555516862,14696100,487.61207580566406,503.9695379638672,488.6011916847811,48.785816156345774,-5.743543488896421,-7.193093638584142,510.91497591780217,464.30917569352596,9.416755599331836,0.0020365318428314794,0.002034460923044121,0.013550782095618623
2025-12-10,476.4382629394531,482.10303829287767,472.973680864489,481.88401246545567,35756200,486.16005554199216,503.2044958496094,487.44281751855937,40.80061177212025,-6.030820763582881,-6.960639063583891,508.4248146064074,463.89529647757695,9.948766746865841,-0.0273566227614912,-0.027737782748785963,0.01464721109277379
2025-12-11,481.3265075683594,483.8751552220924,473.750231167373,474.5168367702029,24669200,484.83022155761716,502.50224060058594,486.86031180901654,44.377188399808766,-5.797222808811,-6.727955812629313,504.7949784881716,464.86546462706275,9.961349411712527,0.010259974920459936,0.010207698642583593,0.014845903970563042
2025-12-12,476.4084167480469,480.31105063829824,474.2281237707076,477.6927059881058,21248100,483.6445114135742,501.7805236816406,485.86489323178137,41.650716133028915,-5.9404655842275815,-6.570457766948968,502.6282348789358,464.6607879482126,9.756851867851044,-0.010217785106327315,-0.010270345009627218,0.014656349196134951
2025-12-15,472.7148742675781,478.588710310573,470.4250531780871,477.97146396596463,23727700,481.9317932128906,500.95294006347655,484.6125104732858,39.67904815096298,-6.279636781822433,-6.512293569923662,498.171588747558,465.69199767822323,9.643052243896388,-0.007752890903315213,-0.007783100806013461,0.0142005037734686
2025-12-16,474.2779235839844,475.7712732838117,468.79234263095657,469.8177748762136,20705600,480.4308807373047,499.9336279296875,483.62826410287613,40.95291501051722,-6.349118694505933,-6.4796585948401155,493.3306192044611,467.5311422701483,9.452757844536299,0.0033065371992535564,0.0033010826256549314,0.01427021981966897
2025-12-17,474.0090942382813,477.8718969329872,472.8940646732686,474.7956002423544,24527200,479.5972152709961,499.00016235351563,482.71215268720044,40.79335137706653,-6.352646537496298,-6.454256183371353,491.87941313599043,467.3150174060018,9.13312030276361,-0.0005668181720784871,-0.0005669788742273877,0.013103998522625556
2025-12-18,481.8342590332031,487.4293375934554,475.7712630284666,476.0699208090834,28573500,479.4862091064453,498.2059088134766,482.62854376777216,47.237637718821,-5.658786014460873,-6.295162149589257,491.6447739992004,467.3276442136902,9.439343377935785,0.01650846975308906,0.016373686322174865,0.013389622419917884
2025-12-19,483.7656555175781,485.6870914455969,480.3508395546156,485.1992432324443,70836100,479.8590484619141,497.498974609375,482.73684012489656,48.72119684158882,-4.896603993221333,-6.015450518315673,492.0622569353444,467.65583998848376,9.14626541458189,0.004008424988813264,0.00400041265745044,0.012880289136823765
2025-12-22,482.7701110839844,486.5632169440421,480.5499868948874,483.9647726311972,16963000,480.4962127685547,496.99949035644534,482.7400087876668,47.97243061770134,-4.323067732044308,-5.6769739610614,491.88281528714026,469.10961024996914,8.922477174194233,-0.0020579063896725147,-0.002060026788581246,0.01247558193099097
2025-12-23,484.6915588378906,485.66719456773416,482.5908977144131,482.829854335465,14683600,481.1358642578125,496.4770233154297,482.9258706972119,49.582922642967134,-3.6711723478242675,-5.2758136384139735,491.94115247600746,470.33057603961754,8.504892865560437,0.003980047044735091,0.00397214761063837,0.012475559449869581
2025-12-24,485.8563232421875,486.9912835675863,482.680463867149,483.5267014178325,5855900,481.6849197387695,495.9873919677734,483.20496141578104,50.58156103358934,-3.0256757000404946,-4.8257860507392785,492.2757555473401,471.0940839301989,8.205316210908787,0.002403104372375564,0.002400221534646221,0.01242537262223422
2025-12-26,485.5477294921875,485.9559154032999,483.8054881161676,484.5521629916047,8842200,481.79493103027346,495.4943701171875,483.4280821849626,50.29730543312539,-2.510081238670921,-4.362645088325607,492.49767908695776,471.09218297358916,7.772824144924752,-0.000635154335217325,-0.0006353561311843441,0.011795241847883681
2025-12-29,484.9404296875,486.1848877649252,482.0333622504328,482.7103401528056,10893400,481.55051879882814,495.02537414550784,483.57211528044235,49.705307398968166,-2.125966118157862,-3.9153092942920584,491.7181386153026,471.38289898235365,7.514159957036727,-0.0012507520225100155,-0.0012515348656507654,0.011385717228863284
2025-12-30,485.3187561035156,487.5089841188462,483.3475235456682,483.7756098381124,13944500,481.5873565673828,494.5247918701172,483.7384620254969,50.09933809853801,-1.7706138040207406,-3.486370196237795,491.8038633373969,471.37084979736875,7.274681429618245,0.0007801502882722744,0.0007798461292190305,0.011127085945632845
2025-12-31,481.4758605957031,485.9758405710775,481.1572720274455,485.6771523949816,15601600,481.26977081298827,493.8835559082031,483.52297617504036,46.14470356162246,-1.7785817032086584,-3.144812497631968,491.0773182680272,471.4622233579493,7.099244794904942,-0.007918291760792395,-0.007949807912633325,0.011153336488067055
2026-01-02,470.84320068359375,482.5112407273309,468.07552715971417,482.24244872265706,25571600,481.0313323974609,493.0123767089844,482.3153785091883,37.35799933699045,-2.612745016607164,-3.038399001427007,491.58126624650515,470.4813985484167,7.623278278670071,-0.022083474546271464,-0.022330964886835367,0.01082702116801731
2026-01-05,470.7536010742188,473.95932625248497,467.41844739653146,471.9582279694173,25250300,480.6336044311523,492.0821691894531,481.214256848715,37.2935546966069,-3.2436644473213505,-3.079452090605876,492.066682786671,469.20052607563366,7.545964034190317,-0.00019029606723608428,-0.00019031417583005296,0.010703361077338753
2026-01-06,476.3885192871094,476.617480129593,467.6673473241013,471.69937935780575,23037700,480.4021362304687,491.26426086425784,480.7546627952288,43.85338976301749,-3.2515005604158205,-3.1138617845678653,491.9812374951535,468.82303496578396,7.646261803568988,0.011969994918853866,0.01189892113605483,0.011015085619630207
2026-01-07,481.3265075683594,487.5288974221053,475.8309917616744,477.63296458601815,25564200,480.02630920410155,490.4844958496094,480.80912420219363,48.89840323087974,-2.8266722327358593,-3.0564238742014647,490.9547901659537,469.0978282422494,7.93566493620198,0.010365464492384069,0.010312111434744248,0.010616132688418631
2026-01-08,475.9902648925781,480.5201105081445,473.7502403609407,479.1063927688648,18162600,479.3338928222656,489.44080139160155,480.3501852203255,44.26915739685771,-2.887299913302627,-3.0225990820216975,489.4093920295685,469.25839361496276,7.909993669860314,-0.011086533967845869,-0.011148447616020766,0.010839946078984603
2026-01-09,477.1550903320313,477.6927047258898,470.106493184136,471.9582322108041,18491000,479.3697341918945,488.2107330322266,480.0458904690594,45.48243990498329,-2.808975982242714,-2.979874462065901,489.4088102169028,469.3306581668862,7.886866374995564,0.0024471623168933476,0.002444172891270605,0.008967301747912453
2026-01-12,475.06439208984375,478.8574978399144,473.57104241242143,474.5566738594685,23519900,479.05662841796874,486.9491851806641,479.5714620519912,43.64580016291282,-2.8823793036410166,-2.9603754303809238,489.2218784516375,468.89137838429997,7.7011227358882355,-0.004381590565727289,-0.004391217865887455,0.008688688312021287
2026-01-13,468.5832824707031,473.6706125344443,463.88420753037366,472.57548334410274,28545800,478.6653717041016,485.871826171875,478.5249687585352,38.46087933946331,-3.4240529945410003,-3.053110943212939,489.7674242638266,467.5633191443765,7.949627151858368,-0.013642591882396693,-0.013736507182654508,0.008918538600015933
2026-01-14,457.3433532714844,466.12425727832346,455.1431597671445,464.3919508718589,28184300,477.89679565429685,484.7276690673828,476.5076720454827,31.477063599168233,-4.7060531956733485,-3.3836993937050215,492.20542048414416,463.58817082444955,8.341805405551245,-0.023987046955567637,-0.02427942109519256,0.010228224598160944
2026-01-15,454.6354064941406,462.191752665677,453.8787662235596,462.06232415810086,23225800,476.9146697998047,483.54485473632815,474.42459913583104,30.060827292679363,-5.872857618164346,-3.881531038596887,494.4211731018598,459.4081664977496,8.339746908163113,-0.005921036695894166,-0.005938635536979807,0.010203266082027453
2026-01-16,457.8211975097656,461.13645097900303,454.4562082505655,455.8001987238622,34246700,476.1052749633789,482.47941650390624,472.84332279049147,33.83261569689215,-6.465956299859158,-4.3984160908493415,495.4722788826558,456.738271044102,8.221210895325571,0.00700735351914572,0.0069829161120922465,0.010400378236277425
2026-01-20,452.5048522949219,454.77474258752966,447.28809381488645,449.2194951600843,26130000,474.63880462646483,481.4501483154297,470.90632560043724,30.84332221473403,-7.281044557073528,-4.974941784094179,496.34848997988706,452.9291192730426,8.386346095293685,-0.011612274057560046,-0.011680223052395683,0.009687872711893267
2026-01-21,442.1409912109375,450.6829681667298,436.7350728053031,450.5933708341933,37980500,472.5575714111328,480.41353698730467,468.1667699442944,26.0173095594928,-8.663418354387545,-5.712637098152853,498.02413783219856,447.09100499006706,8.913734194888335,-0.022903314807395048,-0.023169670533137062,0.010486071649011873
2026-01-22,449.1398620605469,450.8323067932568,442.7284117030413,445.6354487179439,25349400,470.8760589599609,479.5224676513672,466.35468347917555,33.575950787799,-9.089431850269989,-6.38799604857628,497.82146112278934,443.9306567971325,8.897847151133403,0.01582950006612327,0.015705520178247077,0.011420729267125776
2026-01-23,463.8841857910156,469.0113467802032,448.5325382185013,449.8665935761158,38000200,469.8356903076172,478.7438397216797,466.11939798506506,46.07519506422965,-8.143434469966508,-6.7390837328543265,496.16682930106276,443.50455131417164,9.725058680459723,0.03282791169509047,0.032300585451473816,0.013960050794424693
2026-01-26,468.1949768066406,472.1473767264207,459.9516880286902,463.2470104625561,29291200,468.95262298583987,477.9981658935547,466.3170721585484,49.091436135722645,-6.965584994465587,-6.7843839851765795,494.2392973687356,443.6659486029441,9.90153225312192,0.009292817361890027,0.009249904782276927,0.014160563621551093
2026-01-27,478.4493408203125,480.7291966391232,471.06225431764057,471.59986874099184,29213900,468.5977035522461,477.40868896484375,467.47252631681164,55.471846311313094,-5.145376623743573,-6.4565825128899785,493.1307434793187,444.0646636251735,10.089581365933395,0.021901909507044515,0.02166550821931283,0.015118637865793347
2026-01-28,479.4946594238281,481.5952899852128,475.8807484603396,481.0676409982362,36875400,468.3254150390625,476.9961297607422,468.6174913746227,56.07618780281329,-3.577263434735073,-5.880718697258998,492.2399560940932,444.41087398403175,9.77707852014338,0.0021848051911272925,0.0021824219748765978,0.015130699307310976
2026-01-29,431.57806396484375,440.5381621786467,419.1533835040837,438.0392806211351,128855300,465.6383804321289,475.4883062744141,465.08992685940564,33.57871443910852,-6.130324665889816,-5.930639890985162,493.12189345439594,438.1548674098618,13.388806905829169,-0.0999314476548332,-0.10528434928615048,0.02688819415566326
2026-01-30,428.3822937011719,437.65101486434605,424.5593222020372,437.2229285851671,58566800,462.9837020874023,473.97002868652345,461.5939617967167,32.63822046373535,-8.31565830488347,-6.407643573764824,493.88017864548056,432.0872255293241,13.367584459863432,-0.007404848694840482,-0.007432400683403792,0.026886000239021733
2026-02-02,421.4929809570313,428.8303011436502,420.3779513468908,428.332517897532,42219900,460.51619110107424,472.586240234375,457.77482076436576,30.645511564238817,-10.482623758842635,-7.222639610780387,496.04335628745264,424.98902591469584,13.016496269641715,-0.016082160363393494,-0.01621288172015577,0.02672377544035371
2026-02-03,409.3868713378906,420.178808008447,406.7486263222299,420.1390072256922,61424100,457.44785461425784,471.09289001464845,453.16644462851093,27.47146958378137,-13.026658158100076,-8.383443320244325,498.9978397681953,415.89786946032035,13.13991472429598,-0.028721972051949374,-0.029142520112481977,0.02720146807409367
2026-02-04,412.3536987304688,417.938812315792,407.4256323109538,409.17783910585314,45012400,454.2461135864258,469.81378662109375,449.27951644774504,29.401281442409697,-14.634725565995211,-9.633699769394504,499.1943449996819,409.2978821731697,12.952290815763282,0.007247001797792141,0.007220868463188918,0.027051927350352743
2026-02-05,391.9246520996094,406.4897635323938,390.5806313349955,405.6335909812077,66289200,449.7760208129883,468.2517431640625,443.81714841458927,24.55613779283162,-17.35749747645457,-11.178459310806517,500.4765134564949,399.0755281694817,13.582346285742572,-0.04954253276678544,-0.05081186583685922,0.02833421878146986
2026-02-06,399.3615417480469,400.0086538663787,391.1779842848308,397.4002746193236,53515300,445.94458465576173,466.80100341796873,439.5832811130138,29.13443095064693,-18.69966093888837,-12.682699636422887,499.6354308358293,392.25373847569415,13.242940806871525,0.018975304586217767,0.018797518997179397,0.029051993346858297
2026-02-09,411.7662963867188,413.0505856348112,399.0927243377603,403.0550898097971,45480500,442.6751449584961,465.5388250732422,436.93404447241426,36.10007904935634,-18.548558883420924,-13.855871485822494,496.32924046556917,389.02104945142304,13.294006556170057,0.031061465218646278,0.030588820346685523,0.030288460475603733
2026-02-10,411.437744140625,421.801594739736,410.8702943432265,417.75959730190846,44857900,439.49381256103516,464.1006298828125,434.50582539319623,35.999149244351415,-18.245003789698444,-14.733697946597685,492.6315659705814,386.3560591514889,13.12524183048002,-0.0007979095156084304,-0.0007982280148396279,0.03031467094570761
2026-02-11,402.5771789550781,414.61357304478975,399.2320904458023,414.33481566901673,42491000,436.1935073852539,462.35559997558596,431.46500192289926,33.29556827499789,-18.50608116651557,-15.488174590581263,489.89062924327146,382.4963855272363,13.286401885373406,-0.021535615805142183,-0.021770891178542195,0.03046068581804652
2026-02-12,400.0584106445313,404.3990960787573,396.24540458526855,403.20440420967,40802400,433.3292602539062,460.6651281738281,428.47389799162613,32.5472726189178,-18.700660843592402,-16.130671841183492,488.30426454137375,378.3542559664387,12.9197797145245,-0.006256609768801269,-0.006276264375389887,0.030200412599913667
2026-02-13,399.5407409667969,403.7420326637702,396.2852191820681,402.65686886295305,34091600,430.57452697753905,458.8993914794922,425.7183592273567,32.386172593735424,-18.681291951280002,-16.640795863202793,486.5159187041702,374.6331352509079,12.529567840751472,-0.001293985238056683,-0.0012948231598718092,0.030220532211580924
2026-02-17,395.1004943847656,398.7442713079252,392.7808378797226,397.4500470508712,32078800,427.43849182128906,457.2891619873047,422.80237209949087,30.970171272191024,-18.807432381780927,-17.074123166918422,483.9478328983866,370.92915074419153,12.11744892977453,-0.011113376251159934,-0.011175591191809244,0.030081741956924653
2026-02-18,397.8283386230469,400.77520665339193,394.5628820536712,396.3648548030424,23223400,424.7046661376953,455.6715655517578,420.4238927207819,32.91084930350422,-18.47432483246115,-17.354163500026967,481.3888629345141,368.0204693408765,11.695654334770685,0.006904178245914272,0.006880453544403101,0.030213528515964698
2026-02-19,397.5988464355469,403.5559453902056,395.8127368785549,399.82403795970674,28234000,422.4775588989258,454.0031848144531,418.2500787888548,32.82723433894968,-18.021116587040126,-17.4875541174296,479.74358849607603,365.21152930177556,11.413336775976399,-0.0005768623429248665,-0.0005770287920214309,0.029966316400518257
2026-02-20,396.37152099609375,399.2552593187824,394.3059873534157,395.2539159508346,34015200,419.8391418457031,452.15375427246096,416.1664066181156,32.353813993134295,-17.558576354748766,-17.501758564893432,476.81003378759857,362.8682499038077,10.951617860932853,-0.0030868435621884682,-0.0030916176909677397,0.029575182082378835
2026-02-23,383.6390686035156,394.50551684604494,382.27203437696886,394.14630950985264,43238300,415.82688598632814,450.02976379394534,413.06856490243945,27.864313898637477,-18.011783755583792,-17.603763603031503,471.10242869420046,360.5513432784558,11.17646562937514,-0.03212252071132937,-0.03264977069912112,0.02866255658381405
2026-02-24,388.1593017578125,388.5185091169527,380.8850482189813,383.3098196996745,33884700,411.8251022338867,448.2641845703125,410.69625412676066,31.498491082444758,-17.80100988631591,-17.643212859688386,462.77551130996875,360.87469315780464,10.923393862846302,0.01178251519260276,0.011713641833520843,0.02875165950702308
2026-02-25,399.7342224121094,400.6023372807383,389.31678308531696,389.68597856263057,43625500,407.88934631347655,446.6323388671875,409.6522511063177,39.85453454820628,-16.50965765863998,-17.416501819478704,448.82177267557563,366.9569199513775,11.031939695709124,0.0298200264733548,0.029384055394936336,0.029248637221145707
2026-02-26,400.851806640625,406.6093255926281,397.8782360341113,403.8353349281015,34405900,403.9572036743164,445.12120666503904,408.81411353815645,40.60784939853156,-15.220618195267093,-16.977325094636385,428.41242325527605,379.5019840933568,10.867593257338244,0.0027958182358562844,0.002791917205408831,0.029260728677328846
2026-02-27,391.8912048339844,395.9624042352165,389.0374004516944,390.03523926255787,51367200,401.9728607177734,443.5047332763672,407.20240794728295,36.644815594356814,-14.752038495487398,-16.532267774806588,423.39347176978214,380.5522496657647,10.935222752451983,-0.022353901512221608,-0.02260753692228252,0.020258843129328647
2026-03-02,397.6886291503906,400.3229381169724,389.78576315389057,392.0109241194205,35474900,400.43817749023435,441.9729473876953,406.2963337761504,40.678592077121785,-13.754330654231694,-15.976680350691609,418.1469568194131,382.7293981610556,10.906790767496972,0.014793453501622311,0.01468509769894799,0.020701216127423504
2026-03-03,403.0570068359375,405.82103971635513,391.8213629990231,392.2903484387299,38199200,399.51637878417966,440.55390563964846,405.9878264485111,44.22019080346156,-12.387659559765837,-15.258876192506456,414.4466405881437,384.58611698021565,11.12771119248519,0.013498946894749508,0.013408647831676312,0.020811784586836524
2026-03-04,404.32427978515625,410.14166638677375,399.4448336072076,400.4027502952161,35808000,399.263249206543,439.0037060546875,405.8293934329535,45.0541306730069,-11.07464294496441,-14.422029542998047,413.6783203808062,384.84817803227975,11.096934162990973,0.0031441531290252733,0.003139220615922468,0.019858408182354004
2026-03-05,409.79241943359375,410.7204021828405,403.525993165685,403.54596943015656,39001300,399.1351852416992,437.5242413330078,406.20682448063354,48.62338362651785,-9.483514594518454,-13.434326553302128,413.1219427940793,385.14842768931913,10.818182366859864,0.013524143668401711,0.013433508696627289,0.020034994047253007
2026-03-06,408.0761413574219,412.1572983375802,407.6271321747383,408.3156433731429,31123900,399.94275970458983,436.0303619384766,406.38485465937526,47.57869340216108,-8.265740894752412,-12.400609421592186,414.0356821265231,385.84983728265655,10.369038352287152,-0.004188164531066962,-0.004196959457124567,0.016379770910931513
2026-03-09,408.5251770019531,409.3234358422322,402.62794618065146,404.044890641513,30131900,400.4009414672852,434.5070343017578,406.5886948824779,47.894126224457835,-7.1816277065428835,-11.356813078582327,414.97608313900065,385.8257997955697,10.106642017236693,0.0011003722075924038,0.001099767241845775,0.015893775845004378
2026-03-10,404.8830871582031,409.3134939311744,402.05918625996463,409.1438479339772,31706400,400.05678100585936,432.88756958007815,406.42625605159463,45.5025234745045,-6.540946447400984,-10.39363975234606,413.84607527959673,386.267486732122,9.90290384966334,-0.008915215141642507,-0.00895519345973096,0.014390655586483496
2026-03-11,404.0049743652344,408.1260534422115,400.7220762180728,404.6934855668013,25512100,399.68514251708984,431.25671447753905,406.19565779575083,44.920109312246225,-6.034496379450843,-9.521811077767017,412.6004263965874,386.7698586375923,9.724409090697296,-0.0021688058128880305,-0.002171161078240015,0.014394190989076348
2026-03-12,400.9914855957031,405.2422886286942,400.8418158660113,403.7555185610488,27263900,399.6058578491211,429.57773559570313,405.7000223481273,42.891173402920636,-5.809328092678129,-8.779314480749239,412.4685148432957,386.7432008549465,9.344127924410556,-0.007459038776109095,-0.007486996517855703,0.013652609150413834
2026-03-13,394.6951293945313,403.9251383935716,393.3979511212616,400.1333630935344,26848000,399.3376937866211,427.76526306152346,404.6519373049277,38.93419963789691,-6.0689844527909145,-8.237248475157575,412.37388905504736,386.3014985181949,9.428632163546231,-0.015701969810700822,-0.015826551578985888,0.014034498248094742
2026-03-16,399.0856323242188,399.7641553863696,393.9367805641587,397.209690545171,27733700,399.3149383544922,426.1174584960938,404.1218130210507,42.8907045648651,-5.8530171570320135,-7.760402211532463,412.3512252952765,386.2786514137079,9.171399496307995,0.011123782896491852,0.011062368643045354,0.014273928379155146
2026-03-17,398.5467834472656,403.5259891234105,396.8903674487218,399.4049101655112,26228300,399.4872528076172,424.67153015136716,403.59085782354737,42.5265288452492,-5.660096056156931,-7.340340980457357,412.3865439864746,386.58796162875984,8.990272509049474,-0.0013502086602692476,-0.0013511210133195113,0.014037400844165498
2026-03-18,390.9432678222656,397.13983817793417,390.1549666521916,396.271723303423,25908500,399.14299926757815,423.0753234863281,402.38632544247287,37.66653597067112,-6.050992781327125,-7.082471340631312,412.5581849744276,385.7278135607287,8.94752567233694,-0.019078100591435554,-0.019262435829129988,0.014606998044401772
2026-03-19,388.1792297363281,391.6417315076428,386.2234742615233,389.2569126674818,25138800,398.67201843261716,421.3111376953125,401.0332687085544,36.05352367774652,-6.508786783329185,-6.967734429170887,412.90732252613043,384.4367143391039,8.695435070464269,-0.007070176962847952,-0.007095289098823652,0.01467446449517774
2026-03-20,381.0447082519531,386.1636263101853,379.2984903035221,385.95408868282834,50853200,397.90567779541016,419.30550170898437,399.1295962841162,32.218304505326344,-7.362418706348478,-7.046671284606406,414.07295109352185,381.73840449729846,8.708671096345823,-0.018379451907360234,-0.01855045253982266,0.015173612752846661
2026-03-23,382.1722717285156,386.3731646745857,380.85511716508233,383.07032058481127,29680100,397.8323379516602,417.4291418457031,397.5146129931066,33.42368199599581,-7.8573683549557245,-7.20881069867627,414.2688825000565,381.39579340326384,8.480769411571362,0.002959136952026542,0.0029547673243715392,0.013417221797794683
2026-03-24,371.9344177246094,381.6434000325674,371.04635704379217,381.53362193174286,42733600,397.02109375,415.32472839355466,395.07840391991635,28.472694467791356,-8.972301665658222,-7.561508892072661,416.5903159279086,377.45187157209136,8.669708359653654,-0.026788584000617788,-0.027153937768180758,0.014357542728561132
2026-03-25,370.2381286621094,376.2451074667104,368.831172255135,376.10542586510894,31181200,395.5462890625,413.228203125,392.7126634191728,27.73951216436464,-9.878892969164042,-8.024985707490938,418.2673693963148,372.82520872868525,8.580010277648064,-0.004560720873527657,-0.004571152690792659,0.012245724855921751
2026-03-26,365.1790771484375,373.9101668945663,364.4007640805619,370.01860155518807,36836600,393.7626525878906,411.16011901855467,390.0904171076743,25.620538392546436,-10.880176385033735,-8.596023842999497,419.8840205416137,367.6412846341675,8.646395458816375,-0.01366431796733969,-0.013758534009891197,0.012335174883413983
2026-03-27,355.9989318847656,361.6666793192034,355.73951450811694,361.1178497172151,37883400,391.96803894042966,409.1332305908203,386.8436089912068,22.292751065161397,-12.272986359981985,-9.331416346395995,422.8543234066581,361.0817544742012,8.703050257495246,-0.02513874928256188,-0.02546012506735926,0.012560077252294563
2026-03-30,358.1842041015625,364.5703662773937,355.51000344849933,361.1178525849577,44797000,389.9928176879883,407.20420654296873,384.11414185885974,24.796808342365594,-13.050032444313956,-10.075139565979587,424.0527801212957,355.9328552546809,8.728572584023755,0.00613842352061944,0.00611966014484149,0.011988612903463314
2026-03-31,369.3699951171875,372.0940755014272,362.28533367877645,363.7621155862403,45244400,388.30846710205077,405.4351824951172,382.7099374072719,36.14049258511248,-12.617797102366808,-10.583671073257031,422.9445530228298,353.67238118127176,9.098665356583822,0.031229157756083703,0.030751447801748214,0.01393727809899931
2026-04-01,368.57171630859375,373.1817267376728,367.4042619540212,372.682807332766,29417200,386.52083892822264,403.75651977539064,381.36344015977875,35.726322475208605,-12.199038980417185,-10.906744654689064,421.35591615157136,351.6857617048739,8.861436744231522,-0.0021611901863888283,-0.0021635289281511007,0.013839035865889502
2026-04-02,372.6528625488281,372.83249667260446,363.3629859357669,366.4163701688664,24099100,384.6638610839844,402.36675720214845,380.5338613396882,39.541000452378505,-11.406370222057149,-11.00666976816268,418.27695377461606,351.0507683933527,8.90487060084624,0.011072868751592857,0.01101201335750153,0.013680698404613187
2026-04-06,372.0741271972656,372.9222962461191,368.7014272663852,372.682794233078,16146600,382.86376037597654,400.8254425048828,379.7281723737432,39.18583041164798,-10.701513243158274,-10.9456384631618,415.0965364950203,350.6309842569328,8.570299056481073,-0.0015530146410365209,-0.0015542218182786648,0.013698059302545267
2026-04-07,371.48541259765625,371.645070458656,365.7677853538718,369.5396147715723,21443300,381.0117721557617,398.97746704101564,378.9431476331635,38.80399640464495,-10.074283290506514,-10.771367428630743,411.33377924387565,350.6897650676478,8.408587826974843,-0.0015822508381434508,-0.0015835039189674074,0.01365320645089172
2026-04-08,373.52099609375,384.167949815935,370.6073237610428,384.148004001906,33064800,379.44366760253905,397.0839874267578,378.42675224845743,40.94668296623016,-9.305674435714934,-10.47822883004758,407.8486445521049,351.03869065297323,8.77659055754037,0.005479578543501118,0.0054646202714657,0.013795339384701753
2026-04-09,372.26373291015625,372.6927962909368,366.2567237727329,371.6949574789129,30435300,377.85660552978516,394.9602752685547,377.8397980257621,40.01476472493782,-8.697734938079805,-10.122130051654025,404.0563457169206,351.6568653426497,8.668567826360135,-0.003365977272341003,-0.003371654917970858,0.013789879242789247
2026-04-10,370.0684814453125,374.8281921461914,369.23030048358606,372.17393720824543,28111100,376.3104553222656,392.77175170898437,377.0996726371479,38.372576956034706,-8.297429352363622,-9.757189911795946,400.434105631344,352.18680501318727,8.449233814663362,-0.005897032858082851,-0.0059144890165382935,0.01377362679708874
2026-04-13,383.539306640625,383.70895264062807,370.2181521550117,372.8025510733858,35745800,375.75266418457034,391.8109765625,377.7129711136695,51.52045552021858,-6.81464627843161,-9.168681185123079,398.6340537959867,352.871274573154,8.820036484709949,0.03640089840318694,0.03575403655529446,0.016149284328456876
2026-04-14,392.2604064941406,393.8370088930228,385.684652281273,387.0816509997633,37504500,375.4114028930664,391.0885388183594,379.09844114990483,57.79783205306709,-4.879561587994374,-8.310857265697338,397.06106303505896,353.7617427510738,8.925584039544797,0.022738477393367207,0.022483811465560243,0.01681502650471646
2026-04-15,410.3312683105469,413.47445440771634,395.8725939925935,397.1398382929036,45063400,376.0006271362305,390.8653045654297,382.07299611758503,67.25830920411383,-1.866311824229058,-7.021948177403683,400.58007539908454,351.42117887337645,9.803331459118434,0.046068533854630056,0.04503888343389864,0.019800733724410168
2026-04-16,419.3517456054688,419.9105328997013,411.2492993874727,418.9525857224824,41642400,377.4210510253906,391.0646020507813,385.62335321166915,70.77958466660635,1.2353471404153424,-5.370489113839878,407.87242625179266,346.9696757989886,9.787326682692434,0.021983402171766864,0.02174525111320211,0.01966753798800528
2026-04-17,421.8762817382813,430.64726300981,419.78081413338697,423.9018933176335,48568200,379.1059036254883,391.2550537109375,389.0760130713465,71.69700436043303,3.8527312954986996,-3.5258450319721626,414.995138303242,343.21666894773455,9.895054591381632,0.006020092104702002,0.006002043749179862,0.01950757804932944
2026-04-20,417.1664733886719,422.4150847565369,415.4002792280178,420.2398034863272,27582200,380.91199188232423,391.75989013671875,391.7512950063299,67.442751662689,5.483771419934271,-1.723921741590876,420.45891272393555,341.3650710407129,9.68932251546288,-0.011163956243767315,-0.011226740924225686,0.019128125655680863
2026-04-21,423.2433166503906,426.2567789178336,416.2983670043314,419.33177508554746,32048500,382.96554412841795,392.23752563476563,394.7505351629071,69.92258378431131,7.183921163148398,0.057646839356978674,426.61369633453876,339.31739192229713,9.708543186751404,0.014566950244961241,0.014461871447776973,0.019247909469888507
2026-04-22,431.984375,432.7626880248645,422.7543663498755,425.2689090952171,29378200,385.9680419921875,392.64188720703123,398.2966151473921,73.09688296959303,9.131371671753413,1.8723918058362659,434.189751038808,337.746332945567,9.72995593591123,0.020652560845584977,0.020442188268340603,0.017967061691182954
2026-04-23,414.8514709472656,422.7443793162959,410.5208543154444,418.9825380949446,38308000,388.19870910644534,392.71016174316406,399.8732680807134,59.77969139099749,9.186363380308364,3.3351861207306857,437.4205963035516,338.9768219093391,10.568067703671542,-0.039660934617680055,-0.04046886377167461,0.02072633476160079
2026-04-24,423.7023010253906,424.0316048781353,414.9013556123021,416.0688403922519,27457400,391.12487030029297,393.13266418457033,402.1426997897303,63.48111663720857,9.830809273524494,4.634310751289448,441.470325096611,340.7794155039749,10.468929577042834,0.021334937195510273,0.02111053357014146,0.020462665810335002
2026-04-27,423.9018859863281,426.1869149113369,416.1686352924954,421.46715688014,30867300,394.52001800537107,393.6095336914062,404.21500323702526,63.562549566832004,10.23960631753198,5.755369864537954,444.0846924059273,344.95534360481486,10.436740294314165,0.0004710499812119462,0.00047093907199736843,0.01905520848685508
2026-04-28,428.3222961425781,428.99086152362304,420.9881750222059,423.6524179624475,30438100,398.02692260742185,394.1851647949219,406.51093589469696,65.40266333695727,10.79582354319274,6.763460600268912,446.72932455973006,349.32452065511364,10.262879309107234,0.010427908679775388,0.010373913089718178,0.019046170026226834
2026-04-29,423.5426330566406,425.8975483734993,419.38166246548025,423.6623688360089,38288300,400.73555450439454,394.7540075683594,408.13300229107256,61.770248487975046,10.727293276747389,7.556227135564608,448.78286042492005,352.68824858386904,10.168433192535137,-0.011159034047451222,-0.01122176316871562,0.018817360454772787
2026-04-30,406.8987121582031,413.5243765293071,397.1498378648014,409.92216255995794,70909400,402.651904296875,394.9354150390625,408.0154508498469,51.122553778896446,9.223632930491817,7.88970829455005,448.4181410338847,356.8856675598653,11.32731619248543,-0.03929691983619443,-0.040089887405449304,0.021424033173626556
2026-05-01,413.5443115234375,416.2085240460113,409.5529563541748,411.9078412872606,31372400,404.6964767456055,395.2543243408203,408.5420090092365,54.495386976335446,8.470572119335998,8.00588105950724,448.5321668274695,360.86078666374146,11.18320874215134,0.01633231850252348,0.016200380815886175,0.02153221882429331
2026-05-04,412.72607421875,419.87060358807366,409.9121615309381,410.6505829404435,28066500,406.7290740966797,395.58141540527345,408.94049141014256,54.00128086952623,7.718763982366056,7.948457644079004,448.021849083258,365.4362991101014,11.095725407507357,-0.0019785964451384253,-0.0019805564528877612,0.021539702220528104
2026-05-05,410.4909362792969,415.8792597859335,407.916495085617,414.42242364358015,25700900,408.6793502807617,396.1184527587891,409.0881528262525,52.59833090769279,6.863475788916276,7.731461273046459,446.6831151411022,370.6755854204212,10.87194249985087,-0.005415548178495877,-0.005430265418195371,0.021622172843866663
2026-05-06,413.0653381347656,417.51572107575487,404.23445872829495,407.1182274562224,30285900,410.6565673828125,396.61657348632815,409.4669323794442,54.07816836287865,6.320527343328706,7.449274487102909,445.08437587752655,376.22875888809847,11.04403677468009,0.0062715193636264654,0.006251935224948011,0.021623384977554966
2026-05-07,419.8606262207031,427.05506598481406,417.8549909144547,419.2020489501835,34942400,413.03641204833986,397.0191015625,410.45680798337366,57.821257945883936,6.365185846167321,7.2324567589157915,442.7813334177075,383.2914906789722,11.254443280063542,0.016450879458010714,0.016317029709620266,0.021660999129821227
2026-05-08,414.2228393554688,417.7252633012779,413.105264767488,416.48795292910256,33383800,415.24412994384767,397.28652221679687,410.81547763785886,53.896127921604176,5.8778989876755645,6.961545204667747,437.52185837237,392.96640151532534,10.933080292431512,-0.013427757958591635,-0.013518725545446253,0.021946967210968765
2026-05-11,411.7681579589844,411.79809190456297,404.6236285818644,406.9885016374445,35657900,416.65557250976565,397.6840612792969,410.9062090970137,52.233530680015235,5.233321890417699,6.615900541817737,433.67631913198085,399.63482588755045,10.837803898229575,-0.005925992396517588,-0.005943620767689866,0.020863045882649974
2026-05-12,406.8887023925781,414.6020070114768,405.7611701670722,413.5842224333829,38594200,417.3869873046875,397.8680627441406,410.5235894108769,48.997837571796076,4.279428029543169,6.148606039362824,431.08441299566863,403.6895616137064,10.695163394384936,-0.01185000702966521,-0.011920778009659372,0.02063983049607325
2026-05-13,404.3342590332031,405.4318878236479,400.1633000811369,402.3286237155428,29667100,417.08713684082034,397.89360778808594,409.934129374908,47.344369284434514,3.279533619511369,5.574791555392534,431.62597924034475,402.5482944412959,10.411609031317527,-0.006277990380058274,-0.006297779830460884,0.017899136392969573
2026-05-14,408.5451354980469,410.94993067744383,400.013625877668,403.6058516736889,27077500,416.5468063354492,397.97802490234375,409.8018442437784,50.32053282491551,2.794677333981042,5.018768711110236,431.50600340329595,401.5876092676025,10.449087300493119,0.010414344989990054,0.010360489291041258,0.017308693800802265
2026-05-15,421.0081481933594,427.24464052002446,412.01761111071977,413.3746572242232,50771200,416.50339965820314,398.20233947753906,410.8691112865956,57.90429907112242,3.377156443986621,4.6904462576855135,431.4054160646129,401.6013832517934,11.038402852027724,0.030505840389261074,0.030049788861924314,0.01865681134628989
2026-05-18,422.6246643066406,424.2012362508279,414.7117792841577,415.7196062415453,32564100,416.77630920410155,398.4933099365234,411.9886877646951,58.78316837675816,3.923981460076334,4.537153298163678,431.91494247533086,401.63767593287224,10.927763860216471,0.00383963141857957,0.003832278848626929,0.01848242584317109
2026-05-19,416.5178833007813,431.7648588737268,415.58987007798993,428.9708919761278,33018700,416.4400375366211,398.6531640625,412.4200397205129,54.181116660537384,3.820537258994591,4.39383009032986,431.2850643978565,401.5950106753857,11.30256564132507,-0.014449655975185771,-0.014555068940400245,0.01848487941657698
2026-05-20,420.1499938964844,421.18775475321456,410.4110776678385,413.2749005432513,27864000,415.8483184814453,398.9585021972656,413.1562258325102,56.36900437161705,3.985693362545078,4.312202744772904,429.01652893515177,402.6801080277388,11.265002173042998,0.008720179231968883,0.008682378065394921,0.017946287057749682
2026-05-21,419.0899963378906,426.3399963378906,415.7099914550781,424.75,31393500,416.06024475097655,399.26020263671876,413.7213468330226,55.5355495066465,3.9851099533871093,4.246784186495745,429.293727650121,402.8267618518321,11.219645223740818,-0.0025229027109182622,-0.002526090592902171,0.015518007428619241
2026-05-22,418.5700073242188,424.3999938964844,416.3299865722656,419.5400085449219,22390300,415.80363006591796,399.61177307128906,414.18312402266037,55.10511446782591,3.897757902917647,4.176978929780125,428.6270945771234,402.9801655547125,10.99467108806067,-0.001240757398686676,-0.0012415277754475825,0.014733381678245406
2026-05-26,416.0299987792969,419.7699890136719,413.0199890136719,416.4299926757813,30398000,415.41003570556643,400.03847045898436,414.3590168566257,52.946383423482985,3.582279028990058,4.058038949622112,427.6866588062619,403.13341260487095,10.691480296056337,-0.006068300404893701,-0.006086787367367005,0.014783045314389787
2026-05-27,412.6700134277344,415.9400024414063,409.5799865722656,411.010009765625,28901500,414.6274215698242,400.3101580810547,414.19815938720745,50.147756386914985,3.0262522589336527,3.8516816114844206,425.41731432705933,403.8375288125891,10.388518289697402,-0.008076305462157207,-0.008109095484610435,0.01461935308483968
2026-05-28,426.989990234375,429.489990234375,412.6700134277344,412.9800109863281,47250500,414.79978942871094,400.8790222167969,415.4164289916996,59.88083487873983,3.6984658765538825,3.8210384644983133,426.2441489400047,403.35542991741715,10.847908183764774,0.034700793226276616,0.03411229625288361,0.016537786881722964
2026-05-29,450.239990234375,450.3299865722656,432.3599853515625,432.5499877929688,79654400,416.9668533325195,402.06495666503906,418.7329586338592,70.09099947815088,6.037682062705812,4.264367184139814,435.69930813676854,398.2343985282705,11.740200194773763,0.05445092515456418,0.0530201813564115,0.017884625842677675
2026-06-01,460.5199890136719,466.3200073242188,458.2699890136719,464.8399963378906,53628900,419.3156372070313,403.51177185058594,422.712675812889,73.32367188647406,8.621652685957315,5.135824284503315,445.8838529409069,392.74742147315567,12.050187115850195,0.022832265019252507,0.02257550971290651,0.018154162317372647
2026-06-02,441.30999755859375,453.5,440.4299926757813,446.8800048828125,37036800,420.7448333740234,404.7170776367187,424.48384931247995,60.224303045028876,9.015457671450633,5.911750961892779,448.7763440348199,392.71332271322694,12.624459203138793,-0.04171369737114239,-0.042608691140752344,0.020976106086091618
2026-06-03,427.3399963378906,440.3900146484375,424.25,438.4500122070313,39037000,421.5872863769531,405.62043212890626,424.7558633149,52.832337302090615,8.10683803083856,6.350768375681936,449.3469231803393,393.82764957356693,12.941283371385577,-0.03165575513355168,-0.032167630063060046,0.02234319730320454
2026-06-04,428.0499877929688,436.1499938964844,426.4100036621094,435.80999755859375,26899500,422.3365188598633,406.74274353027346,425.06958945566845,53.14708757565233,7.359208422435472,6.552456385032643,449.94413773132936,394.72889998839725,12.71261957588482,0.0016614205577818453,0.0016600419254277974,0.02232328442266833
2026-06-05,416.6700134277344,429.4700012207031,414.3999938964844,428.3399963378906,34782200,422.17698822021487,407.67138122558595,424.26962983396044,47.65765704994542,5.781788883326783,6.3983228846914715,449.87671145967204,394.4772649807577,12.88100441505153,-0.026585620113925734,-0.026945408848183364,0.02292497418064523
2026-06-08,411.739990234375,417.1600036621094,408.55999755859375,414.1400146484375,32086700,422.05284576416017,408.6025994873047,423.0763308244761,45.466701181294255,4.086751338591,5.936008575471377,449.91582318409354,394.1898683442268,12.575218821370395,-0.011831960627074034,-0.011902515359320368,0.022878999374801548
2026-06-09,403.4100036621094,411.9800109863281,398.4800109863281,409.0299987792969,35317300,421.6349380493164,409.5508209228516,421.20334728520305,41.9568862677065,2.0476574520379245,5.158338350784687,450.34039179855415,392.9294843000787,12.641274619843939,-0.020231181740505533,-0.02043863488144832,0.023292125748284633
2026-06-10,397.3599853515625,405.0400085449219,397.1600036621094,398.5499877929688,32576000,421.15850219726565,410.33433654785154,418.9325509105706,39.56781082884555,-0.055880899260046135,4.11549450077574,451.1161303235372,391.2008740709941,12.301183924341695,-0.014997194555478321,-0.015110789647077107,0.02338138854772689
2026-06-11,390.3399963378906,396.8500061035156,384.0,395.2099914550781,47224100,420.4587890625,410.7537365722656,416.2094504750773,36.93946989706359,-2.2633145613474426,2.839732688351104,452.5344202821703,388.3831578428297,12.37681259771461,-0.017666572560045224,-0.0178244891134849,0.02365565305998555
2026-06-12,390.739990234375,391.739990234375,382.2699890136719,391.4299926757813,34865800,419.5685317993164,411.19710205078127,413.7837875950104,37.19546537460397,-3.9350842756696807,1.484769295546947,453.83119746718637,385.30586613144646,12.16918321364236,0.0010247320290952544,0.0010242073496361669,0.023499499662386143
2026-06-15,399.760009765625,401.75,392.8500061035156,396.7999877929688,32266400,418.50612487792966,411.7392449951172,412.4481897064975,42.83146004141532,-4.480485379546963,0.2917183605281649,453.82575730468693,383.1864924511724,12.086385110212548,0.023084454513702557,0.022822039293822094,0.023013343949813903
2026-06-16,393.8299865722656,396.8399963378906,390.6900024414063,395.7900085449219,31506800,417.06639099121094,412.1743621826172,410.67502750323735,40.27273126652912,-5.329784557501739,-0.8325822230778158,453.9116754525075,380.2211065299144,11.87092955407013,-0.014833957996038927,-0.014945081454071895,0.02312811128768319
2026-06-17,378.9100036621094,390.3699951171875,377.3200073242188,390.25,41987800,415.18599700927734,412.32285400390623,407.6497871374156,34.66208738437895,-7.124649677706657,-2.090995714003584,455.61560580764547,374.7563882109092,12.202290246497038,-0.03788432424867805,-0.03862059048154452,0.024288822187337085
2026-06-18,379.3999938964844,381.3699951171875,373.2799987792969,377.8200073242188,59714200,413.1484970092773,412.44043395996096,404.9593306382793,34.982445721779655,-8.410602905008716,-3.3549171522046106,456.3821296732996,369.91486434525507,11.908554967310865,0.0012931572923366996,0.0012923218845768704,0.024133277363779824
2026-06-22,367.3399963378906,381.6300048828125,367.0700073242188,375.739990234375,45171100,410.56099700927734,412.34195922851563,401.37653689538513,30.958966947022148,-10.28431987802486,-4.740797697368661,458.04773023262425,363.07426378593044,12.097943723831067,-0.03178702623248908,-0.03230320168250443,0.0248632240143243
2026-06-23,373.9400024414063,377.2200012207031,370.6700134277344,372.3800048828125,40647600,408.3294967651367,412.4193896484375,398.7635336140538,35.34181917040479,-11.108635311554508,-6.014365220205831,458.23402620135084,358.42496732892255,11.93951952090117,0.01796702283800533,0.017807523534874782,0.025432419457692285
2026-06-24,365.4599914550781,378.8800048828125,364.7799987792969,371.5700073242188,44509900,405.8009963989258,412.05780334472655,395.5917676941514,32.488103694206885,-12.304340469935141,-7.272360270151694,458.9102060776064,352.6917867202452,12.093839991087917,-0.022677464114465584,-0.022938552570829874,0.02572774180375317
2026-06-25,352.8299865722656,364.2300109863281,349.20001220703125,362.7699890136719,66179000,402.80899505615236,411.2691949462891,391.51921711111464,28.762928831662677,-14.108447858521231,-8.639577787825601,460.57168857001335,345.04630154229136,12.391421366584984,-0.03455919985256439,-0.03517049422135125,0.026502152120684
2026-06-26,372.9700012207031,376.6099853515625,355.42999267578125,357.1499938964844,186201600,400.1079956054688,410.5219696044922,389.7526251215516,40.48241450614969,-13.754531420546357,-9.662568514369752,458.14657049240424,342.0694207185333,13.20489118177869,0.05708135763656941,0.05551167425391712,0.028753393681510264
2026-06-29,368.5700073242188,380.5,359.8999938964844,377.5,51229900,396.024496459961,409.5063348388672,387.73523295037705,38.97388713235684,-13.671496329310685,-10.464354077357939,450.77905679690537,341.2699361230166,13.73311367618847,-0.011797179081651232,-0.011867317971901626,0.02494381519338557
2026-06-30,373.0199890136719,374.1499938964844,367.4500122070313,371.0299987792969,44945700,391.649496459961,408.529208984375,386.33378114688134,41.35409725085433,-13.095655523864195,-10.990614366659191,438.50466840834036,344.7943245115816,13.23074710570737,0.012073640288203347,0.01200133530108292,0.024314191547141425
2026-07-01,384.2799987792969,388.8299865722656,374.8900146484375,380.8299865722656,48065800,388.79799652099615,407.8714794921875,386.138182826159,46.98834780022508,-11.59702556081362,-11.111896605490077,429.79204189400286,347.80395114798944,13.41497928091354,0.030186076074363744,0.029739442308022564,0.024721730908944972
2026-07-02,390.489990234375,392.2000122070313,383.7000122070313,384.4800109863281,42128900,386.95549621582035,407.2164129638672,386.5526406745605,49.849934466394494,-9.795341507182968,-10.848585585828655,423.9745176117725,349.9364748198682,13.06390933227686,0.01616006941502235,0.016030885383640066,0.024482728721456456
2026-07-06,386.739990234375,389.1499938964844,381.2200012207031,387.0400085449219,34224500,384.8899963378907,406.3115252685547,386.57048348978094,48.15933400005711,-8.571283157390496,-10.393125100141024,416.75848590203225,353.02150677374914,12.792915023805076,-0.009603319147180267,-0.009649728377271917,0.024469971722124503
2026-07-07,388.8399963378906,395.5700073242188,388.2200012207031,392.489990234375,29297500,383.4984954833985,405.7912957763672,386.78662757055326,49.198363945142496,-7.347062787815219,-9.783912637675865,411.9411066740299,355.055884292767,12.509850885664985,0.0054300205733650575,0.0054153311635238436,0.024011258915023072
2026-07-08,383.3399963378906,385.30999755859375,381.3299865722656,384.0299987792969,25908300,382.0784957885743,404.9840496826172,386.45837697696635,46.56595807494284,-6.7429350021045025,-9.175717110561592,407.40447363840605,356.7525179387425,12.152719377090701,-0.014144635458798516,-0.014245624245687366,0.024060643916557396
2026-07-09,384.3599853515625,384.6499938964844,373.3500061035156,374.4500122070313,31083200,381.1259948730469,404.1932116699219,386.25853015549933,47.13092289687169,-6.111406302783507,-8.562854949005976,404.5313471533975,357.7206425926963,12.091809978224846,0.0026607946559606965,0.0026572610086787393,0.023755076955764152
2026-07-10,385.1000061035156,391.9100036621094,381.5,387.7999877929688,24644600,380.5129959106446,403.3287658691406,386.1481945315009,47.56409970509872,-5.487940209965586,-7.947872001197898,402.80105343337095,358.2249383879182,11.97168095564517,0.0019253324491523838,0.001923481372210687,0.023574062001077815
2026-07-13,390.989990234375,393.6499938964844,384.1499938964844,387.75,28914900,380.5454956054688,402.67771301269534,386.6093179317746,51.004985569036464,-4.467072711307878,-7.251712143219895,402.8925933532342,358.19839785770336,11.795132315956229,0.015294687191659273,0.015178902564042165,0.023522004488745713
2026-07-14,384.9299926757813,388.1900024414063,378.6499938964844,382.8200073242188,27863900,380.2549957275391,402.2383386230469,386.4493821931086,47.547857276020615,-4.099759545109862,-6.621321623597888,402.2121001768063,358.2978912782719,11.834051174665829,-0.01549911176744212,-0.015620478686443676,0.023785579067451178
2026-07-15,395.6300048828125,398.9599914550781,386.3999938964844,387.7999877929688,36253700,380.0484954833985,401.8800524902344,387.32372721117565,53.536291024027264,-2.9116954406034665,-5.879396386999004,401.3354147807621,358.76157618603486,11.990904574996614,0.027797294081065793,0.027417962843460368,0.024053172362642348
2026-07-16,401.1000061035156,405.989990234375,392.0499877929688,398.30999755859375,37047400,380.41199645996096,401.6475311279297,388.6357537723509,56.2840448432292,-1.5113408973517153,-5.0057852890695465,402.8452691120708,357.9787238078511,12.130125851168728,0.013826052506617614,0.01373134460185696,0.0239919745092858
2026-07-17,393.8200073242188,398.3900146484375,389.3900146484375,394.8599853515625,33049800,381.15749664306645,401.3141125488281,389.1294922058621,51.88615823118785,-0.9777144097068913,-4.200171113197015,404.3206655624115,357.9943277237214,12.10011625144797,-0.018150083940457473,-0.018316817278041277,0.02266989424559359
2026-07-20,402.2900085449219,403.1799926757813,389.6499938964844,391.4100036621094,27915800,382.3019973754883,401.0986059570312,390.382874714344,56.176596709941975,0.12718067838670777,-3.334700754880271,407.20163021124756,357.4023645397291,12.202250717722896,0.021507290292973824,0.021279272100756613,0.023075542704550468
2026-07-21,397.75,401.4700012207031,396.3200073242188,398.80999755859375,24126600,383.8224975585938,400.65639343261716,391.0845056939303,53.42651034769563,0.6292239469177048,-2.5419158145206757,408.5954645616779,359.0495305555097,11.757090039364337,-0.011285412136739392,-0.01134957559776861,0.0218637940732503
2026-07-22,390.3399963378906,401.0,386.9599914550781,399.5799865722656,28142500,384.64249725341796,400.1787365722656,391.0136000409741,49.193538272657044,0.4242806435537432,-1.9486765229057923,409.13684583134966,360.14814867548625,11.920155646904162,-0.018629801790344125,-0.018805522396685516,0.022180947321136516
2026-07-23,381.5799865722656,391.7799987792969,377.3900146484375,389.9700012207031,30351800,385.44849700927733,399.57497314453127,390.11516066300186,44.686080095478054,-0.43992677649407597,-1.646926573623449,408.3757004677284,362.5212935508263,12.096571967186676,-0.022441998892785864,-0.022697652711874124,0.02216700546066736
2026-07-24,381.7000122070313,389.0299987792969,380.6499938964844,387.0499877929688,27659400,386.8919982910156,399.0711993408203,389.3137179529094,44.76076372488159,-1.1024242569320677,-1.5380261102851729,404.4230752020424,369.36092137998884,11.831102889731378,0.0003145490827332065,0.00031449962254198236,0.020409350986172442
2026-07-27,389.1000061035156,394.2000122070313,387.989990234375,390.0799865722656,27856200,387.69849853515626,398.7665142822266,389.29336444344335,49.30535757338825,-1.018598846650434,-1.4341406575582254,404.03702803753174,371.3599690327808,11.878881254750565,0.019386936494177,0.019201403944868193,0.016658446645793065
2026-07-28,393.3500061035156,400.3200073242188,391.2999877929688,393.1600036621094,32367500,388.93749847412107,398.4626116943359,389.67971126821215,51.760046928836886,-0.6022843645591252,-1.2677693989584053,402.86643006497314,375.008566883269,11.831818395175754,0.010922641823010837,0.01086342061525974,0.01642307356816842
2026-07-29,390.5400085449219,401.25,388.739990234375,393.3999938964844,47209000,389.8134994506836,397.8532489013672,389.76164434218447,50.03496482446944,-0.4934077594516566,-1.1128970710570556,401.67881911091985,377.94817979044734,11.880260635922129,-0.007143758777149345,-0.007169397599894727,0.016450221641271686
2026-07-30,451.1000061035156,458.6900024414063,432.4400024414063,437.8999938964844,110160700,393.15449981689454,398.42275573730467,395.6033930813589,71.82742446218775,4.428514260727809,-0.004614804700082686,422.1582914734518,364.1507081603373,15.899527297390865,0.15506733300956488,0.14415863925253233,0.037620440966418776
2026-07-31,464.7200012207031,466.8399963378906,449.3299865722656,450.0,60748000,396.8660003662109,399.3867980957031,402.18592718986787,74.51914425650592,9.320748909695567,1.8604579381790474,439.39861445374754,354.3333862786743,16.014561759407588,0.030192850660396786,0.029746018366382666,0.0378973316586975
