Date,Close,High,Low,Open,Volume,SMA_20,SMA_50,EMA_20,RSI,MACD,MACD_SIGNAL,BB_UPPER,BB_LOWER,ATR,Daily_Return,Log_Return,Volatility
2021-08-02,19.681922912597656,19.89219604899792,19.29426383352367,19.632096019964017,217444000,,,,,,,,,0.0,,,
2021-08-03,19.746694564819336,20.15229115002661,19.153744423297773,19.67195234337209,301811000,,,,,,,,,0.0,0.003290920938432418,0.0032855177092755926,
2021-08-04,20.20411491394043,20.24796386771161,19.75965124376936,19.921093477440312,231309000,,,,,,,,,0.0,0.02316440088844196,0.022900178738659432,
2021-08-05,20.56586647033692,20.66153624171893,20.27188321533412,20.429339555669177,211435000,,,,,,,,,0.0,0.017904845519705948,0.01774644177498105,
2021-08-06,20.295799255371094,20.499096555119213,20.140336838007727,20.45325558482305,178497000,,,,,,,,,0.0,-0.01313181797398899,-0.013218802646115857,
2021-08-09,20.22504425048828,20.4373093965313,20.07356776092984,20.37552283364435,146443000,,,,,,,,,0.0,-0.003486189629318903,-0.003492280548571267,
2021-08-10,19.86728286743164,20.359579568061065,19.76662927363891,20.25195203394984,179238000,,,,,,,,,0.0,-0.017689028445413868,-0.01784734911337202,
2021-08-11,19.6310977935791,19.979891738651794,19.36302592227901,19.97391190338551,185925000,,,,,,,,,0.0,-0.011888141696503318,-0.011959370736446323,
2021-08-12,19.836389541625977,19.959960768948545,19.552372068752263,19.80151033623967,151652000,,,,,,,,,0.0,0.010457476714013536,0.010403175545129022,
2021-08-13,20.118412017822266,20.1443233694404,19.782573757798065,19.836388472220936,183063000,,,,,,,,,0.0,0.014217429820304384,0.014117310013304957,
2021-08-16,19.881235122680664,20.217073411230743,19.38594658927901,20.06559691412497,210876000,,,,,,,,,0.0,-0.011789046517761692,-0.011859088355214145,
2021-08-17,19.390932083129883,19.70185695099313,19.20059043973677,19.617148941747843,204585000,,,,,,,,,0.0,-0.024661598563936238,-0.02497078980610039,
2021-08-18,18.974369049072266,19.566321363540087,18.934506018766548,19.43278249294461,285913000,,,,,,,,,0.0,-0.021482362594628768,-0.021716467366837463,
2021-08-19,19.72975349426269,20.42435132672305,18.6973235489856,19.42680057884312,766555000,,,,49.453861491780025,,,,,0.6567292779174778,0.039810780703001036,0.03903875496816498,
2021-08-20,20.74424743652344,20.79307832111632,19.86429170671667,19.922090443139417,675741000,,,,62.785289798667684,,,,,0.6857718171272028,0.05141949404262758,0.050141150264833186,
2021-08-23,21.882312774658203,21.921177903907907,20.87778784502833,20.898715368530024,575807000,,,,71.77781642498876,,,,,0.7208545778598644,0.05486173174597897,0.05340969838250523,
2021-08-24,21.717878341674805,21.88330650113912,21.460768250925423,21.678017210916853,297299000,,,,69.17683049418326,,,,,0.699546268742281,-0.007514490569471621,-0.007542866597370229,
2021-08-25,22.13643455505371,22.39254868520912,21.64712773197512,21.66207542103675,347701000,,,,71.96193508498853,,,,,0.7028230319202609,0.019272426467908277,0.019089065387020286,
2021-08-26,21.99193382263184,22.262995617571487,21.71489219229339,22.12347879676051,237940000,,,,69.62300147352937,,,,,0.6917716314458205,-0.006527732913017004,-0.0065491317362115775,
2021-08-27,22.55797004699707,22.643674033280696,22.0905868960896,22.10752849226041,304722000,20.458984565734863,,20.732291141399887,73.28582272875751,,,22.472935835067073,18.445033296402652,0.6889122442460375,0.02573835611412778,0.025412700693108952,
2021-08-30,22.60979652404785,22.963572419378465,22.473269615708634,22.751307262334937,262580000,20.605378246307374,,20.91110117784255,73.59970857491449,,,22.79048893683262,18.42026755578213,0.6747258556334513,0.0022974796465642378,0.0022948444755970187,0.02335458185290862
2021-08-31,22.3117733001709,22.62075868040585,22.047640789736928,22.62075868040585,259850000,20.733632183074953,,21.044498522826203,68.60758673877204,,,23.001627272060244,18.46563709408966,0.6674681438502706,-0.013181154618528979,-0.013268797041240468,0.023786632555818112
2021-09-01,22.36759185791016,22.622754957763057,22.28386700045794,22.41144855038439,201767000,20.84180603027344,,21.170507411881815,69.03127419271907,,,23.202924946153303,18.480687114393575,0.6439981305256169,0.0025017535356024467,0.002498629359753123,0.023466268969031538
2021-09-02,22.322736740112305,22.51909280352411,22.222067304803737,22.44433738767981,187834000,20.929649543762206,,21.280243538379956,68.2343046122564,,,23.372479711579583,18.48681937594483,0.6192143711109567,-0.002005361957728713,-0.0020073753882410813,0.023327830053400684
2021-09-03,22.76827812194824,22.910810001392324,22.12738180457332,22.25197291405603,280532000,21.053273487091065,,21.421961117767413,71.72605359354921,,,23.60318436463713,18.503362609545,0.6309439300901029,0.019959084185019682,0.019762512947511635,0.023194959290579322
2021-09-07,22.587865829467773,22.82409003815894,22.448322522567985,22.75830596098488,198107000,21.17141456604004,,21.532999661738877,68.44517436992274,0.7372703695493819,,23.775261378559996,18.56756775352008,0.6127170433401636,-0.007923844373042499,-0.007955404858673997,0.023311568815226707
2021-09-08,22.265928268432617,22.53604171722821,21.905110981321915,22.43935888934045,254434000,21.29134683609009,,21.6028023861859,62.91477888362452,0.7030064766312414,,23.864656645839954,18.718037026340223,0.6177197436834275,-0.01425267723235546,-0.014355222162509607,0.023141423452566607
2021-09-09,22.10445213317871,22.464271249955324,22.05860308506016,22.239010734032167,196856000,21.41501455307007,,21.650578552566166,60.28369555128531,0.655268789320349,,23.893258130336378,18.93677097580376,0.6025732023414088,-0.007252162735242318,-0.007278587502730992,0.022975803937207107
2021-09-10,22.404470443725582,22.55198511877038,22.197150672313043,22.2748946360381,248376000,21.543418598175048,,21.722377780295634,63.350421780922915,0.6343331013646072,,23.946153298391373,19.140683897958723,0.5914989011449988,0.013572754879391136,0.01348147010491869,0.02301672947223281
2021-09-13,22.07953643798828,22.88888048395177,21.786497552074803,22.609795740171823,297500000,21.64147481918335,,21.75639289055208,58.11638405771682,0.5847809681625264,,23.962256943066023,19.32069269530068,0.6279906176258537,-0.014503087968691486,-0.014609285797306776,0.02339310861804299
2021-09-14,22.169248580932617,22.33669833487836,22.01375870893594,22.202139682124887,199755000,21.755875492095946,,21.79571248011213,59.12061238684596,0.5464504254252596,,23.939839750404985,19.571911233786906,0.6062012610770371,0.004063135256317407,0.004054903013870808,0.023063510774764547
2021-09-15,22.26791763305664,22.29383355511717,21.89414433460613,22.23602272222848,166538000,21.899724769592286,,21.84068439944018,60.24948634303805,0.5180630536446955,,23.80255828525465,19.99689125392992,0.591450401036609,0.004450717026507123,0.004440841875641683,0.02193696984227358
2021-09-16,22.169248580932617,22.20413394633798,21.855278391174537,22.11044155051932,156033000,22.059468746185303,,21.871976226248982,58.50947547623264,0.48204734733783994,,23.40916879981093,20.709768692559674,0.5786781753827157,-0.0044309959175324876,-0.004440841875641594,0.021079588909436568
2021-09-17,21.828357696533203,22.24797999904509,21.758586993159383,22.22704878803294,294503000,22.16439895629883,,21.867822080561766,52.83247791777301,0.4211429217340772,0.5606362928682626,23.002740575941587,21.32605733665607,0.5723006632757864,-0.015376745096024935,-0.015496193306061527,0.02029630690336979
2021-09-20,21.043933868408203,21.362886747600268,20.59440901267256,21.076824957284188,349440000,22.179383277893066,,21.789356536547142,42.59161251389751,0.3060513094392867,0.5097192961824675,22.9207609727713,21.43800558301483,0.6195612361747047,-0.03593599843975359,-0.036597594915413506,0.019209989310149597
2021-09-21,21.17650032043457,21.35491372577289,20.88146906785273,21.3469404733302,204688000,22.144092655181886,,21.730989277869753,44.54785012842842,0.22296715570114856,0.45236886808620375,22.997417823421575,21.290767486942197,0.6091243377279513,0.006299509058303121,0.006279750088903801,0.014527495931539017
2021-09-22,21.869224548339844,21.88816149645216,21.126660825026075,21.29610478128571,268726000,22.151659965515137,,21.744154541724047,53.470365856721955,0.2105918493779484,0.4040134643445527,22.992322533394006,21.310997397636267,0.6200083615635322,0.032711931500637004,0.03218828532329433,0.01632934335510534
2021-09-23,22.4084587097168,22.46128483770894,21.81839426303045,22.06757647946929,248555000,22.16526117324829,,21.807421605342405,59.000651833515754,0.24151201998239813,0.3715131754721218,23.013268447984455,21.317253898512124,0.621642805357458,0.02465721453383174,0.02435813181287032,0.016695887094418816
2021-09-24,22.008764266967773,22.07654260470453,21.789484652652416,21.997800571418352,217655000,22.16610269546509,,21.826597096925774,53.88800866188275,0.2311004941685013,0.3434306392113977,23.013453441973066,21.31875194895711,0.6214521804793813,-0.017836766371428836,-0.017997758750621207,0.01714067520025174
2021-09-27,21.589147567749023,21.72769282238247,21.255244302712523,21.63898325171852,245215000,22.117661571502687,,21.8039828560518,49.07962366116491,0.18683599515533444,0.3121117104001851,22.9804944390297,21.254828703975672,0.6308855936062291,-0.01906589093911737,-0.019249988786874457,0.016541567982491692
2021-09-28,20.63128662109375,21.3489324966882,20.58344330923957,21.144603190689025,343069000,22.01873607635498,,21.69229750034151,40.250580604113615,0.07361608713371126,0.26441258574689036,23.066952790236854,20.970519362473105,0.6576583553850309,-0.04436770574889093,-0.04538206936405992,0.0190023264895722
2021-09-29,20.44988441467285,20.948248800717536,20.40004683540283,20.871501019861885,218394000,21.92564163208008,,21.573972444563545,38.82608601201125,-0.030398730057932255,0.20545032258592585,23.166277324540243,20.685005939619916,0.6498400418085792,-0.008792578463595713,-0.008831461269484097,0.018920701808022456
2021-09-30,20.648231506347656,20.99708693414732,20.620323224212417,20.70006144475727,221009000,21.839673614501955,,21.485806640923936,41.273409607936266,-0.09572283615643684,0.1452156908374533,23.18016093136226,20.49918629764165,0.6425087902132856,0.009699179107950817,0.009652444021915785,0.01912178392706318
2021-10-01,20.67414665222168,20.790762583446227,20.136908439010178,20.682119903644967,240978000,21.757244110107422,,21.40850568961896,41.602136017179795,-0.14374452774615065,0.08742364712073253,23.169599722968428,20.344888497246416,0.6433191726577687,0.0012550782310851716,0.0012542912787910732,0.019151912157111546
2021-10-04,19.667455673217773,20.47480557735373,19.491034606293542,20.43692977140397,345635000,21.6022029876709,,21.242691402342658,33.70865696166081,-0.26003607899485814,0.017931701897614394,23.20457702832627,19.99982894701553,0.681875806462795,-0.048693230049024816,-0.049918692269267366,0.0207801603482521
2021-10-05,20.38410758972168,20.58046372963872,19.78906017921645,19.8847468446016,279282000,21.492015075683593,,21.160921515426377,42.1269827629989,-0.2910155052492911,-0.04385773953176671,23.111114237110996,19.87291591425619,0.6983852528883772,0.03643846608383661,0.035790284111470214,0.022941312140663632
2021-10-06,20.632286071777344,20.65221920211436,20.014313404708272,20.05418346760077,297202000,21.41033296585083,,21.110575282697898,44.74389823760396,-0.2921730058231198,-0.09352079279003733,23.029849156667495,19.790816775034166,0.6940652917824994,0.012175096749430514,0.012101576402342636,0.02313262162584637
2021-10-07,21.006059646606445,21.252251394930184,20.90339594423825,21.023002332349662,256919000,21.355413341522215,,21.10062141259395,48.519494330568065,-0.2599335771601403,-0.12680334966405793,22.951375474973982,19.75945120807045,0.6887724368803809,0.01811595542679023,0.0179538167760053,0.023609324345602156
2021-10-08,20.76285552978516,21.136628803152057,20.707038964304346,21.031972742875528,151258000,21.273332595825195,,21.068453233278824,46.30253822012185,-0.25111345773004956,-0.15166537127725627,22.812899719229904,19.733765472420487,0.6702593941637617,-0.011577807590419487,-0.01164535225695493,0.02338938829775054
2021-10-11,20.62730026245117,20.994096456605053,20.44390216537423,20.50769388237572,163388000,21.20072078704834,21.14033073425293,21.02643866462857,45.06651961443935,-0.2521549415225124,-0.1717632853263075,22.718171167292287,19.683270406804393,0.6616833153828375,-0.006528739129332717,-0.006550144564509469,0.023260200709483966
2021-10-12,20.603376388549805,20.98811330819256,20.460844548765365,20.759862367878053,162134000,21.1224271774292,21.15875980377197,20.98614701928774,44.839022373165314,-0.2520058154429563,-0.18781179134963727,22.59276419588856,19.652090158969838,0.6520822756717202,-0.0011598160494572518,-0.001160489156595516,0.023204361046817584
2021-10-13,20.87049865722656,20.921332407323856,20.64523816823004,20.849567448558656,180652000,21.052556228637695,21.18123588562012,20.97513288956763,47.995661700139735,-0.22770821870050995,-0.19579107681981184,22.42828406108983,19.67682839618556,0.6282161144647438,0.01296497543117292,0.012881649576191055,0.023432913984216635
2021-10-14,21.67486000061035,21.683829432378424,21.052900818856443,21.218358128233028,243589000,21.027836799621582,21.210650787353515,21.041773566809795,56.13575600747947,-0.14191109735088148,-0.18501508092602578,22.338651394935276,19.717022204307888,0.6414385902281097,0.038540590552937015,0.03781644932170597,0.025195868966927076
2021-10-15,21.790477752685547,21.859252261809026,21.59113319543321,21.73864782560037,226994000,21.0259428024292,21.23514301300049,21.11307872736939,57.17343055146912,-0.06385084145727049,-0.16078223303227474,22.33222686715845,19.719658737699948,0.614772909952946,0.005334186798527929,0.005320010414767382,0.024991043191201334
2021-10-18,22.149303436279297,22.21807795415585,21.573193276980525,21.67785122654991,189494000,21.081211280822753,21.272213096618653,21.21176679488462,60.31147543749925,0.026659394660100588,-0.12329390749379968,22.476375330673388,19.686047230972118,0.6169237504688301,0.016467086571772205,0.016332974390155987,0.02371627434856247
2021-10-19,22.217084884643555,22.30579254243,21.96491225081481,22.203128841785272,161473000,21.133240509033204,21.312053909301756,21.30751137486166,60.894379460867,0.10267522915536276,-0.07810008016396719,22.613740536794186,19.65274048127222,0.5972063605507131,0.003060206771705376,0.003055533869899202,0.02370240322974331
2021-10-20,22.03069877624512,22.359619226164,21.91009429442329,22.23203767269404,146276000,21.141314220428466,21.355322227478027,21.37638636546961,58.35628873259481,0.14619329905399425,-0.0332414043203749,22.63943683223034,19.64319160862659,0.5866576870642844,-0.008389314321217034,-0.008424702680311093,0.022722107336054648
2021-10-21,22.617769241333008,22.63670809221361,22.01076215073701,22.024716293024067,187590000,21.15177974700928,21.415055656433104,21.49461330602803,63.51462991653743,0.2254544644339589,0.018497769430491855,22.687613756728332,19.615945737290225,0.5894639909508784,0.026647836777692335,0.026298967348229837,0.022837033883233777
2021-10-22,22.65165901184082,23.05433678621153,22.48719974500284,22.748341829119337,249384000,21.18392448425293,21.4713610458374,21.604808135153057,63.79344159549545,0.28768784390966573,0.07233578432632663,22.814168649157217,19.553680319348643,0.5878692088264363,0.0014983692753343103,0.0014972478401679126,0.022415749839936185
2021-10-25,23.0902156829834,23.27859657175769,22.695511238886706,22.897846267570205,230235000,21.25897789001465,21.530797119140626,21.74627552066071,67.27818908392882,0.3681522734600158,0.13149908215306447,23.0835633387483,19.434392441281,0.5906598053328957,0.019360907336338107,0.019175869489570965,0.022189563928565234
2021-10-26,24.636144638061523,25.17637336256749,23.84573943509634,23.9105273389636,485898000,21.459220790863036,21.625895309448243,22.021501150889357,76.03446872579606,0.5503207058665502,0.21526340689576162,23.77675719087419,19.141684390851882,0.697481082065124,0.06695168968115861,0.06480569451967057,0.023449330579087317
2021-10-27,24.37101554870605,25.00792517661804,24.20256776176456,24.393941025402945,245990000,21.6552773475647,21.725496978759764,22.2452644268719,72.45354976984503,0.6656239012693383,0.30533550577047697,24.245485839168044,19.065068855961353,0.7051865344071496,-0.010761793017965204,-0.0108201199582097,0.02353270173834772
2021-10-28,24.859411239624023,24.86838257384653,24.442779360511576,24.79661760339399,234204000,21.865836334228515,21.8431978225708,22.494230789991146,74.80728732418228,0.7873360450767208,0.4017356136317257,24.761057606756857,18.970615061700173,0.6903422837452446,0.020040022129644175,0.01984186390841787,0.023660507791948563
2021-10-29,25.483360290527344,25.62489595353632,24.918215720709902,24.919211901819345,292503000,22.1062970161438,21.958269958496093,22.778909790042214,77.45736750618228,0.9234957852249153,0.5060876479503637,25.344242647860128,18.86835138442747,0.6957096001857483,0.025099108136108716,0.024789298780607476,0.023818779847261516
2021-11-01,25.74251365661621,25.809293921603484,25.144476013269458,25.565096437115333,265740000,22.41004991531372,22.05823528289795,23.061157777334977,78.47037566208472,1.0403226788156381,0.6129346541234186,25.81152804857152,19.00857178205592,0.6935030507677682,0.010169513091458304,0.010118151514511241,0.019289365821491055
2021-11-02,26.314638137817383,26.59073246242579,25.715604250404937,25.737533548022185,294112000,22.706576442718507,22.14688179016113,23.371013049761874,80.54853562661475,1.1656377514532998,0.7234752735893949,26.3735390742911,19.039613811145916,0.70647627657156,0.022224887935686333,0.021981514478546446,0.018659951938384826
2021-11-03,26.510990142822266,26.69638250653968,26.14917865065421,26.582755112755702,239910000,23.000511646270752,22.24274402618408,23.670058487196197,81.21857534336834,1.2661988628768874,0.8320199914468935,26.890910075418102,19.110113217123402,0.6950996750939822,0.0074617026453691615,0.007434001853555748,0.01870079310584494
2021-11-04,29.703510284423828,31.26239302937268,27.02928682643372,27.139923764411986,1153631000,23.43538417816162,22.394085540771485,24.24467294407502,88.28473402722733,1.5852304131755304,0.982662075792621,28.186090847107078,18.68467750921616,0.9848356187694417,0.12042251626221967,0.11370586083006795,0.03050505025306993
2021-11-05,29.65467834472656,31.297286347184773,29.3137961107466,30.088254873766928,851260000,23.87997531890869,22.547340431213378,24.75991155366088,87.74096772937617,1.8132231777564414,1.148774296185385,29.179598969264898,18.580351668552485,1.0561680914600653,-0.0016439787496387304,-0.0016453315655737628,0.030077853686505108
2021-11-08,30.703237533569336,30.99826881309516,29.809170458233044,30.0503794271914,503101000,24.3837721824646,22.710245780944824,25.32594259936645,89.2693326592533,2.0548322228741718,1.3299858815231425,30.237503314138028,18.530041050791173,1.0766982612392464,0.0353589803488541,0.03474820749869341,0.029707618882547436
2021-11-09,30.55671119689941,32.20430550943804,29.86597932140083,32.17639722764453,646746000,24.88143892288208,22.869184074401854,25.824111037226732,87.62530974501513,2.20902145674631,1.5057929965677759,31.04895350878361,18.713924336980547,1.1668145417248155,-0.00477234156527373,-0.004783765547871114,0.02985674004505807
2021-11-10,29.36263465881348,30.74908522645044,28.683862559196594,29.25997285018864,636206000,25.306045722961425,23.010201301574707,26.16111328690166,75.43343192582189,2.209396985012546,1.64651379425673,31.479842537760906,19.132248908161944,1.2309865506911746,-0.039077390573599824,-0.03986140454873182,0.03266553637687043
2021-11-11,30.290590286254883,30.48993682422161,29.67959651235065,30.36833615848351,332172000,25.736832237243654,23.1686612701416,26.554396810649585,77.99571984682758,2.2585378394328366,1.7689186032919515,32.038061798014226,19.435602676473085,1.2235805231709571,0.031603282138132904,0.03111417661957737,0.032468825365495356
2021-11-12,30.290590286254883,30.57964257619569,29.5330761035346,29.91183414544948,413054000,26.16183786392212,23.328018341064453,26.910224760707234,77.99571984682758,2.2713001858939457,1.8693949198123505,32.48762434284503,19.836051384999205,1.2109366624202522,0.0,0.0,0.032594411403587216
2021-11-15,29.926776885986328,30.543751393956548,29.15132212961867,30.45205330248559,384909000,26.55071153640747,23.471188316345216,27.197515439305242,74.46427635988454,2.226393260895968,1.940794588029074,32.79775486150803,20.303668211306906,1.2239004197000827,-0.012010772877993237,-0.012083485016380473,0.03323854043161001
2021-11-16,30.10420036315918,30.29058893056083,29.60882638673667,29.66165441463244,264484000,26.94506731033325,23.621515007019042,27.474342574910377,75.05739340542007,2.1799912094509857,1.9886339123134564,33.04202368027418,20.848110940392324,1.1851762857089452,0.005928586223928889,0.0059110813088136165,0.03318745214473505
2021-11-17,29.16527938842773,30.409197952977312,28.70578699749506,30.318494131813672,428508000,27.30179634094238,23.759502029418947,27.635384176197743,66.2833581171821,2.0438934422781827,1.999685818306402,33.03062862059782,21.572964061286946,1.22219304783561,-0.031189035530087672,-0.03168576922894079,0.03443058822996007
2021-11-18,31.57138061523437,32.65283033546003,31.218538566380825,32.26111820971524,781711000,27.74947690963745,23.94884059906006,28.010240979915515,74.50746090376535,2.1059116035572494,2.0209309753565714,33.341944676478384,22.157009142796518,1.3840043263496593,0.08249882316441437,0.07927209374787939,0.03757494107795024
2021-11-19,32.877105712890625,32.97976943566429,31.80063850038269,32.13753223855901,533867000,28.26074924468994,24.158293304443358,28.473751906865527,77.6880289719764,2.2346627450726047,2.0636773292997783,33.76448107734366,22.757017412036223,1.3857460759268208,0.04135787134459967,0.04052550706300812,0.037740589990911025
2021-11-22,31.851459503173828,34.53365623352294,31.795642943189414,33.40735181606633,754335000,28.69881143569946,24.35373176574707,28.795438344609174,70.27149014850441,2.2282519731761994,2.096592258075063,33.871356913752514,23.526265957646405,1.4823365912415856,-0.031196365600839826,-0.03169333530607137,0.03940347913569275
2021-11-23,31.642152786254883,32.25414458908274,30.77898451965756,31.431842568314533,532163000,29.04911184310913,24.543189849853515,29.066554005718288,68.82745048028325,2.181139271643584,2.113501660788767,34.01861730947633,24.07960637674193,1.4818239825404138,-0.0065713383368849465,-0.006593024638211854,0.03789106307457357
2021-11-24,32.56711959838867,32.747527284466,30.82683066430305,31.358088106593183,435162000,29.45891704559326,24.749173889160158,29.39994120502023,71.60446228514104,2.1931578492267825,2.12943289847637,34.16238194815404,24.75545214303248,1.5131720280848808,0.02923210751120542,0.028812997510171936,0.03761161450390012
2021-11-26,31.399946212768555,32.60299664841291,31.2474468349952,32.493355877058754,283069000,29.78594379425049,24.933787841796875,29.590417872424833,63.87212679844655,2.084473013446466,2.120440921470389,34.054107828821785,25.517779759679193,1.5019132984657975,-0.03583901186268457,-0.03649699817211953,0.03927547797454798
2021-11-29,33.26681900024414,33.30270053648563,31.931202291527786,32.26012461188157,454964000,30.175116729736327,25.162557067871095,29.94055131316953,69.53828816880713,2.1244907232924604,2.1212508818348033,34.216435253409934,26.13379820606272,1.5305448002694602,0.059454649215814115,0.05775429386089352,0.04058709015858646
2021-11-30,32.5691032409668,33.24389046679486,31.759761224855104,33.06049048348585,622066000,30.51644620895386,25.393060455322267,30.190889592007363,65.40938141039754,2.0759746721662893,2.1121956399011004,34.13347156671397,26.89942085119375,1.528867155635144,-0.02097332357723236,-0.02119638817856634,0.041339111625713645
2021-12-01,31.33600425720215,33.18416762661396,31.28117715917713,33.114388375070114,484368000,30.767514514923096,25.596250534057617,30.299948131549723,58.76803215646943,1.9159388194774785,2.072944275816376,33.83900082079958,27.69602820904661,1.5555902493352647,-0.03786100509557799,-0.03859635340580106,0.042762687312149925
2021-12-02,32.02482604980469,32.37571869369958,30.927293561836475,31.11569943003582,472890000,31.043206310272218,25.799362564086913,30.464222219002576,61.14156479264751,1.8236692907753103,2.023089278808163,33.456206678317585,28.63020594222685,1.5479355980872533,0.021981800453841238,0.02174368384784596,0.04284748288208375
2021-12-03,30.596343994140625,32.027822639120906,30.0351153368654,31.899227266863253,544325000,31.087847995758057,25.96312026977539,30.476805245206197,54.176506780230326,1.6166428089667875,1.941799984839888,33.4321132011979,28.743582790318214,1.579705005527843,-0.04460545869765231,-0.04563089156327219,0.03585040337474792
2021-12-06,29.94241142272949,30.14576757845825,27.94970590705136,29.785904339285608,658938000,31.102234649658204,26.121793212890626,30.42591059544651,51.29571329929693,1.3838537328051856,1.8302107344329477,33.4144546627696,28.790014636546807,1.6559145113536589,-0.021372899047558347,-0.021604606915191553,0.036227814303711615
2021-12-07,32.32487487792969,32.34680875654143,30.554469012712545,30.85950697624564,593053000,31.18331651687622,26.33650775909424,30.606764336635383,59.70293506480581,1.3757527808676997,1.739319143719898,33.54704120433344,28.819591829419004,1.709377570100679,0.07956818913361308,0.07656113630856658,0.03961839414070021
2021-12-08,31.72577667236328,32.188316185516875,31.322051376993954,31.898232211155804,475551000,31.241769790649414,26.55839756011963,30.71333694003804,57.03671334150785,1.3059364769869646,1.6526426103733116,33.598431203727046,28.88510837757178,1.6589094223031828,-0.018533658918366003,-0.01870755919890469,0.039884714380399644
2021-12-09,30.39398193359375,32.10358318046431,30.332176907618503,31.63406386343503,488507000,31.29333715438843,26.757279510498048,30.682922177519536,51.5277977111888,1.1301145904892564,1.5481370063965005,33.52509326231136,29.0615810464655,1.666944911627656,-0.04197831789976869,-0.0428848685949163,0.04004926818213008
2021-12-10,30.1028995513916,31.206413705262143,29.76696094787944,31.051901151200305,488825000,31.283952617645262,26.946372871398925,30.627681927412116,50.3824065015256,0.9562633544479802,1.4297622760067965,33.53399953452215,29.033905700768372,1.6506954720387308,-0.009576974245695036,-0.009623128377888923,0.03952807938458434
2021-12-13,28.072315216064453,30.19859933646938,28.02745685315274,30.153740973557664,598344000,31.17303886413574,27.09433624267578,30.38431366918853,43.17278985243695,0.647173597415776,1.2732445402885924,33.795837541281664,28.550240186989818,1.6878702585585814,-0.06745477563915525,-0.06983763066605893,0.042342980868506803
2021-12-14,28.247764587402344,28.58769035773507,27.164187737169147,27.611773209784825,667035000,31.089088249206544,27.265942420959473,30.18083280425651,43.919514519942354,0.4116300214156112,1.1009216365139962,33.96166448197007,28.21651201644302,1.66898685584482,0.006249907426142398,0.006230457751767145,0.04233435703687696
2021-12-15,30.363075256347656,30.40394650030733,27.75032926972712,28.31055963968994,698297000,31.102031993865968,27.465521774291993,30.19818922826519,52.093046135964684,0.39113912467703926,0.9589651341466048,33.959030802839834,28.245033184892105,1.7393175968973478,0.07488417932683689,0.07221291561415609,0.04569256444580773
2021-12-16,28.29760360717773,31.061871670056004,28.004530741243016,31.053897441434422,707366000,31.058648204803468,27.618828125,30.01718107387591,45.17026802930388,0.20586060821386454,0.8083442289600569,34.054925088895224,28.062371320711712,1.8334621206056079,-0.06802577247962127,-0.07045011755402379,0.047770681092270575
2021-12-17,27.71344375610352,28.830913552880325,27.67257251698822,27.89686427928054,713758000,30.865751361846925,27.75297580718994,29.797777519802352,43.41307933641514,0.011753741289915354,0.6490261314260286,34.18453699123478,27.546965732459075,1.7852391859832148,-0.020643438899753286,-0.02085949326006568,0.04374359147756882
2021-12-20,27.63170623779297,28.055367052682545,27.059514491494653,27.219010461900748,461847000,30.603481388092042,27.8903528213501,29.59148501675384,43.16007825237431,-0.14697860595208212,0.4898251839504064,34.07074200781602,27.136220768368062,1.7288544270692632,-0.0029493814998198253,-0.0029537394964747783,0.042339970252807
2021-12-21,28.98344039916992,29.028298765292003,27.314710320233896,28.284647712043096,524385000,30.460080432891846,28.05747562408447,29.53357600555537,48.50477730323895,-0.16183594085005026,0.3594929589903151,33.94620400432364,26.973956861460053,1.727763999782752,0.04891967762483418,0.04776075605812392,0.04377651436178226
2021-12-22,29.307411193847656,29.461923742071825,28.359405933040755,28.800015295931,395184000,30.343343353271486,28.23155632019043,29.512036499678448,49.724950680508535,-0.1457881946465278,0.2584367282629465,33.81966578329288,26.867020923250085,1.6831035575862034,0.011177789462393006,0.011115779634414954,0.0438972194361611
2021-12-23,29.546661376953125,29.964342546203223,29.33831989467802,29.66129900737232,343022000,30.19232044219971,28.40507957458496,29.51533410703794,50.65483791382146,-0.11246828549693433,0.18425572551097036,33.528709243794054,26.855931640605366,1.6098055429268723,0.00816347037692955,0.008130329493544258,0.04333429230403741
2021-12-27,30.847551345825195,30.98910437388651,29.54666059393546,29.56659806861277,403686000,30.16470069885254,28.588533401489258,29.642211939303394,55.476933528316536,0.018693444664158676,0.15114326934160804,33.46964129462407,26.859760103081012,1.597851131285742,0.04402832361583786,0.04308661899266573,0.04391902665111773
2021-12-28,30.226512908935547,31.231338018752773,29.91748776692769,31.213395052745707,420591000,30.01268539428711,28.75725410461426,29.697859650696934,52.823076468119,0.07170092552664542,0.13525480057861552,32.997033612740765,27.028337175833457,1.5775653541814092,-0.020132503547115377,-0.020337924160042813,0.04180537545580255
2021-12-29,29.9065170288086,30.451795238929865,29.273516611953507,30.1776616792126,343139000,29.879556083679198,28.912398376464843,29.717731781945663,51.45716814280889,0.08688716168483168,0.12558127279985876,32.62375734062391,27.13535482673448,1.5490448736667626,-0.01058659598250744,-0.010643032658008218,0.04164707289838125
2021-12-30,29.492822647094727,30.361079819131565,29.446967990476463,29.733062868834047,308864000,29.78739700317383,29.057913131713867,29.696311864340814,49.66902049558502,0.06479378165284899,0.11342377457045681,32.452417012085846,27.122376994261813,1.5036925133087868,-0.013832917464623784,-0.013929483831329454,0.0409423910739523
2021-12-31,29.31838035583496,29.935432431024672,29.23863236196779,29.580552622443367,266530000,29.65207471847534,29.203666763305662,29.660318387340254,48.89740638591361,0.03283013837455684,0.09730504733127682,32.11618931408814,27.18796012286254,1.446057338719365,-0.005914737064915965,-0.0059322984035628775,0.040547198327195395
2022-01-03,30.02614974975586,30.61429200145635,29.69120736718123,29.721113582152288,391547000,29.623565006256104,29.35183437347412,29.695159469475076,52.145734558236015,0.06387350183540264,0.090618738232102,32.056313874997215,27.190816137514993,1.4353326463552238,0.024140808098222166,0.023854025072390282,0.03979782255796082
2022-01-04,29.197763442993164,30.37205328794053,28.25972677192673,30.18165478340745,527154000,29.586332607269288,29.482756462097168,29.647788419333942,48.27770825721578,0.02138522364462503,0.07677203531460661,32.0212147068831,27.15145050765548,1.4836893513308365,-0.027588828859731906,-0.02797654839115564,0.03999570527493886
2022-01-05,27.517070770263672,29.323364772152377,27.446295212189224,28.857834470045624,498064000,29.345942401885985,29.571293563842772,29.444862928946296,41.54447069305577,-0.14621936961312088,0.03217375432906111,31.594040974462747,27.097843829309223,1.5117879376617165,-0.05756237720094348,-0.05928554455671452,0.037203041389474195
2022-01-06,28.08926010131836,28.34844152604589,26.979766244192536,27.55295428810176,454186000,29.16411657333374,29.64035587310791,29.315757897743634,44.38815092891566,-0.23022245906582128,-0.020305488349915368,31.19015519937994,27.138077947287538,1.5015656051039763,0.020793976794689417,0.0205807331155587,0.03761843438366437
2022-01-07,27.16119384765625,28.332494693927416,26.971791660779605,28.052379478532124,409939000,29.002477169036865,29.696159439086912,29.110561321544836,40.91177013749821,-0.36744700284293685,-0.08973379124851966,31.1238327390154,26.881121599058332,1.4915039928213931,-0.033039896754651465,-0.03359804265780839,0.03721182721833407
2022-01-10,27.31371307373047,27.38249602616525,25.56324245345512,26.497291979306667,594681000,28.86301784515381,29.745245475769043,28.939432916991088,41.71958752996967,-0.45860490368982454,-0.16350801373678064,31.042594132464952,26.683441557842666,1.51491467709916,0.005615335869611604,0.005599628644609849,0.0372673716969376
2022-01-11,27.729398727416992,27.97661882621992,26.75447988688372,27.23695493896439,404089000,28.845872020721437,29.790166244506835,28.82419156560308,43.967987483915444,-0.4916385356411368,-0.22913411811765189,31.05525048678765,26.636493554655225,1.4940021244018058,0.015218936091348167,0.01510428981633376,0.03435148159179789
2022-01-12,27.91082572937012,28.50494756627951,27.52105632637495,27.97861047249407,383413000,28.829025077819825,29.833532485961914,28.7372043431047,44.965926904465,-0.4974440586877442,-0.2827961062316704,31.061408051552654,26.596642104086996,1.4575656326520026,0.006542767253505,0.006521456256594106,0.03435437257311868
2022-01-13,26.49131393432617,28.390313718259936,26.41455484685321,28.289631942753868,540171000,28.63543701171875,29.83706600189209,28.523310018459128,39.09847497613057,-0.609561075395149,-0.34814910006436617,30.97123346520091,26.29964055823659,1.4945794354201971,-0.050858824773149625,-0.05219772934256692,0.03129040661114657
2022-01-14,26.857154846191406,27.11135287587848,26.12745967935316,26.21717640732011,395832000,28.563414573669434,29.843989295959474,28.364628573481248,41.22701436790108,-0.661271587533971,-0.41077359755828713,31.02203763464713,26.104791512691737,1.458101846927706,0.013809843965164603,0.013715356976582067,0.027972311849086655
2022-01-18,25.82142639160156,26.554112344866216,25.68884581197269,26.177302480368454,424270000,28.468813705444337,29.766347618103026,28.122418841873657,37.2569368227748,-0.7768718759002269,-0.4839932532266751,31.183263892659568,25.754363518229106,1.4374023603056352,-0.038564340136599484,-0.03932763261102627,0.02886579593836169
2022-01-19,24.988056182861328,26.45940766339069,24.97310403064186,25.996870135634115,488315000,28.336631202697752,29.67301517486572,27.82390811244391,34.38751348887436,-0.9250683364183097,-0.5722082698650021,31.432004486563127,25.24125791883238,1.4408953083372917,-0.03227436765504499,-0.032806669541775864,0.029591744957000846
2022-01-20,24.073951721191406,25.498452678706528,24.00217794589104,25.224319028834167,435181000,28.09115676879883,29.540429458618163,27.4667694085151,31.519934876379068,-1.1035545991634876,-0.6784775357246993,31.681521627801096,24.50079190979656,1.4448509815143056,-0.036581655450930284,-0.03726754350055019,0.027559674381989887
2022-01-21,23.300392150878903,24.744828429105823,23.18974164646766,23.43297273498428,718958000,27.79080581665039,29.395303077697754,27.06997157445451,29.293697978022223,-1.292526598670662,-0.8012873483138918,31.892550226350366,23.689061406950415,1.452724967308867,-0.03213263776846276,-0.03266022358208014,0.027602846777335086
2022-01-24,23.29839515686035,23.30636938474509,20.822218672511543,22.25967687186857,913982000,27.47839250564575,29.27401828765869,26.71077382039792,29.2879469871433,-1.4260112405575853,-0.9262321267626306,31.934135300337037,23.022649710954465,1.526398234803487,-8.570645530858734e-05,-8.571012831669661e-05,0.027361404622184983
2022-01-25,22.25369644165039,22.87074846480711,21.930717378924925,22.47499743870543,664616000,27.04869976043701,29.113280410766603,26.286290260517205,26.371208504595785,-1.5976801738412156,-1.0605217361783477,31.771447262205136,22.325952258668885,1.5150610593129112,-0.04483994318820472,-0.04587635378870265,0.024990946046564745
2022-01-26,22.700284957885746,23.98123803745793,22.229771275614063,23.166811526105583,755959000,26.672388362884522,28.961474304199218,25.944765945980876,29.598879838872932,-1.678346149633363,-1.1840866188693506,31.52006263735891,21.824714088410133,1.5319471809222656,0.020068060036961377,0.019869350596563518,0.026218590647968658
2022-01-27,21.874895095825195,23.91943676370588,21.60674121571761,23.49378140901436,573353000,26.27080726623535,28.800436668395996,25.557159198347,27.223556397182932,-1.7882626022886363,-1.3049218155532079,31.307288880080726,21.234325652389977,1.5877149214269803,-0.036360330436020494,-0.03703784100663248,0.026677401717156875
2022-01-28,22.76807403564453,22.786017001467613,21.228935667863265,21.942680495703392,543774000,25.934569835662842,28.653714141845704,25.291532039994387,33.44763409602737,-1.7827496785168577,-1.400487388145938,30.96363296926622,20.905506702059462,1.585526808011078,0.04083123305993808,0.040019656470689224,0.02947540397668059
2022-01-31,24.40888786315918,24.431816145631064,22.979403852664547,23.108993615367613,564680000,25.689095211029052,28.55858631134033,25.207470689819605,43.07851314629252,-1.6272230690532759,-1.4458345243274058,30.508426202501965,20.86976421955614,1.5911136152950391,0.07206643060567508,0.06958802957719797,0.03502011373651348
2022-02-01,24.560413360595703,25.065816744698257,23.81476778008929,25.02494549207549,518925000,25.415808391571044,28.418366966247557,25.14584618227447,43.88609035299719,-1.4747403801446701,-1.4516156954908588,29.822619550689932,21.008997232452156,1.566823283103177,0.006207800137638442,0.006188611119808777,0.03436272382761406
2022-02-02,25.16250991821289,25.735698020360548,24.475678597564364,25.71277163707992,543419000,25.21404571533203,28.264075050354005,25.1474332047448,47.097872390576946,-1.2904372331824838,-1.4193800030291839,29.26489094851089,21.163200482153172,1.5449087216526773,0.02451491954867424,0.02421925135181045,0.034885236193215916
2022-02-03,23.872583389282227,24.998027675942943,23.70511318165473,24.380977535591192,410178000,25.03182134628296,28.104497528076173,25.026018936605507,41.60382600724778,-1.2342344652700277,-1.3823508954773527,28.9784203345487,21.08522235801722,1.5386578655744976,-0.05126382595072532,-0.052624523185570364,0.0344285996247836
2022-02-04,24.24241828918457,24.557423171481,23.557581418595635,23.89651089080567,354829000,24.83947925567627,27.956502838134767,24.951390303517798,43.634011683940685,-1.146633108477232,-1.3352073380773286,28.53849354924924,21.1404649621033,1.5001710003824165,0.015492035104520019,0.015373258683584674,0.03422706511086733
2022-02-07,24.650129318237305,25.102698190128145,24.125784779344208,24.29524950581425,376868000,24.71392602920532,27.79816303253174,24.922698781110135,45.86826575650374,-1.0324085661256532,-1.2746475836869935,28.256347692952755,21.17150436545789,1.4627954582682392,0.016818084078461304,0.016678226020613102,0.034029023654880405
2022-02-08,25.028928756713867,25.150544291203023,23.904480837599923,24.28228698772841,410359000,24.59968681335449,27.670742683410644,24.932815921643826,47.93325324623956,-0.9009334445059061,-1.199904755850776,27.941036190226907,21.258337436482076,1.4473146007921578,0.015367036561398928,0.01525015950351562,0.03424756615932722
2022-02-09,26.62090110778809,26.640838580536943,25.27315951224319,25.54131148574977,524282000,24.544261932373047,27.537824325561523,25.093585939371852,55.59922044564543,-0.6606638774018307,-1.092056580160987,27.70817882451766,21.380345040228434,1.4590714024372233,0.06360529316090635,0.061664357020551785,0.03724020894511554
2022-02-10,25.742673873901367,26.840206412140088,25.519380273324217,25.91313678658992,513200000,24.435854339599608,27.401295738220213,25.155403837898472,51.12709768113318,-0.534947569953399,-0.9806347781194694,27.261424928380492,21.610283750818724,1.449196740749984,-0.03299013922672178,-0.03354658629719639,0.037841753239972256
2022-02-11,23.873580932617188,26.06964442204501,23.698136487325115,25.83438755548586,605472000,24.30496768951416,27.252047271728514,25.03332546596692,43.168745983737665,-0.5794570500896477,-0.9003992325135052,26.975842328884273,21.63409305014405,1.5150761117478346,-0.07260679098215661,-0.07537762965473192,0.039552338060817975
2022-02-14,24.19057846069336,24.79666354683214,23.68018981888681,23.85862696314563,440424000,24.171638870239256,27.09536231994629,24.95306384641706,44.73981049795751,-0.5824380986679287,-0.8368070057443899,26.57212843814532,21.771149302333193,1.4866045129047987,0.013278172594672455,0.01319079032891758,0.03953959897178685
2022-02-15,26.411561965942383,26.461403743864462,24.705949858768733,24.870429246985168,699869000,24.2011456489563,27.011666679382323,25.09196842922899,54.27691327030406,-0.40096373347529024,-0.74963835129057,26.694729192266834,21.707562105645763,1.5426202822095347,0.09181192210255906,0.0878386299821778,0.04410678698465931
2022-02-16,26.427509307861328,26.498286759029188,25.47152982558888,26.176304019794223,732676000,24.2731183052063,26.94136863708496,25.21916279862255,54.337851255814776,-0.25294142311743073,-0.6502989656559423,26.931074667741782,21.615161942670817,1.5057729001545899,0.0006038015449261191,0.0006036193301173242,0.04336678921254839
2022-02-17,24.429821014404297,25.70379613633401,24.088899004953028,25.549283587406155,810595000,24.290911769866945,26.783467559814454,25.14398739060176,46.05704337559528,-0.2934467541029484,-0.5789285233453435,26.94806123457169,21.6337623051622,1.5652612860655692,-0.07559124358581848,-0.07860092808871683,0.04606661443408077
2022-02-18,23.56754875183105,24.907316200447443,23.02725575627355,24.590316828988254,761255000,24.30426959991455,26.62030300140381,24.993850377385506,43.01024615263611,-0.3906228291931413,-0.5412673845149031,26.943995824230008,21.664543375599095,1.5877469402161637,-0.03529588948133644,-0.03593384588523289,0.0461942840570242
2022-02-22,23.31633949279785,23.98821671585555,22.92756829107429,22.962457916801178,633422000,24.305166816711427,26.478750152587892,24.834087435996206,42.13571798045058,-0.4823458735975805,-0.5294830823314386,26.94353673384178,21.666796899581076,1.5500970462565278,-0.010659116978115168,-0.010716332305281457,0.04627480271467259
2022-02-23,22.31649780273437,24.07893155363586,22.23077009489436,23.72704258537858,566511000,24.308306884765624,26.323022117614745,24.594316994733177,38.75785597728033,-0.6284712896619915,-0.5492807237975492,26.93703492870413,21.67957884082712,1.571387361434026,-0.04288158912647155,-0.04382816386296983,0.04617454560625788
2022-02-24,23.67321014404297,23.725046427228275,20.82421097780637,20.948817318078245,735801000,24.356953144073486,26.235040016174317,24.50659253276268,45.17989030143352,-0.6275671834010943,-0.5649380157182582,26.89944561512629,21.814460673020683,1.6663479391474458,0.06079414222165114,0.05901781839580117,0.04791781340641544
2022-02-25,24.080923080444336,24.140733592878306,23.30736782876033,23.646297234789348,528866000,24.467254543304442,26.151703186035157,24.466052584922842,46.979256062359966,-0.5871829663794728,-0.5693870058505011,26.747324379713312,22.18718470689557,1.6068492123596265,0.017222545397121092,0.01707591849354551,0.04708092614716385
2022-02-28,24.30820846557617,24.587327391046674,23.632344083996863,23.91644642718018,477319000,24.544261264801026,26.030605850219725,24.45101981165173,48.00385152852482,-0.5307203386582273,-0.5616536724120463,26.689631761877195,22.398890767724858,1.5602873619803541,0.009438400030288063,0.009394136631862608,0.04637183394509281
2022-03-01,23.40306282043457,24.300229958145785,23.0591500185398,24.214500358111323,412056000,24.493970012664796,25.932715034484865,24.351214383916762,44.329887648513726,-0.5526404927493722,-0.5598510364795115,26.696082479336194,22.2918575459934,1.538056725198641,-0.03723621370219077,-0.03794718668275388,0.044361827961981695
2022-03-02,24.147838592529297,24.33627656876873,23.345238595457605,23.685222229370265,389642000,24.473341274261475,25.86140293121338,24.33184526092748,47.865584827959765,-0.5041041929927204,-0.5487016677821532,26.680301986367898,22.266380562155053,1.4989839572066757,0.031823859031153034,0.031327973258634206,0.044951870361721394
2022-03-03,23.643348693847656,24.253524852561736,23.39907779476586,24.189714450005976,365095000,24.397383213043213,25.781635780334472,24.26627415930083,45.746154360367896,-0.5005766088275792,-0.5390766559912384,26.60880445949816,22.185961966588266,1.4529456072487614,-0.020891720670922376,-0.021113040597116425,0.0448009236936426
2022-03-04,22.86766815185547,23.609451053409828,22.4150202714538,23.31433339065873,431415000,24.347137451171875,25.659320335388184,24.133073587163178,42.62124757328279,-0.5539859053946863,-0.542058505871928,26.647834746691046,22.046440155652704,1.4369015226162685,-0.03280755835547233,-0.03335779438896267,0.04391757614305036
2022-03-07,21.28838539123535,22.96437885562465,21.266451574671656,22.749020877092576,450821000,24.199435806274415,25.498939819335938,23.86215090183672,37.06915339304044,-0.715500236539242,-0.5767468520053909,26.85931259933143,21.5395590132174,1.4555462196403202,-0.06906181907716613,-0.0715624046370494,0.04623139189565079
2022-03-08,21.44990348815918,22.306343532359403,20.588477275477324,21.245514318732305,557467000,24.03942451477051,25.33700466156006,23.632413052915048,37.95928341619977,-0.8210043203133992,-0.6255983456669926,26.94526187531483,21.133587154226188,1.4742833651575886,0.007587146416013546,0.007558508781380221,0.04604293792581457
2022-03-09,22.945436477661133,23.150822137347905,22.180721331376475,22.32030363391445,492742000,23.935249900817873,25.178962364196778,23.566986712414675,45.62803076038597,-0.7750062634774579,-0.6554799292290857,26.841109429643957,21.029390371991788,1.4904715997312414,0.0697221313992169,0.06739892446734916,0.04888248460777721
2022-03-10,22.590490341186523,22.72010216319384,21.816801496900087,22.46386793749568,428066000,23.733729362487793,25.026241912841797,23.473987058011993,44.230627150365244,-0.7584507111626344,-0.6760740856157954,26.417142984227425,21.05031574074816,1.4646261269476561,-0.015469138572289598,-0.015590034083242119,0.04632512682547519
2022-03-11,22.034156799316406,23.076043457185644,21.980316832138143,22.9534088215756,367209000,23.548303508758544,24.868794708251954,23.33686036670765,42.056520002713306,-0.7812164075761281,-0.6971025500078619,26.162441119123027,20.93416589839406,1.4382761625262166,-0.02462689093807857,-0.02493520522511592,0.04611697754095278
2022-03-14,21.26644897460937,22.19567136754029,21.09595892640696,21.80384262804617,385354000,23.417946910858156,24.704267234802245,23.13967832936496,39.19354350907453,-0.851391678160752,-0.72796037563844,26.20827933155044,20.627614490165872,1.4140930395695814,-0.03484171560088256,-0.035463165809767695,0.04400291384363494
2022-03-15,22.90455436706543,22.96936124008591,21.258474245006287,21.45388943534592,491996000,23.353645706176756,24.575990715026855,23.117285571050715,47.41873528325886,-0.7659947599537951,-0.735567252501511,26.12902656593579,20.578264846417724,1.4352926078202988,0.07702768781059022,0.07420510611732803,0.04755136399167
2022-03-16,24.42301750183105,24.523716417538445,23.102962788581674,23.429984670978083,671422000,23.25421848297119,24.46392807006836,23.241640993029794,53.67428606515698,-0.5692280952239805,-0.702299421046005,25.708141192222577,20.800295773719803,1.44842613943835,0.06629524898982653,0.06419025642841918,0.045195212725689694
2022-03-17,24.692216873168945,24.76798876220505,23.834778411537343,24.048141553865687,471941000,23.167453861236574,24.373817138671875,23.37979107685257,54.70314781327698,-0.38710465482780876,-0.6392604678023658,25.26298176771182,21.071925954761326,1.4116250116690183,0.01102236328159334,0.010962059755702828,0.04529816395153408
2022-03-18,26.374187469482425,26.489842995481,24.55063805480904,24.72511591515251,730719000,23.264672183990477,24.35095947265625,23.66497168567446,60.59220859734424,-0.10582960803283825,-0.5325742958484603,25.732737320625155,20.7966070473558,1.4493092923120856,0.06811743979703744,0.06589769684936295,0.04447107979562413
2022-03-21,26.65434837341309,27.07110416186951,25.889633364007818,26.42802540885607,591727000,23.41901216506958,24.322261238098143,23.949674227363854,61.49030287910397,0.13809763302359457,-0.39843991007404933,26.29576316061854,20.54226116952062,1.4301779712799145,0.01062254161402465,0.01056651880604026,0.043468057016036024
2022-03-22,26.44497871398925,27.1568522339767,25.99432566672344,26.64737304519512,547007000,23.57544412612915,24.307936935424806,24.187322273709132,60.38280220522685,0.3109331039482619,-0.2565653072695871,26.73882820526625,20.41206004699205,1.4110600138494391,-0.007854990731368972,-0.007886003682112324,0.04341238299753624
2022-03-23,25.557626724243164,26.53271160406256,25.498802493887705,26.04815953373337,502120000,23.73750057220459,24.27281520843506,24.317827459474277,55.79602650458699,0.37201619903543914,-0.13084900600858185,26.957868573954553,20.517132570454624,1.384120663586969,-0.033554649422980365,-0.03413052556714734,0.0428930674680236
2022-03-24,28.06612968444824,28.2356232635704,25.82981243429496,26.08804154718275,877379000,23.957146549224852,24.279549827575682,24.674808623757514,64.09854207069746,0.6157423222222604,0.01846925963758661,27.68868403292408,20.225609065525624,1.476540368996988,0.09815085677832469,0.09362772597986319,0.046027217460769404
2022-03-25,27.6094913482666,28.273507371801568,27.189746185956608,27.8029135702572,579016000,24.133574962615967,24.273523139953614,24.954302216567903,61.82221135413114,0.763251841237647,0.16742577595759872,28.191249719459705,20.07590020577223,1.4484847130575573,-0.016270085733789852,-0.016403896977429343,0.0463409890117951
2022-03-28,28.134923934936523,28.16583171019332,27.12494158890915,27.673304055239864,425494000,24.324910736083986,24.30639533996582,25.257218570698246,63.43146352914649,0.9120388007562745,0.3163483809173339,28.74241526546247,19.907406206705502,1.4193708136451726,0.019030868046140625,0.018852046270632018,0.046407781210839154
2022-03-29,28.57062530517578,28.85976031919867,27.896638718914144,28.60950867127436,488984000,24.583288860321044,24.340664749145507,25.572781116838964,64.75803324333599,1.052972980332619,0.46367330080039093,29.345910719262257,19.82066700137983,1.3867815841194122,0.015486139974888236,0.015367453471392702,0.04516340617966217
2022-03-30,27.60750198364257,28.41110037401944,27.42105885059828,28.219672974520872,463487000,24.75627202987671,24.37638626098633,25.766564056534545,59.61024076181537,1.074561454575452,0.5858509315554032,29.69126178461548,19.821282275137936,1.36983764629499,-0.03371026399477273,-0.034291555987931814,0.04594180774679963
2022-03-31,27.204700469970703,28.16383407766536,27.18874929829673,27.69922292351164,523440000,24.934339618682863,24.420719146728516,25.90352942924275,57.54977735163674,1.0470974722839017,0.678100239701103,29.952161089153922,19.916518148211804,1.3416410129431071,-0.014590291939869382,-0.014697777022964901,0.04575664814906474
2022-04-01,26.63241577148437,27.414080364707395,26.18874188191669,27.293440575757664,517235000,25.122576999664307,24.471888427734374,25.9729471761229,54.659020275952,0.9679950318937891,0.7360791981396403,30.09844530548876,20.146708693839855,1.3333336893607926,-0.02103624331824694,-0.021260657890994374,0.04527712378507059
2022-04-04,27.27848625183105,27.475896299662303,26.533712066907064,26.64836921622832,397120000,25.42208204269409,24.551450309753417,26.097284230952248,57.2685827246723,0.9465272889161547,0.7781688162949432,30.153871999612452,20.690292085775727,1.3053944424603958,0.024258801225175874,0.02396923025652248,0.0415035264401862
2022-04-05,25.853742599487305,27.237607768198263,25.743073244909805,27.17280089255996,436615000,25.6422739982605,24.602557258605955,26.07408978986035,50.38214026759522,0.8052664321066416,0.7835883394572829,30.01005648834007,21.27449150818093,1.3218243399218852,-0.05222957165550601,-0.05364297024716996,0.044013820103968655
2022-04-06,24.334285736083984,25.22462494159722,23.93149001085727,24.859716112456148,703833000,25.71171646118164,24.644169044494628,25.90839416569117,44.26837951254086,0.5642049120885915,0.7397116539835447,29.947966571162787,21.475466351200495,1.3647120719724672,-0.058771253622423414,-0.060569080332716484,0.04425741244074886
2022-04-07,24.13587951660156,24.648348142863963,23.40805479480209,24.36818516337684,557992000,25.788985919952392,24.672880935668946,25.739583246730255,43.52565336016394,0.35308208645090744,0.6623857404770173,29.84733221296795,21.730639626936835,1.3558250202645676,-0.008153361131459813,-0.008186781563531722,0.044119327728279034
2022-04-08,23.05012321472168,23.85172878488728,22.99329382056796,23.845746142871228,524781000,25.839784240722658,24.696385498046876,25.48344419606277,39.609200296941786,0.09703569941728318,0.5493157322650705,29.730848130592157,21.948720350853158,1.3405936399623555,-0.0449851558603056,-0.04602839502043309,0.04504501379140344
2022-04-11,21.851701736450195,22.253500942815894,21.59546745592254,22.147817756385205,575207000,25.869046878814697,24.678058052062987,25.137563961813953,35.782056081837084,-0.20027683797165352,0.39939721821772567,29.628679082636722,22.10941467499267,1.3487409341649828,-0.05199197709737513,-0.05339231378547365,0.04596126077812364
2022-04-12,21.439926147460938,22.657288711331173,21.21858749948453,22.46984915211368,662258000,25.795815467834473,24.618678817749025,24.785407979494618,34.54689535458844,-0.46377984914478887,0.22676180474522278,29.830559805452047,21.761071130216898,1.3551666682851011,-0.018844097084776967,-0.019023909601993728,0.04264163533870744
2022-04-13,22.13684844970703,22.432964462991524,21.39107781519928,21.663265165709976,516943000,25.68150701522827,24.57020751953125,24.533164214752944,38.42123428980818,-0.6093478953360787,0.0595398647289625,29.98587563994484,21.3771383905117,1.3327895239641827,0.032505816365819395,0.031988679121270465,0.04038418125522685
2022-04-14,21.19466590881348,22.70914138808518,21.099949624918715,22.437950489268136,569097000,25.506629467010494,24.49085063934326,24.21521199513966,35.37283015812832,-0.7916126596274715,-0.1106906401423243,30.222122045285783,20.791136888735206,1.35253254105006,-0.042561728831188694,-0.043494028758735065,0.0410965131820969
2022-04-18,21.71809768676757,22.02218733055563,21.01619480926674,21.136834574331875,525701000,25.273824977874753,24.447760925292968,23.97739158481851,38.301597447255205,-0.8836362201941661,-0.26527975615269267,30.24767075026997,20.299979205479534,1.327779682495691,0.024696392017032442,0.024396365803412746,0.03795635986826365
2022-04-19,22.131866455078125,22.30634432481196,21.250499340490578,21.655289899939216,512781000,25.047700881958004,24.40554988861084,23.801627286747994,40.59344842574852,-0.9126573277792609,-0.39475527047800635,30.15923930431445,19.936162459601558,1.3083557754832404,0.01905179607708707,0.018872583250132975,0.038231400470620236
2022-04-20,21.41799736022949,22.60245758579672,21.1368379554735,22.449913552276666,468974000,24.796351814270018,24.340907249450684,23.57461491279385,37.97267653015588,-0.9819408318548923,-0.5121923827533835,30.09914278611383,19.493560842426206,1.3195889079718106,-0.03225525946027208,-0.03278692426947283,0.03859502092210101
2022-04-21,20.12286376953125,22.3252815198286,19.940408469145567,21.64431600771428,656209000,24.52461366653442,24.24278594970703,23.245876708673602,33.71931159666444,-1.1283480706951465,-0.6354235203417362,30.188235812341944,18.8609915207269,1.3956806324511837,-0.06046940658901834,-0.06237489715588883,0.03991400795437284
2022-04-22,19.45685768127441,20.42496541698948,19.44190297982305,20.24251007228569,624713000,24.09415006637573,24.09950508117676,22.885017753683204,31.749833292362567,-1.2833246201808457,-0.7650037403095581,29.92196124815185,18.26633888459961,1.3662079042165585,-0.033096983405774605,-0.03365708163585608,0.030734191651269244
2022-04-25,19.84270668029785,19.88557784076936,19.039108228053102,19.14479141968029,641566000,23.705810832977292,23.981505737304687,22.59527384193222,34.14952406525353,-1.3593402345830903,-0.8838710391642646,29.579785895660194,17.83183577029439,1.3290837405379656,0.019831002793158525,0.0196369300330273,0.03186183639290607
2022-04-26,18.732023239135746,19.729043844449905,18.614374777282016,19.659252706344454,653143000,23.235665798187252,23.878674583435057,22.227345213094463,30.793199278770885,-1.4920070988988279,-1.0054982511111772,29.12155924385977,17.349772352514734,1.3218871807149564,-0.05597439195454734,-0.05760198603777823,0.03194905228858713
2022-04-27,18.36013603210449,19.10989445940128,18.235508451875702,18.5425894707866,499460000,22.72514133453369,23.76206573486328,21.859039576809703,29.73926113122505,-1.6086116604034117,-1.126120932969624,28.440296647699377,17.009986021368,1.2899228112014292,-0.019853018666680655,-0.02005273761117136,0.030862779722892045
2022-04-28,19.723064422607425,19.97730578339069,18.43491377285969,18.910491964188285,570327000,22.33091945648193,23.62829578399658,21.655613371647583,38.10089528548397,-1.5729131214805179,-1.2154793706718028,27.723169520462466,16.938669392501392,1.3132975926360557,0.0742330224634351,0.07160693946470725,0.03735406079912807
2022-04-29,18.491743087768555,20.06803212955995,18.46183178332937,19.344195296792407,500435000,21.895271587371823,23.469580459594727,21.354292392230533,34.147090647689836,-1.6252443086194646,-1.2974323582613352,27.044476502073323,16.746066672670324,1.3342192178928074,-0.06243052846430275,-0.06446442091165032,0.03876340854137786
2022-05-02,19.47480010986328,19.515676409074107,18.336202633213315,18.48575531052603,572049000,21.537390804290773,23.370480041503907,21.175293127243176,39.541334453614276,-1.5693027206139973,-1.3518064307318678,26.300333808827297,16.77444779975425,1.3231659720333777,0.05316194462732793,0.05179701489503269,0.041920283728366425
2022-05-03,19.54360008239746,19.76593718597662,19.075997486229383,19.342202225014407,475751000,21.150646495819093,23.290001068115235,21.01989378963882,39.912301568735316,-1.5021017325373052,-1.3818654910929553,25.186776613259617,17.114516378378568,1.2779355240129393,0.0035327691245126136,0.0035265435536968597,0.04115587428193257
2022-05-04,20.273418426513672,20.339221777103816,18.695134485364377,19.863643621096067,648855000,20.87163028717041,23.22914264678955,20.948800897912616,43.848266476697525,-1.3741142901256467,-1.3803152508994936,24.29347618831841,17.44978438602241,1.3040892217076894,0.03734308628089167,0.03666271954557111,0.041842889238587415
2022-05-05,18.78785514831543,19.86563374147308,18.444880215286258,19.80780788821949,626331000,20.59430875778198,23.158569793701172,20.74299654080812,38.342618048849985,-1.3766862786323166,-1.3795894564460582,23.736255234544092,17.45236228101987,1.341549863816241,-0.07327640790244905,-0.07609993253123075,0.04282409585186468
2022-05-06,18.619361877441406,19.45386814460788,17.936403191321382,18.680180965141894,633297000,20.318482875823975,23.057492828369142,20.540745620487485,37.76345104448898,-1.3764536954678697,-1.3789623042504207,23.1183125746261,17.51865317702185,1.354115227349831,-0.00896820150804345,-0.009008657889481105,0.042820654305129296
2022-05-09,16.899497985839844,18.200608121706267,16.776863370793325,17.98026782674294,644455000,20.010951614379884,22.91386432647705,20.19396013147342,32.38600960465348,-1.4977825097492037,-1.4027263453501773,22.893010632270066,17.128892596489703,1.388999747299706,-0.09236964740909259,-0.09691808393962525,0.04593811096255419
2022-05-10,17.54258155822754,18.14378578300302,16.974279965454567,17.63630138327549,761474000,19.79549560546875,22.778551788330077,19.941447886402386,36.05277989554435,-1.5244718369899921,-1.4270754436781403,22.73853433439163,16.852456876545872,1.378663179432811,0.03805341276566554,0.03734724080484531,0.04646804621556732
2022-05-11,16.58045196533203,17.70010720962238,16.518638315122686,17.295316703632178,670167000,19.552521896362304,22.642099571228027,19.62135303677664,33.15572634307159,-1.604760458768709,-1.4626124466962542,22.707169709792762,16.397874082931846,1.36457787336616,-0.054845382345921956,-0.0564067483069627,0.04751880926955689
2022-05-12,16.126808166503906,16.73798268883239,15.52062076316458,16.170677698614824,708728000,19.25201988220215,22.48167896270752,19.288539239607807,31.855933356044247,-1.685564890453211,-1.5072029354476455,22.50808363305959,15.995956131344704,1.3540624485305635,-0.0273601588048773,-0.027741418253737216,0.046462459470931326
2022-05-13,17.653249740600586,17.8745884809046,16.5435666197067,16.737985372316167,670437000,19.074949073791505,22.361876983642578,19.132797382559502,40.332216216281864,-1.607897070158959,-1.5273417623899084,22.273850969923462,15.876047177659549,1.3821851532355727,0.09465242956552089,0.09043689695946895,0.05193653271889289
2022-05-16,17.212570190429688,17.73500935289175,17.0550418335486,17.456841168008935,521446000,18.849672698974608,22.248775024414062,18.949918602356664,38.83053362108596,-1.563876524698074,-1.5346487148515418,21.90359143788319,15.795753960066026,1.3320267508146855,-0.02496308366143951,-0.02527994578972772,0.051485415411010114
2022-05-17,18.12284278869629,18.31626502100498,17.58146135414091,18.020149031920944,585830000,18.64922151565552,22.185464172363282,18.871149477246153,43.509348868133415,-1.438951200333399,-1.5155092119479134,21.31695353545341,15.981489495857627,1.3157173279404433,0.05288417640107701,0.05153323318095902,0.05303310926555489
2022-05-18,16.887535095214844,18.064019738570103,16.813756162184983,17.652250113395763,545161000,18.422698402404784,22.094216804504395,18.6822338218146,39.13462413256261,-1.423219993540986,-1.497051368266528,20.871989548716606,15.973407256092962,1.3152437064097906,-0.06816301989067297,-0.07059739364157809,0.05446428278392819
2022-05-19,17.07298469543457,17.634307130960774,16.684145291017686,16.886541532338022,621310000,18.27020444869995,21.97676776885986,18.528972000254598,40.1082025406461,-1.379882242406424,-1.4736175430945073,20.65604653458425,15.88436236281565,1.2891664302335977,0.010981448694207252,0.010921590408267037,0.053339194436255524
2022-05-20,16.644264221191406,17.35813066451446,15.708061631405265,17.280363930362633,739105000,18.1295747756958,21.85784324645996,18.349476021296198,38.57214521189604,-1.36440293399383,-1.4517746212743718,20.55036860931112,15.708780942080482,1.3149451875818545,-0.02511104425448274,-0.02543170601348337,0.05316181800878311
2022-05-23,16.847654342651367,16.864603890150594,16.130796688219526,16.2255129579709,639889000,17.979822158813477,21.75411319732666,18.206445385234787,39.75101083870349,-1.320501666329104,-1.4255200302853184,20.32763799797885,15.632006319648102,1.2734353314639413,0.01221983253552339,0.012145773100776334,0.05299088641592101
2022-05-24,16.10586929321289,16.547550187898246,15.732984010714674,16.460809506552845,588550000,17.848514461517333,21.65090160369873,18.00639051932794,36.96476275578252,-1.3302313703495052,-1.4064622982981558,20.304619293280396,15.392409629754269,1.2620949743548522,-0.044028980791740224,-0.045027681025945156,0.05247239389438398
2022-05-25,16.924427032470703,17.060021530351076,15.952331454150205,15.972272324867756,781132000,17.776729011535643,21.531299057006837,17.90334637772249,41.81165677891015,-1.2573969726999188,-1.3766492331785085,20.252668132414822,15.300789890656464,1.2510660530581392,0.05082356775382246,0.049574206969267745,0.05386698330637583
2022-05-26,17.797809600830078,18.038090722554703,15.974258960263228,15.988217183918058,996575000,17.68046627044678,21.398794898986818,17.89329525611369,46.53540056602949,-1.1163321317925146,-1.3245858129013097,19.990369524001522,15.370563016892033,1.309120746574806,0.051604852955064784,0.05031742869278559,0.05238367907641035
2022-05-27,18.75495338439941,18.82474451489988,18.04607137007984,18.131815573979985,738379000,17.69362678527832,21.280049629211426,17.975357934998044,51.20994209221428,-0.9167361610898119,-1.24301588253901,20.024770440423914,15.362483130132722,1.2889646156815915,0.053778740476282616,0.052382504435327035,0.05198304312206835
2022-05-31,18.61637115478516,19.1427979559488,18.29532999144944,18.923452187686586,664100000,17.650705337524414,21.12489330291748,18.036406813073008,50.52119251909527,-0.7609654085017681,-1.1466057877315619,19.878403137959904,15.423007537088925,1.2574291405971465,-0.007389100189901021,-0.007416534819071025,0.050590974395881706
2022-06-01,18.26542091369629,18.99623696880328,18.068010839185806,18.668218552747707,544514000,17.586796379089357,20.957114753723143,18.058217679799032,48.73364086363874,-0.6582468562361576,-1.048934001432481,19.661709633921028,15.511883124257686,1.2339146398128842,-0.018851699838325464,-0.019031658404179048,0.05073212748654925
2022-06-02,19.53363037109375,19.56055035839236,18.14378428765927,18.23750410498318,648656000,17.549806976318358,20.818887786865233,18.19873317420805,54.93835999201071,-0.4691002633440853,-0.932967253814802,19.450921666375276,15.648692286261442,1.2469754563071846,0.06943226019207138,0.06712790970557303,0.05252268142842064
2022-06-03,18.66422843933105,19.27440657553001,18.46681836923716,19.02515137889632,598779000,17.54362564086914,20.68101982116699,18.243066056600718,50.432149952641865,-0.3849166165938307,-0.8233571263706078,19.42933999180517,15.657911289933116,1.2341066381321422,-0.044507954499295566,-0.04552884029647829,0.05079136903949351
2022-06-06,18.73002815246582,19.27938709229923,18.508689459205605,19.081977060607624,422406000,17.54915895462036,20.494297790527344,18.289443399064062,50.76132746484784,-0.30932527388593556,-0.7205507558736733,19.448070389324847,15.650247519915874,1.2010059949151053,0.0035254451234698614,0.003519245308941633,0.05074049901668371
2022-06-07,18.869609832763672,18.943388753536723,18.13380786559836,18.416962071987143,388914000,17.647664546966553,20.319500160217284,18.34469734513069,51.497172290491044,-0.23544149215216237,-0.6235289031293711,19.605049909996552,15.690279183936553,1.1730470587024808,0.007452294207015209,0.007424663054610762,0.045675866159997115
2022-06-08,18.59637451171875,19.12690128125382,18.48368648012161,18.74695554636219,363252000,17.700354194641115,20.12872917175293,18.36866659909146,49.92432974471619,-0.19666879427142803,-0.5381568813577825,19.699867709488004,15.700840679794224,1.1352018974474614,-0.014480178629369345,-0.014586039582361019,0.045275158280681356
2022-06-09,17.998035430908203,18.8805855849148,17.99105484045959,18.429837257031576,395574000,17.771233367919923,19.917277374267577,18.333368392597816,46.570017550821504,-0.2117808374862662,-0.47288167258347924,19.706393694683427,15.836073041156418,1.117653957948015,-0.03217503930314458,-0.03270403378289187,0.04399308191163263
2022-06-10,16.92700958251953,17.648007580932866,16.82229882218963,17.55127599699547,465248000,17.8112434387207,19.703667526245116,18.199429458304646,41.230009207865685,-0.306645259962103,-0.439634390059204,19.638853402190545,15.98363347525086,1.1218027187173405,-0.059507930879466375,-0.06135206289698564,0.045788930685313665
2022-06-13,15.603680610656738,16.266839478389468,15.562793756532251,15.95570299606834,604153000,17.70876498222351,19.471647129058837,17.952215282338177,35.77203223441161,-0.48303940911641874,-0.448315393870647,19.77463650984348,15.642893454603541,1.1391179406651932,-0.0781785444978651,-0.0814037233079625,0.04393385124429812
2022-06-14,15.792156219482422,16.021518975223227,15.369329385877796,15.687446432401757,469680000,17.63774428367615,19.2548419380188,17.746495371590008,37.05019070820086,-0.600700139412293,-0.4787923429789762,19.85879930004669,15.416689267305607,1.1043373441423532,0.01207891993745136,0.012006551952586141,0.04383898823905129
2022-06-15,16.481245040893555,16.821300578805904,15.881908139766276,16.050439932166825,563936000,17.555664396286012,19.038897113800047,17.625995340095105,41.62421034209174,-0.6310688381992016,-0.5092476420230213,19.819857617255817,15.291471175316207,1.098966416655291,0.04363487872295857,0.04270969526560417,0.04325915397464851
2022-06-16,15.55780792236328,15.897864407425716,15.358361819515215,15.816090696879078,545749000,17.489178037643434,18.832978420257568,17.42902510983493,37.673654850401626,-0.7213348100865247,-0.551665075635722,19.901209534915484,15.077146540371384,1.1006747598497946,-0.05602957278039533,-0.05766044042521655,0.042385913475348126
2022-06-17,15.83603572845459,15.950717118320275,15.285563915858456,15.604677679322638,630334000,17.427330589294435,18.66301342010498,17.277311835417756,39.53569529239479,-0.7616408626737332,-0.5936602330433243,19.940203056338785,14.914458122250085,1.069566077179225,0.017883483809526757,0.017725455594962015,0.042535599822730585
2022-06-21,16.520137786865234,16.960913567479754,16.361577575315028,16.42939011174875,483089000,17.421124267578126,18.510698585510255,17.205200021269896,43.96827440626825,-0.7299677668768396,-0.6209217398100274,19.942301597854126,14.899946937302124,1.073516917311078,0.04319907268088774,0.04229202327199569,0.0433914604969952
2022-06-22,16.314708709716797,16.615872682415247,16.135206727012413,16.18107890643938,437135000,17.394476985931398,18.375990295410155,17.120391324931507,42.950042430594536,-0.7132214470720015,-0.6393816812624222,19.95036281018048,14.838591161682317,1.0311704200319176,-0.01243507044546377,-0.012513032920760177,0.04339192293909407
2022-06-23,16.180078506469727,16.539080487355168,15.809107764015794,16.473263235618262,463680000,17.39818744659424,18.262557830810547,17.030837723173242,42.25933326340016,-0.7027129626170137,-0.6520479375333406,19.946784718185256,14.84959017500322,1.0096562988395932,-0.008252075206643839,-0.008286312059404107,0.042234037571411726
2022-06-24,17.078584671020508,17.09254584996885,16.26484385133375,16.454318352824092,472153000,17.40589532852173,18.175331001281737,17.03538505153965,48.241722674950864,-0.6147959891611414,-0.6445975478589008,19.949642526617236,14.862148130426224,1.0027142306009882,0.055531631950457294,0.05404455654544501,0.042537915637218204
2022-06-27,16.822296142578125,17.282020263994987,16.579968879448046,17.26407044859053,427968000,17.357119655609132,18.06903995513916,17.01509086973379,46.75372619577624,-0.5593536163388535,-0.6275487615548914,19.906341455560135,14.807897855658128,0.9812383130256991,-0.015006426667033002,-0.015120162366391927,0.04097211735472116
2022-06-28,15.937752723693848,17.15437435755345,15.900854507260869,16.853210426478878,461149000,17.21625962257385,17.963901691436767,16.912487236777604,41.94496109277181,-0.5801033278410621,-0.6180596748121255,19.752260068262455,14.680259176885247,1.000686994259048,-0.05258161022652852,-0.05401447790034519,0.040245314423909447
2022-06-29,15.498971939086914,15.776202177014092,15.128002076209375,15.770219221628231,482352000,17.06038966178894,17.839519176483154,16.777866732235633,39.760318879816076,-0.6247518159343315,-0.6193981030365667,19.616141883518853,14.504637440059025,0.9870486837751498,-0.027530906785535714,-0.027916984750889554,0.040498014641096286
2022-06-30,15.117030143737791,15.52390051921732,14.820852506876262,15.31847053785556,686070000,16.902970123291016,17.699222450256347,16.619691819045364,37.90942308524116,-0.683081437677032,-0.6321347699646598,19.529308820820162,14.27663142576187,0.9667629215298573,-0.024643040638450464,-0.024951762821303805,0.04059771285522387
2022-07-01,14.482792854309082,15.0212978268502,14.352155961339314,14.85775230195311,577610000,16.65042824745178,17.56051836013794,16.416177631927624,34.99608526726588,-0.7715913075703007,-0.660026077485788,19.1861573916458,14.114699103257763,0.9523422973061874,-0.041955151468123564,-0.042860687355616,0.03678666113110464
2022-07-05,14.92257022857666,14.929550817854716,14.016087452919178,14.135755105271844,651397000,16.463345336914063,17.456512489318847,16.273929307798962,38.5239768453047,-0.7970616281141076,-0.6874331876114519,18.928288065492048,13.99840260833608,0.9495652307082839,0.030365508827721044,0.029913602232118197,0.03734543909313342
2022-07-06,15.088111877441406,15.27658874989287,14.748055399282007,14.968444218161782,529066000,16.281249523162842,17.369137573242188,16.160994314431576,39.84737158663823,-0.7947280824413951,-0.7088921665774406,18.582116822677023,13.980382223648663,0.9194915249870396,0.011093373750571178,0.011032293588224452,0.037532423703325164
2022-07-07,15.814096450805664,15.900855482165372,15.346395028402622,15.41320992490336,492903000,16.128473854064943,17.288565368652343,16.12795642265768,45.39863618993473,-0.7259297763332437,-0.7122996885286013,18.104417499475808,14.152530208654078,0.9118666735396772,0.04811633021158168,0.046994581848859907,0.03957768402362765
2022-07-08,15.79415225982666,15.992601679207208,15.346394973873569,15.387281829188536,467972000,15.988362741470336,17.229807949066164,16.096165550007104,45.27502160891555,-0.6653462551433194,-0.7029090018515449,17.61011372383932,14.366611759101353,0.8928909615249603,-0.0012611653812183432,-0.0012619613195546976,0.03957491470196812
2022-07-11,15.110050201416016,15.484011966579512,14.996365505258906,15.483014331967349,437321000,15.843963479995727,17.164806232452392,16.002249802522236,41.1373816539578,-0.6648704838831936,-0.6953012982578747,17.21990002716131,14.468026932830146,0.8860978038851598,-0.04331362944693762,-0.0442796627117535,0.04001806995422859
2022-07-12,15.040242195129396,15.38827589482835,14.835809855403015,15.225727086961914,458483000,15.749625110626221,17.071149787902833,15.910630030389584,40.72834724967284,-0.6624895868574345,-0.6887389559777868,17.07333137668217,14.425918844570274,0.8622669635666008,-0.0046199718304097415,-0.00463067688435702,0.03813312201610309
2022-07-13,15.122015953063965,15.33243221201758,14.424951823504246,14.549605743927154,521918000,15.725541877746583,17.00375524520874,15.835523927787143,41.46260742108401,-0.6465512100720172,-0.6803014067966329,17.07624427349813,14.374839481995037,0.8654964939199389,0.005436997414911993,0.005422270301203811,0.0340784402564223
2022-07-14,15.32944107055664,15.430161276206992,14.687223985290592,15.066172037556123,456235000,15.702406120300292,16.920848064422607,15.787325560431857,43.37869297237504,-0.6101490398552851,-0.6662709334083633,17.063562828613055,14.34124941198753,0.8567422651339719,0.013716763567535262,0.013623540279973579,0.03411351006624469
2022-07-15,15.71836280822754,15.73830694346338,15.40224003829484,15.615648276832916,385935000,15.664262008666991,16.84434331893921,15.78075767926954,46.88904892740439,-0.5436504597304772,-0.641746838672786,16.977906025098918,14.350617992235065,0.8247510942605982,0.02537090138386744,0.025054402145288382,0.03308667865762569
2022-07-18,16.05642318725586,16.850218938777058,15.957698248928535,16.25686691896844,670517000,15.689192771911621,16.760003414154053,15.807011537172999,49.802261390389326,-0.45838720620900375,-0.6050749121800296,17.012697971593077,14.365687572230163,0.8466871682812352,0.021507353097319104,0.021279333582788065,0.03087216118123067
2022-07-19,16.944957733154297,17.062631077163257,16.127228231279975,16.440358091474902,702366000,15.744638872146606,16.72314546585083,15.915387365361694,56.54844464688241,-0.3154814773531722,-0.5471562252146582,17.176576541969737,14.312701202323474,0.8580815055402468,0.05533826155028576,0.05386134260004001,0.03295046312648357
2022-07-20,17.7576961517334,17.883348644030917,16.7544828947443,16.900078566553773,760538000,15.806516790390015,16.70591215133667,16.09084534501614,61.62824660961013,-0.1350892350027948,-0.4647428271722856,17.45737420156382,14.15565937921621,0.877423237236416,0.04796343734684605,0.04684869726243037,0.03326522213341583
2022-07-21,18.000024795532227,18.093764403863,17.49642380939711,17.835482614701714,557049000,15.890782594680786,16.72792268753052,16.27267195935101,63.01655966841781,0.027114256771369583,-0.3663714103835546,17.790143265350576,13.991421924010996,0.8574173341813782,0.01364640107186288,0.013554127461463434,0.03309193203037581
2022-07-22,17.27105140686035,17.917256187628578,17.089554175506528,17.843461655137467,536671000,15.945331239700318,16.722492084503173,16.36775571625666,56.40525818782422,0.09573604687962245,-0.2739499189309192,17.935295739999983,13.955366739400654,0.8612068545988297,-0.04049846580504779,-0.04134136458313111,0.03454799723841686
2022-07-25,16.976865768432617,17.076589278551587,16.602904032037294,16.971878546789405,480748000,15.940245294570923,16.730420360565187,16.425766197416273,53.945556570629385,0.12494074835049318,-0.19417178547463673,17.919087196789253,13.961403392352596,0.8474168917577032,-0.017033452770042645,-0.017180190716228103,0.032587706981228
2022-07-26,16.487226486206055,16.872157459195602,16.43237845884533,16.842239834616713,397865000,15.923491811752319,16.73762872695923,16.431619558253395,50.0346856741447,0.10733855464320996,-0.1338697174510674,17.87769945228986,13.969284171214776,0.8257790644598162,-0.028841559384713666,-0.029265651380712163,0.033070876650276956
2022-07-27,17.740747451782227,17.886343144331377,16.866174710818715,16.984844729606653,569776000,16.013641548156738,16.73937868118286,16.55629840525614,58.3578900790072,0.19232040520747518,-0.06863169291935889,18.12240007865813,13.904883017655344,0.8667317497216381,0.07602982627944876,0.07327818094597768,0.03486341422763649
2022-07-28,17.934207916259766,18.089776144359217,17.391715338129444,17.925233960102176,474646000,16.13540334701538,16.75381143569946,16.68752788249458,59.479751827888535,0.2721426852351492,-0.00047681728845727633,18.38757937718596,13.883227316844799,0.8546838251865049,0.010904865480067638,0.010845836184461912,0.03396890275324351
2022-07-29,18.11271476745605,18.19348989029008,17.64301808926749,17.763683382729887,435460000,16.285187578201295,16.753608875274658,16.823259966776625,60.536211055054586,0.34582003024986463,0.06878255221920711,18.642535855753295,13.927839300649298,0.8329543948890825,0.009953428221072702,0.00990421911783311,0.03309595474135226
2022-08-01,18.38994598388672,18.793825424102035,17.94019436661478,18.131662250640616,476469000,16.480545234680175,16.783657093048095,16.97246815888235,62.18518774778541,0.4217187875664088,0.13936979928864746,18.85556285293388,14.10552761642647,0.8344312993603806,0.015305889812209816,0.015189936364266122,0.030798703123515812
2022-08-02,18.47470664978028,18.885566611126663,18.04190823831805,18.07182586289512,489527000,16.658152055740356,16.81169153213501,17.11553849134882,62.69838029437584,0.4831392484120016,0.2081236891133183,19.07153364211108,14.244770469369632,0.8350903760352544,0.004609076392493527,0.004598487125258543,0.030548023913672753
2022-08-03,18.840694427490234,18.915487551007924,18.08678689420816,18.133657657387115,418146000,16.8457811832428,16.855620136260985,17.27983905669562,64.91262769000772,0.5549504379127654,0.27748903887320775,19.324346278632895,14.367216087852706,0.8346339675184337,0.019810207796414847,0.01961653919503439,0.030608977181985658
2022-08-04,19.161800384521484,19.22063704890321,18.70806020009304,18.796814489472663,409652000,17.013166379928588,16.901903057098387,17.459073468869512,66.77606986647646,0.6305038343741209,0.3480919979733904,19.63826219275476,14.388070567102417,0.8116298876107005,0.017043212407432673,0.016899606239883506,0.029423969037263076
2022-08-05,18.936424255371094,19.17575952370509,18.614318611870623,18.75791901204397,386068000,17.17027997970581,16.958514156341554,17.599773543774425,64.19893506167364,0.6645341394258715,0.4113804262638866,19.860070748458362,14.48048921095326,0.7937592464838267,-0.011761740787804342,-0.011831457258210786,0.029728594593800346
2022-08-08,17.74374008178711,18.18850639909418,17.194266811220928,17.45354724017541,981859000,17.301964473724365,16.97490041732788,17.613484642632777,52.62435394956775,0.5884801236742376,0.44680036574595683,19.828320170310295,14.775608777138435,0.8615019748885652,-0.06298360015068283,-0.06505449438960642,0.03182051779861737
2022-08-09,17.0386962890625,17.398696888442636,16.67769900606931,17.204237068091455,668263000,17.40188717842102,16.95971815109253,17.558742894673703,47.20619462439915,0.46594450822498956,0.4506291942417634,19.711285241191725,15.092489115650316,0.8761119106620818,-0.03973479038099159,-0.04054577265322741,0.03350909008034279
2022-08-10,18.0468978881836,18.067839657584745,17.269056663137828,17.64900236749365,597422000,17.548131275177003,16.945557041168215,17.60523384643655,54.431349109268396,0.44505725037299015,0.44951480546800876,19.61970441443245,15.476558135921554,0.887042729080665,0.05917128763943569,0.05748679824202211,0.03549055805096442
2022-08-11,17.892322540283203,18.655205740612683,17.826505292941643,18.080800327074023,509327000,17.67627534866333,16.931076068878173,17.632575626802897,53.22856830204235,0.411289915182099,0.4418698274108268,19.483180973643627,15.869369723683038,0.8828754232656918,-0.008565203219862427,-0.00860209538326467,0.035699539382574634
2022-08-12,18.657201766967773,18.666177625548745,17.903294316475968,18.10972194522689,478094000,17.82321729660034,16.938911685943605,17.73015906872336,58.15587096857859,0.4411629679141349,0.4417284555114884,19.437001426450962,16.20943316674972,0.8750882562656811,0.04274901846657997,0.041860512801336194,0.03634104363757099
2022-08-15,18.979305267333984,19.1109397655642,18.56146664014529,18.649222338276203,457666000,17.96936140060425,16.927825183868407,17.849125373352944,60.063885368758996,0.48523514922440825,0.4504297942540724,19.439688716364063,16.499034084844435,0.8518300326337689,0.017264298493919306,0.017116963828323117,0.03627793274915462
2022-08-16,18.82673072814941,19.08900306515244,18.449777011947884,18.867617579479603,451240000,18.063450050354003,16.931075229644776,17.942230645238322,58.698530171275316,0.5020637024046373,0.46075657588418545,19.499969307937626,16.62693079277038,0.8366440341031108,-0.008038994949260636,-0.00807148189455784,0.03475499676579131
2022-08-17,18.284236907958984,18.63626023321667,18.09476431039142,18.47171804037453,446799000,18.089777088165285,16.922159404754638,17.974802670259336,53.99839359677561,0.4662510823180632,0.46185547717096104,19.52221117171776,16.65734300461281,0.8291670615070309,-0.028815083618277892,-0.029238389705950038,0.0340924539432713
2022-08-18,18.721025466918945,18.8127698107228,18.13265879882492,18.250332132443727,415447000,18.12582712173462,16.919187717437744,18.04587150803644,56.984912088799334,0.4677228908587985,0.46302895990852855,19.583480301462455,16.668173942006785,0.8185202008206628,0.02388880439247809,0.023607931260583113,0.03435237587481386
2022-08-19,17.799579620361328,18.468721246381484,17.720797888259778,18.35503657639965,441588000,18.152253532409667,16.903251819610595,18.022415137781667,49.66029756267137,0.39004019023672853,0.4484312059741685,19.565447982416003,16.73905908240333,0.8314992992376988,-0.049219838314191744,-0.050472408579350724,0.03497690811266248
2022-08-22,16.986839294433594,17.509388691765842,16.91902677104241,17.44157616837466,409593000,18.152752208709718,16.883027896881103,17.923788866986612,44.256837525586604,0.25989878693760815,0.41072472216685646,19.56429333417882,16.741211083240614,0.8350031242435002,-0.04566064723225394,-0.046735955096215774,0.03635899639819575
2022-08-23,17.133434295654297,17.4166484395593,16.923018006184385,16.94196640912856,369986000,18.185062599182128,16.887156391143797,17.8485170030502,45.41061710260069,0.16666852761900586,0.36191348325728634,19.466186761264606,16.90393843709965,0.8106193606100298,0.008629916294595308,0.008592891428807682,0.035718836819904724
2022-08-24,17.17431640625,17.357806968229475,16.848222128016733,16.96489685836931,522661000,18.156741046905516,16.918569107055664,17.784307422402563,45.74786319191472,0.09498677170330083,0.3085281409464893,19.499465538616924,16.814016555194108,0.7891168948673665,0.0023861013437378453,0.002383259124244522,0.0312606607697545
2022-08-25,17.8634090423584,17.897315311031562,16.78639903354692,16.79736826116041,770691000,18.15320110321045,16.959994163513183,17.791840910017406,51.2183299728516,0.0927137342315163,0.2653652596034947,19.498624259681126,16.807777946739773,0.8121025650543147,0.04012343896596815,0.039339397423455574,0.032511557819245376
2022-08-26,16.214981079101562,17.874373512103524,16.19204404414736,17.80755957837467,769127000,18.058314418792726,16.954668884277343,17.641663783263517,40.65697485650289,-0.04162222933788229,0.2039677618152193,19.6473899620389,16.46923887554655,0.874261629547304,-0.09227958444818796,-0.09681886018346857,0.03841588224166786
2022-08-29,15.757251739501951,16.292764661951434,15.723346430004725,15.97564621280239,496132000,17.926679706573488,16.958657760620117,17.46219596957194,38.29559161830025,-0.18291089763708968,0.12659202992475752,19.795591765529327,16.05776764761765,0.8524871011472616,-0.02822879270513301,-0.028634885670223043,0.03844981532807573
2022-08-30,15.425177574157717,15.994595920392342,15.139969108143744,15.915815109572485,530181000,17.774203252792358,16.95044059753418,17.26819421762773,36.633258754346045,-0.31801293986321966,0.03767103596716208,19.91692859353948,15.631477912045234,0.8526399376544999,-0.021074370761733574,-0.02129960538595057,0.038471251831752415
2022-08-31,15.05221176147461,15.49697709866868,14.917585283969304,15.34140885146709,573710000,17.58477911949158,16.921082077026366,17.05714826942267,34.805832532750514,-0.44999029772037247,-0.05986123077034483,19.97268881782449,15.196869421158667,0.8331222145862768,-0.02417902879172995,-0.024476140533661112,0.0380366924748061
2022-09-01,13.89841365814209,14.340186988303111,13.233260527452885,14.1696599474045,1178865000,17.321609783172608,16.872756175994873,16.756316401681662,29.845716976686745,-0.640304141347567,-0.17594981288578926,20.08666659595835,14.556552970386868,0.9035385731173803,-0.0766530608003807,-0.07975023298217482,0.04018008967757035
2022-09-02,13.609217643737791,14.131766129658756,13.55337197606146,14.060963550220944,743157000,17.055249452590942,16.821338958740235,16.456592710448913,28.74017229054661,-0.8051832833287911,-0.30179650697438964,20.153086407397577,13.957412497784308,0.8803139717230886,-0.02080784336382735,-0.02102737722738432,0.040190865822694
2022-09-06,13.427719116210938,13.74084986231428,13.314034432615948,13.69298242689874,535751000,16.839448404312133,16.748321647644044,16.168128558616726,28.03821587701701,-0.9396647354150378,-0.4293701526625193,20.29593575822881,13.382961050395455,0.8479212187213202,-0.013336440953339412,-0.01342616995197176,0.038612530833621574
2022-09-07,13.680096626281738,13.803790627120508,13.313006348581766,13.529469898732929,512657000,16.671518421173097,16.685477657318117,15.931173136489583,30.57734184071215,-1.0141865875520022,-0.5463334396404159,20.389429622155557,12.953607220190635,0.8224114372797074,0.018795262835525905,0.018620814363165438,0.038707036958776295
2022-09-08,13.955414772033691,13.973370875053297,13.335950622483423,13.425727332314583,624873000,16.4669442653656,16.645830898284913,15.743005673208069,33.34054581896038,-1.0390522710460282,-0.6448772059215384,20.30785189617531,12.62603663455589,0.809197781229005,0.020125453297093143,0.019925613161630804,0.03590782858461297
2022-09-09,14.351431846618652,14.438216654464224,14.091077423081934,14.121999969055892,486612000,16.28989973068237,16.622880096435548,15.610474832580504,37.21181520694526,-1.0151017747163813,-0.718922119680507,20.177820804060858,12.401978657303886,0.7858837884576856,0.028377305945687104,0.027982128824304377,0.03703416859426564
2022-09-12,14.46914005279541,14.511036035425132,14.162898875313989,14.333476599142044,484159000,16.080496644973756,16.6099222946167,15.501776282124782,38.357718216225294,-0.9753792010341389,-0.7702135359512334,19.886116310458856,12.274876979488656,0.7546161721472183,0.008201844069272601,0.00816839173561196,0.03518946190708097
2022-09-13,13.09853744506836,13.887582320478687,13.06661696561573,13.767879095556324,714956000,15.786458253860474,16.582237186431886,15.272896392881314,31.21420695766774,-1.0424779145657759,-0.824666411674142,19.55934900031723,12.013567507403717,0.8008952375066799,-0.09472592031910376,-0.09951753065603106,0.0389886224987373
2022-09-14,13.09554386138916,13.25714305144816,12.881075254382225,13.221231803218425,588507000,15.499898910522461,16.545696659088136,15.065529485120157,31.200539567086068,-1.08340684592177,-0.8764144985236676,19.17492166767918,11.824876153365743,0.7705504203323411,-0.00022854335392430425,-0.00022856947393639498,0.03912855290794972
2022-09-15,12.897037506103516,13.200285874328175,12.758381195489552,12.982825342829914,523625000,15.230538940429687,16.50187517166138,14.859006439499524,30.25453870495771,-1.118962420529206,-0.9249240829247753,18.83886860566195,11.622209275197424,0.7470757245113614,-0.015158313193155748,-0.015274374781508279,0.03903486458688727
2022-09-16,13.165371894836426,13.179337223190451,12.585807914194328,12.710498889536233,670751000,14.952756261825561,16.448900680541993,14.697707911436371,33.202854070898056,-1.1126620514420438,-0.9624716766282291,18.288573081404458,11.616939442246665,0.7361081234031301,0.02080589349344142,0.020592406998306795,0.03887251470870418
2022-09-19,13.348917007446287,13.429717086609914,12.977836924096026,12.97983183509863,569685000,14.730223131179809,16.399995975494384,14.569251634865886,35.220057588184304,-1.0804041800522626,-0.9860581773130359,17.864416695827984,11.596029566531634,0.7158061261967558,0.013941506102220336,0.013845217215349884,0.03865702545533904
2022-09-20,13.143425941467283,13.449667136036725,13.024720650726076,13.182330035591836,524818000,14.538052463531494,16.36066349029541,14.433458711685066,33.982729498348675,-1.059211070351445,-1.0006887559207178,17.564696281569663,11.511408645493326,0.6950304375620339,-0.015393838006811822,-0.01551355330550156,0.037919086178179046
2022-09-21,13.228217124938965,13.996314062404092,13.0775903896323,13.180336402327288,807679000,14.342791604995728,16.3244229888916,14.318673798661628,34.997498784478225,-1.0237720316439312,-1.0053054110653605,17.17192538438946,11.513657825601994,0.7110085257913024,0.006451223893168212,0.006430503813812349,0.03785968122077794
2022-09-22,12.529945373535156,13.116491960905076,12.397274767166287,13.037686800354493,759162000,14.110573053359985,16.272581577301025,14.148318710554346,30.79890817544002,-1.0400420751429724,-1.012252743880883,16.72630848925024,11.494837617469733,0.7195752280756863,-0.05278653538936606,-0.05423079978173073,0.038745028627780925
2022-09-23,12.48505687713623,12.579822277960686,12.22669736982,12.38929449653901,663309000,13.841655445098876,16.21569389343262,13.989912821657382,30.54521720522196,-1.0445177775954928,-1.018705750623805,15.906724481767895,11.776586408429857,0.6934002052231862,-0.003582497374149507,-0.0035889298854325214,0.036654310862593034
2022-09-26,12.197768211364746,12.627703351069655,12.18380288466906,12.460118479404896,547343000,13.640794801712037,16.14528200149536,13.819232382581893,28.90425139831528,-1.0590386599478094,-1.026772332488606,15.516179633794758,11.765409969629316,0.6755787953072868,-0.023010601281087784,-0.023279477848878016,0.032174246416424974
2022-09-27,12.38231372833252,12.704515189141288,12.227697172710007,12.476081212421445,553854000,13.472047901153564,16.071799812316893,13.682382986939094,31.451797633880417,-1.0436250232868325,-1.0301428706482514,15.152536857118651,11.791558945188477,0.6635193797693765,0.015129449401721784,0.015016140718057113,0.032596310302966905
2022-09-28,12.704513549804688,12.7912983579507,12.323457977799617,12.379319288548018,542414000,13.336014699935912,15.986990928649902,13.589252564354865,35.77857790389609,-0.9939530997080972,-1.0229049164602206,14.786842634590041,11.885186765281784,0.6495423083680698,0.02602097059897046,0.025688185719983693,0.03355194686035571
2022-09-29,12.189791679382324,12.469099235897737,11.916468856699693,12.417227737413196,532763000,13.192893695831298,15.875632839202881,13.45597057530986,32.273870018485596,-0.9847696837218933,-1.015277869912555,14.49545508803962,11.890332303622976,0.6594353358492787,-0.040514882242797534,-0.041358474069258536,0.03413215950286009
2022-09-30,12.108988761901855,12.601767882452046,12.04514685934064,12.057117275528151,565638000,13.103422451019288,15.757812118530273,13.327686593080527,31.748112174736406,-0.972798069928043,-1.0067819099156528,14.445087112398703,11.761757789639873,0.6520914563680021,-0.006628736536748003,-0.00665080418526451,0.030302934971648977
2022-10-03,12.481067657470703,12.646657634128852,12.075073310975306,12.316475611950034,547478000,13.047014951705933,15.66201244354248,13.247056218260544,36.84967222553061,-0.9226510752016939,-0.9899557429728609,14.393728054818224,11.700301848593641,0.6463409468526838,0.030727495324754717,0.030264859065289963,0.03119280959623804
2022-10-04,13.13444709777832,13.187316515119232,12.847159012438114,12.847159012438114,584182000,13.032351350784301,15.585164070129395,13.23633154011938,44.67061784130785,-0.8207261402183157,-0.956109822421952,14.368509216152557,11.696193485416046,0.6506200833381014,0.052349643334921536,0.05102541968050008,0.033512079726875914
2022-10-05,13.176342964172363,13.2880665303076,12.58979733374113,12.87908032737509,507131000,13.007163667678833,15.518946399688721,13.230618342410141,45.139789233906626,-0.7281752970834567,-0.9105229173542531,14.31215872216139,11.702168613196276,0.654023591425842,0.0031897700818430685,0.0031846935576874675,0.033218208676143474
2022-10-06,13.097539901733398,13.62223953829422,13.07060622540916,13.187317554392024,644157000,12.964269924163819,15.426082248687743,13.217944205202832,44.37754253105646,-0.6536519429463379,-0.85914872247267,14.196118186186107,11.732421662141531,0.6467100001015005,-0.005980647487184965,-0.005998603186300176,0.03284129990931009
2022-10-07,12.046144485473633,12.638675790831927,11.992278089651654,12.474083761565735,672478000,12.849005556106567,15.308320980072022,13.106344231895289,35.71260838652725,-0.6716876737035467,-0.8216565127188454,13.966168868646436,11.731842243566698,0.6794637009572322,-0.0802742670874107,-0.08367976978393782,0.036249899522819054
2022-10-10,11.641148567199709,12.094025672565364,11.379796220873162,12.007240867482556,698699000,12.707605981826783,15.178889656066895,12.966801787638566,33.03671888537356,-0.7104710383049362,-0.7994194178360636,13.674505693336203,11.740706270317363,0.6819469688668729,-0.03362037693988362,-0.034198537433534716,0.03646726209291474
2022-10-11,11.55735683441162,11.81671332375179,11.255105480239216,11.532418070127363,667482000,12.630546951293946,15.042237873077392,12.832568934950286,32.49423341757499,-0.7394445700149905,-0.787424448271849,13.700683304197522,11.56041059839037,0.6733513170558515,-0.007197892227248315,-0.00722392203521842,0.030558369613768052
2022-10-12,11.47157096862793,11.705989685078036,11.316954408897722,11.550376145395958,492590000,12.549348306655883,14.902175159454346,12.702950081014825,31.916397783505573,-0.7605612286535894,-0.7820518043481971,13.708753143044465,11.389943470267301,0.6530430284218846,-0.00742261980942438,-0.007450304532366464,0.03053181339486596
2022-10-13,11.930432319641112,12.048140628446744,10.786267640804748,10.943877022867374,850103000,12.501018047332764,14.763969917297363,12.629376960883995,38.2425257774129,-0.7318339305984072,-0.7720082295982392,13.678859362065038,11.323176732600489,0.6965308826518924,0.03999987031140373,0.039220588452700184,0.03212470250839382
2022-10-14,11.199243545532228,12.081057843251315,11.176300644723986,12.0271914472458,713432000,12.402711629867554,14.604718780517578,12.493173778469542,32.98329522226442,-0.7593152496510562,-0.7694696336088027,13.667347434990864,11.138075824744243,0.7114041909287093,-0.061287701444408205,-0.06324623803588146,0.034056989703972265
2022-10-17,11.85861110687256,11.918463198926592,11.488528921337275,11.489525901270088,580774000,12.328196334838868,14.463162517547607,12.432739238317449,40.879148475441504,-0.7195939106862284,-0.7594944890242878,13.53535902285566,11.121033646822076,0.7119624382476847,0.05887608021555857,0.057208043923049866,0.03690834391853439
2022-10-18,11.937414169311523,12.4611158389974,11.589277019716144,12.313481973149718,659362000,12.26789574623108,14.347035999298095,12.385565422221646,41.76227033713902,-0.6739864189302054,-0.7423928750054714,13.42561738344284,11.11017410901932,0.7233821797500827,0.006645218544462983,0.006623236410031508,0.03691847859368155
2022-10-19,12.021206855773926,12.319468398644798,11.80474332104342,11.84963214701234,523131000,12.207545232772826,14.246686210632324,12.350864606369482,42.7416841565998,-0.623888979814609,-0.7186920959672989,13.281546304943559,11.133544160602094,0.7084781010251752,0.007019333104636205,0.006994812265773019,0.036927278731013244
2022-10-20,12.16385269165039,12.737430913529549,12.07507202855851,12.083052622860915,652398000,12.18924059867859,14.12902530670166,12.333053947824807,44.45426153682617,-0.566149848530884,-0.688183646480016,13.253069298227448,11.12541189912973,0.7090313836487786,0.011866182621085963,0.01179633151046059,0.035233545502083456
2022-10-21,12.435181617736816,12.467103048862125,11.857613479696209,12.06809134335418,609494000,12.186746835708618,14.019882488250733,12.342780392578332,47.66096656550709,-0.49281631454920927,-0.6491101800938547,13.248020866965291,11.125472804451945,0.7019212540428599,0.02230616671909158,0.022061022963646752,0.03560284184762138
2022-10-24,12.567852020263672,12.678577660700563,12.034174829585528,12.477077391333092,517457000,12.205251026153565,13.898095493316651,12.36421578569122,49.205121342665315,-0.41916173228735687,-0.6031204905325551,13.27947487962098,11.131027172686151,0.697812795262301,0.010668955758363907,0.010612444041868691,0.0352313526610501
2022-10-25,13.228217124938965,13.267121222834982,12.632692848550477,12.662619370414102,505482000,12.247546195983887,13.78307373046875,12.44650162752434,56.14123612004911,-0.3039996810563981,-0.5432963286373238,13.409365049999755,11.085727341968019,0.6979168243558016,0.052543991098125575,0.051210082468754144,0.03691314995059592
2022-10-26,12.864116668701172,13.354899906667043,12.676581741774218,12.837183946889244,532953000,12.255526351928712,13.663821449279785,12.486274488588801,51.93065593228469,-0.23935366955189252,-0.48250779682023753,13.431892075275366,11.079160628582057,0.6965169201084461,-0.027524529783485296,-0.027910427235400073,0.037170113040182674
2022-10-27,13.143425941467283,13.803789999892798,13.08955953917814,13.596304034739564,583113000,12.303208065032958,13.56100522994995,12.548860341243895,54.73524331814478,-0.1636963263057467,-0.4187455027173394,13.540766572252831,11.065649557813085,0.7138852351858161,0.021712277644813316,0.021479923421587624,0.036075145143556475
2022-10-28,13.799798011779783,13.815759201014696,13.028709325811905,13.07160323816218,521040000,12.387748527526856,13.462580680847168,12.667997262247313,60.5589403920284,-0.05019497967707487,-0.3450353981092865,13.7817982991622,10.993698755891513,0.7191112809013144,0.049939191899857516,0.04873225001611362,0.03735975466103789
2022-10-31,13.463629722595217,13.80378718885836,13.264124393389686,13.743935114438475,486341000,12.43687663078308,13.375861682891845,12.743771782280447,56.54626658399319,0.01248575577712785,-0.2735311673320036,13.907754892521961,10.9659983690442,0.7062935319418401,-0.02436037751404818,-0.024662000010840682,0.03756608793759955
2022-11-01,13.509516716003418,13.89057223464228,13.485575885802234,13.776853766844887,432817000,12.455630111694337,13.306315231323243,12.816699871206445,56.965436909633695,0.06511280717948331,-0.20580237242970623,13.970511799441056,10.940748423947618,0.6863398876636417,0.003408218612191316,0.003402423798066519,0.035837460930149216
2022-11-02,13.186319351196287,14.174869538553562,13.17833970749939,13.815759886644688,672628000,12.456128931045532,13.227372932434083,12.851901726443574,53.08152211609799,0.07982067524879888,-0.14867776289400522,13.971965822794362,10.940292039296702,0.7084963121915367,-0.023923680735689845,-0.024214499658658968,0.03630092608040519
2022-11-03,13.38782024383545,13.746930863679363,12.923970612064814,13.010755424842651,500065000,12.470642948150635,13.151643009185792,12.9029415852428,55.1353153879203,0.10650844166464779,-0.09764052198227463,14.016038363382133,10.925247532919137,0.7166723078646091,0.015281056621829991,0.015165477238864303,0.036407091818313767
2022-11-04,14.121002197265623,14.193821673388255,13.663136398930058,13.95142241289194,612576000,12.574385833740234,13.076794872283935,13.018947357816401,61.70409414777423,0.1846913382280242,-0.04117414994021488,14.263733040634534,10.885038626845933,0.723052959413766,0.05476484895050593,0.05331785009387666,0.032734597474929315
2022-11-07,14.265644073486328,14.376369715229352,13.919502771881342,14.19282459299917,410061000,12.705610609054565,13.03780813217163,13.137680378356395,62.859397216673074,0.25537938306049135,0.01813655665992637,14.489678642058411,10.921542576050719,0.7040396725519262,0.01024303191799758,0.010190927568840661,0.031198496019017335
2022-11-08,14.565902709960938,14.854187833198369,14.180856306818514,14.764410169505489,595292000,12.856037902832032,13.013981151580811,13.273701552794922,65.20597217349186,0.3318037039094257,0.08086998610982624,14.732424125728578,10.979651679935486,0.7018462335396354,0.021047674744154143,0.02082923225904424,0.03098528994555693
2022-11-09,13.74194049835205,14.175865431075565,13.724982330959945,14.126985839536582,454414000,12.969556379318238,12.980316410064697,13.318295738086077,54.94656032888494,0.32216989049851286,0.12912996698756357,14.770360206177207,11.168752552459269,0.7117801010725895,-0.056567878285045614,-0.058230859829969644,0.034377234234918716
2022-11-10,15.711061477661133,15.734004379130576,14.51103557058689,14.76341034070044,700819000,13.158587837219239,12.993493404388428,13.546178189474178,67.93200199631886,0.4680314550872886,0.1969102646075086,15.25314677243526,11.064028902003217,0.8032289424801563,0.14329278892927966,0.13391251030307272,0.04522658325341139
2022-11-11,16.286636352539062,16.348483351245335,15.443726031126111,15.767922381770838,655487000,13.41295747756958,13.041257858276367,13.807174205004166,70.59946338236595,0.6228915717201815,0.2821065260300432,15.718926464683475,11.106988490455686,0.8104809694543754,0.03663500876094927,0.03597989888401584,0.041720814289389806
2022-11-14,16.254714965820312,16.49911010478808,15.882636965812782,16.17790566297231,527852000,13.632762670516968,13.094167804718017,14.040273325081895,70.25045165566262,0.7345758080707228,0.37260038243817917,16.133993222571412,11.131532118462522,0.7966232672772985,-0.001959974179307711,-0.0019618974421407014,0.04092385052043697
2022-11-15,16.624794006347656,16.9559719708209,16.341495795044064,16.68065530390621,545876000,13.867131662368774,13.158109302520751,14.286418151869109,71.97989298090869,0.8432284431102719,0.4667259945725978,16.56009433793165,11.1741689868059,0.7898113914003906,0.02276748877513568,0.02251217743686539,0.04087512462995083
2022-11-16,15.870665550231934,16.321547735639033,15.833757322153296,16.12204333727618,649547000,14.059604597091674,13.201920680999756,14.437298856475092,63.83609003181971,0.8585873151678065,0.5450982586916395,16.747579035068004,11.371630159115345,0.7898989123142456,-0.04536167220043641,-0.04642272457780224,0.043191675760274204
2022-11-17,15.6382417678833,16.225786282199604,15.496592636887351,15.676147926956387,710894000,14.23332405090332,13.235577220916747,14.551674371847303,61.52566287459221,0.8422952201518203,0.6045376509836757,16.857087910454688,11.609560191351955,0.7855628218141032,-0.01464486675829646,-0.01475316142733146,0.043691629906357624
2022-11-18,15.370903968811035,15.962438276776751,15.082617967788815,15.926526078879489,492072000,14.380110168457032,13.255966663360596,14.629696238224803,58.88568538553242,0.7986058600833701,0.6433512928036147,16.911928982155302,11.848291354758759,0.792295499469377,-0.017095131475797,-0.01724294019748136,0.04416008985961364
2022-11-21,15.279131889343262,15.43873616621096,15.0427173645285,15.1095521073422,404739000,14.515674161911011,13.272166500091553,14.691547252617038,57.96618163886597,0.7479545333476008,0.6642719409124119,16.932570562648575,12.098777761173448,0.7639900210560259,-0.005970506331572145,-0.0059884010671395855,0.044333831233336736
2022-11-22,15.998346328735352,16.018297335588166,15.084610763309891,15.290101757838611,472866000,14.65418062210083,13.330162677764893,14.816004307485448,62.86070029476522,0.7571199786958935,0.6828415484691083,17.07756797873334,12.230793265468318,0.7761112032861864,0.04707168212179136,0.04599739384453182,0.044078213860596085
2022-11-23,16.478158950805664,16.486140496528126,16.008324643497133,16.05820026675545,427241000,14.834882736206055,13.397814979553223,14.97430474970642,65.72785048132764,0.7939483860291308,0.7050629159811128,17.236279592492572,12.433485879919537,0.7555171293223714,0.029991388622991666,0.029550441646392457,0.043341178828353186
2022-11-25,16.22977638244629,16.44623895293213,16.13201909254946,16.277658047637875,167934000,14.989200258255005,13.464469757080078,15.093873476634025,63.015784758964706,0.7939407124065117,0.7228384752661926,17.331931935188614,12.646468581321397,0.726275895674788,-0.015073441705526824,-0.015188200696924963,0.04374466553685002
2022-11-28,15.787870407104492,16.31656076749582,15.686123298163908,15.986377823696634,303741000,15.08860387802124,13.516919727325439,15.159968422393117,58.39890141450047,0.7496351841859514,0.7281978170501444,17.389366067419843,12.787841688622638,0.7194302937931539,-0.027228100063026783,-0.027605653943014483,0.04357624832389166
2022-11-29,15.60033893585205,15.892614834416976,15.481633631985178,15.787873909100044,298384000,15.195439338684082,13.561948165893554,15.201908471293967,56.50686396689036,0.691420249164679,0.7208423034730514,17.37995707545534,13.010921601912825,0.6973982158387715,-0.011878199302171377,-0.01194930877410018,0.04318177419975226
2022-11-30,16.885482788085938,16.89246723894382,15.562422258629718,15.662199992090873,565298000,15.364237642288208,13.636789302825928,15.362248882417012,64.89953477347923,0.7404494221989815,0.7247637272182375,17.52315603521316,13.205319249363257,0.7425872704441521,0.08237922634362915,0.07916160547263075,0.04622035703411241
2022-12-01,17.09701156616211,17.22672251600334,16.59812007687738,16.961313400800822,470977000,15.559772253036499,13.714165191650391,15.527464376107021,66.06041753368436,0.7872985124604366,0.7372706842666773,17.599338130625323,13.520206375447675,0.7344454967785669,0.012527256740649584,0.01244943987389266,0.04543340736127989
2022-12-02,16.838584899902344,16.895459640770735,16.408540682249722,16.622066938764753,371389000,15.732310485839843,13.800337982177734,15.65233299742086,63.30573781426919,0.7944163447019861,0.7486998163537391,17.582810000298412,13.881810971381272,0.731161595859554,-0.015115312126900315,-0.01523071281219617,0.045894749585420704
2022-12-05,16.57317352294922,16.957320143368804,16.43547900431618,16.64202078226574,352255000,15.854919052124023,13.882100315093995,15.740032095090228,60.514750038044966,0.7697673986419638,0.7529133328113841,17.583029077607396,14.12680902664065,0.7162101346590591,-0.015762095124434383,-0.015887637904799162,0.045179598802998
2022-12-06,15.951555252075195,16.53625550550943,15.78392750868016,16.493351572776334,352694000,15.939214611053467,13.957176055908203,15.760177157660225,54.45893097478357,0.6920954859765889,0.740749763444425,17.505946883855263,14.372482338251674,0.7214269832026305,-0.03750749788586094,-0.03822900286182415,0.04635490836734598
2022-12-07,16.08426284790039,16.150116510882306,15.632266127408132,15.737033837548465,372388000,16.01513261795044,14.03121503829956,15.791042461492621,55.48314983476566,0.6339406562222294,0.7193879419999859,17.449917104282743,14.580348131618134,0.7068857975077407,0.008319414234416511,0.008284998654376634,0.0462330015377693
2022-12-08,17.130935668945312,17.140913726572844,15.923617339692608,16.236922259213415,515456000,16.1845823764801,14.119743480682374,15.918651338392877,62.62306541844422,0.6646486282504931,0.7084400792500873,17.261279384350882,15.107885368609322,0.7433436967486332,0.06507434197903272,0.06304460140030357,0.045573465325830634
2022-12-09,16.963306427001953,17.54401680190964,16.937365000489294,17.121954302942694,465338000,16.247194623947145,14.215213775634766,16.01814229921279,60.93738221168626,0.6677611040919622,0.7003042842184624,17.351745706367044,15.142643541527246,0.7335799899394697,-0.009785177247920829,-0.009833366714139728,0.033665613849441285
2022-12-12,17.496126174926758,17.49911978299442,16.759763296368646,16.999231007459425,457328000,16.307669115066528,14.322956523895265,16.158902668328405,64.23301757260526,0.7050939798239622,0.7012622233395625,17.53935873148212,15.075979498650934,0.7339925968456342,0.03141013517722402,0.03092692920775533,0.033421441486152365
2022-12-13,18.03193473815918,18.7483433376604,17.671735017061216,18.48991676619764,656589000,16.39653010368347,14.433973865509033,16.337286674978955,67.22737133373666,0.7690506883069013,0.7148199163330303,17.838588274980808,14.954471932386134,0.7710086372662063,0.030624411248260985,0.03016484307456954,0.03390084481597193
2022-12-14,17.63481903076172,18.211538706655222,17.381382402080057,17.947124880020315,496888000,16.447031354904176,14.523981304168702,16.460861185053506,63.01654351665804,0.7787163642967911,0.7275992059257825,17.98507598216277,14.908986727645583,0.7752334706454177,-0.02202291174873683,-0.022269036367687265,0.03419476679059675
2022-12-15,16.914417266845703,17.281601445328924,16.662977044280925,17.107987414571323,478542000,16.499218940734863,14.598742790222168,16.50405700236705,56.14612029799357,0.7199469798249538,0.7260687607056169,18.0262872132613,14.972150668208426,0.7892769360622303,-0.04085110046546925,-0.04170895073451426,0.03386888069066472
2022-12-16,16.534257888793945,17.003217021729515,16.37361555870543,16.826609420854215,478232000,16.544019746780396,14.667477149963378,16.50693327726485,52.87032669491208,0.6353719620628304,0.7079294009770597,18.01911237682418,15.068927116736612,0.7778715451309341,-0.02247546409990231,-0.022731886772571062,0.03413659738397617
2022-12-19,16.21796226501465,16.572174722426883,16.109204679647327,16.535258005172167,354039000,16.586372661590577,14.7509135055542,16.479412228479116,50.24374484937201,0.536637217907117,0.6736709643630712,17.970116048283636,15.20262927489752,0.7553785806772643,-0.019129713949464056,-0.019315054407614468,0.03420364001433483
2022-12-20,16.049339294433594,16.27384085919094,15.81685699546008,16.028385941930914,403260000,16.624883031845094,14.839077320098877,16.438452901427162,48.85041033129135,0.4397140079620492,0.6268795730828668,17.899527627766272,15.350238435923918,0.7340646723239497,-0.010397297010907969,-0.010451726511982826,0.034280548544113276
2022-12-21,16.464414596557617,16.59013659325073,16.066299063788986,16.078273493531086,325025000,16.648186445236206,14.937218475341798,16.44092544382054,52.35310919199882,0.3918774543800865,0.5798791493423108,17.89284986370899,15.403523026763423,0.7202598599306059,0.025862454180153316,0.025533677508436967,0.03315530843826043
2022-12-22,15.304991722106934,16.102221001275094,14.849005155476783,16.058317929250357,565045000,16.58952808380127,15.013886890411378,16.332741279847816,43.410656422453876,0.2574432591174691,0.5153919712973425,17.964474029973488,15.214582137629051,0.7841991157270508,-0.07041992702814326,-0.07302232924607108,0.03615231080168674
2022-12-23,15.17228889465332,15.304993457460409,14.850005025607482,15.1623108361018,349326000,16.53665370941162,15.07872402191162,16.222222005067387,42.51552920905691,0.13859751580581303,0.44003308019903664,18.038360299778997,15.034947119044244,0.7606840668788991,-0.008670558590497923,-0.008708366586573082,0.0360686969696101
2022-12-27,14.089692115783691,15.066521631264363,14.024835696731898,15.040579253955626,464902000,16.45174479484558,15.136532993316651,16.0191239203737,35.9947587533608,-0.042455701522614575,0.3435353238547064,18.271545198691264,14.6319443909999,0.7883104333819365,-0.07135355689484224,-0.07402719053416718,0.03888429629996496
2022-12-28,14.004880905151367,14.23037967097622,13.85321747946532,13.896122364527548,351066000,16.371971893310548,15.179458389282226,15.827291252257288,35.53494894166576,-0.1905882538215664,0.23671060831945184,18.45491904534101,14.289024741280084,0.7589427018197197,-0.006019379979021466,-0.00603756947641741,0.03885147788057125
2022-12-29,14.570624351501465,14.65044691271756,14.195458504097823,14.370070713593025,354923000,16.256228971481324,15.232122592926025,15.707608690280543,40.9535103925533,-0.25934404404698874,0.13749967784616374,18.465598801954094,14.046859141008555,0.7508443665158964,0.040396162607994945,0.0396015662041607,0.03482659143794882
2022-12-30,14.5816011428833,14.59656727894766,14.201445300640174,14.302221216588292,310490000,16.130458450317384,15.283330478668212,15.60036987624271,41.05703229207817,-0.30938141150314813,0.04812345997630136,18.419024540773854,13.841892359860912,0.72543562450101,0.0007533507910870707,0.0007530671648176321,0.03458197436158132
2023-01-03,14.2832612991333,14.96275213841312,14.06474698864116,14.818073166185236,401277000,16.00269227027893,15.32571865081787,15.474930964137052,39.05296327925876,-0.36885795289754064,-0.03527282259846704,18.401520486864875,13.603864053692988,0.7377620191632206,-0.020460019501740923,-0.02067222517861946,0.03466566103424673
2023-01-04,14.716299057006836,14.820068566207876,14.20942594066625,14.534703367464903,431324000,15.909848546981811,15.371340999603271,15.402680306315126,43.37355849443922,-0.3767085507647998,-0.1035599682317336,18.356431615828452,13.46326547813517,0.7286820624759639,0.030317848900503597,0.029867345802621445,0.03561441025481978
2023-01-05,14.23337459564209,14.531711494421922,14.116633408077806,14.458873382334806,389168000,15.823939514160156,15.40465145111084,15.291317857679598,39.970505239908825,-0.4170902177979894,-0.16626601814498476,18.376979340943084,13.270899687377225,0.7194666043654686,-0.032815618892632736,-0.03336612837752751,0.035406051186034515
2023-01-06,14.826057434082031,14.976722686175162,14.00288666985135,14.44191076025438,405044000,15.761029243469238,15.4366082572937,15.247007341146496,45.61059281801363,-0.3966955684721114,-0.2123519282104101,18.347103803499646,13.174954683438829,0.7376358480767788,0.04164035973741642,0.0407967395492708,0.036825374662095206
2023-01-09,15.593350410461426,16.020400961589182,15.107429705260229,15.250113252108315,504231000,15.684149980545044,15.491192932128905,15.279992395366966,51.90999755591681,-0.3149875508734574,-0.2328790527430196,18.193021133287058,13.17527882780303,0.7702578251789483,0.051753001753220396,0.05045829754025154,0.03562219359468691
2023-01-10,15.873729705810549,15.9266117009309,15.437698272766156,15.472620524555069,384101000,15.629671144485474,15.545799007415772,15.336538805885402,54.00629536268876,-0.22501525653471255,-0.2313062935013582,18.071494753653695,13.187847535317253,0.7501617968207909,0.0179806961280764,0.017820955402445743,0.03592797643936781
2023-01-11,15.96552276611328,15.992463329246284,15.528494153741375,15.804880428301976,353285000,15.5531409740448,15.58911350250244,15.396442040192818,54.70247489001637,-0.1446373429798129,-0.21397250339704915,17.84767871759113,13.25860323049847,0.7297194667267993,0.005782702742451962,0.005766047095869867,0.035094985306190624
2023-01-12,16.474397659301758,16.600117791074528,15.457656552133493,16.064309475307514,551409000,15.47526412010193,15.649328861236572,15.499104480107956,58.45661593275826,-0.03942089680091243,-0.17906218207782182,17.52013656357174,13.430391676632121,0.759201021884959,0.0318733624099401,0.031375948686698206,0.03516084116974871
2023-01-13,16.861536026000977,16.884485751855593,16.129164009129322,16.24191245912775,447287000,15.436599969863892,15.716369247436523,15.6288598654311,61.09809317031996,0.07434571446398586,-0.12838060276946028,17.34110466163908,13.532095278088706,0.7589239305164812,0.023499394315071198,0.023227534340889613,0.03539941029492414
2023-01-17,17.662757873535156,17.68870121113587,16.861538466264395,16.861538466264395,511102000,15.474017000198364,15.805898017883301,15.822564437631486,65.92678382305148,0.22654698788548977,-0.057395084638470276,17.517520118405276,13.43051388199145,0.763798305846368,0.04751772592358572,0.046423294793733104,0.03576029589305608
2023-01-18,17.338478088378906,17.8333769022018,17.24368747395342,17.627834203643413,439624000,15.514228010177613,15.88491117477417,15.966937166274098,62.543100742290946,0.31734279487978334,0.01755249126518045,17.668261012321512,13.360195008033713,0.7513619574465117,-0.018359521626129083,-0.018530149298467427,0.03561885642102599
2023-01-19,16.727832794189453,17.158876197897794,16.693909676604797,16.998231918602517,452932000,15.539721536636353,15.937047786712647,16.039403416551753,56.6470783155002,0.33615022367353653,0.08127203774685167,17.738079430344502,13.341363642928204,0.74373384704134,-0.03521908272899321,-0.03585423215278348,0.03631947897143514
2023-01-20,17.799449920654297,17.816412427942808,16.787698117134013,16.973284656262667,564967000,15.627227067947388,16.007723903656007,16.207026893132948,63.20291913162878,0.4325397438006142,0.1515255789576042,18.029617747850146,13.224836388044627,0.7683656889493411,0.06406192240497988,0.062093586975070586,0.03870026470998249
2023-01-23,19.150449752807617,19.202334514054723,17.77849813911899,18.0239511412495,655163000,15.761528825759887,16.09941484451294,16.48735287976863,69.47086049086593,0.61090143713405,0.24340075059289337,18.59733138519314,12.925726266326635,0.8151850236626547,0.07590121257543103,0.07315864765067348,0.041569452694075255
2023-01-24,19.2222900390625,19.451781589199925,18.778276881927304,18.78526133289635,496204000,15.957393741607666,16.20902183532715,16.747823085415664,69.76578286927061,0.7494125138670817,0.3446031032477311,19.157708148778557,12.757079334436774,0.8050650010633664,0.003751362875660469,0.0037443440618831684,0.03725102695103582
2023-01-25,19.280162811279297,19.32705950006516,18.538809936927446,18.871071892196763,449537000,16.162787437438965,16.280403861999513,16.988998297402677,70.01706305888688,0.854008906084136,0.4464842638150121,19.64964088396173,12.675933990916201,0.8038638983543913,0.003010711632130736,0.0030061885161227118,0.036998670351675624
2023-01-26,19.75809669494629,20.12128998408436,19.235258296776955,19.657320791237296,489535000,16.446207666397093,16.349833068847655,17.252721954311593,72.08073970535224,0.9643511310927693,0.5500576372705636,20.128943570814727,12.76347176197946,0.8097330261367494,0.024788892518448513,0.024486632859416366,0.03131166037813396
2023-01-27,20.31985092163086,20.582268342414245,19.36198013839365,19.418852978689333,542142000,16.76195616722107,16.431135787963868,17.544829475008665,74.31820384443071,1.0846241387855642,0.6569709375735637,20.631421559407066,12.892490775035071,0.8390583959855954,0.02843159618852642,0.028034919574865202,0.030894082407494628
2023-01-30,19.119518280029297,20.095348779096263,19.107543848870183,19.905771381530464,488611000,16.98940086364746,16.4810302734375,17.69479983739158,62.74685268149129,1.070741707433804,0.7397250915456117,20.851663265327073,13.12713846196785,0.865719015755244,-0.05907192165094999,-0.060888573402724425,0.035036065642770314
2023-01-31,19.493688583374023,19.64335566394184,18.907990025151328,19.12750161644277,498017000,17.235005235672,16.553490734100343,17.866122575104193,64.59730368966981,1.0775113172405923,0.8072823366846079,21.078255985593213,13.391754485750784,0.8564080602577632,0.019570069594041728,0.01938103804191914,0.03490677248989491
2023-02-01,20.896568298339844,21.14501488817615,19.567520729990022,19.647343286751223,660477000,17.565670585632326,16.658657264709472,18.15473645350759,70.51158360028643,1.1824464438700737,0.8823151581217011,21.473619970042595,13.657721201222058,0.9131879348680748,0.07196584212196355,0.06949419844875385,0.036037398794989815
2023-02-02,21.66086769104004,21.90033534849852,20.65410591433133,20.95344001037449,564276000,17.912899017333984,16.784456539154053,18.488653714224963,73.14388980695358,1.3121551533949543,0.9682831571763518,21.977396809286184,13.848401225381787,0.9369766133894403,0.036575354469131405,0.03592235113788034,0.0361603006696289
2023-02-03,21.053220748901367,21.696791212168588,20.74290942748652,20.95344207269312,429366000,18.25389132499695,16.899938316345214,18.732898193717954,67.95050912691862,1.3503521907906197,1.0446969638992054,22.16791526549968,14.339867384494218,0.9381841256246279,-0.02805275166285348,-0.0284537472525157,0.035807207573373086
2023-02-06,21.04224395751953,21.522176520252494,20.73991434273434,20.759870457178742,452197000,18.564700651168824,17.0008162689209,18.95283588550858,67.85678009523227,1.3640143741580104,1.1085604459509664,22.32477335017413,14.804627952163518,0.9270468436170225,-0.0005213829994352714,-0.0005215189668140954,0.03573006337176453
2023-02-07,22.12384033203125,22.20965010200628,21.10310772104417,21.334593701458743,664150000,18.891225147247315,17.11372989654541,19.25483630898693,71.96089950671605,1.4454552328922823,1.1759394033392296,22.696403765740193,15.086046528754439,0.9442153651077172,0.051401189754061605,0.050123740992889576,0.035712789706940064
2023-02-08,22.15576934814453,22.82727757872674,21.95920561326959,22.337365045310303,559651000,19.205327129364015,17.232249755859375,19.53111564604956,72.07425442867422,1.495336793210022,1.2398188813133881,22.999419658291167,15.411234600436863,0.9387765508469624,0.001443195016511467,0.0014421546114682464,0.03591012105740074
2023-02-09,22.287473678588867,22.96895987540229,22.07095576094419,22.555878249188314,523876000,19.52142467498779,17.36224182128906,19.793625934862828,72.56691761907003,1.5278832409791967,1.2974317532465498,23.23573840600398,15.807110943971605,0.9358642339620438,0.005944471093501713,0.005926872433920023,0.035907380616071995
2023-02-10,21.21785545349121,22.029052780138088,20.764863390521825,21.641914381705053,550737000,19.758597564697265,17.474592151641847,19.929266841398864,62.86673972093205,1.4506451494403656,1.328074432485313,23.264281994926186,16.252913134468344,0.9777746663981152,-0.04799190076555049,-0.04918173662774948,0.03855907659458307
2023-02-13,21.73969078063965,21.99911452541096,20.91552201155224,21.49024509179642,474919000,20.0025053024292,17.57167631149292,20.101688168945604,65.30351703664877,1.4152272958483927,1.345505005157929,23.342896348474465,16.662114256383934,0.9853330840738727,0.02459415977699919,0.02429659250379102,0.03857489374912992
2023-02-14,22.920072555541992,22.99789874171555,21.318629492503824,21.530159368940577,675474000,20.26537103652954,17.688137531280518,20.370105729573833,70.08550177848784,1.4655118279739732,1.3695063697211378,23.65496907950262,16.87577299355646,1.0348999530122907,0.05429616211255106,0.052873399370818766,0.038917879396142344
2023-02-15,22.71352767944336,22.80432551871884,22.056987553870204,22.49900422442741,420575000,20.534123516082765,17.80563638687134,20.59328877241855,68.31134425653272,1.4717310373525407,1.3899513032474184,23.803040314584184,17.265206717581346,1.022627456487969,-0.009011528021916848,-0.009052377436173757,0.03856552962078883
2023-02-16,21.95322227478028,22.500005788164945,21.878387788866807,22.08393046172455,412026000,20.795392990112305,17.91323736190796,20.72280624883395,62.08140434504662,1.3991806302275513,1.391797168643445,23.60928149692263,17.98150448330198,1.0092354874942964,-0.03347368208907442,-0.03404675058454076,0.038449390770721806
2023-02-17,21.34058380126953,21.69180271009104,20.928499305845392,21.583045106514625,465888000,20.972449684143065,18.021017932891844,20.78164220620877,57.52863189237691,1.2775226195763203,1.36894225883002,23.433523406359086,18.511375961927044,1.0103417361686244,-0.027906539907562644,-0.028303326785565054,0.03768695490569419
2023-02-21,20.609203338623047,21.44634186116189,20.572284722285456,20.95343770145244,410015000,21.04538736343384,18.1115167427063,20.76521945691489,52.571937255232065,1.10930411142391,1.317014629348798,23.368759283185472,18.722015443682206,1.000607122076325,-0.03427181137392199,-0.034872862597775486,0.035502377839494705
2023-02-22,20.707988739013672,21.05721318053683,20.37572680694439,20.661093956622445,513184000,21.119672298431396,18.183057804107666,20.759768912352868,53.15897843812512,0.9727476584989212,1.2481612351788227,23.29545143858928,18.943893158273514,0.9778127828989048,0.004793266327063339,0.004781815203632731,0.03550233566039102
2023-02-23,23.611534118652344,23.83503841711281,22.97395090605858,23.38803172331173,1117995000,21.33624086380005,18.316022357940675,21.031365598667104,66.34477168800517,1.086295394799535,1.2157880671029653,23.597108645930025,19.075373081670076,1.1313297039846357,0.1402137801131993,0.1312157712406109,0.04671893354048431
2023-02-24,23.23437118530273,23.42195599373008,22.89612399551086,23.17350751127071,589716000,21.51005458831787,18.430787258148193,21.241175654537162,63.83116265265723,1.132790790154754,1.199188611713323,23.79328699543162,19.22682218120412,1.1016211624958392,-0.015973673351943107,-0.016102627564149808,0.04698265731405017
2023-02-27,23.44889640808105,23.827055854409227,23.40200162980687,23.617522349762982,452994000,21.666506862640382,18.539126491546632,21.451434773922294,64.65150659141105,1.173422632889391,1.1940354159485367,24.029501897570675,19.30351182771009,1.0652685558251718,0.009233097856077288,0.009190733378650222,0.04676353786484431
2023-02-28,23.16452980041504,23.772180806302725,23.15455174201123,23.320184085898383,455963000,21.868757438659667,18.649720706939696,21.614586681207317,62.62388751826489,1.169199844301982,1.1890683016192258,24.006866119137413,19.73064875818192,1.0332943064299092,-0.012127078507968236,-0.012201211478412159,0.044324388587807954
2023-03-01,22.64767837524414,23.204441849787724,22.458099073317108,23.140582657134395,460026000,22.026456928253175,18.764385929107664,21.712976366353683,59.00191123462149,1.1113368638360868,1.1735220140625982,23.88795776496598,20.164956091540372,1.012797768575674,-0.02231219151107644,-0.022564874131029658,0.044861176141467264
2023-03-02,23.26231002807617,23.32816368515604,22.382265528634285,22.43814303132255,389415000,22.14474401473999,18.89894697189331,21.860531953184395,61.82920339704564,1.1023682575563996,1.1592912627613585,24.00467813707639,20.284809892403594,1.0080192248575368,0.027138837043176656,0.026777108803812667,0.04258224168617161
2023-03-03,23.837032318115234,23.847010375257764,23.07871710336136,23.26829638282977,412393000,22.25355224609375,19.05132837295532,22.04877008317781,64.30781253009258,1.1286257628668146,1.1531581627824499,24.23797626721691,20.26912822497059,0.9908959425031701,0.024706157270942164,0.02440589565777268,0.04221776872435043
2023-03-06,23.50177955627441,24.19423923751773,23.43492676138987,23.83803229096399,437429000,22.375980186462403,19.200377178192138,22.187151937758436,61.78737703126461,1.109592240295175,1.144444978284995,24.3511863620868,20.400774010838006,0.9743542663335052,-0.014064366627805636,-0.01416420706595365,0.04174401025712326
2023-03-07,23.240312576293945,24.07559851990468,23.19340793639445,23.55167395870932,515154000,22.48588361740112,19.335895137786864,22.287452950952297,59.81824565453064,1.0611772456859576,1.1277914317651876,24.39553489709587,20.576232337706372,0.9677711461318427,-0.011125411986542932,-0.011187762262120024,0.041902326097467316
2023-03-08,24.13148498535156,24.150447084590173,23.37603510396069,23.43890582649144,513573000,22.58626585006714,19.512425003051757,22.463075049466514,64.02637171194814,1.0822427583735212,1.1186816970868545,24.61649917258048,20.5560325275538,0.9636542434292987,0.03834597345160695,0.037629036965853034,0.041250772820457283
2023-03-09,23.38801383972168,24.4039290574924,23.33512096029611,24.125499097663184,501257000,22.647878074645995,19.676739501953122,22.551164458062242,58.52016562032999,1.0271055870856252,1.1003664750866087,24.69681867874433,20.59893747054766,0.971165232984084,-0.030809175070708905,-0.031293756727898595,0.042025330131695196
2023-03-10,22.917978286743164,23.57862346689309,22.67946733016357,23.36106942050816,474866000,22.67940330505371,19.853305225372313,22.586099108412807,55.28320047983217,0.9347063280089536,1.0672344456710778,24.724591510987175,20.634215099120247,0.9660217261087582,-0.020097283856580272,-0.020301981486445138,0.042348121095153735
2023-03-13,22.91897773742676,23.25029871307036,22.251348764376388,22.705417095913955,421890000,22.76445941925049,20.03158716201782,22.617801834985563,55.288863701058744,0.8517415504050199,1.0241358666178664,24.69787902830806,20.83103981019292,0.9683737420077021,4.360989748275479e-05,4.360894659882076e-05,0.04068052896080391
2023-03-14,24.01372718811035,24.169407892174178,23.411961279895785,23.44788876756777,474910000,22.878161239624024,20.22044921875,22.750747106711735,61.10022589603869,0.8643646403663858,0.9921816213675703,24.82456890709497,20.931753572153077,0.9885206286319674,0.047766068069251766,0.04666034349094629,0.04159924963606345
2023-03-15,24.17839241027832,24.23627231190452,23.312169659954225,23.71234766041433,524486000,22.94107723236084,20.4123850440979,22.886713326099027,61.90233315760892,0.8775399036102982,0.9692532778161159,24.968498754188328,20.91365571053335,0.9839193445832767,0.00685712887791512,0.006833725694541975,0.040008653272183364
2023-03-16,25.48870086669922,25.53560360603868,23.845072112678007,23.97780109757633,583253000,23.079835891723633,20.63649383544922,23.134521663299044,67.62335442965522,0.9823879792724632,0.9718802181073855,25.38659631309773,20.773075470349536,1.0343916409245193,0.054193365472217314,0.052775891994974275,0.04144736950385312
2023-03-17,25.672327041625977,26.34494677671912,25.615442640620632,25.92880078966888,848547000,23.265791130065917,20.8556143951416,23.376217413615894,68.34085151276432,1.0679868447652119,0.9911015434389507,25.77042217336117,20.761160086770666,1.0216669458599037,0.007204218680547436,0.007178392262409056,0.040363528047710845
2023-03-20,25.84696388244629,25.97071051436869,25.078540163743003,25.562547632598424,432747000,23.491110134124757,21.087886180877685,23.61152660112355,69.04348099725506,1.1368118367151077,1.0202436020941823,26.072061112433715,20.910159155815798,1.0124171890574596,0.0068025325689078375,0.006779499739614286,0.03944750508791341
2023-03-21,26.14535903930664,26.337964679003704,25.329034940797325,26.1263988387194,547408000,23.767917919158936,21.31427221298218,23.85284397618861,70.25809023281549,1.2015830328161066,1.0565114882385673,26.23829194904834,21.297543889269534,1.0121680854252395,0.011544688893344368,0.011478557463703245,0.038026018710440666
2023-03-22,26.413806915283203,27.532511945846583,26.18327899167826,26.37089378569404,797295000,24.053208827972412,21.530681343078612,24.096745208483334,71.34727915083019,1.2600510878698188,1.0972194081648177,26.356401532764398,21.750016123180426,1.0389527155048612,0.010267515377126113,0.01021516249219952,0.03798642299977095
2023-03-23,27.13532447814941,27.442694389660254,26.63535085947769,27.05947988036973,564889000,24.229398345947267,21.75591323852539,24.386133710356294,74.09338144624809,1.3490567931363309,1.1475868851591204,26.882961557343002,21.575835134551532,1.0382337697100177,0.02731592478056366,0.026949502707164803,0.023815024368760533
2023-03-24,26.724166870117188,27.11137289179388,26.30103526221112,26.975651684052345,454920000,24.403888130187987,21.97108612060547,24.608803535095426,69.97756698852999,1.370617843708537,1.1921930768690037,27.226363845833582,21.581412414542392,1.0236663015834657,-0.015152116878620947,-0.01526808311542097,0.023773538823990005
2023-03-27,26.47667694091797,26.944716509158773,26.3110164665487,26.78205015104769,361026000,24.555277156829835,22.171131706237794,24.786696240411857,67.54533164336188,1.3521480417568128,1.2241840698465656,27.47958621518496,21.63096809847471,0.9958115687996519,-0.009260903451248859,-0.009304052221960464,0.024051885244284567
2023-03-28,26.355920791625977,26.458710520816368,25.79706802172804,26.39284568249232,356104000,24.714846706390382,22.361019401550294,24.936146197670343,66.33384580674063,1.3126353355347966,1.2418743229842117,27.666348283930446,21.763345128850318,0.9732256652561002,-0.0045608498967395494,-0.004571282305147808,0.02380399416345361
2023-03-29,26.92875099182129,27.022558394921944,26.542544221094687,26.770078043139726,393694000,24.92890033721924,22.546339263916014,25.125918082827578,69.15965935652386,1.3124151362535308,1.2559824856380755,27.870621464363783,21.987179210074697,0.9513265179732336,0.02173440285862882,0.021501578220831926,0.022998573635471944
2023-03-30,27.326934814453125,27.44269844012669,27.04651000350309,27.173250787735967,364516000,25.132131576538086,22.7461083984375,25.335538723934775,70.98290946630868,1.3290502692630142,1.2705960423630633,28.145953180821074,22.118309972255098,0.9200851558541029,0.014786568554656432,0.01467831309632963,0.022647378510293515
2023-03-31,27.72012519836425,27.777007695296096,27.049500279209543,27.08442846214019,433933000,25.326286220550536,22.965954246520997,25.562642197689964,72.69925803422804,1.358303235787421,1.288137481047935,28.47849534095572,22.17407710014535,0.9063296030135637,0.01438838225292538,0.014285851808865485,0.022370408986271666
2023-04-03,27.90774154663086,27.9426697315198,27.28002971948546,27.45267583533266,398716000,25.54658432006836,23.168120079040527,25.785984992827192,73.50458965440714,1.3807095338003208,1.306651891598412,28.772931284465265,22.320237355671452,0.8889232036579049,0.006768235963006353,0.0067454342809368075,0.021775417519812868
2023-04-04,27.396785736083984,27.94266656976958,27.251084780335454,27.908735793018696,368592000,25.754407978057863,23.333046798706054,25.939394587423077,67.65162525403147,1.3417697364300452,1.3136754605647387,28.89406133920005,22.614754616915675,0.8748273883562065,-0.018308748118980644,-0.018478427517193953,0.022177771117147915
2023-04-05,26.82596015930176,26.9427192704289,26.3409552107088,26.77406658654195,515015000,25.88913173675537,23.48512020111084,26.023829403792476,61.737192895854925,1.2504345815227857,1.3010272847563482,28.96934118919134,22.8089222843194,0.8877561838575622,-0.020835494436502233,-0.021055616284355344,0.021931562309815345
2023-04-06,26.98163604736328,27.02454726384221,26.37288455652641,26.529562651009662,397654000,26.06881284713745,23.63914966583252,26.115049084132554,62.69505684547741,1.1770443220929714,1.276230692223673,28.957782222525555,23.179843471749347,0.8708923641045789,0.0058031804691076605,0.0057864068794886625,0.02019798692146982
2023-04-10,27.52252769470215,27.56444150970001,26.61439122952917,26.76807521785466,395279000,26.2990403175354,23.79443828582764,26.249094666091562,65.8901290883247,1.1492792722180951,1.2508404082225575,28.862481556502672,23.73559907856813,0.8765465009664549,0.02004665863809718,0.019848370012806073,0.019300183157692923
2023-04-11,27.11336708068848,27.733095757858216,27.07045395860657,27.66723092027117,314378000,26.508759784698487,23.93030860900879,26.331406324624602,61.592671759192584,1.0817892351900404,1.217030173616054,28.56860516053542,24.448914408861555,0.8612675937011114,-0.014866389401160585,-0.014978001731027478,0.019956210558087235
2023-04-12,26.44074821472168,27.4117554199044,26.39384357131544,27.31395651647884,446259000,26.630110836029054,24.076733207702638,26.34181983796718,55.21702660973093,0.9629281372682605,1.1662097663464954,28.34473798058363,24.915483691474478,0.8724564690502434,-0.024807647975447322,-0.025120543314497947,0.019041626313614175
2023-04-13,26.408811569213867,26.831943139385213,26.275087085274208,26.67925655636213,353615000,26.74163179397583,24.215035667419432,26.34820000284782,54.92630293554968,0.85628215279025,1.1042242436352463,28.044631630454486,25.438631957497176,0.8499135822688693,-0.0012078571017907214,-0.0012085871491009893,0.019085485653271596
2023-04-14,26.70320701599121,26.827951053263416,26.16630857297882,26.44972742157741,395660000,26.80235710144043,24.331168441772462,26.382010194575763,57.165182721063246,0.7864539424402537,1.0406701833962477,27.97256496032881,25.632149242552046,0.8364656464128497,0.011147621921788309,0.011085945127626765,0.01523666086299177
2023-04-17,26.94671058654785,26.95070210668743,26.37887544680579,26.510605128627287,321471000,26.866076278686524,24.43688529968262,26.43579118428739,58.98011714422885,0.7422075787923248,0.9809776624754633,27.915800002970276,25.816352554402773,0.8175628616606205,0.009118888619289,0.009077562596075646,0.015274136079051181
2023-04-18,27.61034774780273,28.052441434897503,27.30098304931903,27.47662325846684,604812000,26.954245471954344,24.568027839660644,26.54765371414599,63.51706543926854,0.7520231349085265,0.935186756962076,27.94110648520401,25.96738445870468,0.8381462892812656,0.024627761489603772,0.024329387109644957,0.01603718200119777
2023-04-19,27.87380599975586,27.942664953460447,27.176237922113327,27.304973482039863,358660000,27.040667819976807,24.704659080505373,26.67395393182312,65.16431558273621,0.7721599339028558,0.9025813923502319,28.031767326179455,26.04956831377416,0.8330234851431123,0.00954201136326116,0.009496773915988152,0.015990014723886534
2023-04-20,27.04850196838379,27.972606485594795,26.944714827313312,27.6143404163382,427713000,27.072402572631837,24.80315231323242,26.709625173400326,56.55054279940144,0.713300865838498,0.8647252870478852,28.020912566833502,26.123892578430173,0.8469426403672816,-0.029608587768003347,-0.03005577111116234,0.017494414666490647
2023-04-21,27.0634708404541,27.12734087573513,26.66728437395246,26.89681297101392,345103000,27.06880989074707,24.901306343078613,26.74332476073878,56.66243707068875,0.6602515246331357,0.8238305345649354,28.01688357015025,26.12073621134389,0.8193079161826665,0.0005534085432090663,0.0005532554691736001,0.0163911877250431
2023-04-24,26.986629486083984,27.30996548020969,26.61638884445198,26.957689535565127,339282000,27.08193302154541,24.995289459228516,26.766496639343085,55.867065661150214,0.6050346219198239,0.7800713520359132,28.017748065652754,26.146117977438067,0.8103271104380269,-0.0028393015376008135,-0.0028433400002985335,0.016019325520717415
2023-04-25,26.1872673034668,27.191207903080983,26.17130122287745,27.02255332861515,378527000,27.067462539672853,25.09467769622803,26.7113319406882,48.27544827301598,0.49111175056050627,0.7222794317408318,28.04814117316542,26.086783906180287,0.8252970797069915,-0.029620675046855505,-0.030068227274706774,0.017277203456500814
2023-04-26,26.900802612304688,27.27403733509567,26.65031712353252,26.94670985126489,406337000,27.09470663070679,25.19789993286133,26.729376766556438,54.25146976370302,0.45317942013716106,0.6684594294200976,28.02371599268284,26.16569726873074,0.8439737191299829,0.02724741381256779,0.026882811194925343,0.018307968191405132
2023-04-27,27.17025375366211,27.43870397284285,26.57048448729234,27.30697427738912,377161000,27.10678176879883,25.28290355682373,26.771365051042693,56.30452720360012,0.43979059794638786,0.6227256631253557,28.033123162422783,26.180440375174875,0.8457055595885918,0.01001647219381363,0.009966639822961884,0.017796020231617516
2023-04-28,27.692184448242188,27.70116489389645,27.015571252856407,27.1692571711631,292216000,27.12504425048828,25.382476692199706,26.859062136490266,60.04489039579273,0.4659244183281359,0.5913654141659118,28.081924645997073,26.168163854979486,0.8342689939779813,0.019209636366010363,0.019027460624277872,0.018007851096782317
2023-05-01,28.85080337524414,28.99850104431381,27.7231180146928,27.782994624988884,570329000,27.181578159332275,25.520428314208985,27.04875177827635,66.83231418650723,0.5735153952162371,0.5877954103759769,28.376425599109837,25.986730719554714,0.8679866798418127,0.04183920301294619,0.04098761569673922,0.020029237406874394
2023-05-02,28.152238845825195,28.77695846018472,28.02549997590392,28.621277734605123,402730000,27.19380302429199,25.656661415100096,27.153845784709574,60.19291734991761,0.5955485867821437,0.5893460456572103,28.42263840614745,25.964967642436534,0.864937874091699,-0.02421300094604506,-0.02451095506079586,0.020838328725096885
2023-05-03,27.74507141113281,28.30891502450401,27.415747210218576,27.782993707204334,383387000,27.211217308044432,25.79937877655029,27.210152987226074,56.65972118869284,0.5735435872439894,0.5861855539745661,28.460762160058216,25.961672456030648,0.8669542983912514,-0.014463056985351108,-0.014568666522053436,0.02067132976514814
2023-05-04,27.50556755065918,27.80195842799496,27.18422633764097,27.594384121705687,321850000,27.245197677612303,25.935330352783204,27.238287707553038,54.628461307298416,0.5306613726706857,0.57508071771379,28.487931548585603,26.002463806639003,0.8491527121028757,-0.008632302902544575,-0.008669777043858653,0.02017210047749294
2023-05-05,28.62127113342285,28.69611641088869,27.674215032157576,27.76901981165813,361494000,27.327179431915283,26.035525093078615,27.370000414778733,61.54467680419037,0.5800187681665285,0.5760683278043377,28.699158340819974,25.955200523010593,0.8735381512547781,0.04056282716976445,0.03976174673913958,0.02198346381275231
2023-05-08,29.09130859375,29.160167550884644,28.2919500553676,28.46359684267218,344979000,27.405618476867676,26.15266384124756,27.53393452706171,64.03220038059594,0.6495750575621138,0.590769673755893,28.978041302496816,25.833195651238537,0.8731581044163684,0.01642266194733244,0.01628926850351929,0.0218516859937169
2023-05-09,28.512495040893555,28.91367230214077,28.391744423620203,28.83982442392339,314869000,27.47557487487793,26.25393581390381,27.627130766474266,58.97328984196802,0.6504950002218273,0.6027147390490798,29.112917515241723,25.838232234514134,0.8607585376816134,-0.019896442643381085,-0.020097042128222078,0.022095744064008778
2023-05-10,28.82585525512696,29.0533890415106,28.402723651406696,28.94560847700235,369350000,27.594830226898193,26.36716232299805,27.74129500348881,60.779870849335616,0.6688001005895465,0.6159318113571731,29.26050778986009,25.929152663936296,0.8457518842832055,0.010990276851744252,0.010930322634762115,0.02117672915752511
2023-05-11,28.519481658935547,28.890721581405018,28.188162647959096,28.8368313012262,322149000,27.70036373138428,26.484598388671873,27.815408018293258,58.08672543443138,0.6510799909183334,0.6229614472694052,29.318881715330377,26.08184574743818,0.8355238163662566,-0.010628430396247168,-0.010685315588497024,0.021414734834216374
2023-05-12,28.281967163085938,28.721066689866337,27.98856857470663,28.47057931768793,274222000,27.779301738739015,26.58499153137207,27.859842222559227,56.01455998186483,0.6108299738042398,0.6205351525763722,29.3488442949251,26.20975918255293,0.8281648377086459,-0.008328149111896388,-0.008363021897858466,0.021518457911554247
2023-05-15,28.89371490478516,28.90968288930767,28.09435634331566,28.449626392092515,293926000,27.876651954650878,26.686125183105467,27.958306287533123,59.97501968867324,0.6211344244195836,0.6206550069450145,29.46891365208533,26.284390257216426,0.8272478168717434,0.021630310868109737,0.02139969529223884,0.021881594704273692
2023-05-16,29.15318298339844,29.80883920647821,28.77296450239682,28.781944947212995,449405000,27.953793716430663,26.79915325164795,28.072104068091726,61.5561224180117,0.642827565225037,0.625089518601019,29.634036738980964,26.273550693880363,0.8421497373867182,0.008980087173571016,0.008940005967186998,0.021368434570907414
2023-05-17,30.1162052154541,30.13716212322984,29.369737672158177,29.523421662513595,432535000,28.065913677215576,26.936671104431152,28.266780367840525,66.7984523517473,0.729320231772494,0.645935661235314,29.99123395282204,26.140593401609113,0.8522804089899096,0.03303317626085844,0.03249930604081079,0.02237255673707965
2023-05-18,31.61313819885254,31.76283069035292,30.25791892725925,30.347734802848134,748725000,28.294145488739012,27.086304168701172,28.585481113651195,72.9688414670271,0.9081872571531697,0.6983859804188851,30.704131830779826,25.8841591466982,0.9090193422691175,0.0497052325380718,0.04850939384100993,0.023098304977596
2023-05-19,31.19998550415039,31.515338464823536,30.85269847604877,31.471427932457345,473908000,28.500971221923827,27.242543601989745,28.834481531793976,69.14910248449816,1.0050174779492203,0.7597122799249522,31.15102704289073,25.850915400956925,0.8984065123073071,-0.013069018713148361,-0.01315516976792939,0.023528720741255005
2023-05-22,31.11216735839844,31.45546287720747,30.61718263504876,30.83772890145582,372000000,28.70724811553955,27.40642738342285,29.05140399147059,68.33032092499604,1.062422984291274,0.8202544207982166,31.492498212196637,25.921998018882462,0.8941117787252644,-0.0028146854664489185,-0.0028186541423854765,0.02352815770881288
2023-05-23,30.62516212463379,31.22393392865523,30.568279631249496,30.936523538862662,356253000,28.9291428565979,27.56055107116699,29.201285718438516,63.81742972661293,1.0564420035547784,0.867491937349529,31.57985732011599,26.278428393079807,0.8770791014881552,-0.015653208217690784,-0.01577701334590718,0.022558829730038255
2023-05-24,30.47546768188477,30.54432663476297,29.744966242348955,30.148138304684203,721419000,29.107876110076905,27.689785881042482,29.322636381623873,62.45207650761156,1.0277753878461482,0.8995486274488529,31.66793394677574,26.54781827337807,0.877301728687918,-0.0048879559278679485,-0.004899941055578301,0.022265560619516917
2023-05-25,37.9022331237793,39.39916178020132,36.55998587698389,38.44412056648187,1543911000,29.644475078582765,27.9642626953125,30.139740833257726,82.47962561463675,1.5860517738911355,1.0368492567373093,34.12994153068256,25.159008626482972,1.4520440408042485,0.24369652073655113,0.21808801016343468,0.05755703940950127
2023-05-26,38.86625289916992,39.08979325980009,37.47311145513567,37.81241541975771,714397000,30.203178501129152,28.231813735961914,30.97083722048746,83.69532174037371,2.0822750011781537,1.2459344056254782,36.12911815057246,24.277238851685844,1.463803881079975,0.025434379347580194,0.025116307548331218,0.057579758792190204
2023-05-30,40.02887344360352,41.85213235594063,39.867206384616175,40.51188361880298,923401000,30.762082004547118,28.518944664001467,31.833507336974705,85.04321822646556,2.5400689121278965,1.504761306925962,38.02915436889053,23.49500964020371,1.5725235650578848,0.029913368480613878,0.029474690432996747,0.057386607371726475
2023-05-31,37.756534576416016,40.212494220771234,37.7445581109248,39.40714734389047,1002580000,31.24229679107666,28.75713607788086,32.39760516930245,72.4384900574492,2.6885235035279393,1.7415137462463575,39.00825667232744,23.476336909825882,1.6364816039713526,-0.056767494853158795,-0.05844246772892102,0.05908034842275995
2023-06-01,39.68856430053711,39.967989732477896,38.26149217560639,38.41018533563602,635873000,31.839471435546876,29.02800018310547,33.09198222942004,75.73196124003772,2.9283176656256344,1.978874530122213,40.24812367891222,23.43081919218153,1.6775511434063903,0.05117073761657953,0.04990453123801276,0.05910674689439324
2023-06-02,39.24647521972656,40.41707376526735,38.97802500871207,40.01489905431234,482731000,32.42651681900024,29.284653549194335,33.67812441897304,73.56571903257971,3.047553077738648,2.1926102396455,41.17541045511213,23.67762318288835,1.6605152586313106,-0.011138953716311795,-0.011201456437958533,0.059172256986010634
2023-06-05,39.09079360961914,39.48398404045427,38.627743010740026,38.82932905392205,396094000,32.949992942810056,29.52376293182373,34.1936167228441,72.77625972260701,3.093822140237556,2.3728526197639113,41.974047958714976,23.92593792690513,1.6030670994229486,-0.0039667666774103605,-0.003974655164449131,0.05917251411331818
2023-06-06,38.57485580444336,39.07982029424169,38.06989131464503,38.75049794421731,388729000,33.424170303344724,29.760776710510253,34.61087758775831,70.09174458696961,3.0536581661102815,2.5090137290331853,42.582997723621,24.26534288306845,1.5614838991051747,-0.013198447960105497,-0.013286321527306336,0.05956218180410621
2023-06-07,37.402137756347656,39.42220466810125,37.28336963973536,38.839340474852015,511998000,33.86865243911743,29.979285926818847,34.87671188952872,64.28703542623185,2.893840984070053,2.585979180040559,42.89272006258943,24.84458481564543,1.60272326548094,-0.030401099981833712,-0.030872798137443546,0.05993782685841755
2023-06-08,38.43512344360352,38.78843525380602,37.43208020342754,37.650652361661095,417772000,34.34911584854126,30.2208699798584,35.21560822801204,66.8882773739902,2.818053263972679,2.632393996826983,43.27071811052342,25.4275135865591,1.587264282050756,0.027618359516911717,0.027243852498146145,0.05999187969307534
2023-06-09,38.69461441040039,39.63378277087799,38.49201001557308,38.96109353851752,427717000,34.8578724861145,30.45618724822998,35.54694215014426,67.52812250450975,2.7472609875842053,2.6553673949784278,43.54921290340377,26.166532068825234,1.5595067852810214,0.006751401935201962,0.00672871328404367,0.05971082829315839
2023-06-12,39.40523147583008,39.45313848189554,38.542912981212005,39.12378209838564,388701000,35.41403570175171,30.697753181457518,35.91439827640005,69.27888845254608,2.717176537085237,2.66772922339979,43.76803574677666,27.060035656726754,1.5131295506669156,0.01836475375856672,0.018198158234180806,0.05941518400626457
2023-06-13,40.94223785400391,41.0210866253636,39.66273283742683,40.107864800357326,613208000,36.01646184921265,30.96219543457031,36.39324014093375,72.70659147334104,2.785251319288406,2.6912336425775134,44.13723366276959,27.895690035655704,1.520467093443102,0.03900513512061421,0.038263654473129245,0.05959442481200722
2023-06-14,42.91340637207031,42.916398894689806,40.47315646710425,40.74463080916541,740465000,36.70447301864624,31.262308731079102,37.014208353422944,76.35088917012271,2.96408971910202,2.745804857882415,44.71360198271522,28.695344054577266,1.5863796173104199,0.048145109339049696,0.047022039423499064,0.05988752785991132
2023-06-15,42.570072174072266,43.20483722073351,42.06505544214176,42.51917264005908,568622000,37.327166366577146,31.565774459838867,37.54333824110383,74.48534767764454,3.043037991262672,2.8052514845584664,45.12429115087876,29.530041582275533,1.5544797716876577,-0.008000627939466098,-0.008032804700958657,0.06015756228970429
2023-06-16,42.60899353027344,43.63599213320871,42.5780517641451,43.3655191410193,655709000,37.87695913314819,31.8814351272583,38.02578160197713,74.56123032975859,3.0733183925525864,2.8588648661572904,45.534346586738174,30.219571679558207,1.5195826422197138,0.0009142891757858429,0.0009138714680217659,0.059835085863570676
2023-06-20,43.72282409667969,43.90447325497645,42.591030025374586,42.914401391724816,451153000,38.50310106277466,32.21625888824463,38.56835707766309,76.69711765880923,3.1508713630480045,2.9172661655354335,45.918342111867716,31.087860013681603,1.5048583984612962,0.026140738706134314,0.02580490956952905,0.05945448689173729
2023-06-21,42.9613151550293,43.53021053088489,41.998194849323774,43.41642993280129,551603000,39.0955584526062,32.52503463745117,38.98673403741225,72.23181091516912,3.114977719366621,2.956808476301671,45.924301466885595,32.2668154383268,1.5205563162394833,-0.017416737307877184,-0.01757019308681969,0.059818759071493526
2023-06-22,42.941349029541016,43.341566542076215,42.15188658669768,42.17084684328712,417737000,39.711367797851565,32.841594276428225,39.36336403666261,72.11326383013237,3.0497648578181398,2.975399752604965,45.51854824950332,33.90418734619981,1.4969222904637014,-0.0004647466078780971,-0.0004648546360546465,0.059467268360846856
2023-06-23,42.126930236816406,42.72576209923424,41.93330719856048,42.381435491620046,358140000,40.29394092559814,33.15531791687012,39.62656081762964,67.26391744163539,2.898949124047782,2.9601096268935287,44.352561034728986,36.2353208164673,1.4620022576434752,-0.01896584087668829,-0.019147999306067615,0.059841383048629855
2023-06-26,40.55299758911133,42.68085222800045,40.02203048498169,42.37843996162479,594322000,40.42647914886474,33.438201637268065,39.71479289110408,59.0057208726777,2.62219631088886,2.892526963692595,44.334355873744954,36.51860242398453,1.5474893637417095,-0.037361674322273664,-0.03807750815636205,0.029133233511085634
2023-06-27,41.794578552246094,41.858453292545065,40.3693574663394,40.71967293420545,462175000,40.57289543151855,33.74002906799316,39.912867715974755,62.87752652281139,2.4745281003632655,2.8089271910267293,44.45532090936292,36.69046995367419,1.543318396774849,0.030616256181963175,0.030156930300067553,0.029358043253397904
2023-06-28,41.03705596923828,41.76364114383004,40.43922159164072,40.58094379252524,582639000,40.623304557800296,34.02183597564697,40.01993326390462,59.20349511607917,2.2702047310749123,2.701182699036366,44.502345713453764,36.74426340214683,1.529892579905601,-0.0181249006270241,-0.01829116876489728,0.02909442438698057
2023-06-29,40.74263000488281,41.51911724853508,40.52106150883683,41.47719909021722,380514000,40.772609329223634,34.284481620788576,40.08876152495016,57.790092120881205,2.0607640687371713,2.573098972976527,44.42185121150623,37.12336744694104,1.4919042341765045,-0.007174636615652319,-0.007200498092978633,0.025778328591620294
2023-06-30,42.21975326538086,42.467272192490576,41.42031190443648,41.5989647398468,501148000,40.89916877746582,34.571400566101076,40.29171311927689,62.612563547555624,1.9910210854782378,2.456683395476869,44.56478080401682,37.233556750914815,1.5085283737073087,0.036254980601915454,0.03561323382678498,0.024531237796614546
2023-07-03,42.33052062988281,42.81457809371597,42.11993240871292,42.434318479784366,198209000,41.053371047973634,34.87704093933105,40.48588526314413,62.95436357075954,1.9225255910848986,2.349851834598475,44.68724949863778,37.419492597309485,1.450393895942719,0.0026235909955631964,0.002620155388480454,0.024294419302045428
2023-07-05,42.2347297668457,43.09305457985884,42.00317856109599,42.053080590984536,323618000,41.21056785583496,35.180466117858884,40.652441882544274,62.422883270849326,1.839310470037745,2.2477435616863293,44.762329234759164,37.658806476910755,1.4246426190012993,-0.002262926645165919,-0.0022654909329270856,0.02426773418334096
2023-07-06,42.021141052246094,42.096993500956245,41.2656128948708,41.76264574505463,303582000,41.3828821182251,35.48115634918213,40.78279418442064,61.18257963415808,1.7361142188214984,2.1454176931133633,44.73523207765703,38.030532158793164,1.392105065642271,-0.005057181986926729,-0.005070012808564408,0.024028463163074238
2023-07-07,42.420352935791016,43.12997276941171,42.09798294597246,42.23970512687058,355881000,41.633792877197266,35.80581806182861,40.93875216074162,62.6753393361442,1.6673236398457192,2.0497988824598345,44.467946969544364,38.79963878485017,1.3718712550367955,0.009500262809345683,0.009455419106873484,0.02258606768600995
2023-07-10,42.09798431396485,42.72775789742395,41.56801476475212,42.57405800948138,353908000,41.81693592071533,36.10976169586181,41.04915522295336,60.6471539815554,1.5687110324700697,1.9535813124618815,44.244910679752984,39.38896116167768,1.3567192462964408,-0.00759938566079621,-0.007628408120745002,0.022227490562769757
2023-07-11,42.32255172729492,42.67486603723535,41.985211451319245,42.39840417547179,298244000,41.998332786560056,36.412807655334475,41.170431080509694,61.579867904183224,1.4914876034531375,1.861162570660133,43.964240537393856,40.032425035726256,1.3090717705549881,0.005334398237579752,0.005320220731925959,0.022223182211325167
2023-07-12,43.81663513183594,43.84957190915323,42.69382263938461,42.94932537767914,481277000,42.21890296936035,36.735296669006345,41.42245051396934,67.15718652692884,1.5331740477086342,1.7955648660698333,43.94708069889268,40.49072523982802,1.3246395142195106,0.03530229968571197,0.03469346106217788,0.023076714667369644
2023-07-13,45.88761138916016,46.065262910266576,44.40549795947818,44.43144838419821,478204000,42.46617164611816,37.07603282928467,41.84770393065418,73.00656493787022,1.713568381567626,1.779165569169392,44.72624699914906,40.20609629308726,1.390638675948877,0.047264611969701775,0.04618163345208715,0.02377003305357563
2023-07-14,45.38059997558594,47.9945075426314,44.97239476607481,46.49243252940778,772075000,42.589531326293944,37.42060005187988,42.18417022064768,69.73217876003056,1.7949297738892014,1.7823184101133538,45.17909593759579,39.9999667149921,1.5071725402779996,-0.011048982464447854,-0.01111047585029616,0.021851857121145936
2023-07-17,46.37066268920898,46.40559448511717,45.17399644703976,46.19900003919172,510488000,42.77956085205078,37.793111877441405,42.58288378908209,72.34094394728533,1.9171987760952476,1.8092944833097326,45.84887920283689,39.710242501264666,1.4874886472636715,0.021816871397814852,0.021582289226491237,0.02207614035767162
2023-07-18,47.40165710449219,47.8028759240553,45.645080740043866,46.61019966194242,569164000,43.01919403076172,38.19103366851807,43.04181458102591,74.77874783560956,2.0733897280331774,1.8621135322544218,46.6877025844155,39.35068547710794,1.5353676856027973,0.02223376496025664,0.021990198463969962,0.022405410032828182
2023-07-19,46.98546600341797,47.72502637494664,46.65111827083296,47.37171457968649,427502000,43.18232612609863,38.55831756591797,43.41740043077753,72.01924321883918,2.1389327537902076,1.9174773765615791,47.23186317425585,39.13278907794141,1.502406286925003,-0.008780096024001205,-0.008818868182782727,0.022077111636639772
2023-07-20,45.43149566650391,46.99545027981004,44.974385975713794,46.41657614955658,537865000,43.30583515167236,38.88512130737305,43.60921902465624,62.713546107855606,2.0419453795293308,1.9423709771551296,47.46993360646856,39.141736696876166,1.5394532881515206,-0.03307342608458985,-0.03363271824696026,0.02312312754125941
2023-07-21,44.22285079956055,45.77682663388391,44.01425751113396,45.698975360580505,963769000,43.36991024017334,39.19932842254639,43.6676601460757,56.58901093091333,1.846271972935952,1.9231511763112943,47.5490138505687,39.19080662977798,1.5553901334799796,-0.02660367767364713,-0.026963959762970703,0.024052369804991133
2023-07-24,44.5252571105957,45.02129240158318,43.95437069346409,44.64402521232847,382516000,43.4898265838623,39.51331645965576,43.749336047458556,57.70204377550902,1.6960500413235948,1.8777309493137544,47.65700220878316,39.322650958941445,1.5204995316684875,0.006838236467517911,0.006814961773521058,0.02357020606730119
2023-07-25,45.59018707275391,46.093204951452925,44.835656447425045,44.85362300335587,348081000,43.741686058044436,39.85473056793213,43.924655192724785,61.450417284147974,1.6439782680521873,1.830980413061441,47.775162206203845,39.70820990988503,1.5238886966105398,0.023917435434747558,0.0236358939083322,0.02197124425858167
2023-07-26,45.36362457275391,45.96345774796509,44.54322423850326,45.93151847506049,364237000,43.92013835906983,40.19636371612549,44.0616998955847,60.22757480303126,1.5663731377905208,1.7780589580072572,47.90880233640337,39.931474381736294,1.5164847546713462,-0.00496954530233551,-0.004981934555605264,0.021312297386353034
2023-07-27,45.81075668334961,47.30284884094631,45.66104681024001,46.42855262404122,455976000,44.158823394775396,40.53470455169678,44.22827673251469,61.84145040032881,1.5233896498234571,1.7271250963704974,47.997314355466635,40.32033243408416,1.5466804342085643,0.009856622234376111,0.009808362592365394,0.020670118224969405
2023-07-28,46.65910339355469,46.93556524542494,46.29082136263418,46.57726209617673,331194000,44.45464706420899,40.8848229598999,44.45978403356612,64.76297420486154,1.5400269435428484,1.6897054658049677,48.10158699252558,40.8077071358924,1.5165467290561903,0.018518504640055777,0.018349125042069387,0.020624989912707347
2023-07-31,46.63814163208008,47.03836291442901,46.41557565297474,46.66309454574556,251055000,44.67556648254395,41.215261688232424,44.667246661996025,64.63130035233968,1.5338395323672742,1.6585322791174293,48.28936350649763,41.06176945859027,1.4527067670846245,-0.0004492534135901449,-0.0004493543581392104,0.019486749852164094
2023-08-01,46.41657638549805,46.8088138287661,45.93751010661882,46.369666884333206,237858000,44.87986927032471,41.511330451965335,44.83384949280574,63.16933325317078,1.493837472233217,1.625593317740587,48.40108291055967,41.35865563008975,1.4111779781605287,-0.0047507306000723615,-0.004762051188965455,0.0196068257593528
2023-08-02,44.18292617797852,45.75087073720943,43.30264113304632,45.74188936339505,530142000,44.97727909088135,41.7709892654419,44.77185679615553,50.71479604425832,1.2672901154345197,1.5539326772793736,48.30275411617234,41.65180406559037,1.5328034977527571,-0.048121821587371216,-0.0493182162311247,0.022883861386408275
2023-08-03,44.42845153808594,45.03027980086514,43.714841517541664,43.714841517541664,324176000,45.097644615173344,42.03731494903565,44.73915153348224,51.83884208042871,1.0949397635873055,1.4621340945409602,48.149418627437356,42.04587060290933,1.5172774110078084,0.005557018996849239,0.00554163573053901,0.02282221402264124
2023-08-04,44.59313201904297,45.55325965761956,44.3066912624136,44.89753933286693,362666000,45.206283569335945,42.316674346923826,44.725244913059456,52.61938835728227,0.9605663950815,1.3618205546490683,48.0140305980258,42.39853654064609,1.497941052736248,0.0037066446219908844,0.0036997919432236862,0.022772575569001245
2023-08-07,45.32869338989258,45.45145533165503,44.47635377122551,45.02328860387296,322154000,45.36781902313233,42.61373886108399,44.78271619656737,56.045976024697175,0.9030187496808324,1.2700601936554212,47.78644684618191,42.949191200082744,1.460595374714339,0.01649494748508573,0.016360383572274033,0.022833634490729813
2023-08-08,44.57716369628906,45.15403903929904,43.97034409168303,44.76579541158173,353843000,45.480549621582036,42.74723747253418,44.76313976796944,51.914882963385374,0.7876896644819666,1.1735860878207303,47.49778148323702,43.46331775992705,1.4532920835354253,-0.01657955783413545,-0.016718536986401515,0.023285135944821293
2023-08-09,42.47126007080078,44.2258412871121,42.05207472701769,44.18791316298273,586449000,45.41328086853028,42.819337615966795,44.54486551109624,42.468518746574794,0.5203632867005084,1.042941527596686,47.71731352397992,43.10924821308064,1.5298490039451358,-0.04724175902792116,-0.04839408959663956,0.024514423277312045
2023-08-10,42.30559539794922,43.48929055749267,41.75366906562571,42.07803800548034,492705000,45.234180068969735,42.86487205505371,44.331601690796525,41.823796935572965,0.29177406198100897,0.8927080344735506,47.89252579517189,42.57583434276758,1.544547038796695,-0.0039006300395937332,-0.003908257337585664,0.021689831436243156
2023-08-11,40.77556228637695,41.93630299373014,40.55998266636193,41.669820039034846,533085000,45.003928184509284,42.92525260925293,43.99293127132799,36.337098388468355,-0.012699043915887387,0.711626618795663,48.29426327797115,41.71359309104742,1.558908873996023,-0.03616621151835708,-0.03683641782489223,0.02282721336619925
2023-08-14,43.66792678833008,43.71483628671642,40.2326217412967,40.40728071690528,690286000,44.868791389465336,43.00483985900879,43.96197846342343,49.75579899890412,-0.020371698876843425,0.5652269552611618,48.14547332682497,41.5921094521057,1.6962878505262873,0.07093377355876362,0.06853095347409674,0.027942662237131075
2023-08-15,43.85457229614258,45.17999337738196,43.62501990951706,44.4733696589914,676512000,44.69143714904786,43.09700180053711,43.95174930463478,50.48114271169705,-0.011261781782849312,0.4499292078523597,47.779069371321576,41.60380492677414,1.6861939660504743,0.004274201262570054,0.004265092809371562,0.027384614701481257
2023-08-16,43.40144729614258,44.588134620821634,43.32160101804752,44.43343721611258,527451000,44.51223621368409,43.18321487426758,43.89933958954028,48.645102473943005,-0.040142766603416646,0.35191481296120447,47.45932323755446,41.565149189813724,1.6562182258164488,-0.010332445997651596,-0.010386196286334757,0.027402481656120914
2023-08-17,43.25972366333008,43.97632609118521,42.91738827793847,43.88450592025357,452395000,44.40364761352539,43.276912231445316,43.83842378704407,48.05637679766572,-0.07361844032988785,0.26680816230298604,47.3672444044817,41.440050822569084,1.6135553392043265,-0.0032654125989272087,-0.003270755693423906,0.026511467727879406
2023-08-18,43.21481323242188,43.4932701006516,41.57900001272248,42.55210279035976,583768000,44.353245735168464,43.39316574096679,43.779032305651484,47.85871419461647,-0.10258946192215745,0.19292863745795735,47.36138012072202,41.34511134961491,1.6350349641132402,-0.0010381580626291909,-0.001038697321967285,0.02587728448452442
2023-08-21,46.87568283081055,46.97349186656967,44.13602090022551,44.40749142092356,692573000,44.470767021179206,43.56197692871094,44.073951403285676,61.691048407037535,0.16791673655275474,0.18792625727691686,47.67392915702656,41.26760488533185,1.7867237976871362,0.08471330371600683,0.08131571586944021,0.03218334963002806
2023-08-22,45.57920455932617,48.09330773941367,45.24485683130546,48.041406896438666,755293000,44.470217895507815,43.69966873168946,44.217308846718105,56.02285523478627,0.2745154431989931,0.20524409446133213,47.672615898128875,41.267819892886756,1.8625614484314983,-0.027657800232239405,-0.02804747910511472,0.032488799779321426
2023-08-23,47.02439880371094,47.10823512648874,45.12010736864763,45.77682903768783,779046000,44.553256607055665,43.85205207824707,44.48465074738409,60.39158896773495,0.47019071783629585,0.2582334191363249,47.92563027865636,41.180882935454974,1.8715304705321845,0.031707316052514534,0.03121501835863597,0.033192560502115054
2023-08-24,47.0713005065918,50.16826807045973,47.06731047667301,50.11836604551162,1156044000,44.61628379821777,43.974633331298826,44.7309983434991,60.52863226321693,0.6218807045444876,0.3309628762179575,48.12468260696583,41.10788498946972,1.962411813119085,0.0009973908029454748,0.0009968937392223092,0.03314567082154145
2023-08-25,45.92853164672852,47.71205604609622,44.93646092899701,46.92059855717943,925341000,44.57975521087646,44.034935836791995,44.84504913428285,55.49077739401051,0.6424781274801106,0.3932659264703881,48.016803559942545,41.14270686181038,2.0204963348319516,-0.024277401464683157,-0.024576955780178465,0.0333947765364483
2023-08-28,46.74393844604492,46.88865698143186,44.800725372190506,46.3916241394205,685192000,44.58504505157471,44.11841316223145,45.025895735403054,58.16631771254372,0.7163407177314909,0.4578808847226087,48.03505031351812,41.1350397896313,2.025313140146909,0.017753818162276946,0.01759805996579018,0.03363680861507893
2023-08-29,48.68914413452149,48.98556752704201,46.30079556232575,46.57526237156326,701397000,44.69867343902588,44.24001617431641,45.37477653531909,63.762541884871375,0.9212199448698044,0.5505486967520479,48.512951236564824,40.88439564148694,2.072417341901862,0.04161407346370405,0.04077150377077458,0.034822529669102244
2023-08-30,49.16820907592773,49.829918115562,48.33083976005429,48.94863563426867,735206000,44.94793758392334,44.34892387390137,45.736055824900866,65.00419018746732,1.1094556316018043,0.6623300837219992,49.219042285932446,40.67683288191424,2.0314645571594228,0.009839255750371034,0.009791165464624723,0.03269454052678228
2023-08-31,49.259037017822266,49.64728061160453,48.86280955740575,49.2839899324245,528570000,45.189466857910155,44.47487831115723,46.07157784327433,65.24732040362358,1.2515358985475018,0.7801712466870998,49.84480060858612,40.53413310723419,1.9423935926622342,0.001847290019334924,0.0018455858775005345,0.03270685062182013
2023-09-01,48.41468048095703,49.7031706927899,48.0483934780796,49.66524637506185,463830000,45.38054428100586,44.584344940185545,46.29473047543459,61.00430642738338,1.2812337526319695,0.8803837478760738,50.23187065000674,40.52921791200498,1.9218495656656671,-0.01714114988808535,-0.01728976007909835,0.033102578161581686
2023-09-05,48.45360565185547,48.75601791251672,47.76694364415611,48.1292368066892,382653000,45.536789894104004,44.710878448486326,46.50033763509372,61.1297989674434,1.2930054895204606,0.9629080962049512,50.56927638757156,40.504303400636445,1.8552227587153058,0.0008039952037635079,0.0008036721727516644,0.032992299340634496
2023-09-06,46.97336196899414,48.4585899209421,46.49325871140174,48.35079314460042,468670000,45.656599807739255,44.83928573608399,46.54538757165567,54.01151959733116,1.1694111378570256,1.0042087045353663,50.706062553683275,40.607137061795235,1.863087648059953,-0.030549711687032022,-0.031026081206675216,0.033589940039413464
2023-09-07,46.1548957824707,46.25770462589442,45.06792290826655,45.440229441727205,433330000,45.84078159332275,44.926492080688476,46.50819787744758,50.509283062046705,0.9939605837786019,1.0021590803840135,50.676250984173706,41.0053122024718,1.8661127489647842,-0.017424049550970766,-0.017577634970454073,0.03185258968843995
2023-09-08,45.48714065551758,46.519215678178135,45.18670244634744,45.85645443360831,473069000,45.99985885620117,45.01549377441406,46.410954332501866,47.786782127323974,0.7919039220652948,0.9601080487202698,50.561223347554986,41.43849436484736,1.8279984977409207,-0.014467698726918887,-0.014573376393694161,0.032088420709525715
2023-09-11,45.0938720703125,46.07703462980452,44.2294835865988,46.062063171640766,473966000,46.215774345397946,45.10251861572266,46.28551792657907,46.20712620382906,0.5932010216517369,0.8867266433065633,50.1304998160317,42.30104887476419,1.8293951081312636,-0.008645709084758146,-0.008683300051415767,0.03083609655059751
2023-09-12,44.78644180297852,45.58794785369134,44.448072389819984,44.654687644477335,349256000,46.271700096130374,45.15385238647461,46.142748771950444,44.95604678903718,0.40623763365832133,0.7906288413769149,50.06944385007181,42.473956342188934,1.7801437049698416,-0.0068175619706069,-0.006840907714090021,0.026785563832184334
2023-09-13,45.40030288696289,45.84447394684032,44.420129217307256,44.516948715229006,398355000,46.34898662567139,45.21524803161621,46.07203964004687,47.98447358346455,0.3040958334268069,0.6933222397868933,50.00717334164714,42.690799909695635,1.7547294924386432,0.0137064044222317,0.013613321253706928,0.02691789680600775
2023-09-14,45.49612045288086,45.90136263395265,45.0469576802591,45.86443278415264,370097000,46.453720283508304,45.280475845336916,46.0171901936501,48.46112633216742,0.22824829339355546,0.6003074505082258,49.88101251127648,43.026428055740126,1.6904205968139938,0.002110504992808737,0.0021082810057538675,0.026759526038568602
2023-09-15,43.81825256347656,45.514086250608685,43.7264210191702,45.256567267439614,506831000,46.48164672851563,45.31641807556152,45.807767562205,41.32056061005983,0.03237545126808783,0.4867210506601982,49.81211630620599,43.15117715082526,1.6973666421443145,-0.03687936185991991,-0.03757660177970709,0.02817163024610947
2023-09-18,43.88413238525391,44.15961943213608,41.92179358623107,42.66840186383008,500271000,46.515112686157224,45.34569366455078,45.62456421201919,41.683895379406906,-0.1161997577912004,0.3661368889699185,49.724867141109755,43.30535823120469,1.7359708709843644,0.0015034789824608374,0.0015023498895054934,0.0281676383669036
2023-09-19,43.43896484375,43.88413352477652,42.92192782259573,43.75138175372732,373064000,46.343276786804196,45.37251327514648,45.41641189123165,39.88666208121077,-0.2667925629827934,0.2395509985793761,49.81472436666019,42.871829206948206,1.680701930355538,-0.010144157291201217,-0.010195959881621326,0.02021884995004303
2023-09-20,42.16034698486328,43.82124998391259,42.14437793528599,43.51881278602881,367108000,46.17233390808106,45.36926918029785,45.10631047157752,35.19316603889553,-0.4837360137650819,0.0948935961104845,50.08598712475417,42.258680691407946,1.6804283673748994,-0.029434814192417114,-0.029876711387492014,0.020333685353638428
2023-09-21,40.94062042236328,42.021603947761406,40.903690569058845,41.505568360727295,450736000,45.86814498901367,45.3117488861084,44.70957808593808,31.397638506460524,-0.7454934173550214,-0.07318380658261667,50.37097967268767,41.365310305339676,1.6501589422627236,-0.028930657590126474,-0.02935739984219955,0.01927009446854792
2023-09-22,41.53252029418945,42.0365810200349,41.15422440049522,41.49458904205834,479236000,45.59120597839355,45.22464706420899,44.40700115339059,35.057887794976736,-0.8948612689410069,-0.23751929905429472,50.43256436061053,40.74984759617658,1.6105733462205019,0.014457520812333646,0.014354007364031675,0.019782299275952316
2023-09-25,42.14337921142578,42.4567936946112,41.1003231092512,41.51355366859355,419091000,45.40194835662842,45.15990264892578,44.1914181112987,38.69332555175088,-0.9529600279944717,-0.3806074448423301,50.466553114867516,40.33734359838932,1.5924231490161804,0.01470796650213857,0.014600853363179905,0.01981281617822965
2023-09-26,41.83296203613281,42.74026989621768,41.57743818407739,41.922794610624216,402282000,45.15639953613281,45.06914863586426,43.96680324699719,37.54318497675096,-1.0123816790939841,-0.5069622916926609,50.409626130841005,39.903172941424614,1.5617380463821886,-0.007365740030851886,-0.007393001041456565,0.019138971815911246
2023-09-27,42.388916015625,42.79216683776979,41.55148148041127,42.25117631483952,444935000,44.84138813018799,44.96889381408691,43.81652827258079,40.92976505809751,-1.0030503853908783,-0.6061799104323045,49.96341868843494,39.71935757194103,1.5388057114519267,0.013289854517401611,0.013202319103252319,0.016320501087256377
2023-09-28,43.00876235961914,43.36509601724836,42.036577072071424,42.38093203987961,424663000,44.53341579437256,44.88935974121094,43.73959818563206,44.540435533849596,-0.9348623371237679,-0.6719163957705971,49.30659468739525,39.76023690134987,1.5237852281465705,0.014622840172786145,0.014516957401888275,0.016609323193724133
2023-09-29,43.417999267578125,44.06179864340564,43.22635545841842,43.74538760189782,397830000,44.24136390686035,44.849089813232425,43.70896971724597,46.85034541703477,-0.8381392714690605,-0.7051609709102898,48.510390861676285,39.972336952044415,1.4901603035494222,0.009515198427174854,0.009470214058290346,0.016899031246229462
2023-10-02,44.6986083984375,45.09087429927052,43.77932205408754,43.94800606273331,433298000,44.05556030273438,44.85860496520996,43.8032210202166,53.392236757839115,-0.650650793392181,-0.6942589354066682,47.882438858843734,40.22868174662502,1.5032113555596343,0.029494890424756504,0.029068284311425045,0.018449591463750865
2023-10-03,43.43597030639648,45.04596969701848,43.16547499563003,44.72456684968937,470850000,43.80467853546143,44.83681922912598,43.768244761757536,47.220838783017456,-0.5970665538834581,-0.6748204591020261,47.060665423140314,40.54869164778254,1.5301601659759783,-0.028247816593886643,-0.028654462371841622,0.019194793150232915
2023-10-04,43.958984375,44.06079561199084,43.2113786628117,43.660541405308585,361821000,43.65395965576172,44.8041951751709,43.7864104392092,49.80876838646074,-0.5065585025976205,-0.641168067801145,46.570676475746005,40.73724283577743,1.4815356504904902,0.012041035688029833,0.011969119142025026,0.018596393496013407
2023-10-05,44.60478591918945,44.816392949836604,43.80627636575413,43.967973455641534,393483000,43.576454162597656,44.78901840209961,43.86435096111208,52.88101645010858,-0.378357957437224,-0.5886060457283608,46.29915253310548,40.853755792089835,1.4478628600327748,0.014691002382592133,0.014584134995025658,0.01868489306449073
2023-10-06,45.676788330078125,45.70373848025028,43.9440208476475,44.11070969679084,434436000,43.585936546325684,44.78633903503418,44.03696404387075,57.52839902100063,-0.1880883014436563,-0.50850249687142,46.336366131414735,40.83550696123663,1.4701382009306323,0.02403334953407965,0.023749093991368018,0.019257405930494312
2023-10-09,45.18869400024414,45.52007649973999,44.28538045832398,44.75849682767498,409675000,43.590677642822264,44.75693084716797,44.14665261114441,54.874550260537035,-0.07580947703153385,-0.42196389290344277,46.35179433229179,40.82956095335274,1.464514605989455,-0.010685828572421174,-0.010743332053668687,0.019313084047725155
2023-10-10,45.71271896362305,46.17285906419018,45.004041982640686,45.22562871384522,368582000,43.63699150085449,44.73842239379883,44.295801787570944,57.15952326499134,0.05482474973789664,-0.32660616437517487,46.50575900052716,40.76822400118182,1.4433933542437434,0.011596373273723648,0.0115296506685786,0.019395489092780497
2023-10-11,46.718841552734375,46.77174426177856,45.96424879463127,46.10997683430652,378137000,43.702918434143065,44.744467697143556,44.52656747949128,61.219779239265996,0.23680921087110818,-0.2139230893259183,46.78352682610485,40.62231004218128,1.415938493094584,0.022009685967530723,0.021770969199939122,0.019762580905183392
2023-10-12,46.85758590698242,47.52035097000379,46.24373319803527,46.68989946190785,481325000,43.77099170684814,44.79796089172363,44.74856923449043,61.75803467689585,0.3877588743671012,-0.09358669658731442,47.06019873280977,40.48178468088651,1.4059870130141507,0.0029697730002880007,0.0029653719357401556,0.019764638961781916
2023-10-13,45.37635040283203,47.02827139098628,45.19568766753486,46.87255982126832,474115000,43.84889659881592,44.81691886901856,44.80835791718963,53.25908384057599,0.38344413889052475,0.0018194705082534152,47.21187069352817,40.48592250410367,1.4364582066168128,-0.03161143442367709,-0.03212186152994763,0.019252440725661086
2023-10-16,46.0091667175293,46.13892190023753,44.82836714020883,44.97908693457242,375099000,43.95514831542969,44.84523956298828,44.92272066007913,56.04228861392802,0.4261749878930985,0.08669057398522244,47.447646295043164,40.462650335816214,1.4274651032890902,0.013945950017561826,0.013849600018081946,0.01943821822823854
2023-10-17,43.85618591308594,44.67066838631244,42.40090056802487,43.91807074145932,812333000,43.976009368896484,44.81578941345215,44.821145922270254,46.00530854834252,0.28304912179542896,0.12596228354726374,47.46090119498316,40.49111754280981,1.5832366065901855,-0.046794605467677,-0.04792487438170214,0.022225474911143427
2023-10-18,42.11742401123047,43.13852165493323,41.74711648202066,42.51168892025405,627294000,43.973863220214845,44.766594619750975,44.563648597409326,39.805047349142185,0.028983187561827606,0.10656646435017651,47.46327499635944,40.48445144407025,1.620796094052692,-0.03964690192852938,-0.0404542516548368,0.02305636697127134
2023-10-19,42.022605895996094,43.21637798376251,41.8040119269262,42.73128289845607,501233000,44.02796249389648,44.75762153625488,44.32164453060806,39.49247377266322,-0.1779654503044128,0.04966008141925866,47.35747541214216,40.698449575650805,1.605908234251522,-0.0022512800215200857,-0.0022538179621799364,0.02203096210712703
2023-10-20,41.30993270874024,42.39091619548763,41.00150619051564,41.81199440818419,477266000,44.01683311462402,44.737708282470706,44.03481483328732,37.132270503808776,-0.3949280225413361,-0.03925753937286029,47.380945426752795,40.652720802495246,1.5904440750172693,-0.01695928113120071,-0.017104736632048333,0.022180864598733824
2023-10-23,42.89497756958008,43.1674718539468,40.86875871685224,41.15223029521093,478530000,44.05441303253174,44.78009658813477,43.92625890341044,45.00450474988599,-0.43397001448285977,-0.11820003439486021,47.350069069651525,40.75875699541196,1.6410347223085042,0.038369582250722845,0.03765177363679681,0.023594443360330477
2023-10-24,43.58169174194336,43.615628825296106,42.611505424258,42.99678441597956,401463000,44.141849517822266,44.77837188720703,43.89344298327072,48.04019120140895,-0.40483232473874153,-0.1755264924636365,47.28644684291796,40.99725219272657,1.595541056503476,0.01600919760942543,0.015882401880496628,0.02372892640532226
2023-10-25,41.701210021972656,43.56872855601065,41.47762806761296,43.3171950497614,398379000,44.10746421813965,44.73530464172363,43.68465889171852,41.31485743529427,-0.5274001144270386,-0.24590121685631694,47.341741880737125,40.87318655554217,1.6318641006339705,-0.04314843331703233,-0.044107002293476874,0.02563499482104143
2023-10-26,40.25091171264648,42.17731828601072,39.80574303401105,41.77506880872993,541001000,43.96957168579102,44.67229393005371,43.357635350854515,37.01139978194276,-0.7331120641925892,-0.3433433863235714,47.591403389171056,40.34773998241098,1.6847006114458059,-0.03477832678145332,-0.035397490843342684,0.02646741307266264
2023-10-27,40.42458724975586,41.12927392659706,39.94048973150051,41.0534152286562,416784000,43.819901084899904,44.61559120178222,43.07829743646417,37.84631836529279,-0.87207338296664,-0.44908938565218515,47.75443996974575,39.88536220005406,1.6492780102780016,0.0043148224405265,0.0043055402851693665,0.026363617782546894
2023-10-30,41.084354400634766,41.68822738791205,40.405620307517786,41.01049469201982,388028000,43.63918838500977,44.57298202514649,42.888398099718515,41.04338321308667,-0.9183770550646173,-0.5429469195346717,47.724795529675475,39.55358124034406,1.6230872295720202,0.016320937225720034,0.016189182371910065,0.025658020179864502
2023-10-31,40.704063415527344,40.80288190307965,39.1569503913023,40.37467987980174,517969000,43.50259304046631,44.44954963684082,42.680366225033644,39.77343018153069,-0.974525628254618,-0.6292626612786609,47.784214787858346,39.22097129307427,1.6448241424120518,-0.009256345649222286,-0.009299451826600462,0.02505346786407224
2023-11-01,42.246185302734375,42.30208077870125,40.79289531240805,40.80786677095721,437593000,43.41695308685303,44.38288925170898,42.63901566100514,46.94273025946195,-0.8843927002558658,-0.680288669074102,47.72705766235464,39.106848511351416,1.6414808010378987,0.03788619016888517,0.03718613534984491,0.026492179559017906
2023-11-02,43.42498779296875,43.802282272530825,42.814127888386025,43.247317846401735,409172000,43.357963180541994,44.31090103149414,42.71387014976358,51.67795863492479,-0.7096616582978967,-0.6861632669188611,47.63358076860559,39.0823455924784,1.635381955949224,0.02790316999717546,0.027520969986819414,0.02707930880976807
2023-11-03,44.921199798583984,45.22463078266812,43.641585445769095,43.93803330221259,424610000,43.320183753967285,44.26789901733398,42.924092021079815,56.93193554402667,-0.4453208624891829,-0.6379947860329255,47.525959348199905,39.114408159734666,1.6471148869313772,0.03445509329210439,0.03387480816711115,0.02767976518223322
2023-11-06,45.665802001953125,45.84946127643141,44.815387407221024,45.2006701825068,400733000,43.34403915405274,44.26264442443848,43.18520725735346,59.303401341608186,-0.17374290239890655,-0.5451444093061217,47.59708405312896,39.090994254976515,1.6033262428084494,0.016575741670030286,0.016439863528793067,0.02782097025110023
2023-11-07,45.86942672729492,46.131933661639785,45.07390997743288,45.63386613375853,343165000,43.35187454223633,44.245154190063474,43.440847206871695,59.952819362287144,0.05725539658683232,-0.42466444812753096,47.622885313855896,39.080863770616766,1.5643760600511958,0.004459020019687454,0.004449108044128265,0.027722083310631827
2023-11-08,46.48727035522461,46.77972399420801,45.882396057118896,46.01415021384401,346719000,43.34029598236084,44.201116714477536,43.73098274481007,61.93752451192961,0.2868711578881502,-0.28235732692439475,47.57584137462848,39.104750590093204,1.5176561462556168,0.013469617390313715,0.013379708552641973,0.02743827682945943
2023-11-09,46.86257553100586,48.14019083451283,46.662947187934414,47.3786111235174,540496000,43.34054546356201,44.155004043579105,44.02922967682872,63.13276496270963,0.49343923380889976,-0.12719801477773585,47.57692003174975,39.10417089537427,1.5273178843293742,0.008073289158804453,0.008040874504928736,0.027489939280549904
2023-11-10,48.244998931884766,48.38174487246118,47.19495962235481,47.41155462234615,421245000,43.48397789001465,44.13472328186035,44.43073151064358,67.21647675361564,0.7599358696139689,0.050228762100605104,48.15799227302556,38.80996350700374,1.5267358455526558,0.029499518223539578,0.029072779514290718,0.02714252715174219
2023-11-13,48.52946090698242,49.02453947075824,48.009431181663935,48.23002031531456,384136000,43.609992599487306,44.13701889038086,44.82108669124729,68.00190491505275,0.9827614156842657,0.2367352928173372,48.66953365343282,38.55045154554179,1.4901910200913453,0.005896196111420338,0.005878881573731567,0.027037744200659176
2023-11-14,49.56352615356445,49.7411960735644,48.94867598251322,49.5874835308016,416954000,43.89535961151123,44.15921730041504,45.27274759242035,70.745684317639,1.2286298100172814,0.43511419625732606,49.58306639691488,38.207652826107584,1.470301316269248,0.021307989564608,0.021084148507386925,0.02461367735927964
2023-11-15,48.79696273803711,49.86696509098912,48.11024418489581,49.8420139297863,475497000,44.22933654785156,44.195689315795896,45.60838713009814,66.21302257751277,1.3461099056490369,0.6173133381356682,50.23573128537441,38.222941810328706,1.490759858399538,-0.015466280852421077,-0.015587131466541058,0.022755222131272554
2023-11-16,49.38786315917969,49.432781344923285,48.24000685120362,48.58835600584551,339756000,44.59759941101074,44.26034866333008,45.9683372281059,67.91929419671246,1.469949787324623,0.7878406279734592,50.912855140068906,38.282343681952575,1.4694751894938332,0.012109368862049497,0.012036637023988753,0.02265322180500309
2023-11-17,49.206199645996094,49.62441812223873,48.9157411685867,49.431776726847154,325205000,44.99241275787354,44.33472984313965,46.27670507742877,66.80235712666925,1.5357320948526763,0.9374189213493027,51.42242312832364,38.56240238742343,1.415132458362276,-0.0036783027562476978,-0.0036850843467672264,0.022059068192936675
2023-11-20,50.31513977050781,50.45388089415767,49.08942564411514,49.22018224237135,414120000,45.36342086791992,44.439155197143556,46.66131790534106,70.04116734152568,1.6582321794029014,1.0815815729600224,52.11478243353039,38.612059302309454,1.4115126577680086,0.022536593609946642,0.022286396666017227,0.02121827665838135
2023-11-21,49.85100173950195,50.42293283216304,49.13034602179199,50.03266205340574,565747000,45.67688636779785,44.54044639587402,46.96509731811828,67.0908724172726,1.6982855402733819,1.2049223664226945,52.646865219363654,38.70690751623204,1.4030179543825114,-0.00922461972922739,-0.009267430009556786,0.02147963616539642
2023-11-22,48.625282287597656,50.24126692176278,47.60119189596065,49.759168450104845,899420000,46.0230899810791,44.60494598388672,47.12321017235441,59.91350188893043,1.6125345072960826,1.2864447945973723,52.855262742544255,39.19091721961395,1.4913791737696267,-0.024587659407715345,-0.02489498395898389,0.01951139034022314
2023-11-24,47.6870346069336,48.82990289515882,47.65609029290116,48.37974251431558,294645000,46.39489612579346,44.648764266967774,47.17690773755243,55.05800681784903,1.4521282191008211,1.319581479498062,52.72069720997133,40.06909504161559,1.4686958472330573,-0.0192954701036947,-0.019484057550678544,0.017976074226055426
2023-11-27,48.15217208862305,48.43963402417859,47.56327053938668,47.7109937696309,395662000,46.78127536773682,44.735442657470706,47.269790056702014,56.921870605473664,1.3470102913435724,1.325067241867164,52.51776295414509,41.044787781328544,1.4263863927729754,0.009753961124305599,0.00970669832995278,0.017947920040935882
2023-11-28,47.73195266723633,48.233020614585215,47.38460109717888,48.146180818273855,401491000,47.1136552810669,44.81239906311035,47.31380554341957,54.714165375455515,1.2157806187012739,1.3032099172339862,52.22786684946632,41.99944371266748,1.385103044532501,-0.00872690479285776,-0.008765207230458429,0.018276451827245323
2023-11-29,48.05035781860352,48.67120123627393,47.7708804254883,48.288914999950215,382005000,47.480970001220705,44.90462692260742,47.38395337915137,56.103418156562114,1.1245101394615205,1.267469961679493,51.67315180834587,43.28878819409554,1.3532562962828654,0.006670691928045702,0.006648541314693093,0.017841254530830096
2023-11-30,46.68291473388672,48.02041980667685,46.33556313621097,47.934577593167546,526247000,47.70280647277832,44.99507827758789,47.317187793888074,49.132336450253824,0.931103220028902,1.2001966133493749,51.17041759537863,44.23519535017801,1.3790804667192715,-0.028458541138841942,-0.028871335973646217,0.01824924175795219
2023-12-01,46.67792892456055,47.11212038076869,46.10100597021224,46.43837790620727,369317000,47.86545352935791,45.10982444763184,47.25630599680926,49.108376962887604,0.7685649910111749,1.113870288881735,50.77554612304424,44.95536093567157,1.3527971769933553,-0.00010680158586051647,-0.00010680728955600039,0.01747046252577989
2023-12-04,45.42525863647461,45.99120422189831,44.92618963722372,45.99120422189831,437543000,47.89065647125244,45.18767921447754,47.08192053392025,43.384031847274215,0.5325335351413045,0.9976029381336489,50.70548903599284,45.07582390651204,1.3812930420178888,-0.026836458192274648,-0.027203130953157257,0.01717652777202851
2023-12-05,46.483375549316406,46.51731180808335,45.19067140687653,45.385325095795785,371718000,47.931535148620604,45.27447914123535,47.02491624967226,48.81180407721175,0.42594803387290625,0.8832719572815004,50.63758218058557,45.22548811665564,1.3773892819599551,0.02329358036923046,0.0230264256317236,0.01756465165605654
2023-12-06,45.42226028442383,47.30292009715476,45.33142214594344,47.13122440124437,380590000,47.90917682647705,45.34626510620117,46.872282348220025,44.23213432289032,0.25293939455298187,0.7572054447357968,50.689379121542565,45.12897453141154,1.4198256154779096,-0.022827844414328058,-0.02309243408385258,0.018327826062716053
2023-12-07,46.51332473754883,46.54626712955494,45.52308427817849,45.6189146142351,350823000,47.91047954559326,45.42875328063965,46.83809590910848,49.48068377864882,0.2015452956820667,0.6460734149250508,50.68803872973575,45.13292036145077,1.3986957033102814,0.024020479084330137,0.02373652552312774,0.018889182762951543
2023-12-08,47.42171096801758,47.65629461849747,46.46740591239188,46.51232804934258,359224000,47.938436317443845,45.51701225280762,46.89367829567125,53.41196809246598,0.23144631015755124,0.5631479939715509,50.68431815699421,45.19255447789348,1.3837094892242319,0.01952959147930855,0.019341336093543368,0.01930960962821477
2023-12-11,46.54427337646485,47.44666883134117,45.748690336704186,47.40674269328456,509728000,47.85340003967285,45.57953773498535,46.86040163669921,49.412142519470855,0.18224044456397337,0.4869664840900354,50.660691320696095,45.0461087586496,1.4061572753251428,-0.018502866590884737,-0.01867618589228544,0.018517772117011323
2023-12-12,47.57244491577149,47.581427820158346,45.96430321028968,45.96430321028968,372387000,47.805549240112306,45.63701446533203,46.92821528232514,53.77998142401991,0.223631408336324,0.43429946893929317,50.59769913535479,45.013399344869825,1.4212263706496804,0.022090183490253823,0.02184973005107705,0.019205440787203116
2023-12-13,48.00267791748047,48.50778063121328,47.52353004634861,47.54449269431196,447792000,47.72750682830811,45.72834861755371,47.03054505710184,55.51097723948874,0.28783230136168925,0.4050060354237724,50.403588654931454,45.05142500168476,1.3900138145221794,0.00904374375693151,0.009003094006491526,0.018649475707916002
2023-12-14,48.26420211791992,48.58363397802505,47.33785124678629,48.3041320524151,391232000,47.70086879730225,45.81445297241211,47.148036205751175,56.57559241001586,0.3557143355178951,0.395147695442597,50.344244817131376,45.05749277747312,1.379711594287649,0.005448116892333266,0.005433329587825679,0.018405962381852912
2023-12-15,48.803253173828125,49.31634111544804,48.034618938742405,48.10848894942567,479948000,47.671638298034665,45.89842231750488,47.3056759169966,58.76587077523192,0.447845764624212,0.40568730927892,50.251924980009825,45.091351616059505,1.372712350174648,0.011168755148819987,0.011106845148288278,0.0183735231644712
2023-12-18,49.98815155029297,50.343518919127504,49.062798119752,49.3123545622575,412587000,47.71073589324951,45.98464958190918,47.56114978683435,63.16405225920438,0.6094466605978752,0.44643917954271106,50.40406763977059,45.01740414672844,1.3846804498264145,0.0242790859093851,0.02398903431710372,0.019160401011149002
2023-12-19,49.5159797668457,49.61181008886036,48.80823822469981,49.33629886505029,464444000,47.67077789306641,46.07119529724121,47.74732407064495,60.39932671499425,0.6914456629165144,0.4954404762174718,50.228676739221086,45.11287904691173,1.3700542266668965,-0.00944567400081231,-0.009490567301449785,0.01859131094830832
2023-12-20,48.025634765625,49.91028529819524,48.012657344636494,49.5668939044448,397894000,47.579509544372556,46.11745361328125,47.77382985111924,52.57679052888146,0.6289222525227274,0.522136831478523,49.942566111015296,45.216452977729816,1.4077380643020285,-0.03009826339372146,-0.030560515083904168,0.019654363790233362
2023-12-21,48.903076171875,49.007889407965415,48.333086371904265,48.72439292790381,300425000,47.59339923858643,46.16113830566406,47.88137711976264,56.175512706010466,0.6427647952766193,0.5462624242381422,49.98398540940836,45.202813067764495,1.3773463913047705,0.018270271918988668,0.018105375935482587,0.019359410213643465
2023-12-22,48.74336242675781,49.29537882848635,48.38100372795406,49.10771267233565,252507000,47.64621562957764,46.19885383605957,47.963470958524084,55.35213219237846,0.6335444397579124,0.5637188273420963,50.088852218570054,45.203579040585225,1.3442770133924504,-0.0032659243061899934,-0.003271269077227984,0.01882270952558513
2023-12-26,49.19156265258789,49.51199224313979,48.87312841671405,48.88111364335506,244200000,47.69818515777588,46.275158081054684,48.08043207224445,57.24597950379533,0.6548544990073921,0.5819459616751556,50.224465283782365,45.1719050317694,1.3031593564631305,0.009195102748677852,0.009153085165657023,0.01880985448701468
2023-12-27,49.329322814941406,49.59185668051367,48.997911127361846,49.42315780443188,233648000,47.77805366516113,46.34156120300293,48.1993740477394,57.83795289442322,0.6750770997010491,0.6005721892803343,50.402643028005,45.15346430231726,1.2525012276551803,0.0028004835570367703,0.0027965695087425815,0.0186645210363192
2023-12-28,49.43413162231445,49.79548883206165,49.32432618794135,49.55491912329638,246587000,47.84724235534668,46.4531201171875,48.316970007222736,58.31089352700259,0.6915886478446396,0.6187754809931953,50.568089641357474,45.126395069335885,1.1966913288312602,0.0021246755761523684,0.002122421645017414,0.018629903421706704
2023-12-29,49.43413162231445,49.90829110638661,48.664499712290464,49.72461566156116,389293000,47.984803199768066,46.59945426940918,48.42336635151719,58.31089352700259,0.6966436938506462,0.6343491235646855,50.734317658218,45.23528874131813,1.2000556192073237,0.0,0.0,0.017250071573707376
2024-01-02,48.0825309753418,49.20753015338818,47.51054964423797,49.1566219566508,411254000,48.05503330230713,46.7206527709961,48.39090583950049,49.93369807391736,0.5848452458763234,0.6244483480270131,50.73839439567466,45.3716722089396,1.2517360734122638,-0.02734144613481082,-0.02772217938517641,0.018536010658085075
2024-01-03,47.48459243774414,48.098499031561545,47.23603372218609,47.40074185532866,320896000,48.157999992370605,46.844145965576175,48.30459027742845,46.734925636229406,0.4428901654513169,0.5881367115118739,50.57460004155745,45.74139994318376,1.2239310188382058,-0.012435671032049012,-0.012513641069905506,0.017628814893246126
2024-01-04,47.91283798217773,48.41394618414248,47.42370571637504,47.68224504410837,306535000,48.22947311401367,46.944503173828124,48.26728053502362,49.24281368149474,0.36078665395689313,0.5426667000008777,50.52526701731896,45.933679210708384,1.2072388366188653,0.009018621039973196,0.008978196146645512,0.017015271557124522
2024-01-05,49.00988006591797,49.459082326064205,48.22028328844258,48.37600851565981,415039000,48.40885410308838,47.053066940307616,48.338004299870704,55.0778226007291,0.3798623407601269,0.5101058281527275,50.32918681318876,46.488521392988,1.2314535157094093,0.022896620821089897,0.02263842694725175,0.01661999585584084
2024-01-08,52.16028594970703,52.18225008334284,49.39120958940494,49.4241519819298,642510000,48.69120216369629,47.2622484588623,48.70203112366464,66.85997672163711,0.6417931933354524,0.5364433011892725,51.02890143285085,46.35350289454173,1.3700904086890855,0.06428103638596516,0.06229948798444914,0.021032614966453193
2024-01-09,53.045711517333984,54.22861030764682,51.59828353362604,52.30802433098523,773100000,48.97240219116211,47.51814445495606,49.11571497068077,69.29728734246821,0.9103280297412226,0.6112202468996626,51.90814278157899,46.036661600745234,1.460107291927064,0.016975090368190893,0.01683262351984181,0.02095343510556401
2024-01-10,54.25356674194336,54.50312317370562,53.39409433002728,53.52087170860792,533796000,49.35786685943604,47.79472404479981,49.605034186991496,72.29110151775069,1.2066975858144033,0.7303157146826108,52.882525519023424,45.83320819984865,1.4599147465302473,0.022770082445112916,0.022514713366797674,0.02045790582737373
2024-01-11,54.7247200012207,55.24779226380535,53.46496212237643,54.9014078742,596759000,49.71548061370849,48.06753135681152,50.09262331215618,73.38144798407299,1.462729291901681,0.8767984301264249,53.84279747861457,45.588163748802415,1.4829801318801528,0.008684281745352962,0.008646790271956297,0.020185923192614332
2024-01-12,54.61292266845703,54.872463461679565,54.23359967517569,54.52308221048439,352994000,50.045992851257324,48.34570854187012,50.52312801275626,72.65091426084116,1.6377363479957339,1.0289860137002869,54.60757593910554,45.48440976340911,1.4226861072104187,-0.002042903696193976,-0.0020449932703007294,0.020285143232533276
2024-01-16,56.28196334838867,56.7341587228084,54.80259436306696,54.92038503023544,449580000,50.44688091278076,48.626424102783204,51.071588520911725,76.42435652863036,1.8893293225597318,1.201054675472176,55.67255840767001,45.221203417891516,1.4725825320062012,0.030561277411648824,0.03010358334723954,0.02097155436378725
2024-01-17,55.95355224609375,56.37080989994834,54.64288204305218,56.247029352235366,474394000,50.804395866394046,48.8769953918457,51.536537447119535,74.25342085408836,2.0387174702822577,1.3685872344341925,56.489536226854725,45.11925550593337,1.4908214837840552,-0.005835103872656955,-0.00585219460783212,0.021176575962254716
2024-01-18,57.005672454833984,57.497797746406825,56.00744677307047,57.15840086229008,491650000,51.15527191162109,49.1186848449707,52.057407447854246,76.5514877801015,2.2164560360580197,1.538160994758958,57.43112087652103,44.87942294672116,1.4946374849646993,0.018803456912133587,0.018628857238858588,0.020976826427136507
2024-01-19,59.38544845581055,59.39443136029789,57.12346628511491,57.88611068736901,543501000,51.64874534606933,49.39307777404785,52.75531611527865,80.73916857270846,2.5202908208769514,1.7345869599825567,58.81965334650638,44.47783734563229,1.5585033007146423,0.04174630170115212,0.04089844123123689,0.021989517587110034
2024-01-22,59.54815673828125,60.22395750387172,58.96519328035112,59.94245635666948,452955000,52.224871444702146,49.66665237426758,53.40225331746937,80.98915587055198,2.7425963321330116,1.9361888344126479,59.9675447839103,44.48219810549399,1.5370933666293536,0.002739867875070079,0.0027361212789756115,0.020026949461067887
2024-01-23,59.76676177978516,59.80369487757325,58.48104521071959,59.464298025036406,294654000,52.76805572509765,49.932242202758786,54.00839698054706,81.33958437141759,2.9029512364891303,2.1295413148279443,61.0105038435985,44.52560760659681,1.5217759595025182,0.0036710631105627556,0.003664341204386852,0.020013964004730222
2024-01-24,61.25312805175781,62.73748925623283,59.83165479543139,60.197006547482026,560271000,53.39354400634765,50.22005325317383,54.69837136828142,83.55872067937003,3.11407388425895,2.3264478287141452,62.1988076523065,44.58828036038881,1.6252724964271716,0.024869446289381925,0.024565235004417506,0.020001458292736345
2024-01-25,61.50767135620117,62.607717226695215,60.74203016945469,62.239368666397,482777000,54.00934944152832,50.48530670166016,55.346876129035685,83.9115760146781,3.264300793444356,2.5140184216601877,63.26420144517007,44.75449743788657,1.642444965056697,0.004155596824839236,0.0041469861790261724,0.020065971611104374
2024-01-26,60.92271423339844,61.67338271174931,60.46553046315559,60.85184105783135,390309000,54.589019012451175,50.73317176818848,55.87790832945119,79.67948833577655,3.29813668351197,2.6708420740305443,64.04875532312484,45.12928270177751,1.6114026281664846,-0.009510311639261193,-0.009555823437106826,0.02052787306288882
2024-01-29,62.35416793823242,62.37812361839996,60.79893365210522,61.12335395532468,348733000,55.23502082824707,50.98898460388184,56.49469495885892,82.06350029692558,3.4012507198934543,2.8169238032031263,64.95933429760551,45.510707358888645,1.6091017237470744,0.023496223417591056,0.023224436241946287,0.020608239912260955
2024-01-30,62.66261672973633,63.38034275629544,62.14952879417416,62.788396424260334,410735000,55.89644508361816,51.26629768371582,57.08211607989486,82.53887542045288,3.467882979971634,2.947115638556828,65.75119608642062,46.0416940808157,1.582081169345232,0.00494672291689402,0.004934528082861096,0.020487546463932912
2024-01-31,61.41783142089844,62.15851544921119,60.59229912426738,61.33098398998848,453795000,56.563210105896,51.506897048950194,57.49504135046663,74.01363641398018,3.3812685952256345,3.0339462298905895,66.0090295847078,47.11739062708419,1.616955200496926,-0.01986487915445101,-0.02006483840804883,0.019785754951477302
2024-02-01,62.915164947509766,63.07887540719106,61.54060940108073,61.98980787209497,369146000,57.33473873138428,51.78107635498047,58.01124359780407,77.08029742555478,3.3943207563625677,3.106021135184985,66.19067946377368,48.47879799899488,1.6201043994823332,0.024379459384523905,0.024087023779964373,0.019042724081820377
2024-02-02,66.04261779785156,66.48183193924027,63.57699522405565,63.8604917267368,476578000,58.24122772216797,52.09562591552734,58.776136378760974,81.88805234553841,3.6153485087750425,3.207886609902997,66.75896133596513,49.72349410837082,1.7591445846429166,0.04970904634758622,0.04851302705390439,0.02055798539348701
2024-02-05,69.20897674560547,69.37368488045085,67.085752030502,68.10393877262449,680078000,59.251182556152344,52.48278541564942,59.76974022322236,85.25939383367381,3.9999048860270037,3.366290265127798,67.93947920549442,50.562885906810266,1.8714247630683718,0.04794417685631047,0.046830318121665195,0.021707222026479032
2024-02-06,68.10194396972656,69.63022558045657,66.18235963384292,69.50644505901005,683111000,60.04826545715332,52.87231864929199,60.56328343717514,79.67537681563755,4.167302226413248,3.526492657384888,68.91145713092637,51.185073783380275,1.984027704750177,-0.01599550850098641,-0.016124817408783194,0.01997899139985594
2024-02-07,69.97462463378906,70.09541214076467,67.48005798042527,68.19778404882926,495575000,60.894711112976076,53.3180704498291,61.45960164637647,81.84189770771013,4.400350996482523,3.701264325204415,70.1461788137085,51.64324341224364,2.029122451577978,0.027498196892807636,0.027126912537863854,0.020209507503374673
2024-02-08,69.5174331665039,70.66838724943909,69.33176617612584,69.94966354395652,414422000,61.6579044342041,53.74537567138672,62.22701417210289,79.61073578263773,4.496321499898862,3.8602757601433044,71.10825394343001,52.20755492497818,1.979658067416212,-0.006533675166931707,-0.006555113052331649,0.020608929191636472
2024-02-09,72.00502014160156,72.05692221360141,70.08742326576261,70.40785287358678,436637000,62.52191944122315,54.23083702087402,63.158252835864666,82.41914412181063,4.718711920818038,4.031962992278252,72.42756275870697,52.616276123739325,2.019645994536304,0.03578364248777044,0.03515828272980977,0.021214946847786624
2024-02-12,72.11981964111328,74.4786262016981,71.12358918296164,72.4711925074671,613710000,63.397264289855954,54.71222625732422,64.01173538874549,82.5386755985216,4.848332730093908,4.195236939841383,73.44566449964982,53.348864080062086,2.1150310676934585,0.0015943263301081423,0.0015930567411316602,0.021085140733089532
2024-02-13,72.0000228881836,73.31967588505927,69.49647717607553,70.2750920169868,602580000,64.1831672668457,55.21856842041016,64.77252467440626,81.91280606635881,4.885079404021141,4.333205432677334,74.34071433402246,54.025620199668936,2.2370430420713356,-0.0016610794858588074,-0.0016624606080356855,0.021000704063327765
2024-02-14,73.76887512207031,74.1042774694229,71.8103584587589,73.07211558631658,504917000,65.07393341064453,55.76038734436035,65.62931995513617,83.85900731159697,4.999304134114389,4.466425172964746,75.31276886538959,54.83509795589948,2.241105611256526,0.024567384327554453,0.02427045942558321,0.020694396837239636
2024-02-15,72.52908325195312,73.84374789733648,72.27154539670707,73.73794078168315,420122000,65.85010395050048,56.30246383666992,66.28644026911874,77.55967600439874,4.93292354116825,4.559724846605446,75.87609385188402,55.82411404911694,2.193326817640304,-0.01680643588594266,-0.016949266608065186,0.02177370940402192
2024-02-16,72.4841537475586,74.2699807907232,72.37235296886776,73.96851471281462,495327000,66.50503921508789,56.82247940063476,66.87669869563683,77.33296275090353,4.8211161812027115,4.612003113524899,76.46739244654924,56.542685983626534,2.1722054607985277,-0.0006194688031345708,-0.0006196607532090814,0.02080102467845182
2024-02-20,69.32878112792969,71.82833631589585,67.61382690331146,71.81934960299229,704833000,66.99407043457032,57.300609817504885,67.1102303558552,63.33173771968339,4.426865690989189,4.574975629017757,76.49180367428298,57.49633719485766,2.3649284167591422,-0.043531895683271093,-0.044507836902753214,0.024003357773898133
2024-02-21,67.352294921875,68.7657830962581,66.1304674517911,67.8853441158395,673755000,67.3733470916748,57.717389221191404,67.13328412404755,56.43876291549065,3.909862952122495,4.441953093638705,76.27336958830928,58.47332459504032,2.4244559352862454,-0.02850888438969601,-0.028923155229305404,0.025343227230926097
2024-02-22,78.39865112304688,78.43558041658676,74.08831180865685,74.8918837924214,865100000,68.23062324523926,58.33692802429199,68.20617621919034,73.68030430964205,4.341437791541253,4.421850033219214,77.87897856644527,58.582267924033246,3.0429437609594965,0.16400860897145453,0.151869745305482,0.04338549545788594
2024-02-23,78.67715454101562,82.24780364536768,77.4323654765101,80.64665337566204,829388000,69.08909740447999,58.97958564758301,69.20341224984037,73.96014484189814,4.652307949310824,4.467941616437536,79.23450206265755,58.94369274630242,3.1695505043807883,0.003552400634184938,0.0035461057625843983,0.04339236124238673
2024-02-26,78.95167541503906,80.50291911362528,78.36571128314377,79.5585907729136,503973000,69.99054546356201,59.607170257568356,70.13181826557357,74.25076359552509,4.86474853638218,4.547303000426465,80.27621157951037,59.704879347613655,3.0958117419594116,0.003489206944823131,0.003483133785178392,0.04313049519478408
2024-02-27,78.56134796142578,79.33897263573371,77.02508494380959,79.24014166205446,391705000,70.80090446472168,60.21834365844727,70.93463061755949,73.00319241828343,4.944614629253749,4.626765326191922,81.10610118071561,60.49570774872775,3.039960024099748,-0.004943878031230864,-0.0049561394254767415,0.04326512138766355
2024-02-28,77.52519226074219,78.79293534780788,76.98814490868608,77.48226929356848,393110000,71.54403324127198,60.80356346130371,71.56230315500545,69.65730236761557,4.868182599064369,4.675048780766412,81.533276539062,61.55478994348194,2.951733625172752,-0.013189128338179201,-0.013276877300248943,0.04361927245890586
2024-02-29,78.97161865234375,79.84805903387235,78.2109697529952,78.95365284686739,507289000,72.42172260284424,61.40693077087403,72.26795224999005,71.61318369588776,4.8682065314475835,4.713680330902647,81.76139280832476,63.08205239736372,2.9068145643125667,0.018657501509145025,0.01848558538608029,0.043005566034250015
2024-03-01,82.13300323486328,82.15396968894088,79.29404786978826,79.85804776923267,479135000,73.38261451721192,62.04982780456543,73.20748091521607,75.35275912672664,5.064937367886728,4.783931738299463,82.56537298483362,64.19985604959022,2.926495740904321,0.04003190812685342,0.03925139357383759,0.04335555181312836
2024-03-04,85.08575439453125,87.5393930852347,83.57045019844777,83.98071640863849,615616000,74.3347713470459,62.76122329711914,74.33874505610324,78.23657222481292,5.396898231191344,4.90652503687784,84.19956880010372,64.46997389398808,3.1036310344376856,0.035950848542874336,0.03531969922037924,0.04286978812686405
2024-03-05,85.81549835205078,85.94827183043155,83.27290109267872,85.12269695886387,520639000,75.16509742736817,63.517020568847656,75.43176917952681,78.8938312362583,5.653691608098896,5.055958351122051,85.91977676450608,64.41041809023025,3.07304101324591,0.008576570340268708,0.008540000507930237,0.04210511650769189
2024-03-06,88.5467758178711,89.56900902315816,86.87966241798968,87.86995321567885,582520000,76.1873390197754,64.30989456176758,76.6808174307977,81.18423067360271,6.008333150150619,5.246433310927765,87.90567730247588,64.46900073707491,3.1216459888074435,0.031827321617541315,0.03133132904513607,0.04181263766451092
2024-03-07,92.50891876220705,92.60674904676836,89.44721547430589,90.00225477502153,608119000,77.31405372619629,65.18520568847656,78.18825565283669,83.91170592986748,6.533783560136442,5.503903360769501,90.64824800401024,63.97985944838234,3.1886693630995735,0.04474632653463928,0.04377410622067221,0.04228122610796656
2024-03-08,87.37678527832031,97.23173191783088,86.35654773150235,94.97363874493584,1142269000,78.2070213317871,65.94891014099122,79.06335371240655,69.79818271990337,6.461601198189797,5.69544292825356,91.72387848452814,64.69016417904606,3.7377061361873567,-0.05547717509355843,-0.05707542620610883,0.044918156636453224
2024-03-11,85.62582397460938,88.64359662209651,84.02060015441661,86.27969121669621,678364000,78.8880615234375,66.67484016418457,79.6883508802354,65.73582382211464,6.191733759922002,5.794701094587248,92.45879942139464,65.31732362548036,3.8009411598653955,-0.020039204900175966,-0.020242713117920367,0.04512272236113226
2024-03-12,91.75421905517578,91.80113493638854,86.0011743538899,87.89689583589372,668075000,79.86978149414062,67.5212419128418,80.83748118261067,71.90023678155279,6.3986129100431555,5.915483457678429,94.16158379414159,65.57797919413966,3.970539002859236,0.07157180855139744,0.06912655053281393,0.047136496626387255
2024-03-13,90.7309799194336,91.34591302025892,88.2822148639796,90.89769122292586,635713000,80.80632934570312,68.34717887878418,81.7797191575462,69.64719055142453,6.406153134665303,6.013617393075805,95.36495674023307,66.24770195117317,3.934929373454732,-0.011151957329906259,-0.011214606616280796,0.047340365280196854
2024-03-14,87.79207611083984,90.48941185201532,86.45039611721776,89.42225831640668,602318000,81.5074893951416,69.14136978149413,82.3523245816694,63.493160136364786,6.104613654869851,6.031816645434614,95.99341736460292,67.02156142568029,3.959618975509096,-0.03239140380940897,-0.03292761625245871,0.04828857395582988
2024-03-15,87.68526458740234,89.39131202190967,86.10799973550625,86.77983369344113,642086000,82.26529846191406,69.9453832244873,82.86022362983444,63.274333072466106,5.79027595054086,5.9835085064558635,96.37400629433107,68.15659062949705,3.91131135485869,-0.0012166419586961963,-0.0012173826683706237,0.04796140880923867
2024-03-18,88.30220031738281,92.24537384693532,86.93456418081807,90.2318598178106,668976000,83.05620079040527,70.75317047119141,83.37850712388666,64.04512710776118,5.527228166913531,5.892252438547397,96.64694062109636,69.46546095971418,4.011275519948588,0.007035797096392571,0.007011161363183365,0.047897938603703255
2024-03-19,89.24356079101562,90.38757708954982,84.86314090656104,86.55021612428985,672171000,84.05193977355957,71.55784408569336,83.93708366361324,65.24380260624798,5.333242526162962,5.78045045607051,96.32836023282728,71.77551931429186,4.119358424451458,0.010660668366691883,0.010604244101024646,0.04615478142559525
2024-03-20,90.21588897705078,90.253825344818,88.07059918494765,89.64187768825083,479063000,85.19511947631835,72.31895614624024,84.53506512203586,66.48661000665908,5.198046423308071,5.663969649518023,95.0595143530299,75.33072459960681,3.981063262695664,0.010895219525272948,0.010836294237296807,0.045088710701916106
2024-03-21,91.27703857421876,92.48794810720764,90.24881917443112,92.14054972284488,480372000,85.83903884887695,73.08358268737793,85.17715783176757,67.83824592413072,5.117536664739347,5.554683052562289,95.5244561975277,76.15362150022621,3.8589915389428926,0.011762335983164895,0.011693697418227247,0.02853120771144621
2024-03-22,94.12610626220705,94.61425987373234,90.67707334814835,90.983542177901,586719000,86.61148643493652,73.8810334777832,86.02943863466656,71.19708116549108,5.223415767298633,5.488429595509558,96.35300520869481,76.86996766117824,3.864576895131542,0.0312134106506059,0.030736177456072336,0.02897042695642151
2024-03-25,94.83787536621094,96.59882785449742,93.34845614456138,93.77871131394468,552136000,87.40579643249512,74.68329658508301,86.86833737100413,71.9842577308823,5.303622676263657,5.451468211660378,97.11010622393363,77.70148664105662,3.8207050961890054,0.007561867076718576,0.007533419481157722,0.028940988207200268
2024-03-26,92.4011001586914,96.20851455285562,92.34220396856466,95.68541767838448,513648000,88.0977840423584,75.4390601348877,87.39526716030768,65.39493489424572,5.111636076405489,5.3835017846094,97.13127723332843,79.06429085138836,3.8239626310534303,-0.02569411427776158,-0.02602997359378439,0.02984770750649651
2024-03-27,90.09410095214844,93.07893385392306,88.96904884364167,92.95115660792447,586067000,88.72622947692871,76.1153028869629,87.65229895000681,59.812638674063344,4.718932836947303,5.250587995076981,96.37249270932503,81.07996624453239,3.8443856581411415,-0.024967226608567317,-0.025284194814416048,0.03041043519549044
2024-03-28,90.19991302490234,91.1422825108375,89.03892009399118,89.8445252112995,435212000,89.28764419555664,76.80023010253906,87.89492886190162,59.98137298840839,4.365923195461022,5.07365503515379,95.50121463822639,83.07407375288689,3.7200268551915117,0.0011744617198645724,0.0011737725792256156,0.03033847619490704
2024-04-01,90.20690155029295,92.06568455405532,89.0499070749777,90.14301673764524,452441000,89.69133911132812,77.46425468444824,88.11511673698651,59.99332060931444,4.040152068738408,4.866954441870714,94.97223000846861,84.41044821418762,3.6697233283262345,7.747818325154476e-05,7.747518197212624e-05,0.02935563246665044
2024-04-02,89.29747772216797,89.93836697964663,87.46864171818919,88.29520668047454,433064000,89.90192527770996,78.0624952697754,88.22772254509903,57.584042872869915,3.666330030814862,4.626829559659544,94.74951909069298,85.05433146472694,3.603190221453201,-0.010081532704212859,-0.010132695511846672,0.028604932255919233
2024-04-03,88.81031799316406,90.21788597554938,88.24729689318218,88.33115142365672,370067000,90.05166625976562,78.64773849487305,88.28320782586714,56.280188040119526,3.2928062331956482,4.360024894366765,94.55810838386171,85.54522413566954,3.486575854375629,-0.005455470203980517,-0.005470405626154673,0.028627974756914396
2024-04-04,85.75658416748047,90.4774179638533,85.73162583573242,90.24980742241584,434965000,89.91215667724609,79.16753494262696,88.04257700125889,48.8182181089941,2.719031827505603,4.031826280994533,94.75640851946497,85.0679048350272,3.5765198739288615,-0.03438489912758391,-0.03498997047228549,0.028837323434460556
2024-04-05,87.85597229003906,88.32815477151372,85.77756814573236,86.71593914747515,399678000,89.6795093536377,79.69959182739258,88.02480512399985,53.39323933481557,2.405979914562181,3.706657007708063,94.4489140317682,84.9101046755072,3.5047377832220326,0.024480780606402686,0.024185928741839006,0.02746079638824958
2024-04-08,86.98247528076172,88.67654220104028,86.58216705957724,88.54676191015398,283220000,89.65979385375977,80.20908790588379,87.92553561512003,51.33705506063995,2.063612074170564,3.3780480210005632,94.47019478348204,84.84939292403749,3.4039975945249608,-0.009942374849528313,-0.00999213032477742,0.02454594657479732
2024-04-09,85.20654296875,87.4836082761363,82.87857850073121,87.29094090122678,501700000,89.63882980346679,80.69476448059082,87.66658393451337,47.344974300925095,1.6301884014050074,3.0284760970814526,94.52246627958208,84.7551933273515,3.4897856074449694,-0.020417127775214206,-0.02062843851513998,0.024562370145148685
2024-04-10,86.8886489868164,87.24902545092569,83.56439945092491,83.78102746556362,431929000,89.39555130004882,81.1854541015625,87.59249489187556,51.21460757118614,1.4062188996662996,2.7040246575984224,94.31803970303645,84.4730628970612,3.5037027783418124,0.019741512323570465,0.019549175889468088,0.018637207083593572
2024-04-11,90.45945739746094,90.58224601063488,86.77583708331596,87.2689793680449,431637000,89.3819751739502,81.74139091491699,87.86553894002655,58.231941390751494,1.4995697455957497,2.463133675197888,94.29113601365346,84.47281433424693,3.525324646125891,0.041096373948527276,0.040274363588391184,0.02089396859004861
2024-04-12,88.03366088867188,90.01923104025528,87.37879585703206,89.54404775764081,426805000,89.3940544128418,82.27370750427247,87.88155055418325,52.687446519575566,1.3621079262285747,2.242928525404025,94.28867503084975,84.49943379483385,3.4935629957189613,-0.026816394643299657,-0.027182514333963778,0.02047118881406017
2024-04-15,85.85243225097656,90.45646450816476,85.78055803275619,88.94408228829708,443077000,89.3024127960205,82.7324528503418,87.6883011919731,48.23973005945008,1.0648861772645972,2.0073200557761397,94.38653939008482,84.21828620195619,3.5780161014110763,-0.024777211531095023,-0.025089333092917047,0.02122912503711292
2024-04-16,87.26398468017578,87.96576550123054,85.91532070970885,86.28367890740496,370453000,89.25050201416016,83.15688018798828,87.64789009561144,51.115671897150776,0.9324871526019791,1.7923534751413077,94.39525829056309,84.10574573775723,3.4733958977569976,0.016441612569260133,0.016307912760458433,0.021515081628944364
2024-04-17,83.88983154296875,88.62164096734257,83.80497167986917,88.18738725935935,495400000,88.98281555175781,83.45049728393555,87.28997975726452,44.719334591473135,0.5489658755808478,1.5436759552292159,94.63341206177321,83.3322190417424,3.569343997022455,-0.03866604475573021,-0.03943342232023164,0.022962417909702115
2024-04-18,84.52472686767578,86.0411075798554,82.25964941091485,84.82321393436638,447260000,88.69825744628906,83.77895294189453,87.02662233920844,46.08642561873803,0.292877141702391,1.293516192523851,94.63763153671658,82.75888335586154,3.58449500930232,0.007568203595471834,0.007539708423837403,0.02286955603971484
2024-04-19,76.06836700439453,84.17833393456459,75.47539894537725,83.00636595540483,875198000,87.93782386779785,83.90082778930665,85.98297897398808,34.01905960029704,-0.5856812245519194,0.917676709108697,95.90876683400658,79.96688090158911,3.9748402173734774,-0.10004598863146585,-0.10541161544280458,0.031213453860159907
2024-04-22,79.38062286376953,79.93466435331439,76.26801328194024,77.9690642204774,596341000,87.20054969787597,84.09809158325196,85.35418315396727,40.5817840700344,-1.0031104603331897,0.5335192752203197,95.46782306762093,78.93327632813102,3.967087155341076,0.04354314401390602,0.042621792165713025,0.03214881572859866
2024-04-23,82.28060913085938,82.62601207910251,80.12534225900131,80.62946711947102,438559000,86.5726863861084,84.30360336303711,85.06146181843317,45.67639475782397,-1.0873867638089791,0.20933806741445996,94.31519076006859,78.83018201214821,3.9155373024833544,0.03653267211151401,0.03588117397096364,0.03350972862476813
2024-04-24,79.53936767578125,83.93675724779338,79.04621772256601,83.80498148732187,512208000,85.92959976196289,84.45199432373047,84.53554809056156,42.009682527194514,-1.3596978667798965,-0.10446911942441131,93.76487674184648,78.0943227820793,3.9851803183936414,-0.03331576520925417,-0.03388337791936385,0.033781380567026544
2024-04-25,82.4892578125,83.1790583894206,78.08787011237102,78.73175253009703,424641000,85.54935760498047,84.66177902221679,84.34066330217475,46.94541035764557,-1.3222330178390393,-0.34802189910733694,93.27669902832541,77.82201618163553,4.064180886869066,0.03708717108165982,0.03641598654539255,0.034867937028833354
2024-04-26,87.58344268798828,88.17841379736606,83.24295407183207,83.67320929669376,551011000,85.41853408813476,84.93807037353515,84.649499434157,54.19570223034257,-0.87143831116164,-0.45270518151819755,92.91155174358794,77.92551643268159,4.180250536725994,0.06175573657199673,0.05992389313707312,0.03782922712066691
2024-04-29,87.60540771484375,87.8399947565515,85.11870586410434,87.44368500312586,388971000,85.2884593963623,85.23959686279296,84.93101450850811,54.22474947750125,-0.5065684583614001,-0.4634778368868381,92.53058798846023,78.04633080426437,4.076038990706078,0.0002507897175694218,0.00025075827508506054,0.03782945346797413
2024-04-30,86.25273895263672,88.66556334587189,86.15091777999787,87.08928872900789,363709000,85.13622245788574,85.51496856689454,85.05689302699656,52.03623694037376,-0.3228341050516832,-0.4353490905198071,92.15955810613265,78.11288680963882,3.9645108889323595,-0.015440471056421323,-0.015560916561760646,0.03791775242723625
2024-05-01,82.89752960205078,85.85141694267458,81.11461218464028,84.93001509196907,559863000,84.84058303833008,85.78634353637695,84.85123936747792,46.972111931431975,-0.4428556954676992,-0.43685041150938553,91.71664197513668,77.96452410152348,4.048340594579794,-0.03889974267864538,-0.03967654941663767,0.038848844753779345
2024-05-02,85.66875457763672,86.08802721004574,83.05627099401435,84.30311392551386,377898000,84.8361915588379,86.15267272949218,84.9290979589216,51.1967017972516,-0.3107765366817432,-0.4116356365438571,91.71001664884797,77.96236646882782,3.9870660955380197,0.03342952424383672,0.03288290646848042,0.038898181952315515
2024-05-03,88.6356201171875,89.12676696706856,86.88964093377092,87.63734759857738,398341000,84.87517395019532,86.357412109375,85.28210006923264,55.302297548865624,0.032918933176617315,-0.32272472259976226,91.82547676387199,77.92487113651865,3.9492765451018643,0.03463182760363437,0.03404564131111777,0.03928934057985122
2024-05-06,91.9808349609375,92.06069859527176,88.90116496394158,89.23558536447402,376203000,85.12509193420411,86.62348571777343,85.92007482082357,59.4449871112909,0.5686756115337062,-0.14444465577306856,92.69257586925364,77.55760799915457,3.911833826029178,0.03774120200577613,0.0370464299635203,0.04001839755437117
2024-05-07,90.39756774902344,91.62244547206085,88.85723403089521,90.94062670307744,437342000,85.38464317321777,86.85240356445313,86.34650271874736,56.76346740627017,0.8556468427829174,0.05557364393812862,93.29386684649342,77.47541949994212,3.8555314763158286,-0.01721301195609326,-0.01736287810132289,0.03992360832911929
2024-05-08,90.2558135986328,91.03646035901208,89.26552291616532,89.32841761603471,325721000,85.5530014038086,87.08629287719727,86.71881804064121,56.51764804560181,1.0594228684566076,0.25634348884182445,93.72219320617762,77.38380960143957,3.7066319024966097,-0.0015681190757720342,-0.0015693498613370957,0.03975787790051511
2024-05-09,88.59368896484375,90.91466942223298,88.07858152551931,90.37260819958134,378013000,85.45971298217773,87.3076628112793,86.89737717627955,53.587285130822806,1.074412115865016,0.4199572142464628,93.44315696774494,77.47626899661053,3.6444501877978275,-0.01841570717184504,-0.018587387314771487,0.03894911720118164
2024-05-10,89.72274780273438,91.2431196722404,89.07287133117944,90.14901217503872,335325000,85.54416732788086,87.52268539428711,87.16646009308478,55.283356782359874,1.1639791871891987,0.56876160883501,93.66922113298536,77.41911352277636,3.573377367769172,0.012744235521546798,0.012663711177820428,0.03853441397085897
2024-05-13,90.24283599853516,90.84080023922876,88.37606371894472,90.32169428450598,289680000,85.7636875152588,87.68488204956054,87.45944827455625,56.07955114450578,1.2623766155305418,0.7074846101741163,94.14343899653393,77.38393603398366,3.494188735805948,0.005796614666151889,0.005779878937925263,0.038033229857054866
2024-05-14,91.19818878173828,91.4926773525484,88.78036800318161,89.44422015487879,296507000,85.96039772033691,87.80713073730469,87.81551879904978,57.573908239983496,1.4012930379277861,0.8462462957248504,94.65073935661722,77.2700560840566,3.438340208203151,0.010586466755307056,0.010530822489061613,0.03794836220367146
2024-05-15,94.46653747558594,94.69813898318716,91.44077486128404,92.31226797545344,417735000,86.48923301696777,87.98015151977539,88.44894914919608,62.29976904200075,1.7548845121023504,1.0279739390003506,95.87096017776338,77.10750585617217,3.4427409220064176,0.03583786846545478,0.035210633970043585,0.037304116958872965
2024-05-16,94.19600677490234,95.65348387790416,93.94044465961883,94.74605748352668,323952000,86.9727970123291,88.09313613891601,88.99628797069192,61.68725478956406,1.9903353888272903,1.2204462289657385,96.88180722719149,77.0637867974667,3.3191908003120543,-0.0028637728015966646,-0.0028678812445658295,0.037363198067541195
2024-05-17,92.3192367553711,94.57633241179128,91.64740285082289,94.2059787452818,359691000,87.78534049987793,88.0893424987793,89.31275928351852,57.466196053786426,2.002409716454565,1.376838926463504,96.58779132832464,78.98288967143122,3.291314997501793,-0.019924093215714755,-0.02012525441474108,0.028665098825771826
2024-05-20,94.61626434326172,95.03553695656012,93.27858287715311,93.58804490846175,318764000,88.54712257385253,88.23413208007813,89.81785500349406,60.98501731677847,2.172288843783946,1.5359289099275923,96.93558734856462,80.15865779914044,3.2502425120508813,0.02488135375271061,0.024576853454161326,0.027810689720178288
2024-05-21,95.22122955322266,95.23520530836204,93.01903897023963,93.43731390021196,328946000,89.1941535949707,88.42604019165039,90.3324621034682,61.87949699370152,2.328888930733683,1.6945209140888107,97.54559941923378,80.84270777070762,3.1763799281988474,0.006393881793580025,0.006373527646653043,0.027056992540266018
2024-05-22,94.78596496582033,95.85411617010452,93.0879071432018,95.29408831779948,548648000,89.95648345947265,88.48667510986328,90.75660523321602,60.79944101905585,2.3903193003660874,1.833680591344266,97.37488980576506,82.53807711318024,3.147082006677695,-0.004571087660226514,-0.0045815670283599445,0.02548266551865605
2024-05-23,103.61969757080078,106.1363388077003,101.34462744914428,101.85175314144692,835065000,91.0130054473877,88.74444946289063,91.98166164631934,71.62428959120753,3.1158936234056824,2.0901231977565495,99.7738610033684,82.252149891407,3.7330314234778577,0.09319663104306519,0.08910609332815539,0.031177046433885237
2024-05-24,106.28507232666016,106.29105867121642,102.82206339543843,104.2685576920773,429494000,91.94808692932129,89.11430938720703,93.34389123492323,73.9607417512135,3.8614772630248666,2.444394010810213,102.79013036080595,81.10604349783664,3.714171698642152,0.025722664882689816,0.025397403077139,0.02911860533679605
2024-05-28,113.70423126220705,114.74044007562202,109.69317481392171,110.05355122917427,652728000,93.25302810668946,89.63468872070312,95.28297123752169,79.1155667113164,4.993460288775552,2.954207266403281,107.45276791273294,79.05328830064597,4.052828559379274,0.06980433632998428,0.06747576850928812,0.03189908526218201
2024-05-29,114.62662506103516,115.29247256775368,110.70940819239908,112.85469764744548,557442000,94.67172241210938,90.16117721557617,97.12522398261822,79.65482052168124,5.897017318101831,3.542769276742991,111.25928269491484,78.0841621293039,4.090702546234654,0.008112220526789615,0.008079493340152953,0.031197854379210684
2024-05-30,110.3091049194336,115.61891628592592,109.47355289556609,114.45193707992216,484553000,96.04230117797852,90.58248809814454,98.38083169088635,70.48109295416874,6.193312331855324,4.072877887765458,113.03678365295512,79.04781870300191,4.237464035100738,-0.037665944882374514,-0.03839363795195855,0.031087164629421703
2024-05-31,109.443603515625,112.52227529514084,106.7552550948946,112.32560941345422,613263000,97.23104362487793,90.96704238891601,99.43442900752814,68.77124017258458,6.285830394955454,4.515468389203457,114.48088093504276,79.98120631471309,4.3467180468968465,-0.007846146557355604,-0.00787708952691159,0.031157613926315678
2024-06-03,114.80133819580078,114.80133819580078,111.80951385006522,113.42472260342709,438392000,98.5393295288086,91.43752838134766,100.897944168316,73.11869042789327,6.7140803004188,4.955190771446526,116.91532551291647,80.16333354470072,4.418933520702485,0.048954297081517995,0.04779376038260132,0.03184359392708798
2024-06-04,116.23584747314452,116.39856789561996,113.84798144289938,115.516099971868,403324000,99.75208015441895,91.8797232055664,102.35869686401396,74.15608742948075,7.087523783513888,5.381657373859999,119.39450239200863,80.10965791682926,4.285480158703777,0.012495579754454589,0.012418154314414816,0.0313276684279505
2024-06-05,122.2284927368164,122.23747225440592,117.26508152569082,118.16652151115385,528402000,101.3436264038086,92.42753555297851,104.25105837570943,77.97927849699491,7.777383983228717,5.860802695733743,122.7732581680332,79.913994639584,4.408061917457893,0.05155591320531694,0.0502708894547548,0.03169856903408578
2024-06-06,120.78897857666016,125.3700480295792,118.11560338652608,123.83370517037008,664696000,102.87028465270996,92.9952931213379,105.82609839484759,75.1050650260208,8.114408548767997,6.311523866340594,125.25203618334825,80.48853312207166,4.611374969286124,-0.01177723890660931,-0.011847139954349047,0.03207064303096301
2024-06-07,120.6791763305664,121.48178833918006,117.8181297926402,119.56310374577735,412386000,104.4745590209961,93.60699462890625,107.24067724586843,74.87835221969904,8.277228088476264,6.704664710767728,127.13101735534384,81.81810068664835,4.5436809390899615,-0.0009090419290537222,-0.0009094553582367416,0.03133677599733912
2024-06-10,121.57960510253906,122.88733960177424,116.80786391189228,120.16206002224595,313434100,106.06740188598633,94.23458847045899,108.6062894226942,75.53065904386128,8.382294945117593,7.040190757637702,128.83052654259552,83.30427722937713,4.6533805641465324,0.007461343368023954,0.007433645237112338,0.031388120019522715
2024-06-11,120.71104431152344,122.66781818606157,118.5446092925346,121.56962216023484,222551200,107.59081230163574,94.84467132568359,109.75912322163032,73.5468342078219,8.299800653514907,7.292112736813143,129.9890399669318,85.19258463633966,4.615511159102277,-0.007143967857792366,-0.007169608184928446,0.03173581025815749
2024-06-12,124.99398803710938,126.67122400488893,122.36831828276222,122.85750988511934,299595000,109.2806022644043,95.55860153198242,111.21006272786641,76.78484615019683,8.482243079473903,7.530138805345295,131.5761068793772,86.9850976494314,4.711558911549649,0.035480959923872346,0.03486601435840007,0.03203562669601065
2024-06-13,129.39671325683594,129.58640302855855,126.95074804505506,129.17707407207072,260704500,111.0271110534668,96.37032943725586,112.94212468300637,79.55526916377684,8.879733110736495,7.800057666423536,133.8728685461325,88.18135356080109,4.703048631542472,0.03522349585661222,0.034617341431785006,0.03201625504981914
2024-06-14,131.66299438476562,132.62140615970972,128.10885485479358,129.7461556011969,309320400,112.90046043395996,97.28845764160157,114.72506465460249,80.82383541372693,9.270749343603455,8.09419600185952,136.0608059783064,89.74011488961351,4.689441679640592,0.01751420937123349,0.01736260322111678,0.031695963072470607
2024-06-17,130.7644805908203,133.5099557271365,129.3667902512595,132.77118307637525,288504400,114.82272262573242,98.1466278076172,116.25262807709943,78.73785145041865,9.399775213784451,8.355311844244508,137.19968684363246,92.44575840783239,4.650421950800336,-0.006824345733164261,-0.006847738066163694,0.03101320724921679
2024-06-18,135.3568878173828,136.10565359767494,130.47493553922533,130.92419196066484,294335100,116.85975379943848,99.11411605834961,118.07208138569784,81.3826345434454,9.760089788680133,8.636267433131634,138.92331517012224,94.79619242875472,4.720443101346713,0.03511968392191123,0.03451705667145933,0.031216552887551794
2024-06-20,130.56480407714844,140.52837801062054,129.30688285479897,139.56996619369176,517768400,118.62693252563477,100.02128128051758,119.26186449916932,71.40192286782347,9.548886951685915,8.81879133684249,139.077594912676,98.17627013859354,5.184803962380632,-0.03540332389068834,-0.03604521722785358,0.03339389595071914
2024-06-21,126.36173248291016,130.4150570517715,124.09547105255643,126.9108305208226,649445800,120.20572090148926,100.81074295043945,119.93804240238273,63.98941790755768,8.939307656475592,8.84289460076911,137.71418686410286,102.69725493887566,5.276556038252872,-0.032191459436149095,-0.032720999942027075,0.0348473923284354
2024-06-24,117.91564178466795,124.2551908621237,117.8457572795687,123.03719724453092,476060900,120.92051811218262,101.35986663818359,119.74543281974323,52.250696189964,7.686082367702028,8.611532154155695,136.7487302235163,105.09230600084894,5.5079431214734855,-0.06684057374240648,-0.06917921785807928,0.03432746826993855
2024-06-25,125.8825225830078,126.29185160793926,119.12366557563712,121.00056940292563,414192600,121.900390625,102.11684387207032,120.32991755910176,59.75108950914576,7.252154671035285,8.339656657531613,136.34949928544597,107.45128196455403,5.712819314459045,0.0675642406534036,0.06537964290801954,0.0367176666523767
2024-06-26,126.19200897216795,127.90917229563556,122.39825886605338,125.92244899462368,362975900,122.52477951049805,102.92363540649414,120.88821197939377,60.013852668141304,6.854225564565169,8.042570438938325,136.57702086579545,108.47253815520065,5.698397465539268,0.0024585334231452816,0.002455516174175349,0.03383589005734119
2024-06-27,123.78598022460938,126.20200405764363,122.71774114608807,123.89579983596734,252571700,122.98274726867676,103.65407531738282,121.16418990750954,56.90361114642257,6.272412996276913,7.688538950406043,136.56466561418844,109.4008289231651,5.540244997397575,-0.019066411313645393,-0.019250519275784205,0.034279610146734876
2024-06-28,123.33673095703124,127.49986790411766,122.54802989136728,124.37502067827846,315516700,123.63412857055664,104.44301330566407,121.37109857889256,56.31672849141829,5.709258900104359,7.292682940345706,135.90898638453598,111.35927075657729,5.498215927065632,-0.003629241912234127,-0.003635843588222455,0.03289792666594338
2024-07-01,124.09546661376952,124.6345713375486,118.63446631453066,123.26683055595603,284885500,124.36672172546386,105.23442810058594,121.6305622012618,57.12107491644685,5.26350444523483,6.886847241323531,134.77314905293974,113.96029439798798,5.534065148205083,0.006151741260295163,0.006132896545743312,0.03273388198290309
2024-07-02,122.46813201904295,123.20691975674896,120.83083141775003,120.93066533405532,218374000,124.75006141662598,106.16242340087891,121.7103307553362,54.79080253515855,4.724467802720881,6.454371353603001,134.24361441892765,115.2565084143243,5.371963008763254,-0.013113570053219004,-0.01320031207929482,0.031444842789888176
2024-07-03,128.06890869140625,128.06890869140625,121.16029766804547,121.45980705227004,215749000,125.34171447753906,107.13618911743164,122.31590960639049,60.7288066843667,4.695091161478558,6.102515315178112,134.08424939946806,116.59917955561005,5.4817235812345055,0.04573252306561204,0.044717618855896445,0.032783580728226444
2024-07-05,125.6229476928711,128.63798252741702,125.47319299554034,127.17039258704796,214176700,125.5114372253418,108.00303588867187,122.63086561462674,57.19565186268348,4.423450566189274,5.766702365380345,134.1366376357416,116.88623681494198,5.316228291994661,-0.019098788484478435,-0.019283526306582772,0.03131858429524798
2024-07-08,127.98902893066406,130.55480700867955,126.83094180644568,127.28019823232948,237677300,125.87143974304199,108.97202911376954,123.14116688282078,59.641703150129,4.348964266157623,5.483154745535801,134.27638137654034,117.46649810954364,5.288773365124217,0.01883478521438353,0.01865960686026314,0.03136628992691503
2024-07-09,131.163818359375,133.59980576329167,128.43829962119838,130.1355144487565,285366600,126.39567184448242,109.94552032470703,123.9052289282069,62.72008534104964,4.494304763110833,5.285384749050808,134.74753996440677,118.04380372455809,5.31177361280303,0.024805168499487884,0.02450251501027665,0.031706995432316656
2024-07-10,134.68801879882812,134.87770860466375,132.20211043348235,133.80946190177127,248978600,127.05109252929688,110.88761184692383,124.93216129683748,65.83536376538359,4.838091173123303,5.195926033865307,135.834548559013,118.26763649958076,5.19763908655201,0.026868693543193434,0.02651406838403026,0.032092140476478716
2024-07-11,127.19037628173828,135.9259713268732,126.84095369862746,135.52663558437,374782700,127.37505912780762,111.67931121826172,125.14722939063756,55.256190907802726,4.454202020936464,5.047581231279539,135.66323866918788,119.08687958642736,5.475308982387276,-0.05566673698191693,-0.057276142279934446,0.03482575569154322
2024-07-12,129.02735900878906,131.70294212873284,127.01067837288572,128.04896049446677,252680500,127.5767276763916,112.53480361938476,125.51676554474723,57.07612805954132,4.2492139623105345,4.887907777485738,135.81950380872402,119.33395154405919,5.4193771804915505,0.014442780820002499,0.014339477332842318,0.034109631488912266
2024-07-15,128.22865295410156,131.1737956487568,126.97072416574116,130.3451595951711,208326200,127.51832466125488,113.44142608642578,125.7750405361143,56.009406686372465,3.976472248627843,4.7056206717141595,135.72516610787605,119.31148321463371,5.332498202100413,-0.006190206951636412,-0.006209445718411868,0.03324180095275571
2024-07-16,126.1520767211914,128.82765950066548,124.37500690887067,128.22865593379024,214769500,127.24277877807617,114.25109252929687,125.81094874421689,53.224237831764974,3.551816992847961,4.47485993594092,135.2419170853178,119.24364047083455,5.269652087078583,-0.016194323071095917,-0.01632688422800776,0.03316543222482434
2024-07-17,117.79584503173828,121.64949400158038,116.52793817127537,121.15031675281162,390086200,126.59434700012207,114.8342970275879,125.04760553350465,43.78810607033691,2.512039355766632,4.082295819906062,135.40756396589003,117.78113003435412,5.580686834424116,-0.06623935100110345,-0.06853513804978363,0.036180822098661615
2024-07-18,120.89073944091795,122.198588979582,116.36819489836525,121.64949097287112,320979500,125.87103958129883,115.4124951171875,124.65171352468687,47.50054555208539,1.915657691483446,3.6489681942215393,134.03987684986106,117.7022023127366,5.598523066337876,0.026273374993369236,0.02593415861974191,0.0357210607626919
2024-07-19,117.73594665527344,121.39990584738524,117.176870571876,120.15196272062995,217223800,125.22959671020507,115.9592626953125,123.99306906093321,44.289533356282995,1.174911861164773,3.1541569276101864,133.82690843232248,116.63228498808766,5.500273938421545,-0.026096232021033616,-0.02644278106367707,0.035363313292510926
2024-07-22,123.33673095703124,123.86585768817312,119.66278564217242,120.1519772744,258068900,125.07834663391114,116.62088104248046,123.9305606700854,50.66563968217629,1.027952344546307,2.728916010997411,133.69707649249713,116.45961677532514,5.545248016598555,0.04757072466709511,0.04647388811689877,0.03656046884572418
2024-07-23,122.38827514648438,124.48482570104972,121.89908357161131,122.57796493987696,173911000,125.30197830200196,117.29677276611328,123.78367633450435,49.62974936438343,0.8254382729121943,2.3482204633803674,133.38089460639628,117.22306199760764,5.333854738944259,-0.007689970402063651,-0.007719690687911211,0.033151049461206505
2024-07-24,114.06201171875,119.75262982559674,113.25334693957733,118.97391446537992,327776900,124.71095275878906,117.78355804443359,122.85780351395633,41.59055252495002,-0.006836652351609018,1.877209040233972,134.1487283075384,115.27317721003975,5.605359986655887,-0.06803154483359475,-0.07045631125732497,0.03298479355712611
2024-07-25,112.0952377319336,116.43807811661004,106.12508231687993,112.85398925547956,460067000,124.00611419677735,118.22060607910156,121.83279724900179,39.94459874626741,-0.8157196422917679,1.3386233037288242,134.8908266569622,113.12140173659249,5.94161968758976,-0.01724302383571852,-0.01739341608996532,0.03306347323445378
2024-07-26,112.87394714355467,116.00877938122822,111.39638688236369,115.998801321254,293399100,123.46051254272462,118.6541212463379,120.97957342943539,40.941181463998305,-1.378044656932758,0.7952897115965077,135.37947128702413,111.5415537984251,5.846674888395101,0.006946855436297028,0.006922837206029862,0.033008306728009966
2024-07-29,111.40637969970705,116.0886649396649,111.1168635853104,113.50293033164324,248152100,122.8639949798584,118.99291809082031,120.0678406932708,39.60722093856171,-1.9199793829335192,0.2522358926905024,135.8907215095862,109.8372684501306,5.784183921677915,-0.013001826205130906,-0.013087089808858492,0.033068074146428976
2024-07-30,103.55931091308594,111.80571322284378,102.37126667488351,111.33648541055072,486833300,121.83718719482422,119.18018417358398,118.49559976182462,33.35010882791333,-2.9486690072750292,-0.3879450873026039,137.3197298825497,106.35464450709875,6.044916966412368,-0.07043644006539551,-0.07304009337893355,0.0360629048527238
2024-07-31,116.8274383544922,118.14526596856572,110.6975424326974,112.71422275560462,473174200,121.55515251159667,119.67034820556641,118.33672724684058,48.239711581539154,-2.662593230367449,-0.842874715915573,137.18623859802932,105.92406642516403,6.654991115631469,0.1281210479716477,0.12055345934994556,0.047196045817482275
2024-08-01,109.0302963256836,119.9622829008677,106.63424395188704,117.3366056358286,523462300,120.60322189331055,119.95862884521485,117.45040049244467,42.26429979879367,-3.030111080041493,-1.280321988740757,136.8388236750403,104.36762011158082,7.131637389442125,-0.06674067443942033,-0.0690721686731263,0.04798930307787474
2024-08-02,107.0934829711914,108.54110155423275,101.20319756374684,103.58926418951675,482027500,119.67674865722657,120.19607391357422,116.46402739518246,40.90874734647395,-3.43802486427505,-1.7118625638476157,136.75376345239482,102.59973386205832,7.18131320176317,-0.017763992392598404,-0.017923665890742135,0.04797242628948998
2024-08-05,100.28470611572266,103.239842127859,90.5407717150732,91.90851250035082,552842400,118.29153251647949,120.30604873657227,114.92313965428151,36.47924893292255,-4.26158595589969,-2.2218072422580306,136.87487455728353,99.70819047567545,7.850698777074244,-0.0635778823002735,-0.06568892371723806,0.04917258594411923
2024-08-06,104.07846069335938,107.5327664843651,100.38455194570304,103.6691316762756,409012100,116.93726463317871,120.31522399902343,113.89031308657464,40.35450856960277,-4.555625352479041,-2.688570864302233,135.51864157279618,98.35588769356126,7.807653176471972,0.037829841902901507,0.03713184250330245,0.049754438291035645
2024-08-07,98.74725341796876,108.62097943024764,98.52761419555756,107.63260292939728,411440400,115.14022636413574,120.1644676208496,112.44811692765978,36.9436335448009,-5.159363632707922,-3.1827294179833707,133.45709371973334,96.82335900853815,7.970918323487552,-0.05122296428938988,-0.052581454540639117,0.049744846614245455
2024-08-08,104.79727935791016,105.32640605589452,97.3595333175079,101.83216509669424,391910000,114.02057151794433,119.98632858276368,111.71946573054078,42.84736204252991,-5.090958636165908,-3.5643752616198787,131.9885210328872,96.05262200300146,7.9706293531232,0.061267789538746564,0.059464221319176766,0.05146245730605594
2024-08-09,104.57762908935548,106.42458330646772,103.25980151433504,105.4661639443474,290844200,112.79808502197265,119.78534866333008,111.03929081233265,42.69108549140089,-4.996870314017244,-3.8508742720993516,129.81755666544788,95.77861337849743,7.627354527338163,-0.0020959539207550115,-0.002098153506197889,0.05120835523279919
2024-08-12,108.84060668945312,110.88723650727508,106.08515369153116,106.14505252549102,325559900,111.82868270874023,119.75597869873047,110.82989232443936,46.75039455706251,-4.526143411881378,-3.985928100055757,127.36622734270088,96.29113807477958,7.533229733808264,0.040763762166143414,0.03995483032153627,0.05241691126435624
2024-08-13,115.94888305664062,116.03873891622582,111.39638928672004,112.25497470709487,312646700,111.31852302551269,119.88608428955078,111.31741525131567,52.75913831755598,-3.5387183121203094,-3.896486142468668,125.55711595518588,97.0799300958395,7.509294197591438,0.06530904763760659,0.06326494264091537,0.05476993101147236
2024-08-14,117.88570404052734,118.40484504167928,113.88230026594152,118.33496052966188,339246400,111.32301597595215,119.94777160644531,111.94296656457392,54.27321482082969,-2.570263146218295,-3.6312415432185934,125.56983601036164,97.07619594154265,7.295954953173317,0.016704093500759187,0.01656611455305369,0.05281921269538547
2024-08-15,122.6578369140625,123.03720888953038,117.27670666159618,118.56458490618095,318086700,111.41137084960937,120.07621139526367,112.96343040738236,57.857161366261046,-1.4015282639763882,-3.1852988873701524,125.9140609944566,96.90868070476213,7.18627975851338,0.04048101432124951,0.03968311999718832,0.05326579138003223
2024-08-16,124.375,124.79430704362495,120.9805933250454,121.73934484458584,302589900,111.7433235168457,120.11914154052734,114.05024655906024,59.09939778236024,-0.3328992836952409,-2.61481896663517,127.08927853664689,96.39736849704452,6.945382184232392,0.013999619829759391,0.013902530247579314,0.052903820217336577
2024-08-19,129.7860870361328,129.7860870361328,123.21691249503144,124.0754979878485,318333600,112.06579132080078,120.2990837097168,115.54889803306716,62.81870958745938,0.9397930346062253,-1.903896566386891,128.5978582635386,95.53372437806297,6.918510209723034,0.04350622742619348,0.04258641534308336,0.05273541759553759
2024-08-20,127.04061889648438,129.66629628755138,125.6828560733908,128.18872055728244,300087400,112.29840850830078,120.42631256103516,116.64334763910689,59.845138440809144,1.7071950502310642,-1.1816782430633002,129.52139176014987,95.07542525645171,6.717418834938676,-0.021153793926186326,-0.021380741668599833,0.05297595507764116
2024-08-21,128.2885284423828,129.13713569675684,126.4515601736874,127.1104700555146,257883600,113.00973434448242,120.56049102783203,117.75241247751413,60.75448768035244,2.3885290712597396,-0.46763678019869226,131.58719224800302,94.43227644096183,6.429430026948017,0.009822917715122781,0.009774986486315123,0.05025832551396439
2024-08-22,123.536376953125,130.5348437487765,122.89743071735391,129.80604926899383,376189100,113.581791305542,120.61699768066406,118.30326623709611,55.59158993845619,2.516029064988018,0.12909638883864988,132.70789194318996,94.45569066789403,6.515714527267629,-0.03704268454051296,-0.03774619271519261,0.05095277477177171
2024-08-23,129.1571044921875,129.38673697357257,125.01393980516217,125.65288601497598,323230300,114.39594917297363,120.70026000976563,119.33696511853339,59.929016211265214,3.0356266521933435,0.7104024415095886,134.68324029253716,94.1086580534101,6.46818920535191,0.045498562267171305,0.04449386472268966,0.05171064868920578
2024-08-26,126.25189971923828,131.04399639094717,124.16534262628208,129.3567902083498,331964700,115.13822517395019,120.63736373901367,119.99553031860052,56.83885524498634,3.1763705160968243,1.203596056427036,136.0115453187526,94.26490502914776,6.497508102445709,-0.022493573112928877,-0.022750412323697136,0.05195664351888838
2024-08-27,128.08888244628906,128.98739538212007,123.6761498691349,124.84423039602758,303134600,116.36470375061035,120.56588150024415,120.76632575933276,58.30292754957761,3.396981903180844,1.6422732257777977,137.25508787193317,95.4743196292875,6.412775060341384,0.014550139294029707,0.014445301727854366,0.048611374284158834
2024-08-28,125.40331268310548,128.118838213882,122.43819852070378,127.90917706049711,448101100,116.79349746704102,120.45865814208985,121.20794356159684,55.347090972268475,3.316880052657325,1.9771945911537032,138.05306374097063,95.5339311931114,6.360479676972586,-0.020966454792122224,-0.021189372270644526,0.04060490539977968
2024-08-29,117.39649200439452,124.22524016378767,116.51794286125214,121.1602924143949,453023300,117.21180725097656,120.09945022583008,120.84494817519662,47.598976660967,2.577602251778387,2.09727612327864,138.17101734927087,96.25259715268226,6.540828973035497,-0.06384855796388911,-0.06597801854514852,0.04034277055751172
2024-08-30,119.17357635498048,121.54965726206557,117.02711271158417,119.33330911013266,333751600,117.81581192016601,119.87162567138672,120.6857699066046,49.295577525991575,2.1107833274695196,2.0999775641168164,138.26386345913025,97.36776038120178,6.396665799995918,0.015137457007824873,0.015024028948001512,0.040057861155226165
2024-09-03,107.8222885131836,116.01877823521122,107.1134577156826,115.8191103772934,477155100,118.19269104003907,119.50083679199219,119.4606764405645,40.31628365379769,0.8154716549192926,1.8430763822773117,137.58497889186347,98.80040318821467,6.801198145660344,-0.09525003938780008,-0.1000966600727433,0.04344152977429516
2024-09-04,106.03523254394533,113.0836130103624,103.9486752554176,105.23655349888746,372470300,118.29052963256837,119.26322860717774,118.18206273612458,39.10851635048229,-0.35122396818516677,1.4042163121848161,137.41488578717616,99.16617347796057,6.967893832037805,-0.016574086804137522,-0.01671297373537987,0.04294779332513681
2024-09-05,107.0335922241211,109.4695798052194,104.58762658147728,104.817243866478,306850700,118.70484657287598,118.88625,117.1203036397433,40.186557008068256,-1.1816579551825015,0.8870414587113526,136.42517848691458,100.98451465883738,6.818898074302398,0.009415358048675104,0.00937130983569498,0.04110709666001227
2024-09-06,102.66079711914062,107.97204286084109,100.78388574677186,107.86222325429438,413638100,118.5980224609375,118.41562576293946,115.74320778063829,37.08925553699284,-2.167643646188168,0.2761044377314486,136.67460225323094,100.52144266864406,6.845273720000029,-0.040854417889891304,-0.041712409457305574,0.04005973768541288
2024-09-09,106.29480743408205,106.37467762407766,103.51938307487872,104.70741977949132,273912000,118.68388137817382,118.0658023071289,114.84336012858532,41.1487336350778,-2.6255445055142133,-0.30422535091768377,136.50781988550446,100.85994287084318,6.6216027760669585,0.035398228115490316,0.03478611417986346,0.040838777741636495
2024-09-10,107.92211151123048,109.2199753067636,104.77729355808466,107.63258781478572,268283700,118.6379566192627,117.75750991821289,114.18419359359913,42.92480345308842,-2.82456457426764,-0.8082931955876751,136.56752645218026,100.70838678634513,6.465965559824957,0.01530934686680352,0.015193341297442296,0.039941460120617375
2024-09-11,116.71763610839844,116.9971741685222,107.24324578146684,109.21000549756162,441422400,118.67639427185058,117.60995330810547,114.42547383310384,51.452785147373035,-2.2466659186819555,-1.0959677402065313,136.58602484952505,100.76676369417612,6.700820047484272,0.08149881867584363,0.07834787410880206,0.04146242147467354
2024-09-12,118.95413208007812,120.60155948017248,115.19999582839206,116.6577172050991,366052700,118.72981567382813,117.53967330932618,114.85677461852995,53.3610500548991,-1.5898833512522543,-1.194750862415676,136.63606713787433,100.82356420978192,6.608016019219711,0.019161594136490212,0.018980322763607418,0.04151452965252368
2024-09-13,118.9141845703125,119.7728434504144,117.41652479583126,118.8942191250157,238358300,118.54263305664062,117.3565788269043,115.24319461393782,53.3207341196411,-1.0603784818085273,-1.1678763862942463,136.35876676657332,100.72649934670793,6.304323350317099,-0.0003358228004953778,-0.00033587920159958205,0.04047627002714831
2024-09-16,116.59780883789062,117.99562620382233,114.1815861384539,116.60779536966284,248772300,118.15377349853516,117.17607604980469,115.37220549240952,50.91841220720504,-0.8182222638129701,-1.0979455617979912,135.78224310773408,100.52530388933624,6.192057284712921,-0.01947938961858864,-0.019671613289849867,0.04052594775648607
2024-09-17,115.40966796875,118.61466685067688,114.65085910577872,117.98564481894722,231925900,117.43495254516601,116.9244888305664,115.37577334729909,49.68195977506344,-0.7139547291460531,-1.0211473952676036,134.26171711518253,100.60818797514948,6.032896603297581,-0.010190078878690834,-0.010242353155008049,0.039074877967544545
2024-09-18,113.19312286376952,117.51636140830334,113.04335537027728,115.70918780797278,310318900,116.74257774353028,116.5650749206543,115.16790187267722,47.37091857093837,-0.8009458174351209,-0.9771070797011071,133.06334160523812,100.42181388182243,5.921475848635329,-0.01920588754817898,-0.019392716620183922,0.03903521686122081
2024-09-19,117.68611145019533,119.47331975028854,117.06707598202318,117.1669184465692,293506400,116.2124568939209,116.22503677368164,115.40773135625038,52.22242385350787,-0.501558596893318,-0.8819973831395493,131.66430067490452,100.76061311293728,5.947098779912736,0.039693123334296754,0.03892559589344394,0.04018752082338764
2024-09-20,115.81903076171876,118.43494609535816,115.2099818009,116.87737463970252,382462400,115.82658958435059,115.99760986328126,115.44690272819975,50.15340889449288,-0.41022110185279814,-0.7876421268821991,130.90859534376867,100.7445838249325,5.752660602380266,-0.015864919534423594,-0.015992114455583486,0.03953165239473593
2024-09-23,116.07862854003906,116.80748542405604,114.68081111279044,116.36817703420066,206228500,115.17266578674317,115.73863525390625,115.50706709123207,50.44737404447895,-0.31327684733278716,-0.6927690709723169,128.96500465947375,101.38032691401258,5.493661581586362,0.0022414086580846426,0.002238900448946938,0.03791953532137747
2024-09-24,120.68143463134766,121.60998405209612,115.1999940423364,116.33821493002908,354966800,114.89414253234864,115.58769088745117,115.99986399981451,55.462611737539326,0.13342214964434618,-0.5275308268489843,127.98756579357976,101.80071927111752,5.559113612170173,0.03965248512322783,0.03888650839311806,0.03891219235052168
2024-09-25,123.31731414794922,124.74508350925583,121.42027681497308,121.8296332127646,284692900,114.65556411743164,115.53099563598633,116.69676401392258,58.079237310816026,0.6921491070089587,-0.28359484007739577,126.92665965904308,102.3844685758202,5.452294702580031,0.02184163226641722,0.021606521130754286,0.03910441837447818
2024-09-26,123.8464813232422,127.47081527785902,121.6099781665842,126.60217747362805,302582900,114.57772254943848,115.6520083618164,117.37768947195302,58.605032259046354,1.16422317468826,0.005968762875735417,126.59218552217054,102.56325957670641,5.481476303201087,0.004291102015554049,0.004281921490975103,0.038838076726515604
2024-09-27,121.21060180664062,123.83649592385486,119.07394109309163,123.77659196922,271009200,114.76842803955078,115.65840560913085,117.74272874192327,54.91049592747822,1.310544683087727,0.2668839469181338,127.07337710029053,102.46347897881104,5.430838012268907,-0.0212834429241624,-0.021513201276645334,0.03622779754932061
2024-09-30,121.25054931640624,121.31045327548796,117.96568098439478,118.1254274144435,226553700,114.87227668762208,115.72869766235351,118.07680689187403,54.95684090908888,1.4134357553126193,0.49619430859703095,127.35791428183249,102.38663909341166,5.2818333178992125,0.0003295710867712298,0.0003295167901500154,0.036101218929306525
2024-10-01,116.81746673583984,122.24898215671048,115.60935538711524,121.58002164337384,302094500,115.32203559875488,115.59831237792969,117.95686973415648,48.94464366904488,1.1243046715084404,0.6218163811793129,127.40087246470267,103.24319873280709,5.378818564448928,-0.036561340179978585,-0.03724645706714451,0.02962906205371027
2024-10-02,118.6645736694336,119.19374556676668,114.9603627706106,116.25833761189251,221845900,115.9535026550293,115.52383834838867,118.02427010894479,51.333617672259706,1.0323124419028744,0.7039155933240253,127.32402891446704,104.58297639559156,5.297001723856582,0.01581190711634428,0.015688201226470223,0.02930426281622834
2024-10-03,122.65834045410156,124.16598683922705,120.15225416683852,120.73135113827638,277118000,116.73474006652832,115.69576492309571,118.46561014181687,56.11508030097343,1.2670655959244073,0.8165455938441017,127.68579250030605,105.78368763275058,5.311602541423501,0.03365593168348191,0.03310196605298028,0.02994534934981358
2024-10-04,124.72511291503906,124.84492844767551,121.63993722019764,124.7450859792245,243678100,117.83795585632325,115.94836242675781,119.06175326307613,58.39327025650369,1.6014202508488466,0.9735205252450508,127.23004011522534,108.44587159742116,5.161130304713099,0.016849832251814023,0.01670944859446635,0.027766653477071943
2024-10-07,127.52073669433594,130.43617917860723,124.75505409102716,124.7949925984476,346250200,118.89925231933594,116.24129821777343,119.86737073271992,61.31842920320577,2.0681419457808516,1.192444809352211,127.60604506112799,110.1924595775439,5.200411444631319,0.02241428140619295,0.02216677305510913,0.027292781888510042
2024-10-08,132.6826629638672,133.27173878303944,129.21807567689768,130.0567614433445,285722500,120.13727989196778,116.66682388305664,121.08787475473395,66.06280983422764,2.8220161163508095,1.5183590707519308,129.27918059702338,110.99537918691217,5.239739347779333,0.04047911267878157,0.03968129233846169,0.028142243464822192
2024-10-09,132.4430389404297,134.31013180466115,131.17503131034326,133.9007678130665,246191600,120.92355003356934,117.24449844360352,122.16931896289545,65.66020323666083,3.3613832382456224,1.8869639042506692,131.36620362301963,110.48089644411904,5.089408001103515,-0.0018059934740890515,-0.0018076262464502418,0.02277233298725354
2024-10-10,134.59967041015625,134.78937641455914,130.79561711338704,131.70420101079952,242311300,121.70582695007325,117.5999430847168,123.35316195787267,67.57546387449656,3.9176969326058497,2.2931105099217053,133.67381414879435,109.73783975135214,5.0111473796798425,0.01628346409883097,0.01615231034027529,0.02269764390719009
2024-10-11,134.58970642089844,135.5681732923908,133.4514855032485,133.80093033986074,170209500,122.48960304260254,118.11113128662109,124.42330904958942,67.55671648978264,4.308114273117013,2.696111262560767,135.620319487044,109.35888659816109,4.804400266070019,-7.402684737223275e-05,-7.402958749452793e-05,0.022693605219901707
2024-10-14,137.85459899902344,139.3822107684187,136.0873561782587,136.2570891265267,232347700,123.55244255065918,118.72635360717773,125.70247952096409,70.44962671591912,4.8253487566942255,3.1219587613874586,137.98058087210632,109.12430422921204,4.803550557602179,0.02425811501449293,0.02396856029800029,0.022164216485923666
2024-10-15,131.3946990966797,138.3538265330219,128.5391603262797,137.654906403531,377831000,124.35169410705566,119.34855346679687,126.24459567103224,59.201407703640655,4.660280069205129,3.429623022950993,138.65746934608293,110.04591886802841,5.161487389683609,-0.04686024223529539,-0.04799373574981824,0.025123198567659023
2024-10-16,135.50827026367188,136.40686011825153,131.37472950963348,133.77097927850218,264879700,125.46745147705079,119.97714965820313,127.12685039414077,63.22768723233403,4.805992272451476,3.70489687285109,139.59779623661518,111.3371067174864,5.152247619607498,0.03130697962149487,0.030826910106662823,0.024908566832131426
2024-10-17,136.71636962890625,140.6701983777905,136.65646567187505,139.12261346955344,306435900,126.41896438598633,120.73653198242188,128.0401379403089,64.34069934392525,4.9617577112819475,3.9562690405372614,140.88419570647977,111.95373306549287,5.152939083501151,0.0089153183262074,0.008875811512698098,0.023862950693569723
2024-10-18,137.7847137451172,138.6833036103306,137.06583575895257,138.45366668655112,176090200,127.51724853515626,121.39628067016602,128.9681927788621,65.3397864829112,5.1124759451485176,4.187510421459512,141.93190558960103,113.10259148071148,4.9253672904956645,0.007814310159864446,0.007783936568059349,0.023205700023750234
2024-10-21,143.4857940673828,143.4857940673828,137.78469595874105,137.91449801128798,264554500,128.88760681152343,122.17444396972657,130.35082147300693,70.14657858604818,5.627085231633259,4.475425383494262,143.89098291756176,113.8842307054851,4.980776634648957,0.041376725815984505,0.04054361255893742,0.02423492617679402
2024-10-22,143.36598205566406,144.194689003585,141.55880826832362,142.68705023422552,226311600,130.02183418273927,122.86495147705078,131.59036057611715,69.92709730315585,5.956585164763283,4.771657339748066,145.7829199712461,114.26074839423244,4.813284070406988,-0.0008350095735782936,-0.0008353583882615282,0.023385962146500548
2024-10-23,139.34226989746094,142.20778753302577,137.24555525009052,141.80841766733155,285930000,130.82308197021484,123.33281921386718,132.32863765434035,62.818413614800924,5.82587918334454,4.982501708467361,146.7676051605773,114.8785587798524,4.906651408633171,-0.028066017478545646,-0.028467396044923158,0.02456641099114409
2024-10-24,140.19094848632812,141.12948441968888,138.2439937495604,140.6003124972593,172354900,131.64030532836915,123.77892410278321,133.07742916214872,63.65759978769473,5.724783282674338,5.130958023308757,147.74537276054184,115.53523789619646,4.762282784454265,0.006090604017658929,0.0060721312579055785,0.024561517510925023
2024-10-25,141.31918334960938,143.90515439009727,140.5803475394567,140.71013437273555,205122100,132.64573440551757,124.15215103149414,133.86235813238306,64.79515832208203,5.6703390386767865,5.238834226382363,148.5300045907639,116.76146422027124,4.687420150119613,0.00804784385484969,0.008015632664506103,0.02367461560611439
2024-10-28,140.30079650878906,142.91670449778834,139.83152847847435,142.77692350375753,173586700,133.5982467651367,124.47066696166992,134.47554273965983,62.88185665767625,5.481825207346333,5.287432422575158,148.90938214612544,118.28711138414799,4.5729741407763544,-0.007206288747798162,-0.007232379466956991,0.023861870953739105
2024-10-29,141.02963256835938,142.0380513591214,138.68329276437913,140.0711235834401,157593600,134.8088550567627,124.69553787231445,135.09974177096456,63.707810577907104,5.329799011399615,5.295905740340049,148.34749458312902,121.27021553039636,4.485958744631062,0.005194810562067387,0.005181364081521971,0.021505455007809097
2024-10-30,139.12261962890625,140.11108066863528,136.59656776236113,139.32230457284558,179418100,135.83175735473634,124.93717788696289,135.48287299553044,59.94892223143841,4.997825329816607,5.236289658235361,147.2643245395035,124.3991901699692,4.482180606157288,-0.013522072664613694,-0.013614328493164187,0.022058618811483518
2024-10-31,132.55287170410156,137.39531116933003,131.90389188236236,137.38533225522045,270039600,136.32648391723632,125.02246475219727,135.20382525348958,49.1827910714161,4.1566942595911485,5.020370578506519,146.1838167513271,126.46915108314553,4.677648259042046,-0.04722271577640458,-0.04837410230040139,0.02443492446591978
2024-11-01,135.1887664794922,137.09579048755296,134.36007470728345,134.4898615442038,207127800,136.84966659545898,125.2555125427246,135.20239108453745,52.84208213151279,3.6605895084817064,4.748414364501556,145.18109195432646,128.5182412365915,4.668024725071285,0.01988561048511084,0.01969047442405679,0.024527079299173724
2024-11-04,135.83775329589844,138.74321710094807,135.3585064031532,136.9959472521015,187528200,137.2655174255371,125.38912551879883,135.26290177133373,53.7256081730516,3.2819583582547978,4.455123163252205,144.4432557841028,130.0877790669714,4.588483717670185,0.004800597219035252,0.00478911109769862,0.02415674950598028
2024-11-05,139.6917266845703,140.151000495864,137.11574997671616,137.2355578866217,160537400,137.61597061157227,125.65792205810547,135.6846946202134,58.67686562224683,3.2553482589311216,4.2151681823879885,144.54456682379094,130.6873743993536,4.568823966405569,0.02837188701344817,0.027976859409581868,0.02331689049982832
2024-11-06,145.38282775878906,146.26145970555473,141.73852838547052,142.73696823952852,242043900,138.26296005249023,126.00380096435546,136.60832634769682,64.68578783097493,3.6513928735419086,4.102413120618773,145.54609356077677,130.9798265442037,4.71174604173263,0.040740430441306597,0.03993241218284535,0.02476671564558726
2024-11-07,148.6477508544922,148.69766066609404,145.9419717733186,146.1616297903136,207323300,138.96536407470703,126.4686897277832,137.75493820548687,67.59685256882797,4.180522629107401,4.118035022316499,147.32929771010632,130.60143043930773,4.611966532130654,0.02245741911912802,0.02220896417441543,0.024952992526963372
2024-11-08,147.39968872070312,149.53634951772108,146.03181568484314,148.53790960818029,175665800,139.60586318969726,127.06875366210937,138.6734858736027,65.37822996034416,4.447881183289724,4.184004254511144,148.47788211766937,130.73384426172515,4.532864196469746,-0.008396105064588322,-0.008431550898792032,0.02511571918704354
2024-11-11,145.03335571289062,148.6177660708997,143.3460052965638,148.44801790297308,182325600,139.9648010253906,127.58594924926757,139.27918776305867,61.271999231881814,4.4178947258772325,4.230782348784362,149.10129510919995,130.82830694158127,4.585642523460187,-0.016053853494197634,-0.016184112588348745,0.02509439508211508
2024-11-12,148.0586395263672,149.41651833977537,145.78219787373922,146.55100082856893,198634700,140.797998046875,128.39067626953124,140.11532602623092,64.35441280882648,4.585387865721714,4.301703452171832,149.69245530740085,131.90354078634914,4.5711796737047985,0.020859227855593687,0.020644652943644943,0.02246617848974976
2024-11-13,146.0417938232422,149.0970171738845,145.6723607374253,148.83742831045777,191903300,141.3246742248535,129.19080749511718,140.6797515307082,60.875832926611565,4.503471575997622,4.342057076936991,150.15105817289768,132.49829027680934,4.489285156758685,-0.013621938642532472,-0.013715568501128726,0.022069253991285204
2024-11-14,146.5310516357422,148.76756276185756,145.32294774490563,147.40968372724925,194463300,141.8154083251953,129.9807566833496,141.2370182073781,61.42062232189441,4.426999646572767,4.359045590864146,150.65371996647926,132.97709668391136,4.414665861058202,0.0033501219047757935,0.00334452274814061,0.022038835821962605
2024-11-15,141.75848388671875,145.0134075079149,139.8614542891372,144.6439744081883,250132900,142.01409683227538,130.76271041870118,141.28668160541054,53.5826024597453,3.935917948137501,4.274420062318817,150.65754478409633,133.37064888045444,4.575732395740114,-0.032570350760106725,-0.033112570685923215,0.02344739355793334
2024-11-18,139.93133544921875,141.32916034590224,136.93601597273187,139.28235565663965,221205300,141.83637390136718,131.4354409790039,141.15760101910655,50.9043386156857,3.3605581330028826,4.09164767645563,150.4976238793173,133.17512392341706,4.593356361329169,-0.012889164636947559,-0.012972950652628497,0.021686104398345913
2024-11-19,146.78065490722656,146.90047806374457,140.77005724054902,141.09954425974988,227834900,142.00710754394532,132.21261184692383,141.69312996083227,59.147700054645206,3.417865150467833,3.956891171258071,150.9133915044729,133.10082358341774,4.763055379414644,0.048947717364517196,0.04778748771881101,0.024397151171796385
2024-11-20,145.6623992919922,147.32979212988033,142.50732548898966,147.18003223590216,309871700,142.32311401367187,132.79150711059572,142.07115561141893,57.45163703922566,3.3346082045259777,3.8324345779116524,151.27713061216883,133.3690974151749,4.767299040948645,-0.007618549024332788,-0.007647718415685755,0.02350692248723778
2024-11-21,146.44119262695312,152.65149063112756,140.4805046221909,149.11701974284432,400946600,142.63562622070313,133.34124832153321,142.48734961289838,58.3474382818313,3.2935031345168966,3.7246482892327015,151.705700424028,133.56555201737825,5.296133824376361,0.005346563963976703,0.005332321832623484,0.02350149950957862
2024-11-22,141.72853088378906,146.93040910376754,140.87986616890575,145.70231714314025,236406200,142.6560935974121,133.79753524780273,142.41508116250702,51.30793426631157,2.847826679818411,3.5492839673498433,151.716034569806,133.59615262501822,5.350020189411035,-0.03218125759989665,-0.03271045882562276,0.024688331701508005
2024-11-25,135.80780029296875,141.82839170792872,135.60811535874635,141.76848775116036,344941900,142.4314437866211,134.1817350769043,141.78581631778908,44.107959857348824,1.9938871119998396,3.2382045962798425,151.92623181136966,132.93665576187252,5.412181343680416,-0.04177514967452134,-0.042672820486731135,0.026401974978997985
2024-11-26,136.70639038085938,139.08268223719327,135.45834049580736,137.4851722903331,190287700,142.21528167724608,134.6076695251465,141.30206146665293,45.361155670390325,1.3738061799850811,2.8653249130208907,152.0196851657928,132.41087818869937,5.284478514945094,0.00661663090008191,0.0065948370794716195,0.026422275388797274
2024-11-27,135.12884521484375,137.00591700209634,131.59437486042492,134.7993582371888,226370900,142.01559295654297,135.04638397216797,140.71413610933777,43.51644913951925,0.746487816245974,2.4415574936659072,152.21840776734922,131.81277814573673,5.293554488282688,-0.011539659277233771,-0.011606757841200743,0.026377391469249736
2024-11-29,138.03433227539062,139.13262238748922,135.837767286179,136.56662423239774,141863200,142.28966598510743,135.45334838867188,140.4589166965809,47.732418146874856,0.47826883163648404,2.0488997612600226,151.72674363582317,132.8525883343917,5.201427537165744,0.021501605049072836,0.02127370654114112,0.024463000840211916
2024-12-02,138.41371154785156,140.23086402488357,137.60497776381663,138.6133964568137,171682800,142.4509132385254,135.90524200439452,140.26413525384478,48.27530916828896,0.2929392690574275,1.6977076628195036,151.49936513268202,133.4024613443688,5.017460303158686,0.002748441392856016,0.0027446713340882425,0.024112663497652145
2024-12-03,140.0411834716797,140.32074544201365,137.73478959893222,138.04430354930304,164414000,142.66108474731445,136.38449310302735,140.24290175078144,50.6436691127821,0.27422652570049877,1.4130114353957026,151.26993926187856,134.05223023275033,4.843781413153168,0.011758025311426445,0.011689436851522893,0.02421345107344734
2024-12-04,144.91357421875,145.56255409442886,140.07113435104438,141.77847337465352,231224300,142.92217712402345,136.86913589477538,140.6877277001118,56.99267236255453,0.6451211991820003,1.2594333881529622,151.47150595376547,134.37284829428143,4.892180642410025,0.034792556205836656,0.034200977842167635,0.024623354303754834
2024-12-05,144.84368896484375,146.3214777724878,143.7353435501018,144.89361745373108,172621200,142.89522018432618,137.29966339111328,141.0835335348482,56.87965432767453,0.9227814934877472,1.1921030092199194,151.41669881037896,134.3737415582734,4.72746304097974,-0.00048225471135476816,-0.00048237103355753695,0.022884665395931928
2024-12-06,142.22756958007812,145.48270218050342,141.09924996942553,144.38435184545514,188505600,142.57421112060547,137.66728515625,141.1924893486796,52.669081622165315,0.9211122974384125,1.137904866863618,150.6781756036188,134.47024663759214,4.702890838843893,-0.0180616732662795,-0.01822677633339039,0.02258937082756981
2024-12-09,138.6029815673828,139.74128080496888,136.92549436926976,138.76274660606958,189308600,142.13437576293944,138.01513275146485,140.94586955998466,47.430348088813005,0.6201665924276369,1.034357211976422,150.09663083255367,134.1721206933252,4.745689722555641,-0.02548442628526082,-0.025814778925956235,0.023161413508266497
2024-12-10,134.86856079101562,141.6084936848826,133.59045579547387,138.80267178561354,210020900,141.6261360168457,138.28749298095704,140.36707824865428,42.71610969785535,0.07941298278106501,0.8433683661373507,150.06662603382705,133.18564599986433,4.979428877330861,-0.02694329324042477,-0.027312918165921154,0.023612537085404988
2024-12-11,139.10223388671875,139.9609519122756,135.00835767243856,137.15514511831444,184905200,141.17831573486328,138.73318832397462,140.2466168808509,48.91517093441468,-0.007430458541563212,0.673208601201568,149.14313185448796,133.2134996152386,4.987497609040083,0.031391104575241746,0.030908477985586106,0.024288894811695074
2024-12-12,137.1351776123047,138.23354324797214,135.59748095840345,136.8755708420711,159211400,140.7329849243164,139.10260040283202,139.95028933146554,46.402591476409825,-0.23230168422009,0.49210654411723637,148.55498767607588,132.91098217255694,4.881587274702598,-0.014141083284226585,-0.014242021112509603,0.024301302796512207
2024-12-13,134.04978942871094,139.39181692680097,132.3423328930269,138.7327975455873,231514900,140.10892181396486,139.3304293823242,139.38833695977462,42.69783398960729,-0.6519633636085018,0.2632925625720888,147.97247144973323,132.24537217819648,5.036437043207703,-0.02249888203241668,-0.022755843422417737,0.02463858380383416
2024-12-16,131.8031463623047,134.19956111084232,130.22550081237128,133.9798879813558,237951100,139.61115493774415,139.47199005126953,138.66593785525367,40.182130458870375,-1.152547734653382,-0.019875496873005355,148.21913353821995,131.00317633726834,4.960552990012227,-0.01675976572571225,-0.016901799807731075,0.023922087277037703
2024-12-17,130.19554138183594,131.39374870651014,126.67080709010266,128.89747709842524,259410300,139.124365234375,139.52548614501953,137.8592334292139,38.436980216958354,-1.6598510125788835,-0.34787060001418096,148.65640023954987,129.59233022920014,4.97282343874007,-0.01219701520667582,-0.012272009222631544,0.02390807819733666
2024-12-18,128.71775817871094,136.49613412730267,128.08869283192976,133.6603731199009,277444500,138.22122039794922,139.44618804931642,136.9886167386898,36.85251377344277,-2.15628100422191,-0.7095526808557268,148.0970873841386,128.34535341175985,5.2181532856424155,-0.011350490096976307,-0.011415398538858645,0.020532414801784915
2024-12-19,130.48509216308594,133.8301019554315,129.35678784338916,131.56348324328064,209719200,137.4623550415039,139.40702911376954,136.36923344577517,40.03609739641628,-2.37966497038272,-1.0435751387611254,147.26666784550366,127.65804223750418,5.210595463576569,0.013730304267117965,0.013636897668975469,0.021012004821116686
2024-12-20,134.49911499023438,135.07825184796977,128.02878306565836,129.6164081965347,306528600,136.86525115966796,139.4050180053711,136.19112692619984,46.61866756931879,-2.2073552599910897,-1.2763311630071184,145.827989068308,127.90251325102793,5.3419435577719145,0.030762309782726316,0.030298635082894952,0.0224103244373889
2024-12-23,139.4617156982422,139.58153187306692,134.91849782504636,136.07677163513355,176053500,136.7519104003906,139.50245819091796,136.50261157115625,53.42581354039975,-1.6513227493874467,-1.3513294802831841,145.52102175748513,127.9827990432961,5.323405938133389,0.036896902320644465,0.03623250513491381,0.023150311150506295
2024-12-24,140.0109100341797,141.68839756334225,138.44324385025058,139.7912368716414,105157000,136.96206588745116,139.5455844116211,136.83673523430133,54.1230365611061,-1.1530558752569675,-1.3116747592779407,145.8314852383319,128.0926465365704,5.174959350630409,0.003937957691025451,0.003930224231679135,0.021025184550879622
2024-12-26,139.72132873535156,140.6399702368576,137.52461242783102,139.4916759779926,116205600,137.1128128051758,139.71211700439454,137.11145842487753,53.66682999773346,-0.7726361102434964,-1.2038670294710518,146.0618537252292,128.16377188512237,5.027844954801565,-0.0020682766704210875,-0.002070418508399051,0.021008710994244204
2024-12-27,136.80567932128906,138.81269167406333,134.50912136885398,138.3433913393573,170582600,137.19665451049804,139.73806518554687,137.08233660548814,49.17263104130659,-0.6983688845286053,-1.1027674004825625,146.10108354205713,128.29222547893895,5.041013698494138,-0.020867604398359774,-0.021088410046977663,0.02140848456988283
2024-12-30,137.28494262695312,140.060795108374,133.82011682531788,134.628906293037,167734700,137.15918502807617,139.7494366455078,137.10163241705624,49.91509734084201,-0.5939918612570807,-1.0010122926374663,146.05550216947591,128.26286788667642,5.126704025962852,0.0035032412984734584,0.003497119242535584,0.020865346382188246
2024-12-31,134.08973693847656,137.8641141320975,133.63043143330796,137.82416524884428,155659200,136.94298629760743,139.675537109375,136.81478522862008,45.176981723426465,-0.7603340562218932,-0.9528766453543518,145.91667149786508,127.96930109734978,5.062916788307616,-0.023274261745943603,-0.02354938461416516,0.021482793559535134
2025-01-02,138.10372924804688,138.6728864930968,134.42922472124587,135.79717669922962,198247200,136.8461135864258,139.56789581298827,136.93754180189882,51.41616729493381,-0.5617898474540084,-0.8746592857742832,145.7252570405068,127.9669701323448,5.028647700187088,0.029935119579002745,0.02949580955754961,0.022430904721677185
2025-01-03,144.2545623779297,144.6839138332244,139.5216253508109,139.80120658589456,229322500,136.81316299438475,139.5856674194336,137.63440090437794,59.09780273386151,0.09083164667052301,-0.681561099285322,145.57644343041628,128.04988255835323,5.1394717634006915,0.044537777244489485,0.04357446913879789,0.023324995706800657
2025-01-06,149.20713806152344,151.93307760587138,147.59955378526087,148.36839446450836,265377400,137.03133544921874,139.78296478271486,138.7365663479156,64.02943852641232,0.9961869271211867,-0.34601149400402026,146.74879094131478,127.31387995712271,5.320832010867905,0.03433219443429869,0.03375599570274674,0.024551715946486155
2025-01-07,139.93099975585938,152.9016324332477,139.80118875754107,152.80177547515166,351782200,136.9165069580078,139.77776580810547,138.85032191057692,51.50369483394001,0.9541814623259199,-0.08597290273803224,146.4379375070898,127.3950764089258,5.876518558356386,-0.06216953442159834,-0.06418608663294606,0.028144883042070135
2025-01-08,139.9010467529297,143.7353162901366,137.35484666292894,142.36736432306787,227349900,136.98141021728514,139.7494030761719,138.95039094318196,51.468682205654396,0.9080079217275454,0.11282326215508331,146.56543057434897,127.39738986022132,5.912515063274335,-0.00021405552009168272,-0.0002140784332443731,0.02752154172471887
2025-01-10,135.7073211669922,139.7113355717742,134.0198390250661,137.24501786219508,207602500,137.023348236084,139.65753356933592,138.6415271549734,46.68354416805662,0.5269421902240765,0.19564704776888198,146.57731312281706,127.46938334935092,5.91027882503071,-0.029976370322259083,-0.030434847288904117,0.027690459293050734
2025-01-13,133.0313262939453,133.29094833912805,129.31687225149923,129.7961674567433,204808900,136.7198028564453,139.49756744384766,138.10722231106598,43.8801177771473,0.00891170199142266,0.15829997861339012,146.37550482960856,127.06410088328205,5.9445766886351565,-0.019718868886623886,-0.01991587997337843,0.02705777195591574
2025-01-14,131.56349182128906,136.1766120600162,129.85605059334506,135.84710238324766,195590500,136.44121856689452,139.3463848876953,137.4840098834682,42.376869556263685,-0.5141464071433859,0.023810701462034914,146.35106948553624,126.53136764825278,5.971432744209155,-0.0110337505725,-0.011095073899767115,0.026992505564537087
2025-01-15,136.03683471679688,136.2465130176968,131.09420431967888,133.45068552943664,185217300,136.54057083129882,139.4160641479492,137.34618367711855,48.200915445496925,-0.5612426843778167,-0.09319997570593541,146.39219914011096,126.68894252248668,5.912923883766924,0.03400139988367168,0.03343612993800147,0.027652429223309703
2025-01-16,133.3708038330078,138.54307117698642,133.2909213149963,138.4332346192246,209235600,136.61895370483398,139.37970489501953,136.96757607291752,45.264589921309216,-0.804420377392205,-0.23544405604318933,146.34267990831896,126.89522750134901,5.865725739354295,-0.019597860309961135,-0.01979244486418121,0.027755994605946938
2025-01-17,137.504638671875,138.29345383465838,135.25799411499426,136.4861555399997,201188800,136.98440856933593,139.41304260253906,137.01872489186584,50.31838097487546,-0.6560124246318253,-0.31955772976091656,146.25379175519612,127.71502538347573,5.798363186661172,0.030995050791199574,0.030524404626792276,0.02835244571051942
2025-01-21,140.61997985839844,141.6184885428412,136.88555189361048,138.95247218370304,197749000,137.57951965332032,139.43160766601562,137.36170155534512,53.7817560393909,-0.2837452168532195,-0.3123952271793772,146.151614486008,129.00742482063265,5.722261291130424,0.02265626248404251,0.022403421203704088,0.028458595856327772
2025-01-22,146.8507080078125,147.5696203828536,143.4557686808276,144.44429795506818,237651400,138.39780044555664,139.4609652709961,138.26541645558012,59.81541963797425,0.5081888321214763,-0.1482784153192065,147.22544352957826,129.57015736153502,5.809931236367906,0.04430898195041899,0.04335540539563115,0.02975449840001962
2025-01-23,147.00045776367188,147.0104373660888,143.50567717742842,144.83369562852502,155915500,139.02286758422852,139.42801940917968,139.09732515158885,59.95074341606843,1.1348045053511555,0.10833816881486592,148.41039333056665,129.6353418378904,5.645276161531655,0.0010197414632240331,0.0010192218800950971,0.029208266955628028
2025-01-24,142.4073028564453,148.74783905952535,141.66841618539428,148.14872775799392,234657600,139.17014694213867,139.32817169189454,139.41256112347995,53.949617992462564,1.2464049461329694,0.3359515242784866,148.6723170990042,129.66797678527314,5.747715212431613,-0.031245854449044264,-0.031744419045330464,0.0292488953774434
2025-01-27,118.24339294433594,128.20850504229963,116.52595684106744,124.6138830305536,818830900,138.08177108764647,138.79237243652344,137.39644986832337,34.42585104890556,-0.6079682051735915,0.14716757838807099,151.23461943882052,124.92892273647243,7.1858316983563455,-0.16968167662348033,-0.1859461295769258,0.048138066664207356
2025-01-28,128.79763793945312,128.8076175411123,116.0766320864675,121.62833781559046,579666400,137.53558654785155,138.40715240478517,136.57751539890717,43.96443005381402,-1.21196217647082,-0.1246583725837072,151.26531871383295,123.80585438187013,7.581914109519807,0.08925864466766176,0.08549732233247516,0.05276272617303709
2025-01-29,123.5155258178711,126.70077107762197,119.8709750783515,126.31135328562937,467120600,136.87107887268067,137.95662704467773,135.33351639118945,40.76820237395592,-2.0927303611008767,-0.5182727702871411,151.90255023149086,121.83960751387049,7.6779675917756505,-0.041010939378136047,-0.04187561123168072,0.05331787835324891
2025-01-30,124.464111328125,124.81358785050304,117.92387627755193,122.91641979157204,392925500,136.23003730773925,137.5152882385254,134.29833495661188,41.58946302281157,-2.683271486575933,-0.9512725135448995,152.20043824659209,120.2596363688864,7.621663590431041,0.007679888855856465,0.007650548633454593,0.053355613681029264
2025-01-31,119.89093780517578,127.6593341751579,119.01225290264884,123.59540412169352,388161100,135.5200973510742,137.07793731689452,132.92620189457034,38.79662394127923,-3.480179128176843,-1.4570538364712884,152.9990762845312,118.0411184176172,7.6949077105794705,-0.03674290905346167,-0.0374349340220019,0.05370273349026875
2025-02-03,116.48603057861328,118.39317826666118,112.84147223806173,114.57887527254844,371235700,134.43921241760253,136.60903121948243,131.36047129305064,36.81440045153586,-4.336493336926964,-2.0329417365624236,153.72562121816722,115.15280361703786,7.648804700331941,-0.02840003830894633,-0.028811121282842432,0.05333792544393319
2025-02-04,118.47306060791016,121.01925326141507,116.52596404203554,116.78557844108887,256550000,133.15013732910157,136.0428793334961,130.1330988468468,38.78017890219376,-4.799466537035968,-2.5862466966571325,153.07585156575098,113.22442309245217,7.426263127651216,0.017058097176346765,0.0169142414685658,0.05228257796008312
2025-02-05,124.6438446044922,124.8135892575584,120.57991444298676,121.57842315704724,262230800,131.92197265625,135.62250823974608,129.6103127285273,44.54971433023721,-4.6152437791372165,-2.9920461131531493,150.7343750191913,113.10957029330872,7.348710664936719,0.05208596760241058,0.05077482923000554,0.05318958061416127
2025-02-06,128.48809814453125,128.5779755110731,125.02327919443763,127.22998260932282,251483600,131.3498275756836,135.26344635009767,129.50343514909912,47.84719902349209,-4.111650238795917,-3.215966938281703,149.846488855718,112.8531662956492,7.104812110768447,0.030841904405606746,0.03037585128411553,0.05221869753380478
2025-02-07,129.64634704589844,130.17555536084487,124.81356929927792,129.02727661770408,228186300,130.83709259033202,135.02180267333983,129.51704580593716,48.834458101495706,-3.577844558490156,-3.288342462323394,148.92107968242874,112.75310549823529,6.980324535825483,0.009014445058283194,0.00897405748136776,0.05228428101187986
2025-02-10,133.3708038330078,134.79866384787866,129.76618710141213,129.89598286165247,216989100,130.72026672363282,134.97306274414063,129.8840703799439,51.98221610375167,-2.821739913598094,-3.195021952578334,148.70682029203692,112.73371315522873,6.8497525548365354,0.028727818962695606,0.028322911622574144,0.05230392693308979
2025-02-11,132.6019744873047,134.27946199343057,130.8246300046561,132.38230132778313,178902400,130.69879913330078,134.89097442626954,130.14291839016875,51.28087246972741,-2.258524770236221,-3.0077225161099115,148.67529020896393,112.72230805763762,6.607258228689246,-0.005764600074434356,-0.0057812795125245005,0.052112590313836055
2025-02-12,130.94442749023438,132.04279313100764,128.88750205027108,129.8261026458349,160278600,130.66784591674804,134.80728607177736,130.219252590175,49.72327102139662,-1.9237471417818313,-2.7909274412442957,148.6404063062961,112.6952855272,6.400630672142414,-0.012500168292961633,-0.012578952630126927,0.05213174947725537
2025-02-13,135.08824157714844,136.29644386397356,130.9743904181038,131.36380821970238,197430000,130.62041625976562,134.7483642578125,130.6829658270296,53.523853353527024,-1.3089732647856067,-2.494536605952558,148.5409826592518,112.69984986027944,6.325729650827898,0.03164559322101046,0.031155190656602952,0.052056187413735064
2025-02-14,138.6429443359375,139.04234173663804,135.29793396994222,136.2764682668825,195479600,130.8840232849121,134.75294891357422,131.44105901835417,56.55763489048241,-0.5288297135628,-2.1013952274746064,149.111146217771,112.6569003520532,6.156327544303734,0.026313931673757063,0.02597367623759073,0.05211152798532791
2025-02-18,139.19212341308594,143.2261075780513,137.72431422880837,141.05934526698334,219176600,130.96839752197266,134.73596771240236,132.17925562737622,57.02437143129578,0.13222957304881788,-1.6546702673699216,149.33243657359654,112.60435847034877,6.109575101799392,0.003961103680961697,0.003953279165448022,0.051704727668470084
2025-02-19,139.02235412597656,141.14918241151278,137.01535723812603,139.3019353271886,167536000,130.88851623535157,134.61814331054688,132.8309792939096,56.82113662674219,0.6351037767153116,-1.1967154585528752,149.0971691587897,112.67986331191344,5.9684501069127744,-0.0012196759625940912,-0.0012204203726752395,0.05147688954216999
2025-02-20,139.9010467529297,140.4502295544644,136.58599074078032,139.8211642330671,143903600,130.54103317260743,134.5192904663086,133.5043190519115,57.662199400643026,1.0919510258780178,-0.7389821616666966,147.7561106165386,113.32595572867626,5.818149300253583,0.006320513218736723,0.00630062254391456,0.05047685924941945
2025-02-21,134.22950744628906,141.2490371129211,133.83011008980694,139.83114145453473,228217600,129.9024856567383,134.3593292236328,133.57338461328078,50.78598049324308,0.9850054100099044,-0.3941846473313765,145.4994839769341,114.30548733654247,5.932490566172194,-0.040539648832340514,-0.04138428677727492,0.051233384548337355
2025-02-24,130.08572387695312,138.38332947991822,129.88602516626045,136.35635785611953,251381100,129.28640670776366,134.18898406982422,133.24122644791623,46.429522700138016,0.5594327434994284,-0.2034611691652155,143.79436204696165,114.77845136856565,6.115691548135449,-0.030870884116102726,-0.03135742944169091,0.051222652476910435
2025-02-25,126.44115447998048,130.00583024952502,124.25442559786757,129.78615711570163,271428700,129.6962947845459,134.0204359436035,132.59360054620808,42.94059796594112,-0.07110331741114351,-0.1769895988144011,143.3724856516807,116.02010391741109,6.095377743203314,-0.028016674607737935,-0.028416629615078192,0.03383022610961947
2025-02-26,131.084228515625,133.53057192522448,128.29839578499454,129.79615892181477,322553800,129.81062431335448,133.86007583618164,132.4498508290097,48.27339911595721,-0.1939150851681859,-0.18037469608515808,143.49308267627296,116.128165950436,6.166380579063363,0.03672122462611371,0.03606306439491629,0.028467430297634492
2025-02-27,119.9708251953125,134.80865788512716,119.83103458283094,134.7986782828192,443175800,129.63338928222657,133.5167887878418,131.261372197229,38.90162056621289,-1.1744645688185074,-0.37919267063182793,143.72319744809877,115.54358111635437,6.795755059294281,-0.08478062880758996,-0.08859149250497897,0.03318078449437181
2025-02-28,124.73370361328124,124.90344826210318,116.2264129341289,117.84399213493025,389091100,129.64686889648436,133.3304670715332,130.63968947494828,43.926003702623866,-1.5493724150448145,-0.6132286195144253,143.71737224102105,115.57636555194767,6.930132221342853,0.03970030555524451,0.03893250388963936,0.03436898679515104
2025-03-03,113.88990020751952,123.51552349340125,112.11255593535712,123.32581202011416,411381400,129.34681701660156,132.9722021484375,129.0444714494789,36.555423150613535,-2.690479718216835,-1.0286788392549073,144.45442152583678,114.23921250736633,7.336633325384371,-0.08693563240438495,-0.09094889967224491,0.03879307778072573
2025-03-04,115.8170166015625,119.13206502689523,109.9457884607008,110.48498404782327,398163300,129.31336631774903,132.68463165283202,127.78471384491543,38.529472198635496,-3.4001188363542667,-1.5029668386747792,144.53724139947178,114.08949123602626,7.468750699727948,0.01692087174131829,0.016779308475320838,0.038481883432765346
2025-03-05,117.12507629394533,118.10361057672029,114.3392360416895,117.40465751759533,284337900,129.24596710205077,132.45277801513672,126.76951026863256,39.89646968667606,-3.8130094652877773,-1.964975363997379,144.67181032215092,113.82012388195061,7.204152402249578,0.011294192604553555,0.011230889404361054,0.03837225969772344
2025-03-06,110.40510559082033,115.17797591196371,110.05562907278994,113.3606904001891,321181900,128.53403015136718,132.0511782836914,125.21099553741234,35.525610420109544,-4.62911221395747,-2.4978027339893973,145.93198774312722,111.13607255960713,7.194530603599993,-0.05737431228014822,-0.059086012880118,0.03838031565963155
2025-03-07,112.5219497680664,113.31077256873957,107.39959517379882,111.08409477767312,341755500,127.73572273254395,131.61163497924804,124.00251498795082,37.83596042266568,-5.046890476252187,-3.0076202824419553,146.48183355893391,108.98961190615398,7.10286251726719,0.019173426499780266,0.018991932595328304,0.037887087914609104
2025-03-10,106.8204574584961,111.6831896506324,105.30272006245757,109.73610085349598,366487400,126.59442825317383,130.95880981445313,122.36612855657417,34.2736242154122,-5.7715151055798515,-3.560399247069535,147.40226394082126,105.7865925655264,7.111174459291594,-0.050670045456219004,-0.051998854242922256,0.03898431220056445
2025-03-11,108.59780883789062,112.0726148635708,104.6137536218378,106.83044416478045,354865700,125.35577850341797,130.33054779052733,121.05486001193765,36.287461996423765,-6.131685686832668,-4.074656535022162,147.3198587725703,103.39169823426562,7.136009229465981,0.016638679721860505,0.016501773429872007,0.038460470752305874
2025-03-12,115.57803344726562,116.59661034457648,112.72203506897392,113.96030532134075,323857500,124.50458145141602,129.84768188476562,120.53325748196889,43.59667012014114,-5.787166820834642,-4.417158592184658,146.59851873777725,102.41064416505478,7.197637249267401,0.06427592493873169,0.062294685249707854,0.04185719799563804
2025-03-13,115.41825103759766,117.59520049683546,113.63075517539951,116.86621875800482,299033100,123.72827262878418,129.4199333190918,120.0461140110764,43.473723522746745,-5.464040188464011,-4.626534911440529,145.9532450683252,101.50330018924315,6.966694968708011,-0.0013824634742628517,-0.0013834199585296947,0.04184010928482895
2025-03-14,121.49972534179688,121.7094305400334,117.98465480860956,118.44401014075396,277593500,123.0488468170166,129.10422897338867,120.18455318543073,49.330690476262816,-4.663478179423109,-4.633923565037045,144.6656557374859,101.43203789654729,6.918443863974277,0.05269075080871022,0.051349506075918684,0.043068518917098335
2025-03-17,119.36272430419922,122.71802281178024,117.86482345684048,122.5682312033008,255501500,122.08483581542968,128.80968872070312,120.10628376817058,47.46938959575324,-4.153585198935346,-4.537855891816705,142.52135908650826,101.64831254435111,6.7709263990432405,-0.0175885256660947,-0.017745041757320636,0.04253681965431374
2025-03-18,115.2684555053711,118.85342762738914,114.37970167383446,117.83485847417,299686900,120.88865242004394,128.3529832458496,119.64553821933254,44.04083378715791,-4.033370429525974,-4.4369587993585595,139.93304306044604,101.84426177964183,6.6432189869947775,-0.03430106695951218,-0.03490315686595081,0.042896491496438365
2025-03-19,117.35552215576172,120.28142179456783,115.51810097497594,117.10587204193428,273426200,119.8053108215332,127.81500244140625,119.42744145137341,46.174990662053226,-3.7267310861737712,-4.2949132567216015,136.97285791390806,102.63776372915834,6.526772365723489,0.01810613876311873,0.017944174739707205,0.043284962110289746
2025-03-20,118.3641128540039,120.0317738155389,116.30699831746894,116.38688818380663,248829700,118.72846412658691,127.19814193725585,119.32617206114774,47.22252208885622,-3.363559338830953,-4.1086424731434725,133.21065897897998,104.24626927419386,6.326629732319666,0.00859431818558587,0.008557597277166373,0.0433262248429234
2025-03-21,117.5352783203125,117.82487338576216,115.25847035053428,116.77634740953133,266498500,117.89375267028808,126.75022750854492,119.15561075249677,46.42295792911507,-3.1068097635282754,-3.9082759312204334,130.51022066079065,105.27728467978551,6.096559215973235,-0.0070024141076757696,-0.0070270460654743025,0.04262005440582554
2025-03-24,121.24009704589844,122.04896105750126,119.17298658297102,119.71223179694545,228452500,117.45147132873535,126.3770085144043,119.35413325663026,50.46069348058972,-2.5747063544719992,-3.641562015870747,128.89278179433495,106.01016086313574,5.983496610345773,0.031520908262874014,0.031034323089008616,0.042965795080039434
2025-03-25,120.52110290527344,121.12026171196634,118.7535756640042,120.381299437669,167447200,117.15546875,126.07328414916992,119.4652732231677,49.67822246709066,-2.1858304941561357,-3.350415711527825,127.9385463271552,106.3723911728448,5.733712665456378,-0.005930332935586535,-0.005947987191630208,0.04256063258035194
2025-03-26,113.60079956054688,118.6736845133834,112.55226594608844,118.5638454632065,293463300,116.28129730224609,125.68467361450195,118.90675192196572,42.799084950663776,-2.408292916061697,-3.1619911524345996,125.05302028249717,107.509574321995,5.893364400722708,-0.057419847461616325,-0.05913432079483433,0.043308372528515805
2025-03-27,111.27405548095705,114.2898256783234,110.50513643809543,111.19416561141584,236902100,115.84645881652833,125.27888488769531,118.17982845139348,40.755636024565426,-2.74075111716796,-3.0777431453812722,124.70528249262944,106.98763514042722,5.742744746401655,-0.020481757950565505,-0.020694417932847257,0.03937808908005755
2025-03-28,109.51651763916016,112.71204388720729,108.9173588485005,111.33397028810096,229872500,115.08559951782226,124.74847854614258,117.35475123118078,39.23190114753014,-3.110192884706038,-3.0842330932462256,123.35482780593026,106.81637122971426,5.60359762442345,-0.015794677691941095,-0.015920742814363974,0.038146186130366626
2025-03-31,108.22832489013672,110.80471613819728,103.5049485540766,104.98287310192076,299212700,114.80252075195312,124.24562896728516,116.48556777012898,38.1073195209835,-3.4669595841556315,-3.160778391428107,123.58762779887462,106.01741370503163,5.724752621544681,-0.011762543009884885,-0.011832269028448047,0.03309873460574133
2025-04-01,109.99585723876952,110.04578269736857,106.32100673854832,108.36813339033893,222614000,114.51146278381347,123.69545333862305,115.86750010047571,40.62236436907861,-3.5659684110795666,-3.2418163953583994,123.52557446065765,105.49735110696929,5.581897145635793,0.016331513496370187,0.01619958874575572,0.03308123733434612
2025-04-02,110.26546478271484,111.82328673498284,106.64054773013802,107.1398479774266,220601200,114.16848220825196,123.08836303710937,115.33397292735563,41.01608609632358,-3.581394458171559,-3.3097320079210313,123.28018738954302,105.0567770269609,5.553385849865009,0.0024510699831183924,0.0024480710105487763,0.03295228327673006
2025-04-03,101.65753936767578,105.48217369637304,101.45781468579652,103.36514539947606,338769400,113.73110389709473,122.18449966430664,114.03145544548136,33.40096756545712,-4.239338893324572,-3.4956533850017393,124.25394142323708,103.20826637095237,5.785833296083103,-0.07806547074373227,-0.08128106743027659,0.035025483325660904
2025-04-04,94.17801666259766,99.98987163475934,91.98109847139008,98.7715853475697,532273800,112.81390724182128,121.12805084228516,112.14065175187338,28.45703854877422,-5.303167952686309,-3.857156298538653,126.36150275254684,99.26631173109573,6.063733838954717,-0.07357568117034718,-0.07642292161238848,0.03788457882559155
2025-04-07,97.50334930419922,101.60759784636036,86.4987754744505,87.33759621246332,611041300,112.34805183410644,120.22997177124023,110.74662294733298,33.191705733685666,-5.8109485952757325,-4.247914757886069,127.2600472703266,97.43605639788629,6.7098115913086565,0.03530901116249785,0.0346999436663738,0.037685568330537655
2025-04-08,96.16522979736328,105.7018598622838,94.3278009423825,103.6647139576977,476243400,111.72642288208007,119.78840850830078,109.35791883781206,32.26633311262415,-6.249305371692813,-4.648192880647418,128.16983490581492,95.28301085834522,7.04297211477956,-0.013723831195389558,-0.013818873531873348,0.03742661463832847
2025-04-09,114.16999816894533,114.93891720962624,97.39350654873373,98.75160385221358,612918300,111.65602111816406,119.49585571289063,109.8162121074438,51.756105066163734,-5.085252316489459,-4.735604767815826,128.04483451621712,95.267207720111,7.880880350314088,0.1872274252296926,0.17162069393041088,0.055301055799128584
2025-04-10,107.4194564819336,110.70485307181583,99.01124202201945,109.21694044618194,437812400,111.25608139038086,119.17393432617187,109.58794966691902,46.3688863957687,-4.65379809366739,-4.719243432986139,127.64852534004321,94.8636374407185,8.400728621500646,-0.05912710690441181,-0.060947224933162604,0.05690300911517574
2025-04-11,110.7747573852539,111.39389245819964,107.32958859529616,108.348157786305,313417300,110.7198329925537,118.90014724731445,109.7009789734271,49.199302133454445,-3.995070090978757,-4.574408764584663,126.42403165230832,95.0156343327991,8.090983995886562,0.031235504378898327,0.03075760220810597,0.05601040619822059
2025-04-14,110.55506134033205,114.1300529879136,108.91735711650354,113.9503045917023,264705000,110.27944984436036,118.71342971801758,109.78232015122757,49.01688962596888,-3.4509703991112985,-4.34972109148999,125.47522630266216,95.08367338605855,7.885391986995384,-0.0019832681208932224,-0.0019852374012843607,0.05590801510181474
2025-04-15,112.04297637939452,113.46099492172468,110.3453585264742,110.81470199440513,228966900,110.11817588806153,118.62456863403321,109.99762074438632,50.359266431715135,-2.86666009155077,-4.053108891502147,125.16648325751649,95.06986851860657,7.544695159013606,0.013458588155291107,0.013368825843533143,0.05549303280603161
2025-04-16,104.3437728881836,106.64055727885454,100.30942561460589,104.40369410395132,397016900,109.46758842468262,118.34198287963868,109.45915904379558,43.915778151253896,-2.990380099552368,-3.840563133112191,124.33202276632005,94.60315408304518,7.8438991308546795,-0.06871652057100175,-0.07119155886989571,0.057363928336177684
2025-04-17,101.34796905517578,104.32380208660638,99.9099894244808,104.30382580885473,292517500,108.61678123474121,117.87606536865235,108.68666475916513,41.68101163305215,-3.2922148264083404,-3.730893471771421,123.29369954737952,93.9398629221029,7.600319440343831,-0.028710901955003698,-0.029131122723122637,0.0575263791198581
2025-04-21,96.77438354492188,99.3008417327631,94.90699776234818,98.6317735699764,288501100,107.57873649597168,117.24179107666015,107.55216178638005,38.463032593061705,-3.856021336000566,-3.7559190446172503,122.5200330325112,92.63743995943217,7.517508858378386,-0.04512754969726096,-0.04617750731374333,0.05818099562056168
2025-04-22,98.7516098022461,99.6703204985673,97.1438622743251,98.64176312999923,241004800,106.45431213378906,116.62389633178711,106.71401397836729,40.59818520751642,-4.096079369017033,-3.8239511094972074,120.47009253753845,92.43853173003967,7.1873965794688885,0.020431297879633714,0.020225378982556348,0.05783489405670846
2025-04-23,102.56626892089844,104.65334818158476,101.87723205406772,104.37373360783914,247526000,105.55657043457032,116.00780563354492,106.31899063956074,44.59252700796777,-3.9331767658295433,-3.8457962407636748,118.07323113842331,93.03990973071733,7.095563850888159,0.03862882971013182,0.037901410284819616,0.058797415138501626
2025-04-24,106.28104400634766,106.39089066307956,102.96569088547096,103.33517578708889,220815000,105.19058265686036,115.48138702392578,106.31537667449282,48.24242639330866,-3.464388659469293,-3.7695147245047984,117.16113213909566,93.22003317462506,6.861925128837656,0.03621829208113381,0.03557782828378565,0.058252504720005725
2025-04-25,110.85465240478516,111.76337496991528,105.58204256681438,106.70047033928223,251064700,105.16961250305175,115.0795915222168,106.74768864880639,52.399918043459536,-2.692778063904612,-3.5541673923847616,117.09885828050172,93.24036672560179,6.813311362713603,0.04303315272443453,0.042132961442940875,0.058907428125249364
2025-04-28,108.5778350830078,110.21553928394424,105.87162103934428,109.53649064316204,207708500,105.12267837524413,114.54938339233398,106.92198830920653,50.236546336581206,-2.2391793715224537,-3.2911697882123,116.99037288377589,93.25498386671238,6.682577077194123,-0.020538761994973176,-0.020752615627110168,0.05898974888307488
2025-04-29,108.867431640625,110.04578062718969,107.2896485179105,107.51932238432488,170444300,105.15463371276856,113.95387313842774,107.10726862648448,50.51638764688893,-1.8351763472932134,-2.9999711000284828,117.05899071859095,93.25027670694617,6.402116722343055,0.002667179331728331,0.002663628720943741,0.05891170299414812
2025-04-30,108.76756286621094,108.76756286621094,103.93434018163836,104.32379376082017,235044600,105.09321899414063,113.34538192749024,107.26539188741081,50.41110699751145,-1.5057028106304813,-2.701117442148883,116.9093855052911,93.27705248299016,6.297186346389025,-0.0009173429822770807,-0.0009177639988480709,0.05881504608707222
2025-05-01,111.45380401611328,114.7791455573913,111.14424029465428,112.92174799120272,236121500,105.15263595581055,112.79401092529297,107.66428828062058,53.2343189987425,-1.016122223673122,-2.364118398453731,117.08363141229957,93.22164049932154,6.2767860853026916,0.024697079525506593,0.024397036741896447,0.059053632230653935
2025-05-02,114.33976745605467,115.23850951002052,113.21135153306962,114.02021557227994,190194800,105.7867473602295,112.28278533935547,108.3000482020905,56.12441649688738,-0.3907486435411158,-1.9694444474712078,118.24378555148436,93.32970916897463,6.098780328774445,0.02589380833985855,0.02556424074860387,0.056126829420426017
2025-05-05,113.66072082519533,114.50952981770942,112.50234808238876,112.75199823422923,133163200,106.76088256835938,111.8714096069336,108.81058845191,55.259085263045726,0.04950042610676064,-1.5656554727556142,118.45829291539258,95.06347222132618,5.806523286384889,-0.005938849150802561,-0.005956554248827193,0.052943509164092004
2025-05-06,113.38111114501952,114.57942879752297,110.66491633937942,111.32399638135878,158525600,107.5547706604004,111.53731735229492,109.24587632744424,54.88384248934774,0.3715557577415609,-1.1782132266561793,118.77677923597102,96.33276208482977,5.671379655796222,-0.002460037893001199,-0.0024630687579341027,0.05269255753371086
2025-05-07,116.89617919921876,117.51531428959991,112.12286973799952,112.89179643623136,206758800,108.59131813049316,111.34641784667969,109.97447660094657,58.682329873196174,0.9000483465910776,-0.762560912006728,119.22822596702261,97.95441029396372,5.651455719782234,0.031002236780898418,0.03053137455807413,0.05263483806412767
2025-05-08,117.20575714111328,118.51392151118236,115.68787993703612,118.08452294119296,198428100,108.74310607910157,111.06884841918945,110.66316998572435,59.009656321441135,1.328548206762889,-0.3443390882528046,119.77347450888234,97.71273764932079,5.449640423665378,0.002648315317192118,0.0026448147092960903,0.032416882205018586
2025-05-09,116.48675537109376,118.06454606438504,115.0487681449328,117.18577270674557,132972200,109.19647102355957,110.99916702270508,111.21779716528334,57.86310980530141,1.5917710533715734,0.042882940072070996,120.7068697927382,97.68607225438093,5.275793101935869,-0.006134526046820854,-0.0061534195598592,0.029176934686717903
2025-05-12,122.82787322998048,122.82787322998048,120.11167839159091,121.79931583574869,225023300,109.7991268157959,110.96105041503907,112.32351869525449,64.42761666624789,2.2857040979662315,0.4914471716509031,122.74908169851989,96.84917193307191,5.3518877274323575,0.054436384966563,0.05300639191595005,0.030717680025487085
2025-05-13,129.7481689453125,131.03637225526788,124.295818189616,124.8051066300396,330430100,110.75878219604492,111.27821578979493,113.98300919526001,69.93284647026277,3.35538230566128,1.0642341984529786,126.36314526043151,95.15441913165833,5.555931391564861,0.056341411223286286,0.05481143911457764,0.03266384761099256
2025-05-14,135.1505889892578,135.25045513495294,131.49570747587302,133.01358451331882,281180800,111.91416282653809,111.66488723754883,115.99896917564075,73.39449079005776,4.586173585216727,1.7686220758057285,130.80380935121647,93.02451630185972,5.552099591427402,0.041637736299942496,0.040794220982518795,0.033484372195713236
2025-05-15,134.6413116455078,136.1092556474961,132.47435031815246,134.10205882491402,226632600,113.4290397644043,112.01521194458007,117.77443036324713,72.54656533199369,5.457578547928648,2.5064133702303124,134.39286182060272,92.46521770820588,5.415157144135705,-0.00376822141552402,-0.003775339048011805,0.02818278866219908
2025-05-16,135.21051025390625,136.15919297953724,133.27323795943153,136.02937003025397,226542500,115.12216682434082,112.5113200378418,119.43500940045277,72.92308490116915,6.123514763282529,3.229833648840756,137.34177878495635,92.90255486372531,5.234499849562134,0.00422751829614576,0.004218607445701615,0.02651784552254489
2025-05-19,135.38026428222656,135.6798322139183,132.20470706939753,132.20470706939753,193154600,117.05246086120606,112.968486328125,120.95360510347885,73.04183177597741,6.589017649214625,3.9016704489155303,139.26860111270415,94.83632060970797,5.108830227773465,0.0012554795333701296,0.0012546920779612969,0.0227581841846722
2025-05-20,134.1919403076172,134.39165736048994,132.4343936724944,134.10205468200522,161514200,118.82447738647461,113.51591598510743,122.21439893244441,70.7042439250431,6.783844292363909,4.478105217605206,140.56763352014752,97.08132125280169,4.954333112199087,-0.008777675098432969,-0.008816425815955615,0.023464012319300186
2025-05-21,131.6155548095703,137.2077087161811,130.40724144628155,132.87378601013486,270608700,120.27694168090821,113.97627090454101,123.10974711121831,65.78831369925987,6.6536538529088745,4.91321494466594,141.35258383894364,99.20129952287277,5.0861998377491195,-0.01919925661810129,-0.01938595586624129,0.02404659856963499
2025-05-22,132.64410400390625,134.0621148614722,131.3658966044825,132.0449376190489,187344000,121.59509468078613,114.31759231567383,124.0177811009981,66.78129668961517,6.557877189603005,5.242147393653353,142.29883573139185,100.89135363018043,4.9154868676948755,0.00781479967032861,0.007784422282878386,0.023422388195642223
2025-05-23,131.10626220703125,132.49431639064062,128.97925335315108,129.81807417545411,198821300,122.60767517089843,114.6313525390625,124.69287453966793,63.79964528273358,6.285428011597233,5.450803517242129,143.09095269136253,102.12439765043433,4.826155709342039,-0.011593744090047986,-0.011661475557530044,0.02271328554922864
2025-05-27,135.31036376953125,135.47014350181522,133.1234263008756,133.96224703921547,192953600,123.94430160522461,114.90756530761719,125.7040639901311,68.00523726520552,6.335711794366546,5.6277851726670125,144.07693069406952,103.81167251637972,4.793136108302177,0.0320663673247068,0.031562974414774195,0.022193416258631325
2025-05-28,134.621337890625,137.0579256739289,134.60136161311598,135.83963178227697,304021100,125.23199691772462,115.2127375793457,126.55332817113052,66.63880370481357,6.247941049280257,5.751816347989662,144.6234263735365,105.84056746191274,4.626238104910087,-0.005092188504347228,-0.005105197879147071,0.022418854858657758
2025-05-29,138.99520874023438,143.28919402135628,137.71700129433316,142.0509238917618,369241900,126.74337921142578,115.68727264404296,127.73826917771184,70.66787368944642,6.456885962936127,5.892830270978955,145.46662980516086,108.02012861769069,4.914925106754458,0.032490175169429536,0.031973530233375014,0.022733830128488296
2025-05-30,134.94090270996094,139.42460961066672,132.73398869983464,138.5258751739265,333170900,127.91773414611816,116.03898025512696,128.42423427602128,63.06485820927415,6.223586072782169,5.9589814313395975,145.5735924123266,110.26187587990972,5.041760521331431,-0.02916867471202156,-0.029602538151327566,0.024355351050986955
2025-06-02,137.187744140625,137.9266987725352,135.21050414256473,135.30038976970178,197663100,129.06013298034668,116.41545288085938,129.2588542631264,65.2933793531247,6.149112414591684,5.997007627990015,145.9959946916093,112.12427126908406,4.89490591713449,0.01665055876714705,0.01651345799010261,0.024122146214717005
2025-06-03,141.02235412597656,141.80126124338923,137.7569264491721,138.58576663563605,225578800,130.42821464538574,116.88519439697265,130.37918758339785,68.75795394014675,6.326583565386798,6.062922815469372,146.569075531246,114.28735375952546,4.874806716108043,0.027951549239128015,0.02756803483192623,0.024176596771853624
2025-06-04,141.7213897705078,142.19073325311265,139.34471555965237,141.99101618842522,167120800,131.84522857666016,117.29482025146484,131.45939731550357,69.35845130282064,6.449293623090455,6.14019697699359,146.67365025740176,117.01680689591858,4.729893214490346,0.004956913737993673,0.004944668689518938,0.024013721614782886
2025-06-05,139.79409790039062,143.79848066110154,138.63571759363617,141.97103980754113,231397900,132.99012451171876,117.68028015136719,132.25317832358806,65.61389547542484,6.318193677258165,6.175796317046506,146.50237939314937,119.47786963028815,4.760812489702848,-0.013599160107292785,-0.013692475659628582,0.024176486440732718
2025-06-06,141.5216522216797,143.06948591448216,141.31193942977922,142.31053984611202,153986200,134.20591926574707,118.23869720458984,133.1358901234063,67.31718801548175,6.281288438463804,6.196894741329966,146.09694726168476,122.31489126980938,4.654710741444896,0.0123578487735585,0.012282113869049219,0.024134241431485015
2025-06-09,142.43040466308594,144.7970831461155,141.74136782943543,142.98961854621228,185114500,135.50310173034669,118.86182418823242,134.0210819843282,68.20927111642547,6.25328551520758,6.208172896105489,144.74434058665847,126.2618628740349,4.556190754515677,0.006421296156031264,0.00640076746753005,0.02386125955823161
2025-06-10,143.75852966308594,144.08805440763362,141.33192260937977,142.4903028059026,155881900,136.54963455200195,119.54666442871094,134.9484579537337,69.51874483910447,6.266030683423281,6.219744453569048,144.4564484726296,128.6428206313743,4.4276151147826885,0.00932472952767105,0.009281522624728413,0.021490963603442683
2025-06-11,142.6400146484375,144.79714515361243,141.6812848999734,144.41764573923192,167694000,137.1942268371582,120.23489822387695,135.68098716275313,67.0151900175456,6.115382188025762,6.198872000460391,144.87682200956678,129.51163166474961,4.333918338986712,-0.0077805123443444035,-0.007810938453748301,0.018491323808995878
2025-06-12,144.80712890625,144.80712890625,141.6613249598906,141.78116046611606,162365000,137.67705383300782,120.93112365722656,136.55014351927665,69.32049409763331,6.100536986408457,6.179204997650005,145.97438746517386,129.37972020084177,4.249053025227618,0.015192891441814238,0.015078635267653356,0.016572698116809188
2025-06-13,141.78115844726562,143.38901749969733,140.6626531024409,142.2904745799642,180820600,138.0340461730957,121.56143753051758,137.04833541718037,62.72808953972928,5.777996384579552,6.098963275035914,146.39236897681113,129.67572336938028,4.241583223697723,-0.020896557247146452,-0.021117980385975357,0.017394936491287108
2025-06-16,144.49754333496094,145.98555166191812,143.00951976951112,143.159329390418,183133700,138.49839782714844,122.41823760986328,137.7577837903023,65.86626564174969,5.6761391931670175,6.014398458662136,147.202417493459,129.79437816083788,4.238926794480206,0.01915899769365792,0.018977775134110173,0.017778773451408107
2025-06-17,143.92828369140625,145.0268265438421,143.58873962374116,144.2978018718573,139108000,138.92579879760743,123.41324295043945,138.3454504475503,64.63801377261078,5.486240177695066,5.908766802468722,147.81294978835265,130.0386478068622,4.038866803453116,-0.003939580081545602,-0.003947360668708717,0.017850739033739134
2025-06-18,145.28648376464844,145.4562558084884,142.92962233744194,143.81843788371728,161494100,139.48052597045898,124.36890563964843,139.00650123965488,66.25487756956773,5.383284086769777,5.803670259328934,148.50052282170248,130.4605291192155,3.930850136852641,0.009436644684475581,0.009392397697284088,0.01767030619355702
2025-06-20,143.65866088867188,146.00552584195606,142.46024490398213,145.2565234707711,242956200,140.08268127441406,125.31877426147462,139.4495640633708,62.562717893668875,5.111417699650474,5.665219747393242,148.51059840516194,131.65476414366617,3.903309479789876,-0.011204227907487208,-0.011267468084258936,0.01719896034704839
2025-06-23,143.97824096679688,144.58743022935184,141.84108794116847,142.31046402404658,154308900,140.6493881225586,125.91493911743164,139.88086662560184,62.99866842072176,4.865660762132194,5.505307950341033,148.50519815446106,132.79357809065615,3.820668966103697,0.002224579264125559,0.0022221085511937373,0.017188144679599556
2025-06-24,147.7032470703125,147.7631800544848,145.30644581210706,145.36636355778856,187566100,141.47923736572267,126.72061492919921,140.6258552393838,67.71747678441608,4.914818511512209,5.387210062575268,148.59936987536457,134.35910485608076,3.8181168319311416,0.02587200731515149,0.025542989761243095,0.01741093816138037
2025-06-25,154.10475158691406,154.24456476496755,149.06146548674553,149.0714619384952,269146500,142.4189567565918,127.58721481323242,141.90955965343431,73.88194445330132,5.407984418914737,5.391364933843162,150.87080379740493,133.96710971577866,4.012631179268563,0.043340310003842974,0.04242740276623674,0.01844683730370397
2025-06-26,154.8137969970703,156.5115326130379,153.795149532093,155.77251147358507,198145700,143.42857971191407,128.47238952636718,143.1385346385425,74.46359814433148,5.789300539554091,5.470952054985348,152.69800284797105,134.15915657585708,3.9200420293883016,0.00460106130962723,0.00459050878320667,0.018247386728565095
2025-06-27,157.54017639160156,158.4989061985097,155.05348286000648,155.83244416127852,263234500,144.35582809448243,129.38233352661132,144.51011956740524,76.6197062606627,6.239566505549789,5.624674945098237,155.2360635496044,133.47559263936046,3.9032611131062365,0.01761070038597934,0.01745742886484561,0.017446442448036184
2025-06-30,157.7798614501953,158.4489684480595,155.7525627920192,158.1893045239527,194580300,145.49777603149414,130.45105529785155,145.77390450862333,76.8051201703984,6.5403529906416225,5.807810554206914,156.9640794246261,134.03147263836217,3.8170571518872407,0.0015214217990842105,0.0015202656094916523,0.015378034768506275
2025-07-01,153.09609985351562,156.9909063970138,151.2885097592641,156.08211312403307,213143600,146.29319381713867,131.48601791381836,146.4712564462321,65.82034861396983,6.327844576768854,5.911817358719302,157.5484563491225,135.03793128515485,4.008078190390383,-0.029685420899917325,-0.03013495171069394,0.017362243804347616
2025-07-02,157.04083251953125,157.39037305932783,152.7665268185242,152.77650803107835,171224100,147.0941177368164,132.69134689331054,147.47788273892726,69.74503524846102,6.40391672071857,6.010237231119156,158.99626105173573,135.19197442189707,4.052061622562758,0.025766382486490436,0.025440023440004986,0.0172207712624868
2025-07-03,159.1280517578125,160.76586971787668,157.56014800239086,158.15934077500395,143716100,147.96445083618164,133.89887573242189,148.58742264548778,71.60303021387926,6.557040114949814,6.119597807885288,160.68533795610463,135.24356371625865,4.028702735118663,0.013290933350226908,0.013203383786024163,0.017306689025135193
2025-07-07,158.02952575683594,159.09809459400483,157.1307137305003,157.98957042846925,140139000,148.8762222290039,135.00814086914062,149.4866705608543,69.19453047660568,6.5146527785579735,6.198608802019826,161.73724372962144,136.01520072838636,3.8836052559896292,-0.006903408851184123,-0.006927347614395662,0.016970093529707377
2025-07-08,159.7871856689453,160.0068942683196,158.1793265036118,159.11807865757584,138133000,149.78949890136718,136.07826370239258,150.46767199972012,70.88218362767957,6.5474144563843595,6.268369932892733,163.02057828126797,136.5584195214664,3.7474454885249173,0.011122351368781036,0.011060952863149367,0.016949061167206486
2025-07-09,162.66334533691406,164.2012901564699,160.9456320255445,161.0055497766517,183656400,150.8011459350586,137.11443756103515,151.62916469850052,73.44579125334658,6.727905266298478,6.360276999573882,164.70379580771805,136.89849606239915,3.7950639884534647,0.01799993945652001,0.01783985865536264,0.017152688362130394
2025-07-10,163.88172912597656,164.28119097215313,161.3950357038234,164.10143771292147,167704100,151.80730590820312,138.22051544189452,152.7960755963554,74.47115900294386,6.889837168734175,6.466189033405941,166.42013877686963,137.1944730395366,3.730141937016055,0.007490217212359207,0.007462304828640099,0.0171433941232071
2025-07-11,164.7006378173828,167.66668863474402,163.25256951238498,163.50223698698784,193633300,152.91033706665038,139.3371795654297,153.9298434269294,75.16528999211695,7.003516279430073,6.573654482610768,167.91393427656436,137.9067398567364,3.7789974502548396,0.004996949298580855,0.0049845059826317175,0.016809764964170328
2025-07-14,163.85177612304688,165.2698855378492,161.80449980139463,165.15003478890583,136975800,153.86256942749023,140.43886383056642,154.8747893979882,72.95103351702036,6.945053495618794,6.647934285212373,169.10368371050868,138.62145514447178,3.7565966135548208,-0.005153967255895786,-0.005167294757861245,0.01692541927487127
2025-07-15,170.4729461669922,172.17068192225182,168.97494134085255,170.96229989605533,230627400,155.29715881347656,141.61924667358397,156.36032813789336,78.31664828991495,7.348287916416211,6.788005011453141,171.11007134069655,139.48424628625656,4.082475841101258,0.04040951035509699,0.039614395606997935,0.017282223909119564
2025-07-16,171.14205932617188,171.52155877211666,168.67534340451817,170.83247408910898,158831500,156.6293846130371,142.75529251098632,157.76811206058656,78.77486279457685,7.633847695648825,6.957173548292278,173.05603173970715,140.20273748636706,3.9941715215653457,0.003925040155780657,0.003917357282829712,0.017164675378146897
2025-07-17,172.7698974609375,173.92835823409905,170.60278554683865,171.79120519874627,160841100,158.07146530151368,143.93747604370117,159.19685352728666,79.8883529645195,7.900437485619818,7.145826335757787,174.84513475843895,141.29779584458842,3.9464144619721355,0.009511619418247186,0.009466668777072643,0.016907594604467967
2025-07-18,172.18069458007812,174.0182436825287,171.03221496217563,173.4090543863528,146456400,159.41617584228516,145.11346771240235,160.4334098180287,78.2874451370101,7.972268715350509,7.311114811676332,176.1865640573434,142.64578762722692,3.877815480427916,-0.0034103329892442025,-0.0034161614298479494,0.017144850072319775
2025-07-21,171.1520538330078,173.1493936504508,170.7725543913757,172.52022673163836,123126100,160.79084548950195,146.19858520507813,161.45423305755054,75.44496986321383,7.855637867477498,7.420019422836566,176.6519099325904,144.9297810464135,3.770602893188429,-0.005974193271661488,-0.005992110159224309,0.016863399282573657
2025-07-22,166.80784606933594,171.16204780548466,164.36110765827524,171.11211125862738,193114300,161.9323257446289,147.19062698364257,161.96410096343487,64.75219089642212,7.3281909956319,7.401653737395632,175.97047311543946,147.89417837381836,3.987055554189928,-0.025382153858991896,-0.02570983749370646,0.01849216451898564
2025-07-23,170.55284118652344,171.03219846298632,167.74658125695927,169.30450383433347,154082200,163.07480545043944,148.27194869995117,162.78207622277665,68.85076704655532,7.130183045606827,7.347359599037872,175.9673561447222,150.18225475615668,4.0040053284371036,0.022450953030295873,0.02220264008780086,0.01832884214498884
2025-07-24,173.5089111328125,173.59878776513457,171.07215417768242,172.21063723590794,128984600,164.04501342773438,149.2855694580078,163.80367954754198,71.65271746941272,7.129604812150319,7.303808641660362,177.01167793111,151.07834892435875,3.9355725605923917,0.017332282040708913,0.017183791372874523,0.016471471819482476
2025-07-25,173.26922607421875,174.4876045602178,172.72995103806022,173.3790803717594,122316800,164.9677848815918,150.15599060058594,164.70516016913024,71.0943002353027,7.028782546937322,7.2488034227157545,177.80143238144333,152.13413738174026,3.7800069149899045,-0.0013813991283150306,-0.0013823541396934624,0.016553781712951975
2025-07-28,176.514892578125,176.7645600358027,173.7385916678285,173.78852820706248,140023500,165.91652069091796,150.98327667236327,165.8298965890345,74.04420562375363,7.1286042249659545,7.224763583165795,179.21070645996028,152.62233492187565,3.759673132603765,0.018731927056198527,0.01855864510264024,0.016597807706475554
2025-07-29,175.27655029296875,179.14141320408203,174.78721179005433,177.7233037615148,154077500,166.79135513305664,151.7959814453125,166.7295778941711,71.06433249775287,7.026789297825303,7.185168726097697,180.13133340018757,153.4513768659257,3.8021394384197604,-0.007015511649297035,-0.007040236055244424,0.016822770633750955
2025-07-30,179.03155517578125,179.65072563032518,175.80584046425426,176.27521653092245,174312200,168.08812789916993,152.67240234375,167.90119477813397,74.4253507305919,7.166486946155146,7.181432370109187,180.8819169283285,155.29433887001136,3.8429991454866657,0.021423315763210438,0.021197062230718208,0.014994102845010474
2025-07-31,177.63340759277344,183.05619299307685,175.69598557745124,182.65671589592668,221685400,169.11775665283204,153.51746520996093,168.82807218905202,71.11316585377246,7.0827341631975,7.16169272872685,181.49735366105386,156.73815964461022,4.0942283076394475,-0.0078095036466339085,-0.00784015751888624,0.014773704442078803
2025-08-01,173.4889373779297,176.3051785902702,170.66269971388826,173.85844036702034,204529000,169.8358009338379,154.3034051513672,169.27196411180228,62.26704932474288,6.605787958121226,7.0505117746057255,181.45710357753546,158.21449829014034,4.299691134156999,-0.023331592131278556,-0.02360808283998426,0.016071906005981542
2025-08-04,179.76058959960938,179.9603205403546,174.28788258302183,174.9270307365029,148174600,170.92235412597657,155.26630584716796,170.27088082492676,68.62703132874591,6.657135262903466,6.971836472265274,181.9747268612788,159.86998139067433,4.454811993318993,0.03615015641036212,0.03551207195474499,0.01730682659136633
2025-08-05,178.02288818359375,180.0202279532499,175.6660266458598,179.38107983649965,156407600,171.834139251709,156.17388153076172,171.0091672400379,65.34080500367791,6.4828797874478425,6.874045135301787,182.03779820746644,161.63048029595154,4.447625515752643,-0.009666754097136132,-0.009713780471523306,0.017642238399086886
2025-08-06,179.1813507080078,179.66070799076476,176.01556896990587,176.09546439011424,137192300,172.66003952026367,157.13538330078126,171.7874704274636,66.49275209919625,6.364888835264111,6.772213875294252,182.42537730767282,162.89470173285451,4.39030505183166,0.006507379675917635,0.006486298088631934,0.017401414541143266
2025-08-07,180.52957153320312,183.6354356942093,178.5621905082108,181.32851054269395,151878400,173.492431640625,158.03976745605468,172.62005148515308,67.83271328360887,6.307461815075754,6.679263463250553,182.95628263685742,164.02858064439258,4.439086489986435,0.007524336767571027,0.00749617014752595,0.017401674205156186
2025-08-08,182.4569854736328,183.05619350177665,180.16004168373897,181.3085211979325,123396700,174.3802490234375,158.99648040771484,173.5569023411988,69.69831481316677,6.34434304732622,6.6122793800656865,183.70897424272087,165.05152380415413,4.328876870561524,0.010676444440988364,0.010619853644031441,0.01744804044083808
2025-08-11,181.8178253173828,183.59545638109407,180.01023537809715,181.80784410502207,138323200,175.2785514831543,159.85293273925782,174.3436569103592,68.28401051427674,6.249951259020207,6.53981375585659,183.8044581729534,166.75264479335522,4.275758594306909,-0.0035030730919445308,-0.003509223219586762,0.017399939847739607
2025-08-12,182.9163818359375,184.234618174838,179.22130626788388,182.7166509044063,145485700,175.90072326660157,160.81244232177735,175.1601069032714,69.43211998199749,6.192407201183414,6.470332444921955,184.74330297952042,167.05814355368273,4.328440973781711,0.00604207269907131,0.006023892571502235,0.015330109367046619
2025-08-13,181.3484649658203,183.7253042235628,179.11145412417423,182.3770937521473,179871700,176.411043548584,161.69565673828126,175.74947433779988,65.77251034999847,5.951678092712967,6.366601574480158,185.27423204049853,167.54785505666945,4.348827339896487,-0.008571768446215433,-0.008608717349844527,0.015570673525991539
2025-08-14,181.7778778076172,182.77654758863488,179.22128560637054,179.5108931379294,129554000,176.86144256591797,162.51076721191407,176.323608001592,66.29645641087404,5.72950242994969,6.239181745574065,185.85330923365805,167.86957589817789,4.292144100065619,0.002367887932648305,0.002365088903671358,0.015495560749904744
2025-08-15,180.20997619628903,181.658044469753,177.8031781362909,181.6380820439347,156602200,177.2629066467285,163.2805389404297,176.69373830584885,62.53249019077967,5.365064931098175,6.064358382678887,186.09860852552953,168.4272047679275,4.269469498012809,-0.008625370866016668,-0.008662784671288375,0.015646196552937648
2025-08-18,181.7678985595703,182.69666946783065,180.3497891649352,180.359785616326,132008000,177.79369888305663,164.1200149536133,177.17699166334612,64.67838133462115,5.142675342104752,5.88002177456406,186.36884623474836,169.2185515313649,4.142128338979152,0.008645039504274532,0.008607885130718305,0.01557584658664675
2025-08-19,175.4063720703125,182.25724785967336,175.25657768801665,182.1873336556069,185229200,178.22362518310547,164.79770935058593,177.00836122591437,51.66597302255097,4.402360299253388,5.584489479501926,185.2802447039918,171.16700566221914,4.34630989845612,-0.03499807468573979,-0.03562518250083032,0.01661591315772789
2025-08-20,175.16668701171875,175.76589502196344,168.57547509149074,174.93699721113848,215142700,178.45431747436524,165.45243499755858,176.83296368170528,51.24762608140857,3.753051867282551,5.218201957058051,184.75382476476977,172.1548101839607,4.549460615028733,-0.0013664558234958157,-0.0013673902756099587,0.015962540837023576
2025-08-21,174.7472381591797,176.66468235557974,173.57879631630271,174.61742144674352,140040900,178.5162338256836,166.07220916748048,176.63432315575045,50.47734152434975,3.168104305652321,4.808182426776906,184.6420428495448,172.3904248018224,4.4449195739036105,-0.002394569764917698,-0.0023974413321251535,0.015533642571433718
2025-08-22,177.75326538085938,178.35245819257523,170.9722880586796,172.38041630972646,172789400,178.7404357910156,166.7744741821289,176.7408890819513,55.62504950069524,2.9135053470657795,4.429247010834681,184.39151322921776,173.08935835281346,4.6545803281887554,0.017202144384917073,0.017055862688769675,0.01596682121319437
2025-08-25,179.57083129882812,181.6680441727565,176.33515059315872,178.11278178635797,163012800,178.8932327270508,167.46974822998047,177.01040738832054,58.43815921531082,2.825821901776777,4.1085619890231,184.45997247481168,173.3264929792899,4.703031274717972,0.010225218164484184,0.010173294276644033,0.015589653462652817
2025-08-26,181.5282287597656,182.14739921043056,178.57215920342722,179.82049655621498,168688200,179.20581665039063,168.26468963623046,177.44067609036293,61.28462393057747,2.8810666135849488,3.8630629139354697,184.62525564676878,173.78637765401248,4.622474755595499,0.010900419888796531,0.010841438539146327,0.015621103681328736
2025-08-27,181.3584442138672,182.24725973827816,178.86176968029795,181.73792838079515,235518900,179.32216110229493,169.0019076538086,177.81379686403,60.895043801005365,2.877972773151157,3.666044885778607,184.8209666619242,173.82335554266567,4.534118705765835,-0.0009353065749519995,-0.0009357442470729301,0.01493299908273975
2025-08-28,179.93035888671875,184.22464261974773,176.17536544772958,180.57950348224864,281787800,179.4370086669922,169.72194915771485,178.01537419952416,57.57950667810287,2.728830076934514,3.478601924009789,184.88565124619976,173.98836608778464,4.7852014533552865,-0.007874380116893676,-0.007905546767859262,0.014934963641341645
2025-08-29,173.94830322265625,177.91302365652732,172.91967451951007,177.87308356836775,243257900,179.45997695922853,170.295185546875,177.6280341064891,46.225806509465606,2.1036815858773252,3.2036178563832967,184.81113224244947,174.10882167600758,4.944164518630529,-0.033246505487318556,-0.03381173379975708,0.01590912953457761
2025-09-02,170.55284118652344,172.15071909272382,166.99757884564528,169.77387989783634,231164900,178.9995895385742,170.83306915283202,176.95420620934954,41.253443778517045,1.3190562343219199,2.8267055319710215,185.6053731029612,172.39380597418722,5.087490222800561,-0.019519949164359285,-0.019712979462313325,0.014060596010690294
2025-09-03,170.39306640625,172.18069419661035,168.65539040087648,170.83248363379096,164424900,178.61809844970702,171.3613656616211,176.3293357519115,41.029792359545134,0.6765437258812028,2.3966731707530577,186.21269479672029,171.02350210269375,4.975905478010083,-0.0009368051517751885,-0.0009372442279620256,0.013962564776618142
2025-09-04,171.4316864013672,171.6314173426514,169.18467902530818,170.34313981864827,141670100,178.230615234375,171.8359344482422,175.86289295662158,43.186044816199214,0.2482937120309714,1.9669972790086405,186.4368795312289,170.0243509375211,4.795250680819592,0.0060954357886893185,0.006076933767151556,0.013949506074642529
2025-09-05,166.79786682128906,168.8051880252559,163.85179338392152,167.8065180303181,224441400,177.5440299987793,172.0897967529297,174.99955713420894,36.73267401943532,-0.4597087862571527,1.481656065955482,187.0593693941696,168.028690603389,4.994153704864312,-0.027030123061550726,-0.02740215622865982,0.014806390823299173
2025-09-08,168.08612060546875,170.73260486035574,167.12740607965867,167.32713700266137,163769100,176.8254867553711,172.35524322509767,174.34113460766227,39.44200262899851,-0.9064060681009494,1.0040436391441956,186.90216527349955,166.74880823724263,4.918481157307338,0.007723442803737823,0.007693769707076887,0.014668065783604686
2025-09-09,170.53285217285156,170.75256075129445,166.51821048710502,168.86507540993838,157548400,176.26123809814453,172.61509674072266,173.9784410424422,44.3190649510526,-1.0508722913143629,0.5930604530524839,186.42001287186883,166.10246332442023,4.869614664941772,0.014556416428491259,0.014451488819847015,0.015244183414394371
2025-09-10,177.09413146972656,179.05151589898875,175.2366048852674,176.4050468150653,226852000,175.970125579834,173.00138214111328,174.27517346408834,54.82572881548183,-0.6286754306475189,0.3487132763124834,185.67281971855323,166.26743144111475,5.130261026455732,0.03847516307429433,0.037753447894249226,0.017780532804251677
2025-09-11,176.9443359375,180.0503753259473,176.25521235533765,179.45113345293117,151159300,175.74991912841796,173.47834686279296,174.52937941393708,54.5725498717113,-0.3026795232297843,0.21843471640402984,185.14953722058436,166.35030103625155,5.034896879609583,-0.0008458526038293002,-0.0008462105389974989,0.01770176704832463
2025-09-12,177.59349060058594,178.37249577533527,176.22522541777622,177.5435512454145,124911000,175.54069976806642,173.88940002441407,174.82119952695126,55.5309244289086,0.007964132608407226,0.1763405996449053,184.57343043506685,166.50796910106598,4.82863784232026,0.0036686942232229125,0.0036619809787885797,0.017717481442541108
2025-09-15,177.52357482910156,178.62217970015598,174.28769658655634,175.44622258887705,147061600,175.40637969970703,174.25731048583984,175.07856860334653,55.395373634300306,0.24567782840188102,0.19020804539630048,184.2349688286912,166.57779057072287,4.793341075983073,-0.00039368431381092694,-0.00039376182782509923,0.017626742220265293
2025-09-16,174.65724182128906,177.27389957504343,174.15787872389456,176.77453647764895,140737800,175.05084686279298,174.58986480712892,175.0384422431506,50.006143815066615,0.20046765977181735,0.19225996827140387,183.38492321756786,166.7167705080181,4.691366435213354,-0.016146210499489166,-0.016277980876145105,0.017812915322229835
2025-09-17,170.0730743408203,172.97937117956877,168.1954794867923,172.42008695754546,211843800,174.78418197631837,174.79558258056642,174.5655500619763,42.8295943345009,-0.20292651819252683,0.11322267097861774,183.39247752549466,166.17588642714207,4.817823285162169,-0.026246649910796838,-0.026597241403402035,0.01704658050291419
2025-09-18,176.01551818847656,176.87442336525442,172.73969733735942,173.7583871307785,191763300,174.82662353515624,175.06262603759765,174.7036422645001,52.371745230272964,-0.042622430252492904,0.08205365073239562,183.45040013658527,166.20284693372722,4.959503695110164,0.03494053288969079,0.03434396892143857,0.018884943489079382
2025-09-19,176.4449462890625,177.8531538116004,174.95683884616588,175.54609885389235,237182100,174.9115089416504,175.31389038085936,174.86948074302987,52.9824690822509,0.11771403903787814,0.08918572839349213,183.56386319017668,166.25915469312412,4.812133071561904,0.0024397172760990404,0.002436745997643716,0.018878082416249494
2025-09-22,183.3761138916016,184.314918935884,174.48745701577195,175.07670180251023,269637000,175.1926513671875,175.68739990234374,175.6796362809891,61.55196032531117,0.7949059643079579,0.2303297755763853,184.53405710979573,165.85124562457926,5.170370846458344,0.039282324307458705,0.03853040216217547,0.02047495261174227
2025-09-23,178.2027130126953,182.18763613663097,175.9855548133895,181.73821238324945,192559600,175.12424545288087,175.97441864013672,175.91992930305634,53.686648758184745,0.9037177334893443,0.3650073671589771,184.35579711502157,165.89269379074017,5.328955720155039,-0.028211967028401563,-0.028617571377575538,0.021420325158766955
2025-09-24,176.74456787109375,179.5509859124944,175.17656050171237,179.54100413716742,143564100,174.88506240844725,176.09985107421875,175.9984663095361,51.682069449594465,0.8623510714553788,0.46447610801825745,183.67799141331335,166.09213340358116,5.260774983771253,-0.008182508094013552,-0.008216168557129732,0.021326281278658883
2025-09-25,177.4636688232422,180.03038734713982,172.90947958662534,174.2577508730865,191586700,174.69032363891603,176.22628326416014,176.13800940607953,52.62160047476287,0.8774781093898696,0.5470765082925799,183.06366320804355,166.3169840697885,5.393641610681485,0.004068588702951903,0.004060334377331126,0.021357883649886677
2025-09-26,177.96302795410156,179.54101721374016,174.70717071687335,177.94304916264082,148573700,174.59195709228516,176.33014587402343,176.31182069636733,53.30068082622515,0.9191649431746782,0.6214941952689996,182.760472040378,166.4234421441923,5.353656245409008,0.0028138668279011902,0.0028099153155892965,0.021307035568523352
2025-09-29,181.61837768554688,183.7656330630971,180.09032771672483,180.20017297627672,193063500,174.9754608154297,176.5188995361328,176.8172070762892,58.04157812360489,1.2329456041393598,0.7437844770430717,183.6891050154449,166.2618166154145,5.385724021379475,0.02053993896073769,0.020331839161166973,0.020305212204242664
2025-09-30,186.3423309326172,187.11135435179563,181.2488213615314,181.848063160254,236981000,175.7649353027344,176.822705078125,177.72436172927283,63.235967258126806,1.84157406643763,0.9633423949219834,185.53037178841407,165.9994988170547,5.419781804871242,0.026010326197546618,0.025677811217956793,0.020275972048084078
2025-10-01,187.00149536132807,187.90034282726023,183.6657383394342,185.00404300205489,173844900,176.5953567504883,177.22657806396484,178.60789826565903,63.90740583543819,2.3500160461247788,1.2406771251625424,187.18242489677692,166.00828860419966,5.335126282225155,0.003537384261599996,0.0035311424333918265,0.020235950474641343
2025-10-02,188.6493988037109,190.806651138866,187.8204541960536,189.3585011391996,136805800,177.45624237060548,177.58850921630858,179.5642316502354,65.59892840975903,2.853043899732114,1.5631504800764568,188.982247897229,165.93023684398196,5.225842674747495,0.00881224740582276,0.00877364616369381,0.020253828249372323
2025-10-03,187.3809967041016,190.11751186051177,185.1438598655547,188.94900408551683,137596900,178.4853988647461,177.8659509277344,180.30868546488932,63.14583391671701,3.1134576471795015,1.873211913497066,189.69218729355237,167.2786104359398,5.207829054762464,-0.006723594708770264,-0.006746299902583947,0.0190365468853561
2025-10-06,185.3036499023437,186.9914995955013,183.09647356463947,185.2637075602064,157678100,179.34627532958984,178.10663940429689,180.7843963636945,59.23868740996699,3.1162902383763083,2.1218275784729146,189.8484839314366,168.8440667277431,5.141878632241011,-0.011086219191363877,-0.011148129310685966,0.019408236147013456
2025-10-07,184.8042907714844,188.8191743935438,183.76562222076905,185.99277739696944,140088000,180.0598472595215,178.27242736816407,181.16724345015066,58.30477152097862,3.0431613094918646,2.3060943246767045,189.9937461358341,170.12594838320888,5.135569599421991,-0.0026948154076967823,-0.0026984529592271713,0.019347480678955784
2025-10-08,188.86911010742188,189.35849142592937,186.30237648821537,186.33235229407293,130168900,180.64859619140626,178.54427856445312,181.90075456036698,63.36747127207449,3.275445756002,2.4999646109417637,191.18697244304653,170.11021993976598,5.094043246209346,0.021995264931179204,0.021756858631033292,0.018123225666546314
2025-10-09,192.32470703125,195.0512252247688,190.816620752273,191.9851285494953,182997200,181.41761474609376,178.8101416015625,182.8935119385463,67.03227945378359,3.695768131026142,2.7391253149586396,192.95944388771818,169.87578560446934,5.171762665576317,0.0182962524780399,0.018130890013948877,0.01839183729469185
2025-10-10,182.9266967773437,195.3708168536685,181.81811007166195,193.26350393527704,268774400,181.68427505493165,178.91600738525392,182.89667239938416,51.84205808383825,3.233264693698942,2.8379531907067004,193.10618687706415,170.26236323279915,5.770401531035619,-0.048865329883899244,-0.05009961750745795,0.02190755245825685
2025-10-13,188.0801239013672,189.8678370807686,185.72312947730663,187.73056363822363,153482800,182.21210250854492,179.20783111572266,183.39033444719206,57.52598331165832,3.245157729120308,2.9193940983894224,193.79073600342957,170.63346901366026,5.854025729063425,0.02817208868258403,0.027782554465117817,0.022680775814843283
2025-10-14,179.8006591796875,184.5645869600227,179.47107773683655,184.5346263960681,205641400,182.46927337646486,179.2086325073242,183.04846061219163,47.77083130824219,2.5570236596540497,2.846920010642348,193.58448970240866,171.35405705052105,6.050812903025369,-0.04402094463751838,-0.04501927478738404,0.024695135959366815
2025-10-15,179.60093688964844,184.63451030281777,177.06416377208902,184.56460739230212,214450500,182.94566650390624,179.24019348144532,182.72012501956848,47.561307809066506,1.972815147224054,2.6720990379586893,192.61792337906687,173.2734096287456,6.159351019289896,-0.0011107984306079066,-0.0011114158244270305,0.023819758150363683
2025-10-16,181.5784149169922,183.0465437061986,179.5410200965125,181.99787810828644,179723300,183.22381134033202,179.288134765625,182.61139072408503,49.904142093714704,1.6503672362795498,2.4677526776228618,192.38959440041938,174.05802828024466,5.96979191860391,0.01101039928627312,0.010950226124179306,0.02270590294939492
2025-10-17,182.9866180419922,183.8655019863948,179.52103686227596,179.9504818191574,173135200,183.5508949279785,179.33727569580077,182.6471266591238,51.5637243450341,1.4912647948127358,2.272455101060837,192.17668731284638,174.92510254311063,5.853697147569262,0.007755344299286593,0.007725426200566742,0.02274481193947806
2025-10-20,182.4073486328125,184.96408521149223,181.4985041529273,182.89672994644727,128544700,183.50245666503906,179.33628295898438,182.62429065661797,50.817938763758,1.3034078887168619,2.078645658592042,192.1424994397758,174.86241389030232,5.683117426926096,-0.0031656380962610253,-0.0031706593282750787,0.021003454794330394
2025-10-21,180.92922973632807,182.55714296878105,179.5709615871908,182.55714296878105,124240200,183.6387825012207,179.31851104736327,182.46285628325703,48.875383680797896,1.023460282355586,1.8676085833447509,192.02226882995384,175.25529617248756,5.490479137973535,-0.008103395546085634,-0.008136406510658388,0.020043900482100214
2025-10-22,180.05035400390625,183.20633238125785,176.53483359319367,180.9092591258601,162249600,183.80407180786133,179.26119049072267,182.2330941614141,47.70764133418959,0.7223550020519554,1.6385578670861918,191.75661137376812,175.85153224195454,5.574837684408581,-0.004857566318624218,-0.004869402639927661,0.01997782179238919
2025-10-23,181.927963256836,182.7968501503985,179.5609718650331,180.1901742303588,111363700,184.02728652954102,179.27278045654296,182.2040340752638,50.43233533314919,0.6279951359275344,1.4364453208544605,191.49102560302072,176.56354745606131,5.407769155905497,0.010428245272369852,0.01037424620852409,0.020077601369209643
2025-10-24,186.0227203369141,187.23118563906056,183.26624175096785,183.60580497197225,131296700,184.43027114868164,179.3576773071289,182.56771848113524,55.83674417877125,0.8735571146006293,1.3238676796036943,191.39440205970675,177.46614023765653,5.400301529214,0.022507573914282375,0.022258016158518117,0.020624163978975762
2025-10-27,191.2460784912109,191.75542334831323,188.18996363054163,189.74798924630224,153452700,184.91165618896486,179.57839935302735,183.3942289582853,61.58984683451625,1.472672054763052,1.353628554635566,192.34683541305577,177.47647696487394,5.424044492227225,0.02807914078902063,0.027692149273092142,0.02103750570561301
2025-10-28,200.77394104003903,202.8912358579665,191.6655623251096,192.80410966447576,297986200,185.63323669433595,179.95852020263672,185.04943963273803,69.41624885633311,2.685338925682686,1.6199706288449902,195.78765575631706,175.47881763235483,5.86840969755068,0.04981991068259206,0.04861863582365977,0.023002083942574844
2025-10-29,206.7762756347656,211.9197249544373,204.5191598009532,207.715080745974,308829600,186.62197570800782,180.58591827392578,187.1186621091216,73.13060394731512,4.083650613581597,2.1127066257923115,200.34177891027878,172.90217250573687,6.245364998754079,0.0298959843276152,0.029457811052411947,0.023718786591599587
2025-10-30,202.63156127929688,205.89740027142088,201.1534507471854,204.8886770404504,178864400,187.32108383178712,181.13521575927734,188.59608107770973,67.07301775040958,4.802024145674949,2.6505701297688393,202.70670271388593,171.9354649496883,6.200897847955945,-0.020044438573744494,-0.02024805382906971,0.02436328249788359
2025-10-31,202.2320709228516,207.7050861560208,201.81260775338424,206.18701808603035,179802200,188.06363754272462,181.68491241455078,189.89474677724704,66.50124089746897,5.278260313089447,3.176108166432961,204.76628744105548,171.36098764439376,6.178867887575989,-0.0019715110218918586,-0.0019734570078557482,0.0242776099064985
2025-11-03,206.6164703369141,211.07078042213968,205.2981445069072,207.81493866642376,180267300,189.12927856445313,182.26217651367188,191.48729187816772,69.56747433084784,5.940981362606209,3.729082805667611,207.61587276296004,170.64268436594622,6.368856574126853,0.021680040134361755,0.021448370488581326,0.024304288229393928
2025-11-04,198.43690490722656,203.7101778590782,197.67786326579136,202.7414122562426,188919300,189.81090927124023,182.63949798583985,192.14915978569712,58.761284785925426,5.740002818832522,4.131266808300594,208.61199863127473,171.00981991120574,6.55241018105513,-0.039588157789888334,-0.0403930842132333,0.026296619120289758
2025-11-05,194.9613494873047,202.66152000582164,194.40205001057663,198.5168123443512,171350300,190.1155212402344,182.9081604003906,192.4169873763264,54.861734297614255,5.239875575040742,4.3529885616486235,209.0426926366222,171.18834984384657,6.674343024925837,-0.01751466251475131,-0.017669859029216153,0.02634935628217726
2025-11-06,187.8404235839844,197.36826472822915,186.1425921093966,196.169796348482,223029800,189.89130706787108,183.03779998779297,191.9811241580081,47.85455149945441,4.220273239895818,4.326445497298062,208.81472754581682,170.96788658992534,6.999437995919174,-0.03652480823530602,-0.03720853949792168,0.02738713783949434
2025-11-07,187.91033935546875,188.08013622996737,178.68211848431696,184.66447901682176,264942300,190.14048919677734,183.19739959716796,191.59343036729007,47.9248793865909,3.3789225460984653,4.136940907058142,208.82018841725204,171.46078997630264,7.1707651208999765,0.0003722083359394279,0.0003721390836004222,0.0249451958735846
2025-11-10,198.7964630126953,199.6853287651845,193.5431531870904,194.8614791513322,198897100,190.67630615234376,183.69436279296875,192.27943347637628,57.52952010163502,3.5496471370491065,4.019482153056336,209.7004728683442,171.6521394363433,7.499638284386817,0.05793254216114918,0.05631657163129625,0.027379930127172894
2025-11-11,192.91395568847656,195.17107140540628,191.05632435423007,194.91140808059745,176483300,191.33197097778321,184.1415850830078,192.33986416324296,51.953323575982736,3.1736940569496994,3.8503245338350087,209.7043635671943,172.95957838837214,7.5168168825352755,-0.029590603550341266,-0.030037238330691364,0.026238375981940107
2025-11-12,193.5531463623047,195.6404805249176,190.88654915774768,195.4706988945922,154935300,192.02958145141602,184.60478668212892,192.4554148488679,52.492170178433454,2.893966038750392,3.6590528348180857,209.6097253595336,174.44943754329844,7.319467917152035,0.003313345950255231,0.003307868914437253,0.02621298452188747
2025-11-13,186.62196350097656,191.1961309619508,183.61580336420005,190.80662838449905,207423100,192.28175888061523,184.9085922241211,191.89984805383062,46.41351054738851,2.0889113684455936,3.3450245415435877,209.3934559326456,175.17006182858486,7.506458994362935,-0.03581023089314139,-0.03646714782519775,0.02761397879137816
2025-11-14,189.92776489257807,190.7666912663996,180.3499840264004,182.62707860640327,186591900,192.62881622314453,185.37119018554688,191.7120306099018,49.42187277630544,1.698075924449114,3.0156348181246933,209.24677968746911,176.01085275881994,7.71433386905124,0.017713892457166258,0.01755882995992223,0.027817367550270925
2025-11-17,186.3623046875,188.75924133892028,184.08521029684528,185.73310233977776,173628900,192.8265640258789,185.7367138671875,191.2025329030064,46.39646949220973,1.088090350263883,2.6301259245525315,209.0425575616729,176.61057049008488,7.580635349528493,-0.01877271712798112,-0.018951161366741503,0.028193029262765044
2025-11-18,181.1289825439453,184.5646030780414,179.42115405263684,183.14641371605563,213598900,192.83655166625977,185.94863647460937,190.24314715452437,42.3030838437078,0.18030854308005928,2.140162448258037,209.0234419546043,176.64966137791524,7.534957869909541,-0.028081441428459142,-0.028483265509903405,0.0288944570298354
2025-11-19,186.2823944091797,187.6206837111527,182.59709270204067,184.5545873026742,247246400,193.14815368652344,186.13240173339844,189.8659326073487,47.23946812178581,-0.1218729353282697,1.6877553715407758,208.55987193170057,177.73643544134632,7.460439534002245,0.028451613832612743,0.02805438362998455,0.029525539776611025
2025-11-20,180.409896850586,195.7503316108911,179.62090987236718,195.70039225393623,343504800,193.07225036621094,186.20171295166017,188.9653577733713,42.7508394298007,-0.8256972842216612,1.1850648403882884,208.7174450534163,177.42705567900558,8.079652548610936,-0.03152470515111816,-0.032032305134798766,0.030381688224059164
2025-11-21,178.6521453857422,184.32490281868388,172.70971237567008,181.00913979899244,346926200,192.70372161865234,186.2228860473633,187.98314706978758,41.48035185897059,-1.5079364518126397,0.6464645819481029,209.3132843417407,176.09415889556396,8.332190969639711,-0.009743098884977264,-0.009790873441004037,0.029978352300800898
2025-11-24,182.3174743652344,183.26626122561635,176.25519889972114,179.2613745727385,256618300,192.2572914123535,186.31876403808593,187.44355919316348,45.14144132942781,-1.732878941426577,0.17059587727316683,209.46863232002985,175.04595050467717,8.237824637943676,0.02051656850567407,0.020308938810315195,0.029630027365078564
2025-11-25,177.59349060058594,177.93305383278917,169.3340211059625,174.68719385821646,320600300,191.09826889038087,186.37748901367186,186.50545742244182,41.53481586398597,-2.2662100362649653,-0.3167653054344596,208.96879405579728,173.22774372496445,8.576798110895693,-0.025910756942502222,-0.02625235422123867,0.027419267193150725
2025-11-26,180.03038024902344,182.67701383620675,178.01296428701193,181.3986455127995,183852000,189.76097412109374,186.57663513183593,185.88878340592578,44.019518402441406,-2.463840522815559,-0.7461803489106795,206.71803439662594,172.80391384556154,8.327278476947487,0.013721728427074753,0.013628437947211431,0.02653658322574842
2025-11-28,176.7745361328125,179.0616124091028,176.27517303639212,178.7819702942556,121332800,188.46812286376954,186.59181549072267,185.02075985610546,41.4828808653958,-2.8503267249923567,-1.1670096241270151,205.24474788965261,171.69149783788646,8.000701958067761,-0.018084970501686226,-0.01825050237722547,0.026487784623221797
2025-12-01,179.69082641601562,180.07034727044882,173.45876908321011,174.53739527000454,188131000,187.34106063842773,186.65673309326172,184.51314714752547,44.56432500098477,-2.888008408094805,-1.5112093809205733,203.27508095885048,171.407040318005,7.901478831579972,0.016497230579703537,0.016362629615955304,0.026970435614970197
2025-12-02,181.22885131835932,185.42349804109853,179.77070445469002,181.52845696763603,182632200,186.0716796875,186.61378784179686,184.20035706855728,46.17415320614143,-2.761927872354562,-1.761353079207371,199.51084738207462,172.63251199292537,7.746564031115895,0.00855928448335419,0.008522861496818412,0.02642740027660879
2025-12-03,179.36123657226562,182.2175941452396,178.88185225801445,180.8493441127912,165138000,185.11789627075194,186.63695831298827,183.73948844986285,44.48483753259986,-2.7806553768349715,-1.9652135387328913,197.58379645935807,172.6519960821458,7.431505306552269,-0.010305283802814147,-0.01035875088611864,0.025266110564868313
2025-12-04,183.1566162109375,184.2952268834804,179.74078419330877,181.3987504426599,167364900,184.52765960693358,186.76519927978515,183.68397680806044,48.600356355459425,-2.4608742154160836,-2.06434567406953,196.16362797593237,172.8916912379348,7.253111378313878,0.021160534523537944,0.020939759460909875,0.025712938708762654
2025-12-05,182.1877899169922,184.43504894381925,180.6896172324408,183.66598269849337,143971100,184.245027923584,186.85968170166015,183.5414828184349,47.62969847144634,-2.2595745572354815,-2.1033914507027203,195.81984343875573,172.67021240841225,7.002562830675632,-0.005289605770121497,-0.005303645265539134,0.024475922889340945
2025-12-08,185.323974609375,187.7709870845105,182.17780264974235,182.41751577930148,204378100,184.1157096862793,187.00690063476563,183.71124394138158,51.0386477077836,-1.8259310369638797,-2.0478993679549524,195.58110915580835,172.65031021675026,6.901892945253668,0.017214022376646154,0.017067539740813674,0.0248217222649737
2025-12-09,184.7446746826172,185.4937610485011,183.09669077375293,185.33395229946427,144719700,183.4131202697754,187.06942657470702,183.80966591673734,50.38621797146797,-1.5115854692336086,-1.9406365882106837,192.71124229469268,174.1149982448581,6.58011989736042,-0.003125876875773148,-0.0031307726339145528,0.02067846460556891
2025-12-10,183.55612182617188,185.2540478736652,181.8182359713298,184.74467463147755,162785400,182.94522857666016,187.01370239257812,183.78551886049303,49.0021747501376,-1.342890617318261,-1.8210873940321992,191.1629105979289,174.7275465553914,6.355526469144346,-0.006433489130266867,-0.006454273212194532,0.019766195781519814
2025-12-11,180.70957946777344,181.09911899111663,176.40483245042134,180.060377409269,182136600,182.30305023193358,186.88786407470704,183.49257225166258,45.760199920439284,-1.4224932933557568,-1.7413685738969107,188.96448905062397,175.6416114132432,6.412366676759073,-0.015507749510496383,-0.015629252452978915,0.019932379150880933
2025-12-12,174.80679321289062,182.59729422559727,174.40727135263347,180.88937065842447,204274900,181.7122917175293,186.61101196289061,182.66535520035094,39.869591429580076,-1.9395268485512247,-1.7810002288277738,188.81770909723312,174.60687433782547,6.539342119345124,-0.03266449001911087,-0.03320988405610645,0.019672538677051776
2025-12-15,176.0752410888672,178.20265125135413,174.8167814768023,177.7232402429772,164775600,181.01966552734376,186.38489685058593,182.03772528497154,41.609065360219844,-2.2213205230731887,-1.8690642876768568,187.45585228989998,174.58347876478754,6.3148075421392935,0.0072562847968487,0.0072300846298920425,0.019224630292788956
2025-12-16,177.50350952148438,178.27257580423,174.68693742218818,176.0452813318811,148588100,180.57672576904298,186.22889404296876,181.60589521225847,43.5879371004112,-2.302848905659971,-1.9558212112734799,186.69257644551885,174.4608750925671,6.119866887846618,0.008111693749698334,0.008078970801869827,0.01904722046320071
2025-12-17,170.7317657470703,175.91544580087532,170.10252832729947,175.88548356566727,222775500,180.0568649291992,185.94744354248047,180.5702638346215,37.15808597176663,-2.8806772112791066,-2.1407924112746053,187.51650690341626,172.59722295498216,6.211375052585067,-0.03814991485334229,-0.03889667710610827,0.019880463295490102
2025-12-18,173.9278564453125,175.93540231223645,171.6106906687844,174.3173807251694,176096000,179.43913803100585,185.64861846923827,179.93765360706826,41.54124685604117,-3.0456046632715754,-2.3217548616739996,186.77953433082402,172.0987417311877,6.139393732055143,0.018719953397407174,0.01854689154035358,0.019183137171447866
2025-12-19,180.7695159912109,181.2289470656948,176.12517166919682,176.45477147838753,324925900,179.4571189880371,185.4175146484375,180.01687859603425,49.63891754216138,-2.5943401714188496,-2.3762719236229697,186.8086923669379,172.10554560913633,6.222372081221367,0.03933619194605331,0.038582232392865186,0.020202658408963594
2025-12-22,183.4662322998047,183.935660967629,182.1278683380167,183.6959478478248,129064400,179.69782333374025,185.42830535888672,180.3453884725838,52.435648128338315,-1.996097571459302,-2.3002370531902363,187.24095784310975,172.15468882437074,6.004070145163991,0.01491798157342461,0.014807802897141783,0.02031011423849325
2025-12-23,188.97950744628903,189.099356383118,182.6771816078249,182.7471036477755,174873600,180.03092498779296,185.44629302978515,181.1676855176986,57.61767267535588,-1.064836006284736,-2.0531568438091363,188.53459884480188,171.52725113078404,6.033934761601784,0.030050626087284815,0.029607952574700207,0.020883087238773017
2025-12-24,188.38023376464844,188.67987134928,186.3626902843432,187.71105179508496,65528500,180.57026214599608,185.61788452148437,181.85459487455097,56.89211789885958,-0.3708855465633576,-1.7167025843599806,189.73011503331747,171.4104092586747,5.789854933054931,-0.0031711040511147592,-0.0031761426563468764,0.019878144301455205
2025-12-26,190.2978973388672,192.45526970950263,187.7709805748158,189.68863982420257,139740300,181.0836380004883,185.83182373046876,182.65871891877154,58.685009559808115,0.3300104610940764,-1.3073599752691691,191.16906157325155,170.99821442772503,5.710885947457209,0.010179749413702144,0.010128284734973564,0.01979451576417843
2025-12-29,187.9907073974609,188.53004285167208,185.68352392965696,187.4813341773615,120006100,181.6444465637207,185.9600695800781,183.16652734531337,55.684288345780914,0.6913353667979152,-0.9076209068557524,191.95393701734582,171.33495611009556,5.6325636232967105,-0.012124095818556668,-0.012198192178212849,0.019503649363421673
2025-12-30,187.31153869628903,188.75978454971104,186.70228116711607,188.0106981731968,97687300,182.02548217773435,186.04656799316408,183.56129033112057,54.79605563212415,0.9123675148564416,-0.5436232225133135,192.57842968865756,171.47253466681113,5.377202177532301,-0.00361277804937421,-0.0036193198928964683,0.019302725266098494
2025-12-31,186.27281188964844,190.32786369396132,186.26282955778905,189.33907943283364,120100500,182.2776802062988,186.12387725830078,183.8195304795518,53.39327736353459,0.9922821019525543,-0.23644215762013998,192.9824139057877,171.57294650680993,5.283475888863728,-0.00554545018352981,-0.005560883274468322,0.019317970407277132
2026-01-02,188.6199493408203,192.6949656802433,188.0306564952844,189.6087335707417,148240500,182.74061584472653,186.27769165039064,184.27671322824403,56.12643406734415,1.2308212235378164,0.05701051861145129,193.69861898473837,171.7826127047147,5.364810024701667,0.012600536961681508,0.012521810833682744,0.01925697278604885
2026-01-05,187.89083862304688,193.39413642527967,185.9232371396652,191.5264039837752,183529700,182.977326965332,186.43450134277344,184.62091564679667,55.04652907149955,1.3455217176806684,0.3147127584252948,194.16321324538887,171.79144068527512,5.515244971909724,-0.0038655016095672234,-0.003872991969811118,0.018801729651705238
2026-01-06,187.0119171142578,191.935904267691,186.5924305704924,190.2879203285983,176862600,183.2185333251953,186.53618041992186,184.84863007226917,53.705078276529676,1.3499397996535265,0.5217581666709411,194.53322464321332,171.90384200717727,5.502975595144643,-0.004677830570294028,-0.004688805860122811,0.01879069104689067
2026-01-07,188.879623413086,191.1368647540468,186.3327268208183,188.3402879564672,153543200,183.39631576538085,186.59331848144532,185.23253419996604,56.15049392645563,1.48700814640884,0.714808162618521,194.94702244654525,171.84560908421645,5.453058619293491,0.00998709776172757,0.009937556278234509,0.018539921679640567
2026-01-08,184.8145904541016,189.31910643994627,183.48622397884648,188.87963997886857,172457000,183.3998115539551,186.46468872070312,185.19273003369324,49.96435347179244,1.2531757815100093,0.8224816863968187,194.9521906256762,171.84743248223398,5.480188893708226,-0.021521818423441252,-0.021756790221322004,0.019205717054603673
2026-01-09,184.63479614257807,186.1129888751533,183.44624341374129,184.8545293482555,131327500,183.4537452697754,186.1419058227539,185.13959347263466,49.703528018217966,1.0413500145701846,0.866255352031492,195.01860487292313,171.88888566662766,5.27922864854421,-0.0009728361331308166,-0.0009733096453265374,0.019145255731768725
2026-01-12,184.71470642089844,186.89204340473577,182.7970472156232,182.9968005253017,137968500,183.65400161743165,185.70067443847657,185.099128039136,49.82888681525924,0.8698970283201675,0.866983687289227,195.1604121192591,172.1475911156042,5.194640615727665,0.00043280183361904534,0.00043270820192045975,0.018773397439445037
2026-01-13,185.58364868164065,187.88084992986475,183.17658082293008,184.7746378408776,160128900,184.19284439086914,185.35971618652343,185.14527286223165,51.251705879181834,0.7949717404818273,0.8525812979277472,194.97830519448934,173.40738358724894,5.1596140793853085,0.004704239730442428,0.004693209374154674,0.016994137951573035
2026-01-14,182.91688537597656,184.23528457453645,180.57973978602013,184.0954557419801,159586100,184.5349266052246,184.97341247558595,184.9330454825883,46.85960047166017,0.5144768297238045,0.7849604042869587,194.6840448619362,174.385808348513,5.148492280544967,-0.014369602734984444,-0.014473845297566807,0.017401089531462913
2026-01-15,186.8221435546875,189.46890929684608,186.103019420931,186.27281050248445,206188600,185.00085830688477,184.5775259399414,185.112959584693,53.1864302729073,0.6003834429048425,0.7480450120105355,194.65975777938928,175.34195883438025,5.248744540568149,0.021349905289956617,0.0211251888846915,0.017888691644609742
2026-01-16,186.0031280517578,190.20800608356456,185.85331687968656,188.8496622427164,187967200,185.76442642211913,184.32885040283202,185.19773753393724,51.79370526880574,0.5955126473810424,0.7175385390846369,192.86665863359497,178.6621942106433,5.18488344509028,-0.004383931622591319,-0.004393569228210795,0.015224036584779223
2026-01-20,177.8530731201172,182.1578200140757,177.39362681050815,181.6783938022576,223345300,185.96068725585937,183.9866848754883,184.498245685002,40.4442623340402,-0.06523680402781906,0.5609834704621458,191.85853886275274,180.062835648966,5.429499001958808,-0.043816762744832816,-0.04480571352822744,0.01824990422119905
2026-01-21,183.09669494628903,185.15418310637224,178.18267486272933,178.8318922054109,200381000,186.0770462036133,183.89181030273437,184.36476466226742,48.2946100317473,-0.163879940177452,0.4160107883342262,191.64313410519355,180.51095830203303,5.563185500837112,0.02948288569987456,0.02905662345231206,0.01727531648762238
2026-01-22,184.6148223876953,185.94320399708803,183.70592730123704,184.5249356842524,139636600,186.1344757080078,183.8258999633789,184.38857968373674,50.33574065580781,-0.11819268753089318,0.30917009316120236,191.61466656104585,180.65428485496977,5.369137182977247,0.008291397296120495,0.008257212491436692,0.017052036229812228
2026-01-23,187.44137573242188,189.3690325020707,186.5924203594268,187.27158465782284,142748100,186.05756912231445,183.59879821777344,184.6793221645639,53.97849151652193,0.14442913264085178,0.27622190105713224,191.41775472641686,180.69738351821204,5.325213820934257,0.015310543910665775,0.015194520290977908,0.01599089854313306
2026-01-26,186.2428436279297,188.88960930416167,185.76343263076708,186.93200550896395,124799600,185.95069961547853,183.4653759765625,184.82822897059873,52.22914598528081,0.2529316542672859,0.271563851699163,191.20558462514316,180.6958146058139,5.168139738967137,-0.006394170442939551,-0.006414700713591816,0.01603767534319282
2026-01-27,188.29034423828125,189.76853699604692,185.47377232125424,187.01190478720807,143711600,185.8503219604492,183.36011993408204,185.15795423418754,54.917122884732784,0.49839172241556184,0.31692942584244277,190.83917709497015,180.86146682592826,5.105755805811818,0.010993714284356582,0.010933722693939045,0.016067068393779332
2026-01-28,191.2866973876953,192.1156881225865,189.60873601436583,191.03700193406064,148552700,186.01512145996094,183.4534146118164,185.74164405833113,58.58933976656908,0.9240493863321149,0.4383534179403772,191.4717344796351,180.55850844028677,5.014297811418492,0.015913472151403374,0.015788180324216493,0.01621338282311762
2026-01-29,192.2754821777344,193.244301759811,185.8333425036608,191.1069092802216,171764400,186.26331863403323,183.50036895751953,186.36391435541717,59.75434835004875,1.3258887998728994,0.6158604943268817,192.34858789930047,180.17804936876598,5.185487914613616,0.005169124688451543,0.005155810625088681,0.016200929609733496
2026-01-30,190.8971710205078,194.25307849059112,189.23918956869625,190.9770753936289,179489500,186.4945365905762,183.59106628417967,186.7956530854258,57.33302920131237,1.5156596577699588,0.7958203270154971,192.9063346707282,180.08273851042418,5.173230843705134,-0.007168418675203347,-0.007194235238294132,0.016241744029712287
2026-02-02,185.38389587402344,190.0681850900544,184.6547894061738,186.9719553243457,165794100,186.33273391723634,183.67616455078124,186.6612000176732,48.812598838893386,1.2072626298185583,0.8781087875761094,192.68487236729507,179.9805954671776,5.2495987558929125,-0.02888086354036168,-0.029306123614050272,0.017341242178368795
2026-02-03,180.12030029296875,186.04308409913696,176.01530661894333,186.01312186532803,204019600,185.94420700073243,183.55292266845703,186.03825718674898,42.34276163925515,0.5319950814554488,0.8088860463519774,192.79834286761272,179.09007113385215,5.590897236200107,-0.028392949431980563,-0.028803825223368506,0.018409712093823572
2026-02-04,173.97779846191406,179.36123157735668,171.70057725198066,179.24138264216026,207014100,185.29250106811526,183.4242807006836,184.88964207009803,36.2966587349054,-0.4931234581320041,0.5484841454551811,193.8768636931153,176.70813844311522,5.792956222256391,-0.03410221846767858,-0.03469726658767911,0.01976524278205428
2026-02-05,171.6706085205078,176.604592702014,170.82163795446576,174.71688060291817,206312900,184.43205032348632,183.2846499633789,183.63068649394657,34.31467975853734,-1.4747087085975181,0.14384557464464126,194.692044559056,174.17205608791664,5.792241831205809,-0.013261404396442744,-0.0133501220397345,0.01961844384544821
2026-02-06,185.1841278076172,186.7721871314613,174.3872995354016,176.47474973392875,231346200,184.4505271911621,183.34198303222655,183.7786332857247,51.14266057132445,-1.1489496459324755,-0.11471346947078209,194.71454067778066,174.18651370454356,6.457194458330642,0.07871772229137908,0.07577304156935682,0.026618196993626553
2026-02-09,189.80848693847656,193.42408742490235,183.7259094221984,184.03552934237337,196387400,184.70921173095704,183.58628295898438,184.35290506217726,55.35749052588779,-0.5117371203464813,-0.19411819964592195,195.23617984197784,174.18224361993623,6.688693282928734,0.024971681890920472,0.024664984785234986,0.027172597798226523
2026-02-10,188.3103179931641,192.2455208098368,187.89083145679504,191.1468699498802,136764800,184.8889923095703,183.7518817138672,184.72980153179506,53.73999970825548,-0.1261768281847253,-0.18052992535368262,195.53236398440535,174.24562063473527,6.521978716508236,-0.00789305562399889,-0.007924370677356725,0.02725713667631951
2026-02-11,189.8184814453125,193.0245624433192,188.54004197866425,192.2155516352278,144192700,185.1007339477539,184.01276062011718,185.2144377140348,55.16036421352585,0.29764757157988697,-0.08489442596696872,195.95732114890262,174.24414674660517,6.392854840340156,0.008008926267137229,0.00797702503371509,0.0272887807548672
2026-02-12,186.7122802734375,193.3741533411549,186.28279615580217,192.79485804306623,189932500,185.29050369262694,184.15318969726562,185.3570893863589,51.64334762766853,0.37852360245295813,0.007789179717016648,196.12041656517323,174.46059082008065,6.442747864983913,-0.016364060802846025,-0.016499430880248904,0.027353306816094915
2026-02-13,182.5873107910156,187.27160018883805,181.36879569323744,187.25162028422807,161888000,185.07876205444336,184.18035888671875,185.09330094870714,47.3277677768688,0.10851696020927193,0.027934735815467706,195.94614172853383,174.2113823803529,6.4041804814565335,-0.02209265226893986,-0.022340349906411306,0.027408661181410075
2026-02-17,184.7446746826172,186.92201173748992,178.9617194034806,181.5285959992061,162276900,185.01583938598634,184.28802764892578,185.06009844717477,49.69542903967696,0.06783403857679104,0.03591459636773238,195.87565228985426,174.15602648211842,6.515331328067447,0.011815519283653098,0.011746261049878014,0.027536070655225463
2026-02-18,187.75099182128903,190.13807962880853,186.53247684939709,188.52005804720127,164749100,185.51073532104493,184.3799151611328,185.3163740066142,52.87442912517915,0.2750070878063582,0.08373309465545754,195.91222636867076,175.1092442734191,6.435193729362011,0.016272821632539847,0.016141838338721456,0.02572012658876659
2026-02-19,187.6710968017578,188.20044994409497,185.43383529156333,186.8321237354349,126554500,185.73945541381835,184.4895812988281,185.54063332043742,52.77897084499129,0.42781477908849297,0.15254943154206463,196.11970968092405,175.35920114671265,6.17315236673127,-0.00042553713701432017,-0.0004256277036356945,0.024958733422738723
2026-02-20,189.5887756347656,190.09814888521723,185.7134972299297,186.342734664171,178422300,185.98815307617184,184.57487731933594,185.92617068370677,54.88437623887613,0.6956377514829342,0.26116709553023854,196.48638006384527,175.4899260884984,6.0454023159138615,0.010218296081220712,0.010166442233303357,0.024989929266407383
2026-02-23,191.3166656494141,193.7137359837344,189.3490641935772,191.16683922839312,171584800,186.1819175720215,184.70631713867186,186.4395511566313,56.75530819593086,1.03538044895501,0.4160097662151928,196.92057806559424,175.44325707844874,5.925350135502673,0.009113883503194309,0.009072602696341744,0.024849284980482122
2026-02-24,192.61508178710932,193.5339592408144,187.171708627792,191.2567378902843,175123600,186.50052947998046,184.88749633789064,187.02769693096255,58.159449797998946,1.3933387733551967,0.6114755676431937,197.599590384915,175.40146857504593,5.956557312468369,0.006786738276499893,0.00676381203940953,0.02480893279228143
2026-02-25,195.3217620849609,197.38924768090467,193.5539140704845,194.2131137016724,250637100,186.85210037231445,185.17973999023437,187.81760789801,61.00212221157983,1.873829464114408,0.8639463469374367,198.58312275582938,175.12107798879953,5.8721007825631535,0.01405227603538961,0.01395445811564759,0.024876818407930358
2026-02-26,184.66476440429688,194.0533071271398,184.0954667093304,194.03334246429927,360807900,186.52100372314453,185.3768994140625,187.51733708908495,47.35898109525636,1.3787972334697258,0.9669165242438946,198.1055686173386,174.93643882895046,6.254543253496537,-0.0545612407286622,-0.056106163714985315,0.027656590186490727
2026-02-27,176.97415161132812,182.3675672971408,176.1651407824763,181.0292033274304,311636500,185.75593719482418,185.3948776245117,186.51322418644145,40.346302624490754,0.36174250251735884,0.8458817198985875,197.7336877853516,173.77818660429676,6.414906136948254,-0.041646346652961186,-0.04253841115102456,0.029018878690042695
2026-03-02,182.25770568847656,183.2365228635074,174.42725972943845,174.79680413295333,209095300,185.32396392822264,185.48996154785155,186.1079367104448,46.236367457502055,-0.01773757401201692,0.6731578611164667,197.15110108312942,173.49682677331586,6.585931636742588,0.029854947906472917,0.029417965049183585,0.029954575620933357
2026-03-03,179.83065795898438,180.67961330625167,176.70446619030554,178.27256086028186,178099400,185.0463020324707,185.67193939208985,185.51010063887713,44.08312976922043,-0.5084595317764524,0.43683438253788287,197.11308919783806,172.97951486710332,6.512167912558906,-0.013316571281988043,-0.013406031910892074,0.029413758476752587
2026-03-04,182.8170166015625,184.47499807111,179.84065106191534,180.22019302825052,177731200,185.18113784790037,185.84972259521484,185.25361644484715,47.3332055040244,-0.6489058516224304,0.21968633570582022,197.08388852935047,173.27838716645027,6.378751641099386,0.016606504566419655,0.01647012436394315,0.028934296470061332
2026-03-05,183.1166534423828,183.83577756501344,177.6633132926684,180.94929874286032,198779700,185.6380805969238,185.89666534423827,185.05009615889816,47.66191058799294,-0.7276445496513873,0.03022015863437874,196.4357536598493,174.8404075339983,6.3640168290455055,0.00163899863585093,0.0016376569434080994,0.027721544421559153
2026-03-06,177.60337829589844,182.5373473445644,176.60459654479843,179.6209064601764,189021900,185.93471908569333,185.77940826416017,184.34088493385056,42.41624184096688,-1.2208475919901787,-0.21999339149053276,195.42845380780756,176.4409843635791,6.374591119655426,-0.03010799423668542,-0.030570547947451978,0.028484696554814257
2026-03-09,182.427490234375,182.6871832569013,175.34613090826778,176.61458806542095,177213600,185.79688720703123,185.64836791992187,184.15865686723384,47.82710717565347,-1.2085179965425255,-0.4176983125009313,195.40950713380118,176.18426728026128,6.4436240645824325,0.027162275767295796,0.026799927974745296,0.022986637873406983
2026-03-10,184.544921875,186.2128856921408,181.7882742872215,182.17779858894656,179118500,185.5337089538574,185.5716616821289,184.19544401083064,50.04588929416177,-1.0161738464805126,-0.5373934192968476,194.97935915075837,176.08805875695643,6.299408874606494,0.01160697676597211,0.011540132553405798,0.02239395354106159
2026-03-11,185.8134307861328,187.401576119786,184.2352683241476,185.6935753620157,145280400,185.40886459350583,185.4819723510742,184.34953798943087,51.37988529015676,-0.7527049400283659,-0.5804557234431513,194.77004510101807,176.04768408599358,6.075615940394487,0.006873713447352436,0.0068501971802928125,0.022403829458763427
2026-03-12,182.9268035888672,184.72471123223085,181.53842231669145,183.83574790315467,155762700,185.06428070068358,185.38069427490234,184.21403947509148,48.22395105908483,-0.7679778531023942,-0.617960149375,194.25666501965432,175.87189638171284,5.947001121040692,-0.015535083686109119,-0.015657017582739324,0.022555383842883123
2026-03-13,180.0401611328125,185.87335881208497,179.73052445930352,184.7047227018936,160988400,184.73067474365232,185.2352667236328,183.8165272520173,45.23191535816089,-1.001465398551062,-0.6946611992102124,194.1413034525902,175.32004603471444,5.960989209022175,-0.015780314308353027,-0.01590614903148685,0.022535645409754054
2026-03-16,183.0067138671875,188.66012868968363,181.1988233361376,182.7570048934839,217307400,184.75164489746092,185.1699447631836,183.73940216774778,48.75102597463964,-0.9363364436840698,-0.7429962481049839,194.14492867482582,175.35836112009602,6.1509162338685295,0.01647717218041489,0.01634289655954095,0.022336697136110653
2026-03-17,181.7182006835937,185.1841623368753,181.4684917186082,184.8445618023411,182497800,184.60032119750974,185.03190979003907,183.54690678830454,47.32853377824598,-0.9774263604289786,-0.7898822705697828,194.08623347395363,175.11440892106586,5.976970118468428,-0.007040797336697269,-0.007065700712189143,0.022225189940134567
2026-03-18,180.1899871826172,183.16652908726184,180.12007659614625,182.2675676480169,156683100,184.22227096557617,184.87789276123047,183.22720015919145,45.62802962659353,-1.1203893225100785,-0.8559836809578419,193.77819624540143,174.6663456857509,5.767647430800367,-0.008409798772096688,-0.008445360648967342,0.021922927664642183
2026-03-19,178.3521270751953,179.77047215436778,175.5853475010711,177.80276430906588,170968500,183.75632247924804,184.7046969604492,182.76290748452516,43.5991969162771,-1.3662392948464799,-0.9580348037355695,193.50107049625956,174.01157446223652,5.684575448710775,-0.010199568445272478,-0.010251940462499028,0.02199897756778856
2026-03-20,172.4989471435547,178.05247199547227,171.52009228430225,177.79278016290235,241323500,182.9018310546875,184.37708343505858,181.78538745205176,37.830004504632534,-2.0102074523937006,-1.1684693334671958,193.4176139292021,172.3860481801729,5.766536830295224,-0.03281811115811839,-0.03336870520646045,0.02279923794023491
2026-03-23,175.43553161621094,178.16234927411983,174.55655117338722,177.0536408486584,182836300,182.10777435302734,184.1895022583008,181.18063927720976,41.97823407563629,-2.2575751113154467,-1.386290489036846,192.35700956799857,171.8585391380561,5.75917006602879,0.0170237820072745,0.016880501264273443,0.023113572572074217
2026-03-24,174.99603271484375,176.01484951930743,173.777451794472,174.6264683383626,147667800,181.22682189941406,183.9967269897461,180.591629128413,41.53159111270254,-2.4607140714194315,-1.6011752055133632,190.71245237463762,171.7411914241905,5.507614898800692,-0.00250518750288653,-0.0025083307357880963,0.02297691422305986
2026-03-25,178.47198486328125,181.00903649280792,176.64412864426953,176.89383761026875,162602100,180.38433303833008,183.87187255859374,180.38975824601948,46.38988465088954,-2.3145422696720175,-1.743848618345094,187.37878750173098,173.38987857492918,5.543714104455226,0.019863034004328428,0.019668337891847958,0.023259268889142936
2026-03-26,171.04066467285156,176.30451888215924,170.9407749866337,175.86504388946904,186152200,179.7031280517578,183.58101287841797,179.49936838190825,38.94020528916135,-2.7664555197370078,-1.9483699986234768,187.5045792933361,171.9016768101795,5.68567808818325,-0.04163858095780393,-0.0425303080215932,0.021929279411356292
2026-03-27,167.32498168945312,170.77096223786808,166.81556566439232,169.80209026823204,196212700,179.22066955566407,183.2691748046875,178.3399029826268,35.84099064013709,-3.3853998081247028,-2.235775960523722,188.659197812959,169.78214129836914,5.581351011060106,-0.021723974181843797,-0.021963413780231762,0.020516827829394114
2026-03-30,164.97772216796875,169.25273855906806,164.07877596313077,168.58352034150624,185627000,178.35667037963867,182.83228637695314,177.06731433361173,34.00004867636349,-4.018993388397291,-2.592419446098436,189.52929002421598,167.18405073506136,5.552251838551334,-0.014028147487508913,-0.01412747193455417,0.01916547713635788
2026-03-31,174.1969757080078,174.41672082635512,166.7656493784466,166.77563225072552,226181300,178.07498626708986,182.59616333007813,176.79394875022086,45.779898445392405,-3.7341590918168777,-2.8207673752421245,189.3681758094986,166.7817967246811,5.829876611396694,0.05588180888236938,0.05437625561333066,0.023337678490867618
2026-04-01,175.54541015625,177.16351944386196,174.54657425208924,175.79511913229018,168132000,177.7114059448242,182.5500100708008,176.67504031269982,47.262533162840406,-3.360876378205319,-2.9287891758347637,188.83749007893493,166.58532181071348,5.625352834572226,0.007740860269023653,0.00771105353121578,0.023061568155938586
2026-04-02,177.18348693847656,177.28337661769746,171.170490985778,171.97954556798163,143143200,177.4147476196289,182.43174591064454,176.723463800869,49.08398358933665,-2.899445034449343,-2.92292034755768,188.2614117660455,166.5680834732123,5.660176605811314,0.009331356375359201,0.009288088228185538,0.02318533373040651
2026-04-06,177.43319702148438,177.58301630024127,175.55538077559635,176.953760088437,107564300,177.4062385559082,182.28811340332032,176.79105744092763,49.371050748999934,-2.4849627495635787,-2.8353288279588598,188.25256444342318,166.55991266839322,5.400709385728,0.0014093304479019242,0.0014083382738375788,0.022180081203585163
2026-04-07,177.89266967773438,178.0225079733855,173.4578360976707,175.52541836668527,132534900,177.17949752807618,182.09713928222655,176.8959728920521,49.93043621425088,-2.0952541634757154,-2.687313895062231,187.78335855351986,166.5756365026325,5.340992420727056,0.00258955293576979,0.0025862058206754654,0.02126890346139044
2026-04-08,181.8680419921875,185.0443328296099,180.09011531444295,184.2852230345028,147732700,177.04565353393554,182.00964324951173,177.3695032825412,54.6038487482037,-1.4489256659465184,-2.4396362492390886,187.3372426466135,166.75406442125757,5.470326044380519,0.0223470271240227,0.02210099101794525,0.02173559590799984
2026-04-09,183.69590759277344,183.8657078609029,180.40972906189933,181.6283100364998,116428500,176.93977737426758,181.91775451660158,177.97201797875377,56.609282310891025,-0.7802183260583888,-2.1077526646029487,186.9068411164153,166.97271363211985,5.326444098282165,0.010050504643715596,0.010000334200718077,0.021803872718707006
2026-04-10,188.4104156494141,189.77881591864653,184.08545448929232,184.0954373612556,160459500,177.2139579772949,181.86022888183595,178.96615109024523,61.35166736094048,0.12867517069204837,-1.6604670975439493,188.08538251765395,166.34253343693587,5.380477257395802,0.025664741901011867,0.025340931070435828,0.022235502136530878
2026-04-13,189.0896148681641,189.4392135167764,185.52377876103736,185.81343445538195,133648200,177.6664306640625,181.79651153564453,179.93029049766608,61.9960943044145,0.8934859657023253,-1.1496764848946945,189.66550170603554,165.66735962208944,5.275831364420319,0.003604892099032586,0.0035984100488998323,0.021852082294630495
2026-04-14,196.2812347412109,196.2812347412109,190.54792650193752,190.61783708872017,161307000,178.33015670776368,181.9041928100586,181.48752328276558,68.06750968227279,2.0562050004895696,-0.5085001878178417,192.67637704812427,163.9839363674031,5.4126734007507835,0.03803286541178319,0.037327446488877807,0.023066202615977246
2026-04-15,198.63848876953125,200.166706463506,195.5121427945441,196.3111993145372,185338400,179.17617111206056,182.16928466796875,183.12094856721944,69.77215209195447,3.13177772800384,0.21955539534649465,196.0029645794695,162.3493776446516,5.358522705623004,0.01200957407583192,0.011938031369764115,0.022989978683564186
2026-04-16,198.1190948486328,199.6173486077875,195.58204328149,197.20015246424893,134012900,180.07262649536133,182.52926055908202,184.54934345116357,68.89939960239998,3.8973400054090916,0.9551123173590141,198.82063323503306,161.3246197556896,5.264007178528326,-0.002614769796708716,-0.002618194278043067,0.022852009294811737
2026-04-17,201.44520568847656,201.46518667284232,199.03802288778024,199.66727910556,160324400,181.2272804260254,183.07860870361327,186.1584731880505,71.36922692678756,4.718056158629707,1.707701085613153,202.12991802357806,160.32464282847275,5.12701322464841,0.016788441530004805,0.016649073332435406,0.02270351055219132
2026-04-20,201.82476806640625,201.9346406188145,197.6096795882359,199.7471876833392,119381400,182.69357147216797,183.68169189453124,187.65050127170343,71.6459491614302,5.337578848325364,2.433676638155595,205.00802328814996,160.379119656186,5.069723782214853,0.00188419663120043,0.0018824237593380586,0.020798655272798144
2026-04-21,199.64732360839844,202.51397775047528,198.76834314349972,201.89470437258373,107945300,183.90416107177734,183.97095581054688,188.7930557799601,67.60890505499994,5.588433490629626,3.064628008650401,207.1210248763972,160.68729726715748,4.975145983983475,-0.010788787118989118,-0.01084740809684451,0.021097230648825478
2026-04-22,202.26426696777344,202.26426696777344,198.7683413658613,200.7560302662893,107501000,185.26757278442383,184.2200714111328,190.07602827403758,69.81060524749283,5.930045190725508,3.6377114450654227,209.41576001384666,161.119385555001,4.869487385264094,0.013107830909409257,0.013022666698602456,0.021027631296998923
2026-04-23,199.4075927734375,203.59271751351983,196.9904117933692,202.22431724671492,113561800,186.31435317993163,184.44201690673827,190.96474870255187,64.64502920346214,5.902227980816804,4.090614752215699,211.0024875707828,161.62621878908047,4.993260123470276,-0.014123474389033275,-0.014224159796213538,0.021344764936137878
2026-04-24,208.0275421142578,210.70441481695207,199.57738430538976,199.72721882416832,214134400,188.16369705200196,184.8061981201172,192.58977664652386,71.49828617375019,6.500803299605423,4.572652461693644,213.53019249952803,162.7972016044759,5.443514546330583,0.043227788976992976,0.04231955004193406,0.01980259849686937
2026-04-27,216.3578338623047,216.5775789683675,207.13858324348888,209.4059296471886,187172400,190.61533966064454,185.39910919189452,194.85340114326488,76.28291291767405,7.560214035827016,5.170164776520319,216.91264644043972,164.31803288084936,5.728906059084015,0.04004417714781017,0.03926319027785601,0.019403978287639678
2026-04-28,212.92184448242188,214.4800260296235,207.95762889823203,209.2461357291284,180275400,193.01254577636718,186.00579986572265,196.57420527080362,70.98936709392608,8.029984388194265,5.742128698855109,218.24388542685492,167.78120612587944,5.919713123726061,-0.01588104908680843,-0.01600850416151377,0.0195442761254947
2026-04-29,209.00640869140625,212.47237042757808,207.33835459433345,212.4523894424142,123711800,194.7530174255371,186.49103454589843,197.75822464419434,65.41837978528153,7.994185833207894,6.192540125725666,219.34690140309468,170.15913344797954,5.895697178323373,-0.018389075111261644,-0.018560255972615913,0.0179626678535814
2026-04-30,199.33767700195312,210.0551813566716,198.4686794524716,209.68560172993963,225239200,195.94263076782227,186.72276824951172,197.9086486782666,54.12312966958755,7.103741863809688,6.37478047334247,218.95601371707775,172.92924781856678,6.3021832301717025,-0.04626045560032954,-0.04736465906513777,0.021848054013770428
2026-05-01,198.218978881836,202.7636852194425,196.8905253221648,201.0456862731779,128647000,196.99440536499023,186.93372589111328,197.93820393574939,52.98324039538441,6.235905378330983,6.347005454340174,218.34495880655965,175.6438519234208,6.271538706393559,-0.005612075634382818,-0.005627882498130146,0.022004751643280973
2026-05-04,198.2489318847656,201.49514834231712,194.5132956232549,199.2677487020073,125368100,198.0351921081543,187.10692901611327,197.96779707375094,53.01177559688627,5.487301472524905,6.175064657977121,217.407847503543,178.6625367127656,6.3222754215841785,0.00015111067113027232,0.00015109925506285286,0.022019922701786595
2026-05-05,196.271240234375,200.00689171848023,195.8017861758556,199.06798360144137,113406600,198.95412063598633,187.2060205078125,197.80622023190563,50.81869471110197,4.6804905146966576,5.876149829321028,216.02456649372647,181.8836747782462,6.1710490016584965,-0.009975799776516081,-0.010025891482081746,0.022293647412649237
2026-05-06,207.5880584716797,208.0275486883452,198.3787906294548,199.65729931010404,188362800,200.24012145996093,187.50548004150392,198.73782387378887,60.80973926575901,4.897800871343321,5.680480037725487,215.7741836824027,184.70605923751916,6.569996105395047,0.057659075388685865,0.05605804652492139,0.024964501770475694
2026-05-07,211.2537841796875,213.9506379507976,206.25960488465944,208.0974592073836,168307900,201.61801528930664,187.82412048339845,199.92982009339826,63.40316982271928,5.3046654423310144,5.605317118646592,215.87391492121444,187.36211565739885,6.650070174019556,0.01765865404299216,0.017504551528897266,0.025072304211012874
2026-05-08,214.9494781494141,217.5464575316693,212.642169707093,212.7820061205359,136421400,202.94496841430663,188.42981475830078,201.36026371778073,65.85633782247484,5.857795147187517,5.655812724354777,216.9751109182083,188.91482591040497,6.624541829588287,0.017494095947569566,0.017342835809247243,0.02482280329018979
2026-05-11,219.18453979492188,222.0412109151316,213.64099781886503,213.79081709888328,160685800,204.44971466064453,189.27402252197265,203.0578138203656,68.46504012366663,6.562243051235981,5.8370987897310185,218.66725400343572,190.23217531785335,6.751375491493877,0.01970259096216065,0.019511007291121277,0.02497085015310297
2026-05-12,220.52297973632807,223.48952345691532,214.6698009927987,218.2955800381889,159176600,205.66180191040038,190.0393280029297,204.72116295521914,69.26428807703927,7.146147665958921,6.0989085649765995,220.9780338281905,190.34556999261028,6.899114560966929,0.006106452319394773,0.006087883494185082,0.02392882268909312
2026-05-13,225.56710815429688,227.5747627822776,221.3120728008497,224.6681467194947,150405400,207.00823287963868,190.95405700683594,206.706491069417,72.1309910986467,7.924565825754087,6.464040017132097,224.23363019225695,189.7828355670204,6.910019452751399,0.022873482047085947,0.022615805858036984,0.02419167230888172
2026-05-14,235.465576171875,236.2646326841873,229.0330706569892,229.58243343997336,180782900,208.87555694580078,192.00702819824218,209.4454515553654,76.71973552353104,9.233750541232268,7.017982121952132,229.58612039465143,188.16499349695013,7.1805555296899,0.04388258597883499,0.04294701759820982,0.02545541900177532
2026-05-15,225.0577087402344,231.23050718880447,223.9789641563916,229.49252726355343,180977600,210.05618209838866,192.84584930419922,210.9323331920196,64.6635402262886,9.323979904496184,7.479181678460943,231.61267343495246,188.49969076182487,7.488130992960863,-0.044201227206322136,-0.04520787679613526,0.02799677291692467
2026-05-18,222.0612030029297,229.7322553439391,218.1157890335498,229.60240180074675,146280900,211.06800384521483,193.73500579833984,211.99222555496343,61.65926599290868,9.049378749610298,7.793221092690814,232.88222067150633,189.25378701892333,7.783012087062895,-0.013314388358780183,-0.013403819528754505,0.028316755355900523
2026-05-19,220.35317993164065,224.21866983705235,217.6563261548179,219.3643269423612,140948200,212.10329666137696,194.49351959228517,212.78850692417078,59.949529518504065,8.594856018589923,7.953548077870636,233.61443894765588,190.59215437509803,7.695821486718006,-0.0076916771060926425,-0.007721410619631937,0.028233244878582534
2026-05-20,223.20985412597656,225.8667612103758,220.2433103590018,222.9201831873553,184201600,213.15057601928712,195.26681823730468,213.78101618148563,61.85465687974609,8.368684230374697,8.036575308371448,234.6831534062858,191.61799863228842,7.547795012764863,0.012964070657941695,0.012880756382786308,0.028231176799733863
2026-05-21,219.25445556640625,227.1352699433697,217.6762930684293,222.03121805596584,203381800,214.14291915893554,195.93563873291015,214.30229612290665,57.757883988702176,7.7805841211192615,7.985377070921011,234.86465800262013,193.42118031525095,7.68430800292026,-0.017720537361840427,-0.017879425943107992,0.028372640290698085
2026-05-22,215.079330444336,220.75271088945505,214.54994865072536,220.642838333742,169275700,214.49550857543946,196.57868927001954,214.37629939161422,53.71380757217838,6.898095887650044,7.767920834266818,235.02814088254308,193.96287626833583,7.578483305478076,-0.019042372987515988,-0.01922601401683992,0.027371560920479373
2026-05-26,214.60987854003903,217.9260057479501,211.75320730356688,216.28791550863892,187202600,214.40811080932616,197.27008361816405,214.39854502479753,53.262228604028685,6.090627793419429,7.432462226097341,234.92316384322226,193.89305777543007,7.478077243971299,-0.0021826918622404046,-0.0021850774060266183,0.02587186533354456
2026-05-27,212.35250854492188,213.9006919249857,208.53694826896,213.87072806866348,167601200,214.37964401245117,197.85699951171875,214.20368440766651,51.04016657869482,5.208512132592119,6.987672207396297,234.9044451604394,193.85484286446294,7.377709603050422,-0.010518481304186644,-0.010574191531007596,0.02572696915725944
2026-05-28,214.0005798339844,215.2691056248748,210.9741084423121,211.03403615445995,143996000,214.62935256958008,198.50264709472657,214.18434111493488,52.59512152298468,4.589509684831086,6.508039702883256,235.00758730857697,194.25111783058318,7.157515858729872,0.007761016341909066,0.007731054577228179,0.025395995716038115
2026-05-29,210.8942108154297,217.6063892667686,210.88422794322287,214.33020874183248,289410600,215.2071792602539,199.1167315673828,213.87099537212487,49.4098039012472,3.8044326352779763,5.9673182893622005,234.4415262674036,195.9728322531042,7.126419106216718,-0.014515703746992403,-0.014622087317938291,0.02314721397636809
2026-06-01,224.09881591796875,224.60821672379728,215.448893644638,215.47885750139108,212850700,216.50117111206055,200.0316653442383,214.8450735193481,60.391169602532685,4.199347232722062,5.613724078034173,234.42754540281965,198.57479682130145,7.5969610206560665,0.0626124588791841,0.06073045986638763,0.026573374116119982
2026-06-02,222.56060791015625,232.0095863674792,221.0923180144813,226.91551751623652,193362900,217.71675491333008,201.0328985595703,215.5798863184727,58.79024960520606,4.338191395535404,5.35861754153442,233.72171748125558,201.71179234540458,7.834125830109054,-0.006863972045151545,-0.0068876374559193035,0.026707340072591026
2026-06-03,214.5,222.5606126707564,214.2602739078757,221.46188713313532,160907000,218.62819290161133,201.81418792724608,215.47704000242766,51.13971315976121,3.754522898974585,5.037798613022453,231.3923392671228,205.86404653609986,7.867426753878457,-0.03621758578863232,-0.03688972124723909,0.02814630749759408
2026-06-04,218.66000366210932,221.6000061035156,210.97000122070312,213.91000366210932,169022200,219.18179016113282,202.6874673461914,215.78017939858782,54.43525003592354,3.586298324584078,4.7474985553347775,230.9001877254718,207.46339259679385,8.06475376308803,0.01939395646671005,0.019208290386228632,0.025546113792156884
2026-06-05,205.1000061035156,214.8699951171875,204.3300018310547,214.52999877929688,219655500,218.8741012573242,203.2200277709961,214.76302003715236,44.014159710417125,2.3319197408338255,4.264382792434587,231.68155316277767,206.06664935187075,8.5122714822285,-0.062014073591381114,-0.06402033391723545,0.029091096906040306
2026-06-08,208.63999938964844,210.47000122070312,206.0,210.17999267578125,138372800,218.55862731933593,203.97201446533202,214.17987521358057,46.873536299242545,1.604962540027742,3.7324987419532176,232.03080472271319,205.08644991595867,8.28782317043986,0.017259839984335112,0.017112580975841913,0.029083273309266005
2026-06-09,208.19000244140625,211.3999938964844,199.33999633789065,210.6199951171875,180962500,218.00890045166017,204.78931488037108,213.60941114004015,46.54808442046867,0.9812218137241189,3.182243356307398,232.2115089641242,203.80629193919614,8.55726419816514,-0.0021568105327770537,-0.0021591397984066225,0.028668683364809336
2026-06-10,200.4199981689453,207.22000122070312,199.9199981689453,204.42999267578125,161746600,217.003751373291,205.49816040039062,212.35327657136446,41.225512924622876,-0.13847535612572415,2.5180996138207736,233.07492331722804,200.93257942935398,8.536745632043411,-0.03732169739825886,-0.03803598052040507,0.02963640221214948
2026-06-11,204.8699951171875,205.66000366210932,199.5399932861328,201.4900054931641,158643200,215.96889572143556,206.1116207885742,211.6405830995381,45.09750875387797,-0.6591673952522967,1.8826462120061598,232.36335378126861,199.5744376616025,8.36412168518149,0.022203357892913722,0.02196045231330065,0.029604364763056296
2026-06-12,205.19000244140625,207.07000732421875,203.44000244140625,204.8600006103516,112001800,214.45511703491212,206.70451263427734,211.02624208447793,45.37619329862839,-1.0340774696131518,1.2993014756822976,228.83652690250426,200.07370716731998,8.025970485012277,0.0015620019126554308,0.0015607832565316107,0.027403489239324803
2026-06-15,212.4499969482422,212.7100067138672,208.33999633789065,208.9199981689453,149936700,213.8247314453125,207.40984283447267,211.1618377857888,51.40305046678694,-0.736881214283784,0.8920649376890813,227.3730345476134,200.2764283430116,7.989830041258609,0.03538181402824003,0.034770261132300154,0.027418913916666447
2026-06-16,207.41000366210932,211.4900054931641,207.2899932861328,211.17999267578125,125694100,213.0921714782715,208.00937896728516,210.80452025020028,47.48605243372633,-0.8976883850501736,0.5341142731412304,226.36137621304005,199.82296674350295,7.787699585605092,-0.02372319773372711,-0.02400912389906252,0.027731567820247924
2026-06-17,204.6499938964844,209.2100067138672,203.0800018310547,208.52999877929688,128363500,212.30701217651367,208.54452545166015,210.21837488317973,45.443822399191106,-1.2336185612839472,0.1805677062561949,225.6229994658273,198.99102488720004,7.669292821119908,-0.013307023368656967,-0.013396355182919378,0.027809442999248157
2026-06-18,210.69000244140625,211.38999938964844,206.5,207.3300018310547,241272000,211.68101959228517,209.12096466064452,210.263291793487,50.464546453950554,-1.0009293446495917,-0.055731703924962434,224.02997105420366,199.33206813036668,7.602915154837346,0.029513846689763312,0.029086697312463505,0.028555770524550262
2026-06-22,208.6499938964844,213.9900054931641,207.72000122070312,211.44000244140625,122041400,211.15079650878906,209.62004638671874,210.10964437472487,48.83003280641497,-0.9699521005036047,-0.2385757832406909,223.05617735102288,199.24541566655523,7.507707234667604,-0.009682512322762848,-0.009729692641559026,0.028386262519350766
2026-06-23,200.0399932861328,203.7700042724609,200.0,202.1699981689453,153496200,210.3988296508789,209.85263793945313,209.15062998533514,42.563901575503756,-1.6214662502121655,-0.5151538766349859,223.0905430990708,197.707116202687,7.5892991390830895,-0.04126528091164572,-0.04214086479707103,0.02949782898625352
2026-06-24,199.0,201.6699981689453,196.5800018310547,200.1199951171875,151810700,209.61833572387695,210.05084564208985,208.18390332006516,41.86506397174208,-2.1963959886187467,-0.851402299031738,223.07504349744622,196.1616279503077,7.410777510426485,-0.00519892681982459,-0.005212488263586544,0.029500042764874557
2026-06-25,195.7400054931641,200.8000030517578,192.1300048828125,200.0800018310547,149550000,208.78771057128907,210.0400210571289,206.99877019369362,39.66654495880147,-2.881865903999767,-1.2574950200253439,223.4625087410176,194.11291240156055,7.500721843177829,-0.016381881943899,-0.01651754866324471,0.0296039337086763
2026-06-26,192.52999877929688,195.5500030517578,191.22000122070312,193.1199951171875,179304100,207.71418151855468,209.91785125732423,205.62079196375106,37.574160395162664,-3.6421421179657614,-1.7344244396134276,223.78177873053113,191.64658430657823,7.2878134452694825,-0.016399339040476968,-0.016535296660330382,0.029606817209923645
2026-06-29,194.97000122070312,196.17999267578125,189.8000030517578,193.8500061035156,148835700,206.91797103881837,209.85486938476564,204.60643094060364,40.15815220025185,-4.001650157878629,-2.187869583266468,223.83223084175322,190.00371123588351,7.222968886609051,0.012673362368860186,0.012593727434429082,0.02976373390788269
2026-06-30,200.08999633789065,200.6300048828125,195.1100006103516,197.2400054931641,166476700,205.71753005981446,209.8277651977539,204.17629431177383,45.27687486945138,-3.829280491392211,-2.516151764891617,220.90357339097568,190.53148672865325,7.111328513430502,0.026260425117358377,0.025921540190744215,0.026438327292741072
2026-07-01,197.5800018310547,199.8500061035156,193.4499969482422,196.1999969482422,146147600,204.46849975585937,209.74286987304689,203.54807598027676,43.32056078107862,-3.850821989802654,-2.7830858098738247,217.91772367753418,191.01927583418455,7.077662147446071,-0.012544327816355949,-0.012623672142353588,0.02648631986077909
2026-07-02,194.8300018310547,200.0599975585937,192.3500061035156,197.13999938964844,142068700,203.4849998474121,209.6465234375,202.71778320416038,41.219173842217394,-4.0431884402404705,-3.035106335947154,216.7313753832083,190.2386243116159,7.122828526562643,-0.013918412665829716,-0.014016182027723867,0.02558350030573006
2026-07-06,195.5500030517578,197.5500030517578,193.9900054931641,194.4199981689453,108999000,202.32949981689453,209.51223815917967,202.03513747536013,42.012283409193586,-4.090390679356574,-3.2461632046290383,214.01977056771244,190.6392290660766,6.868340600279149,0.0036955356666652506,0.0036887239515329033,0.025047579969661345
2026-07-07,196.92999267578125,198.41000366210932,191.13999938964844,192.3699951171875,124154600,201.9209991455078,209.46268615722656,201.5489332087336,43.583481900765186,-3.970673709461522,-3.3910653055955353,213.7654380722734,190.0765602187422,6.897030862577844,0.007056965494693257,0.00703218164456726,0.02129184952235795
2026-07-08,204.1199951171875,205.16000366210932,195.0599975585937,195.17999267578125,147419100,201.69499893188475,209.38453521728516,201.79379624763396,51.02865765847474,-3.2580670715175017,-3.3644656587799284,213.1851927032791,190.2048051604904,7.125814808359114,0.03651044893523969,0.03585973382237286,0.022594783499858304
2026-07-09,202.77999877929688,204.58999633789065,198.9600067138672,204.4600067138672,132037400,201.42449874877929,209.112978515625,201.88772029826853,49.71195186047378,-2.769522352828801,-3.2454769975897033,212.53891741661732,190.31008008094125,7.018970152335139,-0.006564748040099211,-0.006586390769892467,0.022629651394278708
2026-07-10,210.9600067138672,211.0,201.9199981689453,202.0,148421000,201.95149917602538,209.0737417602539,202.7517475759446,57.00526236861651,-1.7026616428040597,-2.936913926632575,213.8006663480333,190.10233200401746,7.166186700815106,0.04033932332484791,0.03954693236574592,0.022744914098873536
2026-07-13,203.52999877929688,210.57000732421875,203.0,208.5399932861328,121411000,201.88449935913087,208.9642135620117,202.82586673816863,49.92287397745354,-1.440105746336684,-2.637552290573397,213.68194040607509,190.08705831218666,7.222888130318826,-0.03521998340020871,-0.03585516570320906,0.02376935462890771
2026-07-14,211.8000030517578,212.5500030517578,203.8000030517578,208.1999969482422,124379600,202.21499938964843,209.21346008300782,203.68054638708188,56.41390768730818,-0.5582726576108428,-2.221696363980886,214.71383400515356,189.7161647741433,7.351253569043263,0.040632851776453593,0.039829039408852435,0.02545549205088073
2026-07-15,212.5,213.8099975585937,206.0399932861328,211.9600067138672,124797200,202.21749954223634,209.4990805053711,204.52049435021695,56.92288239338274,0.19482450643715765,-1.7383921898972774,214.7245397296188,189.71045935485387,7.381164333573094,0.0033049902651376417,0.0032995407884884027,0.02421472252640634
2026-07-16,207.3999938964844,211.0800018310547,205.8500061035156,210.1699981689453,122986100,202.21699905395508,209.68210174560548,204.79473240224243,52.14515404272289,0.375799581049705,-1.315553835707881,214.72320883095102,189.71078927695913,7.328937873781045,-0.024000028722426348,-0.02429272199776052,0.02422924554797502
2026-07-17,202.8099975585937,206.6499938964844,197.97000122070312,202.63999938964844,144281900,202.12499923706054,209.81287689208983,204.60571003618065,48.22224430543208,0.14715299909335045,-1.0230124687476347,214.58525059028534,189.66474788383573,7.479013216781062,-0.02213113053504534,-0.022379698238569275,0.024567570840691902
2026-07-20,203.27999877929688,207.7400054931641,202.27999877929688,205.8699951171875,88701500,201.75449905395507,209.72671569824217,204.47945182123937,48.648255384583166,0.003829956772335663,-0.8176439836436408,213.59948664589615,189.909511462014,7.33479846657293,0.002317446015290159,0.002314764878733785,0.023570767354027838
2026-07-21,207.2899932861328,208.6499938964844,204.009994506836,207.5399932861328,108685600,201.6864990234375,209.64743988037108,204.7471224369435,52.25746898991678,0.21138177935361568,-0.6118388310441896,213.38709749064682,189.9859005562282,7.194455370188258,0.019726458731385677,0.01953441361577837,0.023949420695677823
2026-07-22,212.0599975585937,214.38999938964844,204.9499969482422,205.8099975585937,137645600,202.28749923706056,209.5896502685547,205.44358673424352,56.20096660760364,0.7520978583318083,-0.33905149316899,214.79505285905012,189.779945615071,7.354851589560972,0.02301126164771783,0.022750495362188962,0.022390260977189887
2026-07-23,208.759994506836,210.8699951171875,205.9600067138672,209.4600067138672,110505300,202.77549896240234,209.38115936279297,205.75943509353803,52.94287054025792,0.9039167894898128,-0.09045783663722945,215.49176537341813,190.05923255138654,7.265218679215653,-0.015561648070121725,-0.015684001522928436,0.02271143962612489
2026-07-24,206.83999633789065,211.91000366210932,204.8099975585937,207.4499969482422,114836800,203.33049850463868,209.1074996948242,205.8623456882383,51.08718975745733,0.8593999523958473,0.09951372116938591,215.7351640616108,190.92583294766658,7.253417780951365,-0.009197155678611013,-0.009239710638928571,0.02245003823350411
2026-07-27,196.509994506836,208.75,195.44000244140625,208.1999969482422,154353700,203.52949829101564,208.526357421875,204.97164557572378,42.46345517081388,-0.009317373188054034,0.07774750229789792,215.34859385767408,191.7104027243572,7.686030622211534,-0.049941993879074165,-0.05123223717692118,0.025074960407875713
2026-07-28,197.009994506836,198.6999969482422,192.7400054931641,195.0,134111500,203.6314979553223,207.7572457885742,204.21339309297258,42.965308436863936,-0.6499441396918257,-0.06779082610004683,215.18559645701333,192.07739945363124,7.562742110273432,0.002544399847217882,0.0025411683422597504,0.024935537897173222
2026-07-29,190.009994506836,197.07000732421875,190.009994506836,195.8500061035156,147680800,203.12749786376955,207.05629150390624,202.86068846572147,37.97178889835726,-1.7028574850758105,-0.39480415789519957,216.05350855213774,190.20148717540135,7.5268328750669555,-0.03553119230079016,-0.03617778754375249,0.025439953619626
2026-07-30,195.0399932861328,197.25,191.5200042724609,193.4499969482422,129010200,203.00049743652346,206.51586730957033,202.11586035337967,43.090148501366414,-2.1071303461013713,-0.737269395536434,216.189274464504,189.81172040854293,7.506345204931031,0.02647228527295109,0.026127957865361658,0.026098349101366315
2026-07-31,200.75,202.0,194.9499969482422,198.44000244140625,139659700,203.29649734497073,206.1238037109375,201.98577841496257,48.30501696491864,-1.9443563501166068,-0.9786867864524686,215.99511631575442,190.59787837418705,7.473749336847229,0.029276081370092744,0.028855721516937157,0.02669448034802442
