Date,Close,High,Low,Open,Volume
2021-08-02,133.6692352294922,134.14699347911008,132.61805515773415,133.92942502207725,21634000
2021-08-03,134.4379119873047,134.53900531485272,132.14771857757245,133.94725240636728,20762000
2021-08-04,133.93785095214844,134.45724743917305,133.30495889893086,134.1598811909161,19676000
2021-08-05,135.053955078125,135.15159999068044,133.6608059857469,134.48797455260816,17870000
2021-08-06,134.5454559326172,135.27301333831355,134.0216127855547,134.8463008593739,20488000
2021-08-09,135.70962524414062,135.9782545970757,134.14995363195558,134.74766566385927,17760000
2021-08-10,135.6045684814453,136.56158228756237,135.16595290851137,136.13485470912244,19414000
2021-08-11,135.0812225341797,136.47237514518056,135.07378119338873,135.97578664479468,15352000
2021-08-12,135.9881591796875,136.0932302954075,134.23520937229634,134.7803631501877,16506000
2021-08-13,136.5169677734375,136.6448469030297,135.82858330220628,136.04367130953105,15948000
2021-08-16,137.09384155273438,137.14638467025773,134.10980386854092,136.31623668767153,22384000
2021-08-17,135.4603271484375,137.05023283102287,134.8859222967135,136.53926086012802,21716000
2021-08-18,134.2584991455078,135.89945070892185,134.13211736511343,135.30025647796398,19258000
2021-08-19,134.48745727539062,135.1540470600647,133.07003326839052,133.25390393778633,21782000
2021-08-20,136.22161865234375,136.34502089676778,134.06127020467258,134.80467835737872,31194000
2021-08-23,138.81063842773438,139.63630956779562,136.39802587425726,136.75684366705852,28454000
2021-08-24,140.01991271972656,140.83121539533298,139.10502114709683,139.37561670216243,19268000
2021-08-25,140.83023071289062,140.9397636176069,140.13342175774235,140.38022622324365,15848000
2021-08-26,140.19735717773438,141.16575996618351,140.11457982312106,140.50413099166133,20610000
2021-08-27,142.73829650878906,143.2423262781944,140.25332765406952,140.40746320935864,28780000
2021-08-30,143.3196563720703,144.68753203308154,142.89590833586342,143.13082479723923,24434000
2021-08-31,143.4257049560547,143.89553786032653,143.01287695186656,143.8712627569478,22448000
2021-09-01,143.9391632080078,144.96853350536102,143.61008051608152,143.72555741436526,21936000
2021-09-02,142.02761840820312,144.2404946102544,141.9265099500036,143.9396648071746,32342000
2021-09-03,142.47613525390625,142.88798016222196,141.14889962263817,141.82293077721366,19850000
2021-09-07,143.0123748779297,143.29437443751178,142.35668998079893,142.57029576143597,20124000
2021-09-08,142.4280548095703,143.13082285164162,141.74313388446112,142.8334717334425,18344000
2021-09-09,142.2793731689453,143.04211051634226,141.9190731671668,142.57624028484273,15314000
2021-09-10,139.63780212402344,143.4465279342337,139.5010145668301,142.9449634747417,36840000
2021-09-13,141.08151245117188,141.6935778474216,140.00852254788668,140.7018679540071,22094000
2021-09-14,141.29161071777344,142.10292843249584,140.50409923851902,141.73865068075114,19674000
2021-09-15,143.16006469726562,143.18087624925593,140.10515271027106,141.51663270038054,27408000
2021-09-16,142.34776306152344,143.03170083482422,141.14988885441545,142.68527016924585,26190000
2021-09-17,139.56246948242188,142.18917178562248,139.23536813670114,141.7733642211635,53384000
2021-09-20,137.500244140625,137.77828102826925,135.1238250653687,136.9471499261735,46518000
2021-09-21,137.8109893798828,138.78088932420297,137.06262052986705,138.5211835537175,25332000
2021-09-22,139.05050659179688,139.64870264345097,137.33373489370697,138.07962340432297,25056000
2021-09-23,139.97479248046875,140.45106842397635,139.16745257610253,139.74830050669846,20952000
2021-09-24,140.9650115966797,141.07950537458137,139.00836284376217,139.30324860172112,22984000
2021-09-27,139.8320770263672,140.69096191409616,138.83640458295432,139.56692635866548,21882000
2021-09-28,134.6361541748047,137.87393879510293,134.17028392552325,137.4363214393238,45772000
2021-09-29,133.17262268066406,135.94553512593572,132.68842135183831,135.7760328990303,30848000
2021-09-30,132.50106811523438,134.35116361737062,132.3821276786133,133.08143210735338,37996000
2021-10-01,135.34288024902344,135.70715804170354,132.8945886396275,133.26579353336834,35360000
2021-10-04,132.4846954345703,134.76546563551906,129.89813462683114,134.76546563551906,51202000
2021-10-05,134.8274383544922,136.0183854264284,132.8628642127643,132.8628642127643,32404000
2021-10-06,136.3559112548828,136.53928282638935,133.3674114045409,133.56565053252967,24364000
2021-10-07,138.00132751464844,138.81114805651399,137.43236744248404,137.67124657959297,25110000
2021-10-08,138.556884765625,139.097576749606,137.99386876227683,138.3502060903865,26526000
2021-10-11,137.69305419921875,139.47525527556462,137.63852974209917,138.0677377987258,17954000
2021-10-12,135.2497100830078,138.28083098740217,134.5667554031385,138.25406031342655,36332000
2021-10-13,136.37278747558594,136.7871129322512,135.31912671269674,136.19486075177014,19654000
2021-10-14,139.91038513183594,140.09523891303556,137.6048250070832,138.24812282051505,31894000
2021-10-15,140.12547302246094,140.47240282360914,139.51786944318084,140.3698121513104,30274000
2021-10-18,141.52308654785156,141.54093366501112,139.82960687486855,139.8365491009501,20396000
2021-10-19,141.97804260253906,142.39980927751645,141.346647938062,142.1272172677941,20164000
2021-10-20,140.52296447753906,142.28435409702513,140.13391241428846,142.07817450186778,23288000
2021-10-21,140.63890075683594,140.90653183850606,139.26508137049274,140.52292476733345,26292000
2021-10-22,136.3573760986328,139.34735778624022,134.86015436540723,137.92695427249757,50588000
2021-10-25,136.23895263671875,136.787086020702,134.23372308873442,136.34104419991752,34412000
2021-10-26,138.0840606689453,138.85174370106543,137.08888742885156,138.0394580079976,49236000
2021-10-27,144.93235778808594,147.34347311686153,138.17973449966777,138.17973449966777,85782000
2021-10-28,144.5670928955078,145.86459342888665,143.3558332615814,145.84130142868378,36206000
2021-10-29,146.74481201171875,146.9390884983664,143.37816460086918,143.8028958035192,43320000
2021-11-01,142.23574829101562,146.74477665621114,141.96663496333343,146.74477665621114,46924000
2021-11-02,144.1542510986328,145.3204089612238,143.0668927959046,143.3087514833836,33482000
2021-11-03,145.3095245361328,145.37989965427468,143.32016075699752,144.61814533980774,27494000
2021-11-04,146.96434020996094,148.41745854274853,145.02205961897133,145.83138101023934,38412000
2021-11-05,147.54371643066406,149.00624241473633,146.89447456017774,147.85841557801552,38354000
2021-11-08,147.72113037109375,149.29120778593392,147.1258987759427,148.50814284863625,23052000
2021-11-09,147.60963439941406,148.51758389270705,145.95083543426426,147.92136911991284,19530000
2021-11-10,144.6112060546875,146.76858990508995,143.2671365563009,146.20359249121142,29970000
2021-11-11,144.48532104492188,146.23878525750848,144.32077969235291,145.20197357813035,16518000
2021-11-12,147.3712615966797,147.54176210792778,144.13297698199972,145.32688892708117,22360000
2021-11-15,147.14718627929688,148.23504350133263,146.2778957051442,147.59174578945033,23508000
2021-11-16,146.5762939453125,147.45499226873417,146.0177396467435,146.84738864467752,18904000
2021-11-17,146.7457733154297,147.25376579403348,145.9458745981903,146.72644398004232,19594000
2021-11-18,148.5215301513672,149.25701287000476,146.58470958501508,146.9385664922546,35608000
2021-11-19,147.61752319335938,149.6396012782101,147.59026853190187,148.65729911523493,33682000
2021-11-22,145.01611328125,148.51260548030166,144.86297594328792,148.0199796793374,30594000
2021-11-23,144.50067138671875,145.3709602825968,142.84833094604366,144.86841272271184,27218000
2021-11-24,144.835693359375,144.96405646776765,143.10405430635475,144.19487604589696,18040000
2021-11-26,140.9333038330078,143.28693003446975,140.59579672453097,143.07976736967893,30470000
2021-11-29,144.2513885498047,145.0116454494308,142.6287680714975,142.73433830106399,32596000
2021-11-30,140.65036010742188,144.71679630771678,140.35695646818255,143.734009820056,42068000
2021-12-01,139.811767578125,144.66771130937158,139.67349778643103,142.73435417388086,34020000
2021-12-02,141.70945739746094,142.60005891702053,138.98213014707807,140.0085361473816,29194000
2021-12-03,140.75341796875,143.1308356569036,139.0678634936082,142.41816088869103,41230000
2021-12-06,141.89678955078125,142.5881536812222,138.91819607453877,141.7832939712746,30618000
2021-12-07,145.97511291503906,146.23431960919498,143.95105317379645,144.31681320908484,32240000
2021-12-08,146.88401794433594,147.0887152685384,145.11918035220566,146.2992073386308,24270000
2021-12-09,146.34085083007812,147.78950718555691,145.8219535305744,146.29376772137593,23270000
2021-12-10,146.70065307617188,147.66807257838894,145.41455669964134,147.3930152629516,24458000
2021-12-13,144.54481506347656,146.6694692071858,144.23852522703294,146.48261894599256,27070000
2021-12-14,142.6421661376953,143.2101279735769,139.9738254109234,142.70263459263393,38446000
2021-12-15,145.1538848876953,145.43142268224105,140.43274769467823,142.148536251989,36370000
2021-12-16,143.17543029785156,146.37901781040114,142.3447831853687,145.87696937173112,33650000
2021-12-17,140.47933959960938,142.5702956240414,140.05807203589413,141.2475218263389,50416000
2021-12-20,140.3623809814453,140.52841967849685,138.09647759296158,138.7695105661895,27192000
2021-12-21,142.21148681640625,142.60450151263055,139.26758970259098,140.80495248159482,28756000
2021-12-22,145.12811279296875,145.2123723601168,141.81004635956177,141.81004635956177,26322000
2021-12-23,145.62521362304688,146.94054613463166,145.16478825775857,145.2123704862323,26384000
2021-12-27,146.6064910888672,147.0401457449663,145.87596932932522,145.9617111068582,15976000
2021-12-28,145.39772033691406,146.9955515001699,144.77078743444807,146.93310171719043,18200000
2021-12-29,145.36599731445312,146.12130842393856,144.36736044495242,145.35559153853998,17788000
2021-12-30,144.9154815673828,146.00532013112664,144.71129848162374,145.40464374216947,15688000
2021-12-31,143.57887268066406,145.40914004664086,143.57887268066406,144.7663412906992,18136000
2022-01-03,143.71713256835938,144.56907529374837,142.44986625187568,143.78006634339744,28646000
2022-01-04,143.13035583496094,145.19752108924183,142.45336015947626,144.1180880032146,28400000
2022-01-05,136.5640411376953,143.22943968889484,136.4778153700128,143.1506401362504,54618000
2022-01-06,136.53680419921875,138.71003866950787,135.3582591822802,135.79439434447366,37348000
2022-01-07,135.81271362304688,137.23163499485634,134.57320114440378,136.93128920152486,29760000
2022-01-10,137.45069885253906,137.59938954533916,131.9940937569273,133.89077354018556,44408000
2022-01-11,138.50779724121094,138.98358922014876,135.49106011440765,136.79400536234317,28730000
2022-01-12,140.18739318847656,141.35454899976557,139.45786976065304,139.90935634364345,26108000
2022-01-13,137.36892700195312,141.59445882785775,137.1924825382084,140.29596006685344,31436000
2022-01-14,138.2545623779297,139.50497974939202,135.79438276109653,135.87416542111617,29662000
2022-01-18,134.80267333984375,135.92620981691346,134.24809688423744,134.9781195690153,34872000
2022-01-19,133.92893981933594,136.74695452608606,133.82882958181867,135.32357116715727,28648000
2022-01-20,132.13583374023438,136.41638959519287,131.79584612438092,135.05247646638676,29908000
2022-01-21,129.205810546875,133.6801282847316,128.943140301046,131.42810942176132,55652000
2022-01-24,129.65431213378906,130.0498072200361,123.4057196661227,124.87072578658847,76622000
2022-01-25,125.8193359375,128.26168373746512,125.38866078931534,127.60847923176541,46960000
2022-01-26,128.09715270996094,131.83104226573408,126.02452744701331,129.96657793490613,49130000
2022-01-27,127.87114715576172,131.48657988277384,127.79927469686845,130.14993666840274,31950000
2022-01-28,132.17892456054688,132.18438456774498,127.35569637367115,128.51937364185733,34362000
2022-01-31,134.11427307128906,134.28229308420728,131.04747300112987,132.9828112703711,39986000
2022-02-01,136.4342041015625,136.58189655421876,133.1874959638718,136.38513965543686,68644000
2022-02-02,146.69915771484375,150.21447942925087,144.2434402937636,149.9205919214197,123200000
2022-02-03,141.83233642578125,148.35946558582248,141.41156796467584,144.42485698358425,71518000
2022-02-04,142.03355407714844,143.6016501301799,139.27997087416557,142.18372697506842,57998000
2022-02-07,137.9775390625,142.98215841687698,137.6791745678362,142.98215841687698,54974000
2022-02-08,138.1737823486328,138.76949792204235,135.80975027534387,137.80455878303823,54284000
2022-02-09,140.3474884033203,141.27180258476253,138.95483870196645,139.72451821989904,40144000
2022-02-10,137.40162658691406,140.24095165966446,136.744459438641,138.475614665895,39330000
2022-02-11,133.1022491455078,137.9334029746626,132.22749846188867,137.38180608982287,39958000
2022-02-14,134.3348388671875,135.10203810058192,132.08528518005716,132.08528518005716,34302000
2022-02-15,135.40780639648438,136.8946223837062,134.6277210675767,136.36134149082847,26680000
2022-02-16,136.52737426757812,136.87230757588372,133.73809706927898,135.44546098409901,25022000
2022-02-17,131.3740997314453,135.90838734933962,131.31413038447724,135.04553961284972,38950000
2022-02-18,129.25686645507812,132.89164396954067,129.05218420049687,132.293931857016,45620000
2022-02-22,128.67254638671875,131.01873151195204,127.09650976671601,128.6968214918031,44990000
2022-02-23,126.46658325195312,130.89035389025435,126.40661391799688,130.49139522919555,32786000
2022-02-24,131.5247344970703,131.8310242930199,123.85524617381691,123.85524617381691,54456000
2022-02-25,133.2777099609375,134.0825696110589,130.5935034058996,132.37818496175834,36406000
2022-02-28,133.8699493408203,134.5583337933557,131.427102602085,131.88058572904305,38864000
2022-03-01,132.8831787109375,135.0578951055112,132.04760096390638,133.69299913792386,26496000
2022-03-02,133.3887176513672,134.07363858013736,131.90190155372292,133.4447243246417,23520000
2022-03-03,132.7226104736328,135.2402787650286,131.8562842947509,134.8145494526599,24604000
2022-03-04,130.7471160888672,132.67502797880198,129.19190640491172,131.75915337109652,30430000
2022-03-07,125.26773071289062,130.57714987008313,125.18496092413871,130.33232674161766,45112000
2022-03-08,125.98735046386719,130.0964149357728,124.56991874531153,125.14036103345764,40428000
2022-03-09,132.247314453125,132.5600473216055,128.75874807277455,130.09638929835302,37026000
2022-03-10,131.26553344726562,132.10062719921083,129.76186860445603,130.1122619277312,27102000
2022-03-11,128.72903442382812,132.61953964393146,128.49213662745805,132.31523116771578,31526000
2022-03-14,124.84398651123047,129.26280438992276,124.17393309978287,129.10520526240518,38812000
2022-03-15,128.06243896484375,128.71317811067638,124.61550282436785,125.85996865327388,30920000
2022-03-16,132.10906982421875,132.16109871004574,127.60302044405091,129.58395977320907,35576000
2022-03-17,132.66265869140625,132.90203693206857,131.02318923079633,131.97872086094247,28264000
2022-03-18,134.9290313720703,135.04648957688957,131.09601592899304,132.25176776021434,44566000
2022-03-21,134.9052734375,135.84543842143734,132.9139283478914,134.96672499602926,26832000
2022-03-22,138.638671875,139.81028984562343,134.905281506743,134.905281506743,35496000
2022-03-23,137.06016540527344,138.36162868482575,136.62354624695533,137.48341434965386,25154000
2022-03-24,140.32769775390625,140.37428175630868,136.53978312219112,137.97653660408002,26396000
2022-03-25,140.4277801513672,140.7865978961549,138.50929099112452,140.6686405705943,24126000
2022-03-28,140.2122039794922,140.75439330324906,138.5826413227132,139.66207420173586,35050000
2022-03-29,141.25294494628906,142.5296336635574,140.79005434918682,141.39371027179897,34318000
2022-03-30,140.69094848632812,141.4660728529996,140.35542274045525,141.2078644355121,19884000
2022-03-31,137.84519958496094,140.85897258818176,137.80257825062185,140.80444813456486,37524000
2022-04-01,138.91868591308594,139.23636461681514,137.09188211987873,138.27390583221185,25942000
2022-04-04,141.71487426757812,142.4488747295106,139.07726712649293,139.12484935301754,25942000
2022-04-05,139.35531616210938,141.73371683584432,139.14865258935774,141.6132941655978,21418000
2022-04-06,135.3478546142578,138.13563495181108,134.32591048530927,137.53049665262756,32468000
2022-04-07,134.69415283203125,135.95893878121728,133.0477410449295,134.81457550647184,26234000
2022-04-08,132.1160125732422,134.4775643861143,131.79683653197742,134.39182259689332,25142000
2022-04-11,127.69124603271484,130.93151135411028,127.53760956872993,130.66487843192186,36884000
2022-04-12,126.59197998046875,130.4433348003117,125.67461550166297,130.4433348003117,32710000
2022-04-13,128.75230407714844,129.18843915155622,126.61822782302634,126.87495402475328,27928000
2022-04-14,125.61613464355469,129.33268319605867,125.48826307957773,129.33268319605867,31598000
2022-04-18,126.55431365966797,127.0855981275949,125.07295002814799,125.88376118192888,20808000
2022-04-19,128.86631774902344,129.18745998099084,125.88326290264443,126.56918205499946,26490000
2022-04-20,126.91461944580078,130.24410511069215,126.3793722886123,129.7415575029072,31696000
2022-04-21,123.71746826171875,128.95502227336507,123.43199758034922,128.11398446155997,36446000
2022-04-22,118.583984375,124.2998031690539,117.8797341417918,123.90133604882998,56884000
2022-04-25,121.99227142333984,122.19398166489279,117.46938074819151,118.05419147063641,46128000
2022-04-26,117.60714721679688,121.4332209985113,117.46936899450668,121.21961522065254,73054000
2022-04-27,113.2899398803711,116.2115281359682,111.74563485499026,113.46339722510035,91820000
2022-04-28,117.48078155517578,118.59787504178948,113.11201872859588,115.39180660167489,48884000
2022-04-29,113.10655975341797,116.88356939125211,112.81415439821426,115.70848796251151,42676000
2022-05-02,115.55830383300781,115.7193740406315,111.6103103782905,112.40823520185023,35534000
2022-05-03,116.3027114868164,117.40097459460361,115.01463371515267,115.40714926550513,24968000
2022-05-04,121.18640899658203,121.77469077330238,114.10420454212863,116.00287299219873,49916000
2022-05-05,115.48149871826172,119.97515308141593,113.99468267182898,119.1474930563822,45840000
2022-05-06,114.72917938232422,116.53814363596445,113.01339826100602,114.17212241972844,39710000
2022-05-09,111.52210235595703,114.06555074428341,111.01609125808115,112.25460544901141,40802000
2022-05-10,113.38955688476562,115.22825625829458,111.90819312090024,114.49228193195775,39900000
2022-05-11,112.60400390625,115.34172863167639,112.24122348597561,112.24122348597561,37534000
2022-05-12,111.85218048095703,113.29042361789074,108.85921908657511,110.3985706744424,53836000
2022-05-13,115.03050231933594,116.83896736441086,112.60650078179894,113.52633818857002,35038000
2022-05-16,113.4391098022461,115.14894677053942,112.88849600182488,113.94512093552153,25990000
2022-05-17,115.44928741455078,115.87253633398905,113.86037975364924,115.81355766184248,23054000
2022-05-18,110.91598510742188,114.38572183997256,110.57500685562273,113.9892360282762,35126000
2022-05-19,109.4137954711914,112.01671400842774,109.03316793210402,110.45208919807725,34144000
2022-05-20,107.95077514648438,111.19749090818948,104.86662695851531,110.96702866649967,48962000
2022-05-23,110.50809478759766,111.1617983492407,107.78523742789535,108.6243014393132,37184000
2022-05-24,105.03860473632812,105.5228136697581,100.98901060230938,104.8423469431348,76780000
2022-05-25,104.87505340576172,105.56394457254443,102.94367769195411,104.0627524475445,40258000
2022-05-26,106.8450927734375,107.69455509948278,104.30015422152373,104.7481849485602,37948000
2022-05-27,111.3293228149414,111.3308125955402,108.17925358101334,108.52073095633479,37914000
2022-05-31,112.76212310791016,114.71778157634024,111.09341756221775,111.755545645054,50012000
2022-06-01,112.89097595214844,116.0722700821291,112.25462032822502,113.84551695037166,36606000
2022-06-02,116.58868408203125,116.86324988341372,111.95378769453289,112.9980255582533,37992000
2022-06-03,113.53426361083984,115.2991165371884,112.52075159132542,115.04239030742981,26136000
2022-06-06,115.79374694824219,118.29803800265245,115.14301528964043,115.67876159258391,33542000
2022-06-07,116.11983489990234,116.65657936123159,114.0407744070312,114.46550552636866,31590000
2022-06-08,116.16394805908203,117.52835256429877,115.57516714354193,115.73524670504767,26108000
2022-06-09,113.82617950439453,117.25923874880715,113.76720083398786,115.3050626696795,25798000
2022-06-10,110.18446350097656,112.28335238911357,109.39595372206405,111.45668305650874,41452000
2022-06-13,105.45738220214844,107.83529107558937,105.18628753798215,105.84791642014875,47252000
2022-06-14,105.77755737304688,106.97593088273761,104.87010701985535,105.59864757225515,33706000
2022-06-15,108.79975128173828,110.44416645951732,106.7231636370719,107.59096455911155,39698000
2022-06-16,105.10154724121094,107.69356127238406,104.21391782028991,106.27861002380959,51684000
2022-06-17,106.20178985595703,107.7441135350495,104.12272168588028,105.10154532268795,51376000
2022-06-21,110.56361389160156,111.50080688982577,107.64548911545747,107.97209137326078,47416000
2022-06-22,110.50759887695312,112.3502530375987,109.41230779604143,109.58478201623927,30774000
2022-06-23,111.2554702758789,111.7515747494861,109.529283524712,111.24506449929154,28362000
2022-06-24,116.93807983398438,117.0411696178319,111.95972504269348,112.00185482451673,41164000
2022-06-27,114.81541442871094,117.53727377160598,114.16715569950595,117.23347197127057,36420000
2022-06-28,111.02302551269531,116.27842626455549,110.86492729453904,114.78466807841109,35792000
2022-06-29,110.7197265625,112.1659026711125,109.89801049848562,110.57154255312791,24716000
2022-06-30,108.00529479980469,109.91337852535331,105.81174794310992,109.03318289219757,43170000
2022-07-01,107.78176879882812,108.28976122127001,105.79240531545052,106.9843354918693,35476000
2022-07-05,112.26749420166016,112.38049064467288,104.80218931259407,106.15915998193664,39342000
2022-07-06,113.56499481201172,114.57355354870796,110.49620571439615,112.30616050739741,37432000
2022-07-07,117.73898315429688,118.14191207685637,113.82420284830546,114.06853442164258,40936000
2022-07-08,118.30447387695312,118.63305746114801,115.87402164356276,116.21946167906191,38238000
2022-07-11,114.65977478027344,116.96087291799587,114.31681523707087,116.96087291799587,31196000
2022-07-12,113.01834106445312,115.94588075015933,112.69074816289236,115.19354915850505,29960000
2022-07-13,110.3747787475586,113.19229389367698,110.22411430080437,110.71922052622219,43722000
2022-07-14,109.3974609375,110.11658638688233,107.42049173520462,109.24184313705844,37004000
2022-07-15,110.79505157470703,112.14607830712104,109.92526931854086,111.01609870201857,46770000
2022-07-18,108.07170104980469,112.68083230186653,107.41750592240679,111.6499722698316,43164600
2022-07-19,112.80968475341797,113.01783808815178,108.59703937527189,109.87570205635436,36530900
2022-07-20,112.8989028930664,114.38571897797333,111.49138548098223,112.1753157376498,35600400
2022-07-21,113.33504486083984,113.54320579401741,110.1334380530246,113.27557462983975,32676200
2022-07-22,106.95164489746094,111.35261562744701,105.56394829009997,110.02439680939997,48901200
2022-07-25,106.5650634765625,108.90432131164432,105.36569944827403,107.45715461067633,34690900
2022-07-26,104.09695434570312,106.25779418092783,103.15530711554915,105.66306921649698,47991000
2022-07-27,112.0662841796875,112.9088193610781,107.06067446511638,108.29968789382276,59858500
2022-07-28,113.21610260009766,113.33504306020814,110.48035858247879,111.38236407078871,32816600
2022-07-29,115.29763793945312,115.68420953971332,112.06628867044458,112.08611712100763,37223400
2022-08-01,113.85045623779297,115.69410865783321,113.33502246319186,114.28659134517281,26034300
2022-08-02,114.11808776855469,115.32736606008014,112.72048458212805,112.9980223744773,20236000
2022-08-03,117.04217529296875,117.57743004257439,114.46502867668626,114.69300293008928,28499000
2022-08-04,117.15119171142578,117.73600237782314,115.86261481324507,116.4474330419797,21602900
2022-08-05,116.43753051757812,117.07190480623939,114.98044947375558,115.20843127858919,19159500
2022-08-08,116.26901245117188,119.09396129560791,115.85269823014673,117.34942843143419,19138300
2022-08-09,115.60490417480469,116.28884199524232,114.69299212244628,116.11042376218631,19086500
2022-08-10,118.64791870117188,119.85719697468683,117.36926354294056,117.73600666493809,30930400
2022-08-11,117.79547882080078,120.42218875210386,117.51794102802992,120.21403540752571,24293700
2022-08-12,120.61050415039062,120.61050415039062,118.410015444178,119.20298693622571,19096300
2022-08-15,121.00701141357422,121.2250789907804,119.54993038618566,120.06535665403284,19494800
2022-08-16,120.6303482055664,121.3539353982233,119.57966720477233,120.45192996370155,19041200
2022-08-17,118.4992446899414,120.2239492265823,118.33073312003822,119.06423449827227,22847000
2022-08-18,119.1137924194336,119.75808091078403,117.6765398760915,118.38029859169842,17987700
2022-08-19,116.17980194091797,118.10275306426914,115.73376016351709,118.0135401713866,21809500
2022-08-22,113.23592376708984,114.61370622389826,112.84935214610553,114.18748526200035,21456600
2022-08-23,112.85926055908203,113.999154474037,112.43303961913671,112.48260318331054,15870400
2022-08-24,112.69075012207031,113.77116618601146,111.8779576273456,112.5024176637424,17734600
2022-08-25,115.6247329711914,115.69411741968042,113.10705681377382,113.23591148601406,16956800
2022-08-26,109.37019348144531,114.10818734688105,109.22151791479679,113.71170152369614,37245700
2022-08-29,108.4582748413086,109.97482602837435,107.8437290366526,109.02326464751619,21191200
2022-08-30,107.98249053955078,109.52877673229412,106.85251100449418,109.20167540311007,27513300
2022-08-31,107.26881408691406,109.87569528487893,107.17960119904774,109.67745618658887,28627000
2022-09-01,108.77545166015625,109.47921029506787,106.41637309964955,107.32828505792908,28360900
2022-09-02,106.9020767211914,109.76667515278551,106.3172660149257,109.61799202942274,24160700
2022-09-06,105.8712158203125,107.08049412281643,104.8502699767572,106.3569145236708,25068300
2022-09-07,108.48802185058594,109.0133699405841,105.96043878239212,106.119028582092,23167000
2022-09-08,107.42741394042969,108.63669221562516,106.21814322757177,107.09040592922442,24238300
2022-09-09,109.6774673461914,110.0144753600422,108.06178903761959,108.11135259840358,23197700
2022-09-12,109.8856201171875,110.6389423756241,108.96379385270278,110.01447478728238,22966800
2022-09-13,103.40310668945312,107.34812886109147,103.17512488610275,106.85252347865307,38172900
2022-09-14,104.0771255493164,104.35466334080722,102.74890681508529,103.65090463743046,26395100
2022-09-15,102.0055160522461,104.34476678915803,101.45043281291167,103.11566740623707,34188300
2022-09-16,101.89646911621094,102.22356291951621,100.05281649828837,101.17288193424302,42797200
2022-09-19,102.1640853881836,102.42180228471612,100.65744846869414,100.85568758151153,23036800
2022-09-20,100.25106048583984,101.47025310674029,99.63650706262375,101.18280106502655,26517100
2022-09-21,98.40740203857422,101.97575922569139,98.39748781362077,100.7763951258115,31487300
2022-09-22,99.25984954833984,100.35017992291691,97.92171647216169,97.95145158637969,34298600
2022-09-23,97.87214660644531,98.7840662370101,96.6133122907774,98.75432356236846,31625400
2022-09-26,97.3071517944336,99.00212116985077,96.94040867838093,97.23776734850438,27072700
2022-09-27,96.6430435180664,99.12107027493991,96.0185834977758,98.55608047686624,30072800
2022-09-28,99.1706314086914,99.81491229984545,96.25646959395841,96.79172426782799,32466300
2022-09-29,96.5637435913086,97.77302184291314,95.11657689159186,97.77302184291314,31047200
2022-09-30,94.80931091308594,98.03074589010642,94.72009801207578,96.19700749257774,32941500
2022-10-03,97.77301788330078,98.4173063180856,95.67164858345502,95.90954458427032,27982000
2022-10-04,100.74665832519531,100.94489744691543,99.49773068381286,99.5572084701991,28850800
2022-10-05,100.53849792480469,101.03410325667056,97.93161660163159,98.95256237530134,22176900
2022-10-06,100.52857971191406,102.02530987221579,99.70587307869936,99.79508596731075,22324000
2022-10-07,97.81266784667969,99.64640604800172,97.43601051980215,98.97238249935859,27502800
2022-10-10,96.99988555908203,98.22898478378026,96.15735792571904,98.12986522026777,18225100
2022-10-11,96.32586669921875,98.37767277088885,95.46351057314297,96.57366940141243,26507100
2022-10-12,96.7025146484375,97.88205781573463,95.88972216704339,96.44480530818547,21876400
2022-10-13,98.1893310546875,98.90300397980121,93.55046460378601,94.31370108960836,34574500
2022-10-14,95.7113037109375,99.80500878199092,95.52297881847961,99.11115674778205,25410700
2022-10-17,99.09133911132812,100.04290051639435,97.96135947016587,97.99109458245891,28419200
2022-10-18,99.88430786132812,102.56058152852803,99.09134376768007,102.22356592791553,24060700
2022-10-19,98.75432586669922,100.13210822606936,98.05056713051532,99.13099079757089,23811100
2022-10-20,99.09133911132812,101.42068284311566,98.51643506587006,99.12107422362116,25323200
2022-10-21,100.24113464355469,100.41955287075776,96.86111011341654,96.98996478104308,32458700
2022-10-24,101.6189193725586,101.84690116488177,99.10125080640549,100.90525400873032,27176400
2022-10-25,103.56169891357422,103.89870692702209,101.81716593632244,101.99558416765885,40611400
2022-10-26,94.09562683105469,97.44591608866746,93.85773839371232,95.58244279853433,88114100
2022-10-27,91.40945434570312,94.59123986812598,90.993147655817,93.68923447770169,60710900
2022-10-28,95.44367218017578,95.70138906064706,91.32023234198307,91.45900122477447,43697300
2022-10-31,93.67932891845703,95.18596591202643,93.15398843755676,94.58132675716521,31675000
2022-11-01,89.67483520507812,95.18596439796062,89.57571564537245,94.61106036439496,47161400
2022-11-02,86.20559692382812,90.37859311828306,86.11638402723818,90.14070466460588,57038300
2022-11-03,82.69670104980469,85.75953818830197,82.6074881629696,85.56129909230341,61288000
2022-11-04,85.81901550292969,85.87848571894034,82.97423836047841,84.64938669325439,51124900
2022-11-07,87.71223449707031,88.11863452220038,86.08664952122535,86.51287043332725,34078900
2022-11-08,88.11864471435547,89.52616228462122,86.82015337855162,88.11864471435547,30429000
2022-11-09,86.55250549316406,88.6538745954356,86.51285616342274,87.67257069959484,31769100
2022-11-10,93.11432647705078,93.56036822352013,90.80480395682011,91.43917813783004,51620100
2022-11-11,95.5626220703125,96.07804827912527,93.09450211535228,93.8577385481565,33090500
2022-11-14,94.8588638305664,95.93928745861939,93.67932820432442,94.25422468031444,30179500
2022-11-15,97.57478332519531,99.25983848330503,95.85998549384487,97.39636509743826,41640800
2022-11-16,97.98117065429688,98.76422797059618,96.78180668244718,97.03952356736093,29105200
2022-11-17,97.49549102783203,98.4074031127186,95.93929043602027,96.11770867544051,26052600
2022-11-18,96.57365417480469,98.0307350439421,95.52297330311087,97.90187281922236,28342300
2022-11-21,94.75973510742188,97.53512790783459,94.5218466726924,96.43488349899745,21647400
2022-11-22,96.19700622558594,96.36551023797273,93.22337397827062,95.10666835170002,23438500
2022-11-23,97.59461212158203,97.8919783793907,96.23665063568495,96.23665063568495,18868100
2022-11-25,96.6033935546875,97.77302247882432,96.543923332857,97.37653668783366,9701400
2022-11-28,95.2057876586914,96.72233877031711,94.76965254495012,96.18708410227205,26237500
2022-11-29,94.35335540771484,95.27518172427101,93.28284596351969,94.88861012981242,20061700
2022-11-30,100.10237121582031,100.15193477810236,93.59011691093076,93.98660272217356,43647500
2022-12-01,100.10237121582031,101.35129887441687,99.36887738054075,100.1321063282544,28687100
2022-12-02,99.55720520019531,99.88429898405619,98.03073981360708,98.17942293118247,21480700
2022-12-05,98.60563659667969,100.48893073993014,98.12985216783164,98.52633793148219,24405100
2022-12-06,96.12762451171875,98.90301015080603,95.57254133403083,98.42723321260276,24910700
2022-12-07,94.10554504394531,96.02848863434032,93.88747748283083,95.56262596381266,31045400
2022-12-08,92.8863525390625,94.73991924555087,92.62863564307744,94.54167257081721,32213300
2022-12-09,92.01408386230469,93.43151535436729,91.93478519757772,92.94581670466732,28225400
2022-12-12,92.48986053466797,92.73766318967445,90.80480550555872,91.89513567511982,29420000
2022-12-13,94.78948974609375,98.65521352800921,94.1947647555695,96.90077367161189,40593700
2022-12-14,94.23440551757812,96.01858788905928,92.77732450792483,94.36326019238705,28733600
2022-12-15,90.06140899658203,92.81697366079501,89.21888137485573,92.31145406282408,40107000
2022-12-16,89.46668243408203,90.52727761063562,88.73318105041864,89.96228779812273,58011800
2022-12-19,87.66268157958984,89.76404353999254,87.43469977854382,89.4666848509379,29493000
2022-12-20,88.2375717163086,88.39616905558795,86.67146458378042,87.33557392675367,23453800
2022-12-21,88.79265594482422,89.42703018514993,87.54372835066033,88.29705059692365,24745600
2022-12-22,86.98865509033203,87.76179824360828,85.56130923053732,87.38514089164586,27658300
2022-12-23,88.44573974609375,88.76292688788996,86.30472086721583,86.34437020523261,23003000
2022-12-27,86.62189483642578,88.15827431100223,86.24523752605165,88.01950543021509,20097300
2022-12-28,85.26394653320312,87.26619651001516,85.18465541951453,86.21551552084601,19523200
2022-12-29,87.6725845336914,88.06907033133078,85.84876045182291,85.85867467640674,23333500
2022-12-30,87.45452880859375,87.52391325940049,85.80911531469404,86.21551535680346,23986300
2023-01-03,88.33670043945312,90.24973739582715,87.74196796868762,88.80256311679109,28131200
2023-01-04,87.30584716796875,89.85325856571626,86.50296129515269,89.55589230728985,34854800
2023-01-05,85.44236755371094,86.80032906609173,85.14500885244108,86.70120949900179,27194400
2023-01-06,86.57233428955078,86.9192640659125,84.11413611960162,86.02717297103696,41381500
2023-01-09,87.2463607788086,89.25852481278592,87.08777100232832,87.58337634262733,29003900
2023-01-10,87.64286041259766,87.89066312190425,85.07562797410377,85.22431111215543,30467800
2023-01-11,90.7155990600586,90.7948977302534,88.22766567198052,88.3961696743914,26862000
2023-01-12,90.32903289794922,91.06253429761234,88.96116478580137,90.6759627102154,30258100
2023-01-13,91.31034088134766,91.37972533429402,89.33782596038705,90.05149894060011,26329200
2023-01-17,90.48763275146484,91.43919419002684,89.2585335052812,91.25086172242439,32602400
2023-01-18,90.31912994384766,91.9843643742161,89.84334543702602,91.33016162262862,29116700
2023-01-19,92.23217010498047,92.78724574591155,89.83343416594599,89.92264707243187,37000400
2023-01-20,97.1584701538086,97.43601550407813,94.18483803338714,94.26413670489272,63191100
2023-01-23,98.91291809082031,99.1607207694037,96.64304464751609,97.08908644403112,40005100
2023-01-24,96.84127807617188,98.73449405924738,96.34567274812117,97.23776385107986,33078500
2023-01-25,94.3830795288086,95.31481996198589,92.93591288382635,94.73000174467127,42330000
2023-01-26,96.66287231445312,96.7124358785813,94.54168184198296,95.65184064234623,30114000
2023-01-27,98.49661254882812,99.43825971343786,96.45471331121503,96.45471331121503,33879800
2023-01-30,96.08797454833984,97.42610757655028,95.55271982458807,96.62322927209162,27226200
2023-01-31,97.97126770019531,98.01091703799966,95.96902529627194,96.01858885911187,29870700
2023-02-01,99.54729461669922,100.30061689425332,96.72234552879351,97.84241093913148,35531100
2023-02-02,106.79304504394531,106.9020788324088,104.68176884997912,104.87010131411388,69883800
2023-02-03,103.85904693603516,106.86241388680193,101.67838660993706,102.02530881240673,65309300
2023-02-06,101.9955825805664,103.44274929562647,100.98454343127975,101.49997723038128,31999600
2023-02-07,106.69392395019531,107.22917865979215,102.2136547117616,102.31277427376001,49010200
2023-02-08,98.49661254882812,102.23347365780366,97.17830046850436,101.15305759656383,94743500
2023-02-09,94.17493438720703,99.15080896730558,92.80705872811015,99.12107385512309,119455000
2023-02-10,93.73880004882812,95.89963977995525,93.42161291225615,94.61106278381658,54980700
2023-02-13,93.7784423828125,94.36325304999363,93.01520592965052,93.90729704786835,50076100
2023-02-14,93.84782409667969,94.01632809123518,91.44909615264258,93.60002143562618,54726100
2023-02-15,96.08797454833984,96.26639278959044,93.32249559012467,93.65950362229911,50169000
2023-02-16,94.67053985595703,96.8214653459122,93.90730335156145,94.53177095740106,42462600
2023-02-17,93.52073669433594,94.72010084493942,92.39075699666527,94.01634209023845,34284100
2023-02-21,90.98324584960938,92.2817296577271,90.91386139182458,92.18261008408292,33629300
2023-02-22,90.8444595336914,91.30041553499177,89.81359952809775,90.89401552985218,30884000
2023-02-23,90.09113311767578,91.13190729905016,88.97106783366301,91.11207885163788,41206400
2023-02-24,88.34660339355469,89.09992561252551,87.8014420680175,88.65388384050988,36585100
2023-02-27,89.08010864257812,89.36756065406263,88.55476061737971,89.08010864257812,27502300
2023-02-28,89.2684326171875,90.42815487570596,88.534938821612,88.54485304599933,30142000
2023-03-01,89.56580352783203,90.22991291205538,88.88186569379845,89.18914616715412,31111200
2023-03-02,91.1913833618164,91.46892114468274,88.80256197209034,88.87195398014434,32204400
2023-03-03,92.82688903808594,92.90618771372029,91.63743159058448,91.66717426570082,35160100
2023-03-06,94.29387664794922,95.12649761674808,93.17381121430402,93.19363210202732,32639300
2023-03-07,93.03504180908203,94.8291308506661,92.70794044588578,94.14520057401873,27835500
2023-03-08,93.4216079711914,95.11657735157019,93.17380529752776,93.2927533033278,34103300
2023-03-09,91.50857543945312,94.69036101520102,91.09226874258992,93.22337335130082,28813500
2023-03-10,89.83341979980469,91.97443846501345,89.60544558188205,91.35988513059155,35941000
2023-03-13,90.30921173095703,91.75637851356447,88.63406314919474,89.29817253447952,37335600
2023-03-14,93.14408111572266,93.53065272700931,91.62752978493063,91.74647024234909,36050200
2023-03-15,95.26525115966797,96.07804354737155,91.82574917532365,92.4006531370092,50622100
2023-03-16,99.43826293945312,100.30061902134946,94.66062738841612,95.35447189407667,65492000
2023-03-17,100.7268295288086,101.93610017608884,99.2201850976227,99.3787824324158,61028500
2023-03-20,100.33036041259766,100.85570093723516,98.99222731803569,99.24003002304117,32960400
2023-03-21,103.99781799316406,104.17623620992997,100.33034166916575,100.36007677823723,42110300
2023-03-22,102.46145629882812,105.65314851003183,102.4218069619865,103.35353990958235,43427400
2023-03-23,104.67184448242188,105.36569648380548,103.54186493178221,104.136589817013,40797800
2023-03-24,104.51326751708984,104.56282351890222,102.92732421233099,104.06721812674961,30393300
2023-03-27,101.55945587158203,103.8392436963596,101.03411536680986,103.70047479179102,31120900
2023-03-28,100.14202117919922,101.54953863368904,98.86335840017524,101.53963197104099,32057900
2023-03-29,100.49884796142578,101.58917817223534,99.76535419231203,101.38102484163565,28779600
2023-03-30,100.00325012207031,100.27088125455408,98.90300560483199,100.0230785716146,33086200
2023-03-31,102.81829071044922,102.9768804923042,100.1519314693277,100.40964837247186,36863400
2023-04-03,103.44274139404297,103.61124538527355,101.03409927363644,101.49005525349757,25035400
2023-04-04,103.79959106445312,104.6520329153803,103.12556745121624,103.41301947651381,24420100
2023-04-05,103.55178833007812,105.16745913119128,102.74891004200208,104.85027199347772,28290500
2023-04-06,107.4670639038086,108.21047194004801,103.41301570943838,104.33484197686876,48711500
2023-04-10,105.50447845458984,106.64436480832546,104.19608051990066,106.03973318637243,27067400
2023-04-11,104.42404174804688,105.79191730174914,103.75993241934815,105.6134990800635,26311800
2023-04-12,103.72027587890625,105.81173083577598,103.42290967597877,105.64322684987418,24370300
2023-04-13,106.48577117919922,106.54524140425345,104.90974215422128,104.90974215422128,24843600
2023-04-14,107.9131088256836,107.98249327038609,105.90094480463668,105.95050836328302,26578000
2023-04-17,105.03860473632812,105.22693719940173,103.60134460665196,103.74012106946371,37571200
2023-04-18,103.58151245117188,105.60358307540247,103.15529157112812,105.55401951819435,26596400
2023-04-19,103.26432800292969,104.05729956463124,102.16408355317898,102.66960311282216,20905700
2023-04-20,104.36457061767578,105.31613193758433,102.95705330462381,102.99670263824548,27820800
2023-04-21,104.48351287841797,105.0683235019506,103.85904536110522,104.54298309441472,25800100
2023-04-24,105.03860473632812,105.69279990108514,103.77976284473804,104.56282024731928,23542800
2023-04-25,102.9372329711914,105.75227538154243,102.92731874642017,104.89983354732145,46664100
2023-04-26,102.79845428466797,105.41524976209612,101.72794498144636,103.99781824829445,53347600
2023-04-27,106.64436340332031,107.41751415837903,102.62996431134651,103.53196218207461,50089200
2023-04-28,106.39654541015625,106.40645963391208,104.16632149232343,106.09918675851405,36139800
2023-05-01,106.25777435302734,107.0408316423043,105.88111704371835,105.90093792848754,26681700
2023-05-02,104.3943099975586,106.25778337997941,102.79846017510972,106.19831315828286,30997200
2023-05-03,104.48351287841797,106.54522517711807,104.03746357143218,104.60245331041146,21795400
2023-05-04,103.76985168457031,104.67184949855658,103.05617876315749,104.5628157154331,23419500
2023-05-05,104.64212036132812,104.94939327912539,103.19495354910443,103.89871228613758,26639300
2023-05-08,106.82276153564453,107.01109396694962,104.23570886329561,104.25552974758932,26511400
2023-05-09,106.40647888183594,109.18187217322726,106.2478890847401,107.43733903114305,36360100
2023-05-10,110.7677993774414,111.94734256928349,106.98137468108189,107.02102401786978,63153400
2023-05-11,115.54542541503906,116.88355828293253,113.40441433887695,114.38571076702053,78900000
2023-05-12,116.47718048095703,116.99260675738344,115.08948388118702,115.65447372138091,41102300
2023-05-15,115.4859619140625,117.43864822230549,114.9903565591719,115.08947611768251,36266800
2023-05-16,118.45958709716797,119.68868618777017,115.40665647509871,115.46612669425035,45035600
2023-05-17,119.77790832519531,120.60061509648509,117.84505030815377,118.55872328747317,33323600
2023-05-18,121.75042724609375,122.22620420638853,119.7680055994092,119.88694605831367,35234200
2023-05-19,121.68102264404297,124.8628079526781,121.07638353692812,122.464079972312,41353400
2023-05-22,123.95089721679688,125.31876521794419,121.66119542840033,121.85944209965614,35253000
2023-05-23,121.48278045654297,123.53458629434267,121.13585822548262,123.06872361968306,34046300
2023-05-24,119.8373794555664,120.83850441605266,118.80651938298395,120.05544702738894,34182600
2023-05-25,122.39470672607422,124.21853087598284,120.88806215130478,123.42555925112126,42317000
2023-05-26,123.51476287841797,124.15905132995717,121.37374418942687,122.08741708575724,35635900
2023-05-30,122.5830307006836,124.5555455229917,120.92771057579567,124.53571707323403,35076700
2023-05-31,121.79007720947266,122.96961295289324,121.42332648051821,121.67112918762132,37325800
2023-06-01,122.63259887695312,123.32644339782199,121.54226853172855,121.74050766273734,30772700
2023-06-02,123.57423400878906,125.04122914675051,122.67223621986325,122.90021044199662,26980100
2023-06-05,124.9024658203125,126.30998323761919,122.75153279545627,122.92004436641427,32305500
2023-06-06,126.19103240966797,127.16241466547471,124.25817456021957,124.90246303081489,26638300
2023-06-07,121.4233169555664,127.90582861001033,121.04665959275812,125.85403022098032,52539000
2023-06-08,121.06648254394531,122.14690621299393,120.17439134067995,121.15569544544086,29389200
2023-06-09,121.15568542480469,122.67223656375475,120.83849830791537,121.17550631108766,23778300
2023-06-12,122.55328369140625,122.9596836862708,120.59069084683541,121.71075615460212,28306400
2023-06-13,122.74161529541016,124.05992726081115,122.09732686731414,123.8815090432205,22278300
2023-06-14,122.5830307006836,122.95969562270113,120.38254164252703,122.01804087999511,30592300
2023-06-15,123.99054718017578,124.35729787447553,121.32419544608322,122.05768927234496,35246300
2023-06-16,122.44425964355469,125.00158512889624,122.19645696231628,124.82316689591107,45535600
2023-06-20,122.01803588867188,123.47511683040602,121.06647452234982,121.84953188431368,26097500
2023-06-21,119.49044036865234,121.58189533112782,119.04439106306556,121.32417845872234,30306300
2023-06-22,122.0676040649414,122.15680940156187,117.78557397338955,118.94528872348243,26952200
2023-06-23,121.26471710205078,121.71076646804086,119.99596857737609,120.31315570854476,34913600
2023-06-26,117.29988098144531,120.92771609419343,117.23049652880282,119.69861683495303,33969900
2023-06-27,117.28996276855469,118.03337078609204,115.07955960231514,116.05094940599243,39535900
2023-06-28,119.12369537353516,119.3318487010765,115.82296211751444,116.06085055437069,27091400
2023-06-29,118.05319213867188,119.00475349739705,117.26022812090297,118.19196103083988,24090900
2023-06-30,118.64791870117188,120.01579431786013,118.63801203897671,119.1137889438215,29532200
2023-07-03,118.84617614746094,119.1336281862522,117.77566667106697,118.19197339110744,14467900
2023-07-05,120.67990112304688,121.53234291871821,118.18205351963279,118.1919601816183,27584800
2023-07-06,119.0543212890625,119.24265374755836,117.35935184961298,118.74704838295892,24745200
2023-07-07,118.42986297607422,119.98606354107629,118.35056430162291,119.04440879722722,21709500
2023-07-10,115.4264907836914,117.27014341516231,115.11921786589225,117.2602367523764,35315200
2023-07-11,116.11042022705078,116.67541002080333,114.33615217521867,115.26789264862505,23078800
2023-07-12,117.88469696044922,119.27239354834892,117.36927068843174,117.75584228302935,30404400
2023-07-13,123.44538879394531,123.73284082144414,119.39133285851337,119.86711735011022,44297900
2023-07-14,124.31764221191406,125.6656893475704,122.40460528869126,123.70309642753425,33283100
2023-07-17,123.55441284179688,125.9828759841853,123.1083634981514,124.83307552717416,25716200
2023-07-18,122.67223358154297,123.58414557513862,121.87926202742847,123.50484690725973,26193600
2023-07-19,120.95742797851562,124.07974287247721,120.72945377604523,123.50483891108253,37224000
2023-07-20,118.15229797363281,122.99931709920793,117.1809158412712,120.3527866686471,37906800
2023-07-21,118.96511840820312,119.92659410645891,117.68646311472756,119.5598509456707,72937900
2023-07-24,120.46183776855469,121.9189187390688,119.91667640915657,120.59070000224004,29686100
2023-07-25,121.13585662841797,122.067597090128,119.95631349602652,120.29332906056865,52509600
2023-07-26,128.13380432128906,129.8287660545172,127.19215723342076,128.92677586226864,61682100
2023-07-27,128.2626495361328,132.0689098519843,127.65801044654415,130.51270190226427,44952100
2023-07-28,131.4147186279297,132.56452668916148,129.4223905323537,129.63053631303129,36591200
2023-07-31,131.55349731445312,132.35637563474472,130.62175675151056,131.56340397747383,28055500
2023-08-01,130.3937530517578,131.46426227856932,129.53138957410042,129.63051668062243,23166800
2023-08-02,127.25162506103516,128.94658676241383,126.43882508751874,128.3122125664853,26273300
2023-08-03,127.32100677490234,128.25274721907638,126.30006100088384,126.84522989105743,20089500
2023-08-04,126.9840087890625,130.35411926269438,126.78576966555633,128.14372354248303,26147200
2023-08-07,130.37393188476562,130.4532305494762,127.88599866875109,128.0247675508261,22746300
2023-08-08,130.2450714111328,130.35410518598817,128.4014190247344,129.47192832567612,23535200
2023-08-09,128.5203857421875,130.87945697389134,127.86618303626592,130.50280718461022,24912900
2023-08-10,128.5501251220703,130.889383106786,128.31222909619765,130.16580349118593,20857800
2023-08-11,128.4212646484375,128.78800779260496,127.04348228626603,127.52918100734196,19591100
2023-08-14,130.17568969726562,130.21533146634363,127.8265254190536,128.25273871650413,24695600
2023-08-15,128.63931274414062,130.26489755204278,128.14370743533297,129.94771801923622,19770700
2023-08-16,127.56881713867188,129.1349318973664,126.74611798522649,127.56881713867188,25216100
2023-08-17,128.77809143066406,130.82990482519432,128.15362385412445,128.6591509873898,33446300
2023-08-18,126.33970642089844,128.11397436209768,125.2691971219061,127.38047304852682,30504800
2023-08-21,127.24170684814453,127.59854328866702,125.44761798387218,126.06217131195805,25248700
2023-08-22,127.94550323486328,129.13495327549853,127.19218840488578,127.38050576887177,22054900
2023-08-23,131.20657348632812,132.23744122531156,128.72854639699096,129.03581933612043,27819700
2023-08-24,128.63931274414062,133.07002541485494,128.4311669842587,132.7726592046356,28500700
2023-08-25,128.73843383789062,129.61068885584038,126.13154519552585,128.40141074890354,26762900
2023-08-28,129.85848999023438,131.37504093670455,128.99614164313212,130.15585618309913,20543300
2023-08-29,133.38723754882812,135.36965904379704,131.07771469222826,131.07771469222826,43075600
2023-08-30,134.68572998046875,135.08220825541576,132.89164083061692,133.5953920373494,28315800
2023-08-31,134.97317504882812,136.78709265772878,134.59651009871462,134.81457768828804,30053800
2023-09-01,134.46766662597656,136.25184916877205,133.66478826288787,136.25184916877205,21543700
2023-09-05,134.57669067382812,135.22097162539615,133.39714743586188,134.24958930429057,19403100
2023-09-06,133.27818298339844,135.32998104598227,132.495118145148,134.82446908845833,18684500
2023-09-07,134.07115173339844,134.38834641226532,131.78145747227418,132.41583170533318,18844300
2023-09-08,135.18130493164062,135.4588426865127,133.66475394084918,133.7242241562256,23558300
2023-09-11,135.71656799316406,136.27164356834132,134.59649505596173,135.33990308514734,20763400
2023-09-12,134.15048217773438,135.66703367417148,134.00180658972224,135.06239440845826,18405500
2023-09-13,135.50843811035156,135.69675546177504,132.9709257016799,133.9026662941698,20749500
2023-09-14,136.88619995117188,137.48091727999335,135.04254749494362,136.3905946148167,24751000
2023-09-15,136.19235229492188,137.30251863025583,135.28044021121335,136.76725635034862,38919600
2023-09-18,136.9952392578125,137.9368864099472,135.40929606761446,135.40929606761446,21861300
2023-09-19,136.82672119140625,137.1934794427395,135.41920378337616,136.21217538464424,20353700
2023-09-20,132.56451416015625,136.8663646339005,132.44555860062232,136.8663646339005,29927500
2023-09-21,129.29351806640625,131.06777845392287,128.92677497016894,130.28472870460357,31503900
2023-09-22,129.10519409179688,130.86954793351885,128.4609131845869,129.61070610554586,26397300
2023-09-25,129.95765686035156,130.01712709218657,127.82655955465064,128.68890816561319,20094600
2023-09-26,127.43997192382812,129.21423249109523,126.10183137682498,128.62942178523338,25718700
2023-09-27,129.39263916015625,129.7494756200031,127.43996798020761,127.43996798020761,22746500
2023-09-28,131.14707946777344,132.12838346203904,128.64922437989011,128.6987879376221,22513100
2023-09-29,129.70982360839844,132.87178793711044,129.21421829354512,132.10855151732764,30859800
2023-10-02,132.99072265625,133.238525303025,130.01709089494992,130.05674778825096,22288000
2023-10-03,131.26602172851562,133.0799390690274,130.68121106331455,132.76275951955418,22989400
2023-10-04,134.0513458251953,134.37844718411898,131.36515806688755,131.6228674142173,26752300
2023-10-05,133.88282775878906,134.2991344106199,132.27705624495698,133.88282775878906,19832600
2023-10-06,136.37078857421875,136.94569267381706,132.832158631349,132.832158631349,27597600
2023-10-09,137.20335388183594,137.71878757030805,134.41805483156236,135.73636659506175,19278100
2023-10-10,136.84657287597656,138.49198658116535,136.12299316212477,137.28270808695942,27786600
2023-10-11,139.31468200683594,139.86975763903897,137.36199550625815,137.36199550625815,25884300
2023-10-12,137.74856567382812,139.97878996715525,137.04479935307614,139.8102859466206,24765500
2023-10-13,136.15267944335938,138.76947464598243,135.41917820391996,138.15492895530255,23420500
2023-10-16,137.8773956298828,138.40273601931523,136.77715129783755,136.95556193967968,28501900
2023-10-17,138.49195861816406,138.6703692822643,135.97427499935674,137.41154259753543,23515800
2023-10-18,136.7474365234375,139.48317264449588,136.17253249534386,138.22433080496884,23375000
2023-10-19,136.53927612304688,138.4324922204464,136.17253299803895,137.28268416001447,26066000
2023-10-20,134.4081573486328,136.65819441940081,133.8927236249681,136.1229473743945,26335700
2023-10-23,135.3002471923828,136.45005512078916,132.77265713198602,133.85307305839916,26317900
2023-10-24,137.5899658203125,138.13513477372655,136.21218344241674,136.6185834917505,44814300
2023-10-25,124.50597381591797,127.18223962045136,123.97071914254384,127.03356406868409,84366200
2023-10-26,121.20523834228516,123.23722322101568,120.20411345783874,122.18653477861498,57061100
2023-10-27,121.0962142944336,122.22619393308011,119.15344215145646,121.79997301237394,44566500
2023-10-30,123.36609649658203,124.29783707786582,121.67112691907994,122.12708298416779,28940100
2023-10-31,122.98943328857422,124.26809608033074,121.61165093298484,123.96081560140948,26292300
2023-11-01,125.33858489990234,125.37823423377263,122.63258403370556,122.9795062521491,30082400
2023-11-02,126.36945343017578,127.8463552955118,125.81437784316901,127.29127970850502,27124600
2023-11-03,127.9653091430664,128.39152248996186,126.73620241363211,126.8947997576898,26393100
2023-11-06,129.10519409179688,129.19439942516289,127.53907936577991,127.91574427289191,19052700
2023-11-07,129.81887817382812,130.75061873492334,128.7384620443353,129.5611688137135,29757300
2023-11-08,130.6812286376953,131.04798691958564,129.63054760646278,129.81888007898115,26425800
2023-11-09,129.09527587890625,131.38496997848083,128.92677188940007,130.80015934584054,23747800
2023-11-10,131.42462158203125,131.63278248151076,128.27257885187583,128.95651664701234,26913300
2023-11-13,130.92901611328125,131.42462145714984,130.09640276550397,130.62174322003068,18324800
2023-11-14,132.44557189941406,134.50729201715737,132.1482207824069,133.01056927107837,32395200
2023-11-15,133.43679809570312,133.84319816897428,132.39603881613726,133.68460080506208,23861500
2023-11-16,135.72647094726562,136.01393051384863,133.1394255960663,134.00177404646607,28013200
2023-11-17,134.1207275390625,134.86413562027792,132.4753140227168,134.80466539372887,37240600
2023-11-20,135.05247497558594,135.45887504396703,132.44558566460094,132.5149776822315,27815500
2023-11-21,135.76612854003906,135.97427431377318,134.76501119450535,135.09209741037324,22635300
2023-11-22,137.27276611328125,138.19458474282766,136.26172703194487,136.26172703194487,17813900
2023-11-24,135.4885711669922,136.91591676490268,134.79472681375032,136.81678966100844,12514300
2023-11-27,135.2110595703125,137.2033876965765,134.80465954030564,134.83439465228903,23436500
2023-11-28,135.9940948486328,136.0436584048626,134.22974114450358,134.88394378751974,18730000
2023-11-29,133.8035430908203,137.07452642949448,133.65485240517793,136.36086861217828,23967200
2023-11-30,131.36514282226562,134.3586031424181,130.12612954194947,133.86299783029165,38988300
2023-12-01,130.7010498046875,130.94885249162763,129.52150659490437,130.7010498046875,31442300
2023-12-04,128.13380432128906,128.88711896664887,126.7758430151211,128.73844341976016,36669900
2023-12-05,129.83871459960938,130.97860102647664,127.12279142754068,127.8166359971415,27384800
2023-12-06,128.87721252441406,130.68120803665548,128.73844363885704,130.28472982782802,23576200
2023-12-07,135.72647094726562,137.34214919311776,133.51607536911783,133.85308336988615,56767100
2023-12-08,133.8035430908203,135.20113873793494,132.85197412660608,133.0204781372603,32260100
2023-12-11,132.11846923828125,132.16803279885028,130.20543982265264,131.21647898449544,31138000
2023-12-12,131.35525512695312,131.83103206038206,130.10631988027265,130.65148882726206,29032800
2023-12-13,131.40481567382812,132.32663440647838,130.41360492921032,132.20769395702044,30104800
2023-12-14,130.7803497314453,132.54470366937534,128.55012552763398,132.20769564183271,38722400
2023-12-15,131.43453979492188,132.33653000234125,130.0270073455555,130.46314245666346,50847100
2023-12-18,134.60643005371094,135.94455556276986,131.26603936328306,131.46429362359686,32258000
2023-12-19,135.44894409179688,136.26174417356714,134.883961824314,135.63727655584978,25476800
2023-12-20,137.1240692138672,140.45453739695972,136.85645324467703,137.74853672465744,49107200
2023-12-21,139.18580627441406,139.4534374013907,137.9566995474428,138.26398757269197,27488300
2023-12-22,140.24639892578125,140.74200424587772,139.4732558364047,139.53272605486842,26532200
2023-12-26,140.27613830566406,141.42593118854055,139.94903696948103,140.3455151877592,16780300
2023-12-27,139.13623046875,140.8312072908629,138.66045360407793,140.3455086401583,19628600
2023-12-28,138.99745178222656,139.89945701648085,138.52167495111323,139.54262061197767,16045700
2023-12-29,138.4622344970703,139.12634389616656,137.56022906895078,138.40276427098348,18733000
2024-01-02,136.95558166503906,138.2243301608941,135.28043314911363,137.3322465738531,23711200
2024-01-03,137.69898986816406,138.4027561263541,135.87516579367383,136.04366979922918,24212100
2024-01-04,135.1912078857422,137.93686537616287,135.15156611813597,137.20336411572862,27137700
2024-01-05,134.53704833984375,135.9544877613099,133.9621442151988,135.54808767109367,22513900
2024-01-08,137.61968994140625,137.78819394542484,135.06236452075504,135.09209963177744,21404000
2024-01-09,139.7111358642578,140.24639807653827,136.93574306358877,137.28267283542516,24759600
2024-01-10,141.0294647216797,141.74313767378752,139.67151083001588,139.7607161678604,21320200
2024-01-11,140.83120727539062,143.94360802981913,139.40386155685738,142.22881788517725,24008700
2024-01-12,141.39617919921875,141.94134802777754,140.57348775073416,141.416007645168,18785500
2024-01-16,141.2376251220703,143.08127772087843,140.20675747291105,140.75192640999762,22670500
2024-01-17,140.2265625,140.59330557611017,137.67914403979375,140.10762206983958,20968600
2024-01-18,142.21888732910156,142.94248192977855,140.74199327018036,140.80146348400635,25746400
2024-01-19,145.09339904785156,145.16277591860452,143.11097803121055,143.46781441919282,34271900
2024-01-22,144.7068634033203,147.0857631627537,144.55817271543333,145.80710794511032,32200400
2024-01-23,145.74761962890625,145.88638852663772,144.22116175386006,144.60773333501743,21636100
2024-01-24,147.39305114746094,148.53295270577948,146.7983337091306,147.2344537807019,25233500
2024-01-25,150.53514099121094,151.70477730195304,148.22561860084704,148.75097410565905,29149100
2024-01-26,150.85235595703125,151.19927062056652,149.68271948865382,149.77193994469403,26115500
2024-01-29,152.16075134277344,152.42838247060587,150.0990312415879,150.7234988316385,27784300
2024-01-30,150.12876892089844,152.26977239045794,149.86113781545077,151.45698753735525,36331800
2024-01-31,138.86865234375,142.734368781717,138.64066294828885,142.3577038019794,71910000
2024-02-01,139.91934204101562,141.8026368056884,139.55258370287535,140.87089608801784,40466500
2024-02-02,141.12860107421875,141.3664819906908,135.3002766258251,138.0360130379911,62499600
2024-02-05,142.41712951660156,144.19140493261733,141.52504604044913,141.5647029336449,38505400
2024-02-06,142.83348083496094,144.08240098500607,141.93147538647906,143.3786346695141,29128200
2024-02-07,144.2608184814453,144.34011716332222,142.6649684297807,143.48767523899187,25208900
2024-02-08,144.6275634765625,145.0438701746272,143.82468519281807,144.54826480197747,22563800
2024-02-09,147.69041442871094,148.12654961609974,144.89519261390646,145.39079803145248,26829500
2024-02-12,146.23330688476562,148.0273957523625,146.07470954986746,147.1154837637095,21564100
2024-02-13,143.8643035888672,145.38085457275164,142.4270512666812,143.64623605036468,27837700
2024-02-14,144.6572723388672,145.2321762817776,142.82352674295169,144.79604121304055,22704200
2024-02-15,141.51515197753906,142.25855998207064,139.22545774352974,141.88189508654546,37590700
2024-02-16,139.28492736816406,141.9314580380152,138.90826247425002,141.7332189292563,31468900
2024-02-20,139.87965393066406,140.83122289008293,138.26399071915645,138.43249472896153,25144700
2024-02-21,141.29710388183594,141.4358727901422,139.44352938378043,140.2067659418033,23223300
2024-02-22,142.82354736328125,143.7255527379726,141.5448922041246,143.65616072853092,27191900
2024-02-23,142.6947021484375,143.40835995334845,142.16934655124388,142.40724256933106,19493800
2024-02-26,136.36087036132812,141.18806188186093,136.18244456120365,140.89069563143732,53641800
2024-02-27,137.6593475341797,138.02609065509074,135.8850719026194,136.8069057229925,33099200
2024-02-28,135.18130493164062,136.7969679065016,134.21982945059332,136.6879341367538,37328600
2024-02-29,137.24302673339844,137.63950492469195,135.2011201866837,136.07339035713764,42133000
2024-03-01,135.9346466064453,137.64943703156058,135.7165790235201,137.21330186571015,31151100
2024-03-04,132.1779327392578,134.46762668715786,130.7505871289636,134.46762668715786,55999400
2024-03-05,131.50392150878906,132.06891886657937,129.5215001124862,130.72087171210643,40194800
2024-03-06,130.2450714111328,132.40591846062833,129.69991766152992,131.94995491359472,35318600
2024-03-07,133.19888305664062,133.75395856347797,130.45322550531313,131.6228467340528,37738200
2024-03-08,134.21983337402344,136.87627056964266,132.82222277313073,133.03038365770627,39370400
2024-03-11,136.45997619628906,137.8774153719074,134.93351836260592,134.93351836260592,32437800
2024-03-12,137.2826690673828,138.1549392414249,135.8255882651414,135.8255882651414,27563400
2024-03-13,138.56134033203125,139.84991729704038,137.7683838532644,137.7782905156126,23347200
2024-03-14,141.84226989746094,142.3279535040784,139.22547402056372,139.9490536613269,42753400
2024-03-15,139.93911743164062,141.9215388042357,138.7992311922684,141.24752279739727,49475400
2024-03-18,146.38197326660156,150.8126858318924,145.87646130852835,147.3038069838802,69273700
2024-03-19,145.7377166748047,147.4822421656298,144.79606947876087,146.8577896722865,24070400
2024-03-20,147.43267822265625,147.5516186613226,145.45025691328723,146.69917689330697,21311500
2024-03-21,146.30270385742188,149.04834657827197,145.60884427485487,148.15626300736415,24755600
2024-03-22,149.44482421875,150.2477023731003,147.67054880079294,147.80931767778344,29211800
2024-03-25,148.75100708007812,149.05827999793414,146.5207828540801,148.62214484045748,19229300
2024-03-26,149.34571838378906,150.92173980939236,148.66178056238658,148.89967658168865,22149100
2024-03-27,149.5439453125,150.30718174477965,147.59125913003174,149.85121819279237,22879200
2024-03-28,149.60342407226562,150.09902942352818,148.85010938322958,149.52414052577765,24485400
2024-04-01,154.1233673095703,154.3711700008442,149.28625393600836,149.3655526121771,31730800
2024-04-02,153.2015380859375,153.34030699227824,150.8127164395867,152.1508570629753,24586000
2024-04-03,153.55836486816406,153.71696221529052,151.38761094398126,152.2499745660593,24705000
2024-04-04,149.20692443847656,153.40966265921364,149.12762577868838,152.15082101266947,34724700
2024-04-05,151.15963745117188,152.07154951460475,148.28513236262637,148.71134571985755,23459200
2024-04-08,153.48898315429688,153.9052898339039,151.26866573838439,151.4371697426533,20702000
2024-04-09,155.22360229492188,157.16636680492698,153.825991572372,154.71807515609422,31079500
2024-04-10,154.7676544189453,155.23352470706243,153.32047998943062,154.83704643510924,22838600
2024-04-11,158.00892639160156,158.27654243330397,155.08485738751153,155.53089924835962,27166400
2024-04-12,156.34365844726562,158.81177851890706,155.758847768036,156.57164779653132,25353700
2024-04-15,153.49888610839844,157.8403937153416,153.23125499058935,157.46372881803066,27136500
2024-04-16,153.0429229736328,154.28193632388786,152.08144740386092,152.8347772006078,20779500
2024-04-17,154.103515625,155.69936532118263,153.2213387820589,154.25219116747795,21763100
2024-04-18,154.63876342773438,155.56059716944145,153.26098127050776,153.97465412709587,19883000
2024-04-19,152.73565673828125,154.98570931530094,150.96139619825826,154.82711196963538,32615600
2024-04-22,154.90640258789062,156.2544497066036,152.7059136863934,152.9537163543577,26446200
2024-04-23,156.86900329589844,157.57276956282405,154.90641030278562,155.58044145804854,21151600
2024-04-24,157.73138427734375,158.1675194626567,155.78860439495244,156.10579912051713,22779100
2024-04-25,154.6288604736328,155.11455913410575,149.5439450297003,149.99990858082532,57109700
2024-04-26,170.43870544433594,173.1744571152618,168.15891742679023,172.83743392594712,64665300
2024-04-29,164.68966674804688,168.0597925096593,163.75794130995203,167.57409377755957,45610000
2024-04-30,161.3492889404297,166.62253752967678,161.1708782605576,164.1544172520467,33562900
2024-05-01,162.4197998046875,165.65114151829926,161.656563265471,162.8559349699541,33493200
2024-05-02,165.155517578125,165.26455135719664,162.4495166743879,163.34160023066508,24294500
2024-05-03,165.7700653076172,166.48373814579705,161.61689049574852,166.0872448331008,34662400
2024-05-06,166.6225128173828,166.66215458769406,164.57069955510775,165.9881386196856,21871300
2024-05-07,169.7448272705078,170.25033926742327,166.90996414876957,167.01899792747776,28039700
2024-05-08,167.8912811279297,168.65450251317668,167.2569068549834,167.51461620426056,19569100
2024-05-09,168.46615600585938,169.18973549080403,166.70178726740875,167.9011587181858,15346700
2024-05-10,167.16766357421875,168.35712840771933,164.72929393982457,166.55311783500412,29799900
2024-05-13,167.6533660888672,167.79213497268913,162.55854403329832,162.81625335334653,31327600
2024-05-14,168.8428192138672,169.74482453915033,167.31636146118933,168.2778370057792,25127100
2024-05-15,170.99374389648438,171.13251278258656,169.01132259521063,169.13027815806552,26948400
2024-05-16,172.6490936279297,173.58083422008207,171.17219918369724,171.76691660178736,27867900
2024-05-17,174.51255798339844,174.72071889069628,172.1633934028928,172.64907697879545,24479300
2024-05-20,175.36500549316406,177.19875144536334,174.53239208635316,174.6414258747219,22554400
2024-05-21,176.28684997558594,176.58420112115073,174.26477143768452,175.34518759904142,16989400
2024-05-22,174.82974243164062,175.5929637561036,173.6700277652412,175.08745176039344,17880000
2024-05-23,172.02464294433594,176.68333083049927,171.42991039517594,175.5137093084088,21024900
2024-05-24,173.4519500732422,174.22509313899903,172.12371636120923,173.44202828735197,16579400
2024-05-28,174.8495635986328,175.7119272031069,172.83740706265183,172.9167057345963,20572200
2024-05-29,174.35397338867188,175.285713959116,173.18435190640471,173.8881031034498,23388700
2024-05-30,170.59725952148438,173.67992513855842,170.28006486489895,173.6600966913534,22931500
2024-05-31,170.98385620117188,171.53893180715215,167.95075369372532,170.34948191938355,37638900
2024-06-03,171.64797973632812,172.99602708676622,169.65565138830266,171.0235120658181,27459100
2024-06-04,172.26251220703125,172.3219975576634,170.37921780326457,171.7570001617278,26879600
2024-06-05,173.86830139160156,175.09739318392747,172.40129842220728,173.66014045517485,22068500
2024-06-06,175.17665100097656,175.59295765203206,174.20526881518043,174.3539443603167,23251000
2024-06-07,172.92665100097656,176.3066684940716,172.76805363555374,175.49388346446483,19661400
2024-06-10,173.67083740234375,175.7051540576833,171.43805415327046,173.6311501404092,23726700
2024-06-11,175.26858520507812,175.48690308392554,172.44040109788673,174.8716518664662,21540600
2024-06-12,176.42959594726562,179.0295587655737,174.76245808700693,176.8860828234983,27864700
2024-06-13,173.8197479248047,175.38766020073976,173.54189158649058,174.76247586851568,20913300
2024-06-14,175.437255859375,175.7051941501706,172.81745685502335,172.886928506799,18063600
2024-06-17,175.8838348388672,176.99526019491833,173.47242036710682,174.11745590855674,19618500
2024-06-18,173.75025939941406,176.03266350713454,172.7678442779151,175.78457643329608,21869900
2024-06-20,174.9510040283203,175.9334191303285,173.65103020992316,174.02811225809378,20160100
2024-06-21,178.2555694580078,179.46623586353275,175.2586726884267,175.64568800546914,57759000
2024-06-24,177.84864807128906,179.5058677711299,177.30285352534577,178.7814578148954,18298000
2024-06-25,182.62185668945312,182.87986179667686,178.04713041446374,178.24559704633074,23130200
2024-06-26,182.47300720214844,183.0981763241254,181.0837105201297,181.23257184786374,19839000
2024-06-27,183.99131774902344,184.62642010992184,182.61195409916436,182.77071833286294,18848900
2024-06-28,180.75624084472656,183.71344974735644,180.56770738280355,182.90965002904287,29156600
2024-07-01,181.58982849121094,182.4730179096056,179.91275737108273,181.6295157623823,16006100
2024-07-02,183.82260131835938,184.1500780686585,180.17075176456586,180.65700787416756,17372500
2024-07-03,184.398193359375,184.66611653441345,182.59211194048234,183.4356141665868,10242100
2024-07-05,189.1416015625,189.39960668236182,184.3783264542018,184.43786493247498,20967500
2024-07-08,187.5836181640625,188.71489474236242,186.3431826553111,188.44695643270228,21035900
2024-07-09,187.53399658203125,189.89579062187278,187.2759914489027,188.8538217724112,15121400
2024-07-10,189.7171630859375,190.2828089517807,187.58362004629095,187.7026970108747,15952500
2024-07-11,184.1500701904297,189.39958571826102,183.6638141016308,188.39731944685417,25625800
2024-07-12,183.65391540527344,185.67829936578423,183.07835154835516,183.66383343758727,22898400
2024-07-15,185.10272216796875,186.79964437744582,183.5050408426138,183.5050408426138,16474000
2024-07-16,182.5126953125,187.23626771226316,181.9669007256916,185.92637584595624,18290700
2024-07-17,179.63490295410156,182.14554307379208,178.52346250305996,181.56997921247492,20734100
2024-07-18,176.3303680419922,181.10356083919302,175.119701930773,180.53791505223174,25315700
2024-07-19,176.30059814453125,178.91046381081307,175.77465477022162,177.51126425121495,18881900
2024-07-22,180.27993774414062,181.30205541728276,178.8509535799711,179.20819962101348,24100300
2024-07-23,180.3990020751953,182.205083362309,180.15091498468195,180.65702234023118,36352700
2024-07-24,171.30909729003906,174.84185492699467,170.5052975643539,172.2716763828317,49585200
2024-07-25,166.00003051757812,172.09304877138803,165.9107228003057,171.19994131459546,44852000
2024-07-26,165.72215270996094,166.80380863547714,162.8046465209646,165.87099888612107,41336900
2024-07-29,168.23281860351562,169.12592608314606,166.70460877031735,167.5381777702437,20293800
2024-07-30,168.9869842529297,169.91979407162952,167.15114899500833,168.9373789518768,18959700
2024-07-31,170.2274169921875,172.91668748879763,168.70912533779483,171.9144211788754,25729100
2024-08-01,169.45338439941406,172.71821867309802,167.58777995648467,168.94729223504007,24531400
2024-08-02,165.38478088378906,167.22061625981866,163.41000220136607,165.1664630337912,29130100
2024-08-05,158.0314483642578,163.17180469122772,153.74449693951377,154.31014267279176,53630700
2024-08-06,157.07879638671875,159.34136430659962,155.21319199044268,158.11084703677423,49004600
2024-08-07,157.7238311767578,161.73291139086032,157.25742629410797,160.0161531809976,25138600
2024-08-08,160.79019165039062,162.4374934400702,158.9841256428161,159.28181801513983,25578800
2024-08-09,162.4176483154297,162.53672526881738,157.84292193770273,158.78564981676743,28602300
2024-08-12,161.0482177734375,163.63824774493187,160.60166401463542,163.09246822974885,15895300
2024-08-13,162.9038848876953,163.46951549041373,161.72298810159427,162.1596237343071,18551700
2024-08-14,159.1428985595703,161.97109738750262,156.50326348113867,161.1573644799167,40591100
2024-08-15,160.06578063964844,160.40317542086007,158.38870962322818,159.27189898700752,31524300
2024-08-16,161.71310424804688,163.7970268327427,159.89710483293223,160.2344996596875,24208600
2024-08-19,165.3946990966797,165.4145503036196,163.0031359185699,164.01533548402497,22416200
2024-08-20,165.90078735351562,167.34962258490438,165.54355648931903,165.62293103111787,18341500
2024-08-21,164.58094787597656,165.57329603286027,163.40996917699755,163.886292052533,22902000
2024-08-22,162.54664611816406,166.30763931714822,162.06039002531082,165.9801625781286,22493300
2024-08-23,164.3527069091797,164.9084194881608,162.5764102626484,163.45959957039315,13955700
2024-08-26,164.8885955810547,166.26795909914733,163.20160651563705,165.106913416324,14190400
2024-08-27,163.419921875,165.1664646925233,163.201619164844,164.57104961527048,11821900
2024-08-28,161.6039276123047,164.33288545251102,160.2940205808296,163.77715768210635,16407400
2024-08-29,160.5421142578125,164.70005625165825,159.02382249929119,163.05275436266322,19699800
2024-08-30,162.1298828125,162.40773914692483,160.45281163127092,161.37568835446018,22123800
2024-09-03,156.15594482421875,160.61159459119546,155.28267338679814,160.48258445374879,38945300
2024-09-04,155.2528839111328,157.78337502963737,154.76664294942685,155.4612837104589,19353800
2024-09-05,156.036865234375,158.22994668183233,154.78649658056972,155.1040553313884,18688700
2024-09-06,149.76519775390625,156.62232787245784,149.39803374273566,156.09638450541732,37912100
2024-09-09,147.76795959472656,152.4282366790671,146.28739297802653,151.54387525137955,39260500
2024-09-10,147.71826171875,150.31172831197244,147.40028159964342,149.4969156283568,31118800
2024-09-11,150.20242309570312,150.54026559740743,146.5854826673726,148.97027288921362,29607700
2024-09-12,153.71006774902344,153.83924907315188,151.682982309114,152.82570635319718,29621500
2024-09-13,156.46253967285156,157.37670989938488,154.22679282124855,154.44538523091353,29591200
2024-09-16,157.05870056152344,157.2474993531957,155.60795803142506,156.313451749423,18379800
2024-09-17,158.31072998046875,159.53293380012653,157.3766823666018,158.0126274199818,20715600
2024-09-18,158.79763793945312,159.483269373917,157.5953115022546,158.84732423336595,23677300
2024-09-19,161.1128387451172,162.75237989212232,160.31790373118696,162.67290003664115,26587700
2024-09-20,162.55368041992188,162.69279293629415,161.03337393309369,162.46425419413836,40896400
2024-09-23,160.82469177246094,164.44163188871738,160.64582418208624,163.3088543567614,24150900
2024-09-24,161.2619171142578,162.18603362584003,159.67206190654358,161.99723481368196,23332100
2024-09-25,160.46697998046875,161.77861000791742,160.27818118844277,160.44710243338025,18869200
2024-09-26,161.69912719726562,163.0405812277503,161.2519809078131,162.6033661315293,20319300
2024-09-27,162.91140747070312,164.65032158098356,161.5997772832552,161.7786297424913,21101300
2024-09-30,164.79934692382812,165.09743429522993,162.22574304110324,162.28537567750828,20413900
2024-10-01,165.93214416503906,168.08839566011457,163.53740758234116,166.62770671794624,28338100
2024-10-02,164.80931091308594,166.45879878634457,163.68646438360673,165.3657609999376,17760200
2024-10-03,164.80931091308594,165.584368557219,162.88159799640147,163.36849940346053,15073100
2024-10-04,166.00167846679688,167.16426473931182,164.43168589066445,166.99534350266865,19047400
2024-10-07,161.94752502441406,167.41268277986842,161.7189863091265,166.65750280293437,22463100
2024-10-08,163.33868408203125,163.68645779124333,161.8382399845631,162.901468985077,23072700
2024-10-09,160.8346405029297,163.7957583809211,158.72807525360884,162.41456443992033,31181800
2024-10-10,161.05323791503906,162.03697180217182,159.38387269706766,159.85089649743236,14144100
2024-10-11,162.20587158203125,162.86167892454623,160.21854168588243,161.1029028831837,15344300
2024-10-14,163.9149932861328,165.1769369826469,162.36486307226147,162.6033481425783,19016100
2024-10-15,164.41184997558594,166.61777276120088,163.5871060435806,164.73974614754195,20247200
2024-10-16,164.11370849609375,164.74965346425518,162.70270607180197,163.48769471917151,16406000
2024-10-17,161.89784240722656,165.31605267037628,161.72892116495908,164.6801076327293,21453400
2024-10-18,162.384765625,163.66660222742627,162.04692309495266,162.1562268737477,19757700
2024-10-21,163.03065490722656,163.45792366085925,161.58982825285435,161.9177395848208,20946500
2024-10-22,164.09385681152344,164.71987068710104,161.9475365199372,161.9475365199372,16568100
2024-10-23,161.74879455566406,164.7695447784646,160.90417320390316,163.71624709624942,18280500
2024-10-24,161.68919372558594,162.29533007096418,159.9900196550578,161.79849749810091,22412500
2024-10-25,164.22303771972656,164.54100267206263,162.38475119304076,162.63316747166715,19828900
2024-10-28,165.6638641357422,167.68100328825437,162.91140727340738,167.68100328825437,32138600
2024-10-29,168.6051025390625,169.30068030332265,166.03151333010814,166.6674584466476,42169000
2024-10-30,173.3548126220703,180.86691803166593,172.95733750175077,179.5353953312524,68890800
2024-10-31,170.02603149414062,175.69986574053596,169.91672772946706,172.03323918990733,44769000
2024-11-01,170.2048797607422,171.22836871150324,167.81015851321018,168.99262234877236,31796500
2024-11-04,168.1678924560547,169.64844379948434,166.9456734265419,168.8535086611848,21492700
2024-11-05,168.66473388671875,169.4497227111904,167.77042612333224,168.35668494331603,18242100
2024-11-06,175.39183044433594,175.81911434381482,172.4009037964916,172.69900637438644,33695500
2024-11-07,179.60494995117188,179.93286122281984,176.0675049534539,176.28611246788589,25352900
2024-11-08,177.22015380859375,179.75398735731628,176.95186002077781,179.50557111433375,22006200
2024-11-11,179.20750427246094,179.40623425717754,177.3394090594478,177.44871282536081,17450400
2024-11-12,180.46946716308594,181.33396618962504,178.25359803223796,178.6808819487348,25134900
2024-11-13,177.74681091308594,179.81363605883408,177.40895326922643,179.31680352847516,23184000
2024-11-14,174.4677276611328,177.68720818344102,173.21571503907634,177.15062051532624,31007500
2024-11-15,171.39732360839844,173.03686519817956,170.13536450155812,172.6294588087237,32504600
2024-11-18,174.18948364257812,174.32859614097288,171.80467846165004,172.3213885251699,20135300
2024-11-19,176.9916229248047,177.73687175049812,172.46051249052883,172.61950254558704,23434900
2024-11-20,174.8651885986328,176.55441631876369,172.67912830422068,176.2165738071629,18997100
2024-11-21,166.56808471679688,173.0269078339117,162.6629730093742,172.79835394534456,59734400
2024-11-22,163.7162628173828,165.40550568311707,162.8617101914929,164.79936934193785,38604600
2024-11-25,166.5879364013672,167.56173904858872,164.56086640923021,165.0378213787698,33135300
2024-11-26,168.04864501953125,168.74422275300518,166.5184073625678,166.5680936524055,20486700
2024-11-27,168.15794372558594,168.40636000516253,166.95561742322607,167.9294049937709,19266500
2024-11-29,167.87973022460938,168.3566852687276,166.10107621213314,167.43258392311557,14257200
2024-12-02,170.4036407470703,170.98989954223964,167.50214035040204,167.7008703464783,23789100
2024-12-03,170.25457763671875,171.5860852555961,169.7676914327812,170.40363650165742,22248700
2024-12-04,173.26536560058594,173.8019532050098,169.9763367929556,170.0657630063179,31615100
2024-12-05,171.54635620117188,174.94468929994056,171.23832242107443,174.24912670582898,21356200
2024-12-06,173.60325622558594,173.97090750291954,170.77130430056872,170.94022556750923,21462400
2024-12-09,174.45877075195312,175.34414569527965,172.74770667593938,173.05610866341627,25389600
2024-12-10,184.20785522460938,185.39167441568316,180.109267593904,181.89991783336416,54813000
2024-12-11,194.3846893310547,194.59360484337623,183.88951960925283,184.34712093414166,67894100
2024-12-12,190.9625701904297,194.16582489848338,190.71386920648584,193.98676747620544,34817500
2024-12-13,188.83370971679688,191.72857792999457,188.65463709667358,190.01751377084074,25143500
2024-12-16,195.63815307617188,197.96599073113543,191.61913652261555,191.86783751599637,44934900
2024-12-17,194.40457153320312,200.37339478634232,193.96685539925252,196.22506444695088,43504000
2024-12-18,187.42103576660156,195.97635478856293,186.7644767742897,194.2056051830061,34166100
2024-12-19,187.53048706054688,192.02700516266594,187.40117286917095,190.63428570513082,32265200
2024-12-20,190.41542053222656,191.88772607244653,184.25758188521124,184.8146696474835,63462900
2024-12-23,193.61871337890625,194.0862724877592,189.16198039152084,191.61914756204428,25675000
2024-12-24,195.09100341796875,195.09100341796875,192.7731083908338,193.82759815006608,10403300
2024-12-26,194.5836639404297,195.7276824419866,193.37000187433253,194.1359900072514,12046600
2024-12-27,191.75840759277344,194.30511850410315,189.6593706110804,193.93703071352402,18891400
2024-12-30,190.24630737304688,191.5494980812226,188.13731273783964,188.8137872976618,14264700
2024-12-31,188.31640625,190.9625886175899,187.5305025643788,190.08715621219056,17466900
2025-01-02,188.44570922851562,191.00236272405684,186.52574484771176,189.65937128935172,20370800
2025-01-03,190.79345703125,192.2060921029038,188.9928641770284,190.37564116282604,18596200
2025-01-06,195.8470458984375,197.19003728298551,192.8427489428689,192.9720631324044,29563600
2025-01-07,194.47422790527344,199.95559215597262,193.5888530048973,196.085805432373,26487200
2025-01-08,192.94223022460938,195.2700679108895,191.3803958585084,191.56941104474132,24864800
2025-01-10,191.04214477539062,195.49887742154428,189.32113818407666,193.29041142782185,26665200
2025-01-13,190.01748657226562,190.1866014129224,186.38645842630518,189.08238366148746,21823700
2025-01-14,188.6745147705078,190.98245196740993,187.33152340912505,190.24630678281764,17174900
2025-01-15,194.5338897705078,195.3396784348841,190.86306125101433,192.08666569767828,21776000
2025-01-16,191.90762329101562,194.46426141133438,191.8081368295779,193.1312278332848,17815400
2025-01-17,194.98155212402344,196.20515659372487,192.74324348994662,195.50879694346804,27735100
2025-01-21,197.02093505859375,201.23889429991502,196.8418624454126,198.03563938794179,29971300
2025-01-22,197.33926391601562,199.43830095568052,196.50363220208854,198.02568110227872,26200600
2025-01-23,196.9512939453125,199.25924653814067,194.18574000771966,197.11046623023265,26951400
2025-01-24,199.16969299316406,199.85609492474924,196.9711697228321,197.07065618338206,23877500
2025-01-27,190.81332397460938,195.85698677854776,189.73893399543607,191.41021235620636,41728900
2025-01-28,194.28521728515625,194.46427471258818,189.68921264751984,191.7484641400102,24157900
2025-01-29,194.39463806152344,195.7674571519655,192.4249153665142,194.54385257803781,18218300
2025-01-30,199.8262481689453,200.35349300478669,196.64287882627042,196.97116592435128,24354700
2025-01-31,202.9599151611328,204.41232049224394,200.75144907949408,200.95040684244714,32001100
2025-02-03,200.1843719482422,202.69128186873195,199.0602539340499,199.64718455503106,27838300
2025-02-04,205.30764770507812,205.97416454187623,201.75619025433605,202.33317837712485,43856400
2025-02-05,190.33583068847656,191.74845039513906,187.05297480534406,190.0771871408914,70373900
2025-02-06,190.6044464111328,191.10184839531686,187.73940612479137,188.5153520057582,29297400
2025-02-07,184.376953125,190.18660431911357,182.28787402069702,190.05729013281342,49315000
2025-02-10,185.5010986328125,187.22210526115876,184.8942676002274,186.37653098919859,23105600
2025-02-11,184.35708618164062,185.9686638183211,183.32248151205218,184.0685845185901,21239500
2025-02-12,182.6559600830078,184.14816605879201,180.88521020610418,182.26798713648407,22072600
2025-02-13,185.1728057861328,185.3120777313061,182.18839394998832,183.36227049888035,21402500
2025-02-14,184.2675323486328,185.43145115453234,183.36227228593566,184.0984174978102,20448400
2025-02-18,182.8151092529297,184.99373213088467,180.79565863535095,184.6356021347893,29916700
2025-02-19,184.3073272705078,184.4963424448096,182.63604878465782,183.11356559747395,19549400
2025-02-20,183.60101318359375,184.34711614040583,181.77057757262898,183.83977159439488,20441500
2025-02-21,178.7264862060547,184.37696551099646,178.14949807767616,184.18795032658747,35199200
2025-02-24,178.318603515625,182.16848984705686,177.96047349552646,181.04437173412518,29854200
2025-02-25,174.50851440429688,177.81127094293745,173.7823117406095,177.11489600513676,41913400
2025-02-26,171.8324737548828,175.16507289862997,170.68845533929954,174.16032642215686,35431300
2025-02-27,167.62448120117188,173.65299127143683,167.06739336596,173.0859608604194,39991000
2025-02-28,169.39520263671875,169.7234897370402,165.90344649975822,167.80351036476668,48130600
2025-03-03,166.14219665527344,172.46915017235435,165.06780660374991,171.0366301036563,40770500
2025-03-04,170.0319061279297,172.38958686515363,164.93851425765493,165.37623046766387,45388000
2025-03-05,172.1209716796875,172.87701716435777,168.18154163334694,169.63396197807168,30954900
2025-03-06,171.45445251464844,173.9016615264532,169.6140592892689,169.6439021909127,28302000
2025-03-07,172.95660400390625,174.06083692312112,169.38526170085638,170.37010783184354,27385800
2025-03-10,165.1981658935547,167.77768707285077,163.02700292073365,167.57848498247546,43604000
2025-03-11,163.3755645751953,166.0745946593306,160.71638098509786,164.24205105519363,39587400
2025-03-12,166.4331512451172,166.96100335852913,162.86764957538162,165.90529913170525,28372400
2025-03-13,162.1007537841797,165.45711431897539,161.4533926135524,165.36746730396223,31756200
2025-03-14,164.8197021484375,165.8156517325666,161.79200690237369,162.60869285591215,31995900
2025-03-17,163.6245574951172,165.6264259709924,163.00707358955603,164.36156568984055,31184300
2025-03-18,160.0192108154297,163.58471199332098,156.08521317066442,163.01701346080097,42074800
2025-03-19,163.2261962890625,165.19817244671944,160.34790225399752,161.10481855769754,34275600
2025-03-20,162.14059448242188,164.22212545502225,160.3080509045436,160.91558075554488,28138500
2025-03-21,163.32577514648438,163.57476253851374,160.23832540652674,160.5570365628768,36625800
2025-03-24,167.00083923339844,167.63826163368083,164.47113366947016,166.3933245024789,30879100
2025-03-25,169.86917114257812,169.93889491315255,167.63825363596857,168.29556886017417,24174400
2025-03-26,164.3914337158203,168.92300730211159,164.17232359449744,168.31547745607713,28901600
2025-03-27,161.5828857421875,164.7499985121227,161.34385234187698,163.96320493120362,24508300
2025-03-28,153.70492553710938,161.16459457709033,153.00776375696793,159.83997959632808,48669300
2025-03-31,154.013671875,154.91002058949647,150.0497960442676,152.48986994216352,54603500
2025-04-01,156.43382263183594,157.45964958057314,152.99778409802235,152.99778409802235,30672900
2025-04-02,156.40391540527344,157.7683766642482,154.07339703462338,154.52157130636616,25041700
2025-04-03,150.10952758789062,152.16118136873095,149.78086239042807,150.49794733089453,46883400
2025-04-04,145.01026916503906,150.45811474262314,144.79115903527634,147.41049617328275,62259500
2025-04-07,146.15560913085938,152.23090799124293,139.96080117715204,140.9766740613606,76794100
2025-04-08,144.11392211914062,151.62339155340192,142.4506879025941,150.60751857909074,52200200
2025-04-09,158.06716918945312,158.90376321404577,143.32711193141117,143.8350407612742,70406200
2025-04-10,152.20103454589844,157.0811818078422,149.322725435418,155.90595330498695,48022000
2025-04-11,156.5035400390625,157.03139218045564,152.2010451058409,152.28070771093053,33636200
2025-04-14,158.4257354736328,161.06499625643693,156.92184161132906,159.3519614550363,30333000
2025-04-15,155.6768798828125,159.0033479067655,154.5813444386225,158.4854650554691,27551500
2025-04-16,152.70896911621094,155.2585979132132,150.8963333701315,152.47990494067977,28187400
2025-04-17,150.5477752685547,154.05350761930674,147.8985451558595,153.6650878055648,33046600
2025-04-21,147.07186889648438,148.34668311054725,145.50823599827558,148.27697454416065,26049100
2025-04-22,150.8564910888672,151.5735760354548,147.93835078181212,148.2869392297591,26971800
2025-04-23,154.72079467773438,156.8919577671247,153.18702360261742,154.9797361333446,31128800
2025-04-24,158.63485717773438,158.94359913409957,155.15898746904153,155.51752994672043,45894000
2025-04-25,161.30401611328125,165.42724716152773,160.38772903857225,164.4014202116321,56034000
2025-04-28,159.95947265625,162.48917806099573,157.9576193461597,161.7720931027873,29745800
2025-04-29,159.5113067626953,160.0889594093041,156.88200017636458,159.6706623611363,26809000
2025-04-30,158.15679931640625,158.62489684356424,154.7705615625615,157.34011335090173,34981100
2025-05-01,160.64666748046875,161.29402861733962,158.2663486338276,159.80010427349828,30203200
2025-05-02,163.36563110351562,164.3018262703875,161.21437606436152,162.7481471411051,25715000
2025-05-05,163.54490661621094,164.72011996544808,162.06093609508568,162.33980079480253,21341800
2025-05-06,162.56884765625,164.13249581033162,160.53711717512775,161.51314352018753,21277200
2025-05-07,150.76686096191406,164.33169015930102,147.24119073545722,163.41541831659652,127490100
2025-05-08,153.65512084960938,155.29843180094085,152.2807053795591,154.37220586033243,57498700
2025-05-09,152.13131713867188,154.4220044950508,151.58354176260508,153.5455638933439,32435300
2025-05-12,157.8181915283203,158.45559870977985,155.61713606908535,156.85211913184455,44138800
2025-05-13,158.88385009765625,159.9196462677562,155.52750456311006,158.14684186881533,42382100
2025-05-14,164.70018005371094,166.3235827604559,158.96351584378579,159.31210428165852,48755900
2025-05-15,163.2958984375,165.53678497348048,161.71232706903228,165.16827329805872,33146700
2025-05-16,165.51686096191406,168.66406524073284,164.94916241420358,167.05061660833445,42846900
2025-05-19,165.86544799804688,165.96504904182535,163.55485271284547,163.84367142462605,30426100
2025-05-20,163.31582641601562,167.817523283891,162.24019892385144,165.75590012466307,46607700
2025-05-21,167.8772735595703,172.43872486137178,162.89752522096424,163.02700354080346,73416000
2025-05-22,170.1779022216797,176.05401394301808,170.0185618363875,171.15394376538748,74864400
2025-05-23,167.78762817382812,169.2715985296926,167.2099755896054,168.3752347830085,35211400
2025-05-27,172.19969177246094,172.46860243837372,169.3114438097941,169.47079940418584,37995700
2025-05-28,171.66188049316406,174.56009759174123,171.21370619473115,172.45864324425892,34784000
2025-05-29,171.1638946533203,173.71352313508294,169.93888093061088,173.29522613701107,29317300
2025-05-30,171.0443878173828,171.5124853397844,166.76180154699824,170.6559680857075,52639900
2025-06-02,168.34536743164062,169.18196148692468,166.7120106202351,167.16018492149544,38612300
2025-06-03,165.50692749023438,167.79761502839838,164.6105787651643,166.81163447021882,45084900
2025-06-04,167.36935424804688,167.53866387757995,165.6861967820594,166.06466254041968,26900800
2025-06-05,167.5286865234375,170.23765541573877,166.9111874462575,169.6500488073603,36379100
2025-06-06,172.97653198242188,173.79321800916722,170.1380845314093,170.1380845314093,35731800
2025-06-09,175.58908081054688,175.96800471005412,173.87397240224888,174.04348698482235,28935900
2025-06-10,178.09194946289062,180.5948038838724,174.41244383100403,175.6987675223273,61766100
2025-06-11,176.8455047607422,179.8569029175766,176.24720547354727,179.2586188457646,31646800
2025-06-12,175.2001953125,176.2172980493167,174.25290075490625,175.6788256293735,20941900
2025-06-13,174.17312622070312,176.6261351195968,171.8996131999643,171.9494740114175,27663100
2025-06-16,176.26715087890625,176.43666545813562,174.15317124562452,174.23294549738824,27389200
2025-06-17,175.44947814941406,176.85547082344988,174.08338020939252,175.20018931566514,24973000
2025-06-18,172.8269805908203,176.0577543370001,172.70731159680278,175.50931582595604,28707500
2025-06-20,166.16595458984375,173.84404717223623,164.98931866750593,173.4551572231979,75659900
2025-06-23,164.7200927734375,166.86397066469698,161.53916480969883,165.79702236468145,57671000
2025-06-24,166.2956085205078,167.74148079179992,165.65742968002243,166.4451757427373,40524300
2025-06-25,170.19447326660156,171.86970222006798,167.07338726794845,167.15316152434053,35479000
2025-06-26,173.04632568359375,173.19590810922037,169.45657569929264,171.93948268163984,31796700
2025-06-27,178.0221405029297,178.17170771682706,171.241481190895,173.046329910377,108140200
2025-06-30,175.7286834716797,180.7144602330707,174.08338322657394,180.26574336762212,63378900
2025-07-01,175.33978271484375,175.58907153758963,173.03635642713306,175.24007631497474,35904500
2025-07-02,178.13182067871094,178.35119606008848,174.5719841997796,175.04063318866915,29128900
2025-07-03,179.01930236816406,179.15890351135596,176.54636131074304,177.9922335542414,21689700
2025-07-07,176.28709411621094,178.78996387462078,175.18025102838192,178.5506411042797,34175600
2025-07-08,173.864013671875,177.44379785510552,172.3184197808512,177.3440914457585,40442500
2025-07-09,176.1175537109375,178.9295387925745,172.27851516418144,174.75145590035325,43025600
2025-07-10,177.11471557617188,177.92240891673904,173.8839422139032,175.1303863111691,29252400
2025-07-11,179.67742919921875,180.91389212460822,175.97797606848104,176.2870917998284,34282900
2025-07-14,181.04351806640625,183.14751640721383,179.16886118965368,180.49507959550706,32536600
2025-07-15,181.48226928710938,183.69595532751242,181.08341324296114,182.28996266650833,33448300
2025-07-16,182.44952392578125,183.80565587223137,181.5121954195811,182.71876014286474,33104200
2025-07-17,183.0577850341797,183.53641535247564,179.96659729454643,181.62187886390834,31992600
2025-07-18,184.5335693359375,185.88970124039062,183.1874187229756,184.87259850820493,34014500
2025-07-21,189.55923461914062,189.74868135121883,185.62045888710102,185.720180506412,45803100
2025-07-22,190.79571533203125,191.1048310792618,186.92676263021804,190.95526385169356,44660200
2025-07-23,189.6888427734375,191.9823029377756,188.64182669674165,190.95523422678895,58681900
2025-07-24,191.6233367919922,197.38689334762466,190.45666688872916,196.46951227536783,74881700
2025-07-25,192.63046264648438,193.77720042486192,190.71592620592727,191.43387927305906,39785900
2025-07-28,192.0321807861328,193.49800038051387,190.29712498462092,193.0991291078416,38139500
2025-07-29,195.1931610107422,195.36267559548023,191.53360267868564,191.88259792418754,41389200
2025-07-30,195.970947265625,197.0379108346005,194.13618500265545,195.04360005779435,32445400
2025-07-31,191.35411071777344,195.43248777249184,190.54641729704366,195.15328548422434,51329200
2025-08-01,188.5919952392578,190.2871562824159,187.28572417197353,188.49227361862017,34832200
2025-08-04,194.48516845703125,194.71452513752175,189.579166069655,189.7486806495505,31547400
2025-08-05,194.11622619628906,197.2971541323202,193.33844625639603,194.1561209300893,31602300
2025-08-06,195.5321807861328,196.07065317332066,193.11906676548202,193.94670749735778,21562900
2025-08-07,195.9609832763672,196.97807082829456,193.77721051804474,196.49944049707085,26321800
2025-08-08,200.84701538085938,202.03363260270996,196.60910542589713,196.65896623314958,39161800
2025-08-11,200.42822265625,200.90685295750995,198.50372015999918,200.36839577051538,25832400
2025-08-12,202.7615509033203,203.91825467935456,200.01937388440479,200.79715378526663,30397900
2025-08-13,201.385498046875,203.94817934449617,196.94814463612107,203.5493232968563,28342900
2025-08-14,202.3627166748047,203.85844975532365,200.65757426824428,200.9268104830451,25230400
2025-08-15,203.31996154785156,205.85274455493158,200.70741950553764,203.270115954676,34931400
2025-08-18,202.92111206054688,204.68608127587706,201.91399064284568,203.61911775674488,18526600
2025-08-19,200.99661254882812,202.86128819689205,199.39119181596234,202.45245084896237,24240200
2025-08-20,198.7530059814453,200.70742189093835,196.04074228977996,200.15898342104597,28955500
2025-08-21,199.18179321289062,201.90402322277677,198.8626961782015,199.18179321289062,19774600
2025-08-22,205.50375366210938,207.9467813600623,200.72738596931413,202.15331089436756,42827000
2025-08-25,207.8969268798828,209.92115104730735,204.69605147341804,205.84277405344866,29928900
2025-08-26,206.55075073242188,207.258737698756,205.11484464858782,206.91969332896332,28464100
2025-08-27,206.88978576660156,208.31572581537765,205.0649896678173,205.11485047791405,23022900
2025-08-28,211.03794860839844,211.61630051242363,206.31142697470574,206.66043741838072,32339300
2025-08-29,212.30435180664062,214.03939239893296,209.60205408045064,209.91116980825524,39728400
2025-09-02,210.74879455566406,211.0778424398192,205.61343524607918,207.84706876322787,47523000
2025-09-03,230.00384521484375,230.6519900738744,224.1505332557257,225.5665071716633,103336100
2025-09-04,231.63917541503906,231.70896837288984,225.46678177531555,228.99670478436465,51684200
2025-09-05,234.33152770996094,235.08936036459093,231.2403397689098,231.5394894431058,46588900
2025-09-08,233.5829620361328,237.66498669397225,233.21368944217105,235.01017746372742,32474700
2025-09-09,239.16204833984375,240.00040430810463,232.7745373112583,233.71270408816554,38061000
2025-09-10,238.7029266357422,241.18806943420256,237.38551236319012,238.43344965061024,35141100
2025-09-11,239.9005889892578,241.77692250779666,235.78863959738683,239.41155563146188,30599300
2025-09-12,240.32977294921875,241.60727216892423,237.53523769524105,239.90060472674395,26771600
2025-09-15,251.11865234375,251.91709313601174,244.18222746714693,244.18222746714693,58383800
2025-09-16,250.66952514648438,252.54584342751238,248.98282303107263,251.58772669443232,34109700
2025-09-17,249.04270935058594,251.10867430438276,245.7990560449756,250.7294115061419,34108000
2025-09-18,251.53782653808594,253.4940056881638,249.312185617516,251.18850393768201,31239500
2025-09-19,254.2225799560547,255.50007913340238,251.3182589953225,252.75544937708653,55571400
2025-09-22,252.036865234375,255.28051872493555,249.81122418035432,253.93314887572123,32290500
2025-09-23,251.16856384277344,253.8632882566711,249.9908602190898,252.54585863312587,26628000
2025-09-24,246.65737915039062,251.8572116525034,245.95874917105462,251.1685566625181,28201000
2025-09-25,245.30999755859375,246.00864273328935,240.26987173165682,243.9227126560544,31020400
2025-09-26,246.0585479736328,248.93292875938775,245.4896689933639,246.58752699597628,18503200
2025-09-29,243.57342529296875,250.6595513653868,242.2959260790964,247.36600774683615,32505800
2025-09-30,242.62527465820312,242.81489082935371,238.7827869377237,242.33583244883135,34724300
2025-10-01,244.42173767089844,245.8190127995852,238.14402788220525,240.2798481454496,31658200
2025-10-02,245.210205078125,246.32801300536266,241.82682587144092,244.6712510924991,25483300
2025-10-03,244.8708953857422,245.8190372139174,241.18809864914257,244.0125741538274,30249600
2025-10-06,249.9409637451172,250.82924041118625,244.1023965111835,244.30200291397747,28894700
2025-10-07,245.2800750732422,249.95094390133718,245.04055349112926,247.78518329877946,23181300
2025-10-08,244.1422882080078,245.52957313307672,243.34386267365892,244.48163581199606,21307100
2025-10-09,241.05833435058594,244.28202248032238,238.68297718710045,243.99259549865826,27892100
2025-10-10,236.1080322265625,243.61333616794536,235.37944680935243,240.958526974338,33180300
2025-10-13,243.6732177734375,244.02254038501275,239.2419009980627,239.74092459803205,24995000
2025-10-14,244.97068786621094,246.63742490132327,240.04033214741565,240.75892736637323,22111600
2025-10-15,250.53977966308594,251.61767243328853,245.5096286311317,246.76716258187247,27007700
2025-10-16,250.9689483642578,256.4581925767255,249.61160360230107,251.27834055068328,27997200
2025-10-17,252.80535888671875,253.72356048353365,247.32607427452788,250.27031046967195,29671600
2025-10-20,256.04901123046875,256.82748687148535,253.73354951664797,254.19265795496185,22350200
2025-10-21,249.9709014892578,254.38226816359625,243.6732110393333,254.24254216862593,47312100
2025-10-22,251.19851684570312,255.8593804848901,248.8031942886971,253.873276187685,35029400
2025-10-23,252.58578491210938,254.54194887812838,251.35819113136333,252.48597410141812,19901400
2025-10-24,259.4124450683594,261.16898745224296,254.82142179583195,256.07894057309267,28655100
2025-10-27,268.7441711425781,269.61249783187736,263.76392512831256,264.30287916974333,35235200
2025-10-28,266.9476623535156,270.2013056862688,265.9795554362353,269.1633281612099,29738600
2025-10-29,274.0338134765625,274.80229881772505,267.14729422835535,267.22712459889897,43580300
2025-10-30,280.93035888671875,291.02060225143094,279.51311834988803,291.02060225143094,74876000
2025-10-31,280.6408996582031,285.44150434001006,276.48901957648127,282.6569440736325,39267900
2025-11-03,283.16595458984375,284.97241759660864,279.25359613963377,281.62895336390585,29786000
2025-11-04,276.9980163574219,280.7207127582489,275.72051721535576,276.20955057551157,30078400
2025-11-05,283.7547912597656,285.86068664735006,276.79840119805726,278.32541216487215,31010300
2025-11-06,284.1939392089844,287.78691520805194,280.59100344938025,284.77279318145315,37173600
2025-11-07,278.2854919433594,283.225837847663,274.65261591386644,282.6569436244069,34479600
2025-11-10,289.5334777832031,290.2320924976737,282.30759586857965,283.8645774088431,29557300
2025-11-11,290.7411193847656,291.34994399814246,286.75892091303916,287.18807388729897,19842100
2025-11-12,286.1501159667969,291.43978461940384,283.13602426355726,291.1104119733703,24829900
2025-11-13,278.0260314941406,282.2876823136169,276.69861158680555,281.7886586854728,29494000
2025-11-14,275.8702087402344,278.01600396166356,270.1713681999226,270.8799731285475,31647200
2025-11-17,284.4634094238281,293.3759943011471,283.01625922074476,285.2219350622342,52670200
2025-11-18,283.724853515625,288.236015842567,277.65674001133203,287.3577599014325,49158700
2025-11-19,292.2381896972656,303.21670857801746,286.07026549054086,286.5992292728396,68198900
2025-11-20,288.884765625,305.8216273232207,288.1062900504894,303.94529376978943,62025200
2025-11-21,299.0748291015625,303.3265199413647,293.27617727722287,295.8411659039572,74137700
2025-11-24,317.9578552246094,318.85612204740676,308.9954110970811,310.52242205466104,85165100
2025-11-25,322.8083801269531,328.187838552192,317.0296784660599,325.5729598317621,88632100
2025-11-26,319.3252258300781,323.86632857763385,316.1713929045335,320.053780820363,51373400
2025-11-28,319.55474853515625,326.2117368304371,316.1713843298485,322.73852157316225,26018600
2025-12-01,314.2751159667969,319.2254218425781,313.27706870792247,317.0796263275952,41183000
2025-12-02,315.19329833984375,317.75828707212025,313.2970146639371,316.1214749687581,35854700
2025-12-03,319.0058288574219,320.9520026070636,313.4866291038915,315.2731421058358,41838300
2025-12-04,316.9997253417969,321.7304590031499,314.0854447714545,321.6007384606332,31240900
2025-12-05,320.6426086425781,322.52893244489843,318.5467339173106,318.86608586892413,28851700
2025-12-08,313.3121643066406,320.02342950621124,310.8154143139121,319.63392187795114,33909400
2025-12-09,316.66778564453125,317.57660631064704,311.4945269093235,311.96391713296777,30194000
2025-12-10,319.7937316894531,320.8923078304596,314.27092168020465,315.4194206321133,33428900
2025-12-11,312.02386474609375,320.70257104825845,308.19885677560706,319.66391441105065,42353700
2025-12-12,308.887939453125,314.46067218572114,305.1627773855729,313.29221022339095,35940200
2025-12-15,307.8193359375,311.0151883437652,304.4836813703359,310.91531224146183,29151900
2025-12-16,306.1714782714844,310.3660001485481,302.1966411442108,304.55358908476643,30585000
2025-12-17,296.3342590332031,307.6894729197007,295.7350329501308,307.60959033164653,43930400
2025-12-18,302.0668029785156,303.56485302569047,298.8410213827925,301.32777470817274,33518000
2025-12-19,306.7607116699219,306.85059101726483,300.5787559089981,301.33777770154796,59943200
2025-12-22,309.3773193359375,309.7268704705607,304.90313186415943,309.4771954426739,26429900
2025-12-23,313.94134521484375,314.5305745464577,308.91788552805923,309.2274800840275,25478700
2025-12-24,313.6816711425781,314.67037436380235,311.5145092668577,314.360779810128,10097400
2025-12-26,313.10247802734375,314.6804107746781,311.8740659325972,314.0712183432231,10899000
2025-12-29,313.15240478515625,313.6117983030154,310.2162240166622,310.9652491009125,19621800
2025-12-30,313.4420166015625,316.5379928503015,312.0538089034933,312.09376543928346,17380900
2025-12-31,312.5931091308594,314.17104176667254,311.03513952358344,312.4433102220648,16377700
2026-01-02,314.74029541015625,322.0807464242433,309.9265541489014,316.4880203907529,32009400
2026-01-05,316.1285095214844,318.60526603903236,314.2209888461081,317.2470486555906,30195600
2026-01-06,313.9313659667969,320.5227923064431,311.3746963103618,315.9886856047422,31212100
2026-01-07,321.56146240234375,325.72602466406613,313.78158025326775,313.9513421990662,35104400
2026-01-08,325.0169372558594,329.8905982345552,321.08205673508803,328.54234711069296,31896100
2026-01-09,328.14288330078125,330.3999246926398,325.37646465172014,326.6647962522232,26214200
2026-01-12,331.4285888671875,333.6057781716088,324.5775210522192,325.37646891287716,33923900
2026-01-13,335.5332336425781,340.04734658205444,333.18628259299794,334.5145706345901,33517600
2026-01-14,335.4034118652344,336.08252056576845,330.05039437456895,334.62442706687915,28525600
2026-01-15,332.347412109375,337.25103316994193,330.3100554080323,337.2110766328429,28442400
2026-01-16,329.5710144042969,334.2149635116852,327.27401649506595,333.97528525413946,40341600
2026-01-20,321.5814208984375,327.30398324237245,320.01345448184367,320.4528849486331,35361000
2026-01-21,327.953125,332.0478012719212,318.9348648307384,320.50283121296127,35386600
2026-01-22,330.11029052734375,334.7142826747097,328.3226090802118,334.0152109953496,26253600
2026-01-23,327.5036926269531,333.2562145369407,327.0243361197249,332.05776231305794,27280000
2026-01-26,332.8267822265625,335.4034148973675,326.5749102768944,327.3838548641184,26042100
2026-01-27,334.1150817871094,337.4707297257924,333.04649592160257,334.93402312381306,21636200
2026-01-28,335.57318115234375,337.10119086219134,331.5084650266126,335.6231039588608,27434400
2026-01-29,337.810302734375,341.8450595994438,326.11553330804276,339.857625711299,39785600
2026-01-30,337.56060791015625,339.5580079569619,331.8580393103398,339.5580079569619,31024000
2026-02-02,343.2431945800781,344.38169669555197,335.193675272949,335.7829045969607,32006100
2026-02-03,339.26837158203125,348.5463032010534,337.0312933144156,346.8884575284791,36506700
2026-02-04,332.6070861816406,342.8637251238478,328.0929422734009,342.51417399710857,70618400
2026-02-05,330.81939697265625,332.2575275064077,306.06161379445837,311.81413592946416,88205800
2026-02-06,322.4402770996094,329.95052083207565,319.50412705068965,326.75466854448496,56380500
2026-02-09,323.8984069824219,327.2740180221729,316.84758707958963,320.5127991892576,39640100
2026-02-10,318.16583251953125,321.25184233940706,314.2009923012897,320.5527401483992,39170000
2026-02-11,310.55572509765625,320.6426005966259,309.25742736560915,318.5553213774315,45406400
2026-02-12,308.59832763671875,315.82890653132813,306.80067966689137,311.684307255737,47761300
2026-02-13,305.32257080078125,308.2287915112591,303.31517401115394,307.32996759040856,38499700
2026-02-17,301.6273498535156,304.0442171582303,295.86486207725466,299.6499434457439,39247600
2026-02-18,302.9356689453125,304.983022308801,300.8583862777236,301.6972906518214,28482100
2026-02-19,302.456298828125,305.0728879320441,299.64995428739604,301.42763905495286,25834400
2026-02-20,314.570556640625,316.0885697634931,303.5049428811186,303.9244103176242,53210800
2026-02-23,311.0850524902344,319.1046122516075,309.4671633706354,318.6352220336332,31423000
2026-02-24,310.495849609375,311.8640638461802,305.53230897934316,310.11633870149166,25615600
2026-02-25,312.4932556152344,313.23231441520727,309.03776179839537,311.65435118745364,29963600
2026-02-26,306.98040771484375,312.73292940852764,301.95694798569707,312.2335794136705,36431200
2026-02-27,311.354736328125,311.9639287272481,303.4050620118916,303.7446468483449,44640600
2026-03-02,306.12152099609375,308.0889612664211,300.908305641281,302.83581985466094,34790200
2026-03-03,303.1853332519531,303.5448811012492,296.3242691134317,298.2018299939976,35497000
2026-03-04,302.7359619140625,305.07291645770977,300.3590508331652,302.49628364637806,29536200
2026-03-05,300.4888916015625,302.90572878105803,297.60263367704704,302.6460874794852,35752300
2026-03-06,298.1319274902344,300.1393243405422,294.7962729857715,295.7050936872067,25576900
2026-03-09,306.1770935058594,306.6168332730834,293.9044256827884,294.1842573074437,29312100
2026-03-10,306.8567199707031,309.3252467158022,305.3875962722132,305.98724420005084,23239700
2026-03-11,308.5157470703125,311.23412470378855,305.7374076911934,306.56689883882945,24125700
2026-03-12,303.3687744140625,308.7555713296518,300.8502897843219,306.636841807898,24928300
2026-03-13,302.09954833984375,307.50632242162294,300.26065041451466,306.8267356773544,23693100
2026-03-16,305.3775939941406,306.3070315122431,302.8391017033621,304.16832484157635,23519700
2026-03-17,310.7344055175781,311.2341070358109,305.3176276402165,305.67739809365116,21955200
2026-03-18,307.5063171386719,312.28346234614037,306.74676108497374,309.0853604878573,20009800
2026-03-19,306.9466552734375,307.8760927647981,302.16951004441273,303.8285227221892,25075800
2026-03-20,300.8203125,305.8173276578073,298.0919312440676,305.2776414809433,44364100
2026-03-23,301.87969970703125,305.7973733016039,300.75036931754545,301.92965766257777,29326900
2026-03-24,290.2666320800781,299.7409842283802,290.15668188195673,299.02141279307426,36864300
2026-03-25,290.7563171386719,295.82329783701033,289.0673235725591,293.2648285118823,29460700
2026-03-26,280.7523193359375,287.7781215852462,278.33375052565475,287.7381369232671,39080600
2026-03-27,274.1762390136719,279.203235317384,273.7864876697142,277.1144865271076,35890600
2026-03-30,273.33673095703125,276.9245842043685,271.9475460941929,276.2550012483934,35141200
2026-03-31,287.3883361816406,287.9080147834651,276.9245851168754,277.87403020607053,43875400
2026-04-01,297.2124938964844,300.34059988895723,290.23664948178913,290.6663854824321,37684500
2026-04-02,295.59344482421875,297.90206355243157,289.2772403921399,290.5164904801884,21666500
2026-04-06,299.8109130859375,300.4405418912755,295.0037868253031,295.69337737406744,16945500
2026-04-07,305.27764892578125,305.4475608650088,297.5422790326475,302.54929810267237,23205400
2026-04-08,317.1305847167969,321.88772251879675,314.8319393907938,320.25872115869026,33547100
2026-04-09,318.29986572265625,319.3492572184689,310.8743084256086,315.72141928886384,23739200
2026-04-10,317.0506286621094,321.6378852163977,316.1311948927162,319.8289680511782,19152600
2026-04-13,321.1181945800781,321.43801087893695,315.28168437302884,316.9507009019676,18866400
2026-04-14,332.7112731933594,333.09105123243734,323.5567375910905,324.59612530340485,27721400
2026-04-15,336.91876220703125,337.278563176308,330.70247381548376,332.69130668872015,24918800
2026-04-16,335.81939697265625,339.67710854893676,334.3202924195682,338.5477782390461,20541500
2026-04-17,341.4760437011719,342.1156763245155,336.0392884001999,337.4484504303517,25581900
2026-04-20,337.2185974121094,341.1962021124509,336.40905286572576,340.55660000710446,18784200
2026-04-21,332.0916442871094,339.13742351057505,331.1522029907326,337.48841459650436,23123800
2026-04-22,339.1174621582031,339.6171637007564,334.96994545488326,336.818816762841,20293000
2026-04-23,338.6877136230469,341.7558578013153,335.97930940305434,340.9763246437424,18650300
2026-04-24,344.19439697265625,345.06387272769797,335.1897964239415,338.5277988797623,26426100
2026-04-27,350.130859375,352.9691603649003,342.5254168368208,345.77347673538645,28576900
2026-04-28,349.5711975097656,352.20963620070955,345.91337868788094,348.34192077884484,27824100
2026-04-29,349.7311096191406,355.5776236260777,344.0045190996302,347.36252924438134,35376300
2026-04-30,384.5702819824219,385.6096696957082,365.60163158627074,373.8467067603946,72040000
2026-05-01,385.45977783203125,386.52914645154755,378.82372671588394,381.4022037517389,30105200
2026-05-04,383.0212097167969,387.14874909409923,379.56328378663693,385.39979379858875,26298600
2026-05-05,388.1981201171875,392.58551415458055,383.79074899852696,385.99945170269467,23878600
2026-05-06,397.8023986816406,399.61131576273664,392.52555179602564,394.0146525811788,31308500
2026-05-07,397.7524108886719,399.8611671879692,392.4455831227277,399.6812819584635,24433500
2026-05-08,400.56072998046875,401.76002583943523,396.1233780013978,396.7630105926761,21461800
2026-05-11,388.40802001953125,397.2027547509894,388.23810807955056,393.41500861238904,30753700
2026-05-12,387.1187744140625,388.28805889354703,382.541491402114,387.10877062384725,26017500
2026-05-13,402.3796691894531,403.4590416115898,384.77019153718186,385.3698394939953,28144600
2026-05-14,400.8305969238281,402.6894719958145,395.6037078837972,397.04285074569174,21136700
2026-05-15,396.54315185546875,399.30151410906007,392.9452946767326,396.0834349796574,20309700
2026-05-18,396.70306396484375,408.36608091552193,394.29449886421145,395.4538101055549,26837200
2026-05-19,387.4285888671875,396.91291402359946,385.8794958446922,396.72302500471704,39545700
2026-05-20,388.6778564453125,393.62488340369265,382.6714341601505,387.4685872554011,31744400
2026-05-21,387.4285888671875,392.2656959548347,382.7913440893277,385.46976743485186,24852800
2026-05-22,382.74139404296875,388.5079387636157,381.54209816202837,387.1187843592316,20442100
2026-05-26,388.6478576660156,389.0276356997364,382.3716078175452,384.2804712769477,27747400
2026-05-27,388.5978698730469,393.64487351491664,385.66962629134815,386.4391861502527,23087300
2026-05-28,389.8971252441406,391.6360768291116,384.9300907577927,387.76839182151133,24357500
2026-05-29,380.1129455566406,385.0100143138995,378.2340629764561,385.0100143138995,44415800
2026-06-01,376.14532470703125,378.3340198477676,373.2970198869562,376.2952290661171,28672100
2026-06-02,361.6340026855469,373.31702687507857,358.2260345973877,366.371163421305,50412300
2026-06-03,358.77569580078125,366.2312646097652,357.8662353535933,361.81388965190393,55441600
2026-06-04,371.96783447265625,373.0271992966173,357.99616844622375,358.68575901079333,44055500
2026-06-05,368.30999755859375,371.8578661166277,363.90262653478294,366.1213024821565,37471200
2026-06-08,363.30999755859375,366.20001220703125,360.5299987792969,365.17999267578125,27942500
2026-06-09,364.260009765625,372.0799865722656,357.29998779296875,367.0899963378906,29535100
2026-06-10,356.3800048828125,368.55999755859375,355.20001220703125,363.19000244140625,32357100
2026-06-11,357.7699890136719,358.79998779296875,346.3599853515625,355.92999267578125,35538200
2026-06-12,359.67999267578125,366.57000732421875,354.94000244140625,362.6199951171875,24704600
2026-06-15,369.3500061035156,372.989990234375,366.54998779296875,367.92999267578125,27727500
2026-06-16,373.25,376.0,367.05999755859375,369.6000061035156,24876100
2026-06-17,363.7900085449219,372.3299865722656,362.0199890136719,369.1300048828125,24543600
2026-06-18,368.0299987792969,369.4800109863281,358.6700134277344,365.75,44470100
2026-06-22,349.67999267578125,358.9200134277344,341.7200012207031,357.95001220703125,52814800
2026-06-23,346.1300048828125,349.2900085449219,340.20001220703125,340.69000244140625,34007700
2026-06-24,345.2900085449219,353.4800109863281,341.92999267578125,349.0400085449219,44997300
2026-06-25,343.7099914550781,345.57000732421875,335.8399963378906,336.7300109863281,44491400
2026-06-26,337.3900146484375,346.3599853515625,330.20001220703125,342.54998779296875,114706300
2026-06-29,353.6499938964844,354.3500061035156,340.6700134277344,341.8299865722656,34213900
2026-06-30,357.3699951171875,358.6199951171875,350.3999938964844,353.8699951171875,35237200
2026-07-01,361.2099914550781,362.9700012207031,356.42999267578125,358.3699951171875,26736400
2026-07-02,359.9100036621094,364.2099914550781,353.4200134277344,359.4800109863281,25974800
2026-07-06,366.4599914550781,367.92999267578125,357.3800048828125,361.54998779296875,26915800
2026-07-07,367.0299987792969,373.1600036621094,365.5,369.07000732421875,24045600
2026-07-08,361.9200134277344,367.8399963378906,358.0199890136719,364.760009765625,22094800
2026-07-09,358.8900146484375,359.6499938964844,351.0799865722656,354.30999755859375,24729100
2026-07-10,357.17999267578125,357.82000732421875,352.75,357.5299987792969,18146100
2026-07-13,352.510009765625,358.1300048828125,351.75,356.19000244140625,15901700
2026-07-14,359.510009765625,360.1600036621094,351.0899963378906,351.20001220703125,18259400
2026-07-15,370.9200134277344,373.6499938964844,357.760009765625,357.9700012207031,28284600
2026-07-16,354.4599914550781,375.2699890136719,352.29998779296875,373.05999755859375,41158500
2026-07-17,346.7699890136719,348.5199890136719,341.3599853515625,346.0,29959300
2026-07-20,351.989990234375,359.67999267578125,350.5199890136719,350.8800048828125,24736600
2026-07-21,347.1499938964844,351.32000732421875,347.0,351.32000732421875,23369800
2026-07-22,342.0899963378906,349.94000244140625,341.7300109863281,348.1600036621094,39334100
2026-07-23,317.69000244140625,324.489990234375,314.8999938964844,321.1300048828125,69419700
2026-07-24,319.739990234375,324.17999267578125,317.32000732421875,318.4200134277344,31806600
2026-07-27,326.55999755859375,330.4200134277344,324.45001220703125,325.0400085449219,28471600
2026-07-28,333.7099914550781,335.8800048828125,324.44000244140625,327.8999938964844,29511900
2026-07-29,336.7099914550781,342.5,331.6199951171875,334.6700134277344,27501600
2026-07-30,333.6600036621094,336.510009765625,330.3399963378906,334.20001220703125,30168000
2026-07-31,356.1300048828125,358.5799865722656,340.0,340.8299865722656,46425700
