Date,Close,High,Low,Open,Volume
2021-08-02,348.88623046875,356.2713588635334,347.68674193292895,354.98268767440595,13180400
2021-08-03,348.182373046875,350.69034766045326,344.6732112647218,349.6594228581962,12406100
2021-08-04,355.7955627441406,357.3419802981205,348.450064236777,349.3521461852516,14180600
2021-08-05,359.810302734375,360.73219970957473,353.79313557019657,356.5093041046294,10247200
2021-08-06,360.3455505371094,361.9712581342335,358.25390296322894,358.25390296322894,8925000
2021-08-09,358.4621276855469,362.59584065348304,357.60962860812293,360.59343588294473,7798900
2021-08-10,357.986328125,360.9304751555723,355.91452543710386,358.6802163961875,7469900
2021-08-11,356.82647705078125,359.2055785824935,354.6951992255373,358.9478624990702,8400300
2021-08-12,359.49310302734375,359.84006230584646,354.0013206031575,355.32968244107315,7170700
2021-08-13,360.01849365234375,361.48562107299557,358.33331038394755,359.81033018281977,7195700
2021-08-16,363.36907958984375,363.75569914673264,354.2689990806307,359.36423946467784,11222100
2021-08-17,355.32965087890625,361.4955060524368,351.9790694475264,359.82021533674686,12328700
2021-08-18,352.35577392578125,356.72735768431033,352.05836731339076,353.1487977216519,10042400
2021-08-19,352.0286865234375,354.4573714498467,347.94455583654707,348.29151514773747,12004500
2021-08-20,356.24163818359375,356.85623617233426,350.23439359725023,351.5131724701607,8697700
2021-08-23,360.1869812011719,362.50660746457834,355.97397818922514,356.3110147999508,10942000
2021-08-24,362.32818603515625,364.75684023789097,358.69012066767607,360.4942845338797,9235100
2021-08-25,365.18310546875,367.6315745800662,362.2191134488895,362.41738450942586,9684500
2021-08-26,361.2080078125,366.2239571323963,360.9601841099284,365.17318705364596,7888700
2021-08-27,369.3862609863281,370.4865839162871,360.91067057838234,361.9218108404231,11219100
2021-08-30,377.3463134765625,378.1690749179181,367.2945688504509,369.31681888061235,13547300
2021-08-31,376.0774841308594,379.4280659124975,375.50251611701077,376.6425295145626,12345400
2021-09-01,378.7242736816406,380.98442525675904,375.5124872990843,376.2856962523636,11567200
2021-09-02,372.0131530761719,378.42683236190425,370.80377207439494,378.1790086340969,14832900
2021-09-03,372.98455810546875,373.8767172960958,369.86195556040315,371.4876934093842,7509600
2021-09-07,378.8530578613281,379.62626663292235,369.9016665912914,372.60791241783016,10793800
2021-09-08,374.283203125,377.5544640235521,371.5274046568623,376.85065315181134,11067200
2021-09-09,374.70947265625,376.5235290146142,373.29192820798465,374.3526210127369,9098900
2021-09-10,375.3934631347656,380.4490731082647,374.9672135938655,378.04020354167477,11549600
2021-09-13,373.2324523925781,378.4268279867525,371.0912517788471,378.35743008330803,13026300
2021-09-14,373.2522277832031,375.2942926398303,371.84457586409377,374.1146494141582,8711600
2021-09-15,370.6650085449219,374.27330631053246,364.4694153158542,373.7181835773616,17940300
2021-09-16,369.8124694824219,370.30811692774245,366.4916255483903,369.5448307526397,11934200
2021-09-17,361.5450744628906,368.17683971497365,358.4423166085418,368.17683971497365,26299000
2021-09-20,352.6035461425781,357.88713372137,346.75488305758677,356.17218295468325,19822800
2021-09-21,354.3681335449219,356.90584622489916,352.09805961371984,355.3792435144386,11751900
2021-09-22,340.2223205566406,346.7946107075454,337.7242682523536,344.207345490811,43692900
2021-09-23,342.9483337402344,346.6260591567218,340.01410966092726,342.35355082163966,21806300
2021-09-24,349.887451171875,351.2653656500242,339.38964145891316,340.2520632105395,18801900
2021-09-27,350.5020751953125,352.05841561645803,344.05865765107916,346.7649039103494,15205800
2021-09-28,337.6846008300781,346.55670226470806,335.96968001839247,344.9408867412506,21710300
2021-09-29,336.65362548828125,342.22472789071014,335.9299996176052,340.1628176861306,14452200
2021-09-30,336.4355773925781,339.8158662468685,335.2063511936451,337.4863475250749,16547100
2021-10-01,340.0240478515625,342.0165298799602,335.69209430346353,338.63621089401767,14905300
2021-10-04,323.3901062011719,333.0155700215492,319.89083684616867,332.60913553248565,42885000
2021-10-05,330.0614929199219,332.262168484536,323.32070069147386,325.71961705579815,35377900
2021-10-06,330.73565673828125,331.46920530979725,322.96387782374825,326.86958228902955,26443000
2021-10-07,326.35406494140625,335.89031577540686,326.11616387754583,334.066337031341,28307500
2021-10-08,327.1768798828125,330.49772395211795,325.8485483054744,328.62419226348635,15946100
2021-10-11,322.6169128417969,327.5832793428931,322.4781170454003,324.77792829946685,14708200
2021-10-12,320.95147705078125,321.5561825542825,314.6071969633952,320.21792864671414,31658700
2021-10-13,321.7148742675781,324.15345139468826,319.85123490549086,324.12371375601333,14761500
2021-10-14,325.670166015625,327.64283351145923,324.25262133522074,325.5016325439759,14302200
2021-10-15,321.93292236328125,326.2054007094238,319.70250897020327,325.8187812003698,21596400
2021-10-18,332.4208068847656,332.96603719606185,324.6490589958284,326.0864486097068,21585000
2021-10-19,337.0303649902344,339.4788647603777,334.3439641094444,336.6933283328445,18786300
2021-10-20,337.8134460449219,340.98560155556015,336.4950372510375,340.46021651337685,13639500
2021-10-21,338.9039306640625,339.3301802425629,334.8594302277221,337.317852654751,16354400
2021-10-22,321.7842102050781,326.7605297669298,318.31467819269096,323.5090838339694,35224500
2021-10-25,325.8287353515625,326.69115710668046,316.93681855417015,317.5117563069419,38409000
2021-10-26,313.0608825683594,327.3355250212981,306.90494887183974,325.40251785429393,65654000
2021-10-27,309.5021057128906,316.4709078935472,309.3434948931129,311.4549579442683,29971800
2021-10-28,314.1612243652344,322.68633715431775,305.4278875930732,310.265412028059,50806800
2021-10-29,320.7533264160156,323.16216597555615,316.81788410494806,317.4027445174339,37059400
2021-11-01,327.1075134277344,330.5473080610597,323.16214869712104,323.20180896504496,31518900
2021-11-02,325.2240295410156,331.87564034805075,320.98128842176436,328.4953209834724,28353000
2021-11-03,328.73321533203125,329.2586004276397,320.3865290771259,324.63916248704476,20786500
2021-11-04,332.9263916015625,334.33401339052415,329.7542358838118,331.1024126520275,22495300
2021-11-05,338.1604309082031,343.77116361985196,336.6834112016594,337.34756183736033,26872800
2021-11-08,335.6722717285156,341.78857452736924,335.39471036863415,341.4218002573743,18342500
2021-11-09,332.4505615234375,338.33885557432916,331.55840217522467,337.04026169208083,17556700
2021-11-10,324.7878723144531,330.2895468537602,322.67640935822544,329.59562832992003,21872600
2021-11-11,324.8869323730469,329.56584481304134,324.15338393710476,326.9488423984899,12376600
2021-11-12,337.92254638671875,338.88407343601807,326.9092438798421,327.3057558051871,25414300
2021-11-15,344.53448486328125,350.5714677319461,340.21245322079113,341.34251378022515,25076600
2021-11-16,339.9744567871094,343.6323370262524,337.9026542813804,340.8368784244507,18181100
2021-11-17,337.80352783203125,344.27668185234273,337.13937723798097,341.24332209715345,13602800
2021-11-18,335.7416687011719,339.4788395456353,332.3811645032816,336.7627012277553,17487200
2021-11-19,342.29412841796875,349.0349521165506,336.94114182774706,339.2211383258241,26488500
2021-11-22,338.0414733886719,350.74985063397304,337.5458259535409,346.01146236419726,27116800
2021-11-23,334.3141784667969,338.42804592460385,330.5968228871068,335.97954650603793,17225000
2021-11-24,338.0910339355469,338.80476746889843,329.91285106468973,333.0750841949081,13566200
2021-11-26,330.22021484375,334.8099159410741,329.0108336264247,332.87687841888254,14750700
2021-11-29,335.0874328613281,337.70446606683015,332.3911093701691,333.95737234216773,16650900
2021-11-30,321.6355285644531,332.8867315122885,320.61449604727216,332.08378507896754,25390000
2021-12-01,307.896240234375,327.6230051442653,307.58894119735874,327.41484165994666,30329600
2021-12-02,307.68804931640625,311.8613925211447,304.5258160544162,308.68923662919264,24396200
2021-12-03,304.1689147949219,311.0187659884353,296.89281406704816,310.9989509816925,27471000
2021-12-06,315.1029052734375,317.3135037928877,303.6732762774191,305.4477026203686,21758300
2021-12-07,319.9998474121094,323.6973876230622,318.20560638194684,318.7706516350471,18794000
2021-12-08,327.68243408203125,329.85337229580705,320.25764508948055,322.1708369530798,19937700
2021-12-09,326.9488830566406,333.2039513001033,325.1447191229976,326.6713217016124,16879200
2021-12-10,326.8795166015625,332.1135528369936,323.52893476015333,329.66505304918854,14528000
2021-12-13,331.57818603515625,338.1207377273347,326.72084759390367,328.06902424502766,22948700
2021-12-14,330.8347473144531,332.7777070826221,324.7977650571663,325.19427696326966,20461000
2021-12-15,338.685791015625,339.1318555324003,321.1597059007008,329.59560422727736,24681300
2021-12-16,331.9846496582031,341.46142630217054,330.8347439657992,336.0291497145093,22635000
2021-12-17,330.8843078613281,334.17538368642465,327.8707631250314,329.9029054140039,40012600
2021-12-20,322.6169128417969,327.02815666114145,319.7223186424487,326.9092061224686,17901800
2021-12-21,331.29071044921875,333.0750288602041,320.9316684330092,323.5685160417155,16116800
2021-12-22,327.5733947753906,331.5980494399973,325.40245663710306,330.89420831620754,16764600
2021-12-23,332.3216552734375,333.7392298126932,325.50154228707476,327.22641579066516,13987700
2021-12-27,343.1664123535156,344.8417029161023,335.067551114895,335.9002350820877,17795000
2021-12-28,343.20611572265625,349.6396098349676,342.19500583233264,343.61255025505903,16637600
2021-12-29,339.9546813964844,346.6459220889968,338.66601010462034,343.8901234286759,10747000
2021-12-30,341.3623046875,344.20734652415706,340.23224420785385,341.00545303663915,10593300
2021-12-31,333.42205810546875,340.4503355784657,333.3427375694343,340.03397839408666,12870500
2022-01-03,335.5929870605469,338.1108543487535,334.2547328826255,335.3550557110125,14537900
2022-01-04,333.6004638671875,340.103355842502,328.9810261084693,336.9907056585959,15998000
2022-01-05,321.3480529785156,332.8371562358702,321.0209087490122,330.12098787578486,20564500
2022-01-06,329.56591796875,336.2175290132258,319.9107146206738,320.00985016827264,27962800
2022-01-07,328.9017333984375,334.0663712007667,326.01706169641426,329.8434453738167,14722000
2022-01-10,325.2141418457031,325.4817805917903,312.6841591437298,322.4781581002386,24942400
2022-01-11,331.45928955078125,331.7170359199198,322.44842203223953,323.9353644660303,16226800
2022-01-12,330.3589782714844,333.4418911715471,327.1570845609265,332.26224771249537,14104900
2022-01-13,323.6379699707031,332.7083122589069,322.92423643234406,332.06397662403594,14797100
2022-01-14,329.01080322265625,329.8335950106645,318.41385729202096,318.98882533095343,16868500
2022-01-18,315.3804626464844,321.38770724912837,314.8749228247817,320.4757328930127,22645600
2022-01-19,316.80792236328125,324.25255648211686,316.5501760176956,316.7979997340146,20814700
2022-01-20,313.8043518066406,324.96634350833807,313.2294140009481,321.0804536857119,16925000
2022-01-21,300.53082275390625,315.539008543405,300.4019496046395,312.0694771483107,28710700
2022-01-24,306.0226135253906,306.83548253324034,286.4941238429113,295.24724373871493,38878100
2022-01-25,297.53717041015625,303.56426059087903,294.9895351520155,297.33892957316243,25108500
2022-01-26,292.0652160644531,304.83309899106166,288.3181226187675,304.33745154982324,28348800
2022-01-27,292.0751647949219,299.0835972488767,291.69846786561044,295.15807763400534,21629900
2022-01-28,299.0835876464844,299.27193610509295,290.47915483437316,293.046605096765,21871600
2022-01-31,310.5330810546875,311.0584661940592,296.7144263490374,298.06257302669957,21579500
2022-02-01,316.2230224609375,316.8772806203968,309.40290980078396,311.82167138960386,18023800
2022-02-02,320.1882629394531,325.1447375979586,314.11162016781816,324.96631177071333,58458300
2022-02-03,235.6902618408203,245.84112671168018,233.6977646059621,242.52028286095725,188119900
2022-02-04,235.02610778808594,240.49805995464288,228.1068735160375,232.92456740840566,89342200
2022-02-07,222.9521484375,236.22558707024265,222.05997391651653,235.63080405625365,88613800
2022-02-08,218.26329040527344,223.80464005138572,214.26837341391084,218.927471258292,94729700
2022-02-09,229.9804229736328,231.33849218278192,220.27565229753864,222.24831952087897,86563300
2022-02-10,226.08462524414062,232.9542913411008,224.72654100471263,226.28288119030293,49310400
2022-02-11,217.63880920410156,228.41418046566048,216.8656003535109,226.47125083503389,46156900
2022-02-14,215.80490112304688,219.07617738521267,212.91032177090045,217.40088654976037,38184000
2022-02-15,219.07614135742188,219.22482952062984,213.18784807906465,218.55075634614357,42685500
2022-02-16,214.65499877929688,215.56700343123342,210.51139320740756,210.5609609793981,45817500
2022-02-17,205.90182495117188,215.60659322770138,205.35660985115192,212.15689197132596,38747500
2022-02-18,204.36532592773438,208.91536512514116,203.39384619802908,207.56720368228466,37128400
2022-02-22,200.3208770751953,205.67386353473034,198.31845712325313,200.57860830625324,39852400
2022-02-23,196.7224578857422,205.13855651896256,196.32594600030123,202.38275807505894,44481400
2022-02-24,205.79281616210938,206.53628729690607,188.56410689144704,189.3967909321892,49957200
2022-02-25,208.64773559570312,209.48043476464565,201.4112801723448,203.15596878731102,37627600
2022-02-28,209.1929473876953,211.29448759324586,205.02951211449042,205.87210364692402,34239800
2022-03-01,201.71859741210938,209.9066875471143,200.45964869899032,208.0430483616429,27094900
2022-03-02,206.29837036132812,207.32931034252405,200.2613883982864,202.99735671935014,29452100
2022-03-03,201.203125,207.25993738193364,199.66661489556296,207.20046210869705,27263500
2022-03-04,198.3184356689453,204.09768617974882,197.0594870351308,200.60832424142328,32130900
2022-03-07,185.83804321289062,199.1412180323185,185.6496947748115,199.0420824988162,38560600
2022-03-08,188.63351440429688,194.9877188332705,184.48990866339375,186.21476736768085,37508100
2022-03-09,196.7720184326172,197.3668013649127,192.2318864189058,194.03605022116608,31894700
2022-03-10,193.5106964111328,194.57137415619934,189.40673586874723,193.14390698911552,24853000
2022-03-11,185.97682189941406,191.8750230568434,185.0450023478886,190.96303363699852,34694500
2022-03-14,185.00537109375,190.61608870370827,184.20242464895531,185.40188300136523,31010500
2022-03-15,190.3583526611328,190.60617637861344,184.29163289751435,189.1390642063968,31721700
2022-03-16,201.8573760986328,201.95649650852528,192.8266793674669,193.0051051808488,40640300
2022-03-17,206.03073120117188,206.22898715868908,199.35932066827604,199.9441810370378,29499700
2022-03-18,214.60543823242188,214.91273723110518,204.2067492915965,204.9006526960362,52128000
2022-03-21,209.6489715576172,212.84094246310048,205.82257249783686,212.632763871021,30142300
2022-03-22,214.76405334472656,217.54960496999047,208.35037355497568,209.5300170121947,31998800
2022-03-23,211.60179138183594,214.91271233225916,210.31310513662962,211.47291821952788,23717300
2022-03-24,217.65859985351562,218.7490150246612,212.92019693825017,213.12837549531818,31502300
2022-03-25,219.88902282714844,223.5369804809676,216.98452115761796,218.59041391544503,40039000
2022-03-28,221.6436309814453,222.0897106771945,217.628883467782,220.1963488462626,26224100
2022-03-29,227.8590545654297,228.88008713930483,223.32882944801673,224.10205341388328,31417900
2022-03-30,225.8665313720703,229.1377921857716,224.7364558793833,226.91730146383702,25588000
2022-03-31,220.42434692382812,226.5009898417312,220.32521137788765,226.46132957297078,24192300
2022-04-01,222.8926544189453,225.30149365853208,220.7613614029989,222.59526293695754,19544800
2022-04-04,231.85397338867188,232.3099757174328,223.89387621416836,224.01282676690582,28054800
2022-04-05,229.8218231201172,234.79812812439394,229.008969107014,232.04232930701238,29727200
2022-04-06,221.35614013671875,226.99661017964237,219.4825934997473,224.9347151034795,28995100
2022-04-07,221.00918579101562,223.5568208391309,216.6574019650015,221.98065051757655,21037200
2022-04-08,220.3945770263672,223.17020552086805,218.11459593710012,220.44414479208226,18375700
2022-04-11,214.57568359375,218.68955105022263,213.34647257045273,216.51861297223437,20516600
2022-04-12,212.27587890625,220.09719467995484,211.27467655152802,218.3227835510992,20128800
2022-04-13,213.1184844970703,214.72437730811373,209.49034172860436,209.97608164874075,19231800
2022-04-14,208.350341796875,213.11848267360907,208.1719159864897,213.01934713942245,18379500
2022-04-18,208.93519592285156,211.5224757910895,206.48669671273544,208.17189474020276,16580800
2022-04-19,215.41830444335938,216.52854995364393,207.18064578010325,208.6874183483184,20089900
2022-04-20,198.67530822753906,212.2957046517589,197.18836598093702,211.75048946947976,43036500
2022-04-21,186.43283081054688,201.20311811315037,183.96450117399772,199.8450490008672,49954100
2022-04-22,182.50730895996094,191.04235885583572,181.67462485450002,188.71280973536275,36426800
2022-04-25,185.3622283935547,185.55056170817895,180.07862505796282,181.139302675937,29281100
2022-04-26,179.37478637695312,185.5604712136734,177.93741197946932,185.00534856024166,31747400
2022-04-27,173.42701721191406,179.6325321607996,167.52881634793283,172.91153969557533,71062900
2022-04-28,203.9390869140625,206.7147155418311,191.22077206999722,201.1535507830585,100890600
2022-04-29,198.72488403320312,210.6303299905901,198.15983869617668,202.68015601451035,49193400
2022-05-02,209.2921142578125,210.03558549384303,199.24038375171799,199.418809587904,49915300
2022-05-03,210.1842498779297,213.02926131184137,206.27854567365722,208.61800216969073,41556300
2022-05-04,221.46519470214844,222.34744654800306,205.15839680914934,208.81626224243902,41375900
2022-05-05,206.4669189453125,218.2534157507195,204.36537841050279,216.83587117796495,41129200
2022-05-06,201.99615478515625,207.55731947021067,199.27009396161898,205.53506951603146,34747200
2022-05-09,194.5019989013672,200.80663571599845,193.87747821010933,198.10038947118863,36303200
2022-05-10,195.92941284179688,201.19320098052617,192.4995412750609,197.7732217905714,34452500
2022-05-11,187.0970001220703,198.92314071841457,186.6310903208202,194.62092459185249,31153400
2022-05-12,189.5752410888672,196.3259569009474,183.17146941432156,185.4316205639354,38262200
2022-05-13,196.89100646972656,198.14995534482927,189.61490485871443,190.90359137350006,24549800
2022-05-16,198.29861450195312,203.58221785060556,194.2243920764948,195.33465259058252,27112600
2022-05-17,200.85618591308594,203.67147517872874,196.63327470356344,200.36053841838304,24872700
2022-05-18,190.56654357910156,199.25028175657994,189.96185306425463,198.25898682246762,23960000
2022-05-19,189.62477111816406,193.58995022368106,187.9494956518878,189.53555821851984,24446900
2022-05-20,191.8551788330078,196.1871471665272,186.23453942811966,193.27273818785392,31465600
2022-05-23,194.52178955078125,195.27518333819546,189.57523779332573,193.49084953374,25059200
2022-05-24,179.70191955566406,182.08102101762512,174.57692727127068,178.97827858926098,50406300
2022-05-25,182.22975158691406,183.83564455779268,177.75901682951374,178.82960205945918,28030200
2022-05-26,189.96182250976562,191.15137321417458,180.6733801854834,181.28799323142837,23056500
2022-05-27,193.43136596679688,193.62962190857738,188.14776268187097,189.69418020410123,22562700
2022-05-31,191.95433044433594,195.87986462999697,190.3385150297135,193.19344898292155,26131100
2022-06-01,186.9978790283203,197.79308044410078,183.38956601023835,194.79936545558363,36623500
2022-06-02,197.12887573242188,199.1907706394857,186.09576026067737,186.8094936948901,31951600
2022-06-03,189.1192626953125,194.89851447671586,188.12796767536602,194.27399377384188,19465000
2022-06-06,192.55899047851562,195.20574544372332,186.75991058360637,192.3012593085476,30574200
2022-06-07,193.9468231201172,194.81916739139774,189.8230482148781,190.25920522456,18828700
2022-06-08,194.92822265625,200.27130140118285,192.7176393311409,192.97537055202793,22267200
2022-06-09,182.39825439453125,197.713756969315,182.0810327786021,192.5887643538881,23501600
2022-06-10,174.04164123535156,181.50609012398724,173.49642605155532,181.44659972815228,27450800
2022-06-13,162.83009338378906,171.0776741390652,162.60209979408089,169.1049918602242,31749300
2022-06-14,162.30471801757812,165.2984330034951,159.9553538250922,164.58469942902533,27244300
2022-06-15,167.8758087158203,170.6613451530027,162.55254445725058,165.74451546114324,30008300
2022-06-16,159.46958923339844,163.64294698629192,158.22056323389432,162.29478545665458,26944100
2022-06-17,162.31460571289062,164.4557908494942,158.50802242635217,160.2725258484744,31374200
2022-06-21,155.682861328125,166.2996208450085,154.61226106049688,164.4855494298019,50724900
2022-06-22,154.49331665039062,159.39030076437285,154.08688211001586,157.00129154437553,47267800
2022-06-23,157.36805725097656,158.3593520998016,152.90723043126386,154.90965026115896,40499200
2022-06-24,168.6787109375,168.76792383088141,159.89583923030838,160.3220886937685,68736000
2022-06-27,168.01461791992188,170.2549394802541,166.54749022904906,169.82868983255634,29174600
2022-06-28,159.28123474121094,169.8087953757403,159.21185197352423,168.42097363647179,27744500
2022-06-29,162.51292419433594,164.88211892320186,158.9244407046299,162.1461498406924,28595200
2022-06-30,159.84629821777344,163.79164757572488,157.11032981455412,160.7384575527912,35250600
2022-07-01,158.63693237304688,159.2217927733983,153.6507198986701,158.9144937537547,31423900
2022-07-05,166.7258758544922,166.78535112270356,155.65311468571062,156.76336002821185,28618600
2022-07-06,168.29214477539062,170.09629368542892,164.0196660402876,166.7358044722956,23085900
2022-07-07,170.6910400390625,171.21642502991526,166.31942669921327,167.9748870643852,24083400
2022-07-08,169.39247131347656,170.89922861706972,166.686225442263,168.50029685970665,19249200
2022-07-11,161.46212768554688,166.03199804940502,160.5005703656967,165.61565598193803,21885600
2022-07-12,161.8487091064453,164.46572681989724,160.6888959849567,163.36538896731187,16639700
2022-07-13,162.06683349609375,163.54385344295133,158.22060385404325,158.76581915783322,16555100
2022-07-14,156.67416381835938,161.17463606202577,155.91086250108654,159.81656687331278,23765200
2022-07-15,163.26629638671875,163.54385779859277,158.4287866897981,159.14250523035813,23342800
2022-07-18,165.77423095703125,170.19541257482624,164.198075800227,165.29841367168555,23574300
2022-07-19,174.2498016357422,174.95362761088478,168.0343789009671,168.88689304820255,25933700
2022-07-20,181.4961700439453,182.00174009691054,175.16179657187416,175.9449279721321,24784300
2022-07-21,181.5754852294922,182.24957362777684,177.31291412933265,179.05760283598016,27195800
2022-07-22,167.79649353027344,174.0713921211751,166.94397930324826,171.5634172107559,42583900
2022-07-25,165.1992950439453,169.08518450414397,163.37531599182617,167.52884419406948,26166300
2022-07-26,157.7645721435547,164.55494803766118,156.57502132751043,164.49547276575285,28468400
2022-07-27,168.10377502441406,169.38253866879188,160.60958871085882,161.17461888480676,43846600
2022-07-28,159.32090759277344,160.1040238594666,153.50201173331402,159.65794420750422,73214300
2022-07-29,157.7150115966797,158.74595155199424,153.8192150963796,156.3172822730475,42065400
2022-08-01,158.53778076171875,163.7520014408737,153.87869791368956,155.88111777957656,40596700
2022-08-02,158.7955322265625,160.8276897938803,156.63450148211984,156.9318929768912,27374500
2022-08-03,167.33058166503906,168.06413020831988,160.16352379387357,161.2737692383806,31721900
2022-08-04,169.0851593017578,170.65139175643768,165.3479737145772,166.83491589703567,23938200
2022-08-05,165.6553192138672,170.11614701435627,164.35672509654546,165.5363686461621,25832700
2022-08-08,168.76797485351562,175.9647711552269,165.67513927360025,166.5375610889317,27299100
2022-08-09,167.0629119873047,168.05420679058827,165.14972027742735,167.47925398956878,18655100
2022-08-10,176.78753662109375,178.90890719547573,172.4357524234894,174.4580025790822,30262100
2022-08-11,175.94493103027344,181.50609582783787,174.8346704958459,178.14560684060112,24079100
2022-08-12,178.92872619628906,179.8803759384062,177.35257096418084,179.23602518954743,21274000
2022-08-15,179.31529235839844,179.86050745241545,176.6487072743522,177.40210090461437,15878700
2022-08-16,177.90769958496094,179.41447209085894,175.49884507628477,177.8779619475911,21156700
2022-08-17,173.32791137695312,176.5892647931606,172.65382301032733,175.2212730535076,20118100
2022-08-18,173.1395721435547,174.22998746603588,170.36394337785367,172.82235051275006,18844500
2022-08-19,166.4978790283203,170.81992490333863,165.59579714220007,168.71836966989872,26240800
2022-08-22,161.63064575195312,164.04940786700593,160.84751426544375,164.04940786700593,19499700
2022-08-23,159.70750427246094,163.6132081664498,159.30106977820242,161.06557329488396,18111800
2022-08-24,161.8387908935547,164.0196516525699,158.37918156631125,159.20195810249263,20891500
2022-08-25,167.3107452392578,167.40988077562878,162.5921871516085,163.742077693332,15550500
2022-08-26,160.3717041015625,169.4321398084809,160.26266104638015,167.01337758513512,24023600
2022-08-29,157.78440856933594,161.6306376497114,157.62579775394812,159.2614434264603,20052700
2022-08-30,155.79190063476562,160.25272741333785,154.55278208516222,158.9541335935069,19567900
2022-08-31,161.5116729736328,166.3789346284713,160.72855664749912,165.61564843587365,40953000
2022-09-01,163.9205322265625,165.90312211071253,158.95415001211242,162.1560284397458,30145700
2022-09-02,158.92440795898438,166.46814773768705,157.83397750261,165.99233041397824,22634200
2022-09-06,157.15988159179688,160.2824694990789,156.31729003024532,158.70631429044778,19339800
2022-09-07,158.99380493164062,159.55885034383166,155.4449670056623,156.38669423335267,16831200
2022-09-08,160.64926147460938,160.8177798055024,156.3668750415445,157.32843237884535,22530800
2022-09-09,167.67750549316406,168.06410985118802,161.60087879529817,161.82887235875899,22086800
2022-09-12,167.48916625976562,169.8980052223089,165.82378322774733,165.93282625440304,23220400
2022-09-13,151.7969970703125,160.22300395305948,151.3409947482943,160.13377591386535,44444100
2022-09-14,150.15142822265625,152.20340064312884,147.75249656335097,151.99523720059614,43064200
2022-09-15,148.24813842773438,152.85765313710925,147.40553180836312,148.49596212449558,34606300
2022-09-16,145.0165252685547,147.28659907579265,143.03393545484252,146.7612139852357,40122800
2022-09-19,146.73146057128906,147.28658323928715,143.83688156961458,143.97566223661408,22169500
2022-09-20,144.81825256347656,147.54431324204933,143.955830934562,144.51095359804532,23217400
2022-09-21,140.88282775878906,148.29772457574842,140.76387720990476,145.11566125945427,38338600
2022-09-22,141.57675170898438,143.32142537181252,139.64371445995508,140.3178028899763,34418500
2022-09-23,139.18771362304688,141.37846677265173,137.68094121464907,140.188915976952,31710700
2022-09-26,135.18289184570312,141.00180367529504,135.00446600941672,138.90024802794656,30497000
2022-09-27,133.2300262451172,138.2063307938041,132.95246488791165,136.71938846907756,30826500
2022-09-28,140.3772735595703,140.79361560887784,133.10117251155577,133.44811665633205,32658500
2022-09-29,135.22254943847656,138.6226838987271,134.02307587866284,138.14686655208894,38985400
2022-09-30,134.49887084960938,139.76265892956278,134.32044504653885,134.86566021029577,33166400
2022-10-03,137.40338134765625,138.40458371235383,134.9152366908158,135.94617669127948,27723100
2022-10-04,139.05882263183594,141.1504551039004,138.12700317139624,139.26700117923596,34670700
2022-10-05,137.77017211914062,138.98947583553354,133.60673622730505,137.03662351437458,27979300
2022-10-06,137.85939025878906,140.2186618566196,135.41089062341658,136.5211360812192,36231100
2022-10-07,132.28829956054688,137.08616318033515,131.28709717066118,135.56948321426967,33214800
2022-10-10,132.6253204345703,134.92513155816465,130.72203629398763,132.3874193707211,24024000
2022-10-11,127.42105102539062,131.50519665914558,125.88454833270393,130.47424140170796,38481400
2022-10-12,126.39010620117188,128.541214428853,125.15098751292508,127.20297532112282,34605200
2022-10-13,129.15582275390625,129.99842957946888,121.46337876939296,122.45467379901403,34325700
2022-10-14,125.65653228759766,130.642736410999,125.4186160877497,129.85962016618188,23559400
2022-10-17,132.8731689453125,133.61664016062548,129.04676981879663,129.16573549889992,29612200
2022-10-18,131.64395141601562,136.6400705127759,130.25612963150132,135.89659941870124,25445000
2022-10-19,132.07020568847656,135.80739142500235,131.06900335762276,131.73316907721394,30691000
2022-10-20,130.38502502441406,135.57941606596407,130.1669389228935,131.7728319195805,26356300
2022-10-21,128.87826538085938,128.98730844256184,124.3480548195021,125.21047668190013,46348600
2022-10-24,128.59078979492188,132.3180535839191,123.48561898528632,126.14228991228431,63563400
2022-10-25,136.31292724609375,137.1456262806238,129.45316981297384,129.74065374333438,38433200
2022-10-26,128.68991088867188,134.37002641761245,127.411132000014,130.53370487759855,82791500
2022-10-27,97.08740997314453,101.60771160079246,95.5409850244923,97.12706267059497,232316600
2022-10-28,98.33645629882812,99.97209448364832,96.66117297131608,98.7131532212235,95928300
2022-10-31,92.34903717041016,98.45540986504903,91.7939068796394,97.36498697989708,121361400
2022-11-01,94.37126922607422,96.64133540102044,92.73563873008625,93.50884752374887,110189600
2022-11-02,89.7518310546875,94.37126083616003,89.69235578753322,93.38988111321918,71821100
2022-11-03,88.13602447509766,89.67252688039356,87.64037707410301,89.29583757831013,60664000
2022-11-04,89.9996566772461,90.59443205045059,87.32315615335703,89.56348454083917,55638100
2022-11-07,95.87804412841797,96.0366473799833,92.28955386062118,93.95492959844655,81987300
2022-11-08,95.63021850585938,96.94864251443767,93.96484280107093,95.08500329540075,52088300
2022-11-09,100.58670043945312,103.98684244254157,99.86305179354484,100.83452417856167,107677300
2022-11-10,110.89616394042969,111.76850073569403,103.69936079981403,106.18751313338271,80671000
2022-11-11,112.03614044189453,113.89977959725059,107.86279003756002,108.27913962176521,59961700
2022-11-14,113.22569274902344,115.25784254195601,109.83546636362014,110.02380723193426,53395000
2022-11-15,116.06079864501953,117.70634410360653,113.41404330659984,115.05958876518682,50670500
2022-11-16,112.24433135986328,115.06952047600194,111.67929353663554,113.50327262811443,33287800
2022-11-17,110.47981262207031,111.35215696681517,108.84418210163332,109.44887259042972,35093800
2022-11-18,111.0746078491211,113.3248441729073,109.65705569565837,112.80937410027572,33357700
2022-11-21,108.9036636352539,111.39181607334933,108.23949783494731,110.54920931683293,24351100
2022-11-22,110.46990203857422,110.64833541657183,107.37705934094218,108.90365433870404,29029000
2022-11-23,111.262939453125,111.68919657028627,109.7660895726345,110.74746942359464,21343100
2022-11-25,110.44015502929688,111.7486638358951,110.05354310729881,110.33111199849877,12007600
2022-11-28,107.83306884765625,111.06469266402415,107.43654933521555,109.81565884687915,23309400
2022-11-29,108.50713348388672,109.97425319109101,107.59514403607353,108.58643888708252,23899200
2022-11-30,117.07192993164062,117.13141277037444,108.427836916367,108.5567100978068,43348600
2022-12-01,119.39155578613281,120.14493443708561,117.36931335693296,118.16234470998532,36551400
2022-12-02,122.41499328613281,122.96020845378193,116.58618255853281,116.80426862559247,39950500
2022-12-05,121.36422729492188,123.58472561396967,120.29362705497797,120.69014650269564,35474900
2022-12-06,113.12657165527344,119.5005978799502,112.74987476980014,118.8661697773399,43689200
2022-12-07,112.93824005126953,114.87126228290218,111.89737727240231,112.7697217157899,29461100
2022-12-08,114.32604217529297,116.31853947098587,113.59247850687862,115.37681234494076,30619400
2022-12-09,114.89106750488281,116.51679035305717,112.87874029421448,114.29629214435202,26033400
2022-12-12,113.71143341064453,114.71264334504619,112.15510077026792,114.17734320872192,24747100
2022-12-13,119.10408020019531,122.22666055478824,117.6072228281434,121.06683980846766,44701100
2022-12-14,120.53153991699219,123.05934486705796,118.35069422268502,118.35069422268502,36922000
2022-12-15,115.1388931274414,117.59730000887403,113.01752284952003,117.29991610512512,34531000
2022-12-16,118.39034271240234,122.23656395816606,117.78565225665622,119.1833816073748,67064000
2022-12-19,113.48344421386719,116.77454300063903,113.33474846530926,115.81298573134167,29769900
2022-12-20,116.07071685791016,116.30863308058215,111.48102416799355,112.27406311760701,28742500
2022-12-21,118.71747589111328,119.29242116853779,114.61351572943319,115.68410844245172,20392800
2022-12-22,116.10045623779297,117.58739852154194,113.38430288746622,116.17975407839512,23618100
2022-12-23,117.012451171875,117.15123185315484,114.53421391619223,115.01994630067168,17796600
2022-12-27,115.86254119873047,117.56756957808179,115.03977220793341,116.9034038330725,21392300
2022-12-28,114.613525390625,117.12150041606034,114.50448234056431,115.23803848944327,19612500
2022-12-29,119.21312713623047,119.97642088372568,114.76220757701917,115.38672820613152,22366200
2022-12-30,119.29243469238281,119.37174010618361,116.71506924770124,117.13141888866514,19583800
2023-01-03,123.65412139892578,125.26993689605494,121.21553689802785,121.75083704158786,35528500
2023-01-04,126.26123809814453,127.92661388492843,124.75446556758857,126.27114560210994,32397100
2023-01-05,125.83497619628906,127.40122394307504,123.45586693938299,125.03202218975811,25447100
2023-01-06,128.88815307617188,129.19545204150296,124.9427964767583,127.84729051950087,27584500
2023-01-09,128.3429412841797,131.79264301521917,128.15459284862445,130.01823194659175,26649100
2023-01-10,131.8323211669922,132.27840087038675,126.04315471213991,126.16210526612231,28684400
2023-01-11,131.73318481445312,132.6848346183648,129.20537967608695,129.81999282847258,25423000
2023-01-12,135.5199432373047,136.4814854510704,130.61302099038483,132.27840442063882,30757700
2023-01-13,135.78759765625,136.19403227476784,133.6662267614502,133.795099963898,22423800
2023-01-17,134.1816864013672,135.55958579083892,133.08134839064078,134.99454040313262,21147600
2023-01-18,131.86203002929688,136.05520252766846,131.6439439772816,134.62773568755287,20215500
2023-01-19,134.9647979736328,136.25348440118418,130.98971077016242,131.3366700442586,28625200
2023-01-20,138.1567840576172,138.72182948749708,133.4382251408043,134.70708157433316,28688600
2023-01-23,142.02284240722656,142.5085672886566,137.45297173886203,138.07747731869517,27470100
2023-01-24,141.89395141601562,143.73776053550952,140.1294477036565,140.45657683585247,21970200
2023-01-25,140.26821899414062,141.9236795516066,139.088575721669,139.9906576507307,26622000
2023-01-26,146.01776123046875,146.22592471663827,142.05258110269477,143.14299656225555,25482100
2023-01-27,150.4190673828125,151.8564417123682,146.10692926818828,146.94953583687118,35771900
2023-01-30,145.77980041503906,149.80445459430712,145.6707573898194,148.1093490783874,28040100
2023-01-31,147.6731719970703,148.57525380019487,146.2357977138026,146.66204717240367,29842100
2023-02-01,151.78704833984375,152.24305058344999,145.77980453303962,146.74136165733216,55661000
2023-02-02,187.1267547607422,195.44371891127255,178.59170450785547,181.7836755049325,150475700
2023-02-03,184.90623474121094,195.05709986672147,181.29792194431568,181.87287479600266,76809700
2023-02-06,184.44029235839844,189.03989923359492,183.90499986741287,184.90620208479186,42483800
2023-02-07,189.9519500732422,192.09315098253194,182.79479869890352,183.9645347075933,47080700
2023-02-08,181.83322143554688,189.16881298045985,181.3276664674653,188.34603637486495,36139100
2023-02-09,176.37120056152344,185.0252014788401,175.72686487660647,184.50973898129092,37118800
2023-02-10,172.6339874267578,177.33273033452983,171.84096366888724,174.8148481387777,33433600
2023-02-13,177.8680419921875,179.42438229242248,174.2894818165588,176.66858359767645,31463200
2023-02-14,177.9176025390625,179.92992995474845,174.34895001230046,175.61780626083268,24034600
2023-02-15,175.61781311035156,176.63884567632195,173.80374157662817,174.88424941813702,25308900
2023-02-16,170.9388885498047,174.3192076619539,170.29453781345282,171.2461875370984,25827500
2023-02-17,171.3750762939453,171.6724526790404,168.2227504782921,168.7382280890579,24171300
2023-02-21,170.58201599121094,176.6189978696537,170.3837600506006,172.79259922463552,34592600
2023-02-22,169.63038635253906,171.25610945926005,168.2128418399416,169.58083370599772,22433200
2023-02-23,170.54237365722656,172.17801937262993,167.90554063056828,170.50272851531994,20017800
2023-02-24,168.90672302246094,169.23385212671894,166.20049241118272,167.17195709518748,19791300
2023-02-27,168.0641326904297,171.61297028977367,167.58831536803652,170.3837742797613,19277000
2023-02-28,173.41714477539062,176.00442525665616,170.37386195170444,170.4035995907796,46051100
2023-03-01,171.9103546142578,176.3017987557463,171.54358035250698,173.07016779754176,30998400
2023-03-02,173.01068115234375,173.4864984236013,169.93766120564743,170.87940337141325,17352000
2023-03-03,183.63735961914062,184.99542863944524,175.50874537644046,177.3624617911287,45877700
2023-03-06,183.29042053222656,188.00899392583824,183.03268930417306,186.36344076544492,33209400
2023-03-07,182.90379333496094,188.7028738141815,182.40814594788083,187.35471231628523,36701500
2023-03-08,183.3598175048828,183.64728636833115,179.76141220423,181.2780921799188,19432400
2023-03-09,180.10836791992188,187.28533312080012,178.7304686513036,184.7278056589579,26582800
2023-03-10,177.94732666015625,183.16154706370955,177.24351581257753,179.43426888152695,25665000
2023-03-13,179.3252410888672,182.18017523686387,173.29818141681156,176.4108467930736,24728000
2023-03-14,192.33103942871094,192.62843092188572,184.93597286944848,185.94709789585886,41642600
2023-03-15,196.028564453125,196.05830208974152,189.1787131345453,191.2703459570102,42123600
2023-03-16,203.14605712890625,203.9688337131776,194.38301382017207,196.53412194369412,50447100
2023-03-17,193.90719604492188,200.14243431213578,193.72875509737597,198.81410277601756,50141100
2023-03-20,196.08802795410156,197.62453796620042,191.95433032702135,196.7521936752625,25186300
2023-03-21,200.40016174316406,201.77806091937316,196.226803951734,201.43110168666132,31827000
2023-03-22,198.0706329345703,205.56482001084692,197.93185225263778,200.7372186543796,28477800
2023-03-23,202.501708984375,206.07037646367976,200.39024613195645,201.0742419926531,27389700
2023-03-24,204.2166748046875,205.77301519457242,201.7780976074665,203.39389815045016,27716400
2023-03-27,201.07423400878906,204.06794854611732,199.6071219370876,203.02708597881872,18527200
2023-03-28,198.9330596923828,199.28001896896532,196.17726099151233,198.40767458850203,19127300
2023-03-29,203.56240844726562,203.9291827103764,200.7768571452326,201.78798215208548,18851100
2023-03-30,206.03073120117188,206.27855492955837,201.0544416258621,201.60956435729426,22608300
2023-03-31,210.09506225585938,210.32305586791597,204.97006898108796,205.4359788357,25440300
2023-04-03,211.21522521972656,211.63156728945143,206.38760845985527,207.02203663171613,17924600
2023-04-04,212.85084533691406,214.35761784282738,210.68981455693785,211.5324212849849,21026400
2023-04-05,209.6390380859375,213.31674876543607,208.11245061815816,212.2857936142951,19396600
2023-04-06,214.2188262939453,215.0515103499927,206.8336674517872,207.4284504209406,26104400
2023-04-10,212.8805694580078,213.78265140351988,208.82617714372924,212.84092431935147,16106100
2023-04-11,211.98841857910156,214.1395266783531,211.5522464067262,213.60421896645255,16710100
2023-04-12,212.13711547851562,214.9523894555701,210.72947848998837,212.96979959128493,18972200
2023-04-13,218.43182373046875,219.224847500562,213.81238615247736,213.85203129059846,23310400
2023-04-14,219.56190490722656,220.17650288269624,215.656200722299,215.98332984258553,21591200
2023-04-17,216.95481872558594,219.05635923123276,215.2398826549583,217.87671579141596,15481900
2023-04-18,215.9932403564453,218.52104532046772,214.32787222191163,217.99566024521894,12281000
2023-04-19,213.8223114013672,215.43812696265397,211.07642023535394,211.61172796314864,15898100
2023-04-20,211.21522521972656,214.86318342643628,210.91783370536288,211.6216446591975,16475400
2023-04-21,211.03677368164062,211.55225127229988,207.75558993575115,208.38011057201217,17717200
2023-04-24,210.93763732910156,212.05780541816344,208.87575722630933,211.8198891943213,15750900
2023-04-25,205.74325561523438,209.42095115389515,205.32691358025164,208.9847941119795,19198200
2023-04-26,207.57713317871094,212.24613852452936,207.0616707532641,210.65015322914314,41992700
2023-04-27,236.48330688476562,239.58606473531918,234.7088956844878,237.80173090551267,71196500
2023-04-28,238.22799682617188,238.3370247438833,233.69777188796778,236.92938780573903,39554000
2023-05-01,241.06307983398438,241.87594888989452,234.4015922066699,236.54277763553986,29143900
2023-05-02,237.15737915039062,242.78792649051843,236.90955544437884,241.06306805133124,24350100
2023-05-03,234.9666290283203,239.6455421682171,230.72388806474677,237.38539100541473,34463900
2023-05-04,231.4871826171875,236.12643535513135,230.9023071473006,234.00506493525833,17889400
2023-05-05,230.7536163330078,232.63707051688766,227.84912965326185,230.21832376395497,27000500
2023-05-08,231.23936462402344,233.56889855403585,228.26547993603842,229.40546301604877,16400500
2023-05-09,231.33848571777344,233.8266455946459,229.0684270546972,229.4451239565892,16865600
2023-05-10,231.051025390625,234.68907598893915,228.71156873771375,234.1141231112111,19119000
2023-05-11,233.73741149902344,236.13635840303854,230.2778020721307,231.02127322703902,20449000
2023-05-12,231.77468872070312,234.89727714315885,229.43523184308253,234.67919102631578,16161400
2023-05-15,236.7806854248047,238.16849214653735,233.28141585947415,234.85757102043314,20653200
2023-05-16,236.74107360839844,237.55392762383548,233.4697971599243,233.7374359129555,18163800
2023-05-17,240.3791046142578,241.71734364737938,236.06696576918233,236.37426476658152,21193100
2023-05-18,244.701171875,244.93907298959624,239.09043865770303,239.19948171054665,22943300
2023-05-19,243.50167846679688,246.52513093495048,241.29109507655596,245.31574994768903,21733600
2023-05-22,246.15834045410156,251.36263833291363,242.9861848843443,243.27366885675846,27738500
2023-05-23,244.59210205078125,249.41970323490676,244.50287401661294,244.66148482629066,17748100
2023-05-24,247.0406036376953,247.41728540634753,242.81767776935007,243.14480689478242,17724300
2023-05-25,250.4903106689453,253.39479746511117,247.00094838612523,251.19412157731733,22371400
2023-05-26,259.7589111328125,260.0265498517954,250.51012836120594,250.7281993124649,25727200
2023-05-30,260.23468017578125,266.31132167705607,259.0154070259148,262.940925664259,23816500
2023-05-31,262.41558837890625,262.6931497421419,256.2001802172078,257.7366752187053,25473700
2023-06-01,270.2369079589844,271.6148224918179,263.57543478497155,263.58532716339073,25609500
2023-06-02,270.2369079589844,272.95307675520934,268.7598881304285,270.28649085876737,19416900
2023-06-05,269.0275573730469,273.17116310172264,267.21347063050644,267.94701923026497,20742900
2023-06-06,268.7598571777344,274.1624262569552,267.3423127906372,267.7884075776989,19419000
2023-06-07,261.30535888671875,271.8626442161029,260.5123047633767,269.3051165166383,26163600
2023-06-08,262.2767639160156,265.32004620136956,256.6264017277857,258.35124499287787,20899400
2023-06-09,262.6436462402344,265.6175315107322,259.4219371971951,260.1951461574475,16949800
2023-06-12,268.6904602050781,269.38437870914413,263.0202523851898,264.8442615526915,15442500
2023-06-13,268.9581604003906,273.3198522484866,266.74756171115075,272.48716809809827,16164000
2023-06-14,270.9704284667969,272.5961361408235,265.9842170382982,269.5231465889594,19175100
2023-06-15,279.37664794921875,281.5178487136144,269.0572939381977,269.9296080997618,25973500
2023-06-16,278.5538330078125,285.3442082969982,277.69141139005217,282.2711884305146,43127700
2023-06-20,281.8548889160156,282.3207987676239,273.8155011330665,276.30366121845566,20701600
2023-06-21,279.1883544921875,281.52779630677077,275.9368776620084,281.06188641970726,20556200
2023-06-22,282.4000549316406,282.7767517792298,275.37177874177934,276.6505271956497,17563100
2023-06-23,286.216552734375,287.1483722477748,276.5216909955678,279.0594032123411,51092000
2023-06-26,276.0458984375,287.26736422711815,275.183476694736,286.18685639120184,24232700
2023-06-27,284.5511779785156,286.8311743118034,278.2068969133884,279.555073656432,26108300
2023-06-28,282.8065185546875,287.02941407913994,281.5872149884615,282.3406087612761,16722100
2023-06-29,279.0792541503906,284.0753889556589,278.2465700581659,282.0234012362909,15395700
2023-06-30,284.48187255859375,286.53383037991404,281.9441595774312,282.28119627393755,19694900
2023-07-03,283.53021240234375,286.8807946663651,282.37041408136747,284.2043160589329,8629300
2023-07-05,291.8074951171875,295.52485125008354,283.8672127367066,285.14599171696096,33865500
2023-07-06,289.44818115234375,295.5248235823149,288.7741078971482,293.3142553701415,47600500
2023-07-07,288.00091552734375,293.6215711054286,286.1471988438877,289.6365461155744,25586000
2023-07-10,291.53985595703125,295.53477346549835,284.5512082858447,292.97721550858023,37058300
2023-07-11,295.6933898925781,297.5669216854234,289.35900041008506,291.3415903824076,27585900
2023-07-12,306.6471252441406,306.7561834015163,297.48757110889034,299.12320145419704,36677100
2023-07-13,310.6817626953125,313.48711417229805,307.58892720415946,310.8899261701611,30281000
2023-07-14,306.1812438964844,312.13893578938223,304.68437895121997,309.0758382489042,23054100
2023-07-17,307.9159851074219,308.9964928062854,302.05742922495097,304.86281044247795,25323100
2023-07-18,309.33355712890625,311.4648653357093,304.9421280436291,308.17375905316084,20731900
2023-07-19,313.2590637207031,315.905803762913,307.81683497029235,310.3049944741406,21763700
2023-07-20,299.886474609375,312.79315151790587,299.58909828739195,310.7709017726767,23836900
2023-07-21,291.698486328125,302.8009725555887,288.66512594483504,301.9187357065024,42139300
2023-07-24,289.07147216796875,294.9300282701008,285.79028868592326,293.2051849386824,24915700
2023-07-25,291.9065856933594,295.7032315280009,289.3192904924628,292.6203191709946,19585600
2023-07-26,295.970947265625,299.1430730271776,289.3589964867336,298.56813525384524,47256900
2023-07-27,308.99652099609375,322.51779778619095,307.14280439627186,322.28978907131307,64229200
2023-07-28,322.6466369628906,323.36037041695147,311.51438565561364,314.12149577602924,39220300
2023-07-31,315.8265686035156,322.8251083416329,314.8253510504006,320.87225613271846,25799600
2023-08-01,319.9007873535156,321.3183621345962,311.92087504418333,314.77580936288706,22817900
2023-08-02,311.5738830566406,315.6183830009451,307.94574026174797,315.2317634870685,20461100
2023-08-03,310.463623046875,313.1996063950057,307.23199229520856,307.23199229520856,15180200
2023-08-04,308.0250549316406,315.6381920030264,307.4996698792332,312.21821272193796,17612800
2023-08-07,313.8043518066406,314.3099219517989,307.75744608231275,310.5033526725311,16236500
2023-08-08,309.9184265136719,315.12272430973746,307.41042158153704,311.6630848225731,15183500
2023-08-09,302.5530700683594,310.8997853919067,300.21362891825964,310.156314310015,19955800
2023-08-10,303.0784606933594,309.6210123853604,301.224744268541,305.2593213413318,14358900
2023-08-11,299.0142517089844,302.0674271348413,297.74536501032554,299.93614883979996,14046300
2023-08-14,303.52459716796875,303.5444121758859,295.6537130002151,298.3599590509755,15641900
2023-08-15,299.32147216796875,304.5555074180836,297.4181728716015,303.4749997336149,11623600
2023-08-16,291.72821044921875,298.45908163543555,291.718287818725,297.58676745772937,18547700
2023-08-17,282.6082763671875,293.47286065252206,282.4695108038598,290.4989757740898,23950100
2023-08-18,280.78424072265625,283.2030023568016,271.99146104324524,276.60097562608496,35347900
2023-08-21,287.3763427734375,287.97112567547384,279.39643211452176,280.98250976931354,20181500
2023-08-22,285.0964050292969,290.35025563572106,284.2537983560618,290.0032963876927,12980200
2023-08-23,291.6785583496094,294.8110533983258,285.1657748159202,285.98853614980663,18287000
2023-08-24,284.2537536621094,296.8531007592996,284.1447257666273,295.90146632306767,18360900
2023-08-25,283.0146789550781,285.8795355852113,273.6271155393811,283.6391995492964,23701400
2023-08-28,287.7332458496094,288.9128891125971,283.3120491446648,285.4929098624364,14239300
2023-08-29,295.3959655761719,296.54587132156684,285.67136476377044,286.0678766841328,20844500
2023-08-30,292.5311279296875,295.69336104721475,290.87565215344677,294.5831156113279,17717000
2023-08-31,293.31427001953125,298.478908110715,293.0862612959808,293.2250268545487,17229900
2023-09-01,293.7999572753906,299.1132828754372,291.906580579667,296.7639190428538,12842300
2023-09-05,297.53717041015625,298.76639670796936,292.9375776161612,294.4344124053595,14956000
2023-09-06,296.565673828125,300.6596958742699,293.0862194558126,299.0835407980036,15418100
2023-09-07,296.0700988769531,304.3771257874454,289.67623385522955,295.4059178983488,33748700
2023-09-08,295.2968444824219,302.59276023279784,294.19649144148667,296.61525335375495,17548000
2023-09-11,304.8826904296875,306.34981793313096,298.6573589856579,298.7862321770856,19489300
2023-09-12,299.03399658203125,305.9730602651931,297.6164522615025,303.66332641243866,13480400
2023-09-13,302.4044189453125,304.5059592872475,298.69698571008445,299.7279106218778,13210900
2023-09-14,309.0064392089844,310.1464222632418,302.37467408444013,304.06977984776057,19343100
2023-09-15,297.69573974609375,309.2839784085415,296.1493222742044,308.89735891461083,28131100
2023-09-18,299.9161682128906,300.9570456908566,295.20751887727715,295.5941382910129,14234200
2023-09-19,302.4143371582031,303.50476757967397,297.2001163940275,299.84688704196486,15924400
2023-09-20,297.0613098144531,305.3782570015516,296.82337850413523,302.3944501357823,19379500
2023-09-21,293.1556396484375,297.64620415124955,290.7170325130372,293.1259020127335,21319600
2023-09-22,296.4764099121094,302.7215847648245,295.6734636134896,296.6944959593835,25369600
2023-09-25,298.21124267578125,298.3302234798701,291.1433351844772,293.06644978298425,18987000
2023-09-26,296.35748291015625,297.6858143028395,293.43318142131056,295.0688117797383,19417200
2023-09-27,295.1481628417969,298.67717061234566,284.29350077154777,297.8345940661036,36429800
2023-09-28,301.31396484375,303.66332872549503,294.11718502598364,296.33767574089586,22167100
2023-09-29,297.59661865234375,307.93584693640213,296.75401197888146,304.704216042569,25373700
2023-10-02,304.1491394042969,304.5059910836601,299.0043159300185,300.10463885997774,16265600
2023-10-03,298.32025146484375,304.0994866817158,297.03158036045915,301.61135737230416,17362300
2023-10-04,302.9198913574219,304.2284079253051,295.9015365648199,296.1295452893803,16880500
2023-10-05,302.1368103027344,303.54443225598413,296.8928513033326,301.978199473143,19130000
2023-10-06,312.6841125488281,313.55645681605097,298.290522895401,298.8159079310807,21803900
2023-10-09,315.5885925292969,317.54144446147717,309.10554643120525,309.77961962304516,22503700
2023-10-10,319.0383605957031,321.83381959341597,315.3904024685447,316.34203714260326,19038000
2023-10-11,324.96624755859375,325.97735729844595,320.1386470354326,320.1981222994289,22036300
2023-10-12,321.33819580078125,327.6626628389175,319.8809909181639,325.14476502943165,20530500
2023-10-13,311.95062255859375,322.2204241253581,309.6508109232836,320.7136666325285,21341000
2023-10-16,318.3543701171875,319.01855105073963,312.77337465622486,315.86624034074185,16536100
2023-10-17,321.1795349121094,321.57604680606164,314.5378472437151,315.4101915615611,16387800
2023-10-18,314.21075439453125,323.1026711047013,312.81302491646005,318.5922912851323,16851000
2023-10-19,310.08697509765625,319.08795030688776,309.03620485654955,317.09543774973184,18709200
2023-10-20,305.96319580078125,312.5553015025764,303.8021799605282,311.4054259238881,22312300
2023-10-23,311.2765197753906,314.59733347334077,304.5852792316508,306.80577011666287,17796800
2023-10-24,309.8292236328125,315.5787524774694,307.9259542753489,314.02241214997355,19525500
2023-10-25,296.9225769042969,308.17378070314754,296.2385809646329,307.3014363017255,42192500
2023-10-26,285.8398132324219,292.43191648587367,276.96771417386555,292.43191648587367,66684100
2023-10-27,294.1469421386719,296.70446963131815,290.41966369017985,291.9165286472556,29596300
2023-10-30,300.0253601074219,306.70667898907504,296.44676928594816,296.4864295580433,28435100
2023-10-31,298.64739990234375,301.0364242117363,294.2757858177128,300.6696499436243,19434200
2023-11-01,309.13531494140625,310.0175516552152,299.222366123352,299.222366123352,20434600
2023-11-02,308.163818359375,316.0446243432361,305.64592102556026,314.53783684335446,21631800
2023-11-03,311.8613586425781,312.8030705771321,308.31250622063965,309.82918609596044,16764300
2023-11-06,313.0509338378906,315.5589088571514,311.7127098538126,313.22938992076604,12887700
2023-11-07,316.0445861816406,318.20560138541873,312.3767836599217,314.2998978143044,14055600
2023-11-08,316.9963073730469,318.53280249069024,312.1389680232896,315.37059933746826,13609700
2023-11-09,317.759521484375,321.35792628385803,316.0247556638353,316.63938382329235,16103100
2023-11-10,325.90802001953125,326.2351642842686,316.67906673273416,317.1548991851157,19096200
2023-11-13,326.3243713378906,329.43702160039675,322.86476180916407,323.36040926035906,16908900
2023-11-14,333.3824157714844,335.1568422746801,330.4283458096643,331.6278345293252,17179400
2023-11-15,329.81378173828125,335.45425323447205,327.14719551943847,334.9883433309438,14531200
2023-11-16,331.2808532714844,331.667442561079,323.5388423305294,326.5028044744622,18932600
2023-11-17,332.1234130859375,332.57940021629366,326.4829433416986,327.38502522586845,14494400
2023-11-20,337.0105285644531,338.89398282519466,331.2808452491062,331.97476378028864,16960500
2023-11-21,334.04656982421875,336.94113402174503,332.9759543798253,335.3847937518308,12027900
2023-11-22,338.5173645019531,339.93493953031765,335.6326920413864,336.25721281403537,10702700
2023-11-24,335.28564453125,338.8840191731996,333.83833237020224,337.16909856399684,5467500
2023-11-27,331.7864074707031,336.9411226805428,331.2907600321463,333.25350452760324,15684500
2023-11-28,336.0390319824219,336.42565149537353,330.4976973935413,330.4976973935413,12637200
2023-11-29,329.30810546875,336.94105636917806,327.9004537094359,336.73289295648885,16024500
2023-11-30,324.3021240234375,330.5968527575102,319.5934731970562,329.0008824720162,23146400
2023-12-01,321.99237060546875,324.0145901307329,317.9677163074989,322.6466287760831,15276400
2023-12-04,317.2342224121094,318.0669066013097,310.9296005859111,314.52800636018907,19037100
2023-12-05,315.519287109375,319.0780324511932,312.6445377227283,316.2032830645465,16952100
2023-12-06,314.6865539550781,319.4447570091409,314.2801194470397,319.12753540502547,11294300
2023-12-07,323.7469787597656,325.38260919838507,315.0037509944529,315.0037509944529,15905100
2023-12-08,329.8533630371094,330.26972018709864,320.18823819980867,320.27745110653814,14087400
2023-12-11,322.4483337402344,327.0182179664361,317.214299016538,326.5324629997662,25802500
2023-12-12,331.3106384277344,331.5584621944282,321.7347244524535,321.7743847256634,18485500
2023-12-13,331.8260192871094,335.4244243340028,329.74432436086573,331.02307290083434,16353300
2023-12-14,330.2697448730469,331.786424904649,325.779180053839,330.94381816444326,19607300
2023-12-15,332.00445556640625,335.71188830199964,328.33665283998147,329.0999389173344,31776900
2023-12-18,341.62005615234375,344.53446568560287,334.08620858508846,334.54222603722934,18993900
2023-12-19,347.31011962890625,350.5219361662081,342.1157432410635,342.5717304940917,17729400
2023-12-20,346.23944091796875,351.8699880301821,344.7624213705391,345.6149203637917,16369900
2023-12-21,351.007568359375,353.3073795313147,346.17004494664536,349.90724566402645,15289600
2023-12-22,350.313720703125,354.0905518678329,348.1625974502464,352.4846287114761,11772800
2023-12-26,351.74114990234375,353.8724581015916,350.3731883758891,351.8997607137992,9898600
2023-12-27,354.7150573730469,355.8748857712245,352.2170049987148,352.9703988386223,13207900
2023-12-28,355.2008361816406,358.7496590159659,354.6952660445902,356.56882813936073,11798800
2023-12-29,350.8786926269531,356.86612158180657,348.757337524102,355.86490417120007,14987100
2024-01-02,343.2755126953125,350.08570368515996,337.0501820548259,348.2617247349704,19042200
2024-01-03,341.4713134765625,344.92103019558954,340.1925347420734,341.9768834940871,15451100
2024-01-04,344.0982666015625,345.11929909621364,340.41064851615806,341.5010789113967,12099900
2024-01-05,348.88623046875,350.42272536747254,343.24576041821206,343.96938628900244,13920700
2024-01-08,355.53790283203125,355.85512452327623,348.98542651517175,351.6123827216327,13890200
2024-01-09,354.31854248046875,357.500621013295,352.266554698049,353.2975099042569,13463900
2024-01-10,367.2449645996094,369.69346382456473,355.9541029574476,357.03464084885644,22117200
2024-01-11,366.4520263671875,369.53493921555446,359.77067767079683,368.8906035328076,17205400
2024-01-12,371.2300109863281,373.7776460956339,366.32311946752475,366.9377174545656,19310000
2024-01-16,364.2612609863281,372.34030938016446,364.03328249207794,370.39737960399464,15306900
2024-01-17,365.1632995605469,365.33183300535507,355.48825160061466,363.1113118453537,12724800
2024-01-18,372.8557434082031,373.5694769229854,367.7208432542545,368.25612070140227,16354300
2024-01-19,380.1119689941406,381.01402055937257,374.67966308773725,375.7006954298844,21670800
2024-01-22,378.45654296875,386.9519470116833,377.8419450079911,384.5728454450382,17680500
2024-01-23,381.84674072265625,384.9990506922529,378.75387576457814,381.2717728402533,15506100
2024-01-24,387.2989196777344,392.70145859414,384.4340629686961,386.60500116462015,15698500
2024-01-25,389.7573547363281,392.04724373031695,382.3028273437507,386.7735774043585,15091100
2024-01-26,390.7090148925781,393.33594051871705,388.18119456212906,390.91717836621734,13163700
2024-01-29,397.5290832519531,399.42246020474215,389.6780443214767,391.5515760143711,18742400
2024-01-30,396.5774230957031,402.8225686731587,396.09169829023307,400.0766927751704,18614700
2024-01-31,386.7438049316406,394.53536828693876,383.7302599797155,385.6137142301989,20180800
2024-02-01,391.3434143066406,397.01362256052823,389.6284631736777,390.5107301891786,29727100
2024-02-02,470.85516357421875,481.7296700383125,449.0665206306807,455.5991505122071,84707600
2024-02-05,455.41082763671875,467.792092181395,455.2224791715045,465.7896872246018,40832400
2024-02-06,450.76165771484375,463.05370950369905,449.0566291270659,459.960873984456,21655200
2024-02-07,465.5021667480469,467.41535863754694,452.20889855772646,454.0130625295491,23066000
2024-02-08,465.9085998535156,466.49346021033546,460.98186302371124,464.24323169322327,18815100
2024-02-09,464.0350341796875,469.4673410411531,463.4006211841716,468.8329280456372,18413100
2024-02-12,464.8181457519531,474.97891789094643,462.5183344561305,464.1143348840818,19382000
2024-02-13,456.1145935058594,463.8169740536251,451.1283814896447,452.892885158852,20916600
2024-02-14,469.1600646972656,469.98282618084056,462.0326517085822,463.8566307551382,16858400
2024-02-15,479.8164978027344,484.3665380343901,468.1093067569019,471.142666911339,24212300
2024-02-16,469.19976806640625,474.7906562713174,465.1255297863644,473.9480494504496,23324600
2024-02-20,467.6433410644531,472.03476994795795,462.49851842146023,465.63101374806274,18015500
2024-02-21,464.447998046875,465.41057550181085,458.25576468630754,462.92970889465835,12921800
2024-02-22,482.4094543457031,486.2398976603028,472.416516880951,476.56451837363556,21625800
2024-02-23,480.3255615234375,490.57648938610384,478.65842637192833,484.31478426826664,18374300
2024-02-26,478.0530700683594,482.41941959747976,476.92181062419036,479.7698406915825,12101400
2024-02-27,483.3224182128906,483.5407356847416,476.2470121182993,476.30655049389355,10809600
2024-02-28,480.3155822753906,487.2917775435945,479.0553130170317,481.2880928291256,12715500
2024-02-29,486.37884521484375,487.9368366492081,478.9163793809535,484.70177703360076,17732000
2024-03-01,498.4556579589844,500.3907458373548,488.085654723343,488.34364423218267,16273600
2024-03-04,494.377197265625,500.5595280134549,492.62075453598,499.1503823962354,12324100
2024-03-05,486.46820068359375,491.7871644614326,484.15604619661946,491.21161670016596,15325300
2024-03-06,492.2933044433594,499.12065505181494,490.50709237478395,493.82152694541975,11757900
2024-03-07,508.27008056640625,515.871429965554,497.5428147005372,499.428267454864,18586400
2024-03-08,502.07781982421875,519.5629636532714,495.52832561465306,510.2547468573878,18597100
2024-03-11,479.888916015625,493.51384651254926,472.3570085263561,493.2062214717345,20428300
2024-03-12,495.9252624511719,498.4656675759742,481.02022594568126,489.48494207040557,15448200
2024-03-13,491.7772521972656,497.14585137802413,487.27198978393096,491.59863706276775,12090700
2024-03-14,488.06585693359375,497.5130167599525,484.4239615573876,496.4313625069967,12620000
2024-03-15,480.3950500488281,488.06587076219864,477.6164610806942,485.2674760460602,29153600
2024-03-18,493.17645263671875,493.6130875886428,483.0842738072249,488.1452478161507,11755300
2024-03-19,492.4421081542969,492.82913789689565,477.59661025996246,484.43389344040116,10903100
2024-03-20,501.6510925292969,504.31060469928195,491.3803284187274,495.6771763017406,11711100
2024-03-21,503.87396240234375,511.09821477284595,502.1373557038148,510.7707839758228,9712500
2024-03-22,505.6799621582031,506.06699186474566,500.48007571593536,503.11972128020517,8120600
2024-03-25,499.1701965332031,503.33806453967446,496.4114740821437,501.91901611098194,8380600
2024-03-26,492.0947570800781,506.09675270183544,491.41993839395826,501.26402973226214,11205400
2024-03-27,490.080322265625,496.0642018848251,484.3346567294072,495.4786906872178,9989700
2024-03-28,481.86370849609375,489.11779090352536,481.4370066733091,489.06815539695725,15212800
2024-04-01,487.5895690917969,493.6230238511937,478.09280367110387,483.4713362423317,9247000
2024-04-02,493.5634460449219,493.7222251422253,480.94079550745505,481.3873636113719,11081000
2024-04-03,502.8617858886719,503.35795926711006,494.93294499211555,495.1115601401886,12099200
2024-04-04,507.009765625,525.9437264523161,506.672341112813,512.4676419362434,26476300
2024-04-05,523.30419921875,526.6384700008692,510.47310152376684,512.9043633487449,19263300
2024-04-08,515.2760620117188,527.4223768254514,514.9188317096773,525.2293292201076,13260600
2024-04-09,512.9439697265625,521.845289446962,502.86169458913326,518.2331333714253,10863800
2024-04-10,515.8516235351562,518.5607107573752,501.92896968081385,505.39228040139363,11418500
2024-04-11,519.156005859375,519.8506605732492,513.3309363282792,517.1217075007655,10369500
2024-04-12,507.98223876953125,516.2088008915841,505.43190063751956,513.787472668167,11984500
2024-04-15,496.40155029296875,514.5615112314049,493.4741157112928,512.7653057412805,13512900
2024-04-16,495.9351501464844,500.90678605584037,493.30540740997316,494.29775401725584,9847900
2024-04-17,490.3879699707031,499.30915689281545,483.41177405310106,499.2496185150052,12193700
2024-04-18,497.9595031738281,508.28986501966875,495.2206471982187,495.99467632150186,14808700
2024-04-19,477.3882141113281,498.95188761147057,472.08908659081203,498.95188761147057,25215400
2024-04-22,478.0431213378906,488.24444280786287,469.7768574979575,485.97196069601875,17271100
2024-04-23,492.30316162109375,494.9428072503399,485.2277254126733,487.4902744828821,15079200
2024-04-24,489.7230529785156,506.0967720750617,480.8713078752949,504.17161722523144,37772700
2024-04-25,438.0019836425781,442.35836983181287,411.32769996695043,418.17488602057387,82890700
2024-04-26,439.8973388671875,443.02322464354364,428.65403477490287,438.0813276050655,32691400
2024-04-29,429.3090515136719,436.3944219336963,425.2801260809591,436.1959404676039,21502600
2024-04-30,426.8777770996094,436.2554348890997,426.43120898791216,427.7510167239678,18429500
2024-05-01,435.8287353515625,446.51629805901524,423.84117064830116,425.31978777610783,20344900
2024-05-02,438.2996520996094,440.562201203768,428.9715998380439,435.48139130558843,15221300
2024-05-03,448.5009765625,450.694084429791,440.4530598909977,442.5171275663126,16489100
2024-05-06,462.115966796875,462.592304076786,449.8704131384758,452.093259876696,15094600
2024-05-07,464.6563720703125,467.9212009325345,457.7794172557727,462.7213143300044,13406800
2024-05-08,468.9830627441406,471.94023656788784,459.4565282400275,459.95270159665824,11683900
2024-05-09,471.7814636230469,472.4363857703792,464.05107464244514,466.4029313871889,9437700
2024-05-10,472.5555114746094,473.8455500732435,466.00601718642696,473.4386842914545,10750000
2024-05-13,464.4281311035156,469.72725818959685,459.3076191330967,469.1318441867083,14668800
2024-05-14,468.23876953125,468.9234911376046,456.55883016199584,459.82365909681533,10478600
2024-05-15,477.8546142578125,478.8072585621629,467.59375353224107,471.34482265738814,13100500
2024-05-16,469.60821533203125,474.0340729044409,469.1318780385458,471.36465799748123,16608200
2024-05-17,468.2983093261719,469.18148209338233,464.8350292226781,467.22655798949256,10807300
2024-05-20,465.2518005371094,469.5784476860999,463.4655886777014,466.3533210681569,11745100
2024-05-21,461.0740051269531,467.0975562508918,458.73205140568564,463.54493846751484,11742200
2024-05-22,464.199951171875,470.0944931584009,462.0862477959769,464.28925874330497,10078600
2024-05-23,462.2152404785156,470.7295617615154,458.00770019996276,469.26090804074687,11747900
2024-05-24,474.56005859375,476.17758862327844,462.73127214344584,464.04117710669794,12024300
2024-05-28,476.2470703125,477.1798484054614,471.2059318134076,472.9326054846614,10175800
2024-05-29,470.7295227050781,476.17752617925936,470.07460059335506,471.0272448580583,9226200
2024-05-30,463.47552490234375,468.11973058222674,461.1534372044116,468.06019220156327,10719600
2024-05-31,463.25714111328125,465.52962326344255,450.98181875095815,462.2350253461456,16919800
2024-06-03,473.8355712890625,475.9294383757683,464.65636518199324,467.2563084447153,11279400
2024-06-04,473.3394470214844,475.224929995745,469.60824398888354,473.34938017945996,7088700
2024-06-05,491.2711181640625,492.8489456650612,480.2064593427849,480.74233500026116,15690500
2024-06-06,489.9810791015625,498.97173709860135,487.133049134123,489.20704994565904,10667300
2024-06-07,489.1872253417969,495.091700375797,486.41859982731586,492.11466024786785,9380700
2024-06-10,498.75341796875,498.8129563433123,489.6337500954303,490.0802879046476,11220900
2024-06-11,503.5861511230469,503.71516103182034,494.4565499121785,496.332099600009,9673700
2024-06-12,504.9457092285156,510.0761551757221,500.6091588400746,510.056288859241,11983200
2024-06-13,500.241943359375,505.4616660517263,497.52289299395886,501.83960690092306,9954600
2024-06-14,500.79827880859375,503.7683318714167,497.41101295586674,499.29833774600206,10243300
2024-06-17,503.2517395019531,507.3442620321648,492.70255969673593,498.3248218231231,11266600
2024-06-18,496.15936279296875,502.62596344611273,491.7191677926502,501.195563022246,13060400
2024-06-20,498.3546447753906,500.31150990328194,493.45749528868265,498.652632230771,11801200
2024-06-21,491.48077392578125,500.09297514636967,489.1067263628177,500.09297514636967,22359200
2024-06-24,495.583251953125,504.41395731690596,490.9940631467727,495.87132670955725,13525300
2024-06-25,507.1952819824219,507.3045339423374,492.1959639995384,493.73561634252076,12063200
2024-06-26,509.6985168457031,510.3839183587047,501.31479224425505,503.2716575193011,8882300
2024-06-27,516.095458984375,519.3933277808096,510.47322776643625,510.8208696393797,10121200
2024-06-28,500.8578186035156,518.4000638324243,500.48034762615777,513.7016232829023,15855100
2024-07-01,501.31475830078125,503.2020829318588,489.8815282371348,501.58297732671764,10328200
2024-07-02,506.10260009765625,507.0959319918616,496.11962668652535,497.42088904280774,7739500
2024-07-03,506.5595397949219,507.87074521081,502.6458095867641,502.9934818232005,6005600
2024-07-05,536.309814453125,537.2634349299381,508.18862031678924,508.18862031678924,21354100
2024-07-08,525.7904663085938,539.190504390823,523.1382870220716,538.733549875278,14917500
2024-07-09,526.4658813476562,533.8959841966067,524.667953121388,530.1908757911539,8753200
2024-07-10,531.1245727539062,535.2866353441332,524.8367656001964,527.2505545542191,10983300
2024-07-11,509.28131103515625,531.8895562792189,504.9801666469837,527.3500219197413,16458300
2024-07-12,495.5434875488281,504.70200901700827,490.93444322689584,494.4409036740209,19750500
2024-07-15,492.8515625,503.30140324613546,490.0801579921721,495.3050935222818,12539200
2024-07-16,486.5240478515625,500.58963142634576,482.55072018571695,498.1559561053816,14075800
2024-07-17,458.9093933105469,475.9748583365877,456.0585356169319,475.9748583365877,28076600
2024-07-18,472.6770324707031,476.04441214611455,461.442450113497,471.8326942182321,19267200
2024-07-19,473.6106872558594,483.464521940826,472.5378719136713,472.88554411371524,15149400
2024-07-22,484.14996337890625,488.77889368380687,480.67330171898413,483.3354239432015,12023100
2024-07-23,485.431396484375,491.91785295092694,484.4678632735356,486.5737221720912,9455500
2024-07-24,458.1942138671875,473.12399173942754,457.5088124022394,469.1606069922724,17649700
2024-07-25,450.3866882324219,460.45905945171774,439.69842567855943,460.1710149834866,18240500
2024-07-26,462.5946960449219,466.63753399730916,456.3565726815499,461.1046981366571,14222400
2024-07-29,462.6046447753906,470.7996339090199,461.91924325908735,466.74685262113263,11339600
2024-07-30,460.1014099121094,469.57780482339075,453.6546955153981,463.88600206485654,11390400
2024-07-31,471.6637878417969,473.3226655061121,463.6376791709923,467.87919560673834,24285800
2024-08-01,494.4210510253906,523.6548039805784,488.8186744101764,517.5259626274621,43083100
2024-08-02,484.8850402832031,497.80826747717975,472.9749703834954,485.73929115246585,24044700
2024-08-05,472.55780029296875,480.2561225927905,447.79401274658,448.34036348534045,21396200
2024-08-06,490.7953796386719,499.2089024694643,475.4583319023931,475.80600414778166,20955000
2024-08-07,485.65985107421875,506.7482681354804,483.61355944940226,499.77508903606014,20105300
2024-08-08,506.23175048828125,506.55953668319745,491.4211679453795,494.18262946631637,16156800
2024-08-09,514.3174438476562,514.8836502692486,502.32792131826227,504.32449769396317,13696600
2024-08-12,512.5096435546875,514.5658480140165,505.7053134773553,513.4135489736507,9767400
2024-08-13,525.0157470703125,527.9560320287349,514.6950722205842,516.5426554488862,13743800
2024-08-14,523.2474975585938,530.4392104871642,519.6416980752537,524.538816844259,11444200
2024-08-15,533.7469482421875,536.1706800557524,523.1878272447614,528.2438517303515,13482100
2024-08-16,523.9031372070312,530.1015190770014,521.1615312349661,528.3533057155574,14776700
2024-08-19,525.7506713867188,528.1147452351695,519.2741288076174,523.3567078553176,9879700
2024-08-20,523.2177124023438,527.5486857302659,522.3734045061494,524.8269052919596,7944400
2024-08-21,531.5914306640625,535.803208512871,523.4163291780279,523.6348937052984,13423300
2024-08-22,528.3829345703125,540.6009026012845,525.0652405771165,533.41913366634,15708300
2024-08-23,524.4793090820312,536.2701553658752,521.5589105040611,533.3398137671492,11323900
2024-08-26,517.6450805664062,524.4792084356696,511.51624012553435,524.0818514507407,9584000
2024-08-27,515.638671875,520.5159664663109,511.8739650201228,515.5194768725571,6282700
2024-08-28,513.3341674804688,517.6154262040186,509.03302271484114,514.2181869302751,9106100
2024-08-29,514.764404296875,523.684565573268,512.2413632137636,515.5888867116108,8317400
2024-08-30,517.8338623046875,520.0489730917525,511.7646188064961,517.8735737554629,9157500
2024-09-03,508.3475341796875,521.9859615332059,505.22845751609213,516.1749942685213,12459100
2024-09-04,509.32098388671875,513.1453480424364,500.70881337108693,502.6954771522908,8335200
2024-09-05,513.41357421875,518.1517873635855,507.74165686241577,508.3078633902029,8640900
2024-09-06,496.93414306640625,521.0820696565472,494.9276235238455,518.4000613773472,14744500
2024-09-09,501.4240417480469,507.9204108518389,498.7320903469637,502.78490166446124,11047800
2024-09-10,501.4240417480469,510.751412962104,496.69577198232815,504.77156555740726,9899000
2024-09-11,508.4170837402344,509.6984904565573,492.29532543071457,503.6292467318183,10782500
2024-09-12,522.0952758789062,523.1979204782829,511.7844848502824,513.6022993894097,11970500
2024-09-13,521.1218872070312,524.0621720816487,513.6619533531348,516.8704572987319,10321400
2024-09-16,530.2294311523438,531.0446869851908,514.4402669362904,521.5393768501115,9527600
2024-09-17,533.2520751953125,538.9989800805172,527.5349671432173,534.5247216049645,11690800
2024-09-18,534.8726196289062,541.0868659284195,530.8458001640214,533.9976488950548,10323500
2024-09-19,555.9016723632812,558.8547141847413,543.3936793129712,546.8537527288971,15647000
2024-09-20,558.1387939453125,561.2707987619654,553.1176944195414,556.7965408444652,22066800
2024-09-23,561.1812133789062,570.6964745858071,559.1926545649918,566.2421222621582,12830700
2024-09-24,560.1074829101562,564.5021812702805,551.0197537936696,563.4382949321094,12993000
2024-09-25,565.0590209960938,573.580004208347,560.4952510598988,560.8233803106601,16543400
2024-09-26,564.5917358398438,574.0970460697704,559.1330900425771,572.436555499505,14400800
2024-09-27,564.114501953125,567.5746364892888,561.2808291532298,566.8388185533927,9398400
2024-09-30,569.1654052734375,571.392581823153,561.5690947166503,564.4525297734127,12792300
2024-10-01,573.1723022460938,579.7047261626475,566.8387463764593,574.6736740742251,15259300
2024-10-02,569.5332641601562,572.705018338464,566.0831432657689,571.5715250916941,6524700
2024-10-03,579.436279296875,580.0228702133212,565.4765563823341,566.8884769556879,11581000
2024-10-04,592.5309448242188,593.4357124935896,578.1039391514795,580.3907699305325,14169500
2024-10-07,581.434814453125,599.5008565761534,580.698996622439,594.7978731184487,12014200
2024-10-08,589.4983520507812,590.1645022838451,582.6178946285061,586.3166457039373,7857400
2024-10-09,587.1318969726562,590.989705628623,578.2827866596821,590.5919696221545,9529700
2024-10-10,580.490234375,586.8535869486327,579.1877306195246,584.2088301034865,7740400
2024-10-11,586.5753173828125,587.8281195065246,579.376742110834,581.4846102064073,8587100
2024-10-14,587.0425415039062,596.6671607014488,586.5852117292404,590.8207918278077,8252000
2024-10-15,582.9163208007812,587.2314602827565,576.821381994876,586.7840223253323,9564200
2024-10-16,573.490478515625,578.7502561624128,570.7463179400054,578.074153352245,11268400
2024-10-17,573.629638671875,581.6236236428501,571.9095546343025,579.9930514580655,8701200
2024-10-18,573.1723022460938,580.6293988605148,571.9593103260983,577.7758214109436,7694300
2024-10-21,571.8698120117188,573.937930513858,565.8544327374575,572.7348910706112,8171900
2024-10-22,578.6805419921875,580.1918660440482,568.8471045236925,571.0046737501541,8544500
2024-10-23,560.4653930664062,581.6534860008076,559.2821980776996,576.6522311713827,14248400
2024-10-24,564.5320434570312,565.6257266322763,558.3078440792799,563.885737507838,7184700
2024-10-25,569.9707641601562,577.9647500652169,568.4494872870167,570.6468669862153,11337900
2024-10-28,574.8526611328125,580.410710743533,570.8357934356153,578.67072146079,10925100
2024-10-29,589.88623046875,590.2739533915471,572.1085063582906,576.8313344603039,13019100
2024-10-30,588.4146118164062,597.7608636426235,586.0084723536592,597.5420905900066,26864900
2024-10-31,564.3331298828125,586.525453807229,559.7892656536117,581.6534603775302,26838400
2024-11-01,563.9156494140625,570.3884199876283,559.341987056596,564.3630874174274,15303200
2024-11-04,557.47265625,565.4368452329544,554.6986381254013,560.87307535209,12064600
2024-11-05,569.1553955078125,570.1993768247104,563.4283359927113,564.0547369200507,9775400
2024-11-06,568.7775268554688,569.722104436324,551.994085485955,559.53074043899,18305400
2024-11-07,588.3152465820312,591.3974890420855,571.9195858236583,573.5899682554951,14653700
2024-11-08,585.96875,589.707190216614,581.1763151778936,588.1561165108458,9415700
2024-11-11,579.833984375,583.6420920185832,573.2121093173138,583.0057385461188,10209100
2024-11-12,581.4745483398438,596.2296222338206,577.059944903041,585.1732389751623,16287700
2024-11-13,576.68212890625,582.2898800347385,571.8797417717248,579.2771839216865,10757600
2024-11-14,573.8583374023438,577.4377800631241,569.7321138322568,573.6992793820006,11053700
2024-11-15,550.9104614257812,569.2946816423462,548.3452030486293,567.9523677618081,17712900
2024-11-18,551.2286376953125,556.6971755268692,546.943295022024,553.8534897330912,14327300
2024-11-19,557.8804321289062,558.2184532479198,547.4503869397267,548.7031890906989,9522400
2024-11-20,562.2849731445312,563.1101814515828,551.0297217043255,559.7097624878369,9797300
2024-11-21,559.868896484375,566.7393414481576,545.9091728138703,566.2621066854078,11154700
2024-11-22,555.9414672851562,560.6046406773982,551.4175075908335,560.32621328156,9164000
2024-11-25,561.8773193359375,569.3145718667378,553.207230520728,558.8845280879963,13599800
2024-11-26,570.2590942382812,574.1964632618979,561.9668364413141,562.7622479761632,10356600
2024-11-27,565.9439086914062,571.6908126970225,560.8730467836217,571.6013615253704,7200200
2024-11-29,571.03466796875,575.1510000832634,563.6571303183109,565.7450932068846,7130500
2024-12-02,589.438720703125,591.0991504414684,572.2774471807156,574.1963992934365,12522400
2024-12-03,610.1395874023438,610.6864289434953,587.867704227812,591.5962520347538,14907200
2024-12-04,610.2689208984375,614.2460390304662,601.6385211482492,609.4536043990507,14697000
2024-12-05,605.4466552734375,616.353933785045,603.5774048146206,613.5500580968196,8081200
2024-12-06,620.2017822265625,626.1873039273537,605.0489714012239,606.6099369109293,16935500
2024-12-09,610.0601196289062,622.8167434326103,602.7024265777296,620.350888846341,11426000
2024-12-10,615.7772216796875,622.0113739130567,609.234845211511,614.0272799520044,10938900
2024-12-11,629.060791015625,634.7481017123007,617.9746102226054,619.804050647096,10837200
2024-12-12,627.1815185546875,633.017934128409,623.6220417827839,627.887478818055,7474700
2024-12-13,616.80126953125,627.469929936179,613.3611012669363,623.6319649076017,8453300
2024-12-16,621.169677734375,628.0457250425881,615.5375430599308,626.8814359361309,10885600
2024-12-17,616.3933715820312,629.2597698587709,613.5076105410767,623.0902515630854,12897800
2024-12-18,594.2527465820312,624.2743396016706,593.3870305020766,617.9456355913278,17075500
2024-12-19,592.6408081054688,608.5123731732531,592.0736042552132,607.3879260072148,14958100
2024-12-20,582.3714599609375,600.143601343373,577.1472819775203,587.6752614717944,48989400
2024-12-23,596.8995971679688,598.1335492116074,583.366513431805,586.7000120717197,10205800
2024-12-24,604.7608032226562,604.9996130735921,596.3324917694366,599.7555139461255,4726100
2024-12-26,600.3825073242188,603.318010427164,595.9942238388753,602.5020361613814,6081400
2024-12-27,596.85986328125,598.8898077827639,586.8990872280444,596.4618063664631,8084200
2024-12-30,588.3319091796875,594.0038852291777,582.6997752560201,585.8541662451341,7025900
2024-12-31,582.6301879882812,591.048538740922,580.9783186606066,589.3569487521584,6019500
2025-01-02,596.2926635742188,601.9347590067932,584.9288491785778,586.8194676993116,12682300
2025-01-03,601.6561889648438,606.5022314682295,593.4765866809927,601.7855544308446,11436800
2025-01-06,627.1004028320312,627.8864953892827,602.641281410124,608.8207596792694,14560800
2025-01-07,614.8510131835938,628.9910845111622,605.2384904660217,628.5930882935072,12071500
2025-01-08,607.7161865234375,613.4080846789525,599.8251969713253,610.3830585744919,10085800
2025-01-10,612.8309326171875,626.811816790901,594.4020628949343,607.0296506844576,19256600
2025-01-13,605.337890625,605.9746965682851,595.5064814439484,604.1138991919983,10785000
2025-01-14,591.3272094726562,602.5119163465189,585.6552325061541,602.0939991024484,13598000
2025-01-15,614.084716796875,619.3984789584875,603.5169556717734,607.2087300599234,15524300
2025-01-16,608.2933349609375,613.2190007447427,606.7111893194766,608.4923634164871,8355300
2025-01-17,609.7561645507812,621.8961113451103,600.7008856525179,620.9806532892833,17280600
2025-01-21,613.4280395507812,618.443229069153,606.0146693079478,614.7912965163201,11674000
2025-01-22,620.433349609375,630.5831936184607,616.3833603918935,620.2343211513619,12274000
2025-01-23,633.3196411132812,633.468866899262,618.0949061109532,624.2743234364817,9910200
2025-01-24,644.3053588867188,648.7931865048288,631.0807466276091,633.2699382382675,19065300
2025-01-27,656.6344604492188,660.6048263723562,622.025492753922,623.5280757089856,28399200
2025-01-28,671.0133666992188,679.222789585596,656.2264085295512,662.7243202820943,20950100
2025-01-29,673.1626586914062,677.7002277973523,662.3958698215398,671.6799970081955,21377800
2025-01-30,683.6210327148438,707.294001197109,672.774619401076,693.3927409364592,29322900
2025-01-31,685.7903442382812,701.8310551092019,682.2080746968453,687.6014000766061,19303900
2025-02-03,694.0296020507812,700.5374135449807,671.9288188867163,672.5855459885331,21415700
2025-02-04,700.7265014648438,704.2292080677055,688.2083581609453,699.0448111623289,13826300
2025-02-05,701.4031372070312,714.6078889974233,695.5719738179728,700.0896222542642,17778200
2025-02-06,708.4880981445312,715.3641456188349,700.0398655613205,702.4081644926629,13080700
2025-02-07,711.0057373046875,721.4441337624995,708.2493417869568,713.2744918121093,16427100
2025-02-10,713.8714599609375,717.6527573421523,707.8313082421628,715.025727725116,12904300
2025-02-11,716.2596435546875,720.1006435254067,706.5476385055467,709.8115349418778,12998000
2025-02-12,721.812255859375,723.523766963731,709.0950845634602,711.7818168815365,12016500
2025-02-13,724.9766235351562,725.4144618537392,714.5083460221898,717.9712711727863,12569100
2025-02-14,733.0467529296875,737.2658892402018,722.0511132817282,722.5685751543255,16901200
2025-02-18,712.8465576171875,733.3750946365709,702.9654052178096,732.3800130970368,21938700
2025-02-19,700.3085327148438,703.5226265523086,691.9697448143099,700.6368658835008,17535500
2025-02-20,691.4225463867188,702.1594553078776,690.2284362839436,693.8505479928752,12587400
2025-02-21,680.1880493164062,700.4081157208864,679.0038997241937,693.1539923611765,15660400
2025-02-24,664.8438110351562,683.8896856241412,659.1917553729045,682.9045646514273,15677000
2025-02-25,654.26611328125,664.7144694629277,638.703023401866,662.6944247816905,20579700
2025-02-26,670.3864135742188,679.650619839028,654.7636219966097,656.4055307530449,14488700
2025-02-27,655.0025024414062,685.2629678985895,654.3358147754243,679.0934498337167,12500000
2025-02-28,664.9135131835938,666.3364725318584,639.4393887052988,654.8034504822056,17534200
2025-03-03,651.828125,677.8992724698688,647.638870751695,670.3664982200642,10843800
2025-03-04,636.8522338867188,646.5542796373367,620.5826737681288,642.3351433054311,21495200
2025-03-05,653.2411499023438,656.256276123591,634.523668550264,637.847267619745,13770000
2025-03-06,624.841552734375,647.3602531536812,621.040333910999,644.812846805576,13446500
2025-03-07,622.5826416015625,631.667740220239,597.6558630930216,622.29408984179,21375700
2025-03-10,595.0487670898438,607.1091498209839,583.9834658430217,605.0792054575583,21999900
2025-03-11,602.7308349609375,611.9054572036264,590.4117211785095,592.1232321992892,17401500
2025-03-12,616.5126953125,630.2149870827395,606.352891273559,626.8018648059933,15747000
2025-03-13,587.7349853515625,617.4481060645986,583.6252936627146,617.1993356753703,16480300
2025-03-14,605.1494140625,606.4043419789234,592.381172955088,600.3687854957838,12364500
2025-03-17,602.4603881835938,610.6272679434014,595.5881924170304,605.01006095703,15473900
2025-03-18,580.01123046875,597.8290917063831,572.34227369431,597.6298861819188,20297700
2025-03-19,581.7044067382812,589.9311027976759,572.4518964146898,581.9235510596104,20537500
2025-03-20,583.6365356445312,607.7389439842362,577.172720940167,580.4096129893901,24336500
2025-03-21,593.84521484375,595.1299901540924,578.6069346961235,581.0669435562578,25015900
2025-03-24,616.35400390625,620.0291236750295,609.7308614385815,612.4896480218807,15741300
2025-03-25,623.7839965820312,631.3234729455945,618.674681768664,624.2321938231848,15312500
2025-03-26,608.5158081054688,624.2222248223229,604.163437823038,622.3697410659778,12609800
2025-03-27,600.1497192382812,611.7726353131792,597.67968012305,599.5720414465346,10436500
2025-03-28,574.4139404296875,599.3230823357646,571.605306475786,597.8888875675808,17602800
2025-03-31,574.035400390625,576.365989409716,551.0684088090011,561.2272821521618,21124700
2025-04-01,583.6365356445312,587.5307390242879,567.70106709451,568.537705940541,12836600
2025-04-02,581.5748901367188,590.2696609066593,571.0475136953103,572.5912500878843,13470800
2025-04-03,529.4759521484375,550.3315027907909,528.1612684622463,544.0170454965238,34777500
2025-04-04,502.6943664550781,515.9108358048159,492.2068365877987,504.5767280238223,38589800
2025-04-07,514.1679077148438,537.1946573822175,479.95643891438516,483.14354512484755,36606100
2025-04-08,508.3912658691406,545.2220987278512,500.83185110030036,541.0589647931961,28034200
2025-04-09,583.4075317382812,585.5189766353849,500.0849095170737,507.21603593950647,39216600
2025-04-10,544.0867309570312,578.9555415344041,533.141064552052,573.1689763297147,28173500
2025-04-11,541.3777465820312,545.1923169106578,526.4581815568449,533.3502556297472,17642300
2025-04-14,529.33642578125,555.520432371149,526.149380590007,553.9268489865372,14130900
2025-04-15,519.4166259765625,535.7703838427552,515.4128199804695,529.9638803667925,15558700
2025-04-16,500.2840881347656,511.29947867102186,493.6310371089192,506.459094542153,18735100
2025-04-17,499.45745849609375,505.25396236597624,496.0014523688267,503.21224251554713,14593500
2025-04-21,482.7052917480469,491.50963495584347,477.8648771062618,489.3483735420339,16166000
2025-04-22,498.2622985839844,504.8356859267328,484.3984265448332,489.886213659528,17399400
2025-04-23,518.1716918945312,533.1809196011152,514.4368162114096,526.398387792126,18173900
2025-04-24,530.999755859375,531.7467310045646,515.4128501808216,516.6378699664548,13910000
2025-04-25,545.0628051757812,547.6423253119987,534.0872308807745,544.5946691393716,17098900
2025-04-28,547.5227661132812,556.2374754096683,538.409706579595,553.3989944115831,15179000
2025-04-29,552.2039184570312,554.3253329246786,541.9255322333729,543.7979549633997,11835000
2025-04-30,546.7858276367188,546.8854000110363,527.3644731031741,536.2286028212618,29244000
2025-05-01,569.9022216796875,590.5585647326062,568.1990964565776,589.6920784232152,31159000
2025-05-02,594.6121826171875,601.9026676753685,575.9975586829169,581.1068737819331,24739300
2025-05-05,596.8530883789062,600.7772002962906,585.6783084359005,588.8355064073843,13887700
2025-05-06,584.9413452148438,593.6262086030198,584.2143087960085,590.1403242884969,10600700
2025-05-07,594.4029541015625,600.6476855016655,584.3038359796805,587.9789559689339,13139100
2025-05-08,595.5982055664062,608.8345844494372,594.2137969163823,603.8447803031055,14622800
2025-05-09,590.1004638671875,604.5220462267766,589.3236412362096,601.2851535548689,10427300
2025-05-12,636.85107421875,637.8072242767122,618.5253206919152,628.3753866174048,21965100
2025-05-13,653.3841552734375,658.254386921773,640.2373808266427,642.9364120582926,18570800
2025-05-14,656.7007446289062,659.9973927569988,651.6711237576287,658.543319934739,12348200
2025-05-15,641.2831420898438,654.6589696292252,636.0045299274248,651.6412216753015,14341800
2025-05-16,637.7574462890625,637.8570186595293,623.6246741050281,635.3870402976211,18519000
2025-05-19,637.8470458984375,640.4066880114517,625.2679796518272,625.7161768945482,9592400
2025-05-20,634.530517578125,636.7714432087338,629.7100715967877,633.4449476478025,6743500
2025-05-21,632.9369506835938,644.0021281038256,627.6284302053292,629.2418916838421,11464600
2025-05-22,634.0026245117188,640.6556757699244,628.1662733645643,631.492768599171,8228400
2025-05-23,624.531005859375,629.8992820739184,620.1388185495641,621.4833495575277,8454100
2025-05-27,639.7294311523438,640.4863756807556,630.1980211513535,632.8472662118028,9508400
2025-05-28,640.9843139648438,648.254859263292,639.9584390080566,640.0082251890005,9042900
2025-05-29,642.448486328125,650.6851526800369,636.9208817638153,649.0219048494392,8858800
2025-05-30,644.8786010742188,646.790840509364,630.227966818394,639.9087359485001,16241000
2025-06-02,668.1942138671875,670.5446811489596,641.6616412070963,641.791121766507,15766300
2025-06-03,664.1605224609375,672.8553550898889,662.3479161440031,668.7420068089284,11585000
2025-06-04,685.1753540039062,686.2211069583093,665.8735130698844,666.6204881500277,14031900
2025-06-05,681.85888671875,691.5795338523676,679.4984499163488,688.8704721449504,13083100
2025-06-06,694.8960571289062,699.9754637799698,689.0795839414949,693.3622292653906,11728000
2025-06-09,691.2607421875,702.3458579741853,691.1412310298801,695.6430205968694,12773200
2025-06-10,699.567138671875,700.3937473880201,688.7708312874433,698.5213248498013,10850100
2025-06-11,691.3404541015625,706.0110265671628,689.1991010267074,700.871864292101,9582500
2025-06-12,690.5635375976562,692.575410020333,684.2292032313352,690.5037820202001,7322700
2025-06-13,680.1158447265625,691.7686684593297,678.2633610655403,685.175373097979,9274400
2025-06-16,699.8262329101562,704.8398295585073,691.2443755981594,697.0453694874415,13720300
2025-06-17,694.9522705078125,703.6637089538638,693.7861096962511,699.7067073456836,10066100
2025-06-18,693.4970703125,699.2980647722242,692.6299173050131,695.8991705300261,10068300
2025-06-20,680.120849609375,699.5272759324512,676.4528788689065,698.4607641474819,22538600
2025-06-23,696.2481079101562,696.7663678330139,676.5326949790629,681.4565596787132,11080100
2025-06-24,709.8733520507812,710.8601081222891,699.8162879347926,702.5872352556954,13823200
2025-06-25,706.3649291992188,714.2391463968028,703.0757215627262,710.989786190386,9320400
2025-06-26,723.7180786132812,725.8410644855094,708.7271714667934,712.026356119824,13964800
2025-06-27,731.2333984375,733.0275060697373,723.4887618360168,724.1466398304902,18775700
2025-06-30,735.6788330078125,745.4567832484664,731.851350759088,742.1176905331245,15402100
2025-07-01,716.8704223632812,735.3399177465482,713.0330238804761,734.4727647300622,13431200
2025-07-02,711.2389526367188,717.9469479430355,710.4714485666279,712.9932128907722,9336700
2025-07-03,716.6611328125,726.6484187341657,712.0861007528597,724.23628063908,8601700
2025-07-07,716.0032348632812,724.6250009558648,711.1790804792781,715.2556849998467,9457100
2025-07-08,718.3157348632812,720.5484076114845,712.4748926138262,719.2128191233631,7770700
2025-07-09,730.3861694335938,735.1206520424314,720.3589752323313,720.3589752323313,11418000
2025-07-10,724.8641967773438,733.3962299961528,717.2491410105094,729.1601141641413,9913600
2025-07-11,715.1660766601562,722.791049443565,707.3815924903404,720.1397657932962,10873900
2025-07-14,718.5648803710938,725.6217684499236,714.2091611608587,715.2557188520466,8939400
2025-07-15,708.0693359375,722.1032960553172,707.501190694441,721.5352116480268,11529500
2025-07-16,700.6136474609375,711.6375132851348,696.985585155631,711.0394977501286,13067600
2025-07-17,699.1185913085938,703.5939743779064,694.8326508122145,702.0888975460598,11803300
2025-07-18,701.9791870117188,702.4077749261983,689.3904436272979,699.8959881535893,12779800
2025-07-21,710.6409301757812,714.6577946803866,703.4545218308364,704.4911025889082,9404400
2025-07-22,702.5075073242188,714.258969568067,699.1185901916039,713.8503357336546,8921100
2025-07-23,711.2488403320312,712.2953979460707,702.627074466955,704.0623726003058,8771600
2025-07-24,712.46484375,721.2560374369583,711.6674693968201,714.7074933384354,10920800
2025-07-25,710.351806640625,718.2958018452817,709.5743863825453,714.5779456568456,8271700
2025-07-28,715.2855834960938,722.3723412768968,710.3517424558249,712.8635293495823,8715700
2025-07-29,697.7132568359375,722.1032896273051,697.6235240780348,717.6479213169642,13267000
2025-07-30,692.9388427734375,706.1854038178556,688.9419332947481,705.7767700131621,27077300
2025-07-31,770.913330078125,782.1863801577031,763.0092430876867,772.667590247117,38831100
2025-08-01,747.559814453125,763.4975672525204,742.8751566383397,758.2447642610286,19028700
2025-08-04,773.8338012695312,774.3122137700193,755.9324499017634,757.5172825632864,15801700
2025-08-05,760.9659423828125,780.571667176634,760.507423214992,773.913496774336,11640300
2025-08-06,769.468017578125,771.1126516160077,757.9757159507556,767.4845283360178,9733900
2025-08-07,759.3412475585938,772.4682063669705,757.0686667309535,770.9631295472946,9019700
2025-08-08,766.786865234375,767.3849416766147,756.101914160301,760.2582747146965,7320800
2025-08-11,763.3680419921875,770.9332736584846,762.171949999175,767.5643106154529,7612000
2025-08-12,787.4192504882812,791.077244402737,769.9066403638383,770.4747856043563,14563100
2025-08-13,777.5316162109375,792.8613769942957,775.6876233736197,788.5654595317508,8811800
2025-08-14,779.5748901367188,785.2363270315518,769.986322264654,775.3387743217048,8116200
2025-08-15,782.664794921875,793.6488143059948,778.269228256533,781.5883668624648,13375400
2025-08-18,764.8631591796875,773.2755899130946,754.0884756033142,772.5579712024165,16513700
2025-08-19,749.0250244140625,764.6637703117248,746.9119549568848,764.613945820292,12286700
2025-08-20,745.2772827148438,747.7492222984731,728.6119336256934,745.1278092436016,11898200
2025-08-21,736.6854858398438,743.0646026719377,730.7150636889187,742.2772053426181,8876300
2025-08-22,752.3242797851562,754.42743321116,731.9909576644918,736.8151126028864,10612700
2025-08-25,750.839111328125,756.40089964729,747.6794841015795,752.354165267511,6861200
2025-08-26,751.636474609375,752.4039786334924,745.4966249237331,748.3472672479323,7601800
2025-08-27,744.9384765625,751.6863799088018,740.4133296583533,749.8423869559551,8315400
2025-08-28,748.65625,750.5899148175357,738.3799332684189,741.5694916361576,7468000
2025-08-29,736.2868041992188,744.6992345800578,732.9477115811937,742.8453254860702,9070500
2025-09-02,732.7085571289062,733.595664312695,719.3722615167949,723.6681793458474,9350900
2025-09-03,734.6421508789062,737.8317091036498,731.5921498947655,733.5955932459119,7699300
2025-09-04,746.2042846679688,758.673365064992,743.3835128663812,746.1245289832817,11439100
2025-09-05,749.9918823242188,755.4739147328357,742.596139272426,750.1613099282893,9663400
2025-09-08,749.8423461914062,764.0059463353695,749.5632925404257,753.5302710608411,13087800
2025-09-09,763.1986083984375,763.7966239723705,750.9686728075005,755.0154070864886,10999000
2025-09-10,749.5234375,763.1986490989516,748.5466583985636,762.6305038555339,12478300
2025-09-11,748.4469604492188,754.6266574243845,745.9251963321232,752.1847098305358,7923300
2025-09-12,753.1216430664062,755.095155276553,741.330272625368,746.2840072815898,8248600
2025-09-15,762.201904296875,771.5412896866574,749.5334031898147,754.995481759339,10533800
2025-09-16,776.4552001953125,778.8074760600178,762.6005837137456,764.4944012192615,11782500
2025-09-17,773.1859130859375,780.731191338524,763.8066796606671,777.4419836717854,9400900
2025-09-18,777.7010498046875,786.2032128794,770.8335437165625,778.1994163857863,10955000
2025-09-19,775.8372192382812,788.2166289656076,766.6772383880447,783.8509325355676,23696800
2025-09-22,763.175048828125,783.6916948825968,762.4868363426395,779.8217552362186,11706900
2025-09-23,753.4404907226562,768.6010126974617,749.1217058463387,767.2545389947088,10872600
2025-09-24,758.6867065429688,759.1355513505183,750.5778529948334,755.5349308449814,8828200
2025-09-25,746.9672241210938,754.8068807440363,742.6185490172081,751.4954858581857,10591100
2025-09-26,741.8206787109375,749.9794521140951,735.4372562509625,748.0544659269957,9696300
2025-09-29,741.4716186523438,748.832479543402,737.2326433015477,746.7777648139662,9246800
2025-09-30,732.4749755859375,741.0426584785586,724.4159185837501,740.3245554260684,16226800
2025-10-01,715.4791870117188,719.9774365591268,708.3576941566364,719.618385039583,20419600
2025-10-02,725.1640014648438,725.8821654223162,716.2771410193245,720.7056259804448,11415300
2025-10-03,708.7167358398438,729.1037149276121,708.3377167266436,727.7372737109582,16154300
2025-10-06,713.8035278320312,715.0203947681905,688.718804278428,703.3607165744016,21654700
2025-10-07,711.230224609375,716.636147605649,703.9192222306009,715.8581417735932,12062900
2025-10-08,715.9779663085938,717.783268775081,705.9739546774089,711.5993392573523,10790600
2025-10-09,731.6072387695312,731.6072387695312,710.5918883665408,716.4167658258609,12717200
2025-10-10,703.4703979492188,733.3626856542741,702.6824691715568,729.0239332852144,16980100
2025-10-13,713.8433837890625,718.072374881022,705.8042950194317,711.1603595995662,9251800
2025-10-14,706.8117065429688,713.6937706407739,697.5158763660478,705.9439682909708,8829800
2025-10-15,715.6885986328125,722.0221626881838,707.6694770310874,715.1998794771447,10246800
2025-10-16,710.2228393554688,723.6080097298942,702.0540824517458,715.6886043056783,9017000
2025-10-17,715.0602416992188,716.6760344343375,704.2882698394852,705.2458014471516,12232400
2025-10-20,730.2706298828125,731.866515781436,718.3117433877071,719.3191330444083,8900200
2025-10-21,731.367919921875,736.5843338414116,726.859625303898,734.1107864324557,7647300
2025-10-22,731.5075073242188,738.6788588958609,722.1518950553793,731.9264616753367,8734500
2025-10-23,732.095947265625,740.4841042897723,731.1982575844598,732.7941435868839,9856000
2025-10-24,736.444580078125,739.2872233202683,729.2533227506186,734.8786455644157,9151300
2025-10-27,748.872314453125,753.7895182960361,746.069606274355,747.7851152228061,11321100
2025-10-28,749.4906616210938,756.4326283200122,743.5860359773924,750.677577029167,12193800
2025-10-29,749.7200317382812,757.1905917498632,740.5838210171188,752.7920587752158,26818600
2025-10-30,664.7410888671875,679.1935516668058,648.4833846789722,667.414190282622,88440100
2025-10-31,646.6681518554688,673.139345897249,643.8953948481166,672.7603267493847,56953200
2025-11-03,636.0557250976562,657.619635334369,634.5296648817072,654.298256711345,33003600
2025-11-04,625.6926879882812,640.0752642850032,624.3860886703497,626.410791028598,27356600
2025-11-05,634.30029296875,640.5639703518489,624.9146693781357,630.6697208898194,20219900
2025-11-06,617.3344116210938,634.3501538797125,616.3968476378337,634.2005186436334,23628800
2025-11-07,620.0972900390625,620.516183502649,599.6404837711106,614.8907991985972,29946800
2025-11-10,630.1212158203125,633.3528014765299,616.5065997528014,629.4529708548182,19245000
2025-11-11,625.4533081054688,627.9268552540688,617.7832543081277,626.3709044869131,13302200
2025-11-12,607.43017578125,627.3583261459861,606.1934022078184,626.5005716840028,24493300
2025-11-13,608.3079223632812,616.0478021853295,601.4357808374693,611.4796659420805,20973800
2025-11-14,607.8790283203125,612.088052043071,593.6560102918138,600.2288811530552,20724100
2025-11-17,600.4483642578125,610.1032465254069,593.855525554584,607.4600964135232,16501300
2025-11-18,596.1395874023438,602.0940719298206,582.2656968950795,590.065358149623,25500600
2025-11-19,588.7886962890625,593.7857099116716,579.7422168855177,592.1798400423816,24744700
2025-11-20,587.6217041015625,605.1460720070379,581.8367012414765,601.9344542639864,20603000
2025-11-21,592.70849609375,596.5684523172222,580.3506215479276,586.9734117815261,21052600
2025-11-24,611.4596557617188,615.1002115339802,596.0796743085915,597.1668126146857,23554900
2025-11-25,634.5695190429688,635.3973829418613,616.6960233021972,622.3812488080194,25213000
2025-11-26,631.9663696289062,636.7040478933542,629.9915253276793,636.0358029520913,15209500
2025-11-28,646.2691650390625,646.3688812783262,633.8514494094911,634.4299618769652,11033200
2025-12-01,639.2074584960938,643.6459265392308,636.1055410281542,637.8908755177382,13029900
2025-12-02,645.4213256835938,646.1893476978298,636.4147821721649,640.6737247939117,11640900
2025-12-03,637.9407958984375,647.1668005690203,635.8961259576193,642.7383158920676,11134300
2025-12-04,659.81396484375,674.3461154685141,658.3377626918029,674.2463992276428,29874600
2025-12-05,671.673095703125,672.9398207362489,660.6717397649775,662.2775487290173,21207900
2025-12-08,665.0702514648438,674.9545781663558,663.344758713728,667.603701448277,13161000
2025-12-09,655.2557983398438,662.7562492699393,651.6451938720459,662.0481300460407,12997100
2025-12-10,648.4435424804688,652.812185461044,641.7310198416047,648.2640167126568,16910900
2025-12-11,651.016845703125,653.5801862453618,639.1377070000864,641.6212380225077,13056700
2025-12-12,642.5587158203125,709.1555202318053,636.9533001226623,648.1142734035774,14016900
2025-12-15,646.3570556640625,651.8372704406642,637.5627451568915,644.5502809809109,15549100
2025-12-16,655.9798583984375,661.3602142938313,642.054686531657,642.3541401459643,14309100
2025-12-17,648.343505859375,660.0526000253047,648.0440522221027,654.4426118233187,15598500
2025-12-18,663.2669067382812,669.366012780715,655.2911433094866,655.8601356908653,20260300
2025-12-19,657.5969848632812,669.8051880946751,657.0080086354003,665.2333263832898,49977100
2025-12-22,660.3220825195312,672.380589007267,655.4807431709672,660.4718397886508,15659400
2025-12-23,663.7559814453125,664.8140915262984,657.0778915122911,658.8746741689592,8486800
2025-12-24,666.3613891601562,666.9902722948509,661.0209394131572,661.3503688947783,5627500
2025-12-26,662.10888671875,667.7588423243637,660.1424238558649,666.8704124858896,7133800
2025-12-29,657.5171508789062,659.0743707339258,653.2248195668056,656.8383689858442,8506500
2025-12-30,664.7642211914062,671.0230153954109,656.6686764849229,657.5171386037911,9187500
2025-12-31,658.9146728515625,663.8159033150052,658.2658058687088,663.5663484641349,7940400
2026-01-02,649.2518920898438,663.2070415689074,642.3542224297569,661.5499631466852,13726500
2026-01-05,657.616943359375,663.3567049684374,646.5966230035071,649.8508280292294,12213700
2026-01-06,659.4437255859375,664.3350252422523,650.7392812609531,658.3956073528642,11074400
2026-01-07,647.5349731445312,657.9763704555172,643.6618768302103,654.4726104611178,12846300
2026-01-08,644.9096069335938,645.9477331499952,634.5879917891143,644.7299347572825,11921700
2026-01-09,651.8970947265625,653.7837438291153,641.7052537227476,644.2906685217797,11634900
2026-01-12,640.826904296875,652.8055375702352,640.0882316599212,651.3681600668523,14797200
2026-01-13,629.96630859375,641.1263941859123,622.9887038024194,641.1263941859123,18030400
2026-01-14,614.4240112304688,627.3309804807691,613.7252454803604,625.3844405077801,15527900
2026-01-15,619.694580078125,623.0585745209008,613.1362714280776,617.378703801015,13076100
2026-01-16,619.1455688476562,627.9598630097294,618.9758886129073,623.0685636897582,17012500
2026-01-20,603.0443115234375,610.3113781504126,598.9316523845154,606.7976262932837,15169600
2026-01-21,611.8685913085938,617.169133937088,599.0115204374271,605.659634898437,14494700
2026-01-22,646.476806640625,659.3937675491238,625.4343255489129,628.2293275614567,21394700
2026-01-23,657.5870361328125,665.3032527677875,643.3025186421843,643.6219561683764,22797700
2026-01-26,671.1627807617188,674.0776252750454,660.1124846991261,663.9456740004919,16327400
2026-01-27,671.7716674804688,675.6148486525956,663.4764668627315,673.3888389297905,13297400
2026-01-28,667.5392456054688,676.4733214975852,664.9139236867763,673.2989910894674,25709600
2026-01-29,736.995361328125,742.6752321400184,711.2812198864386,736.1169233837337,59852900
2026-01-30,715.2241821289062,730.8662626744616,712.3193905555435,726.2045952530067,23744600
2026-02-02,705.152099609375,720.0156002559207,702.2672920108814,713.3275184694113,14365200
2026-02-03,690.4683227539062,715.7232596178901,685.1877035052055,706.1104025957663,13760700
2026-02-04,667.7987670898438,687.603466213174,666.2715231343633,686.5053883494637,16882800
2026-02-05,669.0166015625,680.2864759062725,652.3363345630947,662.3984025060512,17131800
2026-02-06,660.2822265625,670.7934451675868,645.3488423980709,664.3050190645899,18159300
2026-02-09,676.0140991210938,682.0932819515241,657.6069922476072,661.9991209626965,14837500
2026-02-10,669.5256958007812,679.4380681924739,668.597359057372,676.3934502400131,10455800
2026-02-11,667.4993286132812,678.0605068549233,655.9299390360635,672.7998711552045,14323800
2026-02-12,648.6529541015625,674.7963229561075,644.1310518439949,668.7770306530766,14960100
2026-02-13,638.630859375,650.2700710327099,633.4401061931457,643.9513250294082,12336400
2026-02-17,638.151611328125,641.4557148619026,627.6803003409905,638.3612593202278,12674700
2026-02-18,642.0746459960938,643.8515057528024,627.0315334227189,632.67143641335,14649200
2026-02-19,643.6318969726562,646.0375787806976,635.5861905818066,637.432932921519,10035700
2026-02-20,654.4924926757812,662.1688021543367,637.6426055733327,638.5509584025834,14183500
2026-02-23,636.1152954101562,656.5288937722072,634.8675211939732,651.3780476889771,8605900
2026-02-24,638.16162109375,639.9683956881865,627.8599900449855,631.9527259539814,10135600
2026-02-25,652.5260620117188,652.7157261405878,640.9966397738364,641.3859599741169,11330700
2026-02-26,655.8401489257812,659.823034651462,646.3470725216666,649.3916295582877,10637700
2026-02-27,647.02587890625,648.2836451675449,636.983793627941,642.3043203814821,15703000
2026-03-02,652.396240234375,658.764884603327,633.3701817354564,636.0254184162494,9816100
2026-03-03,653.91357421875,657.866484005116,637.7025010942567,647.1356255764312,12263800
2026-03-04,666.541015625,671.5720803574089,656.4989309709863,656.788453587829,10810100
2026-03-05,659.393798828125,669.5057662619517,649.1520579976961,660.751362594833,13341400
2026-03-06,643.7117309570312,648.3135076492586,634.9773114336934,646.7463568472266,13159400
2026-03-09,646.2373046875,646.596649067328,625.6640164348609,633.6497720389343,13489700
2026-03-10,652.9053344726562,659.1242214972237,647.8443550809549,652.3962328583322,9859300
2026-03-11,653.6939086914062,657.9463328691638,647.2054829186618,653.5941111270305,8977200
2026-03-12,637.0436401367188,652.336368433984,635.7659510050273,647.5948263527883,11617500
2026-03-13,612.6171875,628.0496188589474,608.4645611002024,622.7790526456299,18957600
2026-03-16,626.8690185546875,634.1622468505053,622.5230098937741,631.4147932406764,15134900
2026-03-17,622.0834350585938,635.9605885584036,621.1243629754691,627.4085169382369,10348800
2026-03-18,615.1099243164062,622.0735023862151,614.04090772979,615.769347359454,11726300
2026-03-19,606.1382446289062,612.4323990135786,601.7023533616688,611.5832104537112,13247700
2026-03-20,593.1102905273438,603.400802317344,586.7062525156723,602.9712077810872,21214900
2026-03-23,603.5006713867188,608.0764476338709,598.4553596033379,605.2290499891692,13638000
2026-03-24,592.3709716796875,600.443507118967,590.4527665679026,598.5452420228083,10739700
2026-03-25,594.3391723632812,603.1110107561809,592.850561795072,598.1855830392399,12585000
2026-03-26,547.032958984375,582.460145169462,542.8468364624507,581.9506076701073,35780100
2026-03-27,525.233154296875,543.0966023049141,519.7782492802263,539.599843303006,30133000
2026-03-30,535.8833618164062,539.0504095872608,528.0505941707193,535.8833618164062,22795200
2026-03-31,571.6002197265625,573.1587727471259,546.2637174010383,549.4707059552647,32898300
2026-04-01,578.6936645507812,592.0013387220274,573.2887005646345,579.5928556215499,23608100
2026-04-02,573.9281005859375,577.9643377947169,559.1817578546791,565.5158531822124,13518500
2026-04-06,572.4894409179688,582.2503530791108,571.4703658572956,577.1550997330287,9515700
2026-04-07,574.5175170898438,574.6973431004155,564.2370671243236,571.9498894780604,9580800
2026-04-08,611.8529052734375,629.3667024291958,591.2820049792073,605.4388670235439,32036600
2026-04-09,627.8081665039062,636.9097166035551,622.4231426572783,626.3894374266143,19012900
2026-04-10,629.2767333984375,637.9886903650855,623.7518859014353,633.882449891805,13294800
2026-04-13,633.9425048828125,634.4120404303904,623.8218795800174,628.9171329935918,9538900
2026-04-14,661.8765258789062,665.6430543798978,638.7779398291946,642.624350345733,17818000
2026-04-15,670.9581909179688,677.8717665104965,663.6049593103575,666.3824145357423,14952600
2026-04-16,676.2432250976562,676.9525896021297,667.131674939706,675.3640350842893,9544800
2026-04-17,687.9124145507812,690.8796961433965,674.5048580761284,677.9716157075654,16283500
2026-04-20,670.2887573242188,682.7472426832454,667.381478611767,680.7290935491282,12534000
2026-04-21,668.220703125,675.5738733736962,666.7120915784461,670.3786762058809,8660100
2026-04-22,674.09521484375,677.7518600207422,669.1298460769134,673.7355628200382,9215600
2026-04-23,658.5396728515625,668.9400066983026,652.4452846667049,663.0854475032797,11667000
2026-04-24,674.4049682617188,680.0396994180859,653.2345872360809,659.7085674039201,13348300
2026-04-27,677.9916381835938,681.8680504402118,670.2188736545023,670.3786986745525,12805200
2026-04-28,670.7183837890625,677.5520159823654,665.0136491453696,673.6156618787633,10606800
2026-04-29,668.5004272460938,673.6256820299297,663.1953464496755,668.290599742094,18947500
2026-04-30,611.3433837890625,620.2751083620838,599.4444385151393,618.7465567527638,52765000
2026-05-01,608.1863403320312,618.3069655430758,605.548770151405,614.120842749119,21404000
2026-05-04,609.8447875976562,613.4314904063681,602.1919069095087,607.3771038685389,16203900
2026-05-05,604.3998413085938,613.7811000159977,599.8040642277598,612.7420849871345,17171300
2026-05-06,612.3125,619.3759607512419,597.5461564796674,600.4934370812971,19915500
2026-05-07,616.2388305664062,624.4012480600104,612.9718390781961,614.150739078972,12307400
2026-05-08,609.0654907226562,616.1988937552933,605.4987892063378,614.6303402495529,13557000
2026-05-11,598.3054809570312,604.3498668649182,597.5262348938886,604.010215830275,15940600
2026-05-12,602.441650390625,603.1909559259367,592.0512559095129,594.2692320029287,11351600
2026-05-13,616.0590209960938,619.3260125714435,596.1074810052941,598.275515544453,14634400
2026-05-14,617.8573608398438,623.152441138389,614.4305441468357,615.429618202359,10651200
2026-05-15,613.6612548828125,620.6248329546977,608.7458274653094,613.421486859321,13272600
2026-05-18,610.64404296875,615.0199919776213,603.1309869574205,608.5459509764945,13772400
2026-05-19,602.052001953125,613.361527578881,599.9939118379299,608.3561568042173,11749900
2026-05-20,604.499755859375,607.4370360716302,597.2564688338498,600.2037495434126,11329700
2026-05-21,606.8175659179688,609.0354809096541,594.2591985256718,599.4443949814065,13476100
2026-05-22,609.6949462890625,614.2407210713809,606.3880135859368,607.3171451453314,11688600
2026-05-26,611.7730102539062,613.9009818092591,604.7394901495815,608.3261927003538,12234200
2026-05-27,634.6718139648438,637.908804248614,608.4361186960156,608.8357727220844,23143600
2026-05-28,634.7017211914062,642.4046039468743,628.7272779804616,638.9078448274123,16772400
2026-05-29,631.92431640625,633.9124639439917,622.7727642602187,632.9133899267435,19806500
2026-06-01,599.9139404296875,635.1613007084701,598.974869401479,629.8162791560948,29138800
2026-06-02,597.0765991210938,608.3161816139932,596.1274666259658,602.68138962268,18252000
2026-06-03,622.4031372070312,623.5720977596394,599.7142043737263,602.4416570391962,23020100
2026-06-04,626.9888916015625,641.8051764288737,621.8536364911718,623.0924785224576,21469200
2026-06-05,592.450927734375,628.567480013855,582.3702434655938,622.8827460758752,30091600
2026-06-08,584.8479614257812,591.4518261333767,578.6836307521693,591.4518261333767,19512400
2026-06-09,584.0487060546875,597.0766092757164,580.4720040020986,590.4527436689563,16977400
2026-06-10,570.4512939453125,590.7724873942649,570.0716409197756,580.192266144374,17064000
2026-06-11,567.9036254882812,571.6401524850257,556.4942175026772,565.3060574843756,17628000
2026-06-12,566.4549560546875,575.5365655300229,560.3806300495169,572.4194595335534,14326400
2026-06-15,593.47998046875,601.27001953125,579.2999877929688,579.9000244140625,17653300
2026-06-16,600.2100219726562,605.8099975585938,592.0,593.6500244140625,11344400
2026-06-17,567.5800170898438,593.8099975585938,566.1900024414062,592.0,20478300
2026-06-18,577.219970703125,580.219970703125,563.0999755859375,572.8200073242188,28824600
2026-06-22,563.8499755859375,575.8099975585938,559.8099975585938,572.02001953125,15405500
2026-06-23,562.2000122070312,572.2000122070312,561.02001953125,562.25,13103300
2026-06-24,557.6699829101562,569.0399780273438,555.5499877929688,561.8900146484375,13963600
2026-06-25,542.8699951171875,556.3400268554688,540.1799926757812,555.5499877929688,16968600
2026-06-26,550.25,556.8499755859375,540.4000244140625,543.3400268554688,18867700
2026-06-29,562.5999755859375,570.9000244140625,558.0,560.0,15011400
2026-06-30,563.2899780273438,565.5399780273438,551.4299926757812,560.9400024414062,18111100
2026-07-01,612.9099731445312,628.280029296875,595.0999755859375,607.9099731445312,45536300
2026-07-02,582.9000244140625,610.0,580.4199829101562,607.9000244140625,21705900
2026-07-06,600.2899780273438,603.5800170898438,581.760009765625,594.8400268554688,17674100
2026-07-07,615.5800170898438,625.3699951171875,603.6599731445312,607.5900268554688,18560800
2026-07-08,603.1199951171875,616.0,598.010009765625,614.3900146484375,13606500
2026-07-09,631.47998046875,633.27001953125,577.0700073242188,583.989990234375,26579700
2026-07-10,669.2100219726562,677.8599853515625,658.010009765625,660.3400268554688,40608900
2026-07-13,656.72998046875,676.6199951171875,654.2000122070312,661.3800048828125,19840700
2026-07-14,661.0399780273438,666.5,649.0499877929688,652.0,16748200
2026-07-15,681.3099975585938,686.0800170898438,656.6599731445312,663.5999755859375,19003400
2026-07-16,664.5399780273438,681.9000244140625,660.1599731445312,677.280029296875,15816000
2026-07-17,646.010009765625,652.2000122070312,626.0,647.7000122070312,22267900
2026-07-20,645.8499755859375,653.2999877929688,636.010009765625,646.7000122070312,10225200
2026-07-21,643.8099975585938,655.8800048828125,643.2000122070312,654.1799926757812,9140500
2026-07-22,627.1699829101562,649.0,624.0,647.7000122070312,11019600
2026-07-23,606.0999755859375,614.6500244140625,597.219970703125,608.4099731445312,15494800
2026-07-24,595.1900024414062,609.97998046875,594.4500122070312,605.2999877929688,11503500
2026-07-27,593.8699951171875,611.260009765625,593.1300048828125,607.219970703125,11195300
2026-07-28,593.4099731445312,601.0,587.0,596.8200073242188,12009300
2026-07-29,585.6099853515625,599.969970703125,582.219970703125,593.25,22371100
2026-07-30,539.030029296875,539.8800048828125,524.489990234375,526.0,42271500
2026-07-31,556.7100219726562,558.3300170898438,540.219970703125,543.5999755859375,24202500
