Date,Close,High,Low,Open,Volume,SMA_20,SMA_50,EMA_20,RSI,MACD,MACD_SIGNAL,BB_UPPER,BB_LOWER,ATR,Daily_Return,Log_Return,Volatility
2021-10-01,139.13665771484375,139.40001203413104,135.68385115865894,138.40512951469634,94639600,,,,,,,,,0.0,,,
2021-10-04,135.71311950683594,138.70751560218017,134.8645515046284,138.26858674850567,98322000,,,,,,,,,0.0,-0.024605580328257215,-0.02491335678904313,
2021-10-05,137.6346435546875,138.73681787676418,135.9277437943665,136.05454682483122,80861100,,,,,,,,,0.0,0.014158719914729945,0.01405942143519433,
2021-10-06,138.50271606445312,138.6490157972431,134.9621137010957,136.03502801816884,83221100,,,,,,,,,0.0,0.0063070785620968906,0.006287272178755206,
2021-10-07,139.7609100341797,140.66801284222436,139.2049562794912,139.53657886179528,61732700,,,,,,,,,0.0,0.009084254846966733,0.00904324120237671,
2021-10-08,139.38050842285156,140.6289820985626,139.04888585839274,140.48268240335435,58773200,,,,,,,,,0.0,-0.0027218026215992674,-0.0027255134613330977,
2021-10-11,139.2927703857422,141.24351294952652,138.31739910385002,138.76607644203366,64452200,,,,,,,,,0.0,-0.0006294857014238486,-0.0006296839107323124,
2021-10-12,138.02474975585938,139.72190071402855,137.56632417893402,139.70238912610083,73035900,,,,,,,,,0.0,-0.009103276691039275,-0.009144964705513221,
2021-10-13,137.43954467773438,137.91746698955632,135.77165355544514,137.76141892529833,78762700,,,,,,,,,0.0,-0.004239856106677431,-0.004248869783397212,
2021-10-14,140.2193603515625,140.33641501765865,138.02477512030043,138.61000380183043,69907100,,,,,,,,,0.0,0.02022573401524408,0.02002391066929053,
2021-10-15,141.27273559570312,141.33125547588753,139.97549034735292,140.22909633879294,67940300,,,,,,,,,0.0,0.007512338107231287,0.007484261023995355,
2021-10-18,142.94064331054688,143.22349439217342,139.63413574665708,139.91698682828363,85589200,,,,,,,,,0.0,0.011806295870259165,0.011737145301742738,
2021-10-19,145.09620666503906,145.49611240776287,142.94064476173952,143.38930715549284,76378900,,,,,,,,,0.0,0.015080129098125727,0.014967554302025916,
2021-10-20,145.58389282226562,146.0618300447265,144.47197030405582,145.03768735830047,58418800,,,,75.19054117570279,,,,,2.6975978644822396,0.003361122722886911,0.0033554867751182625,
2021-10-21,145.79843139648438,145.9544943053686,144.22808372291004,145.14493470888215,61421000,,,,75.67365672542624,,,,,2.6282273443376907,0.0014736422420071893,0.0014725574968319163,
2021-10-22,145.0279541015625,146.48124774454206,144.97918256227808,146.00332535531382,58883400,,,,70.37357600968463,,,,,2.547787189903854,-0.005284537614994256,-0.005298550172288586,
2021-10-25,144.9791717529297,145.69118854784608,143.98428898104416,145.0181800516583,50720600,,,,70.03909931758682,,,,,2.4877237882537164,-0.0003363651437753301,-0.0003364217272191248,
2021-10-26,145.64242553710938,147.12497895180522,145.34004798248478,145.6521738906202,60893400,,,,71.98847148643992,,,,,2.463301174726703,0.004574821170243659,0.0045643884822276675,
2021-10-27,145.18402099609375,146.0423376021523,144.83288673993832,145.68145499107032,56094900,,,,68.66326802275812,,,,,2.373740438118651,-0.0031474657149185292,-0.0031524294032274315,
2021-10-28,148.8123779296875,149.39759166799496,146.03256430303534,146.1301073675776,100077900,141.7721420288086,,143.0062253968136,77.51596063232614,,,149.02580653600052,134.51847752161666,2.505156883388833,0.024991434378934585,0.024684255851975607,
2021-10-29,146.11058044433594,146.24713179057537,142.80407331191392,143.59412144965486,124953200,142.1208381652832,,143.3018782584824,63.19877073043279,,,149.5035576414492,134.73811868911721,2.755381721559172,-0.018155730880317855,-0.018322568621507093,0.012072052125752204
2021-11-01,145.29132080078125,146.01308606451772,144.15988647877995,145.32058075023082,74588300,142.59974822998046,,143.4913489767966,59.603810192892794,,,149.4834788908012,135.71601756915973,2.6979040247018014,-0.005607120586772263,-0.005622899497890854,0.010466117046417025
2021-11-02,146.3251953125,147.8370236875447,144.98892661408803,144.99868985144568,69122000,143.0342758178711,,143.76123910400642,62.50260542996091,,,149.70329592713594,136.36525570860627,2.7086320996128634,0.007115872483094643,0.007090674130720854,0.010202633351186928
2021-11-03,147.7589569091797,148.22713081802038,146.13008913879244,146.686042864982,54511500,143.49708786010743,,144.14197413307056,66.13219851395196,,,150.12857071050954,136.86560500970532,2.664947069585369,0.00979846016004049,0.0097507665455367,0.010289616976194186
2021-11-04,147.24203491210938,148.6758168059769,146.92990900121129,147.84676026074618,60394600,143.87114410400392,,144.43721801678853,63.73678894958652,,,150.46128926445786,137.28099894354997,2.599301407812529,-0.0034984139566445194,-0.0035045477165497625,0.01030135197378233
2021-11-05,147.76950073242188,148.66815006608644,146.57781000839395,148.36534609443586,65463900,144.29059371948242,,144.75457827542027,65.12493707506536,2.0122431840791535,,150.75066619836784,137.830521240597,2.562947025661098,0.003582304609056397,0.003575903438640274,0.010224143247390826
2021-11-08,146.94900512695312,148.0527879681065,146.67550378830177,147.89649723038997,55020900,144.67340545654298,,144.9635713088996,61.20038303389082,1.937322141831288,,150.80236456519643,138.54444634788953,2.4782568223856423,-0.005552536899711691,-0.005568009534219568,0.010373685186319783
2021-11-09,147.31040954589844,147.9160175036458,146.57781350486675,146.71456416967115,56787900,145.13768844604493,,145.1870797124233,62.27866401551546,1.885375556489322,,150.54617608737237,139.7292008047175,2.3968244778423147,0.002459386633023364,0.0024563672911907114,0.009994786057904536
2021-11-10,144.4874267578125,146.64614895330263,144.41905889983127,146.53870097244655,65187100,145.49008255004884,,145.12044609769848,50.47800757335508,1.5979956953457304,,149.61164738702107,141.3685177130766,2.4321477755726613,-0.019163498335169282,-0.01934949827651489,0.011085507003244314
2021-11-11,144.43861389160156,145.96241109507744,144.25302053135974,145.50333134171993,41000000,145.70104522705077,,145.05550969711783,50.300527263128345,1.3507358524688868,,149.08841743426842,142.31367301983312,2.380522260440164,-0.00033783469818970957,-0.00033789177718723264,0.01028573585873894
2021-11-12,146.5094451904297,146.9099196974308,144.0576809080353,144.9856329096499,63804000,145.9628807067871,,145.19397974409992,57.17910717634553,1.3068152717457338,,148.68478740217117,143.24097401140304,2.414216298222688,0.014337103098914117,0.014235298735625722,0.010602845162151174
2021-11-15,146.51919555664062,148.3555742437889,145.9624154592678,146.88060480284193,59222800,146.1418083190918,,145.3201907738657,57.20913742563616,1.2582898856148574,,148.49038856323577,143.79322807494785,2.4127121901011472,6.655111005482439e-05,6.654889562794746e-05,0.010345941266596114
2021-11-16,147.49600219726562,147.97463697406297,145.87451939068316,146.4606021824879,59256200,146.2617980957031,,145.5274109094276,60.21902968763539,1.2838538320793873,,148.62957144325216,143.89402474815407,2.3903840039067665,0.006666748591636962,0.00664462410108609,0.00991781524221505
2021-11-17,149.92820739746094,151.40316186672771,147.48622091573952,147.49598349597346,88807000,146.4790138244629,,145.94653438447838,66.53166021918835,1.4832738194152455,1.5300324366276654,149.30995364292133,143.64807400600446,2.4994237858411545,0.016489973721066642,0.01635549050694215,0.010508470945185427
2021-11-18,154.20657348632812,154.98801222203343,149.49843081431837,150.14311888912806,137827700,146.89942092895507,,146.73320477513073,74.26711556085944,1.963905305819793,1.616807010466091,151.27636608499554,142.5224757729146,2.7130064731178622,0.028536098464281734,0.028136527661484046,0.012120410952349083
2021-11-19,156.82435607910156,157.28345067512842,152.8976381128572,153.99164315630802,117305600,147.48924102783204,,147.6942668040803,77.66818875032908,2.5269137107645747,1.7988283505257878,153.55277859533714,141.42570346032693,2.8324926223431013,0.016975817136650972,0.016833338157011664,0.012351397156227482
2021-11-22,157.28350830078125,161.85490096838612,157.26396823078883,157.9281815634673,117467900,148.1044578552246,,148.6075278990042,78.21212766206901,2.9758479521428853,2.0342322708492073,155.39678022766188,140.81213548278734,2.9894963556960623,0.002927811936610736,0.0029235342427308135,0.01231272923382632
2021-11-23,157.66441345214844,158.0453627342285,155.36894027506222,157.3811346832133,96041900,148.70555725097657,,149.47008842787508,78.6761476471161,3.3240498575808886,2.292195788195544,157.0000682808805,140.41104622107264,2.9671339345153633,0.0024217742564514033,0.002418846487154939,0.012318257960835648
2021-11-24,158.18214416503906,158.37750013405517,155.9355132595911,157.01975602804134,69463600,149.35546340942383,,150.2998080218907,79.32080257888163,3.600277163922982,2.5538120633410317,158.44338382914103,140.26754298970664,2.9296234302259854,0.003283751238181365,0.003278371501012826,0.012204023671885611
2021-11-26,153.1711883544922,156.72672078738918,152.73163368073872,155.867151508964,76959800,149.57340393066406,,150.5732728154718,60.31493050706921,3.3759314029345546,2.7182359312597364,158.8066735723209,140.3401342890072,3.1096867912312964,-0.03167839099031744,-0.03219100617280194,0.013655813378139849
2021-11-29,156.5215606689453,157.4495124904144,155.1051966783485,155.67173929364688,88748200,150.09395294189454,,151.1397764205645,66.15424756816725,3.428955946869422,2.860379934381674,159.65567508257723,140.53223080121185,3.193160887280648,0.021873384612641322,0.02163759429503053,0.013551227614768551
2021-11-30,161.46414184570312,161.67903783874624,156.20898240534294,156.27736517799391,174048100,150.90259399414063,,152.12304931819673,72.56710968175821,3.8257029518375987,3.053444537872859,161.39326189161972,140.41192609666155,3.355796212003695,0.03157763796651469,0.03108931775105097,0.014730501371972762
2021-12-01,160.9464569091797,166.34813007275002,160.71202083002768,163.59356203535145,152052500,151.6336570739746,,152.9633738506713,71.04866131528811,4.0516500639066635,3.2530856430796202,162.76476756401536,140.50254658393385,3.518675714197884,-0.003206191359925281,-0.0032113422041182577,0.014847361992857563
2021-12-02,159.95989990234375,160.38969196905754,154.13821164787007,155.05640108044867,136739200,152.24370422363282,,153.6297096651163,68.12318563404507,4.10380180000908,3.4232288744655124,163.78820916305105,140.6991992842146,3.7536449675630084,-0.006129721807996313,-0.006148585679078653,0.014995986422847007
2021-12-03,158.08445739746094,161.13206712633752,156.0136573148525,160.2138776845153,118023100,152.78582534790038,,154.05397135391104,62.827112815779955,3.948286501124244,3.5282403997972587,164.3581869646964,141.21346373110438,3.8511281707002945,-0.011724454103983373,-0.011793727510278818,0.015324050092911197
2021-12-06,161.4837188720703,163.98431110380426,160.46784396248754,160.47760654451426,107497000,153.4715362548828,,154.7615663556405,67.72482349079448,4.052615470045112,3.6331154138468293,165.39364694972468,141.54942556004093,3.997465708960511,0.021502819003027307,0.021274894941851547,0.01583407048301512
2021-12-07,167.2076873779297,167.59841414884357,164.43359437560147,165.15642772326544,120405400,154.48447036743164,,155.94691121490612,73.94907725046333,4.544783910891653,3.815449113255794,167.41738451802726,141.55155621683602,4.148696392375707,0.03544610283835481,0.03483235109121157,0.017061443099409906
2021-12-08,171.01719665527344,171.87678065417452,166.73883163036436,168.1356556285786,116998900,155.6698097229004,,157.38217649494112,77.11260413115258,5.182486034409777,4.088856497486591,170.02296020785357,141.31665923794722,4.219357294621026,0.022783098893852438,0.022527439947419917,0.017402660207660344
2021-12-09,170.50930786132812,172.64849098301357,169.88415974900647,170.85119202317716,108923700,156.97090377807618,,158.63237948221607,75.7911526907295,5.582535189963494,4.387592235981972,171.74502131945778,142.19678623669458,4.115426861720031,-0.002969811246345544,-0.002974229886284576,0.016440439651293614
2021-12-10,175.28579711914062,175.46162790674452,170.63625994665398,171.14419733842757,115402700,158.5132629394531,149.38782287597655,160.21841925716126,79.37145215655914,6.213375863001033,4.752748961385785,174.14766307681086,142.87886280209537,4.175204946269771,0.028013070475291224,0.027627881422272824,0.0168604477086426
2021-12-13,171.66192626953125,177.90364454540125,171.45679280017228,176.91707224257422,153237000,159.7708869934082,150.03832824707033,161.30827706786317,70.81455411978264,6.347732836916293,5.071745736491886,175.38713289227456,144.15464109454183,4.337465431909714,-0.020674070056835525,-0.020890770567362608,0.018140085319197148
2021-12-14,170.28457641601562,173.61544903163167,168.2137769739084,171.18322551173574,139380400,160.95915603637695,150.72975738525392,162.1631627200682,67.82175680766198,6.270785374182964,5.311553664030102,175.96599682875888,145.95231524399503,4.413480190896396,-0.008023618768864371,-0.008055981223515606,0.018416955421155002
2021-12-15,175.13931274414062,175.33466872556772,168.31151164367364,171.04654009777133,131063300,162.3413215637207,151.47985076904297,163.39898653188462,72.27019586974083,6.526309372584933,5.554504805741068,177.22513192868502,147.45751119875638,4.599885683110516,0.028509548135848606,0.02811071362232698,0.018990876478600826
2021-12-16,168.2626495361328,176.93659123544322,166.78769490587976,175.11975249855263,150185800,163.2580436706543,152.07504943847655,163.8621925322892,59.683867346659774,6.103566615451001,5.6643171676830555,177.19940793765883,149.31667940364977,4.996243586428583,-0.0392639613588861,-0.04005558137202987,0.02170087744935185
2021-12-17,167.16860961914062,169.44454258569772,165.75226057944147,165.98668171971096,195432700,163.90614547729493,152.62320343017578,164.1770893977036,57.95457796192392,5.61552774835863,5.6545592838181715,177.2984632948413,150.51382765974856,4.90310347355913,-0.006501977236233025,-0.0065232071645992306,0.021194968424981777
2021-12-20,165.8109130859375,166.6216545378973,163.5740596088574,164.37502357405398,107499100,164.35547332763673,153.1518115234375,164.33269165372587,55.794083814634305,5.06086022022896,5.5358194711003295,177.36477285414134,151.34617380113212,4.809635369039422,-0.008121719360449031,-0.008154880193838478,0.021145216810604495
2021-12-21,168.97573852539062,169.18085708761444,165.19553249835857,167.5789142050935,91185900,164.9400848388672,153.74547088623046,164.77488659388442,59.57699127249237,4.82108273073635,5.392872123027534,177.6735691980425,152.2066004796919,4.750756027626311,0.01908695501732649,0.01890708427733147,0.021448763736140655
2021-12-22,171.564208984375,171.77910499631244,168.15519034473417,169.02453697313442,92135300,165.63507461547852,154.41626007080077,165.4214887263121,62.410290396306685,4.784769432497512,5.271251584921529,178.22071349797076,153.04943573298627,4.670267357908593,0.015318592370557438,0.015202447351363188,0.021598170648343407
2021-12-23,172.18936157226562,172.74614168304623,171.2028043307869,171.76934702247985,68356600,166.33543548583984,155.11125640869142,166.06604804497434,63.08328920429649,4.751661277840157,5.167333523505254,178.7418364840396,153.92903448764008,4.446915214647932,0.00364384035336629,0.003637217650278667,0.021597292919110417
2021-12-27,176.14540100097656,176.233308952318,172.9610554465104,172.98058061033834,74919600,167.48414611816406,155.82977722167968,167.02598642173646,67.09777440841523,4.987153347246931,5.13129748825359,179.02660016552628,155.94169207080185,4.418131797891106,0.022974935225894555,0.022714985423869145,0.020194398918883298
2021-12-28,175.12950134277344,177.12217071968058,174.38714279522745,175.9793227997058,79144300,168.41454315185547,156.5069125366211,167.79774974754952,65.13883179326913,5.033781595874217,5.111794309777715,179.25060914602827,157.57847715768267,4.2979100926455365,-0.005767392463442711,-0.005784088095813623,0.020083276631456766
2021-12-29,175.2174530029297,176.43844648209003,174.00622210590865,175.16861028282216,62348900,169.1022087097168,157.15244873046876,168.50438815282382,65.23346703442338,5.0199647539180035,5.093428398605773,179.83175163461573,158.37266578481785,4.164646827183811,0.0005022092764606079,0.0005020832115874595,0.01916711801578425
2021-12-30,174.06480407714844,176.3798175385403,173.95735606919604,175.30533745901636,59773000,169.75812606811525,157.73182067871093,169.03395157418808,62.82638591599781,4.859982815241352,5.046739281932888,180.0062670762607,159.50998505996978,4.040205015909557,-0.006578391056523247,-0.006600124035426298,0.019250994264780972
2021-12-31,173.4494171142578,175.07088475573076,173.14659828081136,173.95733955389892,64062300,170.43260192871094,158.28913116455078,169.45447210181376,61.521174663799435,4.630165723053409,4.963424570156993,179.74543190112385,161.11977195629802,3.8890679772674024,-0.0035353899724488436,-0.0035416542323365974,0.01918706185241928
2022-01-03,177.786376953125,178.63619837680892,173.5861721636794,173.70338274431063,104487900,171.41769790649414,158.9288900756836,170.2479868495577,66.76195540185405,4.743312481584411,4.919402152442476,179.36549083927142,163.46990497371687,3.981761783359096,0.02500417649723352,0.02469668721351755,0.01933665842420259
2022-01-04,175.52999877929688,178.69481886787932,174.96345608354855,178.39201490568885,99310400,172.12001190185546,159.5389309692383,170.75103560477095,62.02851673939422,4.597909404098658,4.8551036027737124,178.81626820761312,165.4237555960978,3.9638761405713585,-0.012691513334697424,-0.012772738569303341,0.019411616637106173
2022-01-05,170.8608856201172,175.98905654908802,170.58738436294814,175.4420540347499,94537600,172.30267181396485,160.05656524658204,170.7614975109944,53.5652499074016,4.059126918679823,4.695908265954935,178.64280456426528,165.96253906366442,4.066575858111967,-0.026600086547316715,-0.026960270495173265,0.019137755285851904
2022-01-06,168.00869750976562,171.23212317548703,167.65705080251047,168.69245085589924,96904000,172.15224685668946,160.50389068603516,170.49932608230594,49.15332615861459,3.3632210547062016,4.429370823705188,178.7449645367247,165.55952917665422,4.03146846631658,-0.01669304299810881,-0.016833942064042002,0.018833911633781248
2022-01-07,168.17474365234375,170.0990304259398,167.06119827767387,168.878037036841,86709100,172.03551864624023,160.96370513916017,170.2779372794524,49.414545797950495,2.792914203368923,4.102079499637935,178.82033118217743,165.25070611030304,3.960494443598676,0.000988318730156701,0.0009878306647501626,0.018829804032336556
2022-01-10,168.19427490234375,168.4970788622131,164.2675561955421,165.1564429133354,106765600,171.6809425354004,161.35134307861327,170.07949324353729,49.447444012393426,2.3158225625392106,3.744828112218191,178.49041776804663,164.87146730275416,3.9797107452466984,0.00011613664201792773,0.00011612989868021214,0.017597845175401115
2022-01-11,171.01719665527344,171.1148671703379,166.85605711502512,168.3212489833143,76138300,171.6487060546875,161.84947540283204,170.1687983303693,54.0943734445382,2.1408320144016386,3.4240288926548805,178.4643377624803,164.83307434689468,3.9996464102514184,0.016783697034686407,0.01664440716374787,0.017489256026431678
2022-01-12,171.45677185058594,173.06847713761263,170.76325596284155,172.0330771442787,74805200,171.70731582641602,162.37278442382814,170.29146247515183,54.79126362887513,2.014400039111905,3.1421031219462856,178.49512055021464,164.9195111026174,3.878616036288537,0.002570356688740283,0.002567058971650653,0.01739498294867924
2022-01-13,168.19427490234375,172.52146809219963,167.80354809549323,171.70096415486904,84505800,171.36006393432618,162.810166015625,170.09173032536057,48.86235883301596,1.632131355602212,2.840108768677471,178.12057635576068,164.59955151289168,3.9385663191755276,-0.019028102028453286,-0.019211466135398494,0.016593805047513482
2022-01-14,169.05384826660156,169.7473640846977,167.1197842307582,167.36398288031089,80440800,171.3996238708496,163.23606384277343,169.99288441500258,50.38566722326021,1.3826032667464858,2.548607668291274,178.09613036277835,164.70311737892087,3.844924428801525,0.005110598233839303,0.0050975834500727605,0.014115015065033007
2022-01-18,165.8597412109375,168.53614912039677,165.47879187832885,167.53005178287384,90956700,171.33418045043945,163.60841796875,169.59925172890115,45.01911568357194,0.9165473264020534,2.2221955999134297,178.21777191774996,164.45058898312894,3.8256481401923246,-0.01889402157013831,-0.01907479423247729,0.014690896309513004
2022-01-19,162.37255859375,167.11001826086033,162.08929472408371,166.0550783276264,94815000,171.1622627258301,163.90047912597657,168.91099523983914,40.008916547431994,0.2627789897023547,1.8303122778712149,178.72707901290508,163.5974464387551,3.9110106685197743,-0.021024888811038034,-0.021249059462263676,0.015322650500768448
2022-01-20,160.6924591064453,165.74248492301732,160.37011513031928,163.10514273299674,91420500,170.74809875488282,164.1753482055664,168.12827751284925,37.82478169214627,-0.3864523327926861,1.3869593557384348,179.55193304613042,161.94426446363522,4.015393463103936,-0.01034718860043482,-0.010401092917563531,0.014699163274093985
2022-01-21,158.64122009277344,162.470253269675,158.5337720868401,160.60457194151562,122848900,170.10194931030273,164.40196441650392,167.22474823474678,35.29163472925363,-1.054336938883182,0.8987000968141116,180.3498543067054,159.85404431390006,4.0097568716561485,-0.01276499858847202,-0.012847171220953973,0.014251278107929482
2022-01-24,157.8695526123047,158.53378075020058,151.11013516388041,156.30669005524535,162294600,169.38595886230468,164.66960693359374,166.33377722308563,34.35939401518209,-1.6271506379500806,0.39352994986127315,180.87612140832456,157.8957963162848,4.2612803043159255,-0.004864230620626131,-0.004876099494660521,0.01414359771299384
2022-01-25,156.0722198486328,158.98306320756222,153.37627246633923,155.2907812885663,115798400,168.3822998046875,164.90227905273437,165.3564860445663,32.22427346382163,-2.2007702449996884,-0.12533008911091914,180.8043619128012,155.9602376965738,4.357388192666431,-0.01138492339992725,-0.011450227770302395,0.012674805563668977
2022-01-26,155.9843292236328,160.575260779249,154.15772812433738,159.70591419723806,108275300,167.42504119873047,165.09177673339843,164.46389968066788,32.119164467434246,-2.6321185312066575,-0.6266877775300668,180.55055985704448,154.29952254041646,4.504541368541086,-0.0005631407375715769,-0.0005632993608710232,0.012732150095010586
2022-01-27,155.52528381347656,160.03807144259784,154.60709423073425,158.68032713963194,121954600,166.4404327392578,165.27189849853517,163.61260293141154,31.540504850234456,-2.976692821994277,-1.096688786422909,180.0263789189034,152.8544865596122,4.570715357349837,-0.00294289440766915,-0.002947233235983108,0.012667036459771295
2022-01-28,166.37741088867188,166.39695095221313,159.02214941138433,161.8646250162313,179935700,166.056063079834,165.6495266723633,163.87591797496015,53.06726609436325,-2.3470392623736416,-1.3467588816130556,179.1847172434185,152.92740891624948,5.020783341734604,0.06977725299129123,0.06745045202794459,0.02112451376923664
2022-01-31,170.7241668701172,170.93906288440527,165.576454917367,166.21138037947398,115541600,165.91980056762696,166.0654458618164,164.52813215545132,58.67278946724787,-1.480224295349018,-1.3734519643602483,178.79276417674893,153.046836958505,5.045199386399153,0.026125878256116453,0.025790427581764596,0.02203620579207566
2022-02-01,170.5581512451172,170.7828098897894,168.3115200842747,169.97206836673854,86213900,165.55838928222656,166.3924774169922,165.10241968780045,58.38596436305491,-0.7974705186733217,-1.258255675222863,177.4466377651538,153.6701407992993,4.861348702050265,-0.0009724201795420218,-0.0009728932867756929,0.021199401957877343
2022-02-02,171.75953674316406,171.7986168687593,169.30778797894317,170.69483434355706,84914300,165.36986618041993,166.69118103027344,165.73643083593032,59.91317922609227,-0.1576244656652932,-1.0381294333113493,176.72735423571672,154.01237812512315,4.692025858319255,0.007043846859716041,0.0070191548537562615,0.02112812619118194
2022-02-03,168.88780212402344,172.15030783567607,168.125903430298,170.4311395793071,89418100,165.27121200561524,166.9232669067383,166.03656143479634,54.74158679454852,0.1163914691037462,-0.8072252528283304,176.4693600714615,154.07306393976899,4.6443386116806,-0.01671950608154471,-0.016860854758339032,0.02060404495643149
2022-02-04,168.6041717529297,170.27662529840396,166.93171820745542,167.90975737649003,82465400,165.30098571777344,167.1420620727539,166.28109575080902,54.243570779009005,0.3071241351847789,-0.5843553752257086,176.531209801345,154.0707616342019,4.551522074485453,-0.0016794011617574656,-0.0016808129367342861,0.020249021191038514
2022-02-07,167.8902130126953,170.1299162190593,167.19579861278513,169.0638570704662,77251200,165.28675918579103,167.33622344970703,166.43434501384579,52.938005573388125,0.39610459645254537,-0.3882633808900578,176.50309753901638,154.07042083256567,4.435993183898934,-0.004234525948032863,-0.004243516943748501,0.020274242660234403
2022-02-08,170.99057006835938,171.49915455646115,167.6652283214683,167.9586430232075,74829200,165.42657394409179,167.6926110839844,166.86827120951375,57.699261511431196,0.7086265509295231,-0.16888539452614165,176.85215994989036,154.0009879382932,4.392988401834214,0.01846657407855945,0.018298137372056364,0.020685807410765082
2022-02-09,172.40872192382812,172.77059159545334,171.05902326407136,172.18377712176584,71285000,165.49615020751952,168.01035430908203,167.3959331823056,59.70730548307001,1.0585333407602207,0.07659835253113081,177.07301151672596,153.91928889831308,4.206347910781338,0.008293743069584414,0.008259538972393994,0.02043089555972088
2022-02-10,168.34010314941406,171.6263154743887,167.78262856301606,170.31574652168356,90865900,165.34031677246094,168.14787353515624,167.48585413155402,52.0702817298658,0.996051597617253,0.26048900154835525,176.67338313278267,154.0072504121392,4.236329728640675,-0.023598682995931153,-0.023881591627628814,0.021124166349851606
2022-02-11,164.93650817871094,169.27900403758753,164.34967876719554,168.54547473503922,98670700,165.17742843627929,168.2276745605469,167.2430592789023,46.69009905028714,0.6642358000831052,0.34123836125530527,176.4351306690554,153.91972620350316,4.28582941019434,-0.020218562939112505,-0.020425755598195504,0.021180102205036945
2022-02-14,165.17124938964844,165.85587378073802,162.90219149496014,163.69440078491326,86185500,164.98329849243163,168.33190155029297,167.04574405135432,47.096103603876934,0.41542231399773755,0.35607515180379173,176.09994345921004,153.86665352565322,4.190676044164594,0.0014232216598351055,0.0014222098398042745,0.021142237525710924
2022-02-15,168.995361328125,169.15185115822308,166.5111487010071,167.21533801275692,62527400,165.14007949829102,168.55011962890626,167.23142188723725,53.331610728165444,0.5208061782366826,0.38902135709036995,176.38939829784294,153.8907606987391,4.175670738765311,0.023152406684623816,0.022888456014422506,0.021353866348075533
2022-02-16,168.76063537597656,169.5332796330186,166.31553783336227,168.07601104878276,61177400,165.45948333740233,168.69565795898438,167.3770612671172,52.919310576425815,0.5787121933153685,0.4269595243353697,176.7390643928082,154.17990228199648,4.107247243114669,-0.0013889490830029105,-0.0013899145668893576,0.020722820265200916
2022-02-17,165.17124938964844,168.13470669398032,164.77024977354867,167.274027503072,69589300,165.6834228515625,168.65492919921874,167.1669839454535,46.94287533028559,0.3311523578629192,0.4077980910408796,176.75139759491472,154.6154481082103,4.098899983065613,-0.021269095001517635,-0.021498541447533173,0.021207182430411118
2022-02-18,163.62596130371094,166.79479876362558,162.54033719370844,166.0906242687398,82772700,165.9326599121094,168.5071044921875,166.82974369385897,44.60722807136606,0.010150561318369,0.32826858509637746,176.5712544684914,155.29406535572738,4.110011524983579,-0.009355672319775632,-0.009399711514796143,0.021099199408445915
2022-02-22,160.71142578125,163.0293741588099,158.58906735628025,161.3569203806229,91162800,166.07475357055665,168.31114685058594,166.24704674980097,40.512961306830086,-0.4739608088352725,0.16782270631004748,176.34843105275425,155.80107608835905,4.17621741230123,-0.017812182732122706,-0.017972728968601137,0.021507666065781295
2022-02-23,156.55474853515625,162.50121399005073,156.24176881453315,161.90460945584556,90009200,166.0988800048828,167.93652587890625,165.32397072935862,35.50741392368981,-1.1794358699393683,-0.1016290089398357,176.28033784116764,155.91742216859797,4.325019395388113,-0.02586422978881131,-0.026204590586768443,0.022183368780060178
2022-02-24,159.16610717773438,159.27369208830245,148.66196063900136,149.22922517438823,141147500,166.2579689025879,167.68660949707032,164.7375075339658,40.48256945832799,-1.5104041215965935,-0.38338403147118727,175.88671164896067,156.6292261562151,4.774070256381896,0.016680162479975502,0.01654257643357194,0.02247778387897418
2022-02-25,161.22975158691406,161.4938113988268,157.3371452242796,160.24192254485857,91974200,166.54319229125977,167.5055130004883,164.4034355390085,44.14929621250191,-1.5878759428567548,-0.6242824137483007,175.16906994981522,157.91731463270432,4.729969964822276,0.012965350763245675,0.012882020104306363,0.02260289695650108
2022-02-28,161.49378967285156,161.7872043480846,158.86286246028953,159.47903178590988,95056600,166.29901123046875,167.2326025390625,164.12632640889834,44.61941575048036,-1.6094149191213205,-0.8213089148229047,175.20187955952085,157.39614290141665,4.600996530748903,0.0016376511365843172,0.0016363116481721506,0.0160373049831503
2022-03-01,159.61593627929688,162.94127730151064,158.4129526803882,161.08299454459132,83474400,165.74359970092775,167.05966827392578,163.6967654441744,41.917014785883474,-1.7577495453772087,-1.0085970409337655,174.85641673461305,156.63078266724244,4.595805680061297,-0.011628022336702681,-0.011696156480332566,0.014805634004119038
2022-03-02,162.90220642089844,163.68464076398826,159.37148431939156,160.77986315221446,79724800,165.3608024597168,166.97434020996093,163.62109315624335,47.86760256970723,-1.5917821951607038,-1.1252340717791531,174.27349123572253,156.44811368371109,4.575616448956684,0.020588609246706024,0.02037952874546121,0.015736223712833966
2022-03-03,162.57945251464844,165.20060533866413,161.91439302006907,164.77026570160976,76678400,164.90179824829102,166.90971099853516,163.52188928561526,47.35447553347037,-1.469357577738549,-1.1940587729710324,173.3842332271674,156.41936326941462,4.483516153930855,-0.0019812740007713048,-0.001983239320424577,0.0155866139747189
2022-03-04,159.58663940429688,161.91437725608384,158.54014531943216,160.87765818976635,83737200,164.43674011230468,166.72192901611328,163.14710358263255,42.77547364842495,-1.5954389651681709,-1.2743348114104602,173.01340171338148,155.86007851122787,4.451786942594099,-0.018408310915439374,-0.01857985232404845,0.015671321795222074
2022-03-07,155.8016357421875,161.3960207362876,155.54733601828758,159.7724722055909,96418800,163.79661331176757,166.40667755126952,162.44753521687588,37.797584434432366,-1.9779766524089837,-1.415063179610165,172.92676025127676,154.66646637225838,4.551565355123093,-0.023717547259833216,-0.02400333613730377,0.01635481320736595
2022-03-08,153.98245239257812,159.302986589477,152.37846913530916,155.33215089914594,131148300,163.10122528076172,166.04253936767577,161.64133685265705,35.65021202576027,-2.400264661442179,-1.612103475976568,172.967195293367,153.23525526815644,4.721061933626289,-0.011676278884643176,-0.011744981950008955,0.016449277578909554
2022-03-09,159.37149047851562,159.82139509337992,155.90923815043413,157.9337716080875,91454900,162.52027130126953,165.70706115722658,161.42516100750072,45.52369591857735,-2.2738688706504604,-1.7444565549113467,171.81118978589603,153.22935281664303,4.8009105598531105,0.03499774164005487,0.034399244724666704,0.017990558511093612
2022-03-10,155.03872680664062,156.86765472923312,152.55449970426292,156.68182495499752,105342000,161.65177154541016,165.3052456665039,160.81692917884737,40.185102855556686,-2.49456136313529,-1.8944775165561354,170.30869995254915,152.99484313827116,4.944916289453082,-0.02718656679978204,-0.02756295906600893,0.018522486892052152
2022-03-11,151.3319854736328,155.78206635482195,151.1070406596988,155.43974670100266,96970100,160.8013656616211,164.82753631591797,159.91360120692218,36.26669818909332,-2.9347350021808722,-2.102529013681083,169.98844842831178,151.61428289493043,4.925638389858086,-0.023908486668822726,-0.02419893330558857,0.01853886463581656
2022-03-14,147.3122100830078,150.73534613403064,146.80364061476897,148.12398413737876,108732100,159.92015075683594,164.29248443603515,158.71346871893033,32.558961115667316,-3.566821958495211,-2.395387602643909,170.60976786157084,149.23053365210103,4.897260280501355,-0.02656262903076345,-0.02692179011794029,0.018861749488910867
2022-03-15,151.68409729003906,152.15356685525754,147.07754097449947,147.58611061794517,92964300,159.24579315185548,163.85717803955077,158.04400477332163,39.77100518089315,-3.672644703098001,-2.6508390227347274,170.22306918462172,148.26851711908924,4.910029251948264,0.029677697487314747,0.029245838212551768,0.02040024760290166
2022-03-16,156.08523559570312,156.48623515497343,151.06790582915622,153.60102317904168,102300200,158.60028686523438,163.42315521240235,157.85745532783417,46.028227064535464,-3.36261280393785,-2.793193778975352,168.69092036981078,148.50965336065798,4.94633640008176,0.029015159692374004,0.02860218919467775,0.020848933031173602
2022-03-17,157.09263610839844,157.4642957434988,154.16830873861088,155.12678288189394,75615400,158.01688690185546,163.05440795898437,157.78461540217364,47.37589379577682,-3.0010275109456472,-2.8347605253694113,166.9761016131774,149.0576721905335,4.828454300425058,0.006454169152197764,0.006433430189825578,0.02096929001763786
2022-03-18,160.3788299560547,160.86784945274542,156.25150421008976,156.98503345512586,123511700,157.7772659301758,162.84476684570313,158.0316834549242,51.61974070141437,-2.421387928749027,-2.7520860060453347,166.1984671437914,149.35606471656018,4.813303653441529,0.020918828081722962,0.020703033653509947,0.021194456544804334
2022-03-21,161.74810791015625,162.6968070121453,159.4301451412394,159.9191646814939,95811400,157.68337326049806,162.71955505371093,158.38562864113678,53.30935648053463,-1.830430038339017,-2.5677548125040714,165.8805335150031,149.48621300599302,4.702829240403271,0.008537772438399482,0.008501531789473193,0.02121231184518891
2022-03-22,165.1125946044922,165.6994092047397,161.2884575262128,161.87527212646032,81532000,157.90343170166017,162.65831207275392,159.02629206621825,57.25915340964866,-1.07817713959966,-2.2698392779231895,166.63295510845938,149.17390829486095,4.6819808431263885,0.02080077929693469,0.020587397025940524,0.02129765574445932
2022-03-23,166.47206115722656,168.8486892835288,163.9682682338466,164.3008129085659,98062700,158.39929733276367,162.62386779785157,159.73541293202857,58.77663268149017,-0.36807081712589707,-1.8894855857637312,167.86193654738312,148.9366581181442,4.696155143594662,0.008233572708313375,0.008199861763146089,0.020328937785256747
2022-03-24,170.24728393554688,170.31573891650316,166.4720521767643,167.30337650948087,90131400,158.9533561706543,162.60846954345703,160.7365435037922,62.73354535977865,0.4936322020813577,-1.4128620281947135,169.73625809745266,148.17045424385594,4.635264543319248,0.02267781603757979,0.022424497030645432,0.020579828874190437
2022-03-25,170.88299560546875,171.43069512284325,168.95625735233114,170.061446329407,80546200,159.43601837158204,162.59699401855468,161.70287227538046,63.371131384661105,1.2138422540229215,-0.8875211717511865,171.3844905313536,147.48754621181047,4.4809197738330235,0.003734048821375291,0.003727094567381516,0.020461239974555925
2022-03-28,171.74366760253906,171.87080253422522,168.22272096176943,168.38898581373743,90371900,159.9485122680664,162.66798187255858,162.6591384970146,64.26259955666285,1.8329340237830536,-0.3434301326443385,173.03148396221488,146.8655405739179,4.421431330877508,0.005036615808499789,0.005023974487648419,0.020462480770308933
2022-03-29,175.0299072265625,175.07879724912362,172.46743429498167,172.80975399507543,100589400,160.71921081542968,162.78750305175782,163.83730694744773,67.51368937951989,2.559239465553901,0.23710378699530943,175.3566906793758,146.08173095148356,4.343838353428011,0.01913456065017005,0.01895379719100281,0.02043904807594564
2022-03-30,173.8660430908203,175.66563174403498,172.81953392128133,174.62891251824163,92633200,161.26740264892578,162.94762908935547,164.79242467538796,65.24971065440326,3.00627320579315,0.7909376707548776,176.9730865065275,145.56171879132407,4.236856886951271,-0.0066495158123786036,-0.006671722339158912,0.02023942500686405
2022-03-31,170.7754364013672,174.12032889178556,170.57004158960083,173.9344990439243,103049300,161.6772018432617,163.11568664550782,165.36223531595743,59.539983589232364,3.0757096685793215,1.2478920703197665,177.91706052841354,145.43734315810988,4.18781620232509,-0.01777579241185534,-0.017935679388562862,0.020764109678177208
2022-04-01,170.4819793701172,171.03946877548313,168.16403166582776,170.2081296381206,78751300,162.22196884155272,163.31147705078126,165.8498299877822,59.011949231896054,3.0716509555219886,1.6126438473602112,178.87059211740453,145.57334556570092,4.094074838562967,-0.0017183796301963872,-0.0017198577380160701,0.02020026383697043
2022-04-04,174.52130126953125,174.5702062097959,170.60914482743888,170.7362946873885,76468400,163.15795211791993,163.62907867431642,166.6756843955678,63.77427581861804,3.3556915916209675,1.9612533962123626,180.35338693126798,145.9625173045719,4.093657124356949,0.02369354177103178,0.02341720621120566,0.019611280962900948
2022-04-05,171.21554565429688,174.38439814013864,170.58960114244232,173.60196376939686,73401800,164.01960678100585,163.89599853515625,167.1080521344944,57.850285012603536,3.276282051262484,2.2242591272223873,181.015494138363,147.02371942364869,4.082088767409234,-0.018941846016429564,-0.01912354086433209,0.020016553720697525
2022-04-06,168.0564422607422,169.81691543605135,166.39377895438548,168.57480173407063,89058800,164.4538543701172,164.13568298339842,167.19837500366083,52.80249729883759,2.9247218039030543,2.364351662558521,181.39623065844148,147.51147808179292,4.134922905445102,-0.018451031309582477,-0.018623374823550105,0.019431643153258783
2022-04-07,168.3596649169922,169.55287391806212,166.11996174699982,167.401190693142,77594700,165.11990127563476,164.38318969726564,167.3089740430257,53.22438568517696,2.6401414025797862,2.4195096105627742,181.56957562414644,148.67022692712308,4.084779281560617,0.0018042905833954848,0.0018026648064297791,0.018110584085547672
2022-04-08,166.3546600341797,168.0075484323814,165.48420586824818,168.0075484323814,76575500,165.87103500366212,164.5997772216797,167.21808699456417,50.039250865695806,2.227149058725189,2.3810375001952573,181.0571661787937,150.68490382853054,3.998399264930859,-0.011909057218669639,-0.011980538120841912,0.017308400668662877
2022-04-11,162.10997009277344,165.31793693449984,161.8654603339608,165.00497220353915,72246700,166.61092300415038,164.51442840576172,166.7315996705841,44.03169537718739,1.5395911978867218,2.2127482397335503,179.35344898689493,153.86839702140583,4.033456438880004,-0.02551590644069801,-0.025847082836488924,0.01720960532001323
2022-04-12,163.97808837890625,166.13954708236523,162.98048401839614,164.33018315769237,79265200,167.22562255859376,164.3795068359375,166.46936049994812,47.04496066937697,1.132384746290171,1.9966755410448747,178.07388899636499,156.37735612082253,4.033179335359416,0.011523771703021879,0.011457878786010777,0.01629025610874101
2022-04-13,166.65785217285156,167.28379658301122,163.10758048377514,163.71395993382896,70618900,167.75425338745117,164.3015008544922,166.4873120878437,51.11110046877572,1.0142140142566802,1.8001832356872358,177.33600222561196,158.17250454929038,4.0433962470648925,0.016342206574290197,0.016210109940391657,0.015494282107767071
2022-04-14,161.66009521484375,167.50878046321276,161.4155854111937,166.87304601950618,75329400,167.98262634277344,164.09951202392577,166.027577147558,44.28197224133829,0.5113906461927229,1.5424247177883335,176.71732897859667,159.24792370695022,4.189810447418762,-0.029988127729045244,-0.030446968105017527,0.017168156541194735
2022-04-18,161.4449005126953,162.94129894819648,159.97784205250275,160.3201467390001,69023900,168.03592987060546,163.95065399169923,165.59113175376154,44.00930331050087,0.09444637137073641,1.2528290485048141,176.59563155814448,159.47622818306644,4.102213765152688,-0.0013311553594128611,-0.0013320421337519428,0.01655874546561875
2022-04-19,163.72372436523438,164.13451388243473,160.31037777023087,161.39600166868107,67723800,168.13471069335938,163.85304504394531,165.41328343104468,47.683095639714004,-0.05150916478436329,0.9919614058469786,176.4438108034033,159.82561058331547,4.082351075656343,0.01411518013453672,0.014016488594418876,0.016747797740126497
2022-04-20,163.55752563476562,165.17129960837096,162.4523512544508,165.0539247315743,67929800,168.05695724487305,163.76639129638673,165.23654459330382,47.43862178314532,-0.1785328121821692,0.757862562241149,176.50565239412128,159.6082620956248,3.9849651669609005,-0.001015116966787244,-0.0010156325469610269,0.016069206787618234
2022-04-21,162.76527404785156,167.7630547165198,162.266479452362,165.20059691129774,87227800,167.8716178894043,163.60188537597656,165.00118549373695,46.22205124509373,-0.33921775867580095,0.538446498057759,176.6089544462727,159.1342813325359,4.092937316760679,-0.004843871193571436,-0.004855640759864924,0.015967293027595624
2022-04-22,158.23696899414062,164.18344962427105,157.95334416856102,162.8044255775631,84882400,167.27110214233397,163.31845031738283,164.35697439853732,39.92036248919473,-0.8224771055560041,0.26626177733500644,176.8802179961737,157.66198628849423,4.2455921838284905,-0.02782107596476413,-0.028215413236464367,0.016018026038236356
2022-04-25,159.30303955078125,159.58666436994497,154.98010780953732,157.5816809008669,96046400,166.6921043395996,163.13770904541016,163.8756472701796,41.92766121111831,-1.1066834770200842,-0.008327273536011676,176.74610867046218,156.63810000873704,4.271375353584145,0.0067371775598159545,0.006714584199298813,0.01610354094180739
2022-04-26,153.3565673828125,158.77489861463468,153.27832244686797,158.68687865808295,95623200,165.7727493286133,162.90611022949219,162.87383013804939,34.919409114814954,-1.7911029612014886,-0.36488241106910707,177.09378282584194,154.45171583138463,4.396614050036225,-0.03732805214977197,-0.03804258165857372,0.017650348570975003
2022-04-27,153.131591796875,156.28086402556207,151.96772285920957,152.48608239761126,88063200,164.6778335571289,162.66531707763673,161.9459979150804,34.683204175429154,-2.3248643934274753,-0.7568788075407807,176.43330953803778,152.92235757622004,4.390651701201674,-0.0014670097914745162,-0.0014680869038905138,0.016713484635438213
2022-04-28,160.0463104248047,160.906989569117,155.43973990755873,155.75271956865106,130216800,163.98684692382812,162.4863360595703,161.76507529695888,46.63206026275505,-2.164957882619518,-1.0384946225565281,175.10830941066737,152.86538443698888,4.632419277704555,0.04515540227062931,0.044165584667315065,0.02031895385406761
2022-04-29,154.18788146972656,162.55012002443183,153.7966717400247,158.2858683064252,131747600,163.1574691772461,162.19488098144532,161.04343778960344,39.96186502973751,-2.4823421810227444,-1.3272641342497715,174.5996024326883,151.7153359218039,4.926778492469026,-0.03660458613215345,-0.037291345158727146,0.021401279299230053
2022-05-02,154.49107360839844,154.7551334388098,149.9040675207667,153.2685246478865,123055300,162.35792388916016,161.9812774658203,160.41940310567915,40.43671241932756,-2.6785300256209723,-1.5975173125240119,173.87560226991684,150.84024550840348,4.921370451438603,0.001966381117516125,0.0019644503208735083,0.02144572731258524
2022-05-03,155.9777069091797,157.18070602041826,152.88711399336617,154.67691281994897,88966500,161.43074417114258,161.82831237792968,159.99638442029826,42.8245620026214,-2.6831220619177145,-1.8146382624027524,171.81198447504653,151.04950386723863,4.876529135410995,0.009622777977124741,0.00957677393810922,0.020682671405663624
2022-05-04,162.3740692138672,162.82395888042848,155.76251479077115,156.1635144371754,108256500,160.9886703491211,161.86156524658202,160.22283059111436,51.78143591292963,-2.145891797537871,-1.8808889694297761,170.37045789762337,151.60688280061882,5.032594489285733,0.0410081827168538,0.04018965004079927,0.022847343168167656
2022-05-05,153.3271942138672,160.47665766238154,151.5471558846843,160.25171284753384,130525300,160.25220794677733,161.79701416015624,159.56610331709084,41.80592746263001,-2.4222183220546754,-1.989154839954756,169.61155586638384,150.89286002717083,5.446474406421245,-0.055716254718505054,-0.05732858037233948,0.02558121709365048
2022-05-06,154.05201721191406,156.16768941381943,151.01563498071906,152.80807823964273,116124600,159.53682556152344,161.69473236083985,159.04095225945497,42.75740453349938,-2.553289196723057,-2.1019817113084165,168.4862728615905,150.5873782614564,5.425444408326897,0.004727295779220153,0.0047161572062866,0.025626017117356892
2022-05-09,148.93914794921875,152.63177739233632,148.38085428930862,151.75023984870148,131577900,158.6660499572754,161.44892028808593,158.07887565848011,38.03347907241806,-3.03474695484951,-2.2885347600166352,168.16474392752335,149.16735598702743,5.442995730775365,-0.0331892392922194,-0.033752499983284424,0.02639676518863383
2022-05-10,151.3388214111328,153.52306350810503,149.7912476395949,152.32810167116583,115366700,158.12749252319335,161.24582092285155,157.43696573016132,41.31082189991606,-3.185946495395882,-2.468017107092485,167.99818394551778,148.25680110086893,5.381632861354716,0.01611177111562534,0.01598335404610651,0.026350106310925457
2022-05-11,143.4932861328125,152.25959652859348,142.8174450559726,150.34962062380012,142689800,157.10325241088867,160.92336791992187,156.1089962446995,34.82568005207432,-3.8939552573948504,-2.753204737152958,168.47076677797926,145.73573804379808,5.671669905016585,-0.05184086412967914,-0.053232925972730716,0.028240818799090937
2022-05-12,139.63414001464844,143.1994331763469,135.95131447864176,139.83983661531016,182602000,155.7520668029785,160.45800659179687,154.539962318028,32.15195721394326,-4.712139530411179,-3.1449916958046025,168.5853623640631,142.91877124189392,5.805262887099024,-0.02689426259701211,-0.02726253116603828,0.02807329612814198
2022-05-13,144.09072875976562,145.06041547307086,140.17282438448345,141.6224448185645,113990900,154.87359848022462,160.08823211669923,153.5447972172411,38.06547131739066,-4.943956146065204,-3.504784585856723,168.35777623158793,141.3894207288613,5.778192356479267,0.03191618285219988,0.031417445594524133,0.028969598754334924
2022-05-16,142.55296325683594,144.4923369438145,141.22087499257742,142.56276758428663,86643800,153.92900161743165,159.74755859375,152.4979558876787,36.871293699622875,-5.191908222425951,-3.842209313170569,168.07033129602766,139.78767193883564,5.599140184676254,-0.010672202966601096,-0.01072955936913305,0.028976956245683156
2022-05-17,146.17698669433594,146.6961077185766,143.66951587036147,145.8047810748366,78336300,153.05166473388672,159.55506561279296,151.89595882164608,41.526931319894594,-5.037909737695173,-4.08134939807549,166.82590712256797,139.27742234520548,5.495140490180854,0.02542229466651391,0.025104522540417652,0.029491726766534006
2022-05-18,137.9298095703125,144.3355756662519,137.02867854993576,143.83604831537036,109742900,151.77027893066406,159.23401275634765,150.5658493691381,35.17029582789935,-5.51773804886588,-4.368627128233569,166.1515665343261,137.38899132700203,5.756081036910806,-0.05641912116623893,-0.05807319571311239,0.03160101994644326
2022-05-19,134.5310516357422,138.7525913397019,133.7964445425997,137.00912503429328,136095600,150.3585678100586,158.7372039794922,149.03872577548134,32.93297614065635,-6.101917694291643,-4.715285241445184,165.65921903825412,135.05791658186305,5.698942876924478,-0.024641213854773913,-0.02494988988447971,0.03180614087499223
2022-05-20,134.76612854003906,137.81230015984903,129.8883411847853,136.23534285932448,137426100,149.1850257873535,158.33175201416014,147.67943080067732,33.24926397928152,-6.471318202538384,-5.066491833663824,165.45807454673002,132.911977027977,5.857872598220139,0.0017473802623158008,0.0017458553695451618,0.03157140809860968
2022-05-23,140.17283630371094,140.31975175202894,134.82488980062982,134.96201586760006,117726300,148.228515625,158.1085690307617,146.9645170390615,40.23090846680478,-6.255683016142058,-5.304330070159471,164.25728789603613,132.19974335396387,5.836140499203691,0.04011918886625532,0.03933531126575842,0.033204858007604615
2022-05-24,137.47926330566406,139.05622039365426,134.51145197634384,137.92002455292192,104132700,147.43465042114258,157.91191009521484,146.06115954064268,38.093287675780175,-6.230320154665577,-5.489528087060693,163.93466723288992,130.93463360939523,5.823657915501078,-0.01921608400796526,-0.019403112800849203,0.032541494171276414
2022-05-25,137.63600158691406,138.87992561613757,135.50073567160547,135.5888849437953,92482700,146.65987091064454,157.63094818115235,145.25876354504948,38.29873283948603,-6.126944828740534,-5.617011435396662,163.46942465891505,129.85031716237404,5.649053060431866,0.001140086711852062,0.0011394373065355067,0.032561367682208874
2022-05-26,140.82907104492188,141.37757526410218,134.32535040420584,134.57021942674126,90601500,145.6990089416504,157.32582489013672,144.83688806884686,42.48617123334241,-5.721412239656274,-5.6378915962485845,161.50496880379504,129.89304907950574,5.749279617536471,0.023199376770557167,0.022934362183949522,0.031126538140635374
2022-05-27,146.5688018798828,146.60797434750936,142.27869181225157,142.4060284868712,90978500,145.31805496215821,157.11534820556642,145.00183224132647,49.16479217713997,-4.880615731577365,-5.48643642331434,160.64734000801926,129.98876991629717,5.7513955950401146,0.04075671871136666,0.03994806271598879,0.031908464866473876
2022-05-31,145.78521728515625,147.5678709384086,143.82626511004062,146.01050754614022,103718400,144.88276214599608,156.82347595214844,145.07644034073883,48.339522446004864,-4.228760648968631,-5.234901268445198,159.6287397190294,130.13678457296277,5.607839183134962,-0.0053461895347192145,-0.005360531545567126,0.03190200525871283
2022-06-01,145.65792846679688,148.625740486996,144.64905411869742,146.8234927200187,74286600,144.36677322387695,156.50167236328124,145.13182016226818,48.197988806562094,-3.680011066634677,-4.923923228083095,158.218830580774,130.51471586697988,5.4913282677895054,-0.0008731256894888295,-0.000873507085744392,0.0317797721902487
2022-06-02,148.10658264160156,148.16534881431244,143.84585577263883,144.7959487531145,72348100,143.65339889526368,156.16155212402344,145.41513087458563,51.160438325565195,-3.0128073734639713,-4.541700057159271,154.95775975334962,132.34903803717773,5.40762575163837,0.016810991345128645,0.016671250576154324,0.030451727760684614
2022-06-03,142.396240234375,144.93307974702813,141.49512401563555,143.88503314588232,88570300,143.10685119628906,155.6800357055664,145.12761748027987,44.735408801424384,-2.9112613400923237,-4.215612313745881,153.50845411445945,132.70524827811866,5.493613814090344,-0.03855562869237783,-0.0393185717813536,0.029135388251040076
2022-06-06,143.140625,145.52075950090375,141.92606935448035,144.01235806018857,71598400,142.56128158569337,155.13790252685547,144.9383801012056,45.69286252400784,-2.7391445937246033,-3.9203187697416255,151.67411071716043,133.4484524542263,5.357976409256992,0.005227559129368897,0.0052139428747130095,0.029142842599222864
2022-06-07,145.65792846679688,145.94197002029273,141.14254208512267,141.3874111623379,67808200,142.39722061157227,154.63340118408203,145.0069085169762,48.915997748716805,-2.3722694350456095,-3.610708902802423,151.1561246113572,133.63831661178733,5.318080089679354,0.017586226599170418,0.017433378330486405,0.02860500531226941
2022-06-08,144.92327880859375,146.79406665216868,144.43354079753493,145.5305491597089,53950200,142.07644348144532,154.09699340820313,144.99894378284455,48.02027086211842,-2.116401754284311,-3.311847473098801,149.92453601656536,134.2283509463253,5.106826215747525,-0.0050436640554762935,-0.0050564262592925424,0.028339709848472127
2022-06-09,139.7124786376953,144.91349464755012,139.60473566244548,144.06135517233236,69473000,141.88740310668945,153.3906448364258,144.49547091187796,42.12774225083079,-2.3074934510326273,-3.1109766686855664,149.77193154683133,134.00287466654757,5.121948853633293,-0.03595557741817701,-0.03661790391689801,0.027056343960736345
2022-06-10,134.3155975341797,137.8710865448469,134.24702701533337,137.4009420785548,91437900,141.62147598266603,152.59963592529297,143.525959161621,37.0559838419548,-2.861433376104088,-3.061068010169271,150.12641153770866,133.1165404276234,5.146484765685338,-0.03862848298261823,-0.03939435052930094,0.027765689764499366
2022-06-13,129.17330932617188,132.4251621177248,128.74233746263164,130.1429810735186,122207100,140.87560501098633,151.76759338378906,142.15904012967346,32.981613365119046,-3.673033990675208,-3.1834612062704584,150.86963140358603,130.88157861838664,5.176968716104104,-0.038285115819845394,-0.03903725043623401,0.027746809873164302
2022-06-14,130.03526306152344,131.14207601932122,128.7815346427886,130.3976794412042,84784300,140.2497200012207,150.95865905761718,141.00439469461156,34.285899746331,-4.198285638693761,-3.3864260927551193,151.26123814966218,129.23820185277924,4.97579533470614,0.006672847044392638,0.006650682147894401,0.027833796150507982
2022-06-15,132.6504364013672,134.5212392737676,129.44756042743367,131.53383428431485,91533000,139.57339248657226,150.1212417602539,140.20877961906447,38.21474600720534,-4.353346057880941,-3.5798100857802835,150.70654929230858,128.44023568083594,4.982787014108125,0.020111262731913326,0.019911702456987018,0.027560155481358206
2022-06-16,127.39064025878906,129.67282102638816,126.391570600365,129.36918587177325,108123900,139.0464340209961,149.24474365234374,138.98800444189538,33.83342076163392,-4.844806237473932,-3.8328093161190138,151.37445320379797,126.7184148381942,5.073935498886272,-0.039651555511383996,-0.04045909736641823,0.026114099048359884
2022-06-17,128.85987854003906,130.34868645706888,127.14579529566508,127.40046865716874,134520300,138.76287536621095,148.4608123779297,138.02342102267096,36.0393687303871,-5.057437726257888,-4.077734998146789,151.73723014111317,125.78852059130872,4.940289474780381,0.011533329907639223,0.011467328054259117,0.025834306774136482
2022-06-21,133.08140563964844,134.2469845261448,130.58375367786297,130.68169231513036,81000500,138.67863922119142,147.75524719238283,137.55275289095454,42.02062163749771,-4.829634734011449,-4.228114945319721,151.77697963228104,125.58029881010178,4.9722049398750485,0.032760601262693756,0.03223541232333306,0.026966445285130806
2022-06-22,132.57211303710938,134.93263938077834,131.16166488175563,132.0235937967665,73409200,138.29860305786133,147.0795962524414,137.07840623820738,41.5162163147281,-4.636745363832745,-4.3098410290223255,151.64027532958661,124.95693078613603,4.8864027655284525,-0.003826925332589992,-0.0038342667473567913,0.02523609965888473
2022-06-23,135.43214416503906,135.74556869818326,132.8463282477274,134.01190702274286,72433800,138.19624710083008,146.54603973388672,136.9216193740961,45.474483035335794,-4.204630179113366,-4.288798859040534,151.59279015601064,124.79970404564952,4.764049400924555,0.021573399279900762,0.021343987104219187,0.0254595306177661
2022-06-24,138.75262451171875,138.99749360130787,136.90141479225005,137.02873655581266,89116800,138.2520782470703,146.04153045654297,137.09600081577446,49.72856373062329,-3.55328075967941,-4.1416952391683095,151.64812369038086,124.85603280375976,4.678427974877715,0.02451766799640498,0.02422193403020946,0.026065317648120482
2022-06-27,138.75262451171875,140.54506804098577,138.07678343315314,139.77127334833523,70207900,138.14825592041015,145.48342590332032,137.25377450110247,49.72856373062329,-3.002471034941351,-3.9138503983229183,151.49489775098925,124.80161408983105,4.520560591517351,0.0,0.0,0.0255232882026165
2022-06-28,134.61923217773438,140.47649657650823,134.50169979812208,139.2129786588069,67083400,137.55077743530273,144.94260864257814,137.00286570840075,44.69432926795467,-2.8664380631716426,-3.7043679312926634,150.396578650379,124.70497622022644,4.624434604865122,-0.02978965153653923,-0.030242376908115147,0.0243807731757605
2022-06-29,136.37246704101562,137.7829151592785,133.8650103621575,134.63880492913648,66242400,137.08013992309571,144.44115997314452,136.94282774007837,47.13878843409274,-2.587334371829087,-3.480961219399948,149.36204097035042,124.798238875841,4.573968190026256,0.013023658172158559,0.01293957955667439,0.024670033732175647
2022-06-30,133.91397094726562,135.5301005021527,131.02451949836083,134.43309207438057,98964500,136.49294204711913,143.84496490478514,136.65436518838192,44.18931492560586,-2.535297443106856,-3.29182846414133,148.18717660475323,124.79870748948503,4.629252429499723,-0.018027803904218986,-0.01819228457659174,0.02488800060035573
2022-07-01,136.07862854003906,136.1863715256026,132.87575195629162,133.24794276909347,71051600,135.89154434204102,143.29538696289063,136.59953312663498,47.315083018253205,-2.292956252882618,-3.092054021889588,146.30151104012126,125.48157764396078,4.53506436805767,0.01616453890106695,0.016035283781441596,0.024860094849601083
2022-07-05,138.65464782714844,138.70362462604172,134.11966825992553,134.94243962271915,73353800,135.7044647216797,142.81317443847655,136.7952583362077,50.84338655555657,-1.87146282734912,-2.8479357829814944,145.76886465218996,125.64006479116944,4.538556653633278,0.01893037367253747,0.018753423812434666,0.02395264414321158
2022-07-06,139.98672485351562,141.16209320483665,138.18449238511542,138.44895512148898,74064300,135.54676971435546,142.44816955566407,137.09920752833227,52.61074418935226,-1.413643169031758,-2.561077260191547,145.23185771242154,125.86168171628938,4.427059808353846,0.009607157403247024,0.009561302125212305,0.02403299188188836
2022-07-07,143.3463592529297,143.5422515193908,140.3393599057939,140.3491492881493,66253700,135.43119125366212,142.12903594970703,137.69417435924632,56.82677999192791,-0.7708376365617085,-2.203029335465579,144.67603355294509,126.18634895437914,4.36480744103394,0.023999664274806376,0.0237161987606279,0.024332660963928998
2022-07-08,144.0221710205078,144.5217134378149,142.02404618814074,142.27870461467543,64547800,135.38613586425782,141.94234802246095,138.2968407079379,57.64311206352399,-0.204519683662312,-1.803327405104926,144.45255911860278,126.31971260991286,4.231440284508241,0.004714537370186456,0.004703458745626136,0.024334923432746337
2022-07-11,141.89669799804688,143.63037488194183,140.82907263468897,142.6802818681296,63141600,135.4953468322754,141.71765014648437,138.63968425937685,54.17370328064836,0.07195402332652634,-1.4282711194186357,144.81663204332415,126.17406162122664,4.157273006030427,-0.014757957107578101,-0.014867939171637024,0.023119013605614174
2022-07-12,142.8663787841797,145.40321819395862,142.07300556646354,142.768425199881,77588800,135.9228858947754,141.37405151367187,139.04222659507235,55.48991088126279,0.3650979416750886,-1.0695973071998908,145.7587010674893,126.08707072206147,4.110790662450521,0.006833709309755465,0.006810465353166246,0.021166812849969838
2022-07-13,142.5039825439453,143.44427122627144,139.2031379384123,140.0552923046931,71185600,136.58941955566405,141.14037353515624,139.37191763782215,54.85579053788294,0.561699340685351,-0.7433379776228425,146.31140502559006,126.86743408573805,4.120100849979707,-0.0025366096860467424,-0.002539832331278703,0.018852782679379447
2022-07-14,145.42283630371094,145.89298070687983,140.30996921418316,141.1229362743088,78140700,137.35879821777343,140.9590087890625,139.94819560600203,58.927033888197926,0.9421736786867996,-0.40623564636091414,147.3168946319287,127.40070180361816,4.224594467316633,0.020482611837641107,0.0202756642569855,0.01916402927982285
2022-07-15,147.08792114257812,147.7637620290884,145.15835206929646,146.70592606919652,76259900,138.08067245483397,140.78121307373047,140.62816946662832,61.08314651298529,1.3623563673589558,-0.05251724361694016,148.64366004904412,127.51768486062383,4.10893843106487,0.011449954361980152,0.011384899745182525,0.01891950599152714
2022-07-18,144.05152893066406,148.4591705156607,143.6891126817675,147.6462037187318,81420900,138.91371688842773,140.4147622680664,140.9542037012984,55.374521121305435,1.4338145781333935,0.2447491207331266,148.56129288152397,129.2661408953315,4.156161245552608,-0.020643382463545468,-0.02085943563426479,0.01691068721840769
2022-07-19,147.90089416503906,148.1261694879342,143.8948404199678,144.88410592104603,82982400,139.86576766967772,140.30623626708984,141.6157932692737,60.42411771640512,1.7805324590819112,0.5519057884028835,149.10633354820442,130.62520179115103,4.16153037572502,0.02672214077108337,0.026371340076219333,0.01748921941117516
2022-07-20,149.89903259277344,150.56508418725386,147.28383290571463,148.01844006316782,64823400,140.70664901733397,140.22317657470703,142.4046732048451,62.778560269061074,2.191282212361358,0.8797810731945785,150.3755424061634,131.03775562850456,4.098653297568892,0.013509982066130632,0.013419535964652509,0.01650220193557589
2022-07-21,152.16162109375,152.3771070356204,148.821603940378,151.32906041419434,65086600,141.686124420166,140.28762603759765,143.33390633712176,65.29623041838825,2.668614210451807,1.2375477006460243,151.81820974536518,131.55403909496684,4.059856854545572,0.015094083409619374,0.014981301212421973,0.01644557263182806
2022-07-22,150.92745971679688,153.0725146399616,150.26142318216912,152.20078156045275,66675400,142.4608901977539,140.27939880371093,144.05710189709083,62.800930234505735,2.9137290938659532,1.5727839792900102,152.92588455051288,131.99589584499495,3.9706593262060657,-0.008110858494289608,-0.008143930456446595,0.016404674330793855
2022-07-25,149.81089782714844,151.85799971719163,149.15465049641978,150.84914031891685,53623900,143.0138038635254,140.40575103759767,144.60508246185822,60.54658775898203,2.983495315100356,1.8549262464520795,153.80025500682896,132.22735272022183,3.8801371758179077,-0.007398003595525782,-0.0074255045428138,0.016010996194323942
2022-07-26,148.4886016845703,149.94801169458665,147.70501771546552,149.13504463438227,55138700,143.50060272216797,140.5828402709961,144.97494143544986,57.89605367487598,2.8986731999632696,2.0636756371543177,154.35245915756104,132.6487462867749,3.763198376053853,-0.008826434937355465,-0.008865618652945616,0.016245913092240088
2022-07-27,153.57205200195312,154.1009774684585,149.03708779660727,149.44846596743406,78620700,144.4482437133789,140.77246673583986,145.79371387035494,64.3561987362512,3.204701218265683,2.291880753376591,155.3423597340131,133.55412769274471,3.895282476613448,0.03423461639285574,0.03366165208183531,0.01563278696604599
2022-07-28,154.12059020996094,154.40463173955777,151.2409277129022,153.75817384315252,81378700,145.33564987182618,141.00381927490236,146.58674971222217,64.9805962958251,3.451703981753809,2.5238453990520346,156.34469291327383,134.32660683037852,3.843026873045029,0.0035718622031619685,0.0035654982529627756,0.015575058911608888
2022-07-29,159.17466735839844,160.27169083424704,156.22644946059978,157.93074338059327,101786900,146.59868469238282,141.26377288818358,147.785599011858,70.16626205498105,4.009063252946021,2.820888969830832,157.8694757899177,135.32789359484795,4.007889283847963,0.032793004111600244,0.03226678681666486,0.015551233234917852
2022-08-01,158.19520568847656,160.2325181068246,157.58793518866128,157.70546755749734,67829400,147.7045135498047,141.6690808105469,148.77699012391693,68.06279452693481,4.3219197196362416,3.121095119791914,158.9695410983514,136.43948600125796,3.910510257727633,-0.006153376577923142,-0.006172386623678699,0.015793187320940896
2022-08-02,156.72598266601562,159.07673453265352,156.35379186998745,156.81414688340993,59907000,148.60808029174805,142.11297943115235,149.53403703268822,64.91893024894344,4.400579562463463,3.376992008326224,159.7225969849857,137.4935635985104,3.8256840009375215,-0.009287405494160073,-0.009330802349689986,0.015993989561646025
2022-08-03,162.7203826904297,163.17093336402678,157.45079605540153,157.53894532472003,82507500,149.74476318359376,142.67206451416016,150.78987947628266,70.83755295068158,4.89024434654101,3.6796424759691817,161.71682028409643,137.7727060830911,4.012774479299924,0.038247646768233556,0.03753433698942099,0.017518492718165225
2022-08-04,162.4069366455078,163.75861850349844,161.05525478751719,162.60282888470158,55474100,150.69779205322266,143.1167465209961,151.89626587335172,70.17088962226435,5.193151323684447,3.982344245512235,163.48744833852768,137.90813576791763,3.919245139062876,-0.0019262863062349256,-0.0019281439816949276,0.01720507365156415
2022-08-05,162.18136596679688,162.67178435198056,159.876393569881,160.08237587686597,56697000,151.60575180053712,143.61078857421876,152.87579921558458,69.66279053041326,5.353296151079917,4.256534626625771,164.9376479528662,138.27385564820804,3.8389698278512108,-0.0013889226862476844,-0.0013898881334197372,0.017290473483443793
2022-08-08,161.71054077148438,164.59420304327227,161.05338198319762,163.18179581085533,60276900,152.596443939209,144.09227935791014,153.7172031732893,68.54710377282397,5.380200816210078,4.481267864542633,165.83962249435675,139.35326538406125,3.817673487295742,-0.0029030782451844317,-0.0029073003502140212,0.016732145831763856
2022-08-09,161.75958251953125,162.6423445061743,160.1215870695177,160.8768354992681,63135500,153.54110412597657,144.51088958740235,154.4831440634076,68.60350823516805,5.343879302225105,4.653790152079127,166.5668492069262,140.51535904502694,3.725036626535805,0.00030326871589769766,0.00030322273923596375,0.016792767927227774
2022-08-10,165.99681091308594,166.09488560468589,163.70164162721542,164.46669306704544,70170500,154.7157455444336,144.8994497680664,155.57968376337698,73.09319080156435,5.592535887594778,4.841539299182257,167.78541351328585,141.64607757558133,3.7686270878657213,0.026194605151401706,0.025857402399651553,0.01721509707886521
2022-08-11,165.2611846923828,167.71327649760102,164.9669306824805,166.8010905635419,57149200,155.7076629638672,145.28896911621095,156.50173147090135,71.18986688582717,5.664937264365676,5.006218892218941,168.81682941644897,142.59849651128542,3.6956069969553496,-0.004431568393734375,-0.004441416899938387,0.017150224708985154
2022-08-12,168.80198669433594,168.87063747457046,166.1537158722437,166.5656804191666,68039400,156.7933662414551,145.75185028076172,157.6731843493237,74.61614412761136,5.939561439890554,5.192887401753263,170.45233807802316,143.13439440488702,3.689453124471942,0.021425490858872687,0.021199191703692614,0.01744271425795016
2022-08-15,169.87110900878906,170.06727335382837,168.0663730882192,168.2331135298216,54091700,158.08434524536133,146.18714080810548,158.83489145974895,75.56122108532918,6.172321631669661,5.388774247736543,171.5615701839319,144.60712030679076,3.5688422059817446,0.006333588457042794,0.006313615574654783,0.01618616274948445
2022-08-16,169.71417236328125,170.38114909928223,168.3704308785935,169.46896318920653,56377100,159.17500915527344,146.73349945068358,159.87101345056152,75.11909961077076,6.2718245950267715,5.565384317194589,172.7096846801896,145.64033363035728,3.457547635603671,-0.0009238571904519599,-0.0009242842095294897,0.01571267653564646
2022-08-17,171.2050323486328,172.77436193637106,169.2629800618565,169.45914438952641,79542000,160.2403091430664,147.29478759765624,160.9504438218064,76.5243613885832,6.3972379743229055,5.731755048620252,174.03826292896304,146.4423553571698,3.461392938383021,0.008784534400346322,0.0087461748614712,0.015645300988608914
2022-08-18,170.81268310546875,171.5483105348056,169.8024226331564,170.42035446304044,62290100,161.17286224365233,147.79788269042967,161.88970470596473,75.31872937796213,6.391294807942728,5.863663000484748,175.18024906834702,147.16547541895764,3.338856864330606,-0.0022916922346365443,-0.002294322180070988,0.01564213101117167
2022-08-19,168.2331085205078,170.41056710828244,168.02712623620275,169.71416649279175,70346300,162.03814468383788,148.26407928466796,162.49383840258787,67.76000609814268,6.108025182970579,5.912535436981914,175.53584047837873,148.54044888929704,3.2993354361117055,-0.015101774283167058,-0.015216967293702664,0.01604491800095506
2022-08-22,164.3588104248047,166.6049198473659,163.9370428679026,166.43817940694694,69026800,162.7655403137207,148.75700592041017,162.67145478565615,58.297146692675504,5.50742235026712,5.831512819638955,175.0638068139169,150.46727381352449,3.370530451575528,-0.023029343806191704,-0.023298661992440593,0.017058197807911124
2022-08-23,164.0253143310547,165.47696339789675,163.4564272588674,163.87819481513557,54147100,163.54237594604493,149.35120025634765,162.80039378997984,57.55208469512339,4.947498250496437,5.654709905810452,173.95317203962475,153.1315798524651,3.274102286393659,-0.002029073421059957,-0.002031134779437652,0.016839117100654145
2022-08-24,164.31954956054688,164.88843656775538,163.0640799468379,164.1135822617859,53841500,164.07975082397462,150.05412506103517,162.9450752919386,58.061354718592675,4.4759012874959865,5.41894818214756,173.43223264003637,154.72726900791287,3.1705490245739325,0.0017938403635571198,0.001792233353458199,0.015386966162064308
2022-08-25,166.7716522216797,166.8795448504242,165.12385385508654,165.54560642521002,51218200,164.71230392456056,150.78885284423828,163.30951119000918,62.13817826984292,4.251018394437921,5.1853622246056315,172.92696843501804,156.49763941410308,3.1269380435241745,0.014922768883499637,0.01481251982882616,0.015597687410083537
2022-08-26,160.4844970703125,167.77212157949262,160.42564926256463,167.30132415112922,78961000,164.77779541015624,151.3455340576172,163.04046222622856,48.98881641065543,3.5248439972669985,4.853258579137905,172.8341806350703,156.72141018524218,3.428333348767304,-0.0376991836898638,-0.03842817832944628,0.0166909820703309
2022-08-29,158.2874298095703,159.7782908024648,156.7573269679059,158.06182659509352,73314000,164.78240661621095,151.96346984863283,162.5877924722611,45.37522681355331,2.740470155352881,4.4307008943809,172.8238075809925,156.7410056514294,3.449678831170111,-0.013690214948174018,-0.013784790102299013,0.01693342471931611
2022-08-30,155.86473083496094,159.4447780510849,154.6975330126192,159.02302554257605,77906200,164.7393440246582,152.50356689453125,161.94750088775632,41.720676010376444,1.9014380800341826,3.9248483315115568,172.96008041649483,156.51860763282158,3.542362131691225,-0.015305694062529351,-0.01542403528041933,0.017162170775635473
2022-08-31,154.2071075439453,157.502718607711,154.12863883214416,157.2378885761792,87991100,164.31368026733398,152.9260809326172,161.21032056929815,39.38345350651403,1.0901759000306868,3.357913845215383,173.70655567213845,154.9208048625295,3.530341963396625,-0.010635012052667703,-0.010691967971195915,0.014714360894268124
2022-09-01,154.93295288085938,155.38412932683354,151.70599214901193,153.6382414104045,74229900,163.93998107910156,153.37329772949218,160.61247602754207,40.94357636427366,0.5000501630863141,2.7863411087895695,174.1644604814494,153.71550167675372,3.540898764426981,0.004706951245468494,0.004695908189646739,0.014804349733935991
2022-09-02,152.8241424560547,157.2869518100939,152.0002433352291,156.6886409081276,76957800,163.47211990356445,153.7211376953125,159.87072997311472,37.89220139620542,-0.1362218318042494,2.201828520670806,174.77513856969145,152.16910123743745,3.665599458029683,-0.013611116199575224,-0.013704596659792961,0.015017734442131716
2022-09-06,151.56869506835938,154.07963464254792,150.7447958267751,153.4715206737186,73714800,162.96502761840821,153.9774591064453,159.08005998218565,36.16423706854622,-0.7333227951181129,1.6147982575130222,175.39271175415595,150.53734348266048,3.641973697868479,-0.008214980745312017,-0.008248909644236307,0.015065444766627231
2022-09-07,152.97129821777344,153.6676838931478,150.66632598771957,151.85314497915547,87449600,162.5256134033203,154.26183258056642,158.49827314747972,39.48450043880449,-1.0808914149108375,1.0756603230282504,175.69221127283743,149.3590155338032,3.596215426979889,0.009253910570262924,0.009211355472425896,0.015303701340371132
2022-09-08,151.50006103515625,153.36364499716552,149.75415773532657,151.67660447799875,84923800,161.80077590942383,154.59944915771484,157.83177675582988,37.293348818728006,-1.4582488106277367,0.568878496297053,175.69899379739806,147.9025580214496,3.597163415184108,-0.00961773352098183,-0.009664282625055328,0.013765540936366175
2022-09-09,154.35426330566406,154.79565178409123,151.78447599724632,152.49067960307377,68028800,161.25542984008788,154.9590850830078,157.50058499867123,43.8082129790828,-1.5095953206146362,0.1531837329147152,175.42109520825193,147.08976447192384,3.575622510452028,0.0188396113572884,0.018664343773003463,0.014719265266125726
2022-09-12,160.29815673828125,161.1122531071859,156.24731078742482,156.5317468843277,104956000,160.83023834228516,155.48676879882814,157.7670204024436,54.4269090853511,-1.0584639612148123,-0.0891458059111903,174.5683639193425,147.09211276522782,3.8029344598141566,0.03850812608166598,0.03778518912928614,0.016604706558171815
2022-09-13,150.89187622070312,157.46347745743722,150.4308818908401,156.83574272665854,122656600,159.88127670288085,155.7830337524414,157.11224476608737,41.16841751584445,-1.4433097584010852,-0.3599785964091693,173.612289828248,146.1502635775137,4.236101630358941,-0.05867990442919291,-0.0604720319148835,0.020662553315899442
2022-09-14,152.333740234375,154.08944624806267,150.66632089509483,151.82370097735972,87965400,159.01225509643555,156.05661560058593,156.65714909640047,43.44277937768306,-1.6133586552951158,-0.6106546081863586,172.3380129050614,145.68649728780971,4.178031896259577,0.00955561061195187,0.00951024453627209,0.020921322568998025
2022-09-15,149.4500732421875,152.26508456095567,148.47905455230304,151.6863795720259,90481100,157.92450714111328,156.24588256835938,155.97076091980875,40.1036132657398,-1.9582381077336493,-0.8801713080958169,170.62873240892583,145.22028187330073,4.154935738103318,-0.018929929690893132,-0.019111394537309173,0.020865668168021757
2022-09-16,147.8120574951172,148.4496101996778,145.52670665510445,148.31229368839013,162278800,156.77447586059571,156.33519653320312,155.1937415460286,38.30264192610084,-2.336794625989029,-1.1714959716744593,168.7468759333287,144.80207578786272,4.138395084459013,-0.01096028734904575,-0.01102079381679827,0.020862312243832924
2022-09-19,151.51962280273438,151.5980915210163,146.24273245408108,146.44869974399057,81474200,155.93880157470704,156.48514556884766,154.8438254752387,44.3900349304705,-2.310994157051681,-1.3993956087499038,166.88446743376645,144.99313571564764,4.225321083207314,0.025082969349369044,0.02477355502114607,0.02194744340399765
2022-09-20,153.8932647705078,155.05065980282333,150.14647654096675,150.4603364872082,107689800,155.4155242919922,156.72507690429688,154.75329588431194,47.93201894691403,-2.0750936422834627,-1.5345352154566156,165.6805064642164,145.150542119768,4.273811238825119,0.015665574688393358,0.01554413620038486,0.021978755192235903
2022-09-21,150.77420043945312,155.69800426701255,150.65650483896582,154.3248240736869,101696800,154.75296859741212,156.88323333740234,154.374334413373,43.96893120791901,-2.115437759488998,-1.6507157242630923,164.40162753634667,145.10430965847758,4.328646109483806,-0.02026771175272657,-0.020475919894561066,0.022309949399248727
2022-09-22,149.81298828125,151.50983141556574,148.0180554999838,149.45988650515864,86652500,154.02764053344725,157.02941345214845,153.93992049602795,42.79463700071794,-2.1996167384726277,-1.7604959271049996,162.8349671969902,145.22031386990432,4.268869667062244,-0.006375176624392909,-0.006395584846473733,0.022273734168053297
2022-09-23,147.54721069335938,148.56728891825972,145.71305143666189,148.2926559268732,96029900,153.06641845703126,157.0719009399414,153.3310909910119,40.077483592285304,-2.421247863052514,-1.8926463142945025,160.1226524977996,146.01018441626292,4.256803036885521,-0.015124039737041906,-0.015239574406776106,0.021914197318921393
2022-09-26,147.88075256347656,150.82326264584486,146.77240230987616,146.79202323434507,93339400,152.43623123168945,157.08775756835936,152.81201114077047,40.67463300818759,-2.5406905851151578,-2.0222551684586336,158.9611483324283,145.9113141309506,4.242092843962891,0.0022605772657429135,0.0022580260051134698,0.020644830618888995
2022-09-27,148.85177612304688,151.75505941669135,147.07646404392761,149.81300689014782,84442700,151.96444854736328,157.18376251220704,152.43484590098726,42.47199829015965,-2.527856757647328,-2.1233754862963727,158.08054095119525,145.8483561435313,4.273271596020094,0.006566260603478424,0.006544796621819631,0.020634940678547892
2022-09-28,146.96853637695312,147.75320856386915,142.06435391669942,144.81069908771693,146691400,151.5196388244629,157.1651153564453,151.9142449939364,39.94437650744712,-2.6392242314547047,-2.226545235328039,157.72967512324297,145.30960252568283,4.452853782472048,-0.012651778804016356,-0.012732494074624094,0.02055911628769945
2022-09-29,139.74960327148438,143.9083561021041,137.98409428837317,143.3002421615135,128138200,150.79676361083983,156.96212677001952,150.7557076870362,32.066443566681514,-3.2722706283901175,-2.4356903139404547,158.71740792139448,142.87611930028518,4.776538661479756,-0.04911890179645817,-0.050366252430558756,0.022994450628595006
2022-09-30,135.55157470703125,140.35768159374078,135.3554104388006,138.572552330181,124925300,149.82769470214845,156.62992584228516,149.3076950222738,28.54122320306122,-4.065841786362654,-2.761720608424895,159.92926748574163,139.72612191855526,4.792662411012644,-0.030039645667528925,-0.030500080142178997,0.02355561912114399
2022-10-03,139.72021484375,140.32834390512355,135.05143653979655,135.56147592361143,114311700,149.1724983215332,156.40578094482422,148.39460167193823,36.058367614198055,-4.3087100982398,-3.0711185063878763,160.07942884770577,138.26556779536062,4.827251336320812,0.03075316642929793,0.030289764566487045,0.02489112850724269
2022-10-04,143.3002471923828,143.41794280659562,141.49549629829846,142.2507447443845,87830100,148.7590759277344,156.2755679321289,147.90942505483773,41.72775691770317,-4.164302803685786,-3.2897553658474585,159.89576197407868,137.6223898813901,4.746571095358298,0.025622866044375803,0.025300102220810177,0.025737663705131218
2022-10-05,143.594482421875,144.55571313373582,140.26944671107276,141.3091461524557,79471000,148.29023513793945,156.177685546875,147.4984781374127,42.18150183212707,-3.980234987039381,-3.4278512900858433,159.4675591129413,137.1129111629376,4.713692190165781,0.002053277892097194,0.002051172798115547,0.02561491360910935
2022-10-06,142.64306640625,144.71263233032042,142.43709909152813,143.0157891213956,68402200,147.84738540649414,155.95910583496095,147.03605797254005,41.06794227851864,-3.866559941203434,-3.5155930203093617,159.1816526603722,136.51311815261607,4.539537979353389,-0.006625714300287466,-0.006647761786139154,0.025581979278329503
2022-10-07,137.4053955078125,140.35772324812106,136.7776606833551,139.80844218113944,85925600,146.99994201660155,155.62480194091796,146.1188520235184,35.5102159728157,-4.151254835182243,-3.6427253832839384,158.7868886778848,135.2129953553183,4.634242818177783,-0.03671872058274828,-0.03740982321072842,0.026131295467164098
2022-10-10,137.72906494140625,139.17089585032406,135.91452632499212,137.72906494140625,74899000,145.87148742675782,155.19588989257812,145.31982468236487,36.085840721612456,-4.301178859007933,-3.7744160784287377,156.6260121462644,135.11696270725125,4.535823297260222,0.0023555802332038134,0.002352810203251986,0.02410042227821102
2022-10-11,136.31666564941406,138.64125855443186,135.57123522583825,137.21903351996755,77033700,145.14272689819336,154.75831909179686,144.462380964941,34.633124788028255,-4.482294446733874,-3.915991752089765,156.40121247225665,133.88424132413007,4.431123299498322,-0.010254910919442195,-0.010307854785869956,0.020882265297438325
2022-10-12,135.68893432617188,137.67022848780448,135.51239091855444,136.4638036366148,70433700,144.31048660278321,154.337578125,143.62681461839156,33.97841626163304,-4.623189278324986,-4.057431257336809,155.778516338658,132.84245686690844,4.2687457473377295,-0.004604949220637589,-0.00461558466230613,0.020606092231485403
2022-10-13,140.24984741210938,140.8383404618952,131.7950247428473,132.4031536839207,113224000,143.8504753112793,153.8881674194336,143.30519869398373,42.485766881374225,-4.317057526666872,-4.109356511202822,155.1943702522704,132.5065803702882,4.609786459602743,0.033613006901313636,0.03306043804336986,0.022107306444464278
2022-10-14,135.7281951904297,141.75053227831364,135.5418338120233,141.5445499741852,88598000,143.24628219604492,153.35459259033203,142.58357931269285,37.34767352558602,-4.388715077648044,-4.165228224491867,154.96290352400067,131.52966086808917,4.723994460080429,-0.03223997961575875,-0.0327711352672217,0.023007454634635927
2022-10-17,139.68096923828125,140.16156968133146,137.5819791306435,138.36665154683308,85250900,142.65434951782225,152.9045846557617,142.307140257987,43.75175730401385,-4.0795221798400405,-4.148087015561502,153.8226231757793,131.4860758598652,4.7032358908533825,0.029122718697509598,0.028706709894056413,0.023292211604519532
2022-10-18,140.9952850341797,143.88875049899616,137.91545818930572,142.70194639396894,99136600,142.00945053100585,152.49027954101564,142.18220166524344,45.73784870752319,-3.6859410462168967,-4.055657821692581,151.92683997919227,132.09206108281944,4.7939542064846,0.009409412055670696,0.009365419286804877,0.023057859693916997
2022-10-19,141.10317993164062,142.1722884311379,138.78840452952474,138.97476591255997,61758300,141.52589950561523,152.0771514892578,142.07943769061458,45.90670590022272,-3.3269677326552483,-3.9099198038851144,150.59339222293815,132.4584067882923,4.693234898993784,0.0007652376278737272,0.0007649449828459781,0.02276001344652196
2022-10-20,140.64218139648438,143.0942732786787,139.91635681145763,140.27927658716155,64522000,141.06735916137694,151.5700588989258,141.94255613879267,45.258657347738186,-3.044581484291456,-3.7368521399663828,149.3013989143633,132.8333194083906,4.584997868152876,-0.0032671023812474997,-0.0032724510130947705,0.022746804721240195
2022-10-21,144.44778442382812,145.01667134599194,139.91630996559246,140.13209517628826,86548600,140.9123878479004,151.15379089355469,142.18114930879605,51.36259928174345,-2.485061743542616,-3.4864940606816295,148.76038797770758,133.0643877180932,4.621809547599063,0.02705875996487417,0.026699144465367638,0.02349756722254189
2022-10-24,146.58602905273438,147.35108041478094,143.20214572577777,144.36934369172494,75981900,140.84765167236327,150.70947174072265,142.6006616653616,54.43677039726439,-1.8477995632307511,-3.158755161191454,148.48314527069348,133.21215807403306,4.58803277198507,0.014802889760028304,0.014694396354256853,0.02374948309337962
2022-10-25,149.42066955566406,149.5678040506047,146.49778017936205,147.2137868289863,74732300,140.87609634399413,150.30046295166017,143.25018622634278,58.20794538739318,-1.1013373640263922,-2.7472716017584418,148.63390863702094,133.11828405096733,4.4796035647891825,0.019337726257049548,0.019153128434166715,0.02410911355938814
2022-10-26,146.48794555664062,149.07735346461445,145.20303709712394,148.06709300971718,88194300,140.85206680297853,149.83593841552735,143.55854425779972,53.29329482697769,-0.7379009473179963,-2.3453974708703527,148.53687955961274,133.1672540463443,4.46089134291425,-0.01962729793504847,-0.01982247138682182,0.02435808123867997
2022-10-27,142.02516174316406,146.1937178528811,141.36800292889203,145.23250204640354,109180200,140.9658447265625,149.25234100341797,143.41250782783445,46.81560231090537,-0.800753734763191,-2.0364687236489205,148.6493797607138,133.2823096924112,4.507966434688132,-0.03046519491087407,-0.03093890490346477,0.02267226195765264
2022-10-28,152.7555389404297,154.48180643716302,144.98731275555542,145.36002058759684,164762400,141.82604293823243,148.8911981201172,144.3023203147483,59.547361913619,0.01511253280108349,-1.6261524723589198,150.65856583545764,132.99352004100723,5.075729167496048,0.07555264902053249,0.07283462159167196,0.026943068571648243
2022-10-31,150.40145874023438,151.284220531453,149.0086727671134,150.2249153618166,97943200,142.36010513305663,148.53456512451172,144.88319064098508,56.35975868004323,0.4663618998766026,-1.2076495979118154,151.8834039239687,132.83680634214457,4.980810382197492,-0.015410768188990787,-0.015530748330670368,0.026717296669917203
2022-11-01,147.76303100585938,152.4710497811702,146.27217011734126,152.10814502054632,80379300,142.58324432373047,148.2026495361328,145.15746115192547,52.939268846660376,0.6041173180639134,-0.8452962147166696,152.38914069511773,132.7773479523432,5.067815330885452,-0.01754256744897642,-0.01769826182511689,0.02662399566016288
2022-11-02,142.2507781982422,149.2539532521018,142.2213542877692,146.09565715267652,93604600,142.51605911254882,147.76715881347656,144.88063420395565,46.57896813158934,0.26543695372200204,-0.6231495810289354,152.31172828227233,132.7203899428253,5.20815701898882,-0.037304681489638725,-0.03801830508491142,0.028026995552039087
2022-11-03,136.21859741210938,140.06347524662803,136.0910838596121,139.3376507448135,97918500,142.1948356628418,147.2051397705078,144.05567831901791,40.80187071269132,-0.4841354394991697,-0.5953467527229822,152.3668942090396,132.022777116644,5.276123970391768,-0.04240525684665364,-0.04333061435938734,0.029565022937796465
2022-11-04,135.95333862304688,140.16810151754257,132.0234836201314,139.59827074317496,140814800,142.12223281860352,146.58877349853515,143.28402691940164,40.56361866816583,-1.087050289845564,-0.6936874601474986,152.4495364374162,131.79492919979083,5.481016393750296,-0.0019473023074815243,-0.0019492007656014938,0.028408962179483244
2022-11-07,136.48387145996094,136.70983394000362,133.29086405936027,134.70561435237354,83374600,142.05997314453126,146.10876098632812,142.63639306612157,41.30187630797434,-1.504709729310747,-0.8558919139801483,152.50678767958254,131.61315860947997,5.333727357099799,0.0039023156201043463,0.00389472133695328,0.028418253277957457
2022-11-08,137.05372619628906,138.94987449555333,135.07897897911388,137.9477720224135,89908500,142.096826171875,145.6840869140625,142.1047105070899,42.13329714296561,-1.769329599164024,-1.0385794510169235,152.46725947294416,131.72639287080582,5.229239368481203,0.004175253311855975,0.004166561128060122,0.028329244230006576
2022-11-09,132.5048828125,136.12035725287217,132.2297941583769,136.07123106652006,74917800,141.9376235961914,145.21688995361328,141.19044120284323,37.55986525526344,-2.319360256027494,-1.2947356120190376,152.78351521063018,131.09173198175262,5.200288844869128,-0.03319022043424191,-0.033753514807033015,0.029312159207817382
2022-11-10,144.29446411132812,144.29446411132812,137.05371017047622,138.7632027049217,118854000,142.13985443115234,145.01863708496094,141.48606243222275,52.078589130931206,-1.7833850800906532,-1.3924655056333608,153.00314110798104,131.27656775432365,5.670952591580486,0.08897469322327445,0.08523660513468342,0.034826612242036085
2022-11-11,147.0748291015625,147.3793904835366,141.83829520447486,143.26287971945007,93979700,142.707186126709,144.861474609375,142.01832592454082,54.750758787261496,-1.1213425347072814,-1.338240911448145,153.35483641057536,132.05953584284262,5.661677069257719,0.019268687869336665,0.0190853974712296,0.0340585242182965
2022-11-14,145.67970275878906,147.644629976999,144.84460269456784,146.3576050476643,73374100,143.0071228027344,144.7185858154297,142.3670284801835,53.149254803798925,-0.7011615303722749,-1.210825035232971,153.63483101398367,132.3794145914851,5.457273513055822,-0.009485826713489076,-0.009531103721767147,0.03368518641863909
2022-11-15,147.40884399414062,150.89659305740093,145.95480194485347,149.55062261259357,89868300,143.32780075073242,144.6353887939453,142.84720138627466,54.90970042050296,-0.22603225144501948,-1.0138664784753808,154.0796552924431,132.57594620902174,5.440103283452683,0.011869472566227168,0.011799582869038747,0.03371572207193615
2022-11-16,146.18075561523438,147.2418181251695,144.70706018330316,146.51480463978803,64218300,143.5816795349121,144.49957794189453,143.16468274141369,53.375672350239604,0.0508287345988947,-0.8009274358605258,154.35120325102451,132.81215581879968,5.24450903540874,-0.008331171628718992,-0.008366069802693187,0.033805185015128726
2022-11-17,148.07693481445312,148.82360185357618,143.58706836561342,143.86215701114332,80389400,143.95341720581055,144.43111541748047,143.63251627217934,55.44539098085601,0.41842552605697847,-0.557056843477025,154.80437198557675,133.10246242604435,5.2439393534483125,0.012971469406066971,0.012888060413915626,0.03385944628814264
2022-11-18,148.63693237304688,150.02220984195606,147.34008803390304,149.63904958366277,74829600,144.1628746032715,144.31676879882812,144.1091273294048,56.06567997425272,0.7463324981007986,-0.2963789751614603,155.20397568523893,133.12177352130405,5.060952385920077,0.0037818013946293583,0.003774668361887732,0.033389728783538776
2022-11-21,145.41444396972656,147.73305885560603,145.12953609848137,147.52674987775407,58724100,144.1042953491211,144.01909454345704,144.23344319991165,51.612726545668515,0.7376698543021405,-0.08956920926874012,155.10571056102793,133.10288013721424,4.949984092251894,-0.02168026715750937,-0.02191873717889678,0.033645974156041536
2022-11-22,147.54635620117188,147.78215282996166,144.3533499350906,145.5323180878367,51804100,144.01057968139648,143.9521841430664,144.5489587238412,54.20415813185396,0.8925434611928154,0.10685332482357097,154.86013247403784,133.16102688875512,4.841328292438978,0.014660938578351601,0.014554506024677128,0.0335214185941816
2022-11-23,148.4208221435547,149.16748927839564,146.72114887646376,146.82922050043365,58301400,144.1072235107422,143.87392578125,144.91770762095678,55.2625299793869,1.073469713149791,0.300176602488815,155.07709201771843,133.13735500376595,4.670257728831328,0.005926720014627351,0.00590922609656674,0.03322410055300127
2022-11-25,145.51271057128906,146.2692118769101,144.54006603549058,145.7092003283938,35195900,144.28160095214844,143.79517852783204,144.97437456860746,51.038176693867,0.9710016687398877,0.4343416157390295,155.22438248276185,133.33881942153502,4.613864755919384,-0.01959368995714672,-0.01978819115667093,0.03276511161159418
2022-11-28,141.69090270996094,144.06846284178744,140.86563687733454,142.59476743015247,69246000,143.728369140625,143.6727554321289,144.66166296302208,46.055595979472166,0.5747813296946731,0.4624295585301582,153.99973829708009,133.45699998416993,4.616236822921894,-0.02626442629185821,-0.026615497097536824,0.028292564757036405
2022-11-29,138.6944122314453,142.27057984792378,137.8887997144492,141.7596944766532,83763800,143.14301681518555,143.41625122070312,144.09335336953856,42.54831698889872,0.01876579706032544,0.3736968062361917,153.15763585139462,133.12839777897648,4.599489916532802,-0.021148079525256436,-0.021374903791092147,0.028449604914559806
2022-11-30,145.4341278076172,146.1120302873751,138.08530213977906,138.92038744793726,111380900,143.02657165527344,143.24706848144533,144.2210461731651,51.49544728000157,0.12056836535128923,0.32307111805921124,152.87640861995746,133.17673469058943,4.844292647323032,0.04859399501203421,0.047450214468177716,0.030520351080026594
2022-12-01,145.70921325683594,146.51484082101652,144.0390276864429,145.61097586517099,71250400,143.19949340820312,143.14576873779296,144.36277637160995,51.82521755104488,0.22089835223655996,0.30263656489468105,153.11002430191425,133.288962514492,4.675115539269503,0.0018914779726435516,0.0018896913806945193,0.029255487774312066
2022-12-02,145.21795654296875,145.4046270438478,143.09583136119605,143.40040769964443,65447400,143.6494613647461,143.05386810302736,144.44422210221558,51.156328741893084,0.25779853741099146,0.29366895939794313,153.0556824365244,134.24324029296778,4.527848850438816,-0.0033714869697447636,-0.0033771832388066075,0.027409155066449056
2022-12-05,144.05865478515625,148.2734173934748,143.21373541725012,145.17866278529172,68826400,144.05472717285156,142.98409698486327,144.4075014053528,49.531647201464565,0.19129115152662735,0.27319339782368,152.77295291839687,135.33650142730625,4.565836930852092,-0.007983184624068662,-0.008015220857128809,0.027505931319048167
2022-12-06,140.40391540527344,144.71693119940028,139.431270776129,144.49096870660432,64727200,144.2507293701172,142.83456024169922,144.02620750058333,44.710774425274145,-0.15454189223697767,0.1876463398115485,152.43949647953804,136.06196226069636,4.617252894596319,-0.025369800831011147,-0.02569716283384402,0.028238347620692817
2022-12-07,138.4684600830078,140.85584008868295,137.5449416476374,139.69653991914743,69721100,144.32146606445312,142.62689392089842,143.49689822271898,42.359490634556124,-0.5781278423494882,0.03449150337934116,152.28158219033605,136.36134993857019,4.523941862199837,-0.013784909891429775,-0.013880804043132895,0.028443161341174042
2022-12-08,140.14845275878906,141.0032064446931,138.62564588690643,139.86354485762612,62128300,144.7036445617676,142.49049224853516,143.17799865472566,45.060265214917955,-0.769392315254521,-0.1262852603474313,150.89522652295366,138.51206260058152,4.38185646930594,0.012132673930035365,0.012059662993704067,0.027370530027135912
2022-12-09,139.6670379638672,143.0172426533997,138.42912415381502,139.84387422747133,76097000,144.47227325439454,142.4888409423828,142.8436214460725,44.41799729741725,-0.9488788538461961,-0.29080397904718425,151.04201844966516,137.9025280591239,4.396589471468707,-0.003435034675341342,-0.0034409479523762696,0.018474484830441628
2022-12-12,141.95616149902344,141.9659807375352,138.5863037802082,140.19754337716597,70462700,144.2163398742676,142.61693267822267,142.75910145111544,48.198903625096804,-0.8960806308061819,-0.4118593093989838,150.75935512995108,137.6733246185841,4.3239528633157285,0.016389862407968137,0.01625699839599666,0.018314944348934086
2022-12-13,142.9190216064453,147.34010905974955,141.71059523341404,146.87834983755218,93886200,144.07830581665038,142.68090881347655,142.77433194209922,49.74736097245297,-0.767693403264758,-0.4830261281721387,150.6084785389529,137.54813309434786,4.4172072178171415,0.006782798980011107,0.006759899290020046,0.018308082054135727
2022-12-14,140.69863891601562,144.0881358235322,138.68458524913544,142.8011107216781,82291200,143.74279556274413,142.62887664794923,142.57664689199603,46.30956337007427,-0.8354810219117041,-0.5535171069200518,150.24347399062418,137.2421171348641,4.487660314715687,-0.015535949417173733,-0.0156578969756267,0.018335640631570175
2022-12-15,134.10630798339844,139.3133690938159,133.64454880056923,138.63546667684503,98931900,143.13907318115236,142.4391131591797,141.76994794832007,37.928932249546754,-1.4049537773349243,-0.7238044410030264,150.76695269622311,135.5111936660816,4.670976729053595,-0.04685426229710876,-0.047987461833134855,0.020865951149127107
2022-12-16,132.1511993408203,135.23613504981998,131.38487878191776,134.2929782040358,160156900,142.3427864074707,142.2292758178711,140.8538766523677,35.856454117384075,-1.9910741038996491,-0.977258373582351,150.9983299604177,133.6872428545237,4.612425267542782,-0.014578797015425637,-0.014686111969022976,0.020587546724902064
2022-12-19,130.04869079589844,132.82906434469876,129.01711609721863,132.74064622616112,79592600,141.4133743286133,142.08214172363282,139.82481133270394,33.72247419865165,-2.595316362154705,-1.3008699712968217,151.09680913459823,131.72993952262834,4.555248337538306,-0.015909871082588234,-0.016037791696133157,0.020592568261719117
2022-12-20,129.9799041748047,130.9132413588603,127.61216390393443,129.08585892861203,77432800,140.6416473388672,141.92715850830078,138.88720112718974,33.65191013227009,-3.0446365358360197,-1.6496232842046612,151.3341585383914,129.94913613934298,4.465664703065989,-0.0005289297467954146,-0.0005290696794791519,0.020310783068314745
2022-12-21,133.07470703125,134.41085828161889,130.42205800232537,130.64802045895354,85928000,139.9180648803711,141.8623193359375,138.33363026090976,39.75945615727697,-3.1150924379401204,-1.942717114951753,150.60226937505155,129.23386038569066,4.463185374762289,0.023809856424291898,0.023530822289682268,0.02088137075846537
2022-12-22,129.91119384765625,132.20033647277774,128.01504576681836,131.99402745433673,77852100,138.99258346557616,141.7467645263672,137.53149345964752,36.101144984743236,-3.3871533281609345,-2.2316043575935893,149.77656601588575,128.20860091526657,4.505790795452957,-0.0237724602531032,-0.02405958475420792,0.021122428789146525
2022-12-23,129.54766845703125,130.0978457490201,127.3665977700706,128.62415014924704,63814900,138.19433135986327,141.53272094726563,136.77112917368407,35.694707439883004,-3.5907055858121453,-2.503424603237301,149.2886689406781,127.09999377904843,4.3790377371312825,-0.0027982607184050545,-0.002802183168997622,0.020904127310603187
2022-12-27,127.74977111816406,129.1055760060844,126.46274589439432,129.07610329036513,69007800,137.49727478027344,141.3731524658203,135.9119522160155,33.675408843798834,-3.8526861385161624,-2.773276910293073,149.3511070864821,125.64344247406478,4.286600938953115,-0.013878268596269838,-0.013975472158529335,0.02043755587224363
2022-12-28,123.82972717285156,128.73221899747332,123.66271014073895,127.39606774936588,85438400,136.75404052734376,141.05612762451173,134.76126411666655,29.72670775416779,-4.326746360477131,-3.083970800329885,149.9970573901902,123.51102366449733,4.342522933080348,-0.030685330478491424,-0.031165983458500607,0.020940051160244662
2022-12-29,127.3371353149414,128.19187403447657,125.49010604619004,125.74554124055933,75703700,135.84919090270995,140.78296463012694,134.05420423078797,36.86053124414297,-4.3690601713570345,-3.340988674535315,149.06922577309052,122.62915603232936,4.343924642262109,0.028324443751651884,0.027930724001942905,0.018539967268559793
2022-12-30,127.65151977539062,127.67117324976594,125.19536766637758,126.15818552945343,77034200,134.9463062286377,140.51393142700195,133.44442475884537,37.473244675562846,-4.327343055727283,-3.538259550773709,147.8111759618665,122.0814364954089,4.210487566628269,0.0024689141912266344,0.002465871429767064,0.01855409788655162
2023-01-03,122.87674713134766,128.6045053870652,121.99252821247748,127.99538262842435,112117500,133.82924575805663,140.15862274169922,132.43797927051227,32.34019547713268,-4.626237799351543,-3.755855200489276,146.81181361645145,120.84667789966183,4.382022538625372,-0.03740474576757424,-0.038122252280666985,0.019779147101456788
2023-01-04,124.14412689208984,126.4037966398773,122.886574422074,124.66483150899292,89113600,132.83351936340333,139.75254959106445,131.6480885678054,34.889625383164145,-4.706592414731858,-3.9460026433377924,145.57766812535016,120.0893706014565,4.320953036475677,0.010314235934219873,0.01026140715126542,0.020204907742393082
2023-01-05,122.82762908935547,125.5294047177782,122.57219388132161,124.90062844390272,80962700,131.95470504760743,139.27738159179688,130.80804480795302,33.478466392434214,-4.820931696917668,-4.120988454053768,144.91176713934513,118.99764295586974,4.223542879331457,-0.01060459190211005,-0.01066122129704492,0.019771776853433138
2023-01-06,127.34693908691406,128.0051879622661,122.69989001665523,123.80025205121024,87754700,131.39862899780275,138.83590698242188,130.4784156916636,42.13132931996277,-4.495059605412791,-4.195802684325573,144.1426109600446,118.65464703556088,4.3008110983514145,0.036793920317967244,0.03613318270783102,0.021907268397589042
2023-01-09,127.86763763427734,131.07047871721036,127.61220248294386,128.18203319703136,70790800,130.78458824157715,138.4635008239746,130.22977016238872,43.05047967341937,-4.146983756661598,-4.186038898792778,142.9535072110221,118.61566927213221,4.2595774220617635,0.004088818711283748,0.004080482208629449,0.02166904059406796
2023-01-10,128.43748474121094,128.95818934117645,125.87325369613974,127.97572556898378,63896200,130.22311058044434,138.19174728393554,130.05907631275275,44.09696963788049,-3.781557795330073,-4.105142678100237,141.71849037336978,118.72773078751892,4.175674437988546,0.004456538945088351,0.004446637980527998,0.021758257933829076
2023-01-11,131.1490936279297,131.1687321095965,128.17222961380043,128.94836939344688,69458900,129.68275718688966,137.75961837768554,130.16288748562675,48.908133517207496,-3.2358500478212022,-3.9312841520444306,139.8618741217297,119.50364025204962,4.091447870689084,0.02111228581112723,0.020892509444223287,0.022014785380172618
2023-01-12,131.0704803466797,131.90556546211644,129.1350257391296,131.53223946571177,71379600,129.09033012390137,137.37299880981445,130.24932490096512,48.77706932315666,-2.7776966037151283,-3.70056664237857,137.30957329040214,120.87108695740059,3.997097288710353,-0.0005994191730598342,-0.0005995988965557449,0.02189096108548387
2023-01-13,132.39683532714844,132.55403315564018,129.35120610397337,129.71471296505177,57809700,128.675239944458,137.06567489624024,130.4538497034588,51.15537819302392,-2.2812837176833796,-3.4167100574395324,135.1639060270203,122.18657386189574,3.9403637003501006,0.010119402759191543,0.010068544419324128,0.02193652370690601
2023-01-17,133.55613708496094,134.88245427698436,131.77787992946924,132.4656016206527,63646600,128.64773139953613,136.8917820739746,130.74930564455423,53.20071329588596,-1.7738787953237818,-3.0881438050163825,135.04812920133978,122.24733359773248,3.880664460861888,0.008756264868022834,0.00871815110865729,0.01944202807068589
2023-01-18,132.8389434814453,136.17931456809228,132.66209219338052,134.4207108763407,69672800,128.68211860656737,136.82418899536134,130.94831877187718,51.75680446755866,-1.4133362086236616,-2.7531822857378385,135.16430622505624,122.19993098807849,3.854704311851165,-0.005369978640961892,-0.0053844488024846525,0.019186600387990457
2023-01-19,132.89788818359375,133.86069855178562,131.42419241972087,131.7287538123279,58280400,128.82457847595214,136.76307998657228,131.13399204918352,51.872418196999114,-1.110051286010588,-2.4245560857923882,135.54161768823423,122.10753926367005,3.753404441866421,0.00044373058535107646,0.0004436321660482487,0.018797917072168564
2023-01-20,135.45228576660156,135.59966433835268,131.86629872212012,132.90770800117681,80223600,129.098197555542,136.74244827270508,131.54525811750904,56.713618252235506,-0.6560151287830536,-2.0708478943905213,136.4014496714484,121.79494543963555,3.7519730971782885,0.01922075375252774,0.019038368415460128,0.01921356599462154
2023-01-23,138.63543701171875,140.80668812964507,135.4817223092692,135.69786549716068,81760300,129.37623405456543,136.77408248901367,132.2205132502909,61.86199607525086,-0.03888624383722572,-1.6644555642798624,137.62593320399785,121.12653490513301,3.8664323304543755,0.023500166328696004,0.023228288628911603,0.019195383623580562
2023-01-24,140.0305633544922,140.64952034187644,137.83967329148908,137.84949253259393,66435100,129.88220252990723,136.92459609985352,132.9643275459291,63.88919887491438,0.5563545707869935,-1.2202935372664914,139.35211434756405,120.4122907122504,3.7909619533067316,0.010063273668301065,0.010012976087252119,0.018251410895921603
2023-01-25,139.37234497070312,139.9323416606216,136.37582674384313,138.41935368230486,65799300,130.37343635559083,136.82615371704102,133.5746149197171,62.20910200558543,0.9638636619334875,-0.7834620974264956,140.7032071782349,120.04366553294678,3.781231571688326,-0.004700533712220789,-0.004711615962776561,0.018293152052139595
2023-01-26,141.43548583984375,141.72039372676826,139.41159795380088,140.65933109437518,54105100,131.0577220916748,136.71336685180665,134.3232692930625,65.29018069833421,1.4367340031114963,-0.33942287731889725,142.3682588285724,119.7471853547772,3.6788613705723843,0.014803086434215462,0.014694590159546614,0.01795368350364292
2023-01-27,143.37091064453125,144.64811636457318,140.57089828761406,140.64949717713105,70555800,132.0347812652588,136.66719100952147,135.1849494217738,67.93153047814312,1.9452362889883261,0.11750895594254746,144.0341063762932,120.03545615422438,3.70731542102858,0.013684152836149543,0.013591370292158463,0.015903103801671883
2023-01-30,140.49232482910156,142.99761054282715,140.34496125408572,142.41796049282078,64015300,132.6925407409668,136.5288606262207,135.69041374628122,60.5510777520531,2.0918368035983974,0.5123745254737175,145.0272740636097,120.35780741832387,3.6586464188440764,-0.02007789308506769,-0.020282193216304794,0.016242321389944397
2023-01-31,141.7596893310547,141.80881551729502,139.78494257033407,140.19757555057984,65874500,133.39794921875,136.44043930053712,136.2684399924501,62.48366474707866,2.2839564627382174,0.8666909129266176,146.10682406644887,120.68907437105113,3.5418768851381386,0.009020880702876655,0.008980435610146113,0.016253520672334307
2023-02-01,142.87969970703125,144.03901475780756,138.84178798038548,141.44531098955775,77663600,134.3980968475342,136.33649459838867,136.8980837747912,64.15490481308086,2.49779512638446,1.192911755618186,146.7817917149246,122.01440198014377,3.6601161631584205,0.007900767709507095,0.007869720070544288,0.012757783751330002
2023-02-02,148.1752166748047,148.52888929698446,145.5716782733727,146.28887274258696,118339000,135.59965133666992,136.32726028442383,137.97209643193534,70.78220782213754,3.0593020411845657,1.5661898127314622,148.42595212780773,122.77335054553211,3.8021928365009052,0.03706276663956931,0.03639245455125094,0.01435434406682022
2023-02-03,151.79066467285156,154.62016535520215,145.23763259886508,145.4341223704264,154357300,137.04780311584472,136.45478469848632,139.28815055011785,74.27874169013145,3.7527770763714727,2.003507265459464,150.31167471488897,123.78393151680046,4.2007885450606315,0.024399815834125427,0.02410689556395635,0.01396911126337808
2023-02-06,149.06924438476562,150.41523013113607,148.13590667152536,149.89452545981646,69858300,138.1339183807373,136.4852424621582,140.21968329627478,67.71028738769365,4.036237926241881,2.4100533976159477,151.59844071820854,124.66939604326608,4.161786363365315,-0.017928772457458497,-0.018091440119027802,0.013955352082858774
2023-02-07,151.93801879882812,152.50784959474223,147.99834440627268,147.99834440627268,83322600,139.33743743896486,136.55558639526367,141.3357152488989,70.6560804328652,4.44117372568104,2.816277463228966,153.2129865408819,125.46188833704781,4.186623422301332,0.019244576075383213,0.019061741217055502,0.014142154245224373
2023-02-08,149.25588989257812,151.8692470443083,148.51904208604415,151.18152542311802,64120100,140.37835769653321,136.63044998168945,142.09001759591598,64.711923171141,4.49386045094613,3.151794060772399,153.94707720139093,126.8096381916755,4.131791514478663,-0.01765278320366437,-0.017810451863795963,0.015311656003593578
2023-02-09,148.2242889404297,151.62361983119905,147.78218328763404,151.08326181502397,56007100,141.23211746215821,136.76111770629882,142.67423391444112,62.532879435768876,4.401634185943152,3.40176208580655,154.51633329972614,127.9479016245903,4.111051873699116,-0.006911626421516104,-0.00693562234255841,0.015297122798520675
2023-02-10,148.58834838867188,148.91305820143486,146.82706002572684,147.0632167115801,57450700,142.1080108642578,136.95899642944335,143.23748291198692,63.0063081235383,4.308257846715776,3.583061237988395,154.8975646612918,129.31845706722382,3.9664051809854675,0.0024561389421708935,0.002453127562822065,0.015240278866361479
2023-02-13,151.38284301757812,151.78625678187208,148.49982115470684,148.52933886882354,62199000,143.05731124877929,137.0779707336426,144.0132314934718,66.50495765421914,4.408925439123124,3.748234078215341,155.63948584933846,130.47513664822011,3.917835927141166,0.0188069566639002,0.018632292391862613,0.01547383382781325
2023-02-14,150.74325561523438,151.30412220458746,148.44078385852455,149.68057287811524,61707600,143.91666717529296,137.17865158081054,144.65418617173492,64.98999961240568,4.386530678125695,3.875893398197412,156.1280320993227,131.70530225126322,3.848137586563481,-0.004224966248450479,-0.004233916637307332,0.015660183059542566
2023-02-15,152.8390655517578,153.00633755961738,150.428357769875,150.65466519061528,65573800,144.9166732788086,137.33107376098633,145.43369849364186,67.59493057109219,4.4861830890540375,3.997951336368737,156.59982484804576,133.23352170957142,3.7574120296476883,0.01390317548848019,0.013807412925807706,0.015503797893797662
2023-02-16,151.24505615234375,153.8230360580732,150.89082864502956,151.0482514150965,68167900,145.8340316772461,137.47480178833007,145.98716112780394,63.71208948676364,4.385976301206455,4.075556329336281,156.4288083049457,135.23925504954647,3.698468842747399,-0.01042933227614029,-0.010484098880881039,0.015935973526028713
2023-02-17,150.10366821289062,150.5464488832577,148.4309328947845,149.90687847207133,59144100,146.56660079956055,137.66879684448242,146.37920942162174,61.00961943112054,4.16643318391985,4.093731700252994,156.16829290635295,136.96490869276815,3.6353013009482464,-0.00754661321493677,-0.007575232979558816,0.015944880047217433
2023-02-21,146.0989227294922,148.87370750867322,146.03005307934987,147.79134145705774,58867200,146.9397750854492,137.8214060974121,146.35251545094275,52.58204094873176,3.627478871883824,4.00048113457916,155.83351040153406,138.04603976936437,3.666609431847711,-0.026679864197046488,-0.02704223158639944,0.016847557344488975
2023-02-22,146.52206420898438,147.54538003263738,144.80012742797703,146.48269724609548,51011300,147.26435012817382,137.948878326416,146.36866295170861,53.315827117936365,3.19763730529786,3.8399123687229,155.58087507347156,138.94782518287607,3.600798229905757,0.002896266937406855,0.0028920808370820096,0.016760026339375213
2023-02-23,147.0041961669922,147.92912460701393,144.87884561858363,147.68313363952294,48394200,147.64594268798828,138.09562149047852,146.42918992459278,54.185772594553,2.8628872049898746,3.644507335976295,155.13853386691503,140.15335150906154,3.561475426943225,0.0032905075464959577,0.003285105673232009,0.016676855734536165
2023-02-24,144.3573455810547,144.8296440334222,143.38321594733068,144.75092512234477,55469600,147.79203567504882,138.14364517211914,146.2318714156844,48.8084557953989,2.3568483365827433,3.386975536097585,154.89855164737102,140.68551970272662,3.565725769280245,-0.018005272332027533,-0.018169339615635615,0.017043682643759744
2023-02-27,145.5479278564453,146.7778826433076,145.08546365545737,145.3413038601465,44998500,147.90088653564453,138.19622329711913,146.1667339338521,51.15647694775447,2.0284956914335623,3.1152795671647806,154.79676283229242,141.00501023899665,3.48392657592115,0.008247465832780465,0.008213641336771401,0.016875956053048962
2023-02-28,145.04611206054688,146.68932985809187,144.47541123636594,144.69188448050687,50547000,148.1285758972168,138.28317276000976,146.06000804115635,50.1131390556234,1.708091695801329,2.833841992892091,154.29285446538518,141.9642973290484,3.3932117220500624,-0.0034477701145521067,-0.003453727370708061,0.016184043247962045
2023-03-01,142.97976684570312,144.8689754008769,142.68457472462396,144.47539591550134,55479000,148.18957977294923,138.46064193725587,145.76665173682747,45.95674383017907,1.272760836548656,2.521625761623404,154.1202583248372,142.25890122106125,3.3195206944695523,-0.014246126183521501,-0.01434857641576055,0.016465424539510075
2023-03-02,143.57017517089844,144.35734928778834,141.59239813777418,142.0647116163666,52238100,148.22410354614257,138.68902145385744,145.55746349245328,47.30166370529146,0.9642833535423279,2.210157280007189,154.03762184703103,142.4105852452541,3.27990858415131,0.004129313805864898,0.0041208115871276705,0.016398349467908937
2023-03-03,148.60806274414062,148.68678165578146,144.96739941181147,145.66600535471582,70732300,148.24574584960936,139.06020889282226,145.84799675451873,57.109931698282004,1.1134925011487837,1.9908243242355081,154.0615973285826,142.42989437063613,3.4111012913464323,0.03509007053341917,0.03448844760087569,0.016170365858492644
2023-03-06,151.36317443847656,153.7935665673354,150.9991125857975,151.32380747304748,87558000,148.22437133789063,139.4878742980957,146.37325177203851,61.34689961798986,1.4374858716006145,1.8801566337085296,153.99088529825977,142.4578573775215,3.5378443293356,0.018539449633223626,0.018369689006020092,0.015757932523841396
2023-03-07,149.16891479492188,151.55993956940895,148.7064506179963,151.23522972088062,56182000,148.22935485839844,139.80975845336914,146.63950539326552,56.55504860340037,1.4999045706556728,1.8041062210979582,153.9989522697091,142.45975744708778,3.488961802341104,-0.014496654497997308,-0.014602757669601453,0.015570249103857655
2023-03-08,150.41856384277344,151.00894821688513,149.39524794362458,150.35952840818192,47204800,148.15338211059571,140.21990585327148,146.99941572179011,58.54119910784774,1.631402283753573,1.7695654336290814,153.7634495260385,142.54331469515293,3.3711812037426863,0.008377409258286672,0.008342513520479024,0.015049677115837554
2023-03-09,148.17510986328125,152.06176399701366,147.82088228318355,151.09748364556307,53833600,148.09934310913087,140.59245468139648,147.1113865924083,53.78713496688926,1.5368710887140367,1.7230265646460725,153.68666494416746,142.51202127409428,3.4333026687489303,-0.014914741386822361,-0.015027084588193313,0.014896097995767025
2023-03-10,146.11865234375,148.51952687879202,145.2429249942403,147.80123737088158,68572400,147.9940612792969,140.9598323059082,147.01684047348846,49.795245038262294,1.2812460928804228,1.6346704702929427,153.64696611866623,142.34115643992754,3.422109755591987,-0.013878562475362455,-0.013975770173598922,0.015139350459121645
2023-03-13,148.0570526123047,150.68423448355665,145.33146834316847,145.43970497520198,84457100,147.9674964904785,141.44437881469727,147.11590829623287,53.312540038185865,1.2209992247714752,1.5519362211886492,153.61397048040166,142.32102250055536,3.5600137830774297,0.01326593311300539,0.01317871116258437,0.015444338390479337
2023-03-14,150.14303588867188,150.94004418166887,147.6929755826584,148.85404568502526,73695900,147.9055061340332,141.9004968261719,147.40420616217946,56.81855047108231,1.3262859658234447,1.5068061701156084,153.42646377345537,142.38454849461104,3.537660555644076,0.01408905040024977,0.01399072222050543,0.015174574687968633
2023-03-15,150.53663635253906,150.79246155107444,147.51586009545082,148.76549840164833,77167900,147.89517517089843,142.35819915771484,147.70253284697563,57.467577140648956,1.425059535379802,1.4904568431684473,153.3955888974132,142.39476144438365,3.5190134770711863,0.002621503298754657,0.0026180731524341173,0.015158636560782682
2023-03-16,153.35073852539062,153.95095694332394,149.2082450157043,149.7199103098672,76161100,147.92075881958007,142.9676789855957,148.24045719730086,61.879180855777676,1.7106930234889717,1.5345040792325522,153.5168428927421,142.32467474641805,3.6064205092532187,0.018693802658518832,0.018521221016816525,0.01542473697344895
2023-03-17,152.51437377929688,154.22647602550626,151.80591871287191,153.5770563789343,98944600,147.98422470092774,143.53508392333984,148.64749687177667,59.890899913258544,1.8482663119375218,1.5972565257735463,153.75571622477315,142.21273317708233,3.5217159952090134,-0.0054539336043384345,-0.0054688605988492045,0.015282394828294271
2023-03-20,154.87588500976562,155.28916298853815,151.6780028890537,152.5832627325511,73641400,148.22283554077148,144.17604904174806,149.2406766944423,63.46091343012553,2.1233714501960037,1.702479510658038,154.67906989840264,141.76660118314032,3.528104859800117,0.015483860123807647,0.01536520838546777,0.01550791411822791
2023-03-21,156.7257537841797,156.84382463636302,154.02968755125636,154.7971931327365,73938300,148.75417709350586,144.76362533569335,149.9535411791792,66.01289047317732,2.4622795781273226,1.854439524151895,156.11022149949207,141.39813268751965,3.4771071616077274,0.01194420147653985,0.011873432464290633,0.014134480087516678
2023-03-22,155.29901123046875,159.53989288471735,155.27932775015748,156.7454392443716,75701800,149.1930244445801,145.3122528076172,150.46263356501632,62.39340261776877,2.5859315022432554,2.000737919770167,156.99760941130847,141.3884394778517,3.533068445390023,-0.009103433987471155,-0.009145123447025495,0.01441826381137948
2023-03-23,156.38136291503906,158.9593583364734,155.15140813839363,156.28297554136526,67622100,149.66188278198243,145.87113037109376,151.0263220745423,64.00575125242528,2.739681930422421,2.148526721900618,157.99305809451172,141.33070746945313,3.5527028562964333,0.00696946925801134,0.0069452947644080085,0.014445455809828926
2023-03-24,157.68019104003906,157.76874417421377,155.3186840441415,156.31248202721346,59196500,150.32802505493163,146.40175231933594,151.66002388078007,65.89537839805534,2.9325304418970006,2.3053274658998943,158.98045422007914,141.67559588978412,3.4739426615661366,0.00830551736338081,0.0082712163482887,0.013585581343907244
2023-03-27,155.7417755126953,158.19185056660328,155.33834678641222,157.37515888196728,52390300,150.83771743774415,146.89517822265626,152.04876213143868,60.767973234814676,2.8955719921029583,2.4233763711405074,159.50473873204692,142.17069614344138,3.429625598610774,-0.01229333573582203,-0.012369523835398423,0.01405648774716036
2023-03-28,155.12188720703125,155.94842821050446,153.47866946121147,155.43676283008696,45992200,151.34150619506835,147.3496792602539,152.34144071006654,59.182043706510065,2.7841681909053193,2.49553473509347,159.77147234098203,142.91154004915467,3.361063680802361,-0.003980231403060697,-0.003988173605612661,0.014070804003310957
2023-03-29,158.1918487548828,158.46735739062942,156.79462209814082,156.81429056205513,51305700,152.10211029052735,147.84239349365234,152.89862242862046,64.16936970785551,2.910054815540292,2.5784387511828344,160.11160194163418,144.09261863942052,3.35994985957349,0.019790640786585323,0.01959735209786906,0.013873898877227241
2023-03-30,159.75637817382812,159.8646148025582,158.68386113447403,158.9396863414281,49501700,152.91142044067382,148.3807421875,153.55174202340214,66.42111009262389,3.1003266851782314,2.682816337981914,160.57241285819927,145.25042802314837,3.2394367301521974,0.009890076076988885,0.009841489362810226,0.013911147037183085
2023-03-31,162.255615234375,162.3540176143248,159.31357325147573,159.8350728342002,68749800,153.59379806518555,148.96789672851563,154.38068232920907,69.69719467983508,3.413438067243902,2.828940683834312,161.99542086719876,145.19217526317235,3.2252229896305447,0.01564405183139228,0.015522945086316487,0.01231866631514089
2023-04-03,163.50527954101562,163.62335040456196,161.58655293789977,161.63575413574327,56976200,154.2009033203125,149.5289566040039,155.24969158747635,71.20972861495686,3.7195419942667343,3.007060945920797,163.5692177471683,144.83258889345672,3.140335452275662,0.007701824709336114,0.007672317069014833,0.011898619513184706
2023-04-04,162.9739227294922,164.16451047380076,162.46225736922722,163.92836877990578,46278300,154.89115371704102,150.01572631835938,155.98533264862073,69.618528859544,3.874591627405067,3.1805670822176513,164.69872859396824,145.0835788401138,3.0376152845826536,-0.003249783817470875,-0.003255075833282952,0.011228688326723548
2023-04-05,161.1339111328125,162.40323287933546,159.20535043705326,162.0982064947886,51511700,155.42692108154296,150.4377932739258,156.47567345663902,64.26342119890283,3.8051328179930692,3.305480229372735,165.368446632726,145.4853955303599,3.0898264994295306,-0.01129022094984966,-0.011354439311588202,0.011721216098512099
2023-04-06,162.01953125,162.31472348088997,159.4021831577297,159.8252805111949,45390100,156.1191421508789,150.89073699951172,157.00365991314956,65.63363567314323,3.7779979445485594,3.3999837724078996,165.87065479390415,146.36762950785365,3.0771632011245837,0.0054961746472941275,0.0054811257949828815,0.010891623791954677
2023-04-10,159.43167114257812,159.43167114257812,157.51294452082058,158.8314525568901,47716900,156.7847930908203,151.25066070556642,157.23489907785705,58.567089141227584,3.5072453377586896,3.4214360854780574,165.4745712536604,148.0950149279802,3.179264881699929,-0.015972519408346764,-0.016101454889305148,0.011086242216585563
2023-04-11,158.2213897705078,159.75637097122245,157.93603184667685,159.7465367378167,47644200,157.29300994873046,151.54767028808592,157.32885057239523,55.554563598564144,3.1586019570287363,3.3688692597881937,165.01681589221903,149.5692040052419,3.0821987561889053,-0.007591223019847604,-0.007620183007558465,0.011191577751521855
2023-04-12,157.53265380859375,159.46121498029657,157.21777809903398,158.6346887638525,50133100,157.66249084472656,151.8884768676758,157.34826040441413,53.856832135214816,2.7945109471642127,3.253997597263398,164.65521375834584,150.6697679311073,3.0222871936941686,-0.0043529889537251565,-0.0043624907944383885,0.011021660157781185
2023-04-13,162.90505981445312,163.14121655398105,158.83144989570576,159.0380889195549,68445600,158.28091201782226,152.31138427734376,157.87747939584642,63.28268958269962,2.90597617982138,3.1843933137749945,164.8161809632464,151.7456430723981,3.2070211616722495,0.034103443800210353,0.03353481344230556,0.0130980521013609
2023-04-14,162.5606689453125,163.65286938363687,161.19295983913122,161.9506011686896,49386500,158.74140853881835,152.70500366210936,158.3234974481765,62.40268642031683,2.9327171767601214,3.13405808637202,165.1181987771915,152.3646183004452,3.1536560461603496,-0.002114058762403559,-0.0021162965390461343,0.012692675311004889
2023-04-17,162.58030700683594,162.73774479162446,161.3995536491091,162.44255269866937,41516200,159.2447052001953,152.99310546875,158.72890788233454,62.434765144211525,2.9218133909303674,3.0916091472836897,165.14745536745545,153.34195503293518,3.0239799816142794,0.00012080450733154002,0.00012079721105465372,0.012557831300355819
2023-04-18,163.8004913330078,164.72541991249665,162.9936336312071,163.43642945073645,49923000,159.69093551635743,153.23330200195312,159.2119158300177,64.46359341585799,2.977310161488532,3.0687493501246585,165.5543554265433,153.82751560617154,2.96120376190331,0.007505117616247059,0.007477094345648475,0.012273076728591877
2023-04-19,164.94187927246094,165.4633789570219,162.885383237049,163.14122346923992,47720200,160.10174179077148,153.55075469970703,159.7576266340599,66.29724614402053,3.0779119665091343,3.070581873401554,166.22225381083615,153.98122977070682,2.933831758908279,0.006968159436913313,0.006943994008039623,0.012129166741504497
2023-04-20,163.97756958007812,165.17800667808302,162.90505258707114,163.42655222639002,52456400,160.53566970825196,153.79154571533203,160.1595259622521,63.32433353770739,3.0447301349647375,3.065411525714191,166.4600817196653,154.6112576968386,2.8866262112013934,-0.0058463605279402975,-0.005863517396491906,0.011984373431033523
2023-04-21,162.3737030029297,163.78076396537094,161.85220341407148,162.40322071444277,58337300,160.83528671264648,154.05390197753906,160.37039996612617,58.61628097799305,2.856091421646454,3.0235475049006437,166.48892240799606,155.1816510172969,2.8322504936874826,-0.009781012008262424,-0.009829160322958346,0.012259089016150736
2023-04-24,162.6787109375,162.9443853251193,161.26180088898863,162.35400113354166,41949600,161.08521270751953,154.34299041748048,160.590239106257,59.23695684143088,2.7000806248340155,2.9588541288873182,166.5990554145589,155.57137000048016,2.750131489576282,0.0018784318453635152,0.001876669798509561,0.012167692146943587
2023-04-25,161.14376831054688,163.6430299514636,161.10440134757968,162.54099521393778,48714100,161.3553123474121,154.59409881591796,160.6429561733322,54.783940390908725,2.4246342283171316,2.8520101487732807,166.29503578874093,156.4155889060833,2.7350241405982563,-0.009435424082889665,-0.009480219696454626,0.012011332690309684
2023-04-26,161.1339111328125,162.6295403559192,160.1893142654478,160.44513945575562,45498800,161.65591354370116,154.78912017822265,160.68971378852083,54.7554738809269,2.180411160134838,2.7176903510455923,165.6905274364287,157.6212996509736,2.7139671370177676,-6.117008332195972e-05,-6.117195428780501e-05,0.011944293823304811
2023-04-27,165.70933532714844,165.85692388096987,162.54097091629146,162.54097091629146,64902300,162.03178787231445,155.08844177246092,161.16777298267584,64.08432995551301,2.329211413840653,2.6399945636046045,166.10598471076324,157.95759103386567,2.857470394956311,0.02839516624507854,0.027999496131221765,0.012747891081317022
2023-04-28,166.95895385742188,167.12624089927414,165.18783120394306,165.7880496631181,55275900,162.39191665649415,155.37083953857422,161.71931401836594,66.13788881849287,2.51893375845998,2.6157824025756797,166.85288112434338,157.9309521886449,2.791823202125937,0.007541026749074753,0.0075127353486417895,0.012685924280771
2023-05-01,166.8704376220703,167.71664719399982,165.93567490070697,166.5654112090663,52472900,162.6226577758789,155.68334716796875,162.20989721871874,65.85066957121464,2.6318096990487163,2.6189878618702873,167.4904039195269,157.75491163223091,2.719619565780716,-0.0005301676448401516,-0.0005303082333985018,0.01229898552415407
2023-05-02,165.83729553222656,167.61828308693612,164.85333147539478,167.36244282313584,48425700,162.73925857543946,155.99801971435548,162.55536372476712,62.442171793286334,2.6078372385076136,2.6167577371977524,167.79411213197457,157.68440501890436,2.7228575690493315,-0.0061912829172511286,-0.00621052838654887,0.012321062295655164
2023-05-03,164.76473999023438,168.17909567440717,164.47939708632646,166.78186884038578,65136000,162.82879943847655,156.37133605957033,162.76578051195446,59.02636514260126,2.4737764670585705,2.588161483169916,167.9599762774384,157.69762259951472,2.7926319275515725,-0.006467517083838081,-0.006488522088250483,0.012397219687747516
2023-05-04,163.13137817382812,164.36133312270948,161.6751157183002,162.24581661627295,81235400,162.92867279052734,156.70352233886717,162.8005993368948,54.16681702248085,2.2102552451893303,2.512580235573799,168.00142929083177,157.85591629022292,2.8138456664360447,-0.009913297083484318,-0.00996276098474101,0.012331252081191927
2023-05-05,170.78660583496094,171.504895212846,168.02165491497223,168.23812815446027,113453200,163.36702651977538,157.17917053222655,163.56117138432967,67.62135770591382,2.58927808711789,2.5279198058826173,169.46197173869368,157.27208130085708,3.2109650501918905,0.04692676385640304,0.04585898088066547,0.016088982605605248
2023-05-08,170.71771240234375,171.06210572406735,169.35000337616833,169.7140651629481,55962800,163.93132858276368,157.70637786865234,164.24274671937863,67.42951588161066,2.851230090162346,2.5925818627385633,170.53312547060517,157.3295316949222,3.103903428599543,-0.00040338896765568233,-0.00040347035087209246,0.015500865699868579
2023-05-09,169.01544189453125,170.75704676065035,168.8481698742082,170.27491417680565,45326900,164.47103118896484,158.17572814941406,164.69728911701222,62.696498184499,2.8881768316376224,2.6517008565183753,170.87942942262578,158.0626329553039,3.0185443898740156,-0.009971258891992574,-0.0100213048526753,0.015599620469628598
2023-05-10,170.7767333984375,171.23919752781075,169.14335009103814,170.24539961899495,53724500,165.13323516845702,158.69034057617188,165.2762838104813,65.40245417223974,3.024711899126288,2.726303065039958,171.26819005140337,158.99828028551067,2.9617737644029782,0.010420891039088165,0.01036696784899732,0.015561994226966459
2023-05-11,170.96371459960938,171.79024060925457,169.40904995436452,171.06211698775132,49514700,165.53616790771486,159.25001953125,165.81794388563634,65.68701883374052,3.112130046122587,2.803468461256484,172.0778952976405,158.9944405177892,2.920303542294912,0.0010948868587130622,0.0010942879072458984,0.013878158695037458
2023-05-12,170.0375213623047,171.50564580777203,168.49055408757272,171.07210045600348,45533100,165.91001052856444,159.77936645507813,166.2198084072238,62.926092730679464,3.071269817048403,2.857028732414868,172.58210778452724,159.23791327260165,2.9270741264309406,-0.005417484285912932,-0.005432212069681802,0.013955491097545918
2023-05-15,169.5448455810547,170.66811525184778,168.95364468701064,170.6188460048669,37266700,166.25823745727538,160.1981021118164,166.53647861425532,61.446584884200924,2.964954819502509,2.8786139498323964,172.92583476670762,159.59064014784315,2.840459586317098,-0.0028974533226713284,-0.002901659066478708,0.013997028676734432
2023-05-16,169.5448455810547,170.5991352991019,169.27880367524853,169.46601779285794,42110300,166.54545516967772,160.56173553466797,166.82298975395048,61.446584884200924,2.847870934593317,2.8724653467845807,173.25955475287316,159.8313555864823,2.7318790175696894,0.0,0.0,0.01394757041004198
2023-05-17,170.15574645996094,170.39221479568312,167.91905489711874,169.19013234108013,57951600,166.80614852905273,160.98147216796875,167.14039515452288,62.707502968262965,2.7724170101516563,2.8524556794579956,173.6544942133102,159.95780284479528,2.7133990804978816,0.003603181664488808,0.003596705756688043,0.013902364952225167
2023-05-18,172.48109436035156,172.6683084617715,170.04734111161662,170.4611756877155,65496700,167.2313247680664,161.42272277832032,167.6490331741256,67.11617881616051,2.867204029949022,2.855405349556201,174.3739832043714,160.0886663317614,2.7067968140448095,0.013665996880909415,0.013573459271466602,0.014032855547875795
2023-05-19,172.58949279785156,173.80143807257875,172.3727201425523,173.80143807257875,55809500,167.7421142578125,161.91101043701173,168.11955313829,67.31018649286617,2.9174398435515627,2.8678122483552735,174.88330750620133,160.60092100942364,2.6155054651863545,0.0006284656176491765,0.000628268215835398,0.013738542963872988
2023-05-22,171.64353942871094,172.146064588577,170.90454599112905,171.42676681756478,43570900,168.19035568237305,162.42150817871095,168.45517088023487,63.774181111142184,2.848090541644268,2.8638679070130726,175.12646212244871,161.2542492422974,2.549036989581794,-0.005480944139795274,-0.005496019624620936,0.013872110675106077
2023-05-23,169.0423126220703,170.83561089353927,168.76642289336164,170.58927970470205,50747300,168.5852828979492,162.84121337890625,168.51108914136208,55.18851478395667,2.5537948984049024,2.8018533052914387,174.7253146513941,162.44525114450434,2.572471242850902,-0.015154819198545999,-0.015270827014939682,0.014192336741206
2023-05-24,169.31822204589844,169.8897122746601,168.0176010356781,168.57922839342694,45143500,168.9944984436035,163.2247171020508,168.5879589417941,55.86719262045338,2.3161281815466452,2.7047082805424805,174.09675404329218,163.89224284391483,2.5224455282888374,0.0016321914883226096,0.0016308609114360879,0.014181366786781852
2023-05-25,170.45132446289062,171.34795850917342,169.17039935195018,169.87983433539839,56058300,169.23159790039062,163.62301086425782,168.7654223247557,58.63774192651501,2.1939173775967333,2.602550099953331,174.13814013139915,164.3250556693821,2.497810787498438,0.006692146913077179,0.006669853901394691,0.012871407821627089
2023-05-26,172.85556030273438,173.19058223460047,170.56961408423973,170.77653895289623,54835000,169.52642822265625,164.0131072998047,169.15495927503937,63.82675100904475,2.2649571579927112,2.5350315115612068,174.55833596211974,164.49452048319276,2.5150570006563955,0.0141051167975359,0.014006565276901419,0.013115230222700494
2023-05-30,174.69810485839844,176.36330631715728,173.9788219031772,174.36309800636275,55964400,169.91781158447264,164.45678192138672,169.68287790202595,67.22070120461734,2.4417872392905338,2.5163826571070724,175.26998519766022,164.56563797128507,2.5859633587825748,0.010659446259276173,0.010603034883932442,0.013247826098209027
2023-05-31,174.6488494873047,176.7180379211288,174.16603484344822,174.72767728843633,99625300,170.35838928222657,164.8522412109375,170.15582757681443,67.03962149846856,2.548573487179709,2.5228208231215996,175.74501617034008,164.97176239411306,2.5835376244181467,-0.0002819456520931629,-0.00028198540624104504,0.0131118798605115
2023-06-01,177.4471435546875,177.47670209655325,174.33351350934285,175.09221783191245,68901800,170.9925094604492,165.26666900634766,170.85023862232615,71.70328496169736,2.8264200914746596,2.5835406767922118,176.57817151402315,165.40684740687527,2.623512693189022,0.01602240195453586,0.015895398081061076,0.01325045562624345
2023-06-02,178.29452514648438,179.11234656032465,176.62932377666553,178.37335293714096,61996900,171.75066680908202,165.72657928466796,171.5592182912936,72.95138776374732,3.079493653826546,2.682731272199079,176.96649080058265,166.5348428175814,2.6134776996511717,0.004775402831636466,0.004764036766198372,0.01285163805338265
2023-06-05,176.9446258544922,182.23581511366768,175.42721727327233,179.9498694414483,121946500,172.0585678100586,166.13784454345702,172.07211424969347,67.81951319847002,3.1349924425892084,2.7731835062771046,177.7185295771926,166.3986060429246,2.913129138275756,-0.007571176349263298,-0.007599983198185027,0.008393875665594434
2023-06-06,176.58004760742188,177.4766816655694,174.82615579439974,177.3288889732544,64848400,172.3516845703125,166.51584167480468,172.5014412361438,66.45971329982454,3.1136648249863583,2.8412797700189554,178.30321166271193,166.40015747791307,2.894371762053892,-0.0020604087030601237,-0.002062534265258378,0.008424952071326448
2023-06-07,175.21047973632812,178.55073052308683,174.71781728969785,175.82137635899298,61944600,172.66143646240235,166.90521575927735,172.75944490282802,61.47334161250038,2.9522185157802596,2.8634675191712167,178.53045075058202,166.79242217422268,2.961410438577827,-0.007756073744744962,-0.007786308521617163,0.008276368702492078
2023-06-08,177.9200897216797,178.1861165677113,174.85572927872582,175.2892595209165,50214900,173.01860427856445,167.3611798095703,173.2509348855758,66.78329429889696,3.0082369502390804,2.8924214053847894,179.24398129619533,166.79322726093358,2.98776592789266,0.0154648853734618,0.015346522783097484,0.008621459251321567
2023-06-09,178.30438232421875,179.55573399442156,177.9792233362159,178.83645110058313,48900000,173.38563766479493,167.76343048095703,173.732215594018,67.46811744256823,3.0484999546445124,2.923637115236734,179.94001334644943,166.83126198314042,2.8911858096676037,0.0021599168657131518,0.002157587598692166,0.008618302648471273
2023-06-12,181.0928497314453,181.19138823156914,178.31424143935143,178.60984190485868,54274900,173.93840408325195,168.19015991210938,174.4332283690111,71.98197294235034,3.267746147793389,2.992458921748065,181.10610139381356,166.77070677269035,2.8908872452163736,0.015638804671419537,0.015517778735450129,0.00892714649823031
2023-06-13,180.619873046875,181.44754220802452,179.76264534674598,180.1173628493618,54929100,174.49215545654297,168.55744506835939,175.02243262404576,70.20266587395952,3.3645506245933916,3.0668772623171305,181.922973489712,167.06133742337394,2.804745074935099,-0.0026117910523343335,-0.0026152077289784753,0.008917113261228295
2023-06-14,181.25048828125,181.68403358526143,179.34881869349235,180.67899811094975,57462900,175.07743759155272,168.91234924316407,175.61558078187474,71.22399806597025,3.4523576194199563,3.143973333737696,182.6988989635538,167.45597621955164,2.771207204708955,0.0034913945167669436,0.0034853137483949977,0.00888515326239807
2023-06-15,183.28028869628906,183.7828140435399,181.08301826564116,181.26038457492544,65433200,175.73366470336913,169.3184765625,176.34555296419992,74.27987743235867,3.6437305673422316,3.2439247804586033,183.79448859960388,167.67284080713438,2.7661063885082258,0.011198868672228857,0.011136625612588037,0.009055839461008552
2023-06-16,182.2062530517578,184.245882524342,181.56579797087073,183.98968846409701,101256200,176.21992263793945,169.7399234008789,176.90371487730067,70.04139322364463,3.6664645854687024,3.3284327414606234,184.60408222543907,167.83576305043982,2.7599619717198713,-0.0058600717631508425,-0.005877309359040536,0.008984035225807912
2023-06-20,182.294921875,183.3689372512462,181.70373606119196,181.70373606119196,49799100,176.70519409179687,170.1454312133789,177.41716316279584,70.19261010353263,3.649566362373747,3.3926594656432485,185.31317279961456,168.09721538397918,2.6817647730294687,0.00048663984773900104,0.00048652147696936257,0.008985882456200373
2023-06-21,181.26034545898438,182.68906332243637,179.91044034391143,182.18653808363035,49515700,177.18603439331054,170.58200469970703,177.7831805243376,66.00621872758595,3.5122062015502706,3.4165688128246527,185.68299144050883,168.68907734611224,2.688683216279145,-0.005675289280548612,-0.005691454926918361,0.008995383158059821
2023-06-22,184.25575256347656,184.30502181445038,180.9746189088309,181.04359886716716,51245300,177.94670639038085,171.1026919555664,178.39961595663655,71.33655684305855,3.6035125545221263,3.4539575611641475,186.10856485871173,169.78484792204998,2.7345203369463116,0.016525440779158185,0.01639038159319971,0.008445780763432963
2023-06-23,183.94044494628906,184.80753566864925,182.29495416898448,182.82703803401998,53117000,178.67781753540038,171.63084777832032,178.92731395565107,70.09066947918942,3.6088304564250393,3.4849321402163262,186.21258173810088,171.14305333269988,2.7186675628547734,-0.001711249786238711,-0.001712715646695119,0.00853506199021431
2023-06-26,182.55113220214844,185.29033397781694,182.51171079012911,184.0882365039062,48088700,179.28280792236328,172.02376922607422,179.27243950293655,64.72653979909173,3.4610422637232148,3.480154164917704,185.97415261264376,172.5914632320828,2.7229501074857057,-0.007553057428703713,-0.007581726216193076,0.008901323238369296
2023-06-27,185.30018615722656,185.6253451571229,182.94526040179295,183.1620330683905,50730800,179.9050392150879,172.4785595703125,179.84651061286894,69.67243128248012,3.525109467980485,3.4891452255302604,186.40159772009937,173.40848071007642,2.748040310877759,0.015059090140476128,0.014946827686382044,0.00896363660408509
2023-06-28,186.4727020263672,187.11315707618536,184.84692226306757,185.1720661878379,51216800,180.49376907348633,172.9564074707031,180.47757646177354,71.5074797263101,3.628666412808883,3.517049462985985,187.1287722314294,173.85876591554327,2.7136256324663326,0.006327656185654007,0.006307720621984933,0.008833436460544979
2023-06-29,186.80770874023438,187.28067542760266,186.16725369069167,186.30519854912527,46347300,181.10171203613282,173.41655181884767,181.0804462025793,72.02825336109835,3.6951726298027268,3.552674096349334,187.7112080949764,174.49221597728925,2.5993253542123798,0.001796545608159894,0.001794933750327456,0.008801202058633835
2023-06-30,191.12344360351562,191.62595381515632,188.45320690668942,188.81778728912292,85213200,181.78552703857423,173.94018310546875,182.03692214552564,77.6863947678525,4.049443556657366,3.6520279884109406,189.48168665790598,174.08936741924248,2.7578196199773486,0.02310255231106395,0.02283972858351214,0.009453532811321016
2023-07-03,189.6356201171875,191.0347795474039,188.9458807202263,190.93624105216273,31458200,182.3525817871094,174.45334411621093,182.7606076666363,72.25974290993315,4.162171969880205,3.754056784704794,190.58860279007862,174.11656078414015,2.7163727102139172,-0.007784620548249466,-0.007815078880802032,0.009793690635920596
2023-07-05,188.5221710205078,190.14795071297073,187.82258388907837,188.75865435398987,46920300,182.93145904541015,174.9763134765625,183.30932798605264,68.40850176472455,4.114237642386513,3.826092956241138,191.19313050030263,174.66978759051767,2.6884437183338052,-0.005871518736783821,-0.005888823874463514,0.009702868009097625
2023-07-06,188.99517822265625,189.2021030796526,186.42347947497262,187.05408684814694,45094300,183.55221557617188,175.5026428222656,183.85083753239584,69.16046091583672,4.067529126802043,3.8743801903533193,191.67622401707283,175.42820713527092,2.6948851387871033,0.002509026920218149,0.0025058845672429114,0.009625516628385612
2023-07-07,187.88174438476562,189.84254634486774,187.4482140588147,188.601042385603,46815000,184.18577880859374,176.03740234375,184.23473342309774,65.22479612257789,3.895759594739758,3.878656071230607,191.54960636268973,176.82195125449775,2.6734170778775277,-0.005891334627483924,-0.005908757000382915,0.009519738878891936
2023-07-10,185.8421173095703,187.20187038994513,184.29515010539157,186.48257243692333,59922200,184.58188018798828,176.53156646728516,184.3878176027618,58.64159622853857,3.5540809115444176,3.8137410392933693,191.38594445389717,177.77781592207938,2.738644020841565,-0.01085590876257958,-0.010915264101755747,0.009603420983065903
2023-07-11,185.3199005126953,186.52199803845542,183.86162393721375,186.3840531601648,46638100,184.93265609741212,176.92377777099608,184.47658740370784,57.05380400892175,3.2042232709820553,3.691837485631107,191.09955600693712,178.76575618788712,2.7330533122987157,-0.002810002406532619,-0.0028139578749499217,0.00966924263527858
2023-07-12,186.985107421875,188.88677723101014,185.70418206587038,186.8964167558296,60750200,185.2272689819336,177.32430084228517,184.71549407210472,60.70724746489474,3.026439935422104,3.5587579755893066,191.19192791513578,179.26261004873143,2.7926121270141526,0.008985580634205181,0.008945450520304838,0.009281089029890837
2023-07-13,187.74375915527344,188.38422922243208,186.99491780606402,187.70435278315148,41342300,185.5834632873535,177.74176727294923,185.00390027050173,62.28155788117712,2.9131808799077703,3.4296425564529995,191.2483184271252,179.9186081475818,2.693077103695791,0.0040572842610762105,0.004049075678832185,0.009239892679077894
2023-07-14,187.89157104492188,188.37437052971225,186.8471292596261,187.4383150637318,41616200,185.9155174255371,178.18285278320312,185.27891653473222,62.59600491698542,2.8030377719991577,3.3043215995622313,191.29697464038736,180.53406021068685,2.6098031155808177,0.0007873065411787561,0.0007869967779589415,0.009236340083839764
2023-07-17,191.14315795898438,191.46831693797242,188.9951421376018,189.08381775872684,50520200,186.30866088867188,178.71042114257813,185.83741571799433,68.76489948118771,2.944185714537298,3.2322944225572448,192.00239372778,180.61492804956376,2.678870456828655,0.01730565610782553,0.017157618723298223,0.009653494131614872
2023-07-18,190.88697814941406,191.47817907078496,189.5962050071137,190.5125649317522,48288200,186.7426971435547,179.26553314208985,186.3183264257486,67.81592343346657,3.0007837392435306,3.185992285894502,192.44281043513533,181.04258385197406,2.621949285888842,-0.0013402510050884997,-0.0013411499447597906,0.009508002048321307
2023-07-19,192.2368621826172,195.3209183853995,189.82280454932882,190.26621270882248,80507300,187.23979415893555,179.69453826904297,186.88199649783132,70.15326166036996,3.118613012083756,3.172516431132353,193.03492130969153,181.44466700817958,2.8273896109018297,0.007071640225487341,0.007046753435815015,0.009553168648687556
2023-07-20,190.2957763671875,193.58675746858663,189.6750169550875,192.22700448393437,59581200,187.6915657043457,180.08609954833983,187.20711839015095,63.06115308438238,3.0205451920002417,3.1421221833059305,192.9340987444724,182.44903266421898,2.9048432468016365,-0.010097365267987657,-0.010148689445600503,0.009805106671222467
2023-07-21,189.12322998046875,192.10876269219432,188.42364281090323,191.25153499324207,71951700,187.9349395751953,180.4882553100586,187.38960520827646,59.16982563386792,2.815752798498579,3.0768483063444605,192.9644723014913,182.9054068488993,2.9605772921223115,-0.006161704737241536,-0.006180766381697845,0.009398655667631949
2023-07-24,189.92135620117188,192.04966138875844,189.4286937985748,190.57167418096722,45377800,188.23398513793944,180.87114776611327,187.63072435045697,60.936798706105066,2.686882755116045,2.9988551960987775,192.98124320811144,183.48672706776745,2.9581383004199813,0.004220138482118552,0.004211258671634901,0.00939067708841262
2023-07-25,190.77859497070312,191.58656857428397,190.08887057427083,190.49285737606127,37283200,188.64535827636718,181.26744537353517,187.9305215523852,62.798965680998144,2.6236801699200782,2.9238201908630375,192.73138227176503,184.55933428096932,2.865786448469418,0.004513651264280272,0.004503495289298074,0.009153395591277463
2023-07-26,191.6456756591797,192.7689453418544,190.48299959942145,190.82785426220883,47471900,188.96263275146484,181.69960845947264,188.28434575303226,64.6353458606867,2.6134318157000678,2.8617425158304437,192.94450232478823,184.98076317814144,2.824369255181099,0.004544957932045346,0.004534660798979379,0.008667830860002517
2023-07-27,190.3844451904297,194.3060333990039,189.72427942670237,193.1433574364322,47460200,189.15821990966796,182.11640045166016,188.4843552232606,59.996071873249534,2.4750088020296914,2.7843957730702935,193.0139464394292,185.30249337990674,2.949896734975415,-0.00658105362623973,-0.006602804240145654,0.008786508178806584
2023-07-28,192.95619201660156,193.74445500503793,191.29099040018204,191.81321143511212,48291400,189.46564407348632,182.5846273803711,188.91024444167402,65.44281338448565,2.543506087400999,2.7362178359364346,193.4990702200507,185.43221792692194,2.97919052637776,0.013508177223194417,0.013417755178498282,0.009216850317278669
2023-07-31,193.56703186035156,193.60645326737566,192.39449307660055,193.18275583360523,38824100,189.58782348632812,183.0528530883789,189.3537480053576,66.6058369598999,2.6169141921090215,2.712357107170952,193.94940940699917,185.22623756565707,2.8529597881204274,0.003165691846247931,0.00316069159387478,0.007734715831804557
2023-08-01,192.73936462402344,193.8429234737508,192.4142056697584,193.36012399442592,35175100,189.7430107116699,183.45801849365233,189.6761876833258,63.48798990729435,2.578580543701861,2.685601794477134,194.31609335346542,185.1699280698744,2.7512282178255694,-0.0042758688211185225,-0.0042850364907077295,0.007571066565377532
2023-08-02,189.7538604736328,192.31569604997566,189.03457754647138,192.17775117305615,50389300,189.80459518432616,183.80130584716798,189.68358509192646,53.7196209391507,2.28100164997619,2.6046817655769456,194.34330071484536,185.26588965380697,2.8193395649488897,-0.015489851573467828,-0.015611072752396631,0.008291017943678754
2023-08-03,188.3645477294922,189.54693452970886,187.8915960163783,188.75868668614032,61235200,189.77306365966797,184.1357260131836,189.55796248598034,49.873957012867955,1.9110331052172,2.4659520335049967,194.3424823442977,185.20364497503823,2.750977057256435,-0.007321657333731468,-0.007348592219320299,0.008446744522431392
2023-08-04,179.31927490234375,184.6301752435833,179.25029494609427,182.79747042079737,115956800,189.34494018554688,184.34126525878906,188.58284938277686,33.20653876923775,0.8778333291780314,2.1483282926396035,195.77046354444133,182.91941682665242,3.2054967519808266,-0.048020038463597925,-0.049211293218601314,0.013624378919227758
2023-08-07,176.225341796875,180.44253062568194,174.74735463626894,179.45720585194456,97576100,188.8641014099121,184.4794076538086,187.40594389840524,29.56678098665455,-0.18846695196330643,1.6809692437190216,197.3690026720667,180.35920014775752,3.383330983225982,-0.0172537676563419,-0.017404348476722037,0.0139094574163311
2023-08-08,177.16140747070312,177.62451134366992,174.97398514494694,177.05302113799038,67823000,188.4561767578125,184.61360931396484,186.43027376243361,31.99544242043116,-0.9470677230141291,1.1553618503723915,198.2819628576027,178.6303906580223,3.330987784332911,0.005311754054686757,0.005297696447513074,0.014019880711876272
2023-08-09,175.57501220703125,178.27479228591488,174.41232123291388,178.21567520898486,60378500,187.88567199707032,184.66799835205077,185.39643932858579,30.101087323020494,-1.6571703114179002,0.5928554180143332,199.1992143596262,176.57212963451443,3.36895087495206,-0.008954519420005247,-0.008994852082631004,0.01384247266299138
2023-08-10,175.35826110839844,178.09746293161143,174.99369573264087,176.8460961883882,54686900,187.26639709472656,184.6812014770508,184.4404223552346,29.841117499085016,-2.211924047392472,0.031899524932972156,199.83005150076804,174.70274268868508,3.350009183810524,-0.00123452133597024,-0.001235283985170478,0.013749725462216375
2023-08-11,175.41744995117188,176.2363757071569,174.1940069392339,174.95373578240464,52036700,186.64269104003907,184.69657348632813,183.58109165008577,30.018857431291224,-2.6166314365827645,-0.4978066673701752,200.2180627201214,173.06731935995674,3.256606296961415,0.00033753096317967746,0.00033747401241886134,0.013743028722538563
2023-08-14,177.065185546875,177.29211207450308,174.9438673937282,175.59506357405235,43675600,185.93879241943358,184.68893432617188,182.9605291640657,34.95881428111123,-2.7724474183528685,-0.9527348175667139,199.9603367344024,171.91724810446476,3.191723324376663,0.009393225110510883,0.009349383102918291,0.013221485627550834
2023-08-15,175.08197021484375,177.08487915778778,174.68731413890805,176.49289504388423,43622600,185.14854202270507,184.62468322753907,182.21019021652074,32.02830492694943,-3.0211358360458576,-1.3664150212625428,199.73562300181996,170.56146104359019,3.1349977311268824,-0.011200481483166658,-0.011263679215688764,0.013311093529178987
2023-08-16,174.2137451171875,176.15744233651847,174.14467201512105,174.76626971305478,46964900,184.24738616943358,184.57006561279297,181.44862401658426,30.81062249928435,-3.250808412273159,-1.7432936994646662,199.19394778536434,169.30082455350282,3.054838630431921,-0.004958963487735724,-0.004971299948108373,0.013042799808120346
2023-08-17,171.67803955078125,175.1411945839284,171.1649745274817,174.7761369036864,66062900,183.31649932861328,184.47202545166016,180.51809216269825,27.519853661880575,-3.5959835708850676,-2.113831673748747,198.94386612485488,167.68913253237167,3.120651589432978,-0.014555140667578015,-0.01466210592589192,0.013175011744033982
2023-08-18,172.16151428222656,172.76337470680727,169.6652772069575,170.0007364455324,61172200,182.46841354370116,184.41104614257813,179.72222760265333,29.07529655823099,-3.7868722941165913,-2.448439797822316,198.57681846456092,166.3600086228414,3.1190405830341765,0.002816171088104058,0.002812213107464475,0.013287626955637743
2023-08-21,173.49349975585938,173.77963828216437,171.42153223598535,172.73378585948967,46311900,181.64702072143555,184.32251434326173,179.1290154267682,33.320860517304,-3.787018494830221,-2.716155537223897,197.8267150655581,165.46732637731301,3.0646881161159505,0.007736836418906545,0.007707060581927654,0.013432983874502692
2023-08-22,174.86492919921875,175.30892111024494,173.89801113995804,174.69719959083847,42038900,180.85133743286133,184.25372528076173,178.7229119765254,37.471137229061746,-3.6345743546674214,-2.899839300712602,196.71867132723486,164.9840035384878,2.9754547759923513,0.007904788624872205,0.0078737094586601,0.013572439817577192
2023-08-23,178.70301818847656,179.12728783194132,175.9502562936072,176.1377232252428,52722800,180.20420455932617,184.20592864990235,178.72101733004456,47.34817568497922,-3.1675460707282355,-2.953380654715729,195.2944884750722,165.11392064358014,3.0673764800445094,0.021948877953023915,0.021711468958008472,0.014679231640824549
2023-08-24,174.0262908935547,178.68330576322634,173.66121814414575,178.25903609639087,54945800,179.38629684448242,184.07405700683594,178.27390052656935,39.218877346598354,-3.1386155917870155,-2.990427642129986,193.94468412222483,164.82790956674,3.2084067346363883,-0.02617038784420178,-0.0265189268277332,0.015532384412115298
2023-08-25,176.2265167236328,176.7593040006282,173.4737548580186,175.0129348306344,51449600,178.549813079834,183.9735775756836,178.07891159295636,44.08299024229626,-2.9046649726469127,-2.9732751082333717,191.7527010540847,165.3469251055833,3.2139169066344744,0.012643065704502687,0.012563809477965777,0.015481108535698904
2023-08-28,177.78541564941406,178.1800717356574,176.16730160755293,177.68674410027091,43820700,177.7607322692871,183.8636801147461,178.0509595983333,47.30089754786881,-2.5639121234275706,-2.8914025112722115,189.02302091166626,166.49844362690794,3.1281207081680464,0.008845995226847592,0.008807098628848606,0.015678234660743123
2023-08-29,181.66299438476562,182.43258442181371,177.10465107991652,177.3019791564373,53003900,177.20691375732423,183.85281494140625,178.39496291132684,54.3396568254793,-1.9583996259378864,-2.7048019342053466,186.36037923043338,168.05344828421508,3.285250182005843,0.021810443343665442,0.021575998398312278,0.016715774974135404
2023-08-30,185.1458740234375,185.34321714142652,182.27471834075723,182.47204640358012,60813900,176.97651443481445,183.909833984375,179.03790682676595,59.56391381506754,-1.1838407507349586,-2.4006096975112694,185.0197624365335,168.93326643309538,3.313462508766918,0.019172202079280165,0.018990731208789205,0.017124960737693967
2023-08-31,185.36294555664062,186.59626480914432,184.97815055206615,185.33334709899387,60794500,176.82643432617186,183.99188598632813,179.64029146770642,59.87207726716034,-0.5461853187878489,-2.0297248217665853,184.08816464264646,169.56470400969727,3.192366205074864,0.0011724351641542174,0.0011717483987866424,0.017067443976441877
2023-09-01,186.93170166015625,187.3855546233135,185.76744069021527,186.9613001118768,45766500,177.2070556640625,184.04540496826172,180.33471148603496,62.11891478572383,0.08476954149432459,-1.6068259491144032,185.65298199149348,168.7611293366315,3.108812123760437,0.008463159121714803,0.008427547374740173,0.013009519279079102
2023-09-05,187.16851806640625,187.44478036173828,185.10641198511868,185.76746926717502,45280000,177.75421447753905,184.10996643066406,180.98555020797508,62.46062118468816,0.5970326975815397,-1.1660542197752146,187.22994846889753,168.27848048618057,3.053780427536091,0.0012668605921135612,0.0012660588013336223,0.012188009046321755
2023-09-06,180.46913146972656,186.32986658571798,179.04834537431464,185.88585963952747,81755800,177.91960067749022,184.06832641601562,180.93636747099902,48.99587540321596,0.45715068170301265,-0.8414132394795693,187.46339421674242,168.37580713823803,3.415665589290057,-0.03579334102705667,-0.03644963081900626,0.014946733541160028
2023-09-07,175.19052124023438,175.83185624974686,171.22416252451072,172.84227669356144,112488800,177.9003761291504,183.8661331176758,180.38914402045,41.41943416599263,-0.07873890097275194,-0.6888783717782058,187.4645108355755,168.3362414227253,3.832044400427613,-0.029249380137775338,-0.029685671831059038,0.01628906311958065
2023-09-08,175.80224609375,177.8347687964352,175.417451102765,175.96999075471308,65551300,177.92257537841797,183.65272399902344,179.95229659885953,42.528555513684346,-0.44889953839015106,-0.6408826051005949,187.4650416020583,168.38010915477764,3.747201768697129,0.003491769127604627,0.003485687055799334,0.016304220250611536
2023-09-11,176.96652221679688,177.8939807491613,174.9734739911946,177.66705421097663,58953100,178.00002899169922,183.4559002685547,179.66793713390118,44.67553204438915,-0.6409190417830644,-0.6408898924370888,187.48487702573738,168.51518095766107,3.6881521250735276,0.006622646461672543,0.006600813082084219,0.01636637218613894
2023-09-12,173.94735717773438,177.72624932161176,172.4871113411862,177.09479044187466,90370200,177.8441375732422,183.11237854003906,179.12311999521862,40.45503754155584,-1.024902826283551,-0.7176924792063812,187.48650123597957,168.2017739105048,3.798936829027245,-0.017060656452093204,-0.01720786618348206,0.016681539176686272
2023-09-13,171.88522338867188,174.93398459835862,171.6582818339781,174.15451849429098,84267900,177.6843002319336,182.75737060546874,178.43379650888085,37.826555185668795,-1.4785657195207307,-0.8698671272692512,187.60643725227484,167.76216321159237,3.761562967266765,-0.011854930264651675,-0.011925760297050947,0.016703735229337893
2023-09-14,173.39483642578125,173.75003299454158,171.2636570132194,171.6780505009118,60895800,177.6433547973633,182.45482391357422,177.95389554858565,40.85609016573396,-1.6967248868229206,-1.0352386791799852,187.62899680596433,167.65771278876224,3.670478182556439,0.008782680717677405,0.00874433731905375,0.016805423444106682
2023-09-15,172.674560546875,174.14468255030425,171.5004532372104,174.12494522635322,109259500,177.69318084716798,182.1284115600586,177.45110173889893,39.85814643172697,-1.9057693200713288,-1.209344807358254,187.56859991906043,167.81776177527553,3.5971746918805403,-0.004153963830488938,-0.004162615505717641,0.016492587384821327
2023-09-18,175.59507751464844,176.98626535892447,173.81909463420754,174.12495542511192,67257600,177.86485900878907,181.88267822265624,177.27433752706554,45.654542431905526,-1.8148566897732508,-1.3304471838412535,187.46520008619015,168.26451793138799,3.6482125576068927,0.01691341769467325,0.016771978432078092,0.01689669007236418
2023-09-19,176.68038940429688,177.23291401853146,174.7662755227223,175.15107052586188,51826900,178.02420349121093,181.69944366455078,177.2177710391828,47.67285215849902,-1.6363691313651998,-1.3916315733460427,187.4329134692727,168.61549351314915,3.5638144103356253,0.006180764888229273,0.006161742303437375,0.016868199164989887
2023-09-20,173.14817810058594,177.3019893003594,173.05936766417838,176.86785847407558,58436200,177.9383659362793,181.4560092163086,176.83019075931642,42.18212552771046,-1.7596522123231182,-1.4652357011414578,187.4910238396865,168.3857080328721,3.6123006407531526,-0.019992095985413516,-0.020194642029037358,0.017415781248589238
2023-09-21,171.60894775390625,173.94733103404198,171.5398897121348,172.2206842726111,63149100,177.5836624145508,181.1484860229492,176.33292952070593,40.01907172808454,-1.9589761101042313,-1.5639837829340126,187.51570062220662,167.65162420689495,3.5262392608355837,-0.008889671052648929,-0.00892941992329443,0.016687746082669087
2023-09-22,172.4574737548828,174.71692282922322,171.72735846610487,172.33907993619778,56725400,177.50522155761718,180.84276031494142,175.96383849538947,41.79111515919204,-2.0251283591698837,-1.656212698181187,187.5722645541188,167.43817856111556,3.4963632475842545,0.0049445323922934215,0.004932348338464664,0.01572778307658759
2023-09-25,173.73028564453125,174.60840835340898,171.82603288281885,171.87536866413782,46172700,177.38041000366212,180.5595346069336,175.75111917626012,44.44258657450542,-1.9523438068798953,-1.715438919920929,187.56893560928827,167.19188439803597,3.4453641206561025,0.007380439142101292,0.00735333697006285,0.015542169266620111
2023-09-26,169.66529846191406,172.86205287379087,169.36929877984454,172.48713399466078,64588900,176.97440414428712,180.12997741699218,175.17151720346527,38.422977033135524,-2.197342422281679,-1.811819620393079,187.69907077271048,166.24973751586376,3.5107657452297176,-0.02339826454285887,-0.023676350316281916,0.016170705800752694
2023-09-27,168.15567016601562,170.73084132501634,166.7940959712009,170.3164478696235,66921800,176.2990379333496,179.67535125732422,174.50334129513675,36.44853407601654,-2.4846781539954463,-1.9463913271135527,187.4503353611199,165.14774050557932,3.541192860128698,-0.008897684497559899,-0.00893750527673363,0.015198622770887208
2023-09-28,168.4122314453125,169.7343462157436,165.38319180250966,167.08024048447163,56294400,175.46235580444335,179.19885864257813,173.92323559515347,37.040667347423444,-2.6610168941236054,-2.0893164405155633,186.340697954709,164.5840136541777,3.5990472567790737,0.0015257367119621001,0.0015245739582587414,0.014282817794012373
2023-09-29,168.9252471923828,170.7604265076125,168.06684691168314,169.7244355134215,51861100,174.64047088623047,178.77144805908202,173.4472366996515,38.27903854134863,-2.7279247147525894,-2.2170380953629687,184.86684712495827,164.41409464750268,3.534370995289808,0.00304619054487687,0.0030415603071335556,0.014328934096873655
2023-10-02,171.4313201904297,171.97398349559003,168.64894563769587,168.93508404185394,52164500,173.86545181274414,178.41760986328126,173.2552446511542,44.06676947846348,-2.5493432556889104,-2.283499127428157,182.4689982657505,165.26190535973777,3.519418628332976,0.014835396364362374,0.014726428273007184,0.014699195400920703
2023-10-03,170.09938049316406,171.31297744317223,168.54047825044546,169.96124934298015,49594600,173.01199493408203,178.0211703491211,172.95468615991703,41.82207736508124,-2.4866282621224514,-2.324124954367016,179.22084356173153,166.80314630643252,3.4745202934509223,-0.007769523654056143,-0.007799863656713647,0.014660656260686845
2023-10-04,171.3425750732422,171.88523853747708,168.68846972057472,168.80686354725646,53020300,172.5556671142578,177.63244995117188,172.8011517707099,44.655797334057354,-2.309982722175249,-2.321296507928663,177.76647093292033,167.34486329559527,3.4546809022688825,0.0073086367303265565,0.007282058068851711,0.012907407567805439
2023-10-05,172.5758819580078,173.10866919518492,170.3756298015613,171.47081778563683,48527900,172.4249351501465,177.25105407714844,172.7796975028335,47.39331174787869,-2.046877174746186,-2.2664126412921677,177.4940281188908,167.35584218140218,3.4031350802227918,0.0071979009550804385,0.007172119705995979,0.011421067057292863
2023-10-06,175.12147521972656,175.61480292776608,170.8689777300858,171.48071432556827,57266700,172.39089660644532,176.94579467773437,173.0027239520614,52.60436126706156,-1.6143468454866081,-2.135999482131056,177.37728697056215,167.4045062423285,3.499041517184042,0.014750573677138501,0.014642842075107399,0.011905208439792748
2023-10-09,176.60147094726562,176.66066786762835,173.45403753652568,174.45055415802327,42390800,172.37264404296874,176.61870025634767,173.34546176112846,55.372230398649684,-1.1390103546050625,-1.9366016566258573,177.29415535045928,167.4511327354782,3.4781550038925153,0.008451252056220326,0.008415740165243704,0.011966631337087525
2023-10-10,176.00946044921875,177.32171396949087,175.57532965392068,175.72333700059065,43698000,172.47574920654296,176.267548828125,173.599175921899,54.01340896253973,-0.8008414586918491,-1.7094496170390556,177.60684005293493,167.344658360151,3.3544570975837784,-0.0033522399041832074,-0.0033578712489719326,0.011314962407642869
2023-10-11,177.40065002441406,177.44998580714199,175.23001108089,175.82199530812358,47551100,172.75152053833008,175.96077453613282,173.96122107451947,56.70232090152872,-0.415789833858895,-1.4507176604030236,178.30175291446025,167.20128816219992,3.273422642488651,0.007904061359228498,0.00787298789654997,0.011024490138378347
2023-10-12,178.29852294921875,179.90676118500224,176.6507950071692,177.6670640281674,56743100,172.99670486450196,175.73166778564453,174.37429744353844,58.3932387857869,-0.03774767414657276,-1.1681236631517335,179.0494475566138,166.94396217239012,3.272175752156108,0.00506127189884098,0.005048506716146554,0.01092855069677797
2023-10-13,176.46331787109375,179.50220314362676,175.7627859383901,178.9990143278533,51427100,173.1861427307129,175.49364318847657,174.57325176997227,53.77092114348433,0.11247125015535175,-0.9120046804903166,179.42111450542956,166.95117095599625,3.3055501416618616,-0.010292878750586598,-0.010346216743739835,0.01117767123603803
2023-10-16,176.33505249023438,176.69024903281087,174.15453745424634,174.39134016768617,52517000,173.2231414794922,175.43395874023437,174.74104231475914,53.45244687468939,0.21865041972327504,-0.6858736604475982,179.52329469810041,166.92298826088398,3.2505616728691953,-0.0007268671042049979,-0.0007271314001783787,0.010546094428312933
2023-10-17,174.78598022460938,176.03903666999224,172.46734930467605,174.29265257502803,57549400,173.1284210205078,175.40517150878907,174.74532211569723,49.62937399768613,0.1757747687682638,-0.5135439746044259,179.27285126768885,166.98399077332675,3.2946432094898475,-0.008784823231392402,-0.008823637274529662,0.010634695055683424
2023-10-18,173.49349975585938,175.21028574818484,172.77324545527233,173.2369747453516,54764400,173.14568710327148,175.3318133544922,174.62610093856983,46.63248576493365,0.037075748219251636,-0.40342003003969046,179.2921827731777,166.99919143336527,3.233385858305752,-0.007394646109997405,-0.007422122039189802,0.009755207031202338
2023-10-19,173.11856079101562,175.46679037407037,172.85215962113486,173.69080766680926,59302900,173.22116775512694,175.28268432617188,174.4825256864218,45.76905998312266,-0.10192375223510908,-0.3431207744787742,179.32726743550748,167.1150680747464,3.1891890650650203,-0.002161112464567072,-0.0021634510379969344,0.009540900396879699
2023-10-20,170.572998046875,173.0790962513972,170.3361953203569,172.97056355030566,64244000,173.12694396972657,175.1869790649414,174.1101897207507,40.311778901048044,-0.41272980480474075,-0.35704258054396754,179.33458890765124,166.9192990318019,3.1601302368931425,-0.014704158424777791,-0.01481333612823681,0.01005491451848743
2023-10-23,170.69137573242188,171.68789221712717,167.66233657820504,168.62926966195786,55980100,172.9749984741211,175.09245758056642,173.7845883885289,40.666084536855806,-0.6420921126170356,-0.41405248695858116,179.26436253046296,166.68563441777923,3.22194633703807,0.0006940001459923018,0.0006937594392515536,0.009888855604835692
2023-10-24,171.1255340576172,171.35246060946264,169.16208417292097,170.74073901093655,43816600,173.04801025390626,174.97366455078125,173.53134511891827,42.02530795131215,-0.7798409248462406,-0.4872101745361131,179.21469966109044,166.88132084672208,3.1482627727168984,0.0025435281854890857,0.002540298892380162,0.008356161216685143
2023-10-25,168.81674194335938,170.75057806188605,168.3727349771656,169.58633193718455,57157000,173.08106384277343,174.84835998535155,173.08233529267457,37.15132975236727,-1.0630538560794776,-0.602378910844786,179.14879950624632,167.01332817930054,3.120015366126519,-0.013491803704060001,-0.013583645093830027,0.008683712365507537
2023-10-26,164.6629180908203,169.0930062294273,163.459197305812,168.0964746462511,70625300,172.89359817504882,174.65734344482422,172.28048603535512,30.33482040424329,-1.6041889231333641,-0.8027409133025016,179.71197620538626,166.07522014471138,3.2995720488042872,-0.02460552078379008,-0.024913295742491997,0.010295165436194608
2023-10-27,165.9751739501953,166.70530437202822,164.60372353518264,164.6826577744484,58499100,172.74609451293946,174.5432861328125,171.67998012248276,34.42800380956808,-1.9051924094148092,-1.0232312125249632,180.01428593102474,165.47790309485418,3.2140012479500943,0.00796934655713577,0.007937759025206879,0.010456470592513534
2023-10-30,168.0175323486328,168.8857938712959,166.61648356307745,166.76449089816728,51131000,172.5754051208496,174.4604064941406,171.3311755725923,40.30655378053926,-1.9563865801654856,-1.2098622860530677,180.11438388061256,165.03642636108665,3.1923311531751297,0.01230520414487013,0.012230110521011282,0.01027063984857854
2023-10-31,168.4911651611328,168.61942013954004,165.65945361827133,167.09011614768582,44846000,172.49499435424804,174.36035980224608,171.06069839054854,41.61379745377043,-1.9364182949397843,-1.3551734878304111,180.170956886266,164.81903182223007,3.175733679467528,0.002818948748260608,0.002814982963386003,0.010173318180110365
2023-11-01,171.64846801757812,171.9049930418825,167.84983811075637,168.71809981635425,56934900,172.51028900146486,174.29603057861328,171.11667645026563,49.54585555130904,-1.6468415667423244,-1.4135071036127937,180.17822043151156,164.84235757141815,3.2385494831574286,0.018738684924078264,0.018565278688263537,0.010924014337020761
2023-11-02,175.20040893554688,175.40759814141026,173.118565411641,173.17776232760195,77334800,172.6415153503418,174.2259783935547,171.50560335362576,56.67656462739452,-1.1178520732255492,-1.354376097535345,180.398755810847,164.88427488983658,3.2757338146341937,0.02069311167755372,0.020481917778653234,0.011766802491198419
2023-11-03,174.2926788330078,174.46042350768224,171.0367278993792,171.91485064572058,79829200,172.60007553100587,174.23130615234376,171.7710391135669,54.55457744500027,-0.7630740785277794,-1.236115693733832,180.31260679552202,164.88754426648973,3.3391586161722993,-0.005181095797972657,-0.005194564215723021,0.011362022681292211
2023-11-06,176.83824157714844,177.0355696443862,173.85855313497558,174.02628274488598,63841300,172.6119140625,174.24354064941406,172.25362982438418,59.171135406027844,-0.2733532759866364,-1.0435632101843928,180.34966277477474,164.87416535022527,3.327577037117893,0.014605104248696321,0.014499476936828612,0.011686634460099541
2023-11-07,179.39369201660156,180.00541354681909,176.58171810512866,176.7889073081916,70530000,172.78112564086913,174.2757061767578,172.9336357474525,63.21139949488851,0.31729984682658596,-0.7713905987821971,180.94495213676302,164.61729914497525,3.3344426374445026,0.014450779518401013,0.014347362121433418,0.012078721120020446
2023-11-08,180.44940185546875,181.00192645947115,179.16674685036813,179.91661457451394,49340300,172.93356323242188,174.25143432617188,173.649422995835,64.76273739724351,0.8606624817970214,-0.4449799826663534,181.53865504439176,164.328471420452,3.227352421134397,0.005884877149245016,0.005867628895867274,0.0120264965226283
2023-11-09,179.975830078125,181.66300252138785,179.38383076688,180.51849360423827,53763500,173.01742858886718,174.14803344726562,174.25193795605313,63.46977462826554,1.2387880228911854,-0.10822638155484565,181.859465538181,164.17539163955334,3.1596252306610717,-0.002624402034444251,-0.002627851814525225,0.012010021687846402
2023-11-10,184.15484619140625,184.32281184408907,181.3194195461175,181.75412225306079,66133400,173.40200500488282,174.12387145996092,175.1950720737058,69.2953394513794,1.8542917917835098,0.2842772531128255,183.40318518102234,163.4008248287433,3.2444364117541435,0.023219874087910597,0.02295439455741895,0.012735477897045431
2023-11-13,182.57412719726562,183.78930789371245,181.99123723697815,183.58184574005094,43627500,173.71395874023438,174.03671997070313,175.89783922833053,65.06844479936292,2.189295317260189,0.6652808659422982,184.42560455102094,163.0023129294478,3.167234450516569,-0.008583640489686961,-0.008620692109263568,0.012950279638999695
2023-11-14,185.1823272705078,185.84425545326624,184.0560589323069,185.4391901985185,60108400,174.2337760925293,173.99699615478517,176.78207618472837,68.48441224109757,2.6348747767696636,1.0591996481077715,186.05466290331444,162.41288928174416,3.174584008051144,0.014285704734187776,0.01418462557495842,0.012983434856069665
2023-11-15,185.74546813964844,187.21752694473682,185.51824264456812,185.5874067506803,53790500,174.84637451171875,174.1025228881836,177.6357325613874,69.18508873806275,2.9988713482624405,1.4471339881387053,187.6770590860988,162.0156899373387,3.093199412778134,0.003041007624437153,0.0030363931135594597,0.01275248277724306
2023-11-16,187.4250030517578,188.65994715340477,186.37775779056014,187.28668991537342,54412900,175.56169662475585,174.34721252441406,178.56804403666078,71.23887251315216,3.3838586682240646,1.8344789241557773,189.4766897934427,161.64670345606902,3.080433669990863,0.009042131304364709,0.009001496004556396,0.012737007201430449
2023-11-17,187.40524291992188,188.08693448765234,186.29873780998344,187.9584954748911,50922700,176.4033088684082,174.5792724609375,179.4096820255428,71.17876486575352,3.6453481116005264,2.196652761644727,191.02761347679547,161.77900426002094,2.9881310276821518,-0.00010542953989167714,-0.000105435097976279,0.012002500279430553
2023-11-20,189.14402770996094,189.598493753426,187.59294582194016,187.60281994734135,46505100,177.32594146728516,174.82282257080078,180.33676256691598,73.3125944235832,3.947382808475794,2.5467987710109408,192.7014163841376,161.95046655043274,2.93135387095515,0.009278207818241402,0.009235429647672657,0.012001991280544818
2023-11-21,188.3437957763672,189.21320125507725,187.45464204586924,189.10452557023848,38134500,178.18685455322264,175.11075134277343,181.0993371582923,70.71764062595504,4.075199094134405,2.8524788356356336,193.99919643729098,162.3745126691543,2.8475828236874974,-0.004230807302152084,-0.004239782491174946,0.012175665143628788
2023-11-22,189.0057373046875,190.60622016215154,188.53152295340232,189.18357710829596,39617700,179.19630432128906,175.45316162109376,181.85232764842516,71.61272340972586,4.181703495765589,3.118323767661625,195.0646389300421,163.32796971253603,2.8057857924087015,0.0035145385362536086,0.0035083769781608255,0.011394187617862773
2023-11-24,187.68185424804688,188.60064536615056,186.970525284031,188.57100791556658,24048300,180.34725112915038,175.73890197753906,182.40752065791293,67.18917174366041,4.111883469781503,3.317035708085601,195.13448810853052,165.56001414977024,2.750744808712116,-0.007004459629214588,-0.007029106013730687,0.009440400971948629
2023-11-27,187.5040283203125,188.37343380166539,186.6247487130357,187.63246733233092,40552600,181.42369384765624,176.03549133300783,182.89290234004622,66.59413058066598,3.9961365552478583,3.4528558775180525,194.94996581167757,167.8974218836349,2.679169114420514,-0.0009474859913700673,-0.0009479351399523939,0.009582113595705648
2023-11-28,188.10665893554688,188.77847629228074,187.1187037624085,187.49413155220094,38415400,182.42815017700195,176.2857229614258,183.38945058723675,67.64004563559223,3.907984730486646,3.5438816481117716,194.75339558713603,170.10290476686788,2.6063550726670663,0.003213960897975543,0.0032088071652930845,0.00949045218718395
2023-11-29,187.08905029296875,189.77628933979955,186.69387428755178,188.60062037243628,43014200,183.35804443359376,176.49389617919923,183.74179341635408,63.996341851026386,3.71320771418047,3.5777468613255117,194.03276919903632,172.6833196681512,2.6403593569228305,-0.005409742793458516,-0.005424428439662486,0.009795636856627495
2023-11-30,187.662109375,188.02766309314677,185.92331344476767,187.55343368717286,48794400,184.15872650146486,176.7841748046875,184.11515684098703,65.13535240416867,3.564002996106268,3.574998088281663,193.52182111586333,174.79563188706638,2.6020729491697066,0.0030630284409156605,0.0030583469266055488,0.009276649629711156
2023-12-01,188.93655395507812,189.2526917735191,186.95075439627809,188.0375111237308,45704800,184.8455337524414,177.13072692871094,184.5743375185195,67.59093138369134,3.508154388662831,3.561629348357897,193.465044195102,176.22602330978083,2.580634694031943,0.006791166231279178,0.006768210135722942,0.008487523555462693
2023-12-04,187.1483917236328,187.7609343473058,185.1922441738474,187.69177023051867,43389500,185.48831939697266,177.42454528808594,184.8194855380541,61.089542473025105,3.28177396962559,3.505658272611436,192.65988465909263,178.3167541348527,2.6637543431175703,-0.009464352948188481,-0.009509424544311864,0.008775620077878247
2023-12-05,191.0902862548828,192.0584780958342,187.88930609245244,187.91895861640964,66628400,186.20092163085937,177.77174530029296,185.41670465394253,68.32298088002491,3.381464384899857,3.4808194950691203,192.58149980305552,179.82034345866322,2.824206630909272,0.021062935646655845,0.020844178464626186,0.009304674307794943
2023-12-06,190.00357055664062,192.41416882595195,189.79609331061306,192.1079050949125,41089700,186.73141555786134,178.1785107421875,185.85354902562807,64.74935159851846,3.334344633076597,3.451524522670616,192.4942651439138,180.96856597180889,2.809482979797102,-0.005686922760650859,-0.005703154875670034,0.009194501977360228
2023-12-07,191.9300994873047,192.65130270720775,191.25828197732412,191.29780863526577,47477700,187.30545043945312,178.65399932861328,186.43226811721632,67.9498461244388,3.413112438703081,3.4438421058771094,192.7280784793033,181.88282239960296,2.7979293491378177,0.010139435406503416,0.010088376182397338,0.00931520714900374
2023-12-08,193.3527069091797,193.62933314213194,191.33726998338577,191.86088500111674,53406400,187.97429428100585,179.15280883789063,187.09135752597476,70.10807769901157,3.549413591423786,3.464956402986445,192.89208664698953,183.05650191502218,2.7617960498241287,0.0074121121474701734,0.007384777433103294,0.009259079848314535
2023-12-11,190.85316467285156,191.1594434259829,189.11436907200368,190.7840156527889,60943700,188.30921020507813,179.5913671875,187.44962487329636,62.18468057122812,3.4163594034332334,3.455237003075803,193.05009084636393,183.56832956379233,2.8672633203492626,-0.012927371311652669,-0.013011656958709568,0.008748069997711987
2023-12-12,192.36474609375,192.37462021785012,189.41075488796335,190.75437444051195,52696900,188.79874114990236,180.0100357055664,187.91773165619668,64.77720539569825,3.3937637922481088,3.4429423609102647,193.06824064266698,184.52924165713773,2.874163463887656,0.007920127620044903,0.007888928037465612,0.008489201470007599
2023-12-13,195.57557678222656,195.6150883488944,192.50303615516071,192.7401357051614,70404200,189.3184036254883,180.51955963134765,188.6470502396281,69.55228294218153,3.593519949035681,3.4730578785353483,194.18850012686084,184.44830712411573,2.901033377548852,0.016691367590357498,0.01655359764658334,0.008677703575536558
2023-12-14,195.7238006591797,197.2156075489979,193.79729107961322,195.63488831127654,66831600,189.81732025146485,181.0071841430664,189.32102647006158,69.75611833534275,3.720896393124349,3.5226255814531484,195.14412204697288,184.49051845595682,2.9379821698228397,0.0007578854138734492,0.0007575983637480807,0.008688956327139332
2023-12-15,195.19033813476562,196.01032777733312,194.62719637119332,195.1508114803035,128538400,190.20558700561523,181.45947326660155,189.88000853336672,67.99189945769191,3.735733959700667,3.5652472571026523,195.89777823546376,184.5133957757667,2.8269214009883363,-0.002725588419075331,-0.0027293095983305002,0.008631962492645062
2023-12-18,193.53054809570312,194.26164038796966,192.0486152607036,193.72813612536964,55751900,190.5118522644043,181.8276547241211,190.22767896787497,62.68018917581089,3.572381463620758,3.5666740984062737,196.22749179228427,184.79621273652432,2.8494072204936,-0.008503443638263164,-0.008539804188442038,0.008941904416569465
2023-12-19,194.5679168701172,194.5777909959987,193.53056080250687,193.79731295132126,40714100,190.7830467224121,182.18698364257813,190.6410349585647,64.5445293598729,3.4864409035270967,3.5506274594304386,196.72362688694514,184.84246655787908,2.720681197622312,0.005360232710657442,0.00534591779470364,0.008807838835176147
2023-12-20,192.4833221435547,195.2989855460905,192.4833221435547,194.5283816611859,52242800,190.9900230407715,182.51646087646483,190.8164908809447,58.247494169381255,3.2130845787874307,3.483118883301837,196.8643173959931,185.11572868554987,2.72746564083042,-0.010713969497623044,-0.010771777340570323,0.009140968341542365
2023-12-21,192.33511352539062,194.70621508029078,191.16933361068988,193.73802319308166,46482500,191.15649185180663,182.81515014648437,190.96112160898718,57.815618868393706,2.9504772599066484,3.3765905586227998,196.98494468403203,185.32803901958124,2.7852810571711686,-0.0007699816093860168,-0.0007702781974801046,0.00913227522594341
2023-12-22,191.2681427001953,193.0563392932213,190.64572606781581,192.82909873139974,37149600,191.33580627441407,183.07454254150392,190.99036171291175,54.672821522044295,2.625992630740569,3.226470973046354,196.9420634622135,185.72954908661464,2.7585190691879053,-0.005547457277240486,-0.005562901562520294,0.009071400748017865
2023-12-26,190.72476196289062,191.55464074590694,190.5074106042434,191.27801448490152,28919300,191.49684295654296,183.35977142333985,190.96506649862403,53.09004121127504,2.2984943282101824,3.04087564407912,196.83206169395285,186.16162421913307,2.6362841457933075,-0.002840936967513752,-0.002844980088256859,0.009102466323420207
2023-12-27,190.82354736328125,191.16933772508392,188.78836199381533,190.17150836602553,48087700,191.6326873779297,183.64954132080078,190.95158848573425,53.35442378330525,2.0235939883305036,2.8374193129293968,196.74959464703863,186.51578010882076,2.618047830470114,0.0005179474304959353,0.0005178133420240783,0.009086204802637395
2023-12-28,191.2483673095703,192.3153607227681,190.8433020640508,191.80161980345068,34049900,191.84065322875978,183.9787890625,190.97985313562342,54.54097025595495,1.8190440996577593,2.633744270275069,196.52150289642015,187.1598035610994,2.5376025111141667,0.002226244885178197,0.0022237704737837764,0.008973200202078833
2023-12-29,190.2110137939453,192.05848519728596,189.42064661751613,191.56450759639273,42672100,191.96809844970704,184.31313934326172,190.90663034117787,51.121310956740736,1.5553025206801863,2.4180559203560925,196.3137265589461,187.622470340468,2.5447622303038573,-0.005424116975314419,-0.005438880909534593,0.009077456939750391
2024-01-02,183.40402221679688,186.17030008579113,181.6751004330507,184.89582930034302,82488700,191.69147186279298,184.51884857177734,190.19209623409395,35.425366696064984,0.7879352601055132,2.0920317883059765,197.29584716513438,186.08709656045158,2.9727015967746264,-0.03578652698062179,-0.0364425638460766,0.012074980297653925
2024-01-03,182.03076171875,183.6411336613478,181.22063114701328,182.00112426612563,58414500,191.43559036254882,184.74800384521484,189.41482628025167,33.21004248218114,0.06819442921155883,1.687264316487093,198.1946635111471,184.67651721395055,2.933258805171761,-0.007487624761160272,-0.007515797744027381,0.012013561680657333
2024-01-04,179.71893310546875,180.88471299934187,178.70134046081682,179.95603270422265,71983600,190.8670227050781,184.92855499267577,188.4914078826533,29.828311893226612,-0.6809016032230772,1.213631132545059,199.3419361308447,182.39210927931154,2.9615561232261483,-0.012700208423305881,-0.012781545469086273,0.011035718291535929
2024-01-05,178.99771118164062,180.5586821654936,177.99988188294327,179.79796753554595,62379700,190.3167297363281,185.08599853515625,187.58724629208066,28.84160762324113,-1.3175740145445047,0.7073901031271463,200.2484903785289,180.3849690941273,2.932787848892161,-0.004013054781517478,-0.004021128693797964,0.011020640881978797
2024-01-08,183.324951171875,183.3644778190013,179.3138557634904,179.89674567111302,59144500,189.88647232055663,185.37616271972655,187.18131342348966,41.37260585344848,-1.4561834086432555,0.274675400773066,200.2380801563887,179.53486448472458,3.035214905211341,0.024174834201333706,0.023887248568234383,0.01227189450713467
2024-01-09,182.91004943847656,182.9199235647891,180.52907347198328,181.70474272826013,42841800,189.36433944702148,185.7411053466797,186.77452637729795,40.63374051360609,-1.5812834037365349,-0.09651636012885417,200.0131155568664,178.71556333717655,3.0181193905456536,-0.002263203839664163,-0.0022657687561574253,0.01206114248527692
2024-01-10,183.94740295410156,184.15486512874935,181.7047401626592,182.12956878813148,46792900,189.019051361084,186.10054992675782,186.50527652746973,43.3574538835809,-1.5785240493154618,-0.3929178979661757,199.89769361420983,178.14040910795816,2.9775483602274035,0.005671386120170041,0.005655364358429405,0.011947779577629469
2024-01-11,183.3546142578125,184.7970355796361,181.4083411771675,184.29316874581366,49128400,188.56854476928712,186.4072915649414,186.20521345416904,42.166894272002416,-1.6056612710619902,-0.6354665725853386,199.60083679791973,177.5362527406545,3.006915934673202,-0.0032225988884277967,-0.0032278026429755488,0.011729809654266427
2024-01-12,183.6806182861328,184.49074873898914,182.95941525310155,183.818931403084,40477800,187.97379684448242,186.71108062744142,185.96477581911796,43.09237120971394,-1.5826184736348523,-0.8248969527952413,198.70949582329445,177.2380978656704,2.9015171883313724,0.0017779974048643954,0.0017764186385631237,0.010901773907561299
2024-01-16,181.41822814941406,182.04062970854807,178.7507369031224,179.96593271976667,65603000,187.25851821899414,186.90647583007814,185.53177127914617,38.48919945737987,-1.72700502816798,-1.0053185678697891,197.73665368638203,176.78038275160625,3.0464003450941606,-0.012316978012315127,-0.012393460658252939,0.011050802367464842
2024-01-17,180.4796600341797,180.72664884969066,178.12833676151584,179.08665457169852,47317400,186.52298431396486,187.01206085205078,185.0506178272446,36.73599881711887,-1.8953189586822532,-1.183318646032282,196.73254417685123,176.31342445107848,3.0637925624373077,-0.005173505026525693,-0.0051869339400466155,0.011052655899901169
2024-01-18,186.35800170898438,186.86185345428623,183.59172402252184,183.8485869578717,78005800,186.16435699462892,187.2533673095703,185.17513057788648,51.60461115717736,-1.5366622297995036,-1.2539873627857263,195.85481168974655,176.47390229951128,3.3008211951279676,0.03257066017129806,0.03205147951267167,0.013652958628684585
2024-01-19,189.25270080566406,189.63800274105876,186.5457131326349,187.0495648712278,68903000,185.89859619140626,187.50165649414063,185.5634705995796,56.96799245852922,-1.0072353806001217,-1.2046369663486056,194.9211239282912,176.87606845452132,3.2993340406241396,0.015533001374419264,0.015413599170943532,0.014115337373109806
2024-01-22,191.55462646484375,192.97728431537942,189.94425472083472,189.98378136946042,60133900,185.8521614074707,187.74487518310548,186.13405687246188,60.69809556760111,-0.397334401941265,-1.0431764534671375,194.74731708480712,176.95700573013428,3.329709002702084,0.012163238090554085,0.012089860318452439,0.014237820414996938
2024-01-23,192.8291015625,193.39224330006388,191.49537099853464,192.67104017695664,42355600,185.87686080932616,187.9924691772461,186.77168017627505,62.6295408402977,0.1867038016864342,-0.7972004024364232,194.84631784054972,176.9074037781026,3.2273635240468814,0.006653324543378414,0.006631288865980781,0.014317222778185128
2024-01-24,192.15728759765625,194.0146482092326,191.999211146671,193.06620457832125,53631300,185.92131805419922,188.2360983276367,187.28459516878755,60.92973065787793,0.5885639150062332,-0.5200475389478919,195.00530515743924,176.8373309509592,3.140797348226504,-0.00348398638690961,-0.003490069600814459,0.01428081958361495
2024-01-25,191.83126831054688,193.90598035718745,190.78403816176663,192.86862433386716,54822100,185.97664337158204,188.38962677001953,187.71761165847892,60.077587361207264,0.8706970644759338,-0.2418986182631268,195.18954008535067,176.7637466578134,3.1394505515975264,-0.0016966272327491039,-0.0016980681347455713,0.014269739817331947
2024-01-26,190.10232543945312,192.41413683944202,189.6281111952244,191.93004847085402,44594000,185.94058227539062,188.54019073486327,187.94472725666694,55.63388658146033,0.9438977124976589,-0.00473935211096968,195.08268373468408,176.79848081609717,3.1142059153561052,-0.009012831361229656,-0.00905369262823374,0.014423414884427685
2024-01-29,189.420654296875,189.88499446653958,187.29655655692048,189.69728055859,47145600,185.84919662475585,188.6249572753906,188.08529173668677,53.93985671874512,0.936113653705064,0.18343124905223707,194.81202416993258,176.8863690795791,3.0921746987258585,-0.003585811699053809,-0.003592256132118978,0.014432827355241663
2024-01-30,185.7751007080078,189.4898221386195,185.21197404804863,188.6401800108733,55859400,185.62740097045898,188.6255499267578,187.86527354347925,45.89181599201131,0.6285336785738593,0.2724517349565615,194.3641917195274,176.89061022139055,3.1768656552862167,-0.019245808237752127,-0.019433419864139625,0.015006517827618493
2024-01-31,182.178955078125,184.84644650359252,182.12956937209933,184.78715652135838,55467800,185.5661476135254,188.52062896728515,187.3237194039217,39.613014694246296,0.09351742355363513,0.23666487267597625,194.38125838401996,176.75103684303085,3.2103417753306647,-0.01935752216619735,-0.019547332496191797,0.013366276101865658
2024-02-01,184.6093292236328,184.69824158324056,181.6059517240919,181.77390231724044,64885400,185.69507598876953,188.46471069335936,187.065206053418,45.08165645418486,-0.1328445814337158,0.16276298185403784,194.3739582551428,177.01619372239625,3.201909495603378,0.013340586702045742,0.013252384654053186,0.013582402355972053
2024-02-02,183.61148071289062,185.07365019396582,177.09097033579843,177.6936236133024,102551700,185.88970336914062,188.35405975341797,186.73627983051063,43.34600943347805,-0.38828028327580455,0.05255432882806936,194.19011873388084,177.5892880044004,3.5433930929293784,-0.0054051900569629385,-0.005419850950548203,0.01329597447623175
2024-02-05,185.41943359375,186.97053056814926,183.60159955655655,185.88377376602236,69668800,186.2107894897461,188.29557250976563,186.6108659032001,47.30460711878065,-0.4397589619350697,-0.04590832932455846,193.89381164965496,178.52776732983725,3.530931515691045,0.00984662219290322,0.009798460106442709,0.013373374604098324
2024-02-06,187.0199432373047,187.02981736340615,184.5204175084795,184.6093298683978,43490800,186.3955390930176,188.25585662841797,186.6498256493053,50.59563849178054,-0.3474037789266049,-0.10620741924496775,193.96902133331324,178.82205685272194,3.4579649684935876,0.008631833311827375,0.008594792042084508,0.012425697558960957
2024-02-07,187.1285858154297,188.74883163449712,186.33821869210433,188.3437664109805,53439000,186.60646591186523,188.24479125976563,186.6954218556029,50.82016771303374,-0.2624200677284705,-0.1374499489416683,194.0130451914991,179.19988663223137,3.3831541094863877,0.0005809144000601396,0.0005807457346070069,0.012401779902674574
2024-02-08,186.05174255371094,187.25703410679802,185.09342474162452,187.1088468471974,40962000,186.7116828918457,188.2157455444336,186.6341190649465,48.46887016725315,-0.2787488725083165,-0.16570973365499791,194.02335538260613,179.40001040108527,3.2960437706068957,-0.005754563136499469,-0.005771184431144506,0.012448696423709743
2024-02-09,186.81341552734375,187.941120969739,185.9725760341758,186.6155602859614,45155200,186.88462295532227,188.18988067626952,186.65119491850814,50.22315300514454,-0.22760523308582492,-0.17808883354116334,194.03228057814005,179.7369653325045,3.201222425246631,0.004093877128900969,0.0040855200148287646,0.012436644885202203
2024-02-12,185.1317596435547,186.63537211912902,184.7756412965565,186.38806813077576,41781900,186.95718002319336,188.15073486328126,186.506486797084,46.46231951269434,-0.31909082560028423,-0.20628923195298754,194.00198861921237,179.91237142717435,3.1181189827852465,-0.009001794004151242,-0.009042554950610298,0.012633548988786375
2024-02-13,183.0444793701172,184.20187510350613,181.5309804501283,183.76661774979314,56529500,187.03849258422852,188.0583822631836,186.17677180403953,42.23485951756501,-0.5536378976667322,-0.2757589650957365,193.85968961497926,180.21729555347778,3.152594712116756,-0.011274566165504374,-0.011338605888330024,0.012580060414739731
2024-02-14,182.16412353515625,183.52924646908957,180.47257259846702,183.32151955824494,54630500,187.12271575927736,187.92293365478517,185.79461482605066,40.558664936948844,-0.8013184008191558,-0.3808708522404204,193.65330475268797,180.59212676586674,3.145743223438598,-0.004809518637166055,-0.00482112158995424,0.01257164903650615
2024-02-15,181.8772430419922,182.50045391335385,179.39431647047905,181.57058851615943,65434500,186.89867782592773,187.81751068115236,185.42153179899748,40.00153374133833,-1.0091232970363535,-0.506521341199607,193.8148805346655,179.98247511718998,3.142914239112612,-0.001574846284749909,-0.0015760876586467711,0.010060464778576389
2024-02-16,180.34393310546875,182.85654973235168,179.7108355866275,181.44196326564102,49752500,186.45323944091797,187.60258361816406,184.93795097104237,37.07053085779448,-1.2827487428888844,-0.6617668215374626,193.83733378763668,179.06914509419926,3.1431142324420103,-0.0084304661258221,-0.008466203502279002,0.009370037506899295
2024-02-20,179.60203552246094,180.46264852115328,178.0588611409836,179.82955095197704,53665600,185.85560989379883,187.39455291748047,184.42976854736796,35.70722170064691,-1.5416921473393472,-0.8377518866978396,193.42391050435634,178.2873092832413,3.090305171565416,-0.004113792852537657,-0.004122277776495736,0.008726421721680587
2024-02-21,180.3538360595703,180.91768122956833,178.71173417109264,179.97792921674792,41371400,185.23184661865236,187.16302764892578,184.04158450091103,38.187965660242845,-1.6670262003178493,-1.0036067494218415,192.4464732543135,178.0172199829912,3.0271367349161493,0.004185924368409255,0.004177187759038624,0.008596561158536284
2024-02-22,182.38174438476562,182.96539328132977,180.49235334512917,181.50134277124772,52292200,184.74306945800782,186.9436083984375,183.88350448984957,44.41792064860741,-1.584454481407164,-1.119776295818906,191.31022219255792,178.17591672345773,2.997452483976385,0.011244054296275063,0.011181309814590042,0.009190572482021616
2024-02-23,180.55169677734375,183.04451006700117,180.2648157032703,183.0148347964746,45119700,184.17909088134766,186.73757904052735,183.56618946961092,40.45527047778839,-1.6476917816400771,-1.2253593929831403,190.12217224493332,178.236009517762,2.9818983325302773,-0.01003416001746904,-0.010084841516965546,0.009336942560800907
2024-02-26,179.20632934570312,180.78906549316406,178.7018196516175,180.27468416971237,40867400,183.63429107666016,186.4744107055664,183.1509646959054,37.78640725731146,-1.785782318743827,-1.3374439781352776,189.29659791375934,177.97198423956098,2.917994583174296,-0.007451425024821212,-0.007479325577931756,0.009290289642703543
2024-02-27,180.6605224609375,181.93660445629962,177.6236221032545,179.1470231922399,54318900,183.19628448486327,186.17610961914062,182.91377972114657,42.22321335500735,-1.7576181056440987,-1.4214788036370418,188.3311242790877,178.06144469063884,3.0176365667364986,0.008114630328871497,0.008081883747840322,0.009608171400689916
2024-02-28,179.4635467529297,181.14521076395337,178.1874648834917,180.54178846123017,48953900,182.88070678710938,185.85090454101564,182.58518610512593,39.71270009729612,-1.811007532422508,-1.4993845493941351,188.11757895965684,177.6438346145619,3.01335866057401,-0.0066255521223050895,-0.006647598526458011,0.008820229864459527
2024-02-29,178.80078125,180.6011615069905,177.59393659501978,179.31517776545977,136682600,182.71179809570313,185.5231134033203,182.22476659511395,38.35291929365617,-1.8850687754892022,-1.5765213946131487,188.23822342795282,177.18537276345344,3.0129205356737754,-0.0036930369142995634,-0.0036998730109528534,0.0078059584203414795
2024-03-01,177.7225341796875,178.5831471920378,175.46712311031385,177.6137198257161,73563100,182.36745834350586,185.206953125,181.79598255554953,36.18232321755281,-2.0076257119852983,-1.6627422580875786,188.22625715397862,176.5086595330331,3.035830364531802,-0.006030438249623127,-0.006048694775937663,0.0071164719078787905
2024-03-04,173.21173095703125,174.99230771576262,171.91584529303745,174.25039570154502,81510100,181.84747085571288,184.7798294067383,180.97843478426205,28.83106671343957,-2.4406033328481556,-1.818314473039694,188.8972883012738,174.79765341015198,3.233748830397391,-0.025381155200586814,-0.025708812827579742,0.008832837726235566
2024-03-05,168.28538513183594,170.18467763470022,167.7907772375202,168.9184826327907,95132400,180.9907684326172,184.2958706665039,179.76957291260243,23.27042265785444,-3.1450025223392117,-2.0836520828995977,189.9906806613423,171.99085620389206,3.3899777510483675,-0.028441178885380447,-0.028853465302079877,0.010002472787216962
2024-03-06,167.2961883544922,169.39333632878757,166.86093094295472,169.21526961759642,68587700,180.00458068847655,183.79509216308594,178.58163152611576,22.33874509205151,-3.739952028852912,-2.4149120720902606,190.36538519373212,169.64377618322098,3.3287225821044015,-0.005878090819168902,-0.005895434794714497,0.00949099745291442
2024-03-07,167.177490234375,168.88882954707424,166.67299554984157,167.32586658446218,71765100,179.00702590942382,183.31327911376954,177.49552283166426,22.223764425239366,-4.172928819562713,-2.766515421584751,190.23744744830879,167.77660437053885,3.2492305403278485,-0.0007095088135880001,-0.0007097606340859,0.009451689173076344
2024-03-08,168.8888397216797,171.82681238429842,167.11814976227143,167.17750030588184,76267000,178.14888076782228,182.8765606689453,176.67583872595145,27.979511051336843,-4.3280829976892505,-3.0788289368056514,189.7129046103758,166.58485692526875,3.3534756890206445,0.010236721970795504,0.01018468157979776,0.010090775619062783
2024-03-11,170.88706970214844,172.49949666610803,170.19462149789052,171.07502316349817,60139500,177.3525634765625,182.47783111572267,176.12452739035118,34.11091165065986,-4.2409166943870105,-3.3112464883219235,188.60965501872505,166.09547193439994,3.371845778692623,0.011831628328797361,0.011762181854217457,0.010585089540594953
2024-03-12,171.3618621826172,172.15323790323208,169.16580172767317,171.28272310113206,59825400,176.66406860351563,182.0801010131836,175.67094022770982,35.51566759798092,-4.086419288008699,-3.4662810482592787,187.61397869563635,165.7141585113949,3.3443879498973574,0.002778399098868567,0.0027745464825130167,0.01064266494730043
2024-03-13,169.28453063964844,171.3223130850131,168.91851047344855,170.90684419661972,52488700,175.9760711669922,181.66157135009766,175.06271074313256,32.27360411148716,-4.084518488285198,-3.5899285362644626,186.96500910187905,164.98713323210535,3.2800282184167346,-0.012122484644541132,-0.012196561231760114,0.010675633616268082
2024-03-14,171.13433837890625,172.43020869953008,170.1945863604126,171.04531257693264,72913500,175.4245819091797,181.41617767333983,174.6885800417777,37.72515011804856,-3.8889190279538184,-3.649726634602334,186.2213532870909,164.6278105312685,3.2704317785213712,0.010927210727809777,0.010867940144534561,0.011169333841773758
2024-03-15,170.7584228515625,170.7584228515625,168.45354827638914,169.32406299160928,121752700,174.8686408996582,181.1907308959961,174.31427935699529,37.07208411734275,-3.7213409853973474,-3.664049504761337,185.4214240156815,164.3158577836349,3.2283145159496383,-0.002196610749804262,-0.002199026837982602,0.011165852071987715
2024-03-18,171.84658813476562,175.79356502758816,171.64874797271588,173.67664359575858,75604200,174.44377365112305,181.03328399658204,174.07926114535437,40.294134878101886,-3.4608339951571168,-3.6234064028404935,184.7622027182472,164.1253445839989,3.3573736345264966,0.006372542361491984,0.006352323564716116,0.011283186562266815
2024-03-19,174.18112182617188,174.70540499850514,171.1640105835326,172.45988088096897,55215200,174.1727279663086,180.93695220947265,174.0889621625751,46.61007889536479,-3.0310627653677784,-3.5049376753459507,184.2160530855018,164.1294028471154,3.3705179759869295,0.013584987148976602,0.013493538499333201,0.01181885644027556
2024-03-20,176.7432098388672,176.7432098388672,173.2018149693641,173.82502584048726,53423100,173.99219665527343,180.8053173828125,174.3417476555553,52.543383314995275,-2.455422299245214,-3.2950346001258035,183.70910301440207,164.2752902961448,3.38272346838094,0.01470933236526184,0.014602199427514758,0.012307780700807359
2024-03-21,169.52191162109375,175.57592275278003,168.9976284397713,175.1406653733646,106181300,173.34920501708984,180.53755462646484,173.88271565227325,39.290033285210626,-2.552497891031493,-3.1465272583069415,182.44229600097734,164.25611403320235,3.6943561777177227,-0.04085757084731534,-0.04171569671907808,0.014845816404090401
2024-03-22,170.422119140625,171.18381963278856,168.22605856941686,169.90772263085663,71160100,172.8427261352539,180.26704895019532,173.55313503211627,41.278493306489096,-2.5276545452486516,-3.0227527156952836,181.38653143761235,164.29892083289548,3.641742240978721,0.0053102723472311375,0.005296222567851791,0.014889149281759715
2024-03-25,169.0075225830078,170.0857641639875,167.62261143010488,168.73054337127422,54288300,172.33278579711913,179.98010711669923,173.1202195607726,39.1106563427962,-2.592230514883994,-2.9366482755330257,180.50585869194916,164.1597129022891,3.5815826316602495,-0.008300545520443459,-0.008335186876367525,0.014904385439741595
2024-03-26,167.87982177734375,169.5713723598813,167.7512188918725,168.16668772081567,57388400,171.69375076293946,179.66409118652345,172.6211340575889,37.423359369241446,-2.703242173427526,-2.889967055111926,179.12753819388416,164.25996333199475,3.455766262828004,-0.006672488824337353,-0.006694849400528081,0.014698835767044238
2024-03-27,171.44102478027344,171.7279058767874,168.27553655784754,168.57230438056465,60273300,171.29262466430663,179.46454711914063,172.50874269784458,45.42980007658583,-2.475326370931043,-2.8070389182757496,177.81615247674858,164.76909685186467,3.483788965443406,0.021212811433960477,0.02099095177649451,0.015678492495376135
2024-03-28,169.6307373046875,170.37264922530974,168.67119667981044,169.89782982249778,65672700,170.83412246704103,179.24756866455078,172.23464694611533,42.456063654859946,-2.4129614083844615,-2.7282234162974923,176.40129490161397,165.2669500324681,3.4327917608019485,-0.01055924320276369,-0.010615387589172796,0.015788479158572292
2024-04-01,168.19638061523438,169.40322523760474,167.65230884379906,169.3438746978549,46240500,170.35781478881836,178.88433624267577,171.85005015269812,40.210156936326605,-2.4510234510364057,-2.672783423245275,175.0468899779898,165.66873959964693,3.3289086679509836,-0.00845575932902276,-0.008491712077255072,0.015826216435553642
2024-04-02,167.01922607421875,167.51383407497934,166.4158037095213,167.2566433485096,49329500,170.04818954467774,178.43966674804688,171.3899716690334,38.414164976000684,-2.5468163144938956,-2.6475900014949993,174.76032519472852,165.33605389462696,3.218313542076847,-0.006998691272129598,-0.007023296984287742,0.014944648372228666
2024-04-03,167.82049560546875,168.83938692190523,166.76204228878962,166.9697692049817,47691700,170.0249450683594,177.96498413085936,171.05002156774154,40.366649763793546,-2.528925218533317,-2.623857044902663,174.77605960492164,165.27383053179713,3.136815762865331,0.004797468830887386,0.004785997651083876,0.013603700312020411
2024-04-04,166.99942016601562,170.06598011820813,166.99942016601562,168.45355351894443,53704400,170.01010665893554,177.4483905029297,170.6642500056724,39.00211653411052,-2.551587212953251,-2.6094030785127806,174.79693715229976,165.22327616557132,3.131797490674415,-0.004892581424520426,-0.004904589283313279,0.013583246161137956
2024-04-05,167.751220703125,168.55248310289795,167.12800990586356,167.76110742740823,42104800,170.03879318237304,176.96026916503905,170.38681864352503,40.96973283601245,-2.4802917274108154,-2.5835808082923877,174.7638566207014,165.31372974404468,3.0190307368321228,0.0045018152539810785,0.004491712393151592,0.013618861019627301
2024-04-08,166.6334228515625,167.37533481002382,166.4256959559663,167.20716991074772,37425500,169.9260223388672,176.4563122558594,170.02935237762384,38.95757130110934,-2.485337067610061,-2.5639320601559223,174.85858620254785,164.99345847518654,2.8980660232840214,-0.006663426035752651,-0.006685725776003379,0.013490980266520042
2024-04-09,167.84027099609375,168.24585316442327,166.53451377109624,166.88073030235694,42373800,169.77368240356446,176.0110711669922,169.82086843652576,42.25509138237869,-2.3646942534718107,-2.5240844988191,174.76594699707496,164.78141781005397,2.8132998354299503,0.007242533483851732,0.007216432288304751,0.013306453315605494
2024-04-10,165.97064208984375,167.2665125006067,165.30786924976792,166.97964653177021,49709300,169.50412139892578,175.54207092285156,169.45418021303223,38.76170969471213,-2.392369633737019,-2.497741525802684,174.7022184886472,164.30602430920436,2.7932356862082277,-0.011139334410950275,-0.011201841420978331,0.013471590980652278
2024-04-11,173.15235900878906,173.56784300454478,166.3465633103838,166.5246149420751,91070300,169.6975128173828,175.28961608886718,169.80638771739,54.36784920600814,-1.8138886574051867,-2.3609709521231848,175.1310103928429,164.2640152419227,3.1363760596719996,0.04327100762228597,0.04236097699638006,0.01652347939472865
2024-04-12,174.6460723876953,176.43655077441642,172.33131077483722,172.38075949507746,101670900,169.87309951782225,175.13895843505858,170.2673100669429,56.83195033160055,-1.220835102618139,-2.1329437822221755,175.6941241673477,164.0520748682968,3.205580626808228,0.008626584052663366,0.008589587692340485,0.016460523054847492
2024-04-15,170.82769775390625,174.72521085075485,170.63974431610336,173.46890241983837,73531800,169.87656326293944,174.86332580566406,170.32068032284417,49.47689456379073,-1.0468790392824587,-1.9157308336342322,175.69977303570872,164.05335349017017,3.2684296202256036,-0.02186350131775472,-0.022106049481445244,0.017239641349155472
2024-04-16,167.55340576171875,171.88616144450353,166.45537543168857,169.89784277952464,73711200,169.66190414428712,174.54216430664061,170.05713036464175,44.19499594295295,-1.159855512806132,-1.7645557694686125,175.49531399314623,163.82849429542802,3.4228836482677005,-0.01916721957410228,-0.01935329222788781,0.017695224083053736
2024-04-17,166.18826293945312,168.80967890645843,166.18826293945312,167.780901063059,50901200,169.26226119995118,174.15754089355468,169.68866680033807,42.173501038401525,-1.3440523993908187,-1.6804550954530537,174.89416882398666,163.6303535759157,3.365635956748958,-0.008147508646926704,-0.008180880986731578,0.017409949050405563
2024-04-18,165.23858642578125,166.8213376077971,164.75388038564228,166.21791541775488,43122900,168.68703002929686,173.72191375732422,169.26484962180885,40.77620431595909,-1.5488070335675843,-1.65412548307596,173.42410646069828,163.94995359789544,3.272908904277948,-0.0057144620015546765,-0.0057308520094149305,0.01695892173944469
2024-04-19,163.22061157226562,164.60550769336635,162.31053482208006,164.41756936525925,68149400,168.37196502685546,173.24375427246093,168.68920790280475,37.90250309490969,-1.8525551593874638,-1.6938114183382607,173.65209475905863,163.0918352946523,3.2482762399510365,-0.012212491629018052,-0.012287676864681955,0.014668165849594102
2024-04-22,164.05157470703125,165.4562595890904,162.993121456103,163.73503344203667,48116400,168.05343780517578,172.80375091552733,168.24752855082633,39.78439452137029,-2.0031350630611655,-1.7556761472828417,173.56401488477255,162.542860725579,3.19219494659649,0.005091042894406206,0.00507812735270062,0.014662660483169302
2024-04-23,165.10012817382812,165.24851961582092,163.14148491226467,163.56685559955991,49537800,167.8580680847168,172.36948516845703,167.94777613396934,42.16614424525978,-2.014637730262649,-1.8074684638788034,173.49510049925485,162.22103567017874,3.1146835006650444,0.006391608667392745,0.006371268959676161,0.014687975134416486
2024-04-24,167.19728088378906,167.47426013692973,164.41758653276062,164.74401450706145,48251800,167.82394104003907,172.01079559326172,167.87630039585693,46.70645746663393,-1.8333967236542605,-1.812654115833895,173.4682930065798,162.17958907349833,3.1105399366296203,0.01270230818811302,0.012622310595247682,0.014935689847855796
2024-04-25,168.0579071044922,168.7701438382538,166.33666581552853,167.7017887376114,50558300,167.65478515625,171.71106414794923,167.89359627286981,48.493500072253624,-1.601851430515751,-1.770493578770266,173.05279806260734,162.25677224989266,3.0621783713507376,0.005147369718897066,0.0051341672971690734,0.014140000593808441
2024-04-26,167.4742431640625,169.49223681731962,167.35552700029277,168.04799015720317,44838400,167.54696044921874,171.41726654052735,167.85365788155482,47.334271733708306,-1.4487466698230946,-1.7061441969808318,172.8683963805272,162.2255245179103,2.9960734746133175,-0.003472993032495597,-0.0034790378726474256,0.013973078228415162
2024-04-29,171.62892150878906,174.13163598665233,171.2332412721106,171.5003186394635,68169400,167.71858749389648,171.2123001098633,168.21320679843427,55.49062743966184,-0.980855531583444,-1.5610864639013544,173.32643814357726,162.1107368442157,3.257596285183068,0.024807864578056504,0.0245051458274359,0.01492920596644244
2024-04-30,168.4931640625,173.1029142716877,168.1667209693098,171.46081207960546,65934800,167.79228439331055,170.9752847290039,168.23986939501197,49.286435655218035,-0.8532422078052662,-1.4195176126821367,173.4001749477215,162.1843938388996,3.3774960721255556,-0.018270565466021904,-0.01843953350611651,0.015455141138024263
2024-05-01,167.4742431640625,170.84747276952126,167.28628974114312,167.75122238913238,50383100,167.77497177124025,170.73272888183592,168.166952611112,47.430734163628806,-0.8248181402440764,-1.3005777181945248,173.38454469909504,162.16539884338545,3.3906165690007404,-0.006047253632554206,-0.006065612321319406,0.015488547973584964
2024-05-02,171.1640625,171.5498561795682,169.04714062596727,170.64966589582906,94214900,167.98320388793945,170.54893341064454,168.45239164814896,54.161445093236736,-0.49880437230518737,-1.1402230490166574,173.7685955868913,162.1978121889876,3.4395448866082368,0.022032160087583463,0.021792959082481907,0.01619409439361904
2024-05-03,181.40240478515625,184.98336128032037,180.69016817589636,184.63712970012278,163224100,168.665763092041,170.52934661865234,169.68572623262585,66.84597788457904,0.5790377577711183,-0.7963708876591022,176.88838044579464,160.44314573828737,4.180955879016246,0.05981595748322599,0.058095268033583274,0.020821847846236387
2024-05-06,179.75042724609375,182.21356516877455,178.47433028646978,180.38352481626606,78569700,169.32161331176758,170.51332122802734,170.64426918628945,63.77920350776448,1.2851205601818094,-0.38007259809092,178.78938773949886,159.8538388840363,4.149404379251141,-0.009106701430000474,-0.009148420913207674,0.02089549149648599
2024-05-07,180.4329833984375,182.90602327557747,179.36464345444207,181.4716631656838,77305800,169.95124893188478,170.53785430908204,171.57652768268449,64.50381816795996,1.878123012283936,0.07156652398405122,180.54873083030137,159.3537670334682,4.105974053671445,0.0037972435604243238,0.0037900522301683613,0.020881543896728357
2024-05-08,180.76931762695312,181.09576068278213,179.4932206728727,180.87813197889614,45057100,170.69118270874023,170.54003021240234,172.45203148690055,64.87669199268656,2.3481530427038138,0.5268838277280038,182.10843677890975,159.2739286385707,3.927157336259872,0.0018640396128291048,0.0018623044469340325,0.02059144539402653
2024-05-09,182.57958984375,182.66861565405213,180.14611203583203,180.5912561815798,48983000,171.16254425048828,170.60235107421875,173.41656085421954,66.89256554497054,2.834059789897452,0.9883190201618935,183.67335280853962,158.65173569243694,3.82682492782846,0.0100142670258494,0.009964456521568082,0.018533817647532442
2024-05-10,181.32156372070312,183.34229448527321,180.4102525825865,183.1540861312051,50759500,171.49631881713867,170.65276672363282,174.1694182700751,64.1376312348177,3.082103621445441,1.407075940418603,184.69816908873082,158.29446854554652,3.762911854604049,-0.006890288909748854,-0.0069141365583027786,0.018602356927687094
2024-05-13,184.5210723876953,185.3333368917867,182.87674310968822,183.68900761377958,72044800,172.1809875488281,170.78873748779296,175.15529009080083,67.77287300830197,3.4965477293249307,1.8249702981998688,186.54250542802285,157.81946966963338,3.7806876629240156,0.01764549456412423,0.01749162031281625,0.01801918143900149
2024-05-14,185.66021728515625,186.52201273815805,184.53098214319476,185.7394637127145,52393600,173.086328125,171.03770721435546,176.1557593474061,68.97856552723817,3.8722799113148483,2.234432220822865,188.41700501079472,157.75565123920526,3.6535628548910672,0.006173521987057784,0.006154543868033868,0.017174513483097915
2024-05-15,187.92861938476562,188.8498308462509,185.60080260352015,186.13571225801192,70400000,174.17334594726563,171.43057189941408,177.27698411286894,71.28258465421099,4.303483584223812,2.6482424935030546,190.44741378846865,157.8992781060626,3.624667525451045,0.012218029973138034,0.012143992297898915,0.016938546645501925
2024-05-16,188.04745483398438,189.29556710780693,187.86916171755817,188.67151097089564,52845200,175.31378936767578,171.8455972290039,178.30274322916566,71.4024142871879,4.601758422660197,3.038945679334483,192.11185572241445,158.51572301293712,3.4676488015080245,0.0006323435440955816,0.0006321436991593675,0.01676013850458231
2024-05-17,188.07720947265625,189.00833624688963,187.39372215477377,187.72060805092246,41282900,176.5566192626953,172.26359161376953,179.23364477616477,71.43455483154722,4.785381433378689,3.388232830143324,193.26974336871893,159.84349515667168,3.335289179408584,0.00015822941447485306,0.00015821689752139992,0.01624915471227017
2024-05-20,189.23611450195312,190.10781001398533,187.22528381236822,187.54226949481966,44361300,177.81584625244142,172.670537109375,180.18626094052556,72.72054429059031,4.967159618661839,3.7040181878470273,194.36470116669966,161.26699133818317,3.302948966709193,0.006161857848413943,0.006142951229191604,0.016243481128459292
2024-05-21,190.5337677001953,190.91016932460286,189.11726241831752,189.28565540299905,42309400,179.08752822875977,173.06347106933595,181.17173777477984,74.12519693921584,5.156489111621937,3.994512372602009,195.440115385442,162.73494107207753,3.1950888195360605,0.006857323199947585,0.006833918693139432,0.016242461165963406
2024-05-22,189.0974578857422,190.99934196064652,188.47341681604038,190.45453220558076,34648500,180.18253707885742,173.41818298339842,181.92656826153816,69.8386903260785,5.131483354678494,4.221906569017307,196.13167721719557,164.23339694051927,3.1472914141839228,-0.007538347830885028,-0.007566904780225766,0.016517179209927364
2024-05-23,185.1154022216797,189.1964945447871,184.86776283091424,189.17667916140735,51005900,181.0354118347168,173.73480041503908,182.23026673393258,59.5559942606869,4.735756644787045,4.324676584171255,196.09963405347133,165.97118961596226,3.2316800070188463,-0.02105821891306736,-0.021283105955415695,0.01761627946340616
2024-05-24,188.18612670898438,188.7804673088457,186.26444256610336,187.0370913918068,36327000,182.07100601196288,174.07583618164062,182.7974914934613,63.96240450171241,4.616703692779112,4.383082005892826,196.07409336283158,168.06791866109418,3.262636084172214,0.01658816311582445,0.016452082362469075,0.017680077231617946
2024-05-28,188.196044921875,191.1776178733189,187.31444925751387,189.70168159973719,52280100,182.89936218261718,174.42458862304687,183.3116394390245,63.97605659582131,4.471607776504584,4.400787160015177,196.2798537337343,169.51887063150005,3.305531265003129,5.2704272435422084e-05,5.2702883614053276e-05,0.017152186438153364
2024-05-29,188.4932098388672,190.43470949642946,187.72057607583483,187.81963788738682,53068000,183.89936447143555,174.7575210571289,183.8051223342476,64.41107450439908,4.3306756101065105,4.386764850033444,195.72256426269342,172.07616468017767,3.2632885618310934,0.001579017864671739,0.0015777725267314782,0.01630299047886397
2024-05-30,189.48374938964844,190.365345015264,188.82999288588945,188.95875509095092,49889100,184.99983978271484,175.06357360839843,184.34594395857152,65.88970718478706,4.249923642077988,4.359396608442353,194.33921977560658,175.6604597898231,3.1639204628715025,0.005255041025764351,0.005241281481269509,0.016066804939941233
2024-05-31,190.43467712402344,190.75166277533643,188.1167762289514,189.63232797686064,75158300,185.963370513916,175.33740295410155,184.92582330766217,67.29454440326646,4.21408173548636,4.330333633851154,193.11404863236515,178.81269239546685,3.126132325979611,0.005018518672118555,0.005005967880693929,0.01563531562560151
2024-06-03,192.19790649414062,193.14884852262287,190.7021698304424,191.07857147290113,50080500,186.50314559936524,175.7909228515625,185.61840265875537,69.77986774259664,4.278633220126352,4.319993551106194,193.82299362266042,179.18329757607006,3.0967065454524554,0.009258972140713917,0.009216370620453294,0.009110588242785576
2024-06-04,192.51487731933594,193.47571940906454,191.2073340206378,192.80213237542046,47471400,187.14136810302733,176.23277801513672,186.27520976928685,70.21800645003545,4.30573381414618,4.317141603714191,194.21662116212516,180.0661150439295,3.037540748522047,0.0016491897907586761,0.001647831370599065,0.008669183257696467
2024-06-05,194.02052307128906,195.04079624688396,193.02996541617088,193.5549597642067,54156800,187.82074508666992,176.73303802490236,187.01285865519182,72.27430381079026,4.39800677469762,4.333314637910878,194.79764003020864,180.8438501431312,3.0009963327381874,0.007820931934811481,0.007790506978031123,0.008723649396384335
2024-06-06,192.64364624023438,194.64457691185422,192.33657578915964,193.8422276391208,41181800,188.414461517334,177.22831451416016,187.5491241394816,67.67276542467768,4.310344341031879,4.328720578535078,194.8932434643125,181.9356795703555,2.9514966748779297,-0.007096552515471699,-0.007121852811917621,0.009045604161696207
2024-06-07,195.03089904785156,195.08042995429523,192.3068654552658,192.8120444256859,53103900,189.03702697753906,177.7001119995117,188.26167413075493,71.10749347201066,4.382978335308451,4.339572129889753,195.54629484244845,182.52775911262967,2.938787233745893,0.012392066150160863,0.012315912983056747,0.009154505217714291
2024-06-10,191.29649353027344,195.43703247512377,190.33565137548777,195.04080033594326,97010200,189.53577346801757,178.13342712402343,188.5507045497567,60.31215223012271,4.092035544974038,4.29006481290661,195.0576335764548,184.01391335958033,3.0932582241666147,-0.01914776343548452,-0.019333456078404195,0.010223601085454653
2024-06-11,205.1940155029297,205.2039307530545,191.80168667352532,191.82148694435384,172373300,190.5694206237793,178.87337982177735,190.13578178339222,75.32533661111954,4.92609026210377,4.4172699027460425,198.94939058950547,182.18945065805315,3.8656995812105035,0.07264912030631088,0.07013140206752638,0.018497150484888283
2024-06-12,211.05813598632812,218.12080209568063,204.94638168818946,205.41194501546696,198134300,191.83931655883788,179.75415802001953,192.12838694557658,78.94466240533227,5.991207241298667,4.732057370456568,203.7938466558545,179.88478646182125,4.530608211659122,0.028578418668914418,0.028177672871715347,0.01920615285605905
2024-06-13,212.21707153320312,214.70336573665497,209.60200000148347,212.71235034689784,97862700,193.05373916625976,180.64208953857423,194.04159500154103,79.58208707992534,6.849875433965082,5.155620983158271,207.78477340844384,178.32270492407568,4.571376606195721,0.005491072596936375,0.005476051620231396,0.019161466600151573
2024-06-14,210.4835968017578,213.13828400218216,209.3048308005582,211.83075578674166,70122700,194.17554626464843,181.51177307128907,195.607499934895,75.88170428294717,7.30627702589365,5.585752191705347,210.53760530549184,177.81348722380503,4.518667791583453,-0.008168403790145162,-0.008201947993671077,0.019397232234886312
2024-06-17,214.62411499023438,216.88258512602053,210.71141546378874,211.35527186274084,93728300,195.50289154052734,182.44923095703126,197.41860613064162,78.45823051101817,7.910891951688882,6.050780143702054,213.85664985836897,177.14913322268572,4.652976401060543,0.019671453031925745,0.01948047053860251,0.019587013435633512
2024-06-18,212.26658630371094,216.5656178731208,210.98877362098574,215.5354294813442,79943300,196.65441513061523,183.3618942260742,198.83269948045773,73.63477904954003,8.106375523097057,6.461899219581055,216.14559805028486,177.1632322109456,4.71896696185158,-0.010984453851472842,-0.011045228424801042,0.019987595569686083
2024-06-20,207.7001190185547,212.2170745602359,206.87796947703916,211.90998899500866,86172500,197.5127326965332,184.15909118652343,199.67721562694317,65.26510589731583,7.8028752269731,6.730094421059464,217.35885134262298,177.6666140504434,4.766799095053023,-0.021512887942818026,-0.02174766335468585,0.020904979664413636
2024-06-21,205.53079223632812,209.88923942625428,205.15437552925596,208.40340309586463,241805100,198.3343994140625,184.95029418945313,200.23469911355127,61.67846123976122,7.303116730550528,6.844698882957678,218.07933208714098,178.589466740984,4.764518009477688,-0.010444513910137787,-0.010499440635592874,0.021003113111533092
2024-06-24,206.1746826171875,210.69162338847192,204.63931513285507,205.75865018980198,80727000,199.3873634338379,185.6107406616211,200.8004118281833,62.34000593956824,6.879706124355806,6.8517003312373035,218.43396586427758,180.3407610033982,4.856503027059056,0.003132817101775265,0.0031279200553136054,0.020139900530750845
2024-06-25,207.09588623046875,209.38407188516823,206.64022308060072,207.1751175381149,55549700,200.3328514099121,186.25973693847655,201.39998081887714,63.31572453029724,6.54305928666605,6.789972122323054,218.93360402908374,181.73209879074048,4.738852044267746,0.0044680733909103765,0.004458121184777002,0.01997317920201942
2024-06-26,211.23641967773438,212.83121810497767,208.6510635966682,209.5029437835443,66213200,201.48487014770507,187.06791137695313,202.3367845197207,67.40361389857681,6.535038828011068,6.738985463460656,219.78778125931007,183.18195903610007,4.810029174999258,0.019993315766097863,0.019796074104215307,0.02021039935428558
2024-06-27,212.0784149169922,213.70292898101007,210.34493889866226,212.66284034706985,49772700,202.66413040161132,187.9584115600586,203.26455884327038,68.18013898101712,6.521449327318891,6.695478236232303,220.50010323219365,184.82815757102898,4.706312096952726,0.0039860325248002315,0.003978109344878862,0.020189968000502722
2024-06-28,208.6312255859375,214.0297763055812,208.3142550307382,213.73260601871965,82542700,203.6215042114258,188.8072708129883,203.77566996161963,61.69963456075809,6.16149430945805,6.588681450877452,220.5576320046982,186.68537641815337,4.778398466802033,-0.016254314859925345,-0.01638786539475599,0.020801002808896834
2024-07-01,214.70338439941406,215.45620282037203,209.91898882948186,210.08738182701015,60402900,204.8349395751953,189.79656677246095,204.816404669981,67.55051707959154,6.293650547713838,6.52967527024473,221.28868854238945,188.38119060800116,4.924582664490068,0.02910474592872192,0.028689245576728008,0.02148656473045716
2024-07-02,218.19012451171875,218.29908645117231,213.0689435868198,214.1090169642201,58046200,206.13455047607422,190.89595703125,206.09009227395603,70.3513342121683,6.603613757041501,6.544462967604084,222.4961877113915,189.77291324075694,4.94640839305167,0.016239800420743578,0.016109345343164244,0.02159479774199496
2024-07-03,219.45806884765625,219.45806884765625,216.96185912748342,217.92270133801432,37369800,207.48171005249023,192.0040869140625,207.36323290002272,71.3207499317523,6.872354124401028,6.610041198963473,223.57046221986175,191.3929578851187,4.771394202131753,0.005811190303754543,0.005794370468100179,0.021564829827807965
2024-07-05,224.20278930664062,224.31175124030364,219.55707203955853,219.55707203955853,60412400,208.9908233642578,193.18614013671876,208.9670001768435,74.65971261285206,7.383084487300806,6.76464985663094,225.40473336913558,192.57691335938003,4.777271930025727,0.021620168644963744,0.021389767754477058,0.02181892267820805
2024-07-08,225.66885375976562,225.69856928044194,221.14199799041046,224.9457357840812,59085900,210.64208374023437,194.35557159423828,210.55765289902658,75.60480692726088,7.816042654069321,6.974928416118616,226.78813892164013,194.4960285588286,4.761507598597567,0.006539010766364095,0.006517724180548389,0.021550982132078168
2024-07-09,226.52072143554688,227.23392416937492,224.23253562897796,225.77780318070188,48076100,212.21657485961913,195.52482788085936,212.07794514059992,76.16116250507773,8.134138438020727,7.206770420499039,228.1056723258937,196.32747739334457,4.635784808726094,0.003774857104064999,0.0037677502103775477,0.021548022086315306
2024-07-10,230.78012084960938,230.87918266211804,227.08534498663496,227.1348758928893,62627700,214.19075622558594,196.79094543457032,213.85910473193417,78.76846003587899,8.630443197075664,7.491504975814364,228.96454847433017,199.4169639768417,4.6159759814293135,0.01880357517435538,0.01862897331837729,0.02071157938769904
2024-07-11,225.4212188720703,230.19569903805672,223.63821202212716,229.2051413563895,64710600,215.20211639404297,197.86679138183592,214.96025845956618,68.60231255356429,8.493442571949544,7.691892495041401,230.1423282189256,200.26190456916035,4.796399756147379,-0.023220812771093335,-0.023494663508355416,0.015890526011520762
2024-07-12,228.36314392089844,230.44332094014862,226.5207061684713,226.7584454352943,53046500,216.06736679077147,199.0641909790039,216.2367237415978,70.82822167840924,8.523998011179486,7.858313598269018,231.9237002498291,200.21103333171385,4.812521349856731,0.013050790265213275,0.012966362474821611,0.015024981682861304
2024-07-15,232.18670654296875,234.9899864993383,230.88907844301437,234.24706826366577,62631300,217.06584854125975,200.35844024658203,217.75576972268075,73.46155881808824,8.755811421895942,8.037813162994404,234.28319780401964,199.84849927849987,4.942115723326956,0.016743343765641683,0.01660471920461049,0.015289918924776545
2024-07-16,232.60275268554688,234.03905824310993,230.1362587163494,232.781045805997,43234300,218.17180633544922,201.58721405029297,219.16976810009658,73.73934275370681,8.87083915480656,8.204418361356835,236.36956486640736,199.97404780449108,4.86787885214364,0.0017918603040314451,0.0017902568375297656,0.015011209114844737
2024-07-17,226.71884155273438,229.2744821236097,224.49998695797876,227.2834515580279,57345900,218.77654266357422,202.49354278564454,219.8887274765383,63.60023525750225,8.390496585611231,8.241634006207715,237.26407172696616,200.28901360018227,5.098942200388245,-0.025295965180458957,-0.025621408097380564,0.01604809844520667
2024-07-18,222.06320190429688,228.26410233218343,220.17124832102243,228.10560948409145,66034600,219.26637344360353,203.3397982788086,220.09582027918196,56.93002152934885,7.547151562741135,8.102737517514399,237.556084035326,200.97666285188106,5.312793044014869,-0.02053485990203685,-0.020748631717372724,0.01661406808044998
2024-07-19,222.1919708251953,224.65846466815103,221.17169771561296,222.6971648700337,49151500,219.99096603393554,204.17497802734374,220.29545366451657,57.06414892292287,6.810675899621231,7.844325193935766,237.5229240410707,202.45900802680038,5.182362608909384,0.0005798750976937495,0.0005797070350963583,0.015647515747846657
2024-07-22,221.8452911376953,225.62921338494564,220.98349573063444,224.86647978572938,48201800,220.80669097900392,204.9964974975586,220.44305723339073,56.55352106600317,6.128395152594294,7.501139185667472,237.04172414455692,204.5716578134509,5.144030826438085,-0.0015602709954480876,-0.001561489485852798,0.015354339764190752
2024-07-23,222.88536071777344,224.7971447504236,220.57735968997056,222.25140445670337,39960300,221.6422248840332,205.80261291503905,220.6756575652367,57.77429910405248,5.6069739622791985,7.122306140989818,236.43509053262585,206.84935923544055,5.078013271724868,0.00468826529850741,0.004677309611519575,0.015353982496498044
2024-07-24,216.47645568847656,222.67735606492835,215.0797809310421,221.88490694575157,61777600,222.1112533569336,206.50571075439453,220.2757335769738,48.69464240393747,4.623304264256177,6.62250576564309,235.56364213719348,208.6588645766737,5.272839451368187,-0.028754266357637115,-0.029175769956143374,0.01701033652611641
2024-07-25,215.43638610839844,218.76466037633443,212.59347540961954,216.86277641061952,51391200,222.3212516784668,207.1240170288086,219.8148433418714,47.39294020898283,3.7169671353229887,6.04139803957907,235.20724158076533,209.4352617761683,5.337006988178666,-0.004804539028368304,-0.0048161179284111726,0.016554689726505124
2024-07-26,215.90194702148438,217.41749898154802,213.9703475571551,216.6349499920164,41601300,222.5124282836914,207.72885162353515,219.4421865494536,48.06222749696177,3.0016541056035635,5.433449252783969,234.88824725683358,210.13660931054923,5.202017305051113,0.002161013380774346,0.002158681749877884,0.01654305963104505
2024-07-29,216.17930603027344,217.22929471632008,213.71281205128278,214.91139345300462,36311800,222.88983230590821,208.2938653564453,219.1314360238174,48.482733122162074,2.429142289794015,4.832587860185979,233.93860101107012,211.8410636007463,5.081621973621554,0.001284652651888596,0.0012838281916917069,0.01603601955814658
2024-07-30,216.73403930664062,218.2495914590453,214.07933666984098,217.12035622559256,41643800,222.99136505126953,208.86759704589844,218.9031125269434,49.365730999813195,1.9971628403110628,4.265502856210996,233.77140335971075,212.2113267428283,5.016524317591751,0.0025660794576216617,0.002562792697255033,0.014709671900824022
2024-07-31,219.9830322265625,221.70660788092644,218.5467267386139,219.34907597117163,50036300,223.0810104370117,209.50571350097655,219.00596202214524,54.30563718102442,1.8951366345810072,3.7914296118849986,233.72886054319923,212.4331603308242,5.013384621641327,0.014990690573182697,0.014879440602607904,0.01464215367817815
2024-08-01,216.29818725585938,222.36039574716864,214.97084352071977,222.2514337919132,62501000,222.9230163574219,210.0469549560547,218.7480787110704,48.52358299303922,1.4996568274762296,3.333075055003245,233.87075860303926,211.9752741118045,5.183110879127581,-0.016750587231237346,-0.016892464905318778,0.015075096893958003
2024-08-02,217.7840118408203,223.46981835778237,215.6543188775265,217.0807092384795,105568600,222.60207748413086,210.59195983886718,218.65626281866562,50.79841504820984,1.2912451867787524,2.9247090813583467,233.7553444027937,211.44881056546802,5.37113863635103,0.006869334430451568,0.0068458480485547885,0.014269226290789052
2024-08-05,207.2939910888672,211.484045462397,194.14928763761037,197.21010696314244,119548600,221.68333435058594,210.9558905029297,217.57414170154195,38.02287051464814,0.2764338961986823,2.395054044326414,234.56764596002822,208.79902274114366,6.6756804625552375,-0.04816708381522672,-0.049365767803411564,0.0175441459950168
2024-08-06,205.2732696533203,208.00721860156926,199.17144565753833,203.36150053141452,69660500,220.6209617614746,211.3590478515625,216.4026300779018,36.13747756983907,-0.6829935701535419,1.779444521430423,235.13540027932882,206.1065232436204,6.8299727826606444,-0.009748094601934598,-0.009795918323350349,0.017485603451836144
2024-08-07,207.8388214111328,211.62274392073394,204.4412006806638,204.94637966039352,63516400,219.4738967895508,211.75210174560547,215.5870292524952,40.19231096116203,-1.2222389540495158,1.1791078263344354,234.21977122957216,204.72802234952943,6.855084958189894,0.012498226204246565,0.01242076809998215,0.017090670264875738
2024-08-08,211.2958526611328,212.17744837655164,206.8581585633277,211.097744151489,47161100,218.76762847900392,212.2140979003906,215.17834576760353,45.23792525004827,-1.3550214319845395,0.6722819746706405,233.65881736564327,203.87643959236456,6.745385304978041,0.01663323159036545,0.01649641445012635,0.017187413542042104
2024-08-09,214.1981658935547,214.7330603096952,209.96848100507697,210.09725832078288,42201600,218.05937957763672,212.72819702148436,215.0849953034084,49.1188863889948,-1.2120878855354817,0.29540800262941613,232.39472940864044,203.724029746633,6.603899162095197,0.01373577945742488,0.01364229868687745,0.017221913715362327
2024-08-12,215.72543334960938,217.68900361003634,213.81145133020567,214.27755355785243,38028100,217.23631591796874,213.25303070068358,215.1459894030466,51.08347010673175,-0.9644566445521434,0.04343507319310422,230.0412254134623,204.43140642247516,6.409160099076302,0.007130161220958664,0.007104861809510009,0.016768485495658528
2024-08-13,219.43438720703125,220.04923895369578,217.19312608520667,217.19312608520667,44155300,216.57789764404296,213.83302490234374,215.55440824152132,55.57000653040786,-0.46358164211213193,-0.05796826986794301,227.34694943080626,205.80884585727966,6.260206206577023,0.01719293733628091,0.017046811301731878,0.01736883400926392
2024-08-14,219.8806610107422,221.17979111862692,217.8774142480331,218.7402072098891,41960600,216.23598861694336,214.3866799926758,215.96643231478043,56.09184417030163,-0.03027503600569048,-0.05242962309549251,226.09087419487773,206.381103039009,6.048932682578224,0.0020337459838957184,0.0020316807222032765,0.01655906425628884
2024-08-15,222.85577392578125,223.48055242779947,220.9120269929499,222.73677426147512,46414000,216.27561721801757,214.9934979248047,216.62256008725672,59.50638596634064,0.5468861561435858,0.06743353275232317,226.2297880332008,206.32144640283434,5.874001163612442,0.013530580185465713,0.013439859306690529,0.016235852698704537
2024-08-16,224.17474365234375,224.94827173921567,221.7946444270254,222.0624088054674,44340200,216.374755859375,215.59658233642577,217.34181566488405,60.95601677856053,1.0980626107311195,0.2735593483480825,226.59849267235418,206.15101904639582,5.679688745653715,0.005918490256401343,0.0059010447929713754,0.016284414287828345
2024-08-19,224.01605224609375,224.11522871504155,221.18968933533225,223.84746435464618,40687800,216.48329391479493,216.22403045654298,217.9774572440469,60.67457995834071,1.504723337778529,0.5197921462341718,226.9794933808319,205.98709444875794,5.487214857893557,-0.0007078915477476411,-0.0007081422212760899,0.016279653638335233
2024-08-20,224.63092041015625,225.28544883578485,223.57971634413767,223.8970689622142,30299000,216.57057189941406,216.81603088378907,218.61112040272397,61.41787924039828,1.8552336374385732,0.7868804444750521,227.30459281778667,205.83655098104146,5.217108974590245,0.0027447504671989087,0.0027409905181452194,0.016259848763548582
2024-08-21,224.5218505859375,226.08874521756795,223.18305884166446,224.64086539349128,34765500,216.97284164428712,217.48053802490233,219.17404708683955,61.19691238081654,2.100006978688242,1.0495057513176902,228.2517917844118,205.69389150416242,5.052007360398333,-0.0004855512501110715,-0.0004856691682910717,0.01473889298920841
2024-08-22,222.66734313964844,226.4457337259973,222.04256465043304,225.90029338876204,43695300,217.33438949584962,217.8300045776367,219.50674194901183,57.41455156242957,2.119911344593703,1.263586869972893,228.85416289643882,205.81461609526042,5.00566176862447,-0.008259808305736582,-0.00829410953399294,0.014841894040587299
2024-08-23,224.9581756591797,226.32673228874265,222.46900358067504,223.78797197411373,38677300,217.78720092773438,218.10800537109375,220.02592611188496,60.649952778753814,2.29409187391704,1.4696878707617225,229.7496033300072,205.82479852546155,4.923666550013266,0.010288138741991082,0.010235576050047969,0.014964245516604817
2024-08-26,225.29534912109375,225.39452559231563,222.0326490158817,224.87883517993083,30602200,218.24300308227538,218.36957092285155,220.5277759222858,61.11818167816751,2.431311631757069,1.6620126229607919,230.61334832709363,205.87265783745713,4.8121101233290275,0.0014988273305740485,0.0014977052099940057,0.014963659069618855
2024-08-27,226.13829040527344,226.95149505120298,223.0243400581704,224.1251322421701,35934600,218.71321563720704,218.68266479492186,221.0621106349513,62.32514256837627,2.5783559133411416,1.845281281036862,231.52542700511844,205.90100426929564,4.748899042593568,0.0037414943871150186,0.003734512406931244,0.014967581175064614
2024-08-28,224.611083984375,227.95312221094204,223.80779089178384,226.02921369079436,38052200,218.94461822509766,218.8824041748047,221.40010809680118,58.76590358546102,2.542350141253138,1.9846950530801173,232.00498019861482,205.8842562515805,4.705787062348185,-0.006753418088380592,-0.006776325610622253,0.014780779630697665
2024-08-29,227.88369750976562,230.98773644426686,226.98125820388418,228.19113851748892,51906300,219.52389373779297,219.1947463989258,222.0175928027978,63.567293412852315,2.7462310267850967,2.1370022478211133,233.081604559218,205.96618291636796,4.825134590744162,0.014570133705504418,0.014465009195904844,0.014439993395419572
2024-08-30,227.10028076171875,228.48866070475935,225.5928860148415,228.28041127940648,52990800,219.98970718383788,219.58274963378906,222.50165832269502,61.71469251736996,2.812175899915644,2.2720369782400196,233.91157790280013,206.06783646487563,4.687323169256568,-0.0034377919816458435,-0.0034437147665980425,0.014467757556089244
2024-09-03,220.9219512939453,227.10026429068756,219.335218503661,226.65400042223428,50190600,220.6711051940918,219.8905728149414,222.35121003424268,49.46988538297317,2.338936331293411,2.285416848850698,233.31621672801398,208.02599366016963,4.90716167559951,-0.02720529207207778,-0.027582207826229947,0.010961542424965305
2024-09-04,219.01788330078125,219.94016096302124,215.67582978550038,219.82116129878526,43840200,221.35833587646485,220.14743682861328,222.03375034534162,46.41352867543685,1.789618580567236,2.1862571951940053,231.90052076953734,210.81615098339236,4.9313730922313255,-0.008618736083091272,-0.008656092185391675,0.010893780654914142
2024-09-05,220.53517150878906,223.60944526365165,219.6823053430495,219.79139340374425,36615400,221.99315338134767,220.4162225341797,221.89102855138424,49.111593029730386,1.4598841476676512,2.0409825856887345,230.543343724333,213.44296303836234,4.9071008687055455,0.006927690949894316,0.0069038047529530995,0.010716054503042449
2024-09-06,218.98812866210938,223.37145940933704,217.94683622588397,222.09215251756703,48423000,222.37776718139648,220.5712567138672,221.61456189526282,46.53865169362031,1.0614975227528873,1.8450855731015652,229.54949151892032,215.20604284387264,4.944066748330369,-0.007014948391658393,-0.007039668818308199,0.010436384128944457
2024-09-09,219.0773468017578,219.43436086746516,214.91219278997417,218.98809706838173,67180000,222.62172622680663,220.7112353515625,221.37292236254805,46.71203628218999,0.7443915283585056,1.6249467641529534,228.9457238075253,216.29772864608796,4.913931128984699,0.0004074108500469187,0.0004073278807808386,0.010055487305831784
2024-09-10,218.28402709960938,219.64265710486697,214.9320618304677,217.10389659918582,51591000,222.74965591430663,220.90429138183595,221.0787418613158,45.305027703772375,0.42417880405074015,1.3847931721325109,228.59592284587598,216.90338898273728,4.899407139371455,-0.0036211854567798074,-0.0036277578201309563,0.010007640618659153
2024-09-11,220.81285095214844,221.23927647566495,216.0824178921796,219.62280899168329,44587100,222.8185791015625,221.02648071289062,221.05341891758556,50.43053867643902,0.3701954806041101,1.1818736338268307,228.53800886196655,217.09914934115847,4.9177965282367335,0.011585015569577584,0.011518423099751787,0.009589186507153616
2024-09-12,220.9219512939453,221.69547936785247,217.9964268983011,220.6541869199912,37455600,222.87064361572266,221.08111724853515,221.0408981915246,50.64542530396296,0.33238526322546136,1.011975959706557,228.50040389446525,217.24088333698006,4.830743381187779,0.0004940851102026578,0.0004939630903450712,0.009581194579447984
2024-09-13,220.65419006347656,222.18140791181287,220.06908820245332,221.72523244234597,36766600,222.76056442260742,221.10503967285158,221.00406884599622,50.07171333535508,0.27761413705692917,0.8651035951766314,228.47267612751983,217.048452717695,4.636570261771477,-0.0012120173160723446,-0.0012127524030783904,0.009061109707252282
2024-09-16,214.5254669189453,215.4179946756504,212.14536768072225,214.74362792854853,59357400,222.2781005859375,220.91149322509764,220.38705913865803,39.142099935224344,-0.2573623993859542,0.6406103962641143,228.97590024812672,215.58030092374827,4.913159698984537,-0.027775240265177747,-0.02816826695714237,0.010782159832972165
2024-09-17,214.99154663085938,215.1006346980314,212.72055067344832,213.96018092212807,45519300,221.82687530517578,220.69794708251953,219.87320080458196,40.21093088008024,-0.6363905076214564,0.3852102154870002,229.17947904890315,214.4742715614484,4.732225722241576,0.0021726078428261353,0.0021702511432454817,0.010821487202895505
2024-09-18,218.85919189453125,220.86243852013078,215.7353147340035,215.745241460142,59894900,221.53828887939454,220.5447164916992,219.77662852743427,48.32185100869805,-0.6175674316997117,0.1846546860496578,228.8810777560206,214.19550000276848,4.813559019886563,0.017989755059126145,0.017829854285083768,0.011676277981999144
2024-09-19,226.97132873535156,227.91345980340301,222.7665127356472,223.12352684243388,66781300,221.66076278686523,220.46854064941405,220.46183807104543,60.443025805925444,0.051339825132913575,0.15799171386630897,229.2752099354501,214.04631563828036,5.116466797671221,0.037065552379127675,0.03639514072985698,0.014484607817732179
2024-09-20,226.30690002441406,231.15633305592988,225.7317097608303,228.06222073119503,318679900,221.8427406311035,220.48625427246094,221.01851063803292,59.21787820777741,0.521824532888445,0.2307582776707362,229.71433634481514,213.97114491739188,5.138477976058959,-0.0029273684682535883,-0.0029316615917446883,0.014360671166835022
2024-09-23,224.5912628173828,227.54653724680347,223.93673438033483,225.45404067299683,54146000,221.82439498901368,220.41081665039061,221.35877275035196,56.0581982199017,0.7476312414478343,0.3341328704261558,229.66852404128264,213.98026593674473,5.029286896802508,-0.007581020317304343,-0.007609902314426175,0.01430216410577158
2024-09-24,225.48377990722656,227.44736512534206,223.85738561877668,226.75316007712865,43556100,221.8338165283203,220.27675811767577,221.7516305748162,57.333614276661265,0.9872232596918877,0.46475094827930225,229.69503275773204,213.9726002989086,4.926479226071285,0.0039739617590086596,0.003966086430252994,0.014326365112371797
2024-09-25,224.4920654296875,225.40443143928672,222.16156973744518,223.06400902085235,42308700,221.75150527954102,220.11454437255858,222.01262437051824,55.40914807425366,1.0845762699689772,0.5887160126172373,229.4637798086092,214.03923075047285,4.811888579193435,-0.004398163264546562,-0.0044078636375960685,0.014334253700094416
2024-09-26,225.63255310058594,226.60441901953834,223.54005654723983,225.4143769570366,36636700,221.80257873535157,220.09281860351564,222.35737948766754,57.188846917793335,1.2394692258990858,0.7188666552736069,229.60295134082236,214.0022061298808,4.687065285843798,0.005080302810326565,0.005067441612798205,0.014296643663198133
2024-09-27,225.90029907226562,227.6159582791164,225.41437368594384,226.56475422029098,34026000,221.70340881347656,220.169560546875,222.6948004004864,57.616522416436275,1.368057753489495,0.8487048749167847,229.2379118078861,214.16890581906702,4.509530950652995,0.0011866460224838615,0.0011859425145807597,0.013902508866729207
2024-09-30,231.0670928955078,231.0670928955078,227.7448775670891,228.13164162372897,54541900,221.90174942016603,220.34706298828124,223.49216159048842,64.90289826286411,1.865379238173773,1.0520397475681824,230.1674526534179,213.63604618691414,4.5564782986950805,0.02287200966294134,0.022614366398289353,0.014809655772013253
2024-10-01,224.3334197998047,227.74486962890148,221.88390914906273,227.6159583693189,63285000,222.07232284545898,220.39682556152343,223.5722814199471,52.2868570530893,1.6966015876204779,1.1809521155786415,230.39074048705038,213.7539052038676,4.8869572592486525,-0.029141635926272724,-0.029574687371773323,0.015008538705729732
2024-10-02,224.89869689941406,225.4837987967651,221.16989422947793,224.01608068964856,32880600,222.36636352539062,220.43709228515624,223.69860670370585,53.11085358060896,1.5901272244763902,1.2627871373581914,230.6477879346499,214.08493911613135,4.846024924108546,0.002519807793746498,0.002516638401144747,0.014843532618606877
2024-10-03,223.7978973388672,224.92843958391967,221.46740141968138,223.2722952944607,34044200,222.52949981689454,220.58352111816407,223.7080629546736,51.2545404388356,1.4007729610636943,1.290384302099292,230.78872141577085,214.27027821801823,4.747097298403527,-0.004894646237275424,-0.004906664250154712,0.014848481713032779
2024-10-04,224.9185028076172,226.1085447535635,222.27065455992025,226.00936828631617,37245100,222.8260185241699,220.77316345214842,223.82334294066823,53.053416026533085,1.3258482854006104,1.2974770987595556,230.9805420032602,214.6714950450796,4.682153933777793,0.00500722072045745,0.004994726281703622,0.014756858509772458
2024-10-07,219.85089111328125,223.81770763530983,219.49387702101052,222.63757729885364,39505400,222.86469573974608,220.85214233398438,223.4450141952028,44.97110130602564,0.8477833099295253,1.2075383409935496,230.95481552555506,214.7745759539371,4.7351876375512845,-0.02253087954560362,-0.02278857794958438,0.015702444099113803
2024-10-08,223.89706420898438,224.10531361949606,221.3979653574062,222.43925780658088,31855700,223.14534759521484,221.0064974975586,223.4880665774677,51.34461768260822,0.7863412734207316,1.1232989274789862,230.9652982463337,215.32539694409598,4.700847271027251,0.01840416964067826,0.0182368625581359,0.016178601003197894
2024-10-09,227.6357879638672,227.84405251552317,222.96486939830248,223.36154504729694,33591100,223.4864944458008,221.22453247070314,223.8830876618867,56.37278143743083,1.0274875412358995,1.1041366502303689,231.46338646676836,215.50960242483322,4.713585545755355,0.016698404546265477,0.016560519050442486,0.01638717557641906
2024-10-10,227.13992309570312,227.59611368544336,225.28544108575701,225.89038125247495,28183500,223.79739303588866,221.36767028808595,224.19326246510732,55.55279050748288,1.1651543707961025,1.1163401943435156,231.83470019969303,215.7600858720843,4.544782783780699,-0.0021783256165448517,-0.0021807016188889632,0.016407980635488286
2024-10-11,225.6623077392578,227.5068782710055,225.45404318616428,227.39779019694814,31759200,224.04779891967775,221.55495269775392,224.33317153883593,53.07528483116362,1.141862435369859,1.1214446425487843,231.98928054490412,216.10631729445137,4.366786519570735,-0.006505308869998783,-0.006526560607963632,0.016496760463956966
2024-10-14,229.3811798095703,229.8076053434174,226.70358155060512,226.80274288926017,39882100,224.79058456420898,221.7868960571289,224.81393423128682,58.13571029468034,1.4072632501421083,1.1786083640674492,231.7486185786286,217.83255054978937,4.350965882755654,0.016479810507873838,0.016345492116142904,0.015324745358667199
2024-10-15,231.9100341796875,235.51983687729248,230.44230106244424,231.67201972311165,64751400,225.6365089416504,222.2792169189453,225.48975327399165,61.19989900446674,1.8008931459400799,1.3030653204419753,231.67678781087847,219.59623007242232,4.478658110253262,0.011024681153949167,0.010964352355533486,0.015413042003016554
2024-10-16,229.857177734375,230.1943535005289,227.93326933706737,229.67867825777722,34082200,226.18640823364257,222.77089508056642,225.90569846069485,57.51940902264789,1.9250090100196644,1.4274540583575133,231.63175630634186,220.74106016094328,4.442808591136609,-0.008851951803525271,-0.008891363079077624,0.015290402497556069
2024-10-17,230.22412109375,231.91003031839952,228.60765355789445,231.49350124327563,32993800,226.3490478515625,223.21860107421875,226.31697680670013,58.00556077573407,2.029585194191469,1.5478802855243043,232.06598882037753,220.63210688274745,4.361349174662928,0.001596397219316037,0.0015951243317844624,0.012957197508658395
2024-10-18,233.0504608154297,234.22066437649204,232.0686683201459,234.22066437649204,46431500,226.68622589111328,223.65369323730468,226.95826099800772,61.64636900974319,2.313851923757028,1.7010746131708492,233.10573442168513,220.26671736054143,4.335291610954293,0.012276470893893832,0.01220172613787428,0.013171741810196714
2024-10-21,234.51820373535156,234.88514457730523,232.5050454306036,232.5050454306036,36254500,227.1825729370117,224.06009399414063,227.6782555444214,63.41998740485743,2.627284244820629,1.8863165395008052,234.36692047514381,219.9982253988796,4.195635006364818,0.006297961886821968,0.006278212601648164,0.013030095718706468
2024-10-22,233.90335083007812,234.26036494372266,230.67040061866737,231.94969236544068,38846600,227.6035514831543,224.42365234375,228.271121762103,62.12394665779238,2.793862221930425,2.0678256759867293,235.30826103961337,219.8988419266952,4.170789871387631,-0.0026217704872381065,-0.002625213346389563,0.013067469905998651
2024-10-23,228.84564208984375,233.18931106897517,225.87052966736016,232.1381071008503,52287000,227.82123031616212,224.61187744140625,228.3258379837926,52.601326330768096,2.4890692022464123,2.1520743812386662,235.4070922826689,220.23536834965532,4.4466492493397975,-0.02162307090636173,-0.021860275126728373,0.014037174373176605
2024-10-24,228.65725708007812,228.9051831435476,226.51517225997247,228.0721400698136,31109500,227.97246551513672,224.78740936279297,228.35740170724839,52.27987944846365,2.2068779273304244,2.163035090457018,235.4981242897862,220.44680674048723,4.299746508928035,-0.0008231968415272073,-0.0008235358541093173,0.014010114448568606
2024-10-25,229.4902801513672,231.28526239164006,227.6655479946858,227.83413589840254,38802300,228.1519645690918,224.9200994873047,228.46529489240254,53.62931275927426,2.0270902740109307,2.1358461271678006,235.6425344974467,220.66139464073692,4.251172786644195,0.0036431079508547626,0.0036364879065694817,0.01402481480301305
2024-10-28,231.46376037597656,232.78272881287972,230.62082086290692,231.38443735420992,36087100,228.17179794311522,225.06587982177734,228.7508630336953,56.749639404260506,2.020558879509963,2.1127886776362335,235.69516607594505,220.6484298102854,4.182692491991934,0.00859940657751479,0.008562642297747655,0.013184997185070454
2024-10-29,231.73150634765625,232.38603471678388,230.39271482775456,231.1662428522856,35417200,228.5417022705078,225.2201889038086,229.03473382550112,57.170726646103766,2.0137740310804304,2.092985748325073,236.00102037923912,221.0823841617765,4.026308734637461,0.0011567511529440022,0.0011560826318211378,0.011236715355202074
2024-10-30,228.19114685058594,231.53318522639518,227.64570650368097,230.68031899274527,47070900,228.7063247680664,225.29139343261718,228.95439220884253,50.20961860151615,1.70308743461203,2.0150060855824647,235.97979055640695,221.43285897972584,4.030558099590163,-0.015277851306757073,-0.015395760147743692,0.011854758829054943
2024-10-31,224.03590393066406,227.92338265648337,223.50037517792762,227.43744214117888,64370100,228.71822509765624,225.28167449951172,228.48596475377792,43.51297511595003,1.10879123653487,1.8337631157729457,235.96023947881628,221.4762107164962,4.077716211952174,-0.018209483484662226,-0.0183773166884603,0.01254481395754295
2024-11-01,221.060791015625,223.4805517303345,218.44269248362247,219.13688241025088,65276700,228.52533950805665,225.24954345703125,227.7788053501443,39.45538426932974,0.39320781477292144,1.545652055572941,236.34439535528495,220.70628366082835,4.185965871601418,-0.013279625554838859,-0.013368588254308174,0.012833583880744742
2024-11-04,220.1682586669922,220.94178678396568,217.88735096075072,219.1567312107691,44944500,228.54120788574218,225.1537451171875,227.0539913803203,38.30147885223297,-0.24311462968677233,1.1878987185209984,236.29076117393413,220.79165459755023,4.113642598978051,-0.0040374973080130605,-0.004045670005850285,0.011809801405953889
2024-11-05,221.59629821777344,222.09215031274817,219.3054639601429,219.9599923572388,28111300,228.42616958618163,225.0797640991211,226.53421107912536,41.26145410093154,-0.6249696333499912,0.8253250481468004,236.509200013332,220.34313915903127,4.018860009951424,0.0064861281977126595,0.006465183784862307,0.011120184088787215
2024-11-06,220.8723602294922,224.19457534628128,219.35505401685137,220.76327216240406,54561100,228.0879981994629,224.97444549560547,225.9949871886841,40.20834034284499,-0.9747716594065992,0.4653057066361206,236.81525480602156,219.36074159290425,4.077478675628458,-0.0032669227514342536,-0.0032722707945051274,0.01036987169922396
2024-11-07,225.59288024902344,225.9895710313294,222.70703236030374,222.7665321945981,42137700,228.0106460571289,224.99408142089842,225.9566912896688,49.29589506014318,-0.8611588673298627,0.20001279184292395,236.79736489284193,219.22392722141586,4.1517452560719414,0.021372162703502173,0.021146980800385934,0.01155310183106276
2024-11-08,225.32481384277344,227.01256271730918,224.77877343219782,225.53329235935942,38328800,227.9937713623047,224.9429037475586,225.89651248520258,48.84191544792465,-0.7837164345223471,0.0032669465698697553,236.79974031763666,219.18780240697274,4.014748401003328,-0.0011882751173445394,-0.0011889816760012972,0.011463091298257363
2024-11-11,222.614501953125,224.07391236142266,219.90417483008153,223.37895863100835,42005600,227.65543746948242,224.8531881713867,225.58394005357616,44.390695039114476,-0.930318138653405,-0.1834500704747852,236.73781256554292,218.57306237342192,4.115169158981084,-0.012028466121532633,-0.012101393513238386,0.011070128226517996
2024-11-12,222.614501953125,223.9647042645822,221.7507748273854,222.93220374351736,40398300,227.1906608581543,224.8870391845703,225.30113642496175,44.390695039114476,-1.0345751075463738,-0.3536750778891029,236.30588744527256,218.07543427103604,3.979366321710777,0.0,0.0,0.010684678520636972
2024-11-13,223.49807739257812,225.0170530189228,221.15507983350162,222.39607398240116,48566200,226.87270584106446,224.97664306640624,225.1294165171157,46.243011042586275,-1.0339832377762832,-0.48973670986653894,236.03719962101502,217.7082120611139,3.970981097690092,0.003969083018855457,0.003961226989477618,0.010635749282873417
2024-11-14,226.57574462890625,227.22105551450989,223.3789425502784,223.398802697962,44923900,226.69028701782227,225.09745452880858,225.26716205157194,52.213813401550404,-0.7762243210951283,-0.5470342321122568,235.72500229211727,217.65557174352728,3.9617762310144777,0.01377044166210939,0.013676490645774373,0.011149108848726816
2024-11-15,223.37893676757812,225.28510187679902,222.65420045885568,224.76884409236825,47923700,226.2067108154297,225.18527069091797,225.08733107214394,46.44346623737229,-0.8204466024213559,-0.6017167061740766,234.85502523283512,217.55839639802426,3.9589025123741983,-0.014109223679542482,-0.014209705038314794,0.011088846531727333
2024-11-18,226.37718200683594,228.08479108540536,223.54770942404784,223.62713486361545,44633700,225.7996597290039,225.33126739501952,225.21017401830508,51.82129482431702,-0.6065676116971304,-0.6026868872786874,233.56626832531538,218.03305113269244,4.012256212763701,0.013422237936325354,0.013332957707131908,0.011478981019150536
2024-11-19,226.6352996826172,228.50175961033486,225.02697621656037,225.34466282087314,36211800,225.43625717163087,225.49829284667967,225.3459002720491,52.265680961084115,-0.4114955666321407,-0.564448623149378,232.2771387191778,218.59537562408394,3.973865297121614,0.0011402106585700622,0.001139561112096759,0.011493934188574507
2024-11-20,227.35011291503906,228.27340522879027,224.26251907255318,226.4168829534927,35169600,225.36148071289062,225.6290380859375,225.53677766661957,53.54362036428572,-0.19694979692496872,-0.4909488579044962,232.08331691512353,218.63964451065772,3.9765096442012906,0.0031540242558105724,0.003149060755236401,0.010505213121948444
2024-11-21,226.87356567382812,228.50174921258224,224.08381355701644,227.2309725554499,42108300,225.2722961425781,225.74807037353514,225.66409081016323,52.53386323437066,-0.06462910432304625,-0.40568490718820627,231.86290447509478,218.68168781006145,4.0080400735844695,-0.002096094147923444,-0.0020982940279031933,0.010512560190070682
2024-11-22,228.21383666992188,229.05771868234922,226.4168797117104,226.4168797117104,38168300,225.20847396850587,225.89926330566405,225.90692374918785,55.09858672398489,0.14669367280922074,-0.29520919118872085,231.6576661216477,218.75928181536403,3.9103828519454935,0.005907567909522848,0.005890186650604376,0.010569744619874278
2024-11-25,231.1922149658203,231.56948199204686,228.0847762696763,229.79238523732437,90152800,225.19489669799805,226.23259826660157,226.41028481743857,60.2399208186808,0.5481796594340551,-0.12653142106416565,231.59229083277972,218.79750256321637,3.879977342690141,0.01305082259410173,0.012966394387227435,0.010809508364646525
2024-11-26,233.366455078125,233.87279036398945,231.6489234928732,231.6489234928732,45986200,225.2766441345215,226.60009643554687,227.07277722321822,63.52345707021578,1.029930801395892,0.1047610234278459,232.03751251600846,218.51577575303452,3.794305775224355,0.00940446940493267,0.009360522697987624,0.011011528581917849
2024-11-27,233.23736572265625,233.99189975911068,232.12543996222107,232.78068842055708,33498400,225.528955078125,226.88765991210937,227.65988088983136,63.1897932473835,1.3853363252728457,0.3608760837968459,233.04097547526922,218.01693468098077,3.656602491057588,-0.0005531615733954665,-0.0005533146237022419,0.010381723915988123
2024-11-29,235.62010192871094,236.0966394139658,232.28430923421996,233.11825362062933,28481400,226.10816497802733,227.06063537597657,228.41799717924846,66.66982208623683,1.8380764606990567,0.6563161591772881,234.76893414830096,217.4473958077537,3.667725897392462,0.010215928304078137,0.010164098403334532,0.00950092868614683
2024-12-02,237.86383056640625,239.0551819380818,235.45134517492735,235.5605532676808,48137100,226.9483169555664,227.2917739868164,229.31760035897776,69.58571302313669,2.350827552593273,0.9952184378604851,236.68122192485495,217.21541198627787,3.6631623878040322,0.009522653709632012,0.009477599043618185,0.008844765820214236
2024-12-03,240.90174865722656,241.01095673492534,237.17876666593097,238.0822139315433,38861000,227.98499145507813,227.61798370361328,230.4208525778586,73.02652510984174,2.9681066027457064,1.3897960708375294,238.94749464735747,217.0224882627988,3.675235793603343,0.01277166891488446,0.012690798986194829,0.008868744405772963
2024-12-04,241.2592010498047,242.35128203282213,239.51188662583215,241.12021030186204,44383900,228.9681365966797,227.93349212646484,231.45307624185347,73.40773614032547,3.4464199342930897,1.8011208435286417,240.942610555054,216.9936626383054,3.6155329088452457,0.0014838098709144543,0.0014827101128014931,0.008881714819872176
2024-12-05,241.28897094726562,242.77816394602775,240.38553870781277,242.23213863223197,40033900,229.98896713256835,228.26943023681642,232.38982811855936,73.44140105628695,3.7842662122625086,2.197749917275415,242.49784076168402,217.48009350345268,3.5281823609430836,0.00012339383257264913,0.0001233862201798991,0.008761286427683132
2024-12-06,241.09039306640625,242.86750503393802,240.33587413565135,241.15989600483465,36870600,230.7638427734375,228.5785870361328,233.21845335168766,72.77953559320248,3.989994078155604,2.556198749451453,243.98705743588994,217.54062811098504,3.457000113610482,-0.0008229878061968288,-0.0008233266465818288,0.007867307084899515
2024-12-09,244.9722442626953,245.4587194212017,240.00826768189094,240.08769312504634,44649200,231.7462142944336,228.9600259399414,234.33786200987888,77.12034680873558,4.415370204378007,2.9280330404367643,246.07982229181192,217.41260629705528,3.599389515446216,0.016101227207422797,0.015972977271416715,0.008280632540102457
2024-12-10,245.98487854003906,246.4217108653419,243.57237825215392,245.11121388943334,36914800,232.91473312377929,229.25838165283204,235.44710167941793,78.10139478513125,4.779104431327511,3.298247318614914,247.87671330847743,217.95275293908114,3.5458140224277708,0.004133669430149256,0.004125149290228035,0.007347387947221649
2024-12-11,244.71409606933594,248.9930409884295,244.48574226451257,246.17350623578653,45205800,234.01971282958985,229.66599517822266,236.32967257369583,73.82341977375464,4.908245700575719,3.6202469950070753,249.0397984217793,218.9996272374004,3.6144915011055683,-0.005166099958035741,-0.005179490389872387,0.007619289608293142
2024-12-12,246.17352294921875,246.9479020514793,243.9099357862414,245.11122473397327,32777500,235.1534851074219,230.09149169921875,237.26718213326944,75.48423283047745,5.0699118512243615,3.9101799662505323,250.2486257333219,220.05834448152189,3.5733111271150215,0.0059638038973828245,0.005946090808954336,0.007621292703248174
2024-12-13,246.34230041503906,247.4939314395242,244.46591792091505,246.03453629863122,33155300,236.1418128967285,230.5423797607422,238.1314791124856,75.67643218474973,5.152260321499142,4.158596037300255,251.44797160796216,220.83565418549486,3.534361297936031,0.0006856036498088525,0.0006853687309945354,0.0073747529328143605
2024-12-16,249.23129272460938,249.56885459541954,245.86571770543418,246.20327957624434,51694800,237.43443069458007,231.02863555908203,239.18860421840213,78.74776977735158,5.3885240614066845,4.404581642121541,252.57654898838143,222.2923124007787,3.546416697368126,0.011727552696808141,0.011659317917193148,0.006158222330640167
2024-12-17,251.65374755859375,252.00123197197036,247.98040799068028,248.27824960945253,51356400,238.69825897216796,231.6646926879883,240.3757607269918,80.92299601818405,5.705467558787035,4.66475882545464,254.15400041248296,223.24251753185297,3.58030293193398,0.009719705770097953,0.009672773298126434,0.0059602720851748316
2024-12-18,246.26287841796875,252.4479889260113,245.95511429725673,250.34326772719038,56774100,239.67963790893555,232.11200897216796,240.93643860232297,64.98302195894502,5.458724697268366,4.8235519998173855,254.42308462628867,224.93619119158242,3.788343767421165,-0.02142177175156046,-0.021654548230272914,0.00842091533861046
2024-12-19,247.99032592773438,250.184410158509,245.3097817058068,245.71683140567848,60882300,240.7116485595703,232.51909973144532,241.6082373952193,67.21178637996175,5.341002032216295,4.927042006297167,254.7301758334844,226.69312128565622,3.8659355306555234,0.007014648414990665,0.00699016021949323,0.008440016898092024
2024-12-20,252.65647888183594,253.16279902630112,243.919877297432,246.2529371403228,147495300,242.00079421997071,233.02943084716796,242.66045087013518,72.33412920236655,5.560131780639836,5.053659961165701,255.42125648807325,228.58033195186817,4.250005973385065,0.018815866855472763,0.01864103806497716,0.008878373409732028
2024-12-23,253.43084716796875,253.80809906094288,251.62395254537785,252.93444954402884,40858800,243.26164474487305,233.5848016357422,243.68620289850028,73.08559452984004,5.730224275527689,5.1889728240381,255.9841843375179,230.53910515222822,4.102444583540777,0.0030649057153011583,0.0030602184666539537,0.008893133410949453
2024-12-24,256.3397216796875,256.34962902881983,253.45066898797964,253.64924013847912,23234700,244.5190200805664,234.12397247314453,244.89129992528,75.75021083479145,6.030232894673475,5.357224838165175,257.19230043615954,231.8457397249733,4.0178972462057985,0.011477981249026215,0.01141260897451737,0.008827621975271633
2024-12-26,257.15380859375,258.2260444048055,255.77383898408218,256.32980188696064,27237100,245.70838775634766,234.62884796142578,246.05915789370573,76.45282856810393,6.261503186069945,5.5380805077461295,258.43651754931125,232.98025796338408,3.9060621158141946,0.0031758125846752527,0.0031707803433773506,0.008781724383497802
2024-12-27,253.74853515625,256.836144148833,251.2367643772991,255.97238682838486,42355300,246.73394622802735,235.1066751098633,246.79147953775757,67.62625082193568,6.099695952849828,5.6504035967668695,258.55010987113326,234.91778258492144,4.049703694431103,-0.013242166064433514,-0.013330625341669195,0.009615363437839274
2024-12-30,250.38296508789062,251.67360197393796,248.9434149702759,250.4127477342041,35557500,247.47208938598632,235.5098519897461,247.1335257806274,60.22557960536853,5.634933175468092,5.647309512507114,258.21461528356406,236.72956348840856,4.103662015255602,-0.013263406885430706,-0.013352151443498387,0.010262406483752307
2024-12-31,248.6157989501953,251.4551941340452,247.63292614272083,250.6212497119267,39480700,248.0096878051758,235.82115875244142,247.2746946539196,56.71592600087591,5.065616513538373,5.530970912713366,257.80987664129077,238.20949896906077,4.083562442117657,-0.007057852905747786,-0.007082877365050594,0.010384670363957385
2025-01-02,242.0931396484375,247.3053149666319,240.07776640397734,247.1365264348607,55740700,248.06925735473632,235.97265747070313,246.78121322482608,46.04907608934224,4.041516774125171,5.233080084995727,257.70907352158224,238.42944118789038,4.401738878124823,-0.026235900249704125,-0.02658620205575079,0.011864943508783903
2025-01-03,241.6066436767578,242.42072787413275,240.14723350152744,241.6066436767578,40244100,248.08662948608398,236.1267233276367,246.288397077391,45.36377786018634,3.154293461754321,4.817322760347446,257.6784254754535,238.49483349671445,4.249721413444858,-0.002009540511499708,-0.002011562347127869,0.011872525216485087
2025-01-06,243.23484802246094,245.54806288478193,241.4478134561986,242.5498168429892,45045600,248.18392333984374,236.41450744628906,245.99758288168337,48.145170149902256,2.5531143646907424,4.3644810812161055,257.53437842384074,238.83346825584678,4.239044843097607,0.0067390710823393984,0.0067164650484270024,0.011963870259175937
2025-01-07,240.46493530273438,243.78086767976055,239.6111308132576,241.22937670987722,40856000,248.15265045166015,236.6506610107422,245.47066406464063,44.0379278998213,1.8320480817745306,3.8579944813277907,257.6014609174847,238.70383998583557,4.234094273340845,-0.011387811994236885,-0.01145314963402676,0.012253688771447502
2025-01-08,240.95138549804688,241.95411831821167,238.32048434869313,240.17700647488417,37628900,247.95160751342775,236.87988311767577,245.0402565821079,44.92650921849983,1.2850372137964428,3.3434030278215214,257.82414481890754,238.07907020794795,4.191204251639252,0.002022956880179061,0.002020913458281709,0.01166686295993745
2025-01-10,235.1435546875,238.42970445265777,231.32128701842691,238.28077607985776,61710900,247.40954132080077,236.95347900390624,244.0977135445262,37.30952043298073,0.37852040398314557,2.750426503053846,258.73770483863245,236.08137780296912,4.579696696495016,-0.024103745236999097,-0.02439899456828621,0.012705555467366994
2025-01-13,232.7112274169922,232.97928640713008,228.06495238182922,231.84750029737077,49630700,246.80939788818358,236.97307342529297,243.01328629428485,34.65923669995033,-0.5300589917114849,2.09432940410078,259.7956060118095,233.82318976455764,4.758189954293285,-0.010344009954856404,-0.010397881043220225,0.012821953454909826
2025-01-14,231.5992889404297,234.41882398797216,230.79512716232853,233.05869925952226,39435300,246.08068618774413,237.04123626708986,241.92623892725103,33.488102464409025,-1.3245700321471645,1.4105495168511912,260.66513454596486,231.4962378295234,4.67715473081831,-0.004778190072325272,-0.004789642117102857,0.012675864397558825
2025-01-15,236.15621948242188,237.2383779015073,232.74100113522098,232.94949481929564,39832000,245.57138214111328,237.283642578125,241.37671326583873,42.119762399791625,-1.568439550139857,0.8147517034529816,260.78170399642505,230.3610602858015,4.745864318693975,0.01967592630720172,0.019484857506042487,0.013638792779031435
2025-01-16,226.61541748046875,236.29517027818645,226.38707883563703,235.6399369865453,71759100,244.44058837890626,237.39473510742187,239.970875571994,32.585000144282574,-2.5027210752171527,0.1512571477189547,261.62854471347015,227.2526320443424,5.114594827540793,-0.04040038421542946,-0.041239148407913075,0.01569857073021204
2025-01-17,228.3230438232422,230.61639839146835,226.83385097126646,230.44762501944012,68488300,243.27405319213867,237.55783081054688,238.86155826258906,35.4035470906437,-3.069966082333167,-0.49298749829146965,261.4820662913615,225.06604009291587,5.035050976359279,0.007535349367483457,0.007507100444021199,0.015600799573170681
2025-01-21,221.0359344482422,222.8031087860845,217.79942737812888,222.38613659782595,98070400,242.01270599365233,237.54662353515624,237.16387980407984,29.697495590168984,-4.060711310616881,-1.206532260756552,262.5623513387275,221.46306064857717,5.427091366984567,-0.03191578586628063,-0.03243619741764869,0.016350005939482444
2025-01-22,222.21737670898438,222.5052806842356,218.2064751614249,218.2064751614249,64126500,240.72405853271485,237.5735238647461,235.74040331883265,31.62169095690912,-4.696414185929569,-1.9045086457911555,262.78919163851026,218.65892542691944,5.3464995209721495,0.005345023485395561,0.005330789545334119,0.01628817559465971
2025-01-23,222.04861450195312,225.3943300272927,220.69841220245485,223.12083531174778,60234800,239.19366531372071,237.5026385498047,234.4364234315108,31.489108485147852,-5.154414116881583,-2.554489740009241,261.9703989739516,216.4169316534898,5.3000293998197,-0.0007594464912267229,-0.000759735016802314,0.01531929706601603
2025-01-24,221.17491149902344,224.00438385368136,219.81478693461753,223.16050188156166,54697900,237.58086853027345,237.4196405029297,233.17342229508344,30.769826174656274,-5.524203315247149,-3.1484324550568226,260.66269624705217,214.49904081349473,5.2207127940514235,-0.0039347374667901835,-0.003942498912446965,0.015172788686041537
2025-01-27,228.20394897460938,230.47744375244469,222.36630723318075,222.40602753214387,94863400,236.17407989501953,237.53142944335937,232.70013912170495,42.20726921599345,-5.1902493749996665,-3.5567958390453915,257.9010438675666,214.44711592247242,5.512271326863554,0.031780446651685335,0.03128589893328554,0.01701803762509168
2025-01-28,236.54339599609375,238.4594987479956,229.147074251248,229.18679454547646,75707600,235.14355926513673,237.81000732421876,233.06616358593246,52.28024531161337,-4.204201375940954,-3.6862769464245044,254.63228800797526,215.6548305222982,5.851076930186602,0.03654383308858633,0.035891941520588014,0.019398779603706916
2025-01-29,237.63548278808594,238.13188043636077,232.32402189200354,232.43322998057818,45486100,234.33790664672853,238.0927554321289,233.50133684328043,53.425076163659575,-3.2966274858534916,-3.6083470543103022,251.92276247305858,216.75305082039847,5.847989902627361,0.004616855978554657,0.004606230989137493,0.019361452907811362
2025-01-30,235.8782196044922,239.05516137192973,235.50096771104396,236.95044029141235,55658300,233.6126693725586,238.27880493164062,233.7277066300625,51.292703759250145,-2.688177455720023,-3.4243131345922464,249.61607559570191,217.60926314941528,5.6841473139315335,-0.007394784495044493,-0.007422261455178434,0.0192433711410262
2025-01-31,234.2996826171875,245.40906406001392,231.75812916176676,245.40906406001392,100959800,232.8968635559082,238.49721984863282,233.7821805335982,49.38582596731235,-2.306760269209917,-3.200802561515781,247.358368211003,218.43535890081338,6.253203569954079,-0.006692169331918407,-0.006714662304453805,0.0192392890268042
2025-02-03,226.36724853515625,230.15973381299622,224.0738938399255,228.33299411580026,73063300,232.11056900024414,238.4970211791992,233.07599653374658,41.114126784612836,-2.6144280382405896,-3.083527656860743,246.19158302786667,218.0295549726216,6.53695965619036,-0.033855931828092656,-0.03444231699540432,0.019795549332551367
2025-02-04,231.12274169921875,231.45036595591674,225.01704170433482,225.61272492539547,45067300,231.58637390136718,238.58677001953126,232.88997226379155,46.860378427792654,-2.4463286528750814,-2.9560878560636104,244.97800963948006,218.1947381632543,6.529557127289757,0.021007867502192745,0.02079024483569272,0.02052207204398877
2025-02-05,230.7951202392578,230.99367626573292,226.625383087866,226.88350440739822,39620300,230.96438751220703,238.65567016601562,232.6904625471693,46.523550698740905,-2.3128835112565582,-2.8274469871022,243.2434862605152,218.68528876389885,6.384400090437113,-0.0014175215193116264,-0.00141852715339146,0.02041974066849656
2025-02-06,231.53970336914062,232.11552641696264,228.76979621063217,229.62360070928509,29925300,230.51812591552735,238.74899291992188,232.5808664349761,47.44807056045685,-2.1225778826900523,-2.6864731662197707,242.0069807071525,219.0292711239022,6.167352241572353,0.0032261649601210696,0.0032209720557260426,0.020343383378176424
2025-02-07,225.989990234375,232.31409120281862,225.62264568638093,230.9241838961893,39707200,229.77005615234376,238.70451599121094,231.95316393968073,41.66606861938332,-2.3920012684077108,-2.627578786657359,240.35710353992206,219.18300876476545,6.2047874754913055,-0.023968732161316564,-0.024260656362246783,0.02091571967682465
2025-02-10,226.25833129882812,229.1803610121675,225.81108525741098,228.16660736242451,33115600,229.32579498291017,238.6058383178711,231.41079892626618,42.03388844246367,-2.554422568105821,-2.6129475429470514,239.7175054017035,218.93408456411683,6.00225092401025,0.0011874024339522116,0.0011866980292349104,0.02032841351582823
2025-02-11,231.19793701171875,233.7919821040532,226.7353950927951,226.8049592810601,53718400,229.2501304626465,238.56246795654297,231.39052636297595,48.474484470588266,-2.2585228734722307,-2.5420626090520875,239.56388329813808,218.9363776271549,6.111636629811309,0.02183170752005026,0.021596808476413865,0.02087638884162199
2025-02-12,235.42196655273438,235.51142789245534,229.26980470124647,229.78663009476247,45243300,229.4412643432617,238.60615997314454,231.77447304771485,53.25731400430639,-1.6639948544791707,-2.3664490581375044,240.05926660094502,218.8232620855784,6.120921384196849,0.01827018699047267,0.01810529253078947,0.02123863368315613
2025-02-13,240.0535125732422,240.85855857207835,234.1299548746999,235.46175974105878,53614100,229.63612899780273,238.69482818603515,232.562953002527,57.874633908107505,-0.8097655860597115,-2.0551123637219457,240.86537300639782,218.40688498920764,6.16432726370982,0.019673380901226833,0.019482361213753675,0.021238516101594405
2025-02-14,243.10472106933594,244.04891051069433,239.51678905976664,239.77519417214083,40896200,230.4605941772461,238.79964599609374,233.56693091365165,60.63351821076165,0.11213170468161593,-1.6216635500412335,243.02373886875515,217.89744948573704,6.047741134225382,0.012710534677816021,0.012630433867233462,0.018986031303103227
2025-02-18,242.97552490234375,243.6811760890431,240.3615975750387,242.65747382373942,48822500,231.19321823120117,238.8411215209961,234.4629874840033,60.45297966529091,0.8228318057054196,-1.132764478891903,244.83493829978764,217.5514981626147,5.85287237563817,-0.0005314424435028942,-0.0005315837090901754,0.01898571507683538
2025-02-19,243.37306213378906,244.50609250836237,241.6735241546838,243.16435439309654,32204200,232.31007461547853,238.88339874267578,235.31156602207813,60.83936422890052,1.401983495275772,-0.6258148840583679,246.09929832191096,218.5208509090461,5.637136374069627,0.001636120475941416,0.0016347834889513875,0.017100246912550306
2025-02-20,244.3271942138672,245.27138364211797,242.7966000469895,243.4426355672204,32316900,233.41556549072266,238.9441632080078,236.170197278439,61.80394777947945,1.9158708995291533,-0.1174777273408637,247.3354782996123,219.495652681833,5.411254032716686,0.003920450651821117,0.003912785711978707,0.017101542011517906
2025-02-21,244.04891967773438,247.16972378813352,243.72093519653038,244.44646835255205,53197400,234.5155807495117,239.00333374023438,236.9205517926576,61.329477476869265,2.2744574110956535,0.36090930034643975,248.14261152022198,220.88854997880145,5.271077929780005,-0.0011389421346574835,-0.0011395912221460647,0.017108352293176973
2025-02-24,245.58944702148438,247.33868242018207,242.92582237394555,243.43269920852308,51326400,235.73630752563477,239.01567779541017,237.74616086206967,63.0219344371337,2.652372586769161,0.819201957630984,248.72348134482382,222.74913370644572,5.209776652384042,0.006312371084388646,0.006292531516075729,0.016983665649663006
2025-02-25,245.52978515625,248.4716967182176,243.41281661275679,246.48392314447185,48013300,236.60259933471679,239.0065759277344,238.48745841389638,62.90710601477306,2.913474155819273,1.2380563972686418,249.7745389628782,223.43065970655536,5.198998327603811,-0.0002429333424459612,-0.00024296285553030212,0.015834986686660335
2025-02-26,238.89065551757812,243.48240813544444,237.66817887883008,242.8363877176575,44433600,236.719962310791,238.89010711669923,238.52585813805655,51.632959110991365,2.5552217483624986,1.5014894674874133,249.9294754171641,223.5104492044179,5.389184609733533,-0.027040017301554142,-0.02741232539272758,0.015285095979021737
2025-02-27,235.84934997558594,240.9778097055873,235.61081167459415,237.94645181292123,41153600,236.63065567016602,238.68362365722658,238.27095259877365,47.43874353599435,2.0028090582775064,1.601753385645432,249.83835385804025,223.4229574822918,5.3875998541092205,-0.012730952307041576,-0.012812685314025334,0.015535651138818959
2025-02-28,240.36158752441406,240.61005923211764,228.7927454203557,235.5014815283524,56833400,236.8548240661621,238.56400939941406,238.47006068692988,53.476956628246086,1.9071336319547072,1.6628294349072872,250.15568960328207,223.55395852904215,5.846865136798701,0.01913186340897366,0.018951150587826152,0.01601944134386029
2025-03-03,236.57485961914062,242.53818006191796,234.66659889731284,240.31186830369816,47184000,236.96858291625978,238.3108807373047,238.28956534714044,48.4469771859542,1.5083653752189434,1.6319366229696186,250.2189106928134,223.71825513970614,5.991487710213444,-0.01575429728299993,-0.01587971521608139,0.016374606298082666
2025-03-04,234.4877166748047,238.60242278275774,233.24535811530478,236.25684921580154,53798100,237.37460632324218,237.9675601196289,237.9274845212037,45.88518000403753,1.0122550203910237,1.5080003024538997,249.77077700162678,224.97843564485757,5.946171778587695,-0.008822336184394208,-0.008861483408997367,0.014444254126479518
2025-03-05,234.29888916015625,235.1039350742086,227.82867612475383,233.98083809185871,47227600,237.53341369628907,237.72828033447266,237.58190401062774,45.64999126487046,0.5969657381419893,1.3257933895915177,249.68409323772804,225.3827341548501,6.041106576506772,-0.0008052767851814968,-0.000805601194703203,0.013728376422875256
2025-03-06,233.8914031982422,236.4059358119138,231.73467047090975,233.00684447444675,45170400,237.68822784423827,237.4463018798828,237.23042774278147,45.11262030197342,0.23228761134816978,1.1070922339428482,249.56741434787077,225.80904134060577,5.943260773970863,-0.0017391715486774206,-0.0017406856633066761,0.013731264975594116
2025-03-07,237.6085205078125,239.8944479764648,233.3248557337566,233.67272217403436,46273600,237.99166870117188,237.14534271240234,237.26643657754636,50.80193336406802,0.24044615651703793,0.9337630184576862,249.53234314338619,226.45099425895756,5.9879987360235285,0.015892492236748712,0.015767528829907364,0.014137273066852921
2025-03-10,226.08937072753906,234.71631625547707,222.84930513729455,234.10009611136832,72071200,237.99663772583008,236.59851318359375,236.2019541156409,37.74490133022156,-0.6748084832330505,0.6120487181195389,249.51670500093348,226.47657045072668,6.6145142099159875,-0.048479531607936166,-0.04969408076730761,0.01718511384682755
2025-03-11,219.48995971679688,224.4593937721428,216.1206840338927,222.4418047589131,76137400,237.65821914672853,235.86151794433593,234.61033560146527,32.57874016841126,-1.9106469456237107,0.10750958537088895,250.81860288411823,224.49783540933882,6.854097958753871,-0.029189390856835806,-0.029623876941397637,0.018390037682529982
2025-03-12,215.65354919433594,220.39439337943787,213.59621144659917,218.79423505763873,62547500,236.88099975585936,235.03151275634767,232.80492737221485,30.00749233137917,-3.163161145064862,-0.5466245607162613,252.98297078673448,220.77902872498424,6.850103956902787,-0.017478751772568413,-0.01763330877798748,0.017874977395585776
2025-03-13,208.39817810058594,215.5144112677834,207.14588618522245,214.6298526174969,61368300,235.52981033325196,234.12450561523437,230.48047506063114,25.851995418977495,-4.687204309996673,-1.3747405105723436,255.87186258880715,215.18775807769677,6.968501032060694,-0.03364364333837988,-0.034222613560581025,0.018338035117319813
2025-03-14,212.18490600585938,212.64208545758027,208.2988048386841,209.9585940343847,60107600,234.13638000488282,233.36054443359376,228.7380399125576,31.20662038771016,-5.525764628425748,-2.2049453341430247,256.7402874738907,211.53247253587497,6.780985288263227,0.018170638245434745,0.018007525147732135,0.018230431472396207
2025-03-17,212.6917724609375,213.904315554563,208.6864099217596,212.00598815128762,48073400,232.6157325744629,232.6420639038086,227.20982396478425,31.915369953909703,-6.079350862933126,-2.979826439901045,256.64852618423697,208.58293896468882,6.669336741444667,0.002388796001653981,0.002385947364125923,0.01781449495799095
2025-03-18,211.38978576660156,213.83473880015984,210.19712464056028,212.85080057479257,42432400,231.03644561767578,232.0279968261719,225.70315366019543,31.030988849344,-6.5476541064636535,-3.6933919732135667,256.26027727912555,205.81261395622602,6.452785128455731,-0.006121471833495873,-0.006140284857089379,0.017759571316007878
2025-03-19,213.92420959472656,217.4226803637017,212.443312738742,212.91044076829724,54385400,229.56400299072266,231.47434814453126,224.58134946348412,34.81740709961865,-6.637764956485142,-4.282266569867882,255.17057709688495,203.95742888456036,6.422792947644616,0.011989339120307863,0.011918036343686975,0.01816428155001244
2025-03-20,212.79119873046875,216.16047483161037,210.92268644075222,212.68187056105958,48862900,227.98720321655273,230.8654751586914,223.4584779651017,33.92084422281992,-6.7231032132634425,-4.770433898546994,253.6470254465571,202.32738098654835,6.338149765017012,-0.005296319039365671,-0.005310394256941094,0.01800841092413223
2025-03-21,216.93568420410156,217.5021918152461,209.9884097524224,210.26669685360034,94127800,226.63154144287108,230.39489013671874,222.83725951167312,40.006530194941,-6.382732884201516,-5.0928936956778985,251.60966524866518,201.65341763707698,6.422123500574633,0.019476771118162706,0.01928952619032132,0.018912588230139096
2025-03-24,219.380615234375,220.12603028720216,217.24376481580705,219.64896889973502,44299500,225.32109985351562,229.9634747314453,222.5080552947876,43.32268643343733,-5.848286044097534,-5.243972165361827,248.89380418738065,201.7483955196506,6.191282256469345,0.011270303635123158,0.011207266949328424,0.01910977974589579
2025-03-25,222.38217163085938,222.7300380772677,218.73460889257407,219.42039321145907,34493600,224.1637191772461,229.7082470703125,222.4960663744135,47.18255875943125,-5.1234723566145135,-5.219872203612364,245.85158530047747,202.47585305401472,6.0344356084853645,0.013681958149664553,0.013589205230334554,0.019557938719132587
2025-03-26,220.17575073242188,223.64442126802376,219.12223310716143,222.1436424317859,34466100,223.22797393798828,229.4575375366211,222.27508393231903,44.768948650617425,-4.673222019497587,-5.1105421667894095,243.88385223054652,202.57209564543004,5.926417933655148,-0.0099217526398655,-0.009971301239309248,0.018894675167465052
2025-03-27,222.4815673828125,223.61459773398053,219.21167130142226,220.03659916949772,37094800,222.5595848083496,229.27518310546876,222.2947490228422,47.77558106467519,-4.0832659026996225,-4.905086913971453,242.3870891862368,202.7320804304624,5.817597112148228,0.010472618545503964,0.010418160557748935,0.019035683525694517
2025-03-28,216.56793212890625,222.44180687800483,216.34927581514728,220.31488968867507,39818600,221.36990203857422,228.88341735839845,221.7493378900864,41.53124308044322,-4.046259610332498,-4.733321453243662,239.57062371959555,203.1691803575529,5.840075287542299,-0.02658033797348691,-0.026939982458131496,0.019015776181666905
2025-03-31,220.7720947265625,224.24075018814546,214.90815310911736,215.6833836525119,65299300,220.57976379394532,228.7665509033203,221.65626711260794,46.8498130139374,-3.6357800616810323,-4.513813174931136,237.39054377699767,203.76898381089296,6.089541129791284,0.019412673687782434,0.019226651343855584,0.019588670208886563
2025-04-01,221.82559204101562,222.31258685550372,217.56180927777046,218.46624988397502,36412700,219.94665756225587,228.63660186767578,221.67239329626582,48.12326409934598,-3.188706212875985,-4.248791782520106,235.52302480796425,204.37029031654748,5.993915161787139,0.004771877151222181,0.004760527836152876,0.019621553306274922
2025-04-02,222.52133178710938,223.81338775742097,219.66888130946384,219.96705040499884,35905900,219.3577796936035,228.66630981445311,221.75324458110808,48.992444740236834,-2.7465955400454334,-3.948352534025172,233.54807874264736,205.16748064455965,5.86181453937071,0.0031364268644220594,0.003131518538077227,0.019660143084095066
2025-04-03,201.9478759765625,206.22159255986557,200.01973301812973,204.2835010267849,103419000,217.76060333251954,228.2609197998047,219.86701899972277,31.94689086410999,-4.010099658298259,-3.9607019588797896,232.235975688355,203.28523097668406,7.050370555771349,-0.09245610587226716,-0.09701334582800457,0.028138779874067904
2025-04-04,187.22842407226562,198.658123727335,186.19477317599058,192.7047355778497,125910900,215.2415985107422,227.56451599121092,216.758581387584,25.193282938086824,-6.128526687377047,-4.394266904579242,232.32403670053634,198.15916032094805,7.671994287542819,-0.07288738162319253,-0.07568023387309798,0.03118729665897652
2025-04-07,180.35072326660156,192.96313526897592,173.55252535537636,176.1167553732534,160466300,212.9546661376953,226.7480322265625,213.29116632844284,22.77099595072491,-8.267070701068604,-5.1688276638771145,235.10933287947947,190.79999939591116,8.510466832261157,-0.03673427707221122,-0.03742597281875184,0.030555813095113876
2025-04-08,171.365966796875,189.17641711488596,168.175598539417,185.55866963100107,120859500,210.54846649169923,225.6112725830078,209.29829018257922,20.057851272740933,-10.565089225607778,-6.248079976223247,238.92190550837773,182.17502747502073,9.402634813918857,-0.04981824473442753,-0.05110199135496103,0.03154230726284542
2025-04-09,197.63441467285156,199.38365014436008,170.8392173737498,170.8988481608281,184395900,209.647509765625,224.83309295654297,208.18744489593848,41.86655208254901,-10.149642492896959,-7.02839247955799,238.45631610222918,180.8387034290208,10.769906096539673,0.15328859263586048,0.14261750713681454,0.04848776108514564
2025-04-10,189.25592041015625,193.58926741380884,181.88128226075605,187.9141823452429,121880000,208.6903968811035,223.86550170898437,206.38444256395923,38.27950907129635,-10.376854509673052,-7.698084885581002,238.84225054902348,178.53854321318354,11.12585083336509,-0.04239390329141013,-0.043318758103889396,0.04881462797154752
2025-04-11,196.93869018554688,198.32019241914816,184.9226007761468,184.96236474624945,87435900,207.9280860900879,223.08671112060546,205.48484709934854,43.0941390165001,-9.823744346891829,-8.123216777843169,238.45656479260995,177.39960738756585,11.288118034053396,0.04059460733772813,0.039792287598220406,0.049594870165065794
2025-04-14,201.28196716308594,211.63826622013798,199.9302804535287,210.14743595954587,101352900,207.35759582519532,222.42635681152345,205.08457281970448,45.6741664825596,-8.931972188705231,-8.284967860015582,237.93506813916204,176.7801235112286,11.531793605520376,0.022053954829531097,0.021814283763266547,0.04989274080028271
2025-04-15,200.90428161621094,202.26590170954893,198.57859009217825,200.6259945192588,51343900,206.83332061767578,221.91709747314454,204.68644984794318,45.48106062929463,-8.16163020311086,-8.260300328634639,237.4757698809084,176.19087135444317,10.971473463509684,-0.0018764003164226661,-0.0018781629607924968,0.049881535197737595
2025-04-16,193.0823974609375,199.47308245703653,191.19400339685228,197.1473909296092,59732400,205.79123001098634,221.1562905883789,203.58130200156168,41.561959094102356,-8.089043848400763,-8.226049032587863,236.8134369240207,174.769023097952,10.881388088927467,-0.0389333870455566,-0.03971155612436417,0.05045891871334824
2025-04-17,195.7758026123047,197.61449911758032,193.23145502579916,195.99445890478637,52164700,204.94046020507812,220.45590423583985,202.83792110734674,43.371490206139825,-7.725132830801982,-8.125865792230687,236.08117197416658,173.79974843598967,10.427867629478564,0.01394951164262448,0.013853112649901479,0.05061490486991736
2025-04-21,191.97918701171875,192.6152739871965,188.64966000796989,192.08851517151226,46742500,203.692635345459,219.66469390869142,201.80375595538217,41.42431356125804,-7.654845581951662,-8.031661750174882,234.8107571198454,172.5745135710726,10.192030127682582,-0.019392670339880458,-0.0195831751242472,0.05045344319559746
2025-04-22,198.51895141601562,200.35763286451953,194.7719939992729,194.92107095045932,52976400,202.64955215454103,219.1152731323242,201.49091742782343,45.92757358392201,-6.990851909353495,-7.823499782010605,232.98297054209158,172.31613376699048,10.062488393762452,0.03406496561472405,0.03349760352717913,0.05109180781606405
2025-04-23,203.3492431640625,206.7284521815966,201.56024391015845,204.74067860292737,52929200,201.69790573120116,218.65709136962892,201.66790083127478,49.04362155536013,-6.00563869981724,-7.459927565571933,230.65850666827245,172.73730479412987,9.930132134606632,0.024331640448394865,0.024040341808903035,0.05133826027864159
2025-04-24,207.09619140625,207.55338601533765,201.69939326414854,203.63746952607698,47311000,201.04392776489257,218.17505645751953,202.18488088603434,51.38405360076383,-4.866405827444083,-6.941223217946363,228.87462672094983,173.2132288088353,9.63897932150538,0.01842617254869472,0.018258467605509327,0.051535196312866356
2025-04-25,208.00062561035156,208.46775361357263,204.9394524859384,205.10841141990002,38222300,200.31988067626952,217.6266296386719,202.7387613359693,51.957649054374926,-3.84623824645476,-6.322226223648043,226.5918329855585,174.04792836698053,9.20250230765744,0.0043672179481435425,0.004357709325938793,0.051476544751770874
2025-04-28,208.85537719726562,210.2070638884643,206.1917677806294,208.71623364812058,38743100,199.9342529296875,217.00266693115233,203.32129617990228,52.52770153029307,-2.934944564997579,-5.64476989191795,225.45663032828227,174.4118755310927,8.831987579098687,0.004109370269468782,0.004100949867945665,0.05116593578838977
2025-04-29,209.91883850097656,210.94254069563792,207.09618845243054,207.4142395090872,36827600,199.3915901184082,216.33894927978517,203.94963354381412,53.270629947842444,-2.1026868522778557,-4.936353283989932,223.54338251618026,175.23979772063615,8.475870769392165,0.0050918550337657464,0.005078935378040382,0.05097097393658345
2025-04-30,211.20095825195312,212.2743578831654,205.4065960245207,208.0205233254963,52286500,198.86035842895507,215.70345794677735,204.6402358969702,54.20120697312466,-1.324393486367967,-4.213961324465538,221.4305953413929,176.29012151651725,8.361005847195917,0.006107692668900766,0.006089116314766413,0.050980244571559516
2025-05-01,212.0159454345703,213.2483553954001,207.62295230903422,207.80185982414434,57365700,198.33508911132813,215.07631561279297,205.3426844243607,54.817153287717865,-0.6345134559292944,-3.4980717507582897,219.09460559656486,177.5755726260914,8.165605649993772,0.0038588233186183096,0.003851397157946778,0.05098377063556116
2025-05-02,204.09466552734375,205.72463931330321,200.92416412992952,204.83013207172814,101010600,198.4424285888672,214.2716650390625,205.22382548178766,48.05265650345034,-0.7186752086586239,-2.9421924423383565,219.2975367391196,177.58732043861477,8.374618196754273,-0.03736171772830699,-0.03807755324706034,0.04713761602144199
2025-05-05,197.6741485595703,202.85230555244996,196.99831280299983,201.85841873478097,69018500,198.96471481323243,213.34416961669922,204.5048086320527,43.37996086469962,-1.2886018646802313,-2.6114743268067317,219.1838066756057,178.74562295085917,8.283313520153532,-0.03145852416663597,-0.03196397223700498,0.04453301535068
2025-05-06,197.29647827148438,199.42339557924856,195.81559653234874,196.99832434112832,51216500,199.81200256347657,212.3783102416992,203.8183009786652,43.11437820017199,-1.7505682208444,-2.4392931056142655,218.17502399200157,181.44898113495157,7.949348200635411,-0.0019105699497783402,-0.0019123974165845903,0.043542187037387485
2025-05-07,195.05029296875,198.2207944248892,192.0686324392914,197.9524407308952,68536700,200.9962188720703,211.36872039794923,202.98325259676852,41.48753518619224,-2.2717410514379424,-2.405782694779001,214.19813041579212,187.79430732834848,7.820977756704152,-0.011384822083056023,-0.011450125286668035,0.0417919667377385
2025-05-08,196.28273010253906,198.82707814993435,193.48989516366862,196.51131984408346,50478900,200.9286346435547,210.51656188964844,202.3451075973181,42.76367752896301,-2.555864482951847,-2.43579905241357,214.21228051649942,187.64498877060996,7.643563844529979,0.006318560792864414,0.006298682378986311,0.02382636039257396
2025-05-09,197.31634521484375,199.31405222350435,196.3323918231404,197.7834732241415,36453900,201.33165588378907,209.7459017944336,201.86617784660626,43.86935763802488,-2.666888023094259,-2.4820168465497083,213.62656615861093,189.0367456089672,7.3141180071325005,0.00526595035520816,0.005252133722544964,0.021655167541309115
2025-05-12,209.776123046875,210.2538252478288,205.75556156059073,209.95526516858178,63775800,201.97352752685546,209.1341925048828,202.61950596091756,55.123509945585994,-1.7295380007293488,-2.3315210773856365,214.619435855233,189.32761919847792,7.7157867232648245,0.06314620219863021,0.06123262724825943,0.02419203090423416
2025-05-13,211.9058380126953,212.3735786127325,207.99474788922345,209.4178625594749,51909300,202.50472106933594,208.6408120727539,203.50391853727737,56.72081447343129,-0.8055453306545814,-2.0263259280394257,215.862297133185,189.1471450054869,7.47743272328227,0.010152323033181476,0.010101134366084815,0.023854046549588333
2025-05-14,211.30873107910156,212.91098786371114,209.56714827780408,211.40824098508043,49325800,203.02494354248046,208.17723236083984,204.2472340174511,56.1177216146763,-0.12007190771282694,-1.645075123974106,216.8933302466736,189.15655683828732,7.182176070612613,-0.0028177936917338497,-0.0028217711458990735,0.023864776821175725
2025-05-15,210.43295288085938,211.93569971673273,208.53213606160298,209.93535780893234,45029500,203.89247131347656,207.6999136352539,204.83635009968046,55.19081656957648,0.3484856119141,-1.2463629767964648,217.32849036667915,190.45645226027398,6.912275183792408,-0.004144543359707931,-0.0041531557841528515,0.0218455132373656
2025-05-16,210.24388122558594,211.54759317457453,208.76105751069144,211.33859654598928,54737900,204.61587524414062,207.22696319580078,205.3513530640524,54.979684386508254,0.6965350965354276,-0.8577833621300863,217.7811847514721,191.45056573680915,6.617579503798885,-0.0008984888188138251,-0.0008988927018336325,0.021760899636853716
2025-05-19,207.7758026123047,208.47243269467637,203.2775387890809,206.90999202317107,46140500,205.40570602416992,206.63030883789062,205.5822530210288,52.17387626343586,0.7644019532671962,-0.5333462990506298,217.27541091002252,193.53600113831732,6.642491141849326,-0.011739122198914598,-0.011808569730999505,0.02139593181470658
2025-05-20,205.8650360107422,207.46729276724128,204.04383620537516,206.67113760639387,42496600,205.77301025390625,206.2258221435547,205.60918473433486,50.04453288304863,0.6564370328809446,-0.29538963266431495,217.2144683554434,194.3315521523691,6.434596517926484,-0.009196290316480504,-0.009238837244430798,0.020377807327399324
2025-05-21,201.1179656982422,206.04415370597744,199.74461367242378,204.18315305948536,59211800,205.66144638061525,205.8583822631836,205.18144958804032,45.117961564236424,0.1856846967335457,-0.19917476678474283,217.23798023491796,194.08491252631254,6.424949626185567,-0.023059138183388672,-0.02332915915357061,0.020401316210221166
2025-05-22,200.39151000976562,201.77482385442195,198.73949054480968,199.74464241928678,46742400,205.32621231079102,205.55314147949218,204.72526486629988,44.39765672740358,-0.24320530470473045,-0.20798087436874035,217.10370592218294,193.5487186993991,6.18283417500176,-0.00361208749280284,-0.0036186268326917023,0.019923000638781548
2025-05-23,194.33078002929688,196.74908474491085,192.52948833207407,192.73846975457602,78432900,204.6427200317383,205.2717935180664,203.73531392944244,38.82818008970212,-1.0599356996614517,-0.37837183942728264,217.27561826992144,192.00982179355515,6.302776139479604,-0.03024444488777689,-0.030711244282259284,0.020871036792862355
2025-05-27,199.2470245361328,199.77447409530296,196.48038197740732,197.34620772495165,56288500,204.16230239868165,205.01303588867188,203.3078577967463,44.869595993965525,-1.295566097447903,-0.5618106910314067,216.8485281331186,191.4760766642447,6.241413134231495,0.02529833156690242,0.02498362542924931,0.02177904564187855
2025-05-28,199.45599365234375,201.75488030334262,198.9384905597645,199.62517414339177,45339700,203.63916015625,204.7483203125,202.9410135925175,45.11771090533161,-1.4487426209453247,-0.7391970770141902,216.19495320111943,191.08336711138057,5.9967686063276835,0.0010487941624093278,0.0010482445620566365,0.021727192407624787
2025-05-29,198.98826599121094,202.8297005493605,197.55518975609246,202.60081106845576,51396800,203.02852554321288,204.5002899169922,202.5645614400121,44.6335179779568,-1.5895544385798814,-0.9092685493273285,215.23698349996891,190.82006758645684,5.945178762537709,-0.0023450168258571935,-0.0023477706838852847,0.021636414203811037
2025-05-30,199.88394165039062,200.98860329086406,195.83351057352263,198.4110493394953,70819900,202.42192535400392,204.21948455810548,202.309264317191,45.83233769812768,-1.6103125970931274,-1.0494773588804884,213.97171015004116,190.87214055796667,5.88874404502369,0.004501148119051557,0.004491048247859938,0.02164722094098901
2025-06-02,200.72984313964844,201.15778278546435,199.15744093584797,199.31667499872813,35423300,202.25368423461913,203.97825744628906,202.15884325266313,46.99952462552089,-1.5407456498097645,-1.1477310170663437,213.79913030847405,190.7082381607642,5.611001031066024,0.004231963219623491,0.004223033647493233,0.020085858284324697
2025-06-03,202.2923126220703,202.78990771325485,199.99342573046133,200.38154929416936,46381600,202.48459243774414,203.68539001464845,202.1715546211781,49.1778838704442,-1.3440418361061575,-1.1869931808743066,213.83756207929014,191.13162279619814,5.409963956189417,0.0077839421283005805,0.007753803547719915,0.018792162194718506
2025-06-04,201.84446716308594,205.24801554678163,201.1279290627925,201.9340306292736,43604000,202.7119918823242,203.33466705322266,202.14040343469316,48.56179160880847,-1.210338009150746,-1.1916621465295947,213.81972450448006,191.60425926016836,5.317829851032253,-0.0022138530781495858,-0.002216307273696679,0.018795028206951836
2025-06-05,199.66500854492188,203.76518718349973,199.18730633012683,202.52119947175674,55126100,202.9427276611328,202.8803237915039,201.90465154042923,45.56981419689124,-1.2656512195759433,-1.2064599611388644,213.58628268048813,192.2991726417775,5.264976351199443,-0.010797712955902372,-0.010856431323701435,0.018774613254901512
2025-06-06,202.93917846679688,204.7106157617459,201.07817770068002,202.0236053289331,46607700,203.2755500793457,202.5355923461914,202.00317791436902,50.50354010093267,-1.0333770605335815,-1.171843381017808,213.47217056973585,193.07892958895553,5.249307127315485,0.016398316088211073,0.01626531572126686,0.019048753157884683
2025-06-09,200.48106384277344,205.0091823144686,199.05794913802782,203.40692547634254,72862600,203.43378601074218,202.09558227539063,201.85821466945515,47.05506437874655,-1.0357084209149718,-1.1446163889972407,213.3499506486938,193.51762137279056,5.299444702253006,-0.012112568123092138,-0.012186523072653214,0.019279125825699225
2025-06-10,201.6951904296875,203.36711781582227,199.60530017876516,199.63515466910712,54672600,203.0297393798828,201.79812744140625,201.84268855138205,48.910655162791876,-0.9288786374039546,-1.1014688386785836,212.52904469712783,193.5304340626378,5.189614197596156,0.006056066162269724,0.006037801896229863,0.012688408555364138
2025-06-11,197.8238983154297,203.51638723180633,197.45568281643992,202.5211970741936,60989900,202.32564239501954,201.3391635131836,201.4599466241485,43.656710998777235,-1.1434156008913305,-1.1098581911211332,211.15269864858746,193.49858614145163,5.251834927436889,-0.019193775052397055,-0.019380367014047398,0.012917808057244908
2025-06-12,198.24188232421875,198.71956936233477,196.4107360236097,198.12246436103902,43904600,201.67229995727538,200.86748931884765,201.1534643098695,44.35177010030509,-1.2651262855333982,-1.1409118100035862,209.63507205886037,193.7095278556904,5.041620528243187,0.00211290957436594,0.002110680520238856,0.012975478548345106
2025-06-13,195.50511169433594,199.40625545491926,194.7587190445596,198.769334334526,51447300,200.92590789794923,200.3271649169922,200.61552596553295,40.80257007528225,-1.5643841509782703,-1.225606278198523,208.23578952499957,193.61602627089889,5.013471662680078,-0.013805209059743029,-0.013901387156723033,0.01319413850215057
2025-06-16,197.4656219482422,197.73432753277095,195.61456771612566,196.35101387226533,43020700,200.28699493408203,200.23751983642578,200.31553510674334,44.24465384812966,-1.6246237215881365,-1.305409766876446,206.35587627117678,194.21811359698728,4.814596246662573,0.010027923244132042,0.009977977247371364,0.013533272376933024
2025-06-17,194.69898986816406,197.43576263348734,194.27106541566712,196.2514839890114,38856200,199.633154296875,200.38693115234375,199.78062603640245,40.652364059870294,-1.8740057309144902,-1.419128959684055,205.12405608104018,194.14225251270983,4.698879124227751,-0.014010702484725579,-0.014109778885394917,0.013619354950299296
2025-06-18,195.6344757080078,196.6197193940347,194.13174409281177,194.9975546383106,45394700,199.1216262817383,200.69260620117188,199.38575457655534,42.35660352304058,-1.973408654348873,-1.5299848986170186,204.0748045456974,194.16844801777918,4.540957422584548,0.004804780140241993,0.00479327402565838,0.01365236269837884
2025-06-20,200.03323364257812,200.72986375748766,195.9131467510872,197.28651411005004,96813500,199.06738967895507,201.26595153808594,199.4474192495099,49.674596492093734,-1.6779013812978576,-1.5595681951531866,203.95526650444086,194.17951285346928,4.580559610219928,0.022484574452693362,0.022235522711187918,0.013832135855903297
2025-06-23,200.53082275390625,201.3269779408771,198.00304635957568,200.6602023375907,55814300,199.0743553161621,201.32387969970702,199.55060053564287,50.441057288864954,-1.3875634874761715,-1.5251672536177838,203.97015087190104,194.17855976042316,4.490800465297178,0.0024875322078592443,0.002484443420861018,0.013819703209672837
2025-06-24,199.3365936279297,202.46149014710028,199.23706853700068,201.61557243039425,54064000,199.32464599609375,201.5254931640625,199.53021892538447,48.530674139087935,-1.2395442304290896,-1.468042648980045,203.7100404950813,194.9392514971062,4.400344832783065,-0.0059553394813630645,-0.005973143235657363,0.011951299159015471
2025-06-25,200.5905303955078,202.690382284235,199.65504919597097,200.48105886821313,39525700,199.3918212890625,201.59852996826172,199.63120097015812,50.644384756312135,-1.0094197230163786,-1.3763180637873118,203.8114278865025,194.9722146916225,4.325590820177512,0.006290549791969635,0.006270846868604022,0.010628370630179613
2025-06-26,200.03323364257812,201.66534499125092,198.5006473897771,200.461158146952,50799100,199.42068328857422,201.57355529785156,199.66948979610288,49.66811400670669,-0.8620761066388241,-1.2734696723576142,203.84911966714833,194.99224691000012,4.242669875984391,-0.0027782804693264884,-0.0027821470538075877,0.010650308807590811
2025-06-27,200.11282348632812,202.2425296541318,199.03801637565215,200.91892502298623,73188600,199.47691116333007,201.55772613525392,199.7117120523148,49.81689666548761,-0.7304626748570797,-1.1648682728575073,203.9105120847412,195.04331024191893,4.168515833305482,0.00039788310322586007,0.00039780396873409935,0.010633480719376164
2025-06-30,204.1831512451172,206.39247448465787,198.30157410241034,201.03834688076608,91912800,199.6918716430664,201.7797412109375,200.13756340401025,56.84303115255273,-0.2943238666362902,-0.9907593916132639,204.5774206886649,194.80632259746793,4.448686158229913,0.020340164552558715,0.020136066358567607,0.011513464328064126
2025-07-01,206.82041931152344,209.17901505124104,205.1484920031366,205.6759415551798,78788900,199.99640045166015,202.00063354492187,200.77402587139244,60.68397633684267,0.2611148045506866,-0.7403845523804738,205.77960023228707,194.21320067103323,4.487770275936623,0.012916188482370305,0.012833485893462695,0.011796972800157542
2025-07-02,211.41819763183594,212.3138626915596,207.13887695509675,207.90517762155153,67941800,200.45269470214845,202.3894137573242,201.7877565152442,66.3129430579331,1.0600862242856408,-0.380290397047251,208.04544318716324,192.85994621713365,4.55960406908659,0.02223077554729791,0.0219872740669951,0.0126121547413367
2025-07-03,212.5228729248047,213.61757304735917,210.79123648824356,211.12959751601144,34955800,200.9866149902344,202.6694921875,202.81014855424996,67.5163037740162,1.76210247423748,0.04818817720969526,210.22024810019207,191.7529818802767,4.435799246945806,0.005225071944338744,0.0052114686209139265,0.012582181789594315
2025-07-07,208.94017028808594,215.18996325511674,207.79570768244494,211.65703516300363,50229000,201.45037307739258,202.78131072998048,203.39396014794863,60.027019047514045,2.0062346252679504,0.43979746682134635,211.28409942154238,191.6166467332428,4.6471175559262345,-0.01685796256851091,-0.017001675446657684,0.012989611574279282
2025-07-08,208.99986267089844,210.41303075844314,207.447368579945,209.08944131875765,42848900,201.75340728759767,202.81938415527344,203.9278556263248,60.1064203316714,2.179404966439023,0.7877189667448817,212.11152030148168,191.39529427371366,4.527013600395657,0.000285691270999644,0.000285650469019476,0.012565387756753244
2025-07-09,210.1244354248047,210.3135239719546,206.22329208627588,208.52217876921287,48749400,202.2355758666992,202.8618603515625,204.5180060833229,61.6518824516519,2.379952718762837,1.106165717148473,213.19238242245103,191.27876931094738,4.495814906487304,0.005380734415491251,0.005366309983622754,0.01216702269226441
2025-07-10,211.3883514404297,212.45319704499605,209.0197939340788,209.49748097232364,44443600,202.72023391723633,202.9125198364258,205.17232468876165,63.3694511862473,2.61078026705772,1.4070886271303222,214.37391544080958,191.06655239366307,4.419928349660872,0.0060150834579031365,0.005997065062067719,0.012166381871096298
2025-07-11,210.14434814453125,211.1096837700706,208.85059795908091,209.55718962168862,39765800,203.3362564086914,202.91703002929688,205.64585073216827,60.49738353486094,2.6626388494728417,1.6581986715988264,215.19032879584336,191.48218402153947,4.2854872876385794,-0.005884918858686472,-0.005902303230973185,0.01125156855467787
2025-07-14,207.61654663085938,209.8955403849565,206.54173953773955,208.92024318716173,38840100,203.80498962402345,202.845341796875,205.83353605585313,55.03868751348172,2.4712773462917994,1.820814406537421,215.5571739429449,192.052805305102,4.23671023900666,-0.01202888174719463,-0.01210181419919458,0.011749252130841444
2025-07-15,208.10421752929688,210.87084499335577,207.9151289669034,208.21368905566166,42296300,204.4349449157715,202.76710723876954,206.04979143427636,55.866045970281704,2.3320900596715717,1.9230695371642512,215.6797454464279,193.1901443851151,4.16653796211307,0.0023489018883671164,0.0023461475306273865,0.011116373114864105
2025-07-16,209.149169921875,211.37838618562168,207.63647661047767,209.28849593835915,47490500,205.0191223144531,202.86819732666015,206.34497033785718,57.6637629968169,2.2798216919591425,1.9944199681232297,215.9649423841517,194.07330224475453,4.136207363043851,0.00502129368152282,0.005008729029390798,0.011010053372116406
2025-07-17,209.0098419189453,210.78127919114968,208.58190225319882,209.5571995447156,48068100,205.7346649169922,203.09491119384765,206.59876763129415,57.328453917048456,2.2017753330680137,2.035891041112187,215.71700502262712,195.75232481135725,3.9978623326800653,-0.0006661656987771991,-0.0006663876857385205,0.010311195817741868
2025-07-18,210.16424560546875,210.77131219576944,208.69136845628208,209.85573909301036,48974600,206.46115341186524,203.35226654052735,206.9383369621679,59.43327994280001,2.207625627071792,2.0702379583041077,215.4643442048854,197.45796261884507,3.8608681474520155,0.0055232025244587035,0.005508005572943266,0.010316853067958693
2025-07-21,211.4580078125,214.74213848423943,210.61210526026528,211.07984586548804,51377400,207.03239212036132,203.68042083740235,207.36878180505667,61.71264868668285,2.2902571659311093,2.114241799829508,215.77780635156475,198.2869778891579,3.912084199689063,0.006155957704908399,0.006137087201690622,0.009347539867929824
2025-07-22,213.36875915527344,213.91611676733493,211.20919838168209,212.1148250502387,46404100,207.67428894042968,204.02214141845704,207.94020821936303,64.85359158626224,2.4813217873563076,2.187657797334868,216.30041046517866,199.0481674156807,3.8260009272579043,0.009036079373582862,0.008995498287768371,0.0094493312792283
2025-07-23,213.11997985839844,214.11517007989065,211.38835859165647,213.96589762082587,46989300,208.36345825195312,204.3382141113281,208.43351980403307,64.1160840651615,2.5828934780400914,2.266704933475913,216.3970024567202,200.32991404718604,3.747487395899067,-0.001165959336596023,-0.0011666395960046021,0.00926533625539917
2025-07-24,212.73182678222656,214.65255153978734,212.5029373149323,212.87115278650074,46022600,208.97052307128905,204.39732818603517,208.8428823733848,62.91395013621082,2.602073976310919,2.333778742042914,216.3729935333308,201.5680526092473,3.633353597967351,-0.0018212890055159248,-0.0018229495688869162,0.00930909310473755
2025-07-25,212.8512725830078,214.2047317845148,212.37357038101962,213.6673206036272,40268800,209.61142501831054,204.4162368774414,209.22463382192032,63.14296244635295,2.5969766074821905,2.3864183151307694,215.95102773509396,203.27182230152712,3.5046255840764813,0.0005614853338495873,0.0005613277599403902,0.009229911959784455
2025-07-28,213.02047729492188,213.8166325366559,212.03523347491873,213.000569237894,37858000,210.25680770874024,204.4504718017578,209.58614272411094,63.486934214815065,2.5768855792080103,2.4245117679462176,215.03217456485507,205.4814408526254,3.3815379753379595,0.000794943388689795,0.00079462758854526,0.009224104443151908
2025-07-29,210.25381469726562,213.77678093648746,209.8059821935656,213.14980632007004,51411700,210.56034088134766,204.44688903808594,209.64973053107806,54.526333969208764,2.3110760982204965,2.4018246340010734,214.44077130682734,206.67991045586797,3.423628030165381,-0.012987777667148315,-0.01307285630936894,0.008965883416811059
2025-07-30,208.04449462890625,211.36842593737322,206.72088996610802,210.88077731884883,45512500,210.6215446472168,204.40290130615233,209.4968509213474,48.62440268622275,1.9002417005609402,2.301508047313047,214.2973099398681,206.94577935456553,3.5110500259582254,-0.010507871505401556,-0.010563469004408767,0.008926520727863912
2025-07-31,206.57162475585938,208.83069544134486,206.16359315375274,207.48719786288635,80698400,210.37921600341798,204.37881774902343,209.2182579532057,45.118252279616236,1.43921382989447,2.1290492038293314,214.43258458151945,206.3258474253165,3.4507680446463604,-0.007079590717716688,-0.007104769929467977,0.0074213313306618015
2025-08-01,201.40660095214844,212.5527283441607,200.530828701964,209.8557561748323,104434500,209.82340240478516,204.28964904785155,208.47429061977166,35.46158902163377,0.649583669618778,1.833156096987221,215.334898841922,204.3119059676483,4.06299173018567,-0.02500354930071025,-0.025321448299336583,0.008974117317067308
2025-08-04,202.37193298339844,206.88014336875773,200.70995198839026,203.52634207300898,75109300,209.49499053955077,204.31472839355467,207.89311370202185,38.12700519935174,0.10053144204243836,1.4866311659982645,215.88983495336134,203.1001461257402,4.2135059909129415,0.004792951306890725,0.0047815016861833684,0.008460420372602983
2025-08-05,201.94400024414062,204.35235878558626,201.18766113385618,202.42168730403617,44155100,209.1421974182129,204.3457781982422,207.3265314679379,37.38980833375082,-0.36492042419934023,1.1163208479587436,216.33598944314687,201.94840539327893,4.138591109542737,-0.0021145854217488047,-0.0021168243142782126,0.008449856252763528
2025-08-06,212.2243194580078,214.34407953630614,204.60115854716602,204.64097466073486,108483100,209.24719161987304,204.7036489868164,207.7929874669922,58.266169575689204,0.09465039195046643,0.9119867567570883,216.55564463824797,201.9387386014981,4.728697408301506,0.05090678208532462,0.049653393465815224,0.014452503608648208
2025-08-07,218.9716796875,219.78774287041324,215.5382768294147,217.8272171299369,90224800,209.62635803222656,205.09814208984375,208.85762482132625,66.22600643070069,0.9918853187287198,0.9279664691514146,218.04268962079982,201.2100264436533,4.931177837166071,0.0317935298212948,0.031298579040477045,0.016025271111291886
2025-08-08,228.2468719482422,229.88892965735022,218.19544514014734,219.76784743364436,113854000,210.5314842224121,205.6739596557617,210.70421978579444,73.6624461665022,2.4234449964777127,1.227062174616674,222.22971779317794,198.83325065164627,5.414199742882985,0.0423579536585692,0.041485409923810924,0.01826820563839723
2025-08-11,226.34388732910156,228.71513292468896,223.9327956372812,227.08116933177635,61806100,211.4678512573242,206.22107208251953,212.19371193277607,70.24504935961671,3.3656146889538263,1.6547726774841047,224.9455581078634,197.99014440678502,5.36906671034904,-0.008337396271402842,-0.008372346759315892,0.018112571888183222
2025-08-12,228.8048095703125,229.95058632959714,226.2343181614284,227.17084589508121,55626200,212.502880859375,206.79948944091797,213.77572123158905,72.05083192066476,4.2617401289225825,2.1761661677718003,227.83959025802304,197.16617146072699,5.251009671621875,0.010872492605169315,0.010813812010512562,0.018159993867153286
2025-08-13,232.47125244140625,234.1351043372746,229.58191650034667,230.2195756343437,69878500,213.66898498535156,207.43431762695312,215.5562480134764,74.53083719473949,5.207745644211315,2.782482063059703,231.19819367157731,196.1397762991258,5.256672892717606,0.016024326053194482,0.01589729183540452,0.018329526043155846
2025-08-14,231.92327880859375,234.25466305951576,230.0003892485326,233.1985666998313,51916300,214.81465682983398,208.0269369506836,217.1150128511066,73.48139020552793,5.845857531415874,3.395157156730937,233.90196221950845,195.7273514401595,5.185072958308003,-0.0023571672929779686,-0.002359949785194589,0.01836312565786854
2025-08-15,230.73765563964844,233.417757832359,228.49593650929467,233.1387895567921,56038700,215.84332733154298,208.60480072021485,218.4124074023963,71.1471074923861,6.184603657128463,3.9530464568104424,236.0045695636744,195.68208509941155,5.166269270076312,-0.00511213525022558,-0.005125246918470202,0.0185119119661531
2025-08-18,230.0402374267578,232.26202593201924,229.26310933608104,230.8472538899505,37476200,216.77243881225587,209.21230529785157,219.51981978566883,69.74360948592934,6.32388872830083,4.42721491110852,237.73638265786403,195.80849496664771,5.011458364780732,-0.0030225591525460116,-0.0030271363099408618,0.01859118504595656
2025-08-19,229.71144104003906,232.01293684851592,228.50590285589897,230.4287923573085,39402600,217.58957290649414,209.7477505493164,220.49045038132314,69.05201843577763,6.334719328959181,4.808715794678653,239.22247973240613,195.95666608058215,4.903999481054748,-0.0014292994582021379,-0.0014303218810211283,0.01860056002819361
2025-08-20,225.17819213867188,229.6217843388592,224.93908515924198,229.13358225147155,42263900,218.1924835205078,210.24169311523437,220.93690197726113,60.18993150728408,5.909387615645613,5.028850158872045,239.9651872770858,196.41977976392982,4.894596366750629,-0.019734536864348118,-0.019931863248420733,0.019314262074267195
2025-08-21,224.072265625,225.6863136691638,222.95639256938466,225.43723377620466,30621200,218.75950546264647,210.68923461914062,221.23550803895054,58.22664892984771,5.42058501163811,5.107197129425257,240.52450457720727,196.99450634808568,4.739976704824095,-0.004911339340493592,-0.004923439602806354,0.019366557022386058
2025-08-22,226.9217529296875,228.2468598588307,224.58041092619504,225.33760837029214,42477800,219.46302947998046,211.2711917114258,221.77705517140168,61.693656587941454,5.203156488511695,5.126389001242545,241.32803384484632,197.5980251151146,4.699592242610281,0.012716822837219421,0.012636643084641422,0.019483801070820435
2025-08-25,226.323974609375,228.45609804536198,225.3973894325087,225.6464693442017,30983100,220.12820434570312,211.8328335571289,222.21009511787534,60.5581588708847,4.925825255512962,5.086276252096629,241.9781884040478,198.27822028735844,4.582386269056209,-0.0026342927136550065,-0.002637768568326629,0.01952282611979031
2025-08-26,228.46604919433594,228.6453946309622,223.86305742355088,226.03502689374838,54575100,221.03881607055663,212.49205230712892,222.80590026801445,63.17382032788642,4.823285934379641,5.033678188553231,242.68386551966378,199.3937666214495,4.596668478938716,0.009464638417816973,0.00942012934872984,0.01918490011639644
2025-08-27,229.6417236328125,230.05020313892598,227.41991984776428,227.7686378094015,31259500,222.11867752075196,213.1355743408203,223.4569310646619,64.56287704723539,4.781768633035341,4.983296277449654,243.21074447510657,201.02661056639735,4.456212394097501,0.005145948129371858,0.0051327529866178855,0.01886414779007869
2025-08-28,231.70408630371094,232.55096405412047,228.4959359400532,229.9704999102399,38074700,223.37530059814452,213.87567626953125,224.2423744207618,66.92004672697438,4.8592667025035325,4.958490362460429,243.58897726877643,203.1616239275126,4.427556374095343,0.008980783797791325,0.0089406963910999,0.0186583439790408
2025-08-29,231.28562927246094,232.52107103838586,230.51845893056873,231.65426265633033,39418400,224.86925201416017,214.5886993408203,224.91316059711409,65.96132564029298,4.8312271168019265,4.933037713328729,242.63593623860487,207.10256778971547,4.254346069361185,-0.0018059976322623017,-0.0018076304121467212,0.01730692360019902
2025-09-02,228.87454223632812,230.00038826150748,226.1346633063032,228.4062708029861,44075600,226.19438247680665,215.16552551269533,225.290435038944,60.57632603807739,4.56186463376244,4.858803097415471,240.70692128286606,211.68184367074724,4.318390347703796,-0.010424716156024028,-0.010479434121202637,0.017741808225803804
2025-09-03,237.59234619140625,237.9709525201245,233.49747185558658,236.33698891571112,66427800,227.97679977416993,215.90675598144531,226.46204562489277,70.0857350954088,4.994275942512502,4.885897666434878,238.28564280291977,217.6679567454201,4.6596774859961245,0.038089880464190706,0.037382371037568494,0.018971044362309633
2025-09-04,238.89749145507812,239.01704493171877,235.86868682669095,237.5723846793371,47549400,229.31045837402343,216.69797393798828,227.64637379919614,71.20553862152764,5.380259057951349,4.984769944738172,237.8767783355487,220.74413841249816,4.551726101641246,0.005493212574366524,0.0054781799087972784,0.016108483204010315
2025-09-05,238.80784606933594,240.43185187342493,237.61226559630578,239.1167027112504,54870400,230.30226669311523,217.46232025146483,228.70937115825706,71.00891750425265,5.614202789327692,5.110656513656076,238.43301748115314,222.1715159050773,4.428001828461097,-0.0003752462413739721,-0.0003753166638625385,0.01496934005418434
2025-09-08,237.0045166015625,239.2661511981365,235.47017586985078,238.41928864081726,48999500,230.74014892578126,218.20174591064452,229.49938501000045,67.00090667830528,5.589657176431729,5.206456646211207,239.31226921390405,222.16802863765847,4.382857078448571,-0.0075513828270526995,-0.007580038871342318,0.012225989757884867
2025-09-09,233.48751831054688,237.90120710535396,232.5011563745861,236.12775932745953,66313900,231.09733047485352,218.8692398071289,229.8792072291001,59.89984253295268,5.2261682180255775,5.210398960574081,239.50061055468169,222.69405039502536,4.45551376789995,-0.014839372436636689,-0.01495057743672432,0.012594945199700261
2025-09-10,225.955322265625,231.56460664903227,225.118417424808,231.33545739080094,83440800,230.95485610961913,219.30468322753907,229.50550389924533,48.13387331621858,4.280967005229002,5.024512569505066,239.60186944291777,222.30784277632048,4.7350557048884445,-0.032259523333079354,-0.03279133026830906,0.014480540397746272
2025-09-11,229.18341064453125,229.60186307827533,225.81584532196928,226.04500979013486,50208600,230.79046401977538,219.75194305419922,229.47482835117734,52.44514483460801,3.7491501193868544,4.769440079481424,239.44092370638026,222.1400043331705,4.6672672799897015,0.014286401163462914,0.014185312195141271,0.01438086091917589
2025-09-12,233.20855712890625,233.6469250222829,228.17713965402348,228.3764005514914,55824200,230.854727935791,220.18775024414063,229.8304215681039,57.22022840800885,3.610853417046002,4.53772274699434,239.55683770145714,222.15261817012487,4.7245900005803945,0.01756299233463321,0.017410545346720832,0.014933004066366698
2025-09-15,235.828857421875,237.31337916896246,234.16500543557729,236.12775635652346,42699500,231.10928802490236,220.65386993408202,230.40170117322498,60.03364905368776,3.670378777134914,4.3642539530224544,240.07662668596504,222.14194936383967,4.680320860542953,0.011235866836225794,0.011173213358389153,0.015063296605762085
2025-09-16,237.2735137939453,240.33222235518573,235.45026224943368,236.30708253667353,63421100,231.47095184326173,221.2205368041992,231.0561595180555,61.53559200382367,3.79043102025139,4.249489366468241,240.81230730284125,222.1295963836822,4.694723663772175,0.006125867664642737,0.006107180813938619,0.01506724469348257
2025-09-17,238.11044311523438,239.21635855568803,236.85507060288438,238.09051246512186,46508000,231.8909019470215,221.80274841308594,231.72799605112016,62.416766642060765,3.908056842963987,4.181202861767391,241.62501118620784,222.15679270783514,4.52804968441728,0.0035272766349128126,0.003521070384509501,0.015054569739036062
2025-09-18,237.0045166015625,240.31228984200703,235.77903252032195,239.08682096339746,44249600,232.48221817016602,222.3403500366211,232.23052181782896,60.44618689061664,3.8674555081813367,4.1184533910501795,241.94646560724212,223.01797073308992,4.528421658507837,-0.0046445947485665995,-0.00465541439366613,0.014270716767274027
2025-09-19,244.59646606445312,245.3935247988757,239.32594197772087,240.34217704154452,163741300,233.50842819213867,223.00451232910157,233.40823079369792,67.93112474312579,4.397197376736841,4.174202188187512,243.53664296645775,223.48021341781958,4.804177839851077,0.03203293157342535,0.0315305769896094,0.015571018505317821
2025-09-22,255.13751220703125,255.69547916115815,247.2068166293636,247.38616206443075,105517400,234.91921615600586,223.90437561035156,235.47768616639632,75.00386605782424,5.603007964594411,4.459963343468893,248.2417683779324,221.59666393407932,5.253808929626359,0.043095660015793014,0.042192888031361925,0.017744166597582954
2025-09-23,253.4936065673828,256.3929004583055,252.64674396870498,254.93828225227924,60275200,236.27769775390624,224.82191680908204,237.1934881093474,72.32488494655087,6.352741645199217,4.838519003814958,251.2554969607486,221.2998985470639,5.146119469624515,-0.0064432141923312924,-0.0064640612933677165,0.01786204966977344
2025-09-24,251.38140869140625,254.79879299943292,250.11607847800005,254.2807025242173,42303700,237.42346572875977,225.68746063232422,238.54471864097206,68.91872052948767,6.699249494367876,5.210665101925542,253.3138206097796,221.53311084773992,5.113019116182255,-0.008332351669844251,-0.008367259758244473,0.018113243017190875
2025-09-25,255.9246063232422,256.22352044118514,250.7836088309123,252.27808820484515,55202100,238.73760986328125,226.62296936035156,240.1999460392835,71.97590194756201,7.256805603300393,5.619893202200513,256.11411174569,221.3611079808725,5.136368580045869,0.01807292613835698,0.017911552240696984,0.018349886075168683
2025-09-26,254.5198211669922,256.65194458214916,252.84599627139946,253.1648258525147,46076300,239.8783966064453,227.5331689453125,241.56374367049386,69.69321789938272,7.498876039677128,5.9956897696958364,258.22666050497884,221.53013270791178,5.041338560810429,-0.0054890585803059055,-0.00550417881832015,0.018493906557101175
2025-09-29,253.4936065673828,254.06151607705354,252.07883445903423,253.6231329894407,40127700,240.9887954711914,228.39975616455078,242.69992108924518,67.99669603314862,7.521211814764968,6.300794178709663,259.8046001018681,222.17299084051467,4.855599142749538,-0.0040319633846358505,-0.004040113664132518,0.018542817916088618
2025-09-30,253.69287109375,254.97811672142575,252.17846100632588,253.92202035086734,37704300,242.2297119140625,229.24445343017578,243.74686870872182,68.1587781702233,7.46889528379171,6.534414399726073,260.9594393713455,223.4999844567795,4.708746040774563,0.0007860731837203705,0.0007857643900076636,0.0182264915926969
2025-10-01,254.5098419189453,257.83756097799323,253.9917514638179,254.10134722927504,48713900,243.07558670043946,230.0672750854492,244.77191377636217,68.85522313279733,7.407962394767907,6.70912399873444,262.4094937144245,223.74167968645443,4.668456315308039,0.0032203144758191637,0.003215140368350492,0.01651385907190299
2025-10-02,256.18365478515625,257.229778167004,253.21461153357077,255.63566078088252,42630200,243.93989486694335,230.92854858398437,245.85874625339017,70.2890561070999,7.409325261415432,6.849164251270639,263.9819716007933,223.89781813309338,4.621792766602694,0.006576613515574703,0.006555081944564943,0.016522261997917943
2025-10-03,257.07037353515625,258.2858846694617,253.01536064819075,253.73271197999827,49155600,244.85302124023437,231.81531951904296,246.92652028022502,71.04944183150499,7.396691678174477,6.958669736651407,265.5306407780391,224.1754017024296,4.668130713364714,0.003461262002619314,0.0034552856218699286,0.016495589557326877
2025-10-06,255.74530029296875,258.1165459888059,254.11133663097664,257.0405037108186,44664100,245.7900604248047,232.67320007324219,247.7664040909625,68.23891152954288,7.196796940609744,7.006295177443075,266.65774653506617,224.9223743145432,4.620779187969325,-0.005154515566945683,-0.0051678459096806744,0.01641714940884361
2025-10-07,255.53607177734375,256.45266881763376,254.48991791397023,255.86484387966763,31955800,246.89248809814453,233.52351196289064,248.50637244204643,67.78296508089271,6.941478880694547,6.99333191809337,267.3699238619008,226.41505233438824,4.430920024804625,-0.000818112846591168,-0.0008184476835414431,0.015863053260404554
2025-10-08,257.1102294921875,257.56852798749276,255.16739414069707,255.5758888188916,36496900,248.45023345947266,234.46064025878906,249.32578739920274,69.43752434859779,6.7879120260397485,6.952247939682646,266.96580955732145,229.93465736162386,4.285935297803987,0.006160217240152921,0.006141320666886164,0.013274398471802186
2025-10-09,253.10501098632812,257.0504430809132,252.20832947523735,256.86113993459566,38322000,249.6463134765625,235.3618505859375,249.68571345511944,60.87160174950297,6.270736381315288,6.815945628009175,265.99242699306967,233.30019996005538,4.329932777742998,-0.015577826342304535,-0.015700435670470043,0.014018535243310721
2025-10-10,244.3673095703125,255.436420799504,243.10197943699816,254.00171816056968,61999100,250.20425109863282,236.11776428222657,249.17919879942355,47.19369672445612,5.097055790224289,6.472167660452198,264.9515850689988,235.4569171282669,4.9016833909403426,-0.034522040405148724,-0.035132005344247784,0.016237552900040062
2025-10-13,246.74851989746094,248.7710475029622,244.6562426215344,248.46219085423505,38142900,250.7502342224121,237.0246026611328,248.9477055706652,50.46063218562431,4.3093734638688375,6.039608821135526,264.06749730092406,237.43297114390012,4.866115858205297,0.009744389834039024,0.009697219450940967,0.01619852456115403
2025-10-14,246.8581085205078,247.93413549962378,243.79940008876653,245.69241642712313,35478000,251.22946395874024,237.914326171875,248.74869632779306,50.61206780173265,3.651875879373364,5.562062232783094,263.1934173662075,239.26551055127297,4.813874397680436,0.00044413082231420375,0.00044403222541274074,0.016179359153592053
2025-10-15,248.42233276367188,250.89321639065437,246.559219921403,248.57178982967116,33893600,251.74505844116212,238.84389282226562,248.71761408359103,52.82860251455215,3.2199070461963117,5.093631195465738,262.19623473790637,241.29388214441786,4.779597402792645,0.0063365317531554055,0.006316540342189272,0.01620452780091882
2025-10-16,246.53927612304688,248.1234206007849,244.2278226113223,247.33633482463924,39777000,252.22179641723633,239.5301919555664,248.51015332544395,49.92383937233756,2.694560484241947,4.613817053220981,260.6051900473855,243.83840278708712,4.737805456332426,-0.007580061823251549,-0.007608936498969647,0.01628332579371624
2025-10-17,251.36146545410156,252.44746537322095,246.35995200283696,247.10719170360767,49147000,252.56004638671874,240.17798767089843,248.78170686150656,56.51743508436836,2.636933005025753,4.218440243581935,260.1982750993207,244.92181767411677,4.834213164478966,0.019559517683697347,0.01937068861595788,0.015284735715449556
2025-10-20,261.27484130859375,263.4069798400544,254.68918336894043,254.94822099113512,90483000,252.86691284179688,240.83854705810546,249.9715291898006,66.33199221929482,3.3525433614964584,4.04526086716484,261.3419782619633,244.3918474216305,5.349306108869958,0.03943872556830863,0.03868088051631,0.01477398021726908
2025-10-21,261.8028869628906,264.3136317818121,260.86634411857244,260.9161783410852,46695900,253.28237686157226,241.54772705078125,251.09832516819012,66.76234098881737,3.9171244239003897,4.01963357851195,262.61126051196806,243.95349321117646,5.213447648467793,0.002021035212009581,0.002018995667876844,0.014661523818822415
2025-10-22,257.49884033203125,261.882640960004,254.48993535873984,261.68336485657886,45015300,253.5882484436035,242.12160766601562,251.70789804093687,60.02727362676209,3.971477668348882,4.0100023964793365,263.0479956551621,244.1285012320449,5.369108930810389,-0.016440027383920586,-0.016576664246438957,0.015060626904224475
2025-10-23,258.6246337890625,259.6608147081683,257.0604350924048,258.98332466328685,32754900,253.72324981689454,242.64467529296874,252.3666347788536,61.13178803447949,4.058609999821272,4.019723917147724,263.38737097014325,244.0591286636458,5.171342551164181,0.00437203311509915,0.0043625035439569535,0.014561363699768032
2025-10-24,261.85272216796875,263.15789839957887,258.22610426270086,260.2287163700197,38253700,254.08989486694335,243.24326416015626,253.27007167305504,64.18750790035767,4.338135429351183,4.083406219588416,264.3830130656228,243.79677666826396,5.15423195014374,0.01248175137693619,0.012404496504713917,0.0147178253472706
2025-10-27,267.8206481933594,268.1295048126629,263.6759553344934,263.9051197703755,44888200,254.80624694824218,243.98492401123048,254.65584086546497,69.03437897510724,4.983773264434518,4.263479628557636,266.7029375161858,242.90955638029857,5.234414142611627,0.022791155180591938,0.022535316744581882,0.015391603465866066
2025-10-28,268.00994873046875,268.896687690681,267.16307106420925,267.9999758056659,41534800,255.52210083007813,244.7443182373047,255.92766066213198,69.17687955312786,5.447920633748652,4.50036782959584,268.7168378998708,242.32736376028544,4.984357177173065,0.0007068183069018907,0.000706568628486994,0.015392177087644553
2025-10-29,268.7073974609375,270.4110953948544,266.1269030442272,268.28892986747474,51086700,256.2319786071777,245.52423736572266,257.1447784524944,69.72959323319432,5.80512122770736,4.761318509218144,270.60733447530833,241.85662273904708,4.934345403848357,0.002602324032269898,0.0025989438500351207,0.01539203830992116
2025-10-30,270.401123046875,273.1310593223432,267.49188695276854,270.98894793982623,69886500,256.9428520202637,246.4286959838867,258.407287461483,71.08557429702545,6.153936027804377,5.039842012935391,272.5883611551532,241.2973428853741,4.984690187114523,0.0063032339337949495,0.0062834516395499015,0.01538865719467835
2025-10-31,269.3749084472656,276.29934139392066,268.1693703205502,275.97053891965146,86167100,257.55807876586914,247.33474884033203,259.45182279346227,69.06681463323264,6.2752303785918,5.286919686066673,274.11633632363646,240.9998212081018,5.209353107561377,-0.003795156573486058,-0.0038023764530324905,0.015458042587334254
2025-11-03,268.0597839355469,269.8531775103368,265.2701011373342,269.42476736726525,50194600,258.17380294799807,248.1575094604492,260.27162861651794,66.46192443620069,6.193838750740156,5.46830349900137,275.3219619573883,241.02564393860786,5.164619055092893,-0.004882134417416251,-0.0048940909671805,0.015451105124099598
2025-11-04,269.0461730957031,270.49081837885313,266.6350661079627,267.3424445625432,49274800,258.849308013916,249.0119534301758,261.1072995192975,67.45342150817558,6.138171639122504,5.602277127025597,276.5830129402708,241.11560308756123,5.071128570507002,0.0036797357129609853,0.003672982048232747,0.0154334916836799
2025-11-05,269.1457824707031,270.70003856307255,265.94757476828966,267.6213843438783,43683100,259.4510856628418,249.8255480957031,261.8728693241933,67.5577255645446,6.032553178292517,5.688332337278982,277.71674588871207,241.18542543697154,5.048366800812423,0.0003702315251463695,0.0003701630063666166,0.015419312987343418
2025-11-06,268.7771301269531,272.3937751745226,266.90407480138714,266.90407480138714,51204000,260.23469161987305,250.60825622558593,262.53041797207516,66.70568518718039,5.851648463003528,5.720995562423891,278.6878398231661,241.78154341658,5.079890627406926,-0.0013697125043753422,-0.0013706514180067573,0.014864629103044183
2025-11-07,267.48193359375,271.2878818962731,265.7881780523408,268.80702532983145,48227400,261.3904228210449,251.32381317138672,263.00199088842515,63.667552959111276,5.53990802572099,5.684778055083311,278.5754616862756,244.20538395581423,5.109877285730168,-0.004818849477972176,-0.004830497568446612,0.01214080417027737
2025-11-10,268.6985778808594,272.98692304032335,266.733924572705,268.2298525605972,41312400,262.48792572021483,252.0720721435547,263.5445229829427,65.2678060367092,5.3295883325114914,5.613740110568948,278.56002179308814,246.41582964734152,5.191528798722181,0.004548510139593898,0.004538196928686639,0.012080331125190845
2025-11-11,274.5028076171875,275.16101963639426,269.0675899882029,269.07757258136417,46208300,263.87016067504885,252.98463745117186,264.58816913858504,71.67694602981837,5.567087374262371,5.604409563307632,279.0584199088978,248.6819014411999,5.282308295637374,0.021601267048394046,0.021371265994227246,0.012634976174521972
2025-11-12,272.7276916503906,274.9815668240292,270.96250711171905,274.2535373864602,48398000,265.08542861938474,253.68734436035157,265.36336175875704,67.57027382327283,5.5481148384051835,5.593150618327142,278.96850491422657,251.20235232454291,5.192076253971143,-0.0064666586917843105,-0.00648765810876545,0.012906262643909483
2025-11-13,272.20904541015625,275.9488654308047,271.3513641926929,273.3658696206449,49602800,266.36891708374026,254.35357543945312,266.0153316303189,66.373710113153,5.428650446835604,5.560250584028834,277.66084630813464,255.0769878593459,5.149606609981187,-0.0019016999597504247,-0.0019035104868692454,0.012681094358514236
2025-11-14,271.6705322265625,275.21088338895913,268.8681625557137,270.31420819279356,47431300,267.3843704223633,255.01082916259764,266.5539221632945,65.08495457731348,5.230229710056108,5.494246409234289,276.54732777347976,258.22141307124684,5.234829054500062,-0.0019783074540463685,-0.0019802668889072825,0.012291725503471377
2025-11-17,266.73394775390625,269.7557213346742,265.00866346949266,268.09027174019775,45018300,267.6573257446289,255.60541778564453,266.5710674576385,54.61587983873368,4.621366500116039,5.319670427410639,276.39123149851105,258.92341999074677,5.336760461826474,-0.018171218027207114,-0.01833834227270729,0.010094604214461485
2025-11-18,266.7139892578125,269.97510130800674,264.59974924229334,269.25705465795,45677300,267.902880859375,256.26994720458987,266.5846790576551,54.57765651033345,4.090079643635704,5.0737522706556515,276.23132648360945,259.5744352351405,5.339517004961254,-7.482548157744517e-05,-7.482828114344527e-05,0.010095229412024122
2025-11-19,267.83099365234375,271.47107967039307,264.77930243197466,264.80921977983166,40424500,268.41948852539065,257.1074606323242,266.7033756857207,56.416088316404405,3.7163244269412417,4.802266701912769,275.24940025898354,261.58957679179775,5.436107021636765,0.004188023274068087,0.004179277913276381,0.009239512928004482
2025-11-20,265.5272521972656,274.68232536305425,265.1981613886433,270.09480618650156,45823600,268.7646194458008,257.8343374633789,266.59136392491547,51.76280663326073,3.197370743063914,4.481287510142998,274.1177870327691,263.4114518588325,5.725253946834919,-0.008601474473370674,-0.008638680660609209,0.009516175956808318
2025-11-21,270.75299072265625,272.5879921198442,264.9488130991126,265.2280517805383,59030800,269.20963287353516,258.5852261352539,266.9877093342241,59.852212272159846,3.1712138560907306,4.219272779332545,273.5800006706178,264.83926507645253,5.861962880684682,0.01968061086817685,0.01948945166198309,0.010078495537680523
2025-11-24,275.1710205078125,276.24807542504453,270.164627965921,270.164627965921,65585800,269.5771514892578,259.3720693969727,267.7670723031373,65.17024121381554,3.4670168037898748,4.068821584224011,274.6052334065535,264.5490695719621,5.877783207716028,0.016317565960635383,0.016185865239936655,0.00945057236720037
2025-11-25,276.2181396484375,279.6188865292943,274.5028075356392,274.52274228722064,46914200,269.98756103515626,260.1509619140625,268.5719358598326,66.30931297844302,3.7427919586035614,4.003615659099921,275.72665361449486,264.24846845581766,5.823375763854533,0.0038053394528705375,0.0037981174643085826,0.009464051879442466
2025-11-26,276.7966003417969,278.7712367451818,275.8791146523587,276.2082055022192,33431400,270.3920211791992,260.92468505859375,269.3552372390673,66.95230303733896,3.962347226846873,3.995361972649312,276.8128989308984,263.9711434275,5.614000501638003,0.002094216889939382,0.0020920270745143354,0.009461765244093506
2025-11-28,278.0930480957031,278.242634823177,275.2407959413455,276.50736791500816,20135600,270.7766174316406,261.74645568847654,270.18740970160405,68.40757192903229,4.192628842142881,4.034815346548026,278.02210986056787,263.53112500271334,5.427417528794684,0.004683756058800448,0.004672821403602831,0.00942559438743418
2025-12-01,282.3315124511719,282.65065109438723,275.3904143522869,277.2553332443013,46587700,271.42444763183596,262.50115661621095,271.3439909158486,72.64816596062464,4.663380781718217,4.160528433582065,280.20673587759535,262.64215938607657,5.558333186887945,0.01524117335723596,0.015126193488102735,0.009821387177859171
2025-12-02,285.4131164550781,286.619823290159,281.86278279875575,282.231773534172,53669500,272.2921142578125,263.1066687011719,272.6839076338705,75.24941611516073,5.224885546292967,4.373399856124245,282.8272736807977,261.7569548348273,5.501097994353324,0.010914842545035386,0.01085570557581093,0.009840344261579792
2025-12-03,283.378662109375,287.8365294074879,282.5309633672564,285.4231155973949,43538700,273.0087387084961,263.7043698120117,273.7024556791566,70.48357671967986,5.442975422057032,4.587314969310802,284.4721790080687,261.5452984089235,5.487131426201764,-0.007128103890149506,-0.007153630197795877,0.010105068997300367
2025-12-04,279.9380187988281,283.95707766942763,277.83373081751637,283.3287830094401,43989100,273.54835052490233,264.27550201416017,274.296318833411,63.19420782298478,5.277348075765303,4.725321590601703,285.2472495409327,261.84945150887194,5.532575385181014,-0.012141504532966252,-0.01221581470319711,0.010627220106758376
2025-12-05,278.0232238769531,280.37683325787106,277.2951945750906,279.77845592816414,47265800,274.01065521240236,264.71747436523435,274.65126217089124,59.50588271228383,4.934695168797191,4.767196306240801,285.64944059478466,262.37186983002005,5.357508477866689,-0.006840067419534801,-0.006863567905265376,0.010788261887447545
2025-12-08,277.1356506347656,278.9108174051644,275.4003533668138,277.374989388386,38211800,274.49334106445315,265.16979095458987,274.88787059602214,57.82124704048895,4.5391955081913125,4.721596146630904,285.80517825976597,263.18150386914033,5.2255767321869655,-0.003192442810390217,-0.0031975495274368187,0.010742191053127773
2025-12-09,276.4275817871094,279.2698514894354,276.16830825817004,277.40493251311347,32193300,274.8797912597656,265.6284704589844,275.03450975707807,56.44830264662736,4.121118253394229,4.601500567983569,285.89762621420584,263.8619563053254,5.073860053549707,-0.0025549540307587826,-0.002558223495884468,0.010764948854305467
2025-12-10,278.0232238769531,278.9905919368044,275.68957968235776,276.9960211276047,33038300,275.0558120727539,266.1150775146484,275.31914919706617,58.82122535676842,3.873888226137467,4.455978099614349,286.1561077520261,263.9555163934817,4.947228067899486,0.005772369311079162,0.005755773023321266,0.00974040064783489
2025-12-11,277.2752685546875,278.8310314000742,273.0667227973629,278.34237127554803,33248000,275.28319091796874,266.5703860473633,275.5054462787444,57.24668531639336,3.576376660828032,4.280057811857086,286.3697110250672,264.1966708108703,5.005590963243187,-0.0026902620286017864,-0.0026938872868826056,0.009630505136371282
2025-12-12,277.5245666503906,278.4620173164318,276.06853855760204,277.14559334691864,39532900,275.5489669799805,266.997204284668,275.6977434569964,57.65356358828334,3.322414152498368,4.088529079985342,286.5826907094692,264.5152432504918,4.8190115200707995,0.0008990996456430533,0.0008986956976648457,0.009608400393405925
2025-12-15,273.3658752441406,279.3894873363706,272.0993337942639,279.3894873363706,50409100,275.63373413085935,267.3231143188477,275.47566077005774,49.23577685153229,2.7538309451603027,3.8215894530203345,286.57261177608984,264.69485648562886,4.995521664501938,-0.0149849487432544,-0.015098357463092151,0.010240750837163694
2025-12-16,273.8645324707031,274.752131096348,271.0522107383373,272.07941349564567,37648600,275.9902633666992,267.68549896240233,275.322219979643,50.17517064827248,2.316756006542505,3.520622763724769,286.18513301496193,265.79539371843646,4.902978714038281,0.0018241385327160131,0.0018224768125210816,0.009265951078730645
2025-12-17,271.10205078125,275.41033087528734,270.9026119684932,274.2634587890498,50138700,276.2096664428711,267.99681854248047,274.9202991036056,45.186543566748,1.7275476890189907,3.162007748783614,285.765391872853,266.65394101288916,4.8747458706637,-0.010087037063657212,-0.010138255944275731,0.00961160324165611
2025-12-18,271.4511413574219,272.88723490520505,266.22537510199504,272.8672697170699,51630700,276.390673828125,268.2836367797852,274.5899031277786,45.91829894872825,1.2740777689556921,2.7844217528180297,285.42777040007564,267.35357725617433,5.002396865845578,0.0012876722074433022,0.001286843868596081,0.009580578167060734
2025-12-19,272.9271240234375,273.8545921928022,269.1673383776201,271.4112306527045,144632000,276.7606674194336,268.68007904052735,274.43154321307946,49.01735152856949,1.0220178702525686,2.4319409763049378,284.5013381244998,269.01999671436744,4.9798866479410435,0.005437378743868182,0.005422649568015015,0.009374129548251696
2025-12-22,270.23443603515625,273.13654030849926,269.7756932559407,272.1192896847017,36571800,276.73473968505857,269.1974215698242,274.03181871994394,44.057302556839296,0.5980867953344386,2.065170140110838,284.55875382948955,268.9107255406276,4.864240962556579,-0.009865959632689436,-0.009914950708069128,0.008644146413958302
2025-12-23,271.62066650390625,271.7603010837797,268.8282792538215,270.1048034873943,29642000,276.5572219848633,269.69486450195313,273.80218517555943,47.02902458219714,0.3697137478734476,1.7260788616633602,284.67084340591225,268.44360056381436,4.726225310228124,0.005129732868573544,0.00511662061139001,0.007854417838127396
2025-12-24,273.06671142578125,274.6823088952694,271.46109654935304,271.60070067851706,17910600,276.39965057373047,270.2190365600586,273.73214005653296,50.01207709712362,0.30192974436698705,1.4412490382040857,284.65466571557704,268.1446354318839,4.618724384205854,0.005323766193815027,0.005309645046856358,0.00790660777666892
2025-12-26,272.6578674316406,274.6225212124231,272.1193247047194,273.4158142002898,21521800,276.19271392822264,270.703747253418,273.62982837797176,49.16898562091288,0.21276748859008876,1.1955527282812863,284.6035794178089,267.7818484386364,4.467615250169986,-0.0014972311784394732,-0.0014983531490797754,0.007884291677589915
2025-12-29,273.0168762207031,273.61522314661676,271.6107000753325,271.9497734782625,23715200,275.9389053344727,271.2332992553711,273.5714519820414,49.96659817398391,0.1691251974241368,0.9902672221098565,284.4112083339026,267.46660233504275,4.291680094535292,0.0013167006418859373,0.0013158345517666828,0.007798234195694716
2025-12-30,272.33868408203125,273.3359694836473,271.54086793463244,272.06942798009953,22139600,275.43926391601565,271.6528436279297,273.4540455153738,48.420887165393694,0.07890436909605114,0.8079946515070955,283.51395185980704,267.36457597222426,4.113353055569548,-0.0024840667289872664,-0.0024871571416660047,0.0068132633612169305
2025-12-31,271.12200927734375,272.9370761103812,271.0123224859311,272.3187639976345,27293600,274.7247085571289,271.8497869873047,273.23194682603764,45.69016396309753,-0.08973733972976561,0.6284482532597233,281.57966432465867,267.86975278959915,3.9570245247753015,-0.004467506365423368,-0.004477515493673457,0.006139962305185942
2026-01-02,270.27435302734375,277.0857995993762,268.26979943372277,271.52095990203577,37838100,274.06949310302736,272.01921630859374,272.95027122616204,43.83535410859081,-0.2884606889268184,0.445066464822415,279.92236759860873,268.216618607446,4.304094213409452,-0.0031264752435974374,-0.003131372878208183,0.006047328784916498
2026-01-05,266.5345458984375,270.7730094869922,265.41759095171795,269.9053759278346,45647200,273.3993194580078,272.1999304199219,272.33924976637877,36.74744764293627,-0.7392005119548912,0.2082130694669538,279.476060040742,267.3225788752736,4.379188807828364,-0.013837077351279037,-0.01393370207740828,0.0062017784481012365
2026-01-06,261.6478271484375,266.8237416838396,261.4084883511094,266.27524679504927,52352100,272.580549621582,272.26039428710936,271.32101904086056,29.935991967431505,-1.4737440284361583,-0.1281783501136686,280.1692686053734,264.9918306377906,4.453193416749927,-0.018334279083890626,-0.018504434978155113,0.007099399127308304
2026-01-07,259.6233215332031,262.96423405428067,259.10474402829175,262.485556491205,48309800,271.7049331665039,272.21580627441404,270.20695261155987,27.649418879537265,-2.1939453052029876,-0.5413317411315325,280.86735653634094,262.5425097966669,4.41078603169557,-0.007737521221935606,-0.007767611154087543,0.007177972017552152
2026-01-08,258.3368225097656,258.58614386359903,255.00587765735156,256.3222864925608,50419300,270.8003952026367,272.0261297607422,269.0764640304366,26.275931378399036,-2.8358300418021827,-1.0002314012656626,281.38140842459455,260.21938198067886,4.4255473062781405,-0.004955252154698941,-0.004967570125940949,0.00718608577660921
2026-01-09,258.6659240722656,259.5036402038468,255.52448097015204,258.3767027680543,39997000,269.83253021240233,271.8392492675781,268.08498403442036,27.271222563229088,-3.280160921140009,-1.456217305240532,281.11198132302906,258.5530791017756,4.393662443950758,0.0012739243260126987,0.0012731135729041854,0.006951991276608033
2026-01-12,259.54351806640625,260.5906555331263,256.1028713590674,258.45648066308013,45263800,268.9459426879883,271.6559716796875,267.2715110850857,29.985638383540817,-3.5208951556055013,-1.869152875313526,280.5293683896095,257.3625169863671,4.400385424672768,0.0033927700267757377,0.0033870275674454044,0.007123852121837859
2026-01-13,260.34136962890625,261.0993163539261,257.68861696081353,258.01770778709204,45730800,268.08678283691404,271.4547766113281,266.6114976130686,32.453857893216224,-3.605734158755297,-2.2164691320018806,279.5459410116816,256.6276246621465,4.329693565275611,0.0030740569768183956,0.003069341724501476,0.007207033494581107
2026-01-14,259.2543029785156,261.1092696408236,256.0131254420647,258.78557762508564,40019400,267.38120422363284,271.25236450195314,265.9108124097778,30.857689145962212,-3.7178300432057654,-2.5167413142426573,279.1858523809164,255.57655606634927,4.384440039095846,-0.004175543256686898,-0.004184285180772418,0.006658479985626823
2026-01-15,257.50909423828125,260.3314293980394,256.35223934409396,259.94247342351326,39388600,266.56343231201174,271.0413507080078,265.1106487743972,28.43939709413094,-3.9025049514041257,-2.7938940416749514,278.71907777411025,254.40778684991324,4.3554936115851035,-0.00673164811609317,-0.006754407857155685,0.006632355810945383
2026-01-16,254.83633422851562,258.1971811198186,254.23795690818102,257.1998957308392,72142800,265.750146484375,270.75715393066406,264.13214262717037,25.18424322291399,-4.215931903604599,-3.078301614060881,278.73086817542986,252.76942479332018,4.327188654445995,-0.010379283953724894,-0.010433524365615387,0.0066489694972319685
2026-01-20,246.0303192138672,254.09835490933511,242.75922413209136,252.04394930256512,80267500,264.47910537719724,270.29484466552736,262.408159444951,17.910440182106925,-5.115923654746723,-3.4858260221980495,279.75362673281785,249.2045840215766,4.880754471730157,-0.03455557089732719,-0.035166735370040746,0.009592322454871861
2026-01-21,246.9777374267578,250.87712721718017,244.51444112970407,248.02489020045314,54641700,263.18163604736327,269.8588568115234,260.93859544321833,20.568545227122712,-5.687166751567645,-3.9260941680719688,279.72137813162084,246.6418939631057,4.986606729997725,0.0038508189393806624,0.0038434235156737974,0.009508879494538745
2026-01-22,247.67584228515625,250.31864258405668,247.47637302553753,248.52352576906395,39708300,262.05370635986327,269.4627349853516,259.6754760948315,22.558403410826628,-6.01422159083927,-4.343719652625429,279.5640375160591,244.54337520366744,4.869056617662092,0.002826590224981107,0.0028226029306953294,0.009586005644276956
2026-01-23,247.36666870117188,248.73296007338791,244.0157890837153,246.64863719927277,41689000,260.84100646972655,269.0360968017578,258.50320872400675,22.29205741921173,-6.226586419294847,-4.720293005959313,278.88444302886114,242.797569910592,4.858207644234271,-0.0012482993138605014,-0.0012490790884445956,0.009359032377708488
2026-01-26,254.71669006347656,255.86356228737432,249.121917868832,250.7973501838168,55969200,259.92350540161135,268.64037445068357,258.1425878991944,40.32929034300826,-5.735684379418956,-4.923371280651241,277.2384194348318,242.60859136839085,5.118113782946283,0.029713062802263712,0.029280183627355384,0.011952869188179805
2026-01-27,257.56890869140625,261.2389423700868,257.5090739976807,258.4664899667647,49648300,259.16905746459963,268.3371987915039,258.08795178416693,45.605680980097205,-5.058183182650907,-4.950333661051174,275.4848630251701,242.85325190402915,5.218409391779424,0.01119761185346313,0.01113538271212037,0.012388590312098186
2026-01-28,255.74388122558594,258.1572949521919,253.81911240916085,256.9505880888889,41288000,258.30540771484374,268.0078955078125,257.864706969064,42.986422735415815,-4.615320525104323,-4.883331033861804,273.37908998304255,243.23172544664493,5.155536045440253,-0.0070855891539567395,-0.007110811153218583,0.012385200050580043
2026-01-29,257.5788879394531,258.94516415300217,253.7193980705993,257.29964922744847,67253000,257.56741790771486,267.7260626220703,257.83748610910106,46.324442289618325,-4.069369810249611,-4.720538789139366,271.19666507614426,243.93817073928545,5.160552476651867,0.007175173478534136,0.0071495543958896,0.0126006129801134
2026-01-30,258.7756652832031,261.1890792690021,251.49546251262876,254.4773517832236,92443400,256.9501007080078,267.56689697265625,257.92683650663463,48.4444919820817,-3.4997866437223877,-4.47638836005597,269.1065244906207,244.79367692539498,5.484342782346258,0.00464625557367615,0.004635495046148801,0.01269799481570288
2026-02-02,269.27703857421875,269.7557160843994,258.50633807413067,259.3241194003358,73913400,256.9002349853516,267.6181579589844,259.00780813211884,62.45699988957406,-2.1759320297101112,-4.016297093986799,268.8439459781256,244.9565239925776,5.89613101291215,0.04058099234146684,0.03977920365060581,0.01589740473805658
2026-02-03,268.7485046386719,271.1419837262723,266.88355520832346,268.4692659190308,64394700,257.0109329223633,267.6365081787109,259.9354935136953,61.550261164297865,-1.156089303850024,-3.4442555359594436,269.3444452180329,244.6774206266937,5.779152263271915,-0.0019627887262330113,-0.00196471752031503,0.015574463039648847
2026-02-04,275.7394104003906,278.19275421850585,271.55083028665655,271.55083028665655,90545700,257.71551208496095,267.84075134277344,261.4406284552853,68.13904284553415,0.21378667379968874,-2.7126470940076173,272.41179782245945,243.01922634746248,6.040944928740634,0.026012817340576033,0.025680239205221226,0.015901087135817744
2026-02-05,275.1610412597656,278.7412924914769,272.48832346973,277.37501624935936,52977400,258.4923980712891,267.9289123535156,262.7473344366644,67.11437380642671,1.2384773040589039,-1.9224222143943133,275.03651960719486,241.94827653538331,6.056089506812509,-0.002097520770734884,-0.0020997236483534577,0.015754725360364423
2026-02-06,277.364990234375,280.1474248180158,276.1782182606431,276.3677049075235,50453400,259.44380645751954,267.97279174804686,264.13949213168445,69.02584666370907,2.202997490366897,-1.0973382734420714,277.91858255805806,240.96903035698102,5.9796819390580565,0.008009669408572728,0.007977762270402386,0.015675502058884502
2026-02-09,274.13079833984375,277.70443813431814,271.2160169672847,277.41494619870406,44623400,260.21705017089846,267.931044921875,265.0910451038901,63.21877693150097,2.675572100698389,-0.3427561986139793,279.7604954790611,240.67360486273586,6.016020455342011,-0.011660418612306933,-0.011728934429607782,0.016042334787688
2026-02-10,273.19244384765625,274.87943562430115,272.4537718732244,274.40031021957236,34376900,260.8994964599609,267.8589617919922,265.8626068890107,61.59954652606414,2.940477524223013,0.31389054595341914,281.2382467135418,240.56074620638006,5.759566405037349,-0.003423017398520134,-0.003428889326211829,0.016106470106446898
2026-02-11,275.00921630859375,279.6808719096702,273.9610989943363,274.2106536370846,51931300,261.6328887939453,267.79728515625,266.7337125480186,63.54634894399808,3.2594425107717484,0.903000938917085,282.875954541262,240.3898230466286,5.811627951964249,0.0066501563343039916,0.006628141591757578,0.016130808688361937
2026-02-12,261.2637939453125,275.22886395053104,259.7165366668213,275.09909064411113,81077200,261.73336334228514,267.3759307861328,266.21276791918945,44.97029405180622,2.3756982802473203,1.1975404071831321,282.9494698161542,240.5172568684161,6.504535047088927,-0.04998167896983208,-0.051274009278595836,0.019976760215931134
2026-02-13,255.32435607910156,261.7628783299504,254.9949421084194,261.5432690161623,56290700,261.6241264343262,266.77415557861326,265.17577631537154,39.585479730409226,1.1824312809051776,1.1945185819275412,282.94832930406096,240.29992356459135,6.523349416691934,-0.022733490073462592,-0.022995880180572078,0.020595737193044413
2026-02-17,263.4099426269531,265.8156532326085,255.08478749757862,257.5903108294174,58469100,262.05280685424805,266.37478118896485,265.0076016783793,48.607355471406606,0.8790645384468689,1.1314277732314069,283.1575353222674,240.9480783862287,6.823886296573216,0.03166790145686926,0.031176814356459727,0.021624795202429853
2026-02-18,263.8791198730469,266.3447212846438,261.9825104325609,263.13045584681157,34203300,262.945246887207,266.05360321044924,264.90012722072856,49.082507527429534,0.6687934574235328,1.038900910069832,282.7327891466795,243.1577046277345,6.648052336252479,0.001781167564954833,0.001779583167113982,0.01985673364097081
2026-02-19,260.11578369140625,264.00886051677537,259.5867290635135,262.13220471573277,30845300,263.60214920043944,265.6954544067383,264.4444754560312,45.452479454996066,0.19622042552305174,0.870364813160476,282.0528848712809,245.15141352959796,6.4890579874674374,-0.01426159138112626,-0.014364265239645745,0.02025827268960788
2026-02-20,264.1086730957031,264.2783836675007,257.7001265171608,258.50868117461044,42070500,264.4237907409668,265.434914855957,264.41249427885714,49.702838939757434,0.1422558609805833,0.7247430227244975,281.3663740861984,247.48120739573525,6.49542935624404,0.015350431056632585,0.015233805180443597,0.020452083439509043
2026-02-23,265.705810546875,268.95002088588865,262.91081074777924,263.0206001676805,37308200,265.34074783325195,265.22047943115234,264.5356672567636,51.33625154545603,0.22576175824474376,0.6249467698285468,280.36830657292114,250.3131890935828,6.462842269234423,0.006047273769737682,0.006029062392291268,0.020429552067166096
2026-02-24,271.6552429199219,274.4003442568012,267.233111068832,267.38283777638213,47014600,266.1876754760742,265.0931198120117,265.2137220818263,56.945319745417336,0.7632124168201244,0.6525998992268623,280.6223152321025,251.75303572004592,6.6222488007124065,0.02239105106810335,0.022144051735165694,0.02000151518156776
2026-02-25,273.74151611328125,274.45024283739696,270.567157599074,271.29586819299504,33714300,266.99630584716795,265.0224447631836,266.02589294196486,58.741218656127266,1.3420207668344801,0.790484072748386,281.21948292104486,252.77312877329103,6.426594260541732,0.007679856169661159,0.007650516196371946,0.019944863937502944
2026-02-26,272.4637756347656,275.61811956353745,270.31758130113775,274.4602128097023,32345100,267.83230056762693,264.9212289428711,266.6390246269935,57.16841739977336,1.6782813930115594,0.9680435368010207,281.2546122383899,254.409988896864,6.346161689245872,-0.004667689785084916,-0.0046786174669959345,0.019886227758105772
2026-02-27,263.7093811035156,272.3240124520744,262.4217010495403,272.3240124520744,72366500,268.1388252258301,264.7280990600586,266.36001095809087,47.7374134981005,1.2242514777741462,1.0192851249956458,280.87286700366104,255.40478344799916,6.610155467530121,-0.03213048968015897,-0.03265800418094743,0.02137579726948632
2026-03-02,264.2484130859375,266.05518620599753,259.73647625260065,261.94253069595567,41827900,268.4124626159668,264.5357766723633,266.15890639883816,48.3029242095817,0.8975781527211666,0.99494373054075,280.5512277432696,256.27369748866397,6.589337930806318,0.002044037948768729,0.00204195174556935,0.02136288122462881
2026-03-03,263.2801818847656,265.08695529305965,259.6666350681776,263.0106738027697,38568900,268.1126197814941,264.3793392944336,265.88474215940266,47.31260317644118,0.5541708859597065,0.9067891616245414,280.44584963816743,255.7793899248208,6.5058366660974425,-0.003664094667077511,-0.003670823904680181,0.019265094951879985
2026-03-04,262.0523376464844,265.67587606267574,260.95432154975975,264.17854815272653,39803100,267.77781143188474,264.19136322021484,265.51975125341045,46.02395200122153,0.1808565823268964,0.7616026457650125,280.38434569688127,255.17127716688822,6.378387940870196,-0.004663640952734749,-0.004674549655599,0.019282045611245517
2026-03-05,259.8263244628906,261.09405110124777,256.79173142961054,260.3254337562426,49658600,266.98215713500974,263.9293472290039,264.97752013050376,43.70009169752422,-0.2912608791230582,0.5510299407873984,279.4865667776335,254.47774749238596,6.29854638915617,-0.008494536639458317,-0.008530820840249429,0.01824597300342452
2026-03-06,257.0013427734375,258.3090066542827,253.916851068475,258.16927189629365,41120000,266.07417221069335,263.66468536376954,264.21788419173555,40.879110843007204,-0.8831889295131532,0.2641861667272881,278.7077392437286,253.4406051776581,6.270755460960416,-0.010872576884936036,-0.010932115299618045,0.01833328951937671
2026-03-09,259.41705322265625,260.68477987096253,253.22808575123491,255.2345148744848,38218500,265.1767753601074,263.42061309814454,263.7606621946804,44.196476440782575,-1.1441791447870173,-0.01748689557557298,276.9984784465424,253.35507227367245,6.355465365158073,0.009399602442343502,0.009355701068531801,0.018380777691734292
2026-03-10,260.3653564453125,262.01244158439727,256.4922936817907,257.19102845716964,30590800,264.48850326538087,263.16658599853514,263.43729974235964,45.489538213321445,-1.2599714592792566,-0.2659838083163097,275.73362820237946,253.24337832838225,6.295799832118678,0.003655516130785408,0.0036488509698246866,0.018327711906794115
2026-03-11,260.3453674316406,261.6630231774062,259.08760235948154,260.62486739620806,26218900,263.8461494445801,262.92033599853517,263.1428299984816,45.46562325538421,-1.3379278496811366,-0.4803726165892751,274.48023425239154,253.21206463676862,6.030058473961963,-7.677293916819039e-05,-7.677588636112872e-05,0.018333262788812178
2026-03-12,255.30438232421875,258.48871731031414,253.72719511663234,258.1992253881205,40794000,262.8609077453613,262.56608612060546,262.3963111723613,39.78511215702859,-1.7858876188253134,-0.7414756170364829,272.8042723480407,252.91754314268195,6.072066605465272,-0.01936268410362818,-0.019552596342224723,0.018589998759975537
2026-03-13,249.6744384765625,255.87336762960538,249.07551643845036,255.024890934378,36930000,262.2814399719238,262.1128012084961,261.1847042489519,34.58757388529155,-2.565613583992615,-1.1063032104277095,273.7615883976777,250.80129154616992,6.123908361585968,-0.02205188879408504,-0.022298666381512306,0.015750167820594553
2026-03-16,252.36964416503906,253.43773019062647,249.4348789230203,251.66090222791988,32074200,262.1337043762207,261.73775390625,260.34517471715066,38.71521839264437,-2.932270070624213,-1.4714965824670103,274.0364368615583,250.2309718908831,5.972404283444553,0.010794880344667579,0.01073703156524414,0.01521917918939249
2026-03-17,253.77711486816406,254.67552076289968,251.7307636559193,252.5093881906664,32361600,261.6520629882813,261.4078091430664,259.7196452077234,40.81552155718703,-3.073843500406838,-1.7919659660549758,274.07735524793907,249.2267707286235,5.756143770839969,0.0055770205952525576,0.005561526596100645,0.013318844145117454
2026-03-18,249.49476623535156,254.48585937367065,248.55643828829037,252.1799767808244,35757900,260.9328453063965,261.0670135498047,258.7458472103546,36.69490287537489,-3.491345155413512,-2.131841803926683,274.3822619419361,247.48342867085685,5.768520721878564,-0.01687444762321122,-0.017018443311607647,0.013704281103183454
2026-03-19,248.5165252685547,251.38140795985734,246.85947863088072,248.95572868612365,34864100,260.3528823852539,260.80438751220703,257.7716260730403,35.805626285237764,-3.8566964989334167,-2.47681274292803,274.852567298955,245.85319747155276,5.679478479528425,-0.003920887726655109,-0.003928594558615539,0.013437965965396852
2026-03-20,247.54823303222656,248.75606899357115,245.56177255944445,247.53824109812177,88331100,259.5248603820801,260.5628857421875,256.7979695929628,34.90394932313333,-4.176232157307879,-2.816696625804,274.93488948926574,244.11483127489444,5.501965476285444,-0.003896289131202657,-0.003903899440107385,0.012789069101376114
2026-03-23,251.04200744628906,254.14646797882926,249.83415620831627,253.51758537106093,40546100,258.79167022705076,260.416989440918,256.249782721851,40.70602463062149,-4.100282567079944,-3.073413814059189,274.35025807006195,243.23308238403953,5.580270438450962,0.01411350980480508,0.01401484151217423,0.013214627425589012
2026-03-24,251.1917266845703,254.37604644028636,249.10545347620703,249.90403139868116,45152300,257.7684944152832,260.26750549316404,255.7680630992528,40.94892265249286,-3.982107620490524,-3.2551525753454564,272.47698273279474,243.06000609777172,5.558150618852989,0.0005963911769359953,0.0005962134063950415,0.011861552163397645
2026-03-25,252.16998291015625,254.5457480998694,251.15181088451408,253.6473574345128,28476700,256.68991775512694,260.1200347900391,255.4253887955293,42.603394244942905,-3.7661027341359556,-3.357342607103557,269.6099603216474,243.7698751886065,5.403563947174584,0.003894460372950048,0.0038868965936841777,0.011697108407715946
2026-03-26,252.43951416015625,256.5421934269488,250.32329549316128,251.67088153367666,41796700,255.68870468139647,259.96199768066407,255.14101978263665,43.07661457998597,-3.532448518511842,-3.392363789385214,266.4946316248513,244.8827777379416,5.461802089075509,0.001068847476965784,0.0010682766662048293,0.011750859081834491
2026-03-27,248.35679626464844,255.03488128462607,247.6281009352486,253.4477020992108,47900000,254.92107543945312,259.7440475463867,254.49490325711395,37.96990013826923,-3.6348171729379146,-3.4408544660957543,265.5180639101265,244.3240869687797,5.600729107668506,-0.016173054004998577,-0.016305265287713342,0.010155377704166213
2026-03-30,246.19065856933594,250.4230956915925,245.07264337813007,249.62453299565456,39446200,254.01818771362304,259.51767883300784,253.7040228106589,35.561121822077055,-3.8463954257702824,-3.5219626580306604,264.356443364199,243.6799320630471,5.582852193796644,-0.008721878071757172,-0.008760136268299015,0.010162318658852558
2026-03-31,253.337890625,255.02488248828539,246.65982101631488,247.46837564153284,49598100,253.52107315063478,259.4877099609375,253.66915307869138,47.414895379496166,-3.3981787313749408,-3.4972058726995168,262.94586449910645,244.09628180216308,5.815093031307559,0.029031288584213888,0.028617863177015437,0.012494039415872762
2026-04-01,255.17462158203125,255.7236296181179,252.8787157917901,253.62737973002484,40059400,253.17718734741212,259.6705960083008,253.81253103139042,49.962302280266734,-2.8617662735940144,-3.3701179528784166,261.79948471429526,244.55488998052897,5.602937373809005,0.007250123353044202,0.007223967554483803,0.012635978172791665
2026-04-02,255.464111328125,255.6737439434535,250.20349485503914,253.74717405681358,31289400,252.95907669067384,259.84032348632815,253.9698243929842,50.37038556176895,-2.3857941827827744,-3.1732531988592885,261.10508934910087,244.81306403224679,5.59345963913796,0.0011344770271390914,0.001133833994367859,0.012528532682037212
2026-04-06,258.3988342285156,261.6929736576745,256.003115847535,256.053045051996,29329900,253.02895126342773,260.05478332519533,254.391634853511,54.42797764366081,-1.7515840890073662,-2.8889193768889045,261.3348649280954,244.7230375987601,5.638845545595926,0.011487808933839494,0.01142232509019372,0.012577314172891513
2026-04-07,253.0484161376953,255.7436185540334,245.2623079794448,255.70368128016966,62148000,252.71051940917968,260.1684182739258,254.26370926152856,46.89959211766851,-1.6615487454139384,-2.6434452505939117,260.4836212912908,244.9374175270686,6.174394167272703,-0.02070604577917201,-0.02092342184655962,0.013221810830308493
2026-04-08,258.43878173828125,259.2872736156141,256.0730086009651,257.98960165960847,41032800,252.61419067382812,260.24286010742185,254.6613352116955,53.82855598100695,-1.1420725309232012,-2.3431707066597696,260.04569710394793,245.18268424370834,6.178998689461707,0.02130171641798695,0.021078006221268635,0.014118378252970758
2026-04-09,260.02593994140625,260.65482250105316,255.6138310165902,258.5386040524215,28121600,252.5982192993164,260.29200073242185,255.17224994785843,55.66307690341033,-0.5954495144099781,-1.9936264682098113,259.96428026231945,245.23215833631335,6.0977124605332245,0.00614133139171158,0.006122550270913715,0.014191289104157422
2026-04-10,260.0159912109375,261.7229364827484,258.5585701252562,259.5168819122501,31291500,252.83379974365235,260.37744293212893,255.63355863958026,55.64815129362478,-0.16119149974997526,-1.6271394745178442,260.80731000518466,244.86028948212004,5.888187738887438,-3.8260530741629495e-05,-3.8261262694405804e-05,0.0134390518894546
2026-04-13,258.73828125,259.71651601158027,256.2027973984465,259.2673359057164,36234700,253.28699188232423,260.4006307983398,255.92924650723927,53.65816542309408,0.07895049775504503,-1.2859214800632666,261.516912968283,245.05707079636548,5.739973887001979,-0.004913966848681062,-0.00492608008275582,0.012397874615161416
2026-04-14,258.368896484375,261.4633801130582,256.73183388682423,258.78816168339415,48370700,253.58695449829102,260.39249542236325,256.16159412410934,53.06734164257605,0.2367296256335294,-0.9813912589239073,262.0939243646527,245.07998463192934,5.667943339804262,-0.0014276386309766131,-0.0014286586779615176,0.012234293559540557
2026-04-15,265.95538330078125,266.08515659729386,257.35074355126085,257.7001261657452,49913500,254.19586791992188,260.32606231689454,257.094335950459,62.25879725486191,0.962837809461007,-0.5925454452469245,264.26928879379676,244.12244704604703,5.886976890249173,0.02936300351797594,0.028940167740243536,0.013740814381626061
2026-04-16,262.9307556152344,266.6840670491935,260.804545264895,266.3246925362851,43323100,254.867667388916,260.20970733642577,257.6501854423424,57.42974477354429,1.279472636011974,-0.21814182899514484,265.3799521641809,244.3553826136511,5.886444382681268,-0.011372688335946068,-0.01143785188350778,0.013384334653569384
2026-04-17,269.7486267089844,271.8149160854778,266.24486962975914,266.4844323486072,61436200,255.9292724609375,260.08989166259767,258.8024179439273,64.17513798283031,2.056843226845217,0.23685518217292756,267.85492962064995,244.00361530122507,6.100566960364281,0.02593029133391722,0.02559980227073271,0.01424280042794958
2026-04-20,272.5635681152344,273.7913879220191,269.80850557942483,269.84841238867654,36590200,257.1800392150879,260.037942199707,260.113003674528,66.5330236925302,2.8670081811094974,0.7628857819602416,270.4937623156951,243.8663161144807,5.953580835555028,0.010435424419368289,0.01038135123703852,0.01417421627394469
2026-04-21,265.69586181640625,272.3140256362382,264.9272139873882,271.0163536236942,50209800,257.91273193359376,259.8045596313477,260.644704449945,56.723878166599555,2.921229130770598,1.194554451722313,271.40630923678157,244.41915463040596,6.073778927861539,-0.025196714096157535,-0.025519586387523795,0.015496131596129366
2026-04-22,272.68341064453125,273.2523721409737,266.39461467279705,267.3429346055621,43249200,258.9873161315918,259.7756118774414,261.79124789704844,62.742600167621845,3.48783087385101,1.6532097361480524,273.54952445476954,244.42510780841405,6.179688313340533,0.026299050276339386,0.025959176283094874,0.016333467214077566
2026-04-23,272.9429016113281,275.2787294551341,271.1660737405759,274.56001085217736,33399600,260.0259620666504,259.77062103271487,262.85331015555124,62.94868293216917,3.9127023921473665,2.1051082673479153,275.433727527612,244.61819660568875,6.032043127713225,0.0009516199250387825,0.0009511674218491973,0.01634998510843448
2026-04-24,270.5771179199219,272.5735550213531,269.16962610782736,272.2741016414235,38157100,260.9328422546387,259.6819790649414,263.5889108950151,59.70614097692932,4.0122662514166905,2.4865398641616707,276.5809747118668,245.28470979741056,5.870702583126621,-0.008667687188198547,-0.008705470074050698,0.016587968087308717
2026-04-27,267.1332702636719,267.88193422863776,264.59781690250213,265.6159889280984,41466800,261.87166595458984,259.7993685913086,263.9264689301253,55.24500410773093,3.769825402181368,2.7431969717656104,276.6160263880291,247.1273055211506,5.878459614147559,-0.012727786010601316,-0.012809478192957056,0.016388450971095956
2026-04-28,270.2277526855469,272.7432830913257,268.181416710472,271.8548539018017,40018900,263.0735206604004,260.0974365234375,264.5265911925464,58.26272719548627,3.7837711932470484,2.9513118160618985,276.3552518812704,249.79178943953036,5.859284843683719,0.011584039752220443,0.011517458457321562,0.01620124951268986
2026-04-29,269.688720703125,270.55716597281076,266.56429174844374,267.07336249706583,30047900,263.8910621643066,260.22301208496094,265.01822257450624,57.53497919373274,3.7085777808887883,3.1027650090272765,276.67881269615594,251.1033116324573,5.725969799446813,-0.001994732136373578,-0.001996724264136533,0.01521352463633402
2026-04-30,270.86663818359375,275.50834883767226,267.6623648300734,270.018146234023,91848200,264.67566299438477,260.3627624511719,265.5752145372765,58.74759846188213,3.7013674957920557,3.2224855063802327,277.14966133853574,252.20166465023382,5.877399385743389,0.0043676927881808325,0.004358182101151443,0.015187183142914944
2026-05-01,279.6409606933594,286.7083346607987,277.87409435408995,278.36321169794013,79915400,265.8845054626465,260.7532659912109,266.9148094092844,66.4362043760963,4.353483541058893,3.448685113315965,279.21030466799783,252.55870625729509,6.589134892276357,0.03239351501021104,0.03187990737243732,0.01652415113109549
2026-05-04,276.33685302734375,280.13010214166496,274.3703610857382,279.16182884121525,46668400,266.7814064025879,260.9978295898438,267.8121468967186,61.7676269866659,4.551212782186326,3.6691906470900375,280.38296728487717,253.1798455202986,6.529892475394244,-0.0118155353844559,-0.011885893585031252,0.01683605011067471
2026-05-05,283.67376708984375,284.0630869835518,276.00745521106614,276.43668191704,49311700,268.3126739501953,261.3571887207031,269.322777391302,67.26804418316809,5.239544075437891,3.983261332759608,282.2760081802331,254.34933972015747,6.638873853757915,0.026550617415383337,0.026204266943421806,0.016574836697429977
2026-05-06,286.9978332519531,287.5168959460148,280.5693031693742,281.4177950537395,58336100,269.7406265258789,261.66404052734373,271.0061160446973,69.41495687867953,5.984292741766922,4.383467614561071,285.1401977773799,254.34105527437788,6.660925205392393,0.011717918777652159,0.011649795625348007,0.01624000905468874
2026-05-07,286.9279479980469,291.60959552514373,285.2709015174152,288.75467457606095,45224300,271.0857269287109,261.9277691650391,272.52248099263534,69.31202460074489,6.4940133262797985,4.8055767569048164,287.52091451954436,254.65053933787746,6.6379086912735445,-0.0002435044652232543,-0.0002435341172492443,0.01628692204863219
2026-05-08,292.7974853515625,294.2349225642168,289.48339230776435,289.49338424193445,52692800,272.7248016357422,262.334443359375,274.45343378872366,72.9412155244449,7.287586412702524,5.3019786880643585,290.8670564171952,254.5825468542892,6.685699110908999,0.020456485310924144,0.02025006180098386,0.01659118580311692
2026-05-11,292.42779541015625,293.6267735875138,289.979924827367,291.72841688276577,42247300,274.40927734375,262.9088116455078,276.1652777526696,72.36076769510846,7.796791355027494,5.800941221456986,293.28541617420063,255.5331385132993,6.4686383715688445,-0.0012626131025762488,-0.001263410870084823,0.01648353065866414
2026-05-12,294.54595947265625,295.0155556946294,292.3078994315659,292.3078994315659,45748100,276.21813049316404,263.5147625732422,277.9158188688588,73.65438319407815,8.275859125595161,6.295924802284622,295.52769413637543,256.90856684995265,6.199996792389895,0.007243374589372076,0.007217267345543894,0.016384226590500248
2026-05-13,298.6124572753906,300.6607090744109,293.24708951115105,293.24708951115105,52684300,277.85098419189455,264.2214080810547,279.8869272885285,75.97882711565653,8.881278324684274,6.812995506764553,298.86123839559906,256.84072998819005,6.286684133166318,0.013805987391627639,0.013711552929013165,0.015602319907733251
2026-05-14,297.9530334472656,300.1911240450107,295.12548538387824,299.5616620172475,35324900,279.6020980834961,264.9394219970703,281.60750882745583,74.82592725339477,9.201794846801874,7.290755374772018,301.176643616507,258.0275525504852,6.199466599449615,-0.002208293097152536,-0.002210734971933149,0.015196949026445885
2026-05-15,299.9713134765625,302.93875555297063,296.26448829773227,297.643304079477,54862800,281.113232421875,265.74232177734376,283.3564426035612,76.02503564547658,9.509050416646517,7.734414383146918,303.9143226265476,258.31214221720245,6.2333809320059546,0.006773819369938039,0.006750980136725528,0.01448706737898311
2026-05-18,297.5833435058594,300.4009207908792,294.6558756451712,299.98126929450746,34483000,282.3642211914063,266.5539617919922,284.7113855466372,71.67488699101494,9.450919137048174,8.07771533392717,305.88577264508706,258.8426697377255,6.1984998044132436,-0.007960661114649215,-0.007992516349121775,0.014733973311004987
2026-05-19,298.7123718261719,300.2510533099592,296.09463441963413,296.7140952726279,42243600,284.01504669189455,267.3398681640625,286.0448128113548,72.47676374147339,9.387736842264701,8.339719635594676,307.25828330903704,260.77181007475207,6.0526368819783745,0.0037939903054091673,0.003786811276571553,0.01297993782894747
2026-05-20,301.98956298828125,302.5390768782648,297.82314269813475,297.9230626302997,38229800,285.48035430908203,268.1723522949219,287.5633604472526,74.7144064649206,9.492680643132417,8.570311837102224,309.367484628657,261.59322398950707,5.9571581175606365,0.010971059357449242,0.010911313869409937,0.012140763407932726
2026-05-21,304.7271728515625,305.27671719779084,300.1411318265125,300.80056674721834,42965100,287.06956787109374,269.0599884033203,289.19800924766304,76.43771528992335,9.685107705348798,8.793271010751539,311.6285388734257,262.51059686876175,5.898474349969044,0.00906524661379593,0.009024403912911677,0.012127359385066054
2026-05-22,308.55389404296875,311.13165741506583,305.57645096183757,305.85620846339293,43670200,288.9684066772461,270.12497863769534,291.041426847216,78.63017157485817,10.03076355904534,9.0407695204103,314.0011007907431,263.93571256374906,5.934617936650064,0.012557860054279724,0.012479664098423927,0.011736215148612702
2026-05-26,308.0643005371094,311.5513139598484,307.4048960873393,309.29325163060713,48000500,291.014958190918,271.29277587890624,292.6626529129201,77.63484919877287,10.148209961798386,9.262257608687918,315.25249680788596,266.77741957395,5.806889360639997,-0.001586735786880733,-0.0015879959853538459,0.011009801744287633
2026-05-27,310.5821533203125,312.9900803339556,308.0343323058515,308.0643052358437,50430900,293.0326782226563,272.4570260620117,294.3692719993384,79.10005634483623,10.325431610913995,9.474892409133133,316.72501757960794,269.3403388657046,5.746093551173147,0.008173140408717527,0.008139921177528297,0.010964814323067942
2026-05-28,312.24072265625,312.5304508120942,309.30325358892543,310.412282475935,48220400,295.1602783203125,273.6262982177734,296.07131491904426,80.02823510017316,10.478919270370909,9.675697781380688,317.6996203506519,272.6209362899731,5.566172384887122,0.00534019523725493,0.0053259869555545925,0.010767616670071077
2026-05-29,311.7911071777344,314.7285763294451,309.2632884033746,311.5113496628706,70026800,297.20650177001954,274.8722250366211,297.56843799130047,79.00393425059596,10.443888489375809,9.829335922979713,317.9080601899694,276.5049433500697,5.558966352114508,-0.0014399642515899869,-0.0014410019964428765,0.010930957992705046
2026-06-01,306.0460510253906,310.67206624496237,304.7571540774977,309.363197507879,48849900,298.5267562866211,276.0228155517578,298.37582970883284,67.17305316144441,9.839128970866511,9.831294532557072,317.9045815671997,279.14893100604246,5.664322548408947,-0.01842597822736758,-0.018597851122449393,0.010648869100004977
2026-06-02,314.92840576171875,315.1781903378333,306.42572903356995,307.1950545511415,44534700,300.45633392333986,277.3704190063477,299.9522655233934,73.72450793747716,9.96175161799954,9.857385949645565,318.2307957421886,282.6818721044911,5.912023745839929,0.029022935295418106,0.028609745520348374,0.01123951331054603
2026-06-03,309.9926452636719,316.6668815001487,308.5838566628498,313.9092501546009,50836700,301.77227783203125,278.5494317626953,300.90849216532473,65.85889869296432,9.550563377384833,9.796021435193419,318.23016336931164,285.31439229475086,6.06709525237271,-0.01567264307615801,-0.015796757454885936,0.01126374256273113
2026-06-04,310.9618225097656,313.26982953176514,309.38316692864953,312.96009909963743,44869100,302.97047729492186,279.74483367919925,301.86595219812864,66.61215484991487,9.19688230391489,9.676193608937714,318.40912918858135,287.5318254012624,5.911350063140061,0.00312645238815068,0.003121575198772482,0.011137343866842188
2026-06-05,307.0751647949219,314.8984348439246,306.8853260765596,312.5903972939029,65310500,303.97783813476565,280.8429373168945,302.36206768353753,60.81720854942186,8.504927202958982,9.441940327741968,317.6229842128884,290.3326920566429,6.061475684870413,-0.012498826008526143,-0.012577593355441377,0.011709954550482113
2026-06-08,301.2801818847656,317.1265012321255,300.9105055796523,308.4739595974908,77949100,304.40197296142577,281.8197506713867,302.25903094079735,53.36307261322618,7.403597051793497,9.034271672552274,317.1269822842445,291.67696363860705,6.786798539699186,-0.018871545388655542,-0.019051885469787897,0.012004636561873313
2026-06-09,290.29962158203125,300.4908444635933,287.5320194610898,300.0212482417878,70108800,304.29556427001955,282.6586071777344,301.1200395732958,42.68676469025099,5.580417939958011,8.343500926033421,317.4477370299521,291.143391510087,7.2840388171260875,-0.036446341189923515,-0.03712710112671881,0.01470468158364013
2026-06-10,291.3287353515625,294.4960172141002,287.1323727394638,290.4894628291428,52793300,304.1347030639648,283.5613687133789,300.1875344093212,43.82119118401507,4.17050129617536,7.508901000061809,317.82750828042106,290.4418978475086,7.289724935519684,0.0035450055495178656,0.003538736828077959,0.014628388824400557
2026-06-11,295.375244140625,296.7440586571729,289.3404406054596,293.4668864344149,42572500,303.97284240722655,284.4021157836914,299.72922105039777,48.165697905860476,3.341137090673385,6.675348218184125,317.99549207207457,289.95019274237853,7.297860158104942,0.01388983748609407,0.013794257734621061,0.01463270004384968
2026-06-12,290.879150390625,296.88398158337014,289.3704417369658,295.7749221682621,38742100,303.61914825439453,285.11620635986327,298.88635717803845,44.086170313936044,2.294611934332295,5.799200961413759,318.5582124670656,288.6800840417235,7.313265850126327,-0.015221633631081977,-0.01533867189083751,0.015000066373706893
2026-06-15,296.1645812988281,297.5233947188816,291.4486474146935,293.8665449684006,45732600,303.42881164550784,285.93021575927736,298.62714042763747,49.50099684036772,1.87016520982678,5.013393811096364,318.64339351414,288.2142297768757,7.265478598564203,0.018170538868479413,0.01800742754428881,0.015522049020721913
2026-06-16,298.9821472167969,300.2210994929347,293.71669913987887,294.99559499590845,39874400,303.4987518310547,286.741882019043,298.6609505980336,52.16067287308252,1.7410721489287653,4.358929478662844,318.6177663582346,288.3797373038748,7.211115866742175,0.009513514092780229,0.009468545598219242,0.015573097043773958
2026-06-17,295.6949768066406,301.8096980081642,294.10632015937927,300.59074812548096,42745100,303.34788208007814,287.59481323242187,298.37847690361525,48.92328761294233,1.3578651636664745,3.7587166156635705,318.71314965868356,287.9826145014727,7.246277436888088,-0.010994537435617069,-0.011055424053765445,0.01575105200313645
2026-06-18,297.7532043457031,300.31099586682666,295.3652492546472,297.8530937792582,85962200,303.13606414794924,288.3811016845703,298.31892713619504,50.97503705124971,1.2063466152105775,3.2482426155729724,318.68608209185953,287.58604620403895,7.081953806551756,0.006960644246616354,0.0069365307945603305,0.015623831872134899
2026-06-22,296.75408935546875,302.1594314563154,296.5043047694293,297.05381866220307,44879900,302.7374099731445,289.11566467285155,298.16989496660204,49.926605219574775,0.994186481271015,2.7974313887125812,318.5110256816814,286.9637942646076,6.980037583718494,-0.003355513813629196,-0.0033611561756575186,0.015465917945064581
2026-06-23,294.04638671875,301.3800886038737,293.9264950024863,297.2836155142734,52010900,302.0120346069336,289.7962725830078,297.777179895378,47.099333274201165,0.6006353229046795,2.358072175551001,317.982092668436,286.04197654543117,7.013863013551984,-0.009124398732296202,-0.009166281020203648,0.015207764605925178
2026-06-24,292.8274230957031,299.4417438827621,292.68755959702736,295.1054570720635,53081900,301.2501907348633,290.4780554199219,297.30577448588514,45.84080706937938,0.18821341040415973,1.9241004225216327,317.44483686531777,285.0555446044088,6.9953145329936115,-0.004145480706800209,-0.004154097032731816,0.015212256700664674
2026-06-25,274.91290283203125,288.55113481081804,273.5141152813601,287.1523472601469,107013700,299.4667282104492,290.808935546875,295.17312004266097,32.2162672332793,-1.5661325923367713,1.2260538195499522,318.7243773572888,280.20907906360964,7.875171195947141,-0.06117774105404383,-0.06312910528852322,0.01986300972129688
2026-06-26,283.53546142578125,285.70360492137456,273.9737007161028,274.7630284991681,261775500,298.0314651489258,291.160537109375,294.0647716029581,41.26489986297843,-2.2349331044718497,0.5338564347455919,317.5441070995243,278.5188231983273,8.150509268041755,0.03136469225316163,0.0308828692129702,0.021428202393453756
2026-06-29,281.4972229003906,288.12151489662153,279.6088673150861,286.4829438934296,66427000,296.5167709350586,291.5318664550781,292.8678622027136,39.90868521525211,-2.8960473128199737,-0.15212431476752125,316.2240458669364,276.8094960031808,8.17637629043416,-0.007188654692930396,-0.007214617571347412,0.021422293035994806
2026-06-30,289.11065673828125,289.69017405322865,280.45814550695326,280.9277417485351,65100200,295.6700012207031,291.9191070556641,292.5100331108629,46.92555406705876,-2.773671445536536,-0.6764337409213241,315.12038114334626,276.21962129805996,8.251780022994248,0.027046212958856453,0.026686927946559438,0.022303483194958455
2026-07-01,294.1263427734375,296.33442991747245,288.95081360688545,293.1871503157195,50164200,294.62989807128906,292.3503625488281,292.6639673644414,50.986108069380855,-2.2460724191277563,-0.9903614765626106,311.958757470475,277.3010386721031,8.189768329250873,0.017348672275670385,0.017199902237751946,0.02157303366809582
2026-07-02,308.3640441894531,309.15337194761725,293.4269150966668,293.866538367699,75352800,294.5484680175781,293.20372619628904,294.15921277634726,60.27663026440557,-0.6713440385370291,-0.9265579889574943,311.60089888011987,277.49603715503633,8.728103223657985,0.04840675364798175,0.04727163430823289,0.024217417216211453
2026-07-06,312.3905944824219,313.9292760509671,306.7354678654279,307.0951430290638,53590000,294.6199066162109,293.99786987304685,295.89553484359243,62.44468515731809,0.8912744486986526,-0.562991501426265,311.95638949621065,277.2834237362112,8.618510720935214,0.01305778143996239,0.01297326356082142,0.024385755936027043
2026-07-07,310.3923034667969,315.20815732134815,309.88273318392555,315.0183186077797,42490000,294.7857635498047,294.7468579101562,297.2761794743738,60.674808914399925,1.9459833881787745,-0.06119652350525706,312.6511102797634,276.920416819846,8.383290250684313,-0.006396770744445224,-0.006417317752291537,0.024252184642558735
2026-07-08,313.1199645996094,314.5487250421545,306.7854009831778,311.6412289475945,41323500,295.37775268554685,295.59771484375,298.7851113910629,62.24772971651988,2.967737053486644,0.5445901918931232,314.7829556208252,275.9725497502685,8.339006951276627,0.008787785980344909,0.008749398121391793,0.02385562927782344
2026-07-09,315.947509765625,316.2572401947346,307.8944576262147,310.24243869469103,48124500,296.66014709472654,296.5739996337891,300.41962552197356,63.861387039645784,3.9599951001936233,1.2276711735532233,317.8603654295066,275.4599287599465,8.340705209651146,0.00903022957872146,0.008989700861949937,0.022079107493530363
2026-07-10,315.0483093261719,316.6369356310425,311.9010296470402,314.4488202226986,34132300,297.846125793457,297.47041076660156,301.81283350332575,62.940032363308994,4.620546012270438,1.9062461412966663,320.3353051329069,275.35694645400713,8.083219550676226,-0.002846043762522954,-0.0028501014457968927,0.022139455263491536
2026-07-13,317.03656005859375,323.171283634363,315.5078797345754,316.7468014245228,43257800,298.92919158935547,298.41736755371096,303.2627122228751,64.17093388861272,5.2440227566575,2.573801464368833,322.8771468990976,274.9812362796133,8.086059176213007,0.006310939222858858,0.006291108635278855,0.022028668828157124
2026-07-14,314.58868408203125,315.91755515351207,311.64124426456783,313.48965629761443,36336800,300.11466827392576,299.2918084716797,304.3413762094614,61.464212598666904,5.477468586674718,3.1545348888300104,324.69039719504127,275.53893935281025,7.893863220342501,-0.007721115748007379,-0.007751077889289723,0.021750285190019605
2026-07-15,327.2178039550781,328.44675508114506,317.0465830462295,317.34631234952286,60957600,301.6673294067383,300.24334533691405,306.5200836138058,68.78061906507097,6.605397604775476,3.8447074320191037,328.8356709269488,274.4989878865278,8.319878061683308,0.04014486379221993,0.039359995560940185,0.02301398885485141
2026-07-16,332.97283935546875,334.3915986652446,326.50841333986017,327.72736328456057,62970600,303.3668640136719,301.3760650634766,309.03939368444037,71.44151757595642,7.872918632609014,4.650349672137086,333.7169885503112,273.01673947703256,8.288685723376245,0.017587781993612772,0.017434906842973087,0.023163033128834734
2026-07-17,333.452392578125,334.7013154010385,328.71648699084636,331.693929977533,63407100,305.2547348022461,302.3716375732422,311.3644411981246,71.65828977071554,8.81452575043852,5.483184887797373,338.05915630406713,272.4503133004251,8.12412448672024,0.0014402172368908062,0.0014391811187502526,0.022857484044720707
2026-07-20,326.3085632324219,333.4224228207836,323.4010672140761,333.2226134619852,53468000,306.68250274658203,303.15785217285156,312.78769091567676,63.87955007576031,8.881923564460351,6.162932623129969,340.5258792231249,272.8391262700392,8.261781692243718,-0.02142383591993391,-0.021656657586981348,0.023679200298973132
2026-07-21,327.45758056640625,329.3159936819017,321.94234806189104,322.85156758462244,41338900,308.2176773071289,303.96844482421875,314.18482326336533,64.54618184246539,8.925169119872635,6.715379922478502,342.8955258678254,273.53982874643236,8.198343401369929,0.0035212601306020552,0.0035150750095092813,0.023603474255821925
2026-07-22,325.60919189453125,328.7164973399543,323.0613709608057,327.58746619388995,38755900,309.79581756591796,304.62467895507814,315.2728583710954,62.546382366059724,8.709889827697111,7.114281903522224,344.62280329011855,274.96883184171736,8.016685042639834,-0.005644666001250687,-0.005660657333930309,0.023504938832998652
2026-07-23,321.3828430175781,323.0214140443725,319.0748358849152,321.4527900194849,40840800,311.22358856201174,305.2037799072266,315.85476167076047,58.112898237718305,8.104821072102425,7.312389737238265,345.4877296449085,276.959447479115,7.910804397423847,-0.012979820539962161,-0.01306479450939142,0.023774733374364157
2026-07-24,332.7330322265625,334.0818750563203,321.3428614810286,321.5127284115298,47489400,314.1145950317383,305.9675213623047,317.4622160094083,65.23907686370828,8.443829920463145,7.538677773883241,345.25039025575774,282.9787998077189,8.255676481557268,0.03531672413627751,0.03470739356294198,0.018954821753514994
2026-07-27,336.61968994140625,339.277401491225,333.73216560461384,334.2517370375488,49604300,316.76880645751953,306.727666015625,319.2867373362652,67.2911798337073,8.923255930813468,7.815593405269286,346.0183802667484,287.51923264829065,8.133440251779072,0.011681009513348384,0.01161331318603087,0.018272646299506604
2026-07-28,339.78692626953125,342.59453283396704,335.31080637618777,339.73698155301014,51859000,319.68329162597655,307.5643438720703,321.23913628229053,68.90228956534274,9.449842102638513,8.142443144743131,345.73536485333085,293.63121839862225,8.072746409350515,0.009408945533389002,0.00936495711319729,0.017882255786764688
2026-07-29,337.8985900878906,344.2730974331505,337.0593175600121,339.43727163464206,56090800,322.12268829345703,308.32288940429686,322.82575093044295,66.78999170450462,9.60408260336618,8.434771036467742,345.23826991828827,299.0071066686258,8.011391656763934,-0.005557412706758247,-0.0055729125775482845,0.017693597063649487
2026-07-30,333.1426696777344,334.4615395264105,329.30598233808786,332.8129674612056,74817800,324.07350463867186,309.03407592773436,323.8083146206612,61.66274399521034,9.236088403372605,8.595034509848716,343.7365741256546,304.4104351516891,8.052907091980993,-0.014074993355015719,-0.01417498544145801,0.01820509529133018
2026-07-31,308.6438293457031,310.4222943774597,299.7415030462749,304.54735603914753,132489100,324.0874938964844,309.232705078125,322.364077927808,43.245951358854924,6.888195845228438,8.25366677692466,343.706185628115,304.46880216485374,9.8634970590866,-0.07353858440208272,-0.07638287945805575,0.023146860994233177
2026-08-03,303.1585693359375,311.5313230344714,302.29929450581176,309.313234694189,75052000,323.62589263916016,309.25608520507814,320.5349818714394,40.340779605545684,4.532610326299675,7.509455486799664,344.70387280447414,302.54791247384617,9.818392164056105,-0.017772135672998512,-0.017931956478842527,0.023279090184655543
2026-08-04,309.1134033203125,310.1525156602479,301.0603512911937,302.46913991298527,68001000,323.56194763183595,309.34380981445315,319.4472124856178,44.68513491878664,3.1104419290115857,6.629652775242048,344.8072243954575,302.3166708682144,9.7665187501274,0.019642637836096544,0.01945221084485533,0.023699656691493997
2026-08-05,310.7320251464844,311.4414048335362,305.40663118634393,309.09342362565195,49438800,323.4425506591797,309.38737243652344,318.61719464379553,45.83962405794371,2.089881627480395,5.721698545689718,344.94648384549527,301.9386174728641,9.499965528489176,0.005236336596166957,0.005222674657279986,0.023644105532516637
2026-08-06,312.14080810546875,316.0174696892129,308.96355554648414,314.06913775686996,46139900,323.25221557617186,309.4689025878906,318.00039592585966,46.878823863843934,1.3788625773965464,4.853131352031084,345.08304199335294,301.4213891589908,9.325247572363429,0.004533755277783991,0.004523508767764461,0.02357387449970677
2026-08-07,313.05999755859375,314.53873325457766,310.47223295908327,311.1816431226555,34437200,323.15279998779295,309.5184594726563,317.52988179564386,47.58549042216298,0.8794084908006994,4.058386779785007,345.1496382672378,301.1559617083481,8.949622766872784,0.0029447910342259576,0.002940463630559811,0.023576994125383485
2026-08-10,308.260009765625,308.260009765625,304.6099853515625,306.8299865722656,44812500,322.7139724731445,309.43884521484375,316.647036840404,44.27334797740583,0.09517155068618877,3.2657437339652433,345.5167788330554,299.9111661132336,8.913936298312674,-0.015332485243728322,-0.015451243263146633,0.023765756012281713
2026-08-11,304.9100036621094,309.9700012207031,302.7900085449219,307.75,37476700,322.23003845214845,309.30122314453126,315.52922415675687,42.07234165573091,-0.7875806306034292,2.455078861051509,346.08844175450696,298.37163514978994,8.790083182417572,-0.010867469011185404,-0.010926951292996926,0.02382203393275938
2026-08-12,302.25,305.6600036621094,300.57000732421875,305.1000061035156,41657800,320.98164825439454,309.2253021240234,314.26453614182765,40.35674051207497,-1.6824143339404714,1.627580222053113,346.2374262499744,295.72587025881467,8.525791264951362,-0.008723897642456846,-0.00876217361050629,0.021766259317083838
2026-08-13,305.260009765625,306.0,302.04998779296875,304.2099914550781,40349300,319.5960067749023,309.03193420410156,313.4069622012369,43.18025039044858,-2.1242073186824655,0.8772227139059975,345.10777981154314,294.0842337382615,8.198949903671354,0.009958675816790663,0.009909414983244762,0.021437364450727532
2026-08-14,305.92999267578125,307.489990234375,304.29998779296875,306.0,28229400,318.21988677978516,308.95068115234375,312.69486986547923,43.81779013394524,-2.3926880025711625,0.22324057061056546,343.5621013885195,292.8776721710508,7.841167942080989,0.002194794236790587,0.0021923891943256765,0.02144831079370093
2026-08-17,305.5899963378906,307.6600036621094,302.94000244140625,306.2099914550781,38169300,317.18395843505857,308.84324462890623,312.01821524380415,43.55073640380051,-2.6028912319729898,-0.3419857899061456,342.81114595724443,291.5567709128727,7.61822746198257,-0.0011113534012042736,-0.0011119714123237288,0.021060931566623857
2026-08-18,310.0299987792969,311.489990234375,305.739990234375,307.5799865722656,53424500,316.3125793457031,308.90234130859375,311.82886129480346,48.007149659747135,-2.383729564731482,-0.7503345448712129,341.66690638547135,290.9582523059349,7.495496493018413,0.014529279409058127,0.014424740792900279,0.02138330032023285
2026-08-19,316.8299865722656,319.2799987792969,309.6000061035156,310.1400146484375,50505600,315.87361907958984,309.21333740234377,312.30515894027604,53.99708502109172,-1.6424075278270607,-0.9287491414623825,340.8704047979503,290.8768333612294,7.65153193464433,0.021933322000267097,0.021696246991930904,0.022049186644409694
2026-08-20,311.29998779296875,320.2799987792969,310.6499938964844,317.4599914550781,40959200,315.3694763183594,309.6333447265625,312.2094283548182,49.04824342292357,-1.4840222730131245,-1.039803767772531,340.3081203774143,290.43083225930445,7.792851430942057,-0.017454152112068244,-0.017608271810496567,0.022197954637969475
2026-08-21,309.3500061035156,312.3800048828125,307.010009765625,312.04998779296875,46876800,314.20032501220703,309.99377014160154,311.93710242612275,47.39860420916121,-1.498573421556614,-1.1315576985293476,337.9367210734363,290.4639289509778,7.619790265673875,-0.006263995393247401,-0.00628369652735619,0.02046211954625592
2026-08-24,310.3399963378906,313.3599853515625,309.9700012207031,311.4700012207031,34673600,312.88634033203124,310.2930651855469,311.78499708438636,48.34840883133745,-1.413922554322312,-1.1880306696879406,334.3098115200908,291.46286914397166,7.361946621557661,0.0032002269754076718,0.0031951171478967837,0.02021888327795366
2026-08-25,309.8999938964844,313.5899963378906,308.2099914550781,310.7900085449219,25869800,311.3919937133789,310.67348205566407,311.6054729712528,47.93413191393349,-1.3665874821076045,-1.2237420321718733,328.91592531360374,293.86806211315405,7.220379354504436,-0.0014178077160482694,-0.0014188137564350974,0.019988672393330607
2026-08-26,313.45001220703125,315.42999267578125,308.79998779296875,310.29998779296875,34024500,310.16956481933596,311.0191906738281,311.78114337466025,51.541873015102766,-1.0307356089372774,-1.1851407475249542,322.8753905255693,297.46373911310263,7.1782097493835835,0.011455367474878742,0.01139025156549776,0.02029632260527013
2026-08-27,314.5799865722656,315.3999938964844,309.3999938964844,310.54998779296875,32419200,309.2414306640625,311.3311474609375,312.0476998696703,52.66615870299098,-0.6657171195237197,-1.0812560219247074,316.7467574042641,301.73610392386087,7.094051910141899,0.003604958753321119,0.0035984764637677197,0.020198403507048348
2026-08-28,319.70001220703125,322.3699951171875,315.45001220703125,316.8500061035156,38649400,309.7942398071289,311.8112481689453,312.7764915208475,57.47999774607218,0.03628764070492707,-0.8577472893987805,318.5642168762893,301.0242627379685,7.143763098340469,0.01627575132974779,0.016144721120709464,0.011884136966329234
2026-08-31,316.8500061035156,321.239990234375,312.79998779296875,319.6000061035156,41242700,310.4788116455078,312.19318420410156,313.16444529062545,54.177108756480166,0.35852692162114863,-0.6144924471947948,319.20740182212813,301.75022146888745,7.236351622845168,-0.008914626195478559,-0.008954599215930675,0.011264129364076392
2026-09-01,325.1300048828125,327.29998779296875,314.7300109863281,316.9800109863281,53167400,311.27964172363284,312.7607025146484,314.3040223946433,61.15986840461149,1.2674205409538786,-0.23810984956506015,322.05839841871335,300.5008850285523,7.61732485025913,0.02613223487390992,0.025796622336462183,0.011868152683271316
2026-09-02,324.9599914550781,328.3999938964844,323.5299987792969,326.8699951171875,33776400,311.9910400390625,313.378974609375,315.31887659087516,60.95447436797993,1.9515108178089804,0.19981428390974795,324.300697329612,299.68138274851304,7.421087012182585,-0.000522909067699362,-0.0005230458323249564,0.01187057853598106
2026-09-03,328.2099914550781,330.80999755859375,324.1099853515625,324.8699951171875,37225800,312.794499206543,314.0866259765625,316.54660181603737,63.47937510344934,2.7244988031762887,0.7047511877630561,326.9913955922964,298.5976028207896,7.369581668957489,0.010001231183714099,0.009951549846201446,0.01198692762502925
2026-09-04,319.9700012207031,328.92999267578125,317.8599853515625,328.30999755859375,39606900,313.13999938964844,314.9877679443359,316.87263985457696,53.95320554699103,2.641746592922175,1.0921502687948799,327.6781510410026,298.6018477382943,7.633897787190436,-0.025105848234065142,-0.025426376168950823,0.01348905010346509
2026-09-08,316.2200012207031,320.70001220703125,314.8999938964844,317.1000061035156,35477100,313.53799896240236,315.6414587402344,316.81048379420804,50.25687819067784,2.24766156673536,1.323252528382976,327.9553031940494,299.1206947307553,7.5029063960016105,-0.011719848691107093,-0.011789067471725085,0.013278864727045437
2026-09-09,315.3399963378906,319.1499938964844,309.8999938964844,315.489990234375,65640000,314.0594985961914,316.31831420898436,316.6704373697969,49.40155104438919,1.84309129554714,1.4272202818158088,327.93508118444976,300.1839160079331,7.62769879628721,-0.0027828881140200545,-0.002786767546169644,0.013007354619289592
2026-09-10,326.57000732421875,326.739990234375,316.510009765625,316.6700134277344,70011900,315.27549896240237,317.06750122070315,317.6132535559323,58.99282654169833,2.4009577281916563,1.6219677710909783,329.06052268052497,301.49047524427976,7.897148446301293,0.03561239017170226,0.0349929330682692,0.014782844479358154
2026-09-11,332.2699890136719,336.2200012207031,326.29998779296875,327.45001220703125,50716900,316.62599792480466,317.8303741455078,319.0091331233361,62.8428190286034,3.2653706209813436,1.9506483410690516,331.4729512408825,301.77904460872685,8.041638802117943,0.017454088133066703,0.01730351508863038,0.015035241326281335
2026-09-14,333.0799865722656,335.5,331.3399963378906,334.7900085449219,39269100,317.9834976196289,318.32469299316404,320.3492144041865,63.369129748579525,3.9700201784566502,2.3545227085465714,333.61444909126794,302.35254614798987,7.764379149260187,0.0024377692400032736,0.002434802700750146,0.015033502027168936
2026-09-15,331.3399963378906,331.7799987792969,328.3500061035156,330.1400146484375,31748200,319.27099761962893,318.70368103027346,321.3959555407298,61.3585453976809,4.3380510076002,2.751228368357297,334.8483997042781,303.69359553497975,7.5476363863666025,-0.005223941108804753,-0.005237633595806399,0.015140129526437717
2026-09-16,332.4100036621094,335.4800109863281,330.70001220703125,332.5299987792969,35981000,320.3899978637695,319.1440350341797,322.4449125046707,62.15377357729104,4.6623144807119274,3.133445590828223,336.3616694595904,304.4183262679486,7.349947985861623,0.0032293334219983816,0.0032241303235070818,0.014942417979566823
2026-09-17,337.0,338.3399963378906,330.17999267578125,334.7699890136719,36700200,321.39849853515625,319.6216357421875,323.83111131374966,65.43948054142265,5.229388824426508,3.5526342375478803,338.824619654384,303.9723774159285,7.407809105593605,0.01380823768034456,0.013713772570884974,0.014522181719202854
2026-09-18,336.1300048828125,338.489990234375,332.5299987792969,337.9100036621094,86588200,322.63999938964844,320.02528564453127,325.00243451080325,64.30000138150646,5.544682345630406,3.9510438591643853,340.54284474415476,304.7371540351421,7.304393559128214,-0.0025815878848294282,-0.002584925929040273,0.013770761817942331
2026-09-21,338.9800109863281,339.6400146484375,333.04998779296875,335.2799987792969,34999200,324.1214996337891,320.50391967773436,326.33363227037705,66.36612860931953,5.955870835222925,4.352009254376093,342.28208639139837,305.9609128761798,7.253367366009681,0.0084788803799567,0.008443136576545992,0.013589538730121451
2026-09-22,339.75,345.3399963378906,338.75,340.1400146484375,40711800,325.59199981689454,320.9581884765625,327.6113815779602,66.92310529218872,6.271577512373483,4.735922905975571,343.8134560250839,307.3705436087052,7.205983721144035,0.002271487960105567,0.002268912031385673,0.013596414283549794
2026-09-23,337.0199890136719,341.79998779296875,335.5,341.0799865722656,31658800,326.94799957275393,321.4068145751953,328.5074394289803,62.94319322873744,6.229676425620596,5.034673609904576,344.31286359325514,309.5831355522527,7.141269726274372,-0.008035352424806796,-0.008067809857302792,0.01382971902247414
2026-09-24,335.9200134277344,338.9100036621094,334.29998779296875,336.7200012207031,24733100,328.0714996337891,321.58085876464844,329.2133988574331,61.35981464796946,6.038107135119844,5.23536031494763,344.68925420050675,311.4537450670714,6.960465879336247,-0.0032638289175568325,-0.0032691668250006928,0.013820192196515127
2026-09-25,341.07000732421875,341.6700134277344,334.5299987792969,336.0400085449219,30002500,329.39600067138673,321.74280212402346,330.34259966379364,65.7091473449735,6.230032621368707,5.434294776231845,345.7214596340947,313.0705417086788,6.973290791414908,0.015331012415526368,0.01521467993441426,0.014068794084291467
2026-09-28,338.3999938964844,342.989990234375,338.0400085449219,340.3699951171875,32820800,330.33099975585935,321.8417541503906,331.1099705430975,61.8237942045947,6.096411545176181,5.566718130020713,346.46901876472606,314.19298074699265,6.8287687127033525,-0.007828344241351815,-0.007859146587689452,0.014007140023563338
2026-09-29,329.3999938964844,337.0899963378906,328.70001220703125,336.9700012207031,38478000,330.9584991455078,321.90358276367186,330.94711562437243,50.898701794760115,5.204299174424989,5.494234338901569,345.88118496293487,316.03581332808074,7.0338553538997655,-0.026595745160542417,-0.02695581048132594,0.015293542915993597
2026-09-30,333.0199890136719,339.5,330.1400146484375,330.79998779296875,49931500,331.3529983520508,322.0148309326172,331.14453213763903,54.389945862696585,4.734817022365064,5.342350875594268,346.05400894762016,316.65198775648145,7.252866121729469,0.01098966358306952,0.010929716032626784,0.014386765208527568
