Date,Close,High,Low,Open,Volume,SMA_20,SMA_50,EMA_20,RSI,MACD,MACD_SIGNAL,BB_UPPER,BB_LOWER,ATR,Daily_Return,Log_Return,Volatility
2021-10-01,164.16299438476562,165.45849609375,162.7969970703125,164.45050048828125,56712000,,,,,,,,,0.0,,,
2021-10-04,159.48899841308594,163.99949645996094,158.8125,163.96949768066406,90462000,,,,,,,,,0.0,-0.028471678341373097,-0.02888485808454832,
2021-10-05,161.0500030517578,163.0364990234375,160.1230010986328,160.22500610351562,65384000,,,,,,,,,0.0,0.00978753803838428,0.009739950346903852,
2021-10-06,163.10049438476562,163.2169952392578,159.93099975585938,160.67649841308594,50660000,,,,,,,,,0.0,0.012732016728672857,0.012651646071788683,
2021-10-07,165.1215057373047,166.28750610351562,164.1529998779297,164.57699584960938,48182000,,,,,,,,,0.0,0.012391203105561077,0.012315060502089633,
2021-10-08,164.43099975585938,166.07150268554688,164.41000366210938,165.85000610351562,39964000,,,,,,,,,0.0,-0.004181805261295635,-0.004190573462060326,
2021-10-11,162.31500244140625,164.62950134277344,161.90499877929688,163.75,40684000,,,,,,,,,0.0,-0.01286860335091844,-0.012952121105274618,
2021-10-12,162.3665008544922,163.37649536132812,161.81399536132812,162.85000610351562,36392000,,,,,,,,,0.0,0.0003172745113595443,0.0003172241904451794,
2021-10-13,164.21400451660156,164.41900634765625,163.05450439453125,163.48550415039062,48402000,,,,,,,,,0.0,0.011378601203982708,0.011314351840536129,
2021-10-14,164.9929962158203,165.6300048828125,164.53900146484375,165.12249755859375,42190000,,,,,,,,,0.0,0.004743759227551214,0.004732543058962018,
2021-10-15,170.4510040283203,170.52099609375,165.1999969482422,165.5709991455078,103598000,,,,,,,,,0.0,0.03308023939004423,0.03254486320029431,
2021-10-18,172.33700561523438,172.45849609375,169.2550048828125,169.41799926757812,63482000,,,,,,,,,0.0,0.011064772529006062,0.01100400576947037,
2021-10-19,172.20750427246094,172.7344970703125,171.10000610351562,171.71449279785156,47722000,,,,,,,,,0.0,-0.0007514424560826072,-0.0007517249304827118,
2021-10-20,170.7530059814453,173.14300537109375,170.01849365234375,172.63299560546875,42796000,,,,67.33583746721371,,,,,2.924285888671875,-0.008446195751808605,-0.00848206698962188,
2021-10-21,171.75050354003906,172.01400756835938,170.14999389648438,170.71249389648438,37628000,,,,69.42443322185375,,,,,2.8485521589006697,0.005841756945129006,0.005824760045406363,
2021-10-22,166.77749633789062,171.49200439453125,166.56500244140625,171.0500030517578,62782000,,,,51.68197185156235,,,,,3.0154770831672515,-0.028954833317208384,-0.029382296136388146,
2021-10-25,166.01849365234375,167.38999938964844,164.88499450683594,166.75,44520000,,,,49.598539878322796,,,,,2.9790147831419125,-0.004550989805058192,-0.004561377086082202,
2021-10-26,168.80349731445312,170.80599975585938,167.19900512695312,167.47549438476562,53966000,,,,56.524114695413274,,,,,3.1081927345971776,0.01677526160393561,0.016636110939323188,
2021-10-27,169.62449645996094,171.85000610351562,168.57249450683594,169.39999389648438,54044000,,,,58.341383485553756,,,,,3.120286939031643,0.004863638245470758,0.004851848967382222,
2021-10-28,172.32850646972656,173.9499969482422,169.3000030517578,170.10499572753906,114174000,166.61475067138673,,167.63619930346036,63.72019095661152,,,174.6291226522659,158.60037869050757,3.2295517217068377,0.01594115275917063,0.01581542696620515,
2021-10-29,168.6215057373047,168.74099731445312,163.66600036621094,165.00100708007812,129722000,166.83767623901366,,167.73003801144552,53.51826351516256,,,174.81480394353326,158.86054853449406,3.6176198918360365,-0.021511245053778105,-0.021745984346714802,0.015758775881558194
2021-11-01,165.90550231933594,168.79299926757812,164.6009979248047,168.08999633789062,72178000,167.15850143432618,,167.55627270743508,47.51572634685227,,,174.410813319227,159.90618954942536,3.6586471383315655,-0.01610709978002456,-0.01623822909338356,0.01473184703338783
2021-11-02,165.6374969482422,166.55599975585938,164.17750549316406,165.75050354003906,52552000,167.38787612915038,,167.37353215894052,46.95606869923235,,,174.12475352930696,160.6509987289938,3.5672076472146905,-0.0016154097805501921,-0.0016167159617979095,0.01463809891381721
2021-11-03,169.1999969482422,169.74600219726562,164.87600708007812,165.4499969482422,67944000,167.6928512573242,,167.54748118649306,54.60934780396963,,,174.1731217545876,161.2125807600608,3.660263895069891,0.021507811127532195,0.021279781969291613,0.01511601411663729
2021-11-04,173.85000610351562,174.93150329589844,168.25,168.5,107060000,168.12927627563477,,168.14772165478092,62.2629137793067,,,175.02070472948986,161.23784782177967,3.876066709414787,0.02748232410840923,0.02711146442608225,0.016014798267784684
2021-11-05,175.94949340820312,178.3125,173.8489990234375,173.85000610351562,99940000,168.70520095825196,,168.89074753605922,65.12240073059495,1.7801125678971061,,176.16581343519857,161.24458848130536,3.918026299925338,0.01207642928374364,0.012004091021206855,0.01605963983606496
2021-11-08,174.44900512695312,178.9499969482422,174.39300537109375,176.16200256347656,61480000,169.3119010925293,,169.42010540185865,61.533703277993105,2.00003586457737,,176.56584678905756,162.05795539600103,3.9636666768698454,-0.008527948857282919,-0.008564519878774466,0.015854620665681645
2021-11-09,178.81149291992188,179.68850708007812,175.07150268554688,175.7624969482422,85898000,170.13415069580077,,170.3145232607218,67.19407588027511,2.4975527344687976,,177.77064744574886,162.49765394585268,4.054797768030928,0.025007238016599764,0.024699674045048896,0.01652205222262404
2021-11-10,174.1024932861328,180.2725067138672,173.1544952392578,178.19349670410156,80548000,170.62857513427736,,170.67528231076093,57.378940718077445,2.4832363200419536,,177.9414530176245,163.3156972509302,4.2735987470722465,-0.026334994227121156,-0.026687971077505174,0.017850279895441055
2021-11-11,173.625,177.16200256347656,173.37350463867188,175.64999389648438,45288000,171.06017532348633,,170.95620780497418,56.47805780689881,2.40563013411807,,178.00112846332235,164.11922218365032,4.23894868833885,-0.0027425987825921982,-0.0027463665972794556,0.01789198266240793
2021-11-12,176.25750732421875,177.0364990234375,172.3524932861328,174.25,53788000,171.35050048828126,,171.46109347347368,60.18916978603595,2.527413562643943,,178.64213334628658,164.05886763027593,4.270738477550696,0.015162029225161966,0.015048234458080111,0.01669983186362336
2021-11-15,177.28399658203125,179.69400024414062,176.29049682617188,176.85000610351562,58594000,171.59785003662108,,172.0156556742887,61.56538951461213,2.6759106789197062,,179.32894434761587,163.8667557256263,4.211149509148637,0.0058238044631160335,0.005806911669058077,0.0165876921134717
2021-11-16,177.03500366210938,178.8249969482422,176.25750732421875,176.9499969482422,44342000,171.8392250061035,,172.4936888159859,61.014409017372934,2.741897181775414,,179.92470359391152,163.7537464182955,4.093745231639694,-0.001404486161877938,-0.001405473377029005,0.016593096356505962
2021-11-17,177.4499969482422,179.3625030517578,177.2675018310547,178.23599243164062,51206000,172.17407455444337,,172.96571816191508,61.63075085857336,2.7954541947951554,2.472413307450347,180.59943182385578,163.74871728503095,3.9675848143546046,0.0023441312596286235,0.0023413880700420314,0.01642677861479551
2021-11-18,184.80299377441406,185.2100067138672,178.0500030517578,178.3175048828125,114070000,172.82669906616212,,174.09307774405784,70.5229556387838,3.3921216390517657,2.6563549737706307,182.88378650518325,162.769611627141,4.238472310873918,0.04143700734081479,0.040601497259703,0.018638216920987678
2021-11-19,183.82850646972656,188.1074981689453,183.78599548339844,185.63450622558594,98734000,173.67924957275392,,175.02026143221676,68.26497315080698,3.743202596553516,2.873724498327208,184.40897560795335,162.94952353755448,4.244403051921987,-0.005273114275827329,-0.005287066211290259,0.017137356867646877
2021-11-22,178.6284942626953,185.67300415039062,178.375,183.81900024414062,96844000,174.30974960327148,,175.3639026541671,57.65653468939891,3.560792656752625,3.0111381300122915,184.6392446529953,163.98025455354767,4.462517416098318,-0.02828730052206352,-0.02869509488188082,0.018594822576351998
2021-11-23,179.0019989013672,181.05250549316406,176.385498046875,179.2519989013672,73804000,174.81967468261718,,175.7103880110433,58.15948705809047,3.4070952943895634,3.0903295628877463,185.01761817518263,164.62173119005172,4.477123846826228,0.0020909577736383245,0.002088774763957146,0.018345038849182243
2021-11-24,179.02049255371094,180.6820068359375,176.84249877929688,178.1334991455078,46560000,175.2894744873047,,176.02563606272594,58.18597046511421,3.2493251133018646,3.12212867297057,185.35161157918574,165.22733739542363,4.431579861812971,0.00010331533981333685,0.00010331000315118602,0.018351786099269494
2021-11-26,175.22799682617188,181.6750030517578,175.20750427246094,180.10499572753906,59826000,175.43444900512696,,175.94967042114936,51.04990410307054,2.7861513793320114,3.0549332142428582,185.40489643705683,165.4640015731971,4.577002641633251,-0.021184701669844985,-0.021412317856405228,0.01883024405865261
2021-11-29,178.07850646972656,179.8000030517578,176.5749969482422,177.3820037841797,65312000,175.90729904174805,,176.15241671149005,55.47040461020369,2.618906045031423,2.9677277804005717,185.42730125526958,166.3872968282265,4.576645754772729,0.016267432688752415,0.016136535670027943,0.018341477747282956
2021-11-30,175.35350036621094,179.2884979248047,174.60049438476562,178.1750030517578,80022000,176.37969894409179,,176.07632944051107,50.75194505277004,2.2406488883042925,2.822312001981316,184.733856384183,168.02554150400056,4.584599882291753,-0.015302274022490625,-0.015420562086679022,0.018298433872952248
2021-12-01,172.18600463867188,177.99400329589844,172.0800018310547,177.25,74916000,176.70712432861328,,175.7058223165264,45.86788637410454,1.6660813839616537,2.5910658783773837,183.76414570066896,169.6501029565576,4.679557138188325,-0.0180634873037836,-0.018228623739821467,0.01887410999034064
2021-12-02,171.8679962158203,174.63499450683594,171.1875,173.0,64726000,176.84052429199218,,175.3403150688401,45.395552861708516,1.1715667826228184,2.307166059226471,183.4088123735332,170.27223621045115,4.5915526645202975,-0.0018468889124809706,-0.001848596514633391,0.01832524185488218
2021-12-03,169.489501953125,173.49349975585938,166.92999267578125,172.75,80712000,176.62249908447265,,174.78309477210533,41.91862833241828,0.581037945431575,1.9619404364674917,183.8315998908036,169.4133982781417,4.732406551345856,-0.013839076006382012,-0.013935728778151546,0.017485542231108573
2021-12-06,171.36849975585938,173.69549560546875,166.9344940185547,169.64999389648438,68860000,176.39344940185546,,174.45789524674856,45.47176753220956,0.2616429496117405,1.6218809390963416,183.95596180636554,168.8309369973454,4.877306196743585,0.011086219388703134,0.011025217696555534,0.017447556329198446
2021-12-07,176.1645050048828,177.49949645996094,173.33450317382812,174.60000610351562,66410000,176.47922439575194,,174.620429509428,53.32112022690334,0.3910103323004819,1.3757068177371699,183.99031452101326,168.96813427049062,4.966855518697726,0.027986504263362688,0.027602038798318594,0.018515333171531704
2021-12-08,176.1580047607422,177.17999267578125,174.75050354003906,176.15049743652344,45254000,176.34654998779297,,174.76686524764838,53.30991926937843,0.48739204761179167,1.1980438637120943,183.78152180971034,168.9115781658756,4.78561506277233,-3.689871657430732e-05,-3.689939734869626e-05,0.0176059865106797
2021-12-09,174.17100524902344,176.96949768066406,174.13949584960938,175.75,46062000,176.3499755859375,,174.71011667635076,49.86184207923618,0.39884337864322106,1.0382037666983197,183.78087054817718,168.91908062369782,4.645928403363927,-0.011279643604146683,-0.011343741238858878,0.016748759338010715
2021-12-10,172.21200561523438,175.927001953125,170.5,175.41700744628906,60690000,176.27932586669922,171.5606704711914,174.47220133719682,46.65768761895566,0.1686489420990256,0.8642928017784609,183.83827388315115,168.7203778502473,4.701719371204002,-0.011247564604614624,-0.011311296797986634,0.01693307770270835
2021-12-13,169.5675048828125,172.10000610351562,169.1300048828125,172.0,62170000,175.9448257446289,171.66876068115235,174.00508738916022,42.67133782956053,-0.22458207307440148,0.6465178268078885,184.0503637750715,167.8392877141863,4.586025182719565,-0.015356076499860039,-0.015475202151186945,0.01684375928273853
2021-12-14,169.0915069580078,169.49899291992188,166.44000244140625,167.5500030517578,55976000,175.53520126342772,171.86081085205078,173.53712734809807,41.97615206810481,-0.5680810553391495,0.40359805037848084,184.1412164779399,166.92918604891554,4.481844986911471,-0.0028071293797337082,-0.002811076756339546,0.01674847202442121
2021-12-15,173.31500244140625,173.60000610351562,165.19500732421875,168.59800720214844,75794000,175.34920120239258,172.10611083984375,173.5159725950798,49.79220382196108,-0.4938133127929518,0.2241157777441943,183.9782850991013,166.72011730568386,4.762070257796144,0.024977573145925636,0.024670732493370397,0.017821511823084456
2021-12-16,168.87100219726562,174.16600036621094,168.16050720214844,173.36849975585938,60876000,174.92025146484374,172.22152099609374,173.07359446195463,43.19840970580694,-0.7845059748572396,0.022391427223907523,183.93334423613564,165.90715869355185,4.850886179672313,-0.025641174633125208,-0.02597563931621664,0.018632619043826352
2021-12-17,170.0175018310547,170.89849853515625,165.61349487304688,167.7104949951172,85542000,174.18097686767578,172.31944091796876,172.78253802091655,45.21411593373825,-0.911857736743741,-0.1644584055696222,182.20116422625367,166.1607895090979,4.88189457127496,0.00678920370502567,0.006766260845510533,0.015736698898503453
2021-12-20,167.07899475097656,167.87449645996094,165.60000610351562,166.85000610351562,57372000,173.34350128173827,172.3724008178711,172.23934342377942,41.18048884555779,-1.2356540382081107,-0.37869753209731993,180.62296612135532,166.06403644212122,4.848723225293824,-0.017283556389377508,-0.01743466066061881,0.01601284322641404
2021-12-21,170.41700744628906,170.7165069580078,165.6475067138672,167.85049438476562,55956000,172.93292694091798,172.53444091796874,172.06578761639938,46.96816571662821,-1.208978856672843,-0.5447537970124245,179.89302509151125,165.9728287903247,4.864457298068595,0.019978649621920752,0.01978169533389277,0.01589865056410166
2021-12-22,171.03700256347656,172.0500030517578,168.50050354003906,169.27000427246094,55036000,172.53467712402343,172.70785095214845,171.9678080875496,47.991788059520765,-1.1248436611454053,-0.6607717698390208,178.95034026636802,166.11901398167885,4.770531741900749,0.0036381058820253998,0.003631503982249459,0.01592452650807396
2021-12-23,171.06849670410156,171.97500610351562,170.14999389648438,170.42799377441406,36788000,172.13707733154297,172.84494079589842,171.88215938436406,48.046646425914105,-1.0435946886322256,-0.7373363535976617,177.84191456176038,166.43224010132556,4.56013748941007,0.0001841364158221559,0.00018411946479317587,0.015925139474881226
2021-12-27,169.66949462890625,172.9429931640625,169.2154998779297,171.03700256347656,58688000,171.8591522216797,172.93847076416014,171.6714294076538,45.73868825770407,-1.0796465744151647,-0.8057983977611622,177.47548862283298,166.2428158205264,4.500662903461694,-0.008178022851368039,-0.008211646321395375,0.015362504958554513
2021-12-28,170.66099548339844,172.17599487304688,169.135498046875,170.1824951171875,54638000,171.48827667236327,172.9426705932617,171.57519760534376,47.65769761530021,-1.0164946039503775,-0.8479376389990053,176.34050114573157,166.63605219899497,4.396365326512421,0.005843719029521299,0.005826710732445391,0.014897840894696784
2021-12-29,169.2010040283203,171.21200561523438,168.60049438476562,170.83999633789062,35754000,171.18065185546874,172.87995056152343,171.34908393134154,45.126862518499266,-1.0718991351428713,-0.8927299382277786,175.78759038523205,166.57371332570543,4.2688757482235875,-0.0085549217086347,-0.008591725101779567,0.014655654736087388
2021-12-30,168.64450073242188,170.88800048828125,168.5240020751953,169.6999969482422,37584000,171.00357666015626,172.80869049072265,171.09150457906347,44.16413663964064,-1.147485294181422,-0.9436810094185073,175.71343077444527,166.29372254586724,4.132813081428041,-0.0032890070546229833,-0.003294427727342962,0.014150146813402976
2021-12-31,166.7169952392578,169.35000610351562,166.55850219726562,168.95599365234375,47830000,170.74602661132812,172.7279702758789,170.67488464193912,40.90879370096767,-1.347389585826619,-1.0244227247001296,175.79012311013096,165.70193011252528,4.037005283201038,-0.011429400216389607,-0.011495217795266778,0.01434325002246046
2022-01-03,170.4044952392578,170.70350646972656,166.16050720214844,167.5500030517578,63520000,170.79177627563476,172.70105010986327,170.6491332702552,48.69938873432006,-1.1944953461089938,-1.0584372489819025,175.80596566719004,165.77758688407948,4.073147710656545,0.022118320898886212,0.021877258953900566,0.014945919762400995
2022-01-04,167.52200317382812,171.39999389648438,166.34950256347656,170.43800354003906,70726000,170.5994514465332,172.71594024658202,170.35131135630974,43.83438209115083,-1.2910363162663998,-1.104957062438802,175.801941343473,165.3969615495934,4.142957969395921,-0.016915587005979504,-0.017060289689663746,0.015199127842108282
2022-01-05,164.35699462890625,167.12649536132812,164.35699462890625,166.88299560546875,64302000,170.0090759277344,172.68271026611328,169.780424048938,39.20338083506754,-1.6044404780499804,-1.2048537455610377,175.23128018623478,164.786871669234,4.073104439076347,-0.018893091563845,-0.019073846316683307,0.014061817961131961
2022-01-06,163.25399780273438,164.8000030517578,161.93699645996094,163.45050048828125,51958000,169.36387557983397,172.5717202758789,169.15885964453764,37.708245865584985,-1.9196891780815974,-1.3478208320651497,174.57642143556205,164.1513297241059,3.9866688785563844,-0.006710981961323137,-0.006733601858714689,0.014057769830246007
2022-01-07,162.5540008544922,165.24349975585938,162.031005859375,163.83900451660156,46606000,168.78302536010742,172.43031036376954,168.5298254740571,36.750335757118144,-2.2006423129737414,-1.518385128246868,174.30337553113202,163.2626751890828,3.931370665551241,-0.004287778294336242,-0.004296997177475961,0.013945923012531398
2022-01-10,161.48599243164062,161.6614990234375,156.30450439453125,160.5854949951172,87798000,168.24672470092773,172.21346008300782,167.8589842319222,35.27784138409173,-2.4808809986811298,-1.7108843023337206,174.38036548079089,162.11308392106457,4.096951079437647,-0.006570176170610398,-0.006591854785116594,0.013845426610883721
2022-01-11,165.36199951171875,166.35000610351562,160.70150756835938,161.5,62806000,168.03644943237305,172.1482699584961,167.62117616333137,44.040933221314596,-2.3629719284037094,-1.8413018275477184,174.2622122200013,161.8106866447448,4.207775897703262,0.024002125643924677,0.023718602439306714,0.01478015250292623
2022-01-12,165.20700073242188,166.8780059814453,164.41700744628906,166.5749969482422,50030000,167.84222412109375,172.13429992675782,167.39125469372095,43.78562527907733,-2.2560291471512812,-1.9242472914684312,174.16581132412193,161.51863691806557,4.083006086092761,-0.0009373300985386912,-0.0009377696670975312,0.01477504121734634
2022-01-13,161.21400451660156,166.22149658203125,161.09100341796875,165.25050354003906,52188000,167.2371742248535,172.045830078125,166.8029451530429,37.719287400204806,-2.4650619466098647,-2.032410222496718,173.66522308301867,160.80912536668833,4.157826591662028,-0.024169655027437842,-0.024466534551061184,0.014296234334759949
2022-01-14,162.13800048828125,162.25,159.80050659179688,160.14999389648438,45974000,166.9005241394043,171.9045901489258,166.35866470877988,39.797849052300656,-2.527033128540438,-2.131334803705462,173.64833228674286,160.15271599206574,4.035802792843535,0.005731487003565627,0.005715124523055335,0.013436011855152823
2022-01-18,158.91749572753906,159.7344970703125,157.6645050048828,159.10499572753906,67292000,166.34552383422852,171.60593994140626,165.64998194866172,35.36737029935473,-2.8036943132057672,-2.2658067056055233,173.7686937755129,158.92235389294413,4.067066556454599,-0.019862738846190164,-0.02006265472349509,0.01383959736340118
2022-01-19,156.2989959716797,159.25,156.25,158.76199340820312,53242000,165.80652389526367,171.21292999267578,164.7594118556158,32.22605534399072,-3.1973838906821186,-2.4521221426208424,174.41002996789604,157.2030178226313,3.9908475167078423,-0.016477101806013472,-0.016614359071245203,0.013797758936080005
2022-01-20,151.66749572753906,158.0,151.3509979248047,156.76600646972656,71974000,164.86904830932616,170.7572998046875,163.5125627005609,27.562830430312275,-3.838857124525987,-2.7294691390018713,175.1761326029367,154.56196401571563,4.180715699456948,-0.02963230963415675,-0.030080217077818206,0.013863381882666757
2022-01-21,142.64300537109375,150.89999389648438,142.07049560546875,149.9499969482422,163972000,163.44934844970703,170.03393005371095,161.52498581204023,21.14290992074072,-5.017590574068549,-3.187093426015207,177.21032446422552,149.68837243518854,4.567593158215045,-0.05950180896147472,-0.06134555364691525,0.018147512523505688
2022-01-24,144.54400634765625,144.94500732421875,135.3520050048828,139.0,155624000,162.12312393188478,169.4427603149414,159.90774967257508,25.100485160019645,-5.732272366046288,-3.6961292140214237,177.68593482709542,146.56031303667413,4.926550955437967,0.01332698348311534,0.01323896043083007,0.01872175063608656
2022-01-25,139.98599243164062,143.60000610351562,138.14500427246094,142.24249267578125,90824000,160.6389488220215,168.76998016357422,158.01043945915276,22.22091090902039,-6.590485451454072,-4.275000461507954,178.52779886906427,142.7500987749787,5.031726035420634,-0.031533745543573244,-0.03204163984338447,0.0194339084979237
2022-01-26,138.87249755859375,145.18499755859375,137.31849670410156,144.75,95602000,159.04952392578124,168.02227996826173,156.1877783257662,21.569895213581006,-7.276595175461551,-4.875319404298674,178.66006359878617,139.43898425277632,5.234209951068602,-0.007954330670553511,-0.007986135126473034,0.01910692005345923
2022-01-27,139.6374969482422,144.24349975585938,139.35000610351562,140.8000030517578,77516000,157.57134857177735,167.26934997558592,154.61156105171628,23.23390771632866,-7.670195775148329,-5.434294678468605,178.32196555968045,136.82073158387425,5.243980825796961,0.005508645722495764,0.005493528624727967,0.019422072890183942
2022-01-28,143.97799682617188,143.9980010986328,137.92950439453125,140.86050415039062,74392000,156.33802337646483,166.6082098388672,153.5988406492835,32.043721351839835,-7.544911972388348,-5.856418137252554,177.2410529131247,135.43499383980497,5.302874817104432,0.031084056738273746,0.030610731040560255,0.021408144748878158
2022-01-31,149.57350158691406,150.36050415039062,144.30050659179688,144.75,78308000,155.48084869384766,166.05067993164062,153.21547502429593,41.38284690696854,-6.91440819190592,-6.0680161481832275,176.01386575629923,134.9478316313961,5.379991424755454,0.03886361030218932,0.038127433338896885,0.02376546858391192
2022-02-01,151.19349670410156,151.70799255371094,147.62750244140625,150.0,59220000,154.52029876708986,165.37848999023439,153.0229056604679,43.791305815275834,-6.212396694237697,-6.096892257394122,173.93800710803674,135.10259042614297,5.287169902437542,0.010830762802234384,0.01077253018259915,0.023211633116495458
2022-02-02,150.6125030517578,155.0749969482422,148.86349487304688,155.05050659179688,87330000,153.67482376098633,164.714169921875,152.79334350725742,43.10722571352147,-5.637938214550815,-6.005101448825462,172.20677981653557,135.14286770543708,5.353193629063098,-0.0038427158906232384,-0.0038501180924552735,0.023062914883321017
2022-02-03,138.8455047607422,144.24749755859375,138.33299255371094,141.7375030517578,225532000,152.3992492675781,163.91851013183594,151.4649779123512,32.1522876365311,-6.062291825309643,-6.016539524122299,171.32238377547046,133.47611475968577,5.847930548276224,-0.0781276325178123,-0.08134849507057183,0.028171636449217375
2022-02-04,157.63949584960938,161.1999969482422,150.60800170898438,155.60650634765625,253456000,152.11852416992187,163.4912600708008,152.0530272397091,52.78901824149292,-4.826440899865645,-5.778519799270969,170.54938733413022,133.68766100571352,7.026970665363637,0.13535901735711864,0.1269489157684572,0.04268848962476371
2022-02-07,157.9355010986328,162.6909942626953,157.25,158.52000427246094,102624000,151.8875991821289,163.0695602416992,152.6132628453209,53.031332519065565,-3.7795664979590526,-5.378729139008586,169.9006783461367,133.8745200181211,6.913686636601613,0.0018777353189827206,0.001875974577811346,0.04268507159982194
2022-02-08,161.4134979248047,161.79249572753906,155.55050659179688,156.75050354003906,76040000,151.88397445678712,162.79327026367187,153.4513804719384,55.8957162502444,-2.638846732577406,-4.83075265772235,169.88935385270557,133.87859506086866,6.865708243683082,0.022021627828944013,0.02178265381683596,0.04295259548334848
2022-02-09,161.1894989013672,163.83450317382812,160.25,162.87350463867188,68786000,151.67534942626952,162.4554901123047,154.18834413188398,55.66028181347147,-1.7329169611984128,-4.211185518417563,169.13979086420258,134.21090798833646,6.6313364529791565,-0.0013877341505965646,-0.0013886979453967615,0.04260543442874276
2022-02-10,159.0034942626953,160.7165069580078,157.75,158.35000610351562,68268000,151.36517410278321,162.12848999023439,154.6469298586279,53.3008094049662,-1.1777767187733446,-3.604503758488719,168.0607155360001,134.66963266956634,6.403348056435445,-0.013561706274733853,-0.013654506185153747,0.04270657021436701
2022-02-11,153.2935028076172,159.0,152.73399353027344,158.13450622558594,77100000,150.969149017334,161.75063995361327,154.51803204424596,47.622129648390235,-1.18491371934374,-3.120585750659724,167.07683533442457,134.8614627002434,6.393787533291619,-0.03591110674363196,-0.03657177570139793,0.04311949820799841
2022-02-14,155.16700744628906,158.44850158691406,151.64999389648438,151.75100708007812,83230000,150.62059936523437,161.41662017822264,154.5798392253929,49.522403697291566,-1.027548734718863,-2.701978347471552,166.0331710355224,135.20802769494634,6.422696115944339,0.012221683270054351,0.012147601490993106,0.04320239099747936
2022-02-15,156.510498046875,158.0070037841797,154.6374969482422,157.60549926757812,56440000,150.50024948120117,161.15704010009765,154.76371149410548,50.89812672006388,-0.7853740836444558,-2.318657494706133,165.6877414584847,135.31275750391762,6.204611167372422,0.008658352201907249,0.008621083638872947,0.04302899825193443
2022-02-16,158.10049438476562,158.83399963378906,154.7344970703125,155.79049682617188,52704000,150.59032440185547,160.8916799926758,155.08150034083502,52.54646771463925,-0.4598486624450686,-1.94689572825392,165.93487102081403,135.2457777828969,6.054246267094146,0.010159039538768955,0.010107783346743868,0.04290122207900094
2022-02-17,154.65249633789062,160.3489990234375,154.5,158.14599609375,64032000,150.73957443237305,160.46143981933594,155.04064281674508,48.72641766851523,-0.47462091268121753,-1.6524407651393795,166.1808890528826,135.2982598118635,6.039585749690099,-0.021808901106176726,-0.022050230393006458,0.04263801872858134
2022-02-18,152.60150146484375,155.49949645996094,150.89300537109375,155.49949645996094,63604000,151.23749923706055,159.99030975341796,154.80834364037352,46.55819487233544,-0.6443979543037983,-1.4508322029722633,166.23833085091135,136.23666762320974,5.937221845345605,-0.013261957754408193,-0.013350682834785058,0.040329402613522324
2022-02-22,150.19749450683594,152.9824981689453,148.48550415039062,150.47850036621094,66128000,151.52017364501953,159.51083953857423,154.3692151514652,44.082152652308594,-0.9618432234012744,-1.3530344070580655,166.21578803772604,136.824559252313,5.834348429146254,-0.015753494788264932,-0.01587889987657254,0.0405040680154216
2022-02-23,144.82699584960938,151.76300048828125,144.6510009765625,151.65049743652344,64244000,151.76222381591796,158.96313934326173,153.46043236081226,39.08180601190463,-1.6280085752831894,-1.4080292407030903,165.83627752427708,137.68817010755885,5.925609220758575,-0.03575624663287669,-0.03641116014436802,0.040702267578468045
2022-02-24,151.35800170898438,151.74899291992188,139.5,139.83749389648438,100786000,152.3864990234375,158.59894927978516,153.26020087016198,46.96101574176712,-1.6103882715905797,-1.4485010468805881,165.16631827691208,139.6066797699629,6.377279484984525,0.04509522427819257,0.04410800497645022,0.04170403817987819
2022-02-25,153.7884979248047,153.99000549316406,149.2135009765625,150.5500030517578,62396000,153.09404907226562,158.29288909912108,153.31051487536604,49.57487491043991,-1.3843454492407261,-1.4356699273526157,164.46097395397015,141.72712419056109,6.262938415814313,0.01605793012842116,0.01593036537376894,0.041775950703465334
2022-02-28,153.56300354003906,154.4499969482422,150.85000610351562,152.4250030517578,57684000,153.57329940795898,157.89784912109374,153.3345614148587,49.331967430653044,-1.209458511435173,-1.3904276441691272,164.1426778039259,143.00392101199208,6.072727875022331,-0.0014662630028149382,-0.0014673390183547882,0.04136458628825167
2022-03-01,151.14199829101562,154.0989990234375,149.9770050048828,152.7324981689453,44874000,153.65172424316407,157.54326904296875,153.1257458792546,46.68700240161349,-1.2517844516927141,-1.3626990056738448,164.12405571043664,143.1793927758915,5.933389742417499,-0.015765550251120253,-0.015891148369833387,0.04074115932169274
2022-03-02,152.05250549316406,152.99949645996094,148.75,150.8489990234375,47334000,153.69467468261718,157.18396911621093,153.02353250915075,47.82009938548947,-1.198047397857664,-1.329768684110609,164.13331784132032,143.25603152391403,5.813111650813459,0.0060241839623909055,0.006006111112644554,0.040696018518282695
2022-03-03,147.89849853515625,153.9290008544922,146.8560028076172,153.531494140625,65198000,153.5589744567871,156.80035919189453,152.535434035437,43.298657717688904,-1.4736665301315952,-1.3585482533148063,164.22250051450564,142.89544839906856,5.903103536246427,-0.027319556126581324,-0.02769967430173762,0.04118002317534575
2022-03-04,145.64100646972656,147.85000610351562,143.8070068359375,147.15899658203125,60934000,153.89874954223632,156.30483917236327,151.87882188632173,41.02830303882283,-1.8528983622878457,-1.4574182751094142,162.98118340428076,144.81631568019188,5.773702690744449,-0.0152637929917393,-0.015381483821486462,0.0371116274044416
2022-03-07,137.4530029296875,146.09449768066406,137.41650390625,145.44349670410156,86934000,152.88942489624023,155.6331591796875,150.5049343666423,34.0536925459441,-2.7820757398231706,-1.7223497680521653,164.2784344947943,141.50041529768615,5.981152053863708,-0.05622045424233624,-0.05786267214586164,0.023311831892656603
2022-03-08,136.01449584960938,140.69949340820312,133.57249450683594,136.68350219726562,91662000,151.79337463378906,154.93207916259766,149.12489260311534,32.99255656799046,-3.593111848384723,-2.096502184118677,165.08864837983782,138.4981008877403,6.0629982572568135,-0.010465446730283379,-0.010520594620232346,0.023239745149300748
2022-03-09,139.2790069580078,140.25,136.8280029296875,139.5,82656000,150.68665008544923,154.3242694091797,148.1871892083432,37.734386064521914,-3.9271750148398326,-2.462636750262908,164.27625906867019,137.09704110222827,5.932462963909229,0.024001199930983708,0.023717698424230754,0.0233745094905988
2022-03-10,146.8175048828125,148.67449951171875,143.97799682617188,145.68499755859375,135062000,149.9680503845215,153.84739959716796,148.05674308210217,47.05234820955477,-3.5427896268662096,-2.6786673255835685,162.75648345765273,137.17961731139025,6.179822220323636,0.05412515560997311,0.052711186532696214,0.027087832768220108
2022-03-11,145.52450561523438,149.6750030517578,145.36900329589844,149.57449340820312,68900000,149.29410095214843,153.37386962890625,147.81557760906713,45.78670809830244,-3.304404553623982,-2.8038147711916515,161.51491753389035,137.0732843704065,6.04597775857619,-0.008806846762653975,-0.008845856240147519,0.02702315351472199
2022-03-14,141.85299682617188,147.4499969482422,140.88400268554688,145.9810028076172,74086000,148.72207565307616,152.83803955078125,147.24771277260092,42.30678291732561,-3.3728624816514525,-2.917624313283612,161.2086472095877,136.23550409656463,6.083121794584699,-0.025229488143872714,-0.025553208143987614,0.026460486356146274
2022-03-15,147.3665008544922,147.98500061035156,142.0,142.85000610351562,75584000,148.33205032348633,152.45102966308593,147.25902592325724,48.621834301504585,-2.948236747998976,-2.923746800226685,160.47149337694123,136.19260727003143,6.086613365270055,0.038867730338306705,0.03813139923769891,0.027926037430009765
2022-03-16,153.10400390625,153.14999389648438,147.35350036621094,148.5,84958000,148.16172561645507,152.10501983642578,147.81569049306609,54.23566377492475,-2.12426207792592,-2.763849855766532,159.92722358259076,136.3962276503194,6.065890519913154,0.038933563723705156,0.03819476755459102,0.02933117229665556
2022-03-17,157.23899841308594,157.49850463867188,152.13999938964844,152.6405029296875,72934000,148.1186508178711,151.89935974121093,148.71314839021082,57.813274844133986,-1.1246326512216172,-2.436006414857549,159.74375606457542,136.49354557116678,6.015363000563888,0.027007748989816838,0.02664947618554765,0.029895780657683498
2022-03-18,161.25050354003906,161.593994140625,156.01100158691406,156.81300354003906,102962000,148.44855117797852,151.83722991943358,149.90718221400397,60.99866429059148,-0.008624769445987113,-1.9505300857752368,161.12366927344425,135.77343308251278,5.984479397217249,0.025512151358369817,0.025192147663773066,0.02993897521647366
2022-03-21,161.4915008544922,163.08399963378906,159.55299377441406,161.12100219726562,66538000,148.89305114746094,151.80197998046876,151.01045065595525,61.18826472091339,0.8850635250576602,-1.3834113636086576,162.69314556301848,135.0929567319034,5.809231287371374,0.0014945523217748669,0.001493436589994942,0.029710639941902945
2022-03-22,164.88900756835938,166.16700744628906,161.69900512695312,161.8054962158203,64086000,149.62762680053712,151.8486801147461,152.33221798094613,63.855920619352,1.846186644364053,-0.7374917620141155,165.09106788543883,134.1641857156354,5.7282509519731954,0.02103830044237709,0.020820051155123028,0.029610687428510887
2022-03-23,163.4080047607422,166.3699951171875,162.68699645996094,163.7050018310547,55812000,150.55667724609376,151.88712036132813,153.38705481711716,61.85993926745597,2.460021495129098,-0.09798911058547283,166.95899485990952,134.154359632278,5.582161502348436,-0.008981816492546923,-0.009022396175222974,0.028240180804742727
2022-03-24,163.64950561523438,164.11849975585938,160.0500030517578,163.74949645996094,56798000,151.17125244140624,151.85287048339845,154.3644310836045,62.06815176156688,2.9321768281936045,0.5080440771703426,168.54022532938978,133.8022795534227,5.474042588187944,0.0014779010051912955,0.0014768099843156708,0.026741665340898103
2022-03-25,164.77349853515625,165.36849975585938,162.25,164.0,49032000,151.72050247192382,151.84420043945312,155.35577084089516,63.078416765720554,3.3583472300106507,1.0781047077384043,170.05377118686735,133.3872337569803,5.305789528735903,0.006868294014676479,0.0068448147304497955,0.026606728376156682
2022-03-28,168.99049377441406,169.03750610351562,164.89999389648438,164.97500610351562,59854000,152.49187698364258,151.99973022460938,156.6543158821827,66.66555976586423,3.9903681367880495,1.6605573935483333,172.30854232131801,132.67521164596715,5.23137653156615,0.025592678900108856,0.02527066880086216,0.02701020828029542
2022-03-29,169.31500244140625,170.8314971923828,167.86849975585938,170.38400268554688,66154000,153.4005271911621,152.14327026367187,157.8600955544897,66.93180797682291,4.465953662407429,2.2216366473201523,174.5106366139836,132.2904177683406,5.0693494533488135,0.00192027764251268,0.0019184362663260243,0.02657561283988219
2022-03-30,166.30099487304688,168.95050048828125,165.5,168.50950622558594,56168000,154.11295166015626,152.29094024658204,158.66399072768564,61.980168617046935,4.547235693694148,2.6867564565949515,175.9424616438922,132.28344167642032,4.979753238210059,-0.01780118433038691,-0.017961531171231216,0.027104560971769425
2022-03-31,162.99749755859375,166.4949951171875,162.95350646972656,166.44500732421875,59966000,154.86790161132814,152.4249102783203,159.0767056639626,57.0025139600112,4.295570995757913,3.008519364427544,176.8294783773678,132.90632484528848,4.87702005315655,-0.019864567358571672,-0.020064520292900095,0.02668709878749203
2022-04-01,163.55999755859375,165.82699584960938,162.3195037841797,164.14950561523438,57090000,155.76385116577148,152.6627603149414,159.50368584440366,57.62653501023705,4.094317218220908,3.225678935186217,177.60837769382186,133.9193246377211,4.779196625461775,0.003450973226124532,0.0034450322821231614,0.02625604521404636
2022-04-04,168.34649658203125,168.39450073242188,163.20550537109375,164.125,49882000,157.30852584838868,153.17683013916016,160.3458582956063,62.60049372405832,4.271809853436537,3.4349051188362814,178.09906264385188,136.5179890529255,4.808467963737942,0.029264484561530857,0.02884445449723015,0.022216302793638308
2022-04-05,164.05499267578125,168.11050415039062,163.26600646972656,167.7415008544922,53728000,158.71055068969727,153.56704986572265,160.6991091889563,56.22763573649101,4.019847249150359,3.551893544899097,177.22539732243405,140.1957040569605,4.827898117206995,-0.025492089193307588,-0.025822642256601212,0.023192458916104976
2022-04-06,158.75599670410156,162.1999969482422,157.25450134277344,161.65049743652344,79056000,159.68440017700195,153.94244995117188,160.51405085706537,49.5235846448217,3.353918495924347,3.512298535104147,175.9167582696145,143.4520420843894,4.968797632621339,-0.032300120131985244,-0.03283328123701215,0.02472736657817126
2022-04-07,157.7845001220703,160.07899475097656,154.51150512695312,158.39999389648438,68136000,160.23274993896484,154.3206900024414,160.2540936442087,48.38457655582829,2.716459848010601,3.3531307976854383,175.3951120419633,145.0703878359664,5.011561346292917,-0.0061194323502751224,-0.0061382328144399005,0.022206772221339478
2022-04-08,154.4604949951172,157.36849975585938,154.2310028076172,156.75,46002000,160.67954940795897,154.6171499633789,159.7023223442952,44.604516792418416,1.9209068248680978,3.0666860031219705,174.5538422076124,146.80525660830554,4.907413915447218,-0.021066740550443774,-0.021291810941382657,0.02273717365902261
2022-04-11,151.1219940185547,154.13650512695312,150.5345001220703,152.71299743652344,52112000,161.14299926757812,154.76002990722657,158.8851482180342,41.12903699378452,1.0094004544766335,2.6552288933929034,172.93360629954807,149.35239223560816,4.837312555275765,-0.021613947156313595,-0.021850949776512304,0.02251226282814361
2022-04-12,150.78750610351562,155.0989990234375,150.38299560546875,153.6925048828125,55178000,161.3140495300293,154.78430999755858,158.11394420712767,40.78614120203778,0.2570713510673386,2.1755973849277908,172.37706211441326,150.25103694564535,4.828647616896693,-0.002213363562407644,-0.0022158166719546393,0.020924903519884023
2022-04-13,155.54100036621094,156.02499389648438,149.60000610351562,150.01849365234375,53390000,161.43589935302734,154.8712600708008,157.86890193656416,47.48655124925793,0.04390625281564553,1.7492591585053618,172.18371342964053,150.68808527641414,4.942671915187554,0.03152445706895657,0.031037763445815297,0.020280258463220204
2022-04-14,151.7064971923828,155.89700317382812,151.4720001220703,155.38999938964844,51598000,161.15927429199218,154.8931399536133,157.28200624664214,43.23636463528732,-0.4294900887731501,1.3135093090496595,172.58813598109526,149.7304126028891,4.905695567799715,-0.024652684274885983,-0.024961650159491106,0.020080297633253624
2022-04-18,152.78500366210938,154.0395050048828,150.25050354003906,151.52349853515625,46514000,160.7359992980957,155.17192993164062,156.85372028621046,44.734630160469806,-0.7094554803101119,0.9089163511777052,172.7329259790494,148.73907261714197,4.825931703302861,0.007109164667870926,0.007084013688019547,0.019173811870666736
2022-04-19,158.11549377441406,158.6490020751953,151.55050659179688,152.0294952392578,54926000,160.56719894409179,155.18144989013672,156.9738891898489,51.54246448926981,-0.4954923395890489,0.6280346130243544,172.6117632313426,148.52263465684098,4.988257687595402,0.03488883060861969,0.034294010908479985,0.020916493007735206
2022-04-20,153.9980010986328,157.6024932861328,153.60350036621094,157.6024932861328,59630000,160.02264862060548,155.1026998901367,156.69047127639976,46.75171140597019,-0.6506717181224246,0.3722933467949986,172.22021619615424,147.82508104505672,4.954238810495953,-0.026041044919075107,-0.026386116801539967,0.020972789660913344
2022-04-21,148.29600524902344,156.73800659179688,147.58949279785156,154.71400451660156,63970000,159.26704864501954,154.8403500366211,155.89099832141153,41.06007566767928,-1.2196960087584898,0.05389547568430092,172.3707746487712,146.16332264126788,5.2538298807423365,-0.037026427673936824,-0.03772931062801116,0.0222765311844005
2022-04-22,144.35000610351562,149.61500549316406,143.69749450683594,148.25,73078000,158.30207366943358,154.50356018066407,154.79185620542145,37.64455782866274,-1.9663936496818621,-0.35016234938893176,172.74663576681883,143.85751157204834,5.301235673998464,-0.026608937569704394,-0.026969363430673157,0.022753110123345223
2022-04-25,146.07400512695312,146.22149658203125,142.30650329589844,144.0229949951172,61874000,157.36709899902343,154.24497039794923,153.96158467413875,39.99312265330696,-2.391477136858356,-0.7584253068828166,172.4229260352697,142.31127196277714,5.202218360579489,0.011943186356370372,0.011872429325306142,0.022931873534391665
2022-04-26,139.39100646972656,144.8560028076172,138.92950439453125,144.8000030517578,77530000,155.88712463378906,153.9669204711914,152.57391055943282,34.55922747598865,-3.230383156312598,-1.252816876768773,171.87224116642068,139.90200810115743,5.340952815711089,-0.0457507730510871,-0.046830397470919216,0.023344096358632015
2022-04-27,138.16700744628906,141.94850158691406,135.7834930419922,140.19149780273438,71336000,154.3297248840332,153.6269204711914,151.2018245486572,33.6572434096893,-3.94847317164286,-1.7919481357435905,170.83914355290642,137.82030621515997,5.399813939226145,-0.008781047317448887,-0.008819827903123646,0.02319500528320795
2022-04-28,144.59649658203125,145.9375,140.3000030517578,142.17799377441406,117316000,153.24449996948243,153.38864044189452,150.57274569469283,42.19220075044862,-3.9531887435188082,-2.224196257298634,169.31107825887867,137.1779216800862,5.569148125975059,0.04653418536434306,0.045483928748159326,0.026290015439839526
2022-04-29,124.28150177001953,130.76100158691406,121.625,129.8489990234375,272662000,151.3087001800537,152.71226058959962,148.06881770186678,29.345856336430202,-5.5324020826303695,-2.885837422364981,171.104975465472,131.51242489463542,6.812173015693359,-0.140494377749234,-0.15139791287665294,0.03983285427074953
2022-05-02,124.5,124.66799926757812,118.375,122.4010009765625,148788000,149.35570030212403,152.1092106628418,145.8241683969271,29.5941536363825,-6.689200115353174,-3.6465099609626197,171.4997312057469,127.21166939850114,6.775089176542271,0.0017580913238786078,0.0017565476902947816,0.0397985733146098
2022-05-03,124.25350189208984,126.22049713134766,122.82499694824219,124.05349731445312,79134000,147.15105056762695,151.5422506713867,143.76981920599022,29.468336345894855,-7.538956826347004,-4.424999334039497,170.05978661280605,124.24231452244786,6.533689962725356,-0.0019799044812061073,-0.001981867083020741,0.038659197019589815
2022-05-04,125.92849731445312,126.0,119.18299865722656,123.5999984741211,110746000,145.24472579956054,151.05687072753906,142.0706456925105,31.596463996091998,-7.98518872489899,-5.137037212211396,168.55147572870993,121.93797587041115,6.553926489871648,0.01348046853293483,0.013390415419768674,0.03904665082904277
2022-05-05,116.40699768066406,123.4990005493164,115.07250213623047,123.0,144392000,143.12727584838868,150.48847076416016,139.62648873900133,26.670213871020252,-9.003351137857095,-5.910299997340536,168.72185026168438,117.53270143509297,6.861217110468148,-0.07561036490424522,-0.07862161321968106,0.04134354017018874
2022-05-06,114.77249908447266,119.05049896240234,113.08149719238281,114.8499984741211,124260000,140.9766757965088,149.75676071166993,137.2594421052367,25.923029782157045,-9.828841792288443,-6.694008356330118,168.4432690590459,113.51008253397171,6.797487443293248,-0.014041240035030156,-0.014140750847553027,0.04129658190437525
2022-05-09,108.78900146484375,114.0,107.95700073242188,111.3125,128124000,138.6931011199951,148.8567707824707,134.54797156805643,23.344666837096696,-10.840900185875569,-7.5233867222392075,168.76636984783545,108.61983239215475,6.798773936775929,-0.05213354825727934,-0.05354166033985861,0.0421156309371049
2022-05-10,108.85900115966797,112.64250183105469,107.1709976196289,111.25,105434000,136.57995147705077,147.9626907348633,132.1014029577337,23.440603035210103,-11.504696385413695,-8.319648654874106,168.73052090707455,104.42938204702698,6.7039689563937745,0.0006434445934944133,0.0006432376717789796,0.042266777798887246
2022-05-11,105.37200164794922,110.15599822998047,104.42849731445312,108.10350036621094,109704000,134.30917625427247,147.04729080200195,129.55574569013518,21.96582051327104,-12.17182218501327,-9.09008336090194,168.4771398903979,100.14121261814705,6.63422123918903,-0.03203225709010704,-0.032556515700991426,0.04230406867129888
2022-05-12,106.93049621582031,110.78050231933594,102.40550231933594,102.75,132026000,131.87865104675294,146.14485061645507,127.40096002591471,24.25946272683518,-12.431464516208251,-9.758359591963202,166.57130561522843,97.18599647827743,6.758562579246956,0.014790404884573283,0.01468209351950851,0.04145360302639128
2022-05-13,113.05500030517578,113.18399810791016,107.80000305175781,109.06900024414062,93684000,129.9460762023926,145.44798065185546,126.03467814774909,32.63865016609114,-12.004654454988412,-10.207618564568245,164.3099841260349,95.58216827875029,6.72248681587859,0.05727556035084924,0.05569537333818603,0.044654843210487065
2022-05-16,110.81050109863281,113.99250030517578,110.35399627685547,113.0999984741211,74566000,127.84735107421875,144.7513705444336,124.58475652402373,31.27319035289497,-11.712502298657341,-10.508595311386065,161.49508955005595,94.19961259838155,6.502202331052999,-0.01985316173972196,-0.020052883582188433,0.04440289411175146
2022-05-17,115.36849975585938,115.80000305175781,111.27649688720703,113.2750015258789,76448000,125.71000137329102,144.30968048095704,123.70701778419856,37.03410613801816,-10.986531316925095,-10.604182512493873,156.72305512656362,94.69694762001842,6.394152304058141,0.04113327357999652,0.04030980601090871,0.04479204716121693
2022-05-18,107.11250305175781,112.85299682617188,106.2490005493164,111.43949890136719,108380000,123.36572647094727,143.731640625,122.12658780968039,31.82963090149535,-10.951146024819039,-10.673575214958907,152.50261386311797,94.22883907877656,6.588819939949914,-0.07156196640827217,-0.07425163860523774,0.046524903451813
2022-05-19,107.31900024414062,110.03399658203125,106.19300079345703,106.28050231933594,88142000,121.31687622070312,143.09244049072265,120.71634137486707,32.086705521098324,-10.782150409961034,-10.695290253959334,148.87341413897997,93.76033830242628,6.392546786280222,0.0019278532990965047,0.0019259973748420684,0.04645401684265604
2022-05-20,107.59100341796875,109.89800262451172,105.0094985961914,109.56849670410156,99500000,119.47892608642579,142.3079104614258,119.4663091884958,32.4480702990606,-10.505174670379887,-10.657267137243444,145.50632399049476,93.45152818235681,6.285115160711657,0.0025345295167615856,0.0025313230136676168,0.04652667667143739
2022-05-23,107.55699920654297,108.81900024414062,103.94999694824219,108.46099853515625,107798000,117.55307579040527,141.54856033325194,118.33208919021459,32.42484227255272,-10.171166382213457,-10.560046986237447,140.99570078159337,94.11045079921716,6.183964313224998,-0.0003160506951839226,-0.0003161006497306091,0.04625363754021898
2022-05-24,104.0999984741211,105.4000015258789,101.26000213623047,104.0250015258789,102934000,115.788525390625,140.79350036621094,116.97665197915808,30.068257099381356,-10.069340387151328,-10.461905666420224,137.64990980718545,93.92714097406454,6.192038081588391,-0.03214110432537598,-0.03266897126205679,0.0458623102931113
2022-05-25,106.7750015258789,108.17500305175781,103.6500015258789,103.65550231933594,93120000,114.21892509460449,139.98167037963867,116.00506622170292,34.06174360537523,-9.661421311254145,-10.301808795387007,133.81879700542302,94.61905318378595,6.072964041894856,0.025696475417555487,0.025371870055026394,0.04668733245365466
2022-05-26,111.07749938964844,112.66549682617188,107.45349884033203,107.97000122070312,93002000,112.54297523498535,139.14114028930663,115.53577414245964,39.99690565813343,-8.88850572349834,-10.019148181009275,126.33913732412698,98.74681314584372,6.059930560351865,0.04029499229486544,0.03950431937060653,0.04629681277476437
2022-05-27,115.14649963378906,115.18699645996094,112.62799835205078,113.55000305175781,93660000,112.08622512817382,138.2992903137207,115.49870037972912,45.03570984917207,-7.857058953234031,-9.586730335454225,124.86498377547098,99.30746648087667,5.920613882491911,0.036632083603781895,0.0359770770988458,0.036289208942842356
2022-05-31,120.20950317382812,121.99449920654297,115.67500305175781,116.27999877929688,144634000,111.87170028686523,137.47847030639647,115.9473482648814,50.5951219108787,-6.555519931135109,-8.980488254590401,123.93361376953634,99.80978680419413,5.9868557175106245,0.04397010379074828,0.043030852834664374,0.037787821741537705
2022-06-01,121.68399810791016,125.17900085449219,120.62249755859375,122.25599670410156,127528000,111.74322509765625,136.68232025146483,116.49369586897939,52.11418178178531,-5.343465318724739,-8.25308366741727,123.3198467496764,100.1666034456361,5.914187286307298,0.012266042992872705,0.01219142464906909,0.03790374832798977
2022-06-02,125.51100158691406,125.61000061035156,120.04499816894531,121.68399810791016,100560000,111.7223503112793,135.89476013183594,117.35248688973508,55.903888557447615,-4.027667663169581,-7.408000466567732,123.19764421452652,100.24705640803208,5.8892455116715094,0.03145034300738625,0.030965911805553418,0.03845783928036386
2022-06-03,122.3499984741211,124.4000015258789,121.04650115966797,124.19999694824219,97604000,112.01950035095214,135.0736000061035,117.82844037396231,52.22728426952618,-3.2030325099726014,-6.5670068752487065,124.24772076445169,99.7912799374526,5.787478005641122,-0.025185068024527135,-0.0255076393596147,0.03466853249252596
2022-06-06,124.79000091552734,128.99000549316406,123.80999755859375,125.25,135269000,112.52037544250489,134.29640991210937,118.49144613982565,54.70366792251914,-2.3258049728545416,-5.7187664947698735,125.92288295342931,99.11786793158046,5.8483729351698255,0.01994280728922404,0.01974655443905197,0.03461864008090657
2022-06-07,123.0,124.0999984741211,120.62999725341797,122.01000213623047,85156700,113.23092536926269,133.46093994140625,118.92083222174702,52.551525533026734,-1.7548056367744493,-4.925974323170789,127.25902426425563,99.20282647426976,5.727775129951222,-0.014344105316090427,-0.014447976483889591,0.03230344143588388
2022-06-08,121.18000030517578,123.75,120.75,122.61000061035156,64926600,113.84697532653809,132.5047300720215,119.13599108683547,50.38119555535539,-1.4326288603811577,-4.227305230612863,128.13278306067517,99.561167592401,5.53293404924042,-0.014796745486375773,-0.014907309337206952,0.03263747460463002
2022-06-09,116.1500015258789,121.30000305175781,116.0999984741211,119.98999786376953,67029800,114.38587532043456,131.44143005371095,118.85161112864914,44.86624737861852,-1.5651383671350914,-3.6948718579173088,128.15607502731828,100.61567561355086,5.509153372697298,-0.04150848957443054,-0.042394573681651705,0.03327936739568767
2022-06-10,109.6500015258789,114.5,109.05000305175781,113.41999816894531,87266000,114.5218505859375,130.3084101867676,117.97526735695673,38.935032376896054,-2.169638540607437,-3.3898251944553346,128.0464063079209,100.9972948639541,5.622785165656141,-0.05596211721574329,-0.057588983573757455,0.03588806679840068
2022-06-13,103.66999816894531,106.54000091552734,101.86000061035156,104.19000244140625,99277700,114.05260047912597,129.12186019897462,116.61286076762232,34.42600104890076,-3.0955618669225515,-3.330972528948778,128.37583457805994,99.729366380192,5.7775862906469415,-0.05453719355874542,-0.05608072910711982,0.03551028171277491
2022-06-14,102.30999755859375,104.87999725341797,101.43000030517578,104.19000244140625,69728800,113.62757530212403,127.89686019897461,115.2506833191434,33.476479444763314,-3.8942133893123128,-3.4436207010214854,128.79029116834607,98.46485943590199,5.611329909046602,-0.013118555361940287,-0.013205363644664271,0.035380919333199264
2022-06-15,107.66999816894531,109.05999755859375,103.52999877929688,103.86000061035156,85011100,113.24265022277832,126.6833302307129,114.52871330483883,40.44796452533444,-4.047980620110295,-3.5644926848392475,128.5986804598473,97.88661998570937,5.692663486971845,0.052389802934770247,0.05106358079343476,0.03620621442284105
2022-06-16,103.66000366210938,104.58000183105469,102.01000213623047,104.47000122070312,82186300,113.0700252532959,125.47543045043945,113.49359810076936,37.29871167868956,-4.442208290139959,-3.74003580589939,128.77155859482298,97.36849191176883,5.690330097382059,-0.037243378610853584,-0.03795462873180644,0.03348795276562914
2022-06-17,106.22000122070312,106.9800033569336,102.51000213623047,102.80000305175781,99772100,113.01507530212402,124.42471054077149,112.8008745883821,40.48453124032465,-4.49623633702592,-3.8912759121246965,128.8041784877006,97.22597211654742,5.60316374904785,0.02469609751257895,0.02439607839682275,0.03397977456117482
2022-06-21,108.68000030517578,111.62999725341797,103.55999755859375,108.19999694824219,70901200,113.06952514648438,123.4426205444336,112.40841037093388,43.457561453068415,-4.291087599647852,-3.9712382496293275,128.79079685546256,97.3482534375062,5.779366316603304,0.023159471438541024,0.022895360879700146,0.03437031951349064
2022-06-22,108.94999694824219,112.12999725341797,107.0199966430664,107.43000030517578,60040100,113.13917503356933,122.53241058349609,112.07903766401085,43.789452382109715,-4.0599190549657465,-3.988974410696611,128.77424758818037,97.50410247895829,5.7315544804424645,0.0024843268523027096,0.0024812460138330314,0.03437009162705707
2022-06-23,112.44000244140625,113.0,107.93000030517578,110.38999938964844,64345300,113.5561752319336,121.75877075195312,112.11341526185804,48.03545634562494,-3.554132217883023,-3.9020059721338938,128.63982077982286,98.47252968404435,5.684300567184018,0.0320330939965241,0.03153073437129849,0.034087317628010566
2022-06-24,116.45999908447266,116.70999908447266,111.43000030517578,112.37999725341797,69867600,114.04042510986328,121.07222061157226,112.52737562591658,52.487456047118464,-2.796674055275787,-3.6809395887622727,128.8413692170558,99.23948100267073,5.655421868049222,0.03575237064906034,0.03512809079637085,0.03448951991126565
2022-06-27,113.22000122070312,117.9800033569336,112.69999694824219,117.08999633789062,62133200,114.14755020141601,120.22580062866211,112.59333996827719,48.8545299388313,-2.429814366522095,-3.4307145443142373,128.89207042521969,99.40302997761232,5.628606478095093,-0.027820692849391482,-0.02821501915746544,0.034174031367017875
2022-06-28,107.4000015258789,114.8499984741211,107.04000091552734,113.5,74942900,113.76022529602051,119.33967071533203,112.0987363070964,43.08559012907603,-2.578971972168034,-3.2603660298849966,128.78377670482055,98.73667388722046,5.784420126702139,-0.05140434227234392,-0.0527726431080026,0.035070455542556445
2022-06-29,108.91999816894531,110.98999786376953,106.91000366210938,107.37999725341797,66375300,113.19575004577636,118.46237060546875,111.7959993415582,44.91507279472437,-2.5451900566640546,-3.1173308352408085,128.0550733950949,98.33642669645782,5.662675417770569,0.014152668728781626,0.01405345471235067,0.03357552392372933
2022-06-30,106.20999908447266,108.18000030517578,102.5199966430664,108.11000061035156,97679400,112.42205009460449,117.42426071166992,111.26399931707385,42.30411487031626,-2.7058999922053175,-3.0350446666337105,127.04241658138025,97.80168360782872,5.715341568349737,-0.024880638358707907,-0.025195393281078386,0.03363364191250096
2022-07-01,109.55999755859375,109.75,105.8499984741211,106.29000091552734,73021200,111.62449989318847,116.53550064086915,111.10171343531384,46.448317960188575,-2.5337395222042858,-2.9347836377478256,124.98806639404035,98.2609333923366,5.585674422458963,0.03154127203651247,0.03105406439766482,0.03363901017263828
2022-07-05,113.5,114.08000183105469,106.31999969482422,107.5999984741211,76583700,111.18199996948242,115.83958053588867,111.33012167956967,50.91402450759088,-2.0556792495590344,-2.7589627601100677,123.65188052468352,98.71211941428132,5.740983544871213,0.035962053023039786,0.035330514810317494,0.034591073898845415
2022-07-06,114.33000183105469,115.4800033569336,112.01000213623047,113.20999908447266,66958900,110.65900001525878,115.23918045043945,111.61582455113967,51.8254104606357,-1.591493086467267,-2.525468825381508,121.58375403752815,99.73424599298941,5.57877052171635,0.007312791463036872,0.007286182647943523,0.03426052467525215
2022-07-07,116.33000183105469,116.98999786376953,113.48999786376953,113.8499984741211,57872300,110.32550010681152,114.64430038452149,112.06479381589347,54.03984096717381,-1.0501336357661302,-2.2304017874584328,120.06600101208474,100.5849992015383,5.430286913022324,0.01749322109655349,0.017341975999450154,0.03448405508661014
2022-07-08,115.54000091552734,116.58000183105469,113.69000244140625,114.5999984741211,45719700,110.0435001373291,114.1672802734375,112.3957659206205,53.003434002610554,-0.6770442971589432,-1.9197302893985349,118.78612164234906,101.30087863230915,5.248837804209904,-0.006791033294013538,-0.006814197291832153,0.034376615539399136
2022-07-11,111.75,114.30000305175781,110.87000274658203,114.08000183105469,53487600,109.82350006103516,113.63894012451172,112.33426440437093,48.22500692428744,-0.6793584861309085,-1.6716559287450097,118.15202857214362,101.4949715499267,5.207492115976719,-0.03280250030721621,-0.03335256478334072,0.03389933645587925
2022-07-12,109.22000122070312,113.2300033569336,108.33999633789062,112.16000366210938,54280300,109.80200004577637,112.93141021728516,112.03766791068827,45.289747223937006,-0.8752528845442384,-1.5123753199048555,118.13442826205511,101.46957182949762,5.1848146090528795,-0.022639810105564928,-0.022900025593117632,0.031831243110582004
2022-07-13,110.4000015258789,111.77999877929688,106.01000213623047,107.02999877929688,61353800,110.13850021362305,112.65378021240234,111.88169968356357,46.91271986914311,-0.924625931497431,-1.3948254422233708,117.98245726846115,102.29454315878495,5.226613325768132,0.010803884746268588,0.0107459397638012,0.02914824083497612
2022-07-14,110.62999725341797,111.18000030517578,107.58000183105469,110.23999786376953,51163100,110.55450019836425,112.3763801574707,111.76248992831161,47.241238047998955,-0.9344242329647869,-1.302745200371654,117.52778216835453,103.58121822837397,5.1104265506504865,0.002083294604712016,0.0020811275557193875,0.0288876342462722
2022-07-15,113.55000305175781,115.58999633789062,111.58999633789062,112.5,84317800,110.84850044250489,112.16231018066406,111.93272927340172,51.356892211650546,-0.6985173201959611,-1.1818996243365156,117.80633443996173,103.89066644504804,5.0996817316377845,0.02639434033114041,0.026052020207380393,0.027142788428442366
2022-07-18,113.76000213623047,117.23999786376953,113.1500015258789,115.0,59115400,111.35350036621094,111.91894027709961,112.10675526033779,51.64901669672525,-0.4889775918271937,-1.0433152178346512,117.57859678912332,105.12840394329855,5.02756134637013,0.0018493974357440823,0.0018476894058662332,0.025445659794780407
2022-07-19,118.20999908447266,118.94999694824219,114.02999877929688,115.69999694824219,60990000,111.95300025939942,111.95500030517579,112.68801657692205,57.476754979403545,0.03574961677537658,-0.8275022509126456,118.39085527688347,105.51514524191536,5.039163736773101,0.03911741266419111,0.0383717111840348,0.02622645159054786
2022-07-20,122.7699966430664,123.4800033569336,118.31999969482422,118.62000274658203,71268300,112.65750007629394,112.11495025634765,113.64820515465009,62.46878241536973,0.810213763610804,-0.49995904800795565,120.44978303258546,104.86521712000243,5.055652346465089,0.03857539627705431,0.037849962832112935,0.02698254008526007
2022-07-21,124.62999725341797,124.8499984741211,121.26000213623047,123.19999694824219,60239900,113.44150009155274,112.43177017211914,114.69409011643751,64.30929524183446,1.5561305796083502,-0.08874112248469451,122.6164699235225,104.26653025958298,4.950962631566912,0.01515028639903937,0.015036666950921374,0.027032889117183524
2022-07-22,122.41999816894531,125.5,121.3499984741211,125.01000213623047,51463800,113.94049987792968,112.70299011230469,115.429890883343,60.51218900259604,1.946508436348111,0.3183087892818666,123.89570727440504,103.98529248145432,4.8937511240177685,-0.017732481209791984,-0.017891585334626356,0.026906604741934858
2022-07-25,121.13999938964844,123.63999938964844,120.02999877929688,122.69999694824219,50221300,114.17449989318848,113.01835006713867,115.97371074108638,58.36278930696002,2.128069436455604,0.6802609187166142,124.56604037916875,103.78295940720821,4.802054658755897,-0.010455798059483823,-0.010510843951367622,0.026062000411559594
2022-07-26,114.80999755859375,118.1500015258789,114.52999877929688,115.79000091552734,67075100,114.25399971008301,113.17594009399414,115.86288091418231,49.07857372856991,1.7411091686898175,0.8924305687112548,124.63944099592224,103.86855842424377,4.931193655298444,-0.052253606265046715,-0.05366832967343516,0.028045168344159835
2022-07-27,120.97000122070312,121.9000015258789,117.16000366210938,117.30999755859375,61582000,114.93249969482422,113.33424011230468,116.34927332432716,56.354818473133506,1.909489773330023,1.0958424096350086,125.21070084194892,104.65429854769951,5.085394391868924,0.0536538959419941,0.05226402422174665,0.027532707144104725
2022-07-28,122.27999877929688,122.83999633789062,118.08000183105469,121.56999969482422,82245500,115.60049972534179,113.56363006591796,116.91410432003855,57.73785137355361,2.1241525620005746,1.301504440108122,125.96503716302789,105.2359622876557,5.062151542937997,0.010829110898360028,0.0107708959770675,0.027492987548185386
2022-07-29,134.9499969482422,137.64999389648438,132.41000366210938,134.89999389648438,148892900,117.03749961853028,113.95526000976562,118.63180837986746,68.22527401956337,3.2788408963791085,1.6969717313623192,129.54382080518135,104.5311784318792,5.798426083955818,0.10361464095050721,0.09859082981024253,0.034081652814060545
2022-08-01,135.38999938964844,138.8300018310547,133.50999450683594,134.9600067138672,76846900,118.32899971008301,114.52080993652343,120.22782657127517,68.51745387064823,4.181245445461599,2.193826474182175,132.67878792581163,103.97921149435439,5.764253315403171,0.0032604850044939404,0.003255181148895761,0.033839602003210414
2022-08-02,134.16000366210938,137.44000244140625,134.08999633789062,134.72000122070312,61922400,119.36199989318848,115.05763000488281,121.55470057992605,66.67182658156418,4.7424887185235605,2.703558923050452,135.0816803577813,103.64231942859568,5.591807085982632,-0.009084834427092181,-0.009126353187385704,0.033601001290228125
2022-08-03,139.52000427246094,140.49000549316406,136.0500030517578,136.2100067138672,71827800,120.62150001525879,115.69621002197266,123.26568188397698,70.41209616117095,5.555742172391902,3.2739955729187424,138.42509007149215,102.81790995902541,5.644535282059207,0.039952299225118226,0.03917484597170419,0.03430416851193818
2022-08-04,142.57000732421875,143.55999755859375,139.5500030517578,140.5800018310547,70585000,121.93350028991699,116.39647018432618,125.10418906876191,72.31598089312845,6.372898344965819,3.8937761273281577,142.00204391652053,101.86495666331345,5.529925139493036,0.021860686341448332,0.0216251677554199,0.03436453607222638
2022-08-05,140.8000030517578,142.86000061035156,139.60000610351562,140.10000610351562,50686900,123.19650039672851,117.1304702758789,126.5990284957139,69.52024296739391,6.799297873310707,4.4748804765246675,144.62963793317223,101.76336286028479,5.367787237160386,-0.012414983387324718,-0.012492693140300751,0.03453836095763118
2022-08-08,139.41000366210938,144.22999572753906,138.2899932861328,142.0500030517578,52229000,124.57950057983399,117.78317031860351,127.81912136870395,67.31921187395795,6.945003559611109,4.968905093141956,146.44499142708182,102.71400973258616,5.408659751749377,-0.009872154542052702,-0.009921207364734218,0.03338707995615939
2022-08-09,137.8300018310547,138.9499969482422,136.2100067138672,138.0500030517578,40434700,126.01000061035157,118.31822036743164,128.7725385555945,64.8075110773064,6.8539750645246045,5.345919087418485,147.40735281128823,104.61264840941489,5.250898122927434,-0.011333489631663474,-0.011398203042398835,0.032867879031406366
2022-08-10,142.69000244140625,144.60000610351562,141.00999450683594,142.89999389648438,54773800,127.62450065612794,118.86909042358398,130.0980113066242,68.67860250362966,7.092240821456102,5.695183434226009,148.93952628484897,106.30947502740689,5.35940570503697,0.0352608325167747,0.03465340706112098,0.033265758540063306
2022-08-11,140.63999938964844,144.49000549316406,139.75999450683594,143.86000061035156,44867300,129.12500076293946,119.27770034790039,131.10201017167412,65.41022683846802,7.034560007841037,5.963058748949015,149.6540613246501,108.59594020122884,5.31444893941491,-0.014366830308238487,-0.014471032455294032,0.033760573303498895
2022-08-12,143.5500030517578,143.57000732421875,140.1199951171875,142.0500030517578,47643500,130.62500076293946,119.71502044677734,132.28753330311065,67.75598554725028,7.141339605458029,6.198714920250818,150.76308297084114,110.4869185550378,5.181274887101791,0.020691152408548463,0.020479998229218345,0.033661870602959505
2022-08-15,143.17999267578125,143.75999450683594,141.49000549316406,142.8000030517578,39014600,132.096000289917,120.06840026855468,133.32491038622214,67.1325752358199,7.114099549604731,6.381791846121601,151.37103401827298,112.82096656156101,4.973325896142511,-0.0025775713556979163,-0.0025808990121560286,0.033748754118978506
2022-08-16,144.77999877929688,146.57000732421875,142.0,143.91000366210938,59102900,133.42450027465821,120.5170002746582,134.4158711855626,68.48297976253468,7.139321080488969,6.533297692995076,152.34749776532104,114.5015027839954,4.944517426719385,0.0111747882760318,0.011112811619446402,0.03314411496754375
2022-08-17,142.10000610351562,143.3800048828125,140.77999877929688,142.69000244140625,48149800,134.39100074768066,120.86320037841797,135.14769355870098,63.757700258921254,6.863933165244902,6.599424787445042,153.01068205871306,115.77131943664827,4.877051896239429,-0.01851079360669594,-0.018684262378250237,0.0330748884627266
2022-08-18,142.3000030517578,142.77000427246094,140.3800048828125,141.32000732421875,37458700,135.27450103759764,121.24920043945312,135.82886589137306,63.95756373566443,6.58590611452604,6.596721052861241,153.63274895839484,116.91625311680045,4.699405288625788,0.0014074379989574837,0.0014064484864398943,0.03305782308708997
2022-08-19,138.22999572753906,141.11000061035156,137.91000366210938,140.47000122070312,47792800,136.06500091552735,121.59020034790039,136.05754492338886,57.0612717339591,5.968352643061905,6.471047370901375,153.47835922074364,118.65164261031106,4.677304867270263,-0.02860159688639219,-0.02901859297383289,0.033573812886494615
2022-08-22,133.22000122070312,136.32000732421875,132.85000610351562,135.72000122070312,50461500,136.66900100708008,121.93160034179688,135.7873026659902,49.92504073105285,5.016841356975618,6.180206168116223,152.75730276850524,120.58069924565493,4.727496635609776,-0.036243902638259384,-0.03691702741982209,0.034738775805938045
2022-08-23,133.6199951171875,134.99000549316406,132.9499969482422,133.41000366210938,36252100,137.60950088500977,122.41100021362304,135.5808924232471,50.45776665579346,4.246091670365729,5.793383268566124,150.32136048603851,124.89764128398102,4.53553320056064,0.003002506326521548,0.002998007806707862,0.03200872027744542
2022-08-24,133.8000030517578,135.47000122070312,132.10000610351562,132.75,38627000,138.2510009765625,123.01360031127929,135.4112839116767,50.71189221099819,3.6081990540374704,5.356346425660394,148.6179267493766,127.88407520374838,4.452280480319701,0.001347163157822573,0.001346256547678855,0.030173784838619145
2022-08-25,137.27999877929688,137.4199981689453,134.27999877929688,135.25999450683594,37496300,139.0010009765625,123.71300033569337,135.58925675621194,55.46765387008137,3.34491305593113,4.954059751714541,146.37644244100684,131.62555951211814,4.392831525810259,0.026008936084948253,0.025676456345101635,0.030504790547767714
2022-08-26,130.75,137.8300018310547,130.5,136.5500030517578,53322700,138.7910011291504,124.17460037231446,135.12837516038223,46.417102540895755,2.5796046014488354,4.4791687216614005,146.825577269019,130.7564249892818,4.60262940475629,-0.04756700784791723,-0.04873552390255167,0.0228812454644158
2022-08-29,129.7899932861328,131.9499969482422,128.77000427246094,129.89999389648438,48101600,138.5110008239746,124.69720016479492,134.61995783902515,45.24818924982588,1.8740250248770565,3.958139982304532,147.35017945862978,129.6718221893194,4.501012495543788,-0.007342307563037775,-0.00736939497405998,0.022892107952132944
2022-08-30,128.72999572753906,132.07000732421875,126.8499984741211,131.25,49203000,138.2395004272461,125.14740005493164,134.05900906650265,43.932640770896136,1.215305892975664,3.4095731644387586,147.89266601954986,128.58633483494233,4.552369378011921,-0.008167020675137082,-0.00820055348874808,0.02287777888678109
2022-08-31,126.7699966430664,130.58999633789062,126.73999786376953,129.4499969482422,53648700,137.60200004577638,125.50919998168945,133.36481740712776,41.5283550959687,0.5290125618930119,2.8334610439296095,148.44358408126124,126.76041601029152,4.502200027734005,-0.015225659516225343,-0.01534276001209404,0.020809430621407585
2022-09-01,127.81999969482422,128.02000427246094,123.66000366210938,126.0,56636100,136.86449966430663,125.88660003662109,132.8367395297655,43.31798575250775,0.06905065065060967,2.28057896527381,148.24718845286978,125.48181087574349,4.4920429264924016,0.008282741023605045,0.008248627364462172,0.020111419380050524
2022-09-02,127.51000213623047,131.3800048828125,126.38999938964844,129.5,57429800,136.19999961853028,126.18800003051757,132.32943120657168,42.90050838757823,-0.31683442010404406,1.7610962881982393,148.12489166131041,124.27510757575014,4.527611681254663,-0.002425266463259912,-0.002428212185707223,0.0200481193783728
2022-09-06,126.11000061035156,128.6199951171875,124.73999786376953,127.91999816894531,43888600,135.53499946594238,126.38100006103515,131.73710448312215,40.97968170830413,-0.727236412986457,1.2634297479613001,148.1340049911909,122.93599394069386,4.481353507837756,-0.010979542799969155,-0.011040262841267292,0.020064524486930642
2022-09-07,129.47999572753906,129.82000732421875,125.4000015258789,126.12000274658203,47900300,135.1174991607666,126.70619995117187,131.5221417444952,47.11761570820609,-0.7716573221302383,0.8564123339429925,147.93611535321094,122.29888296832229,4.476971528587905,0.026722663554652915,0.026371849253352748,0.021186298420565387
2022-09-08,129.82000732421875,130.27999877929688,127.0999984741211,127.72000122070312,43988500,134.47399940490723,127.15460006713867,131.36003370446886,47.70849793286393,-0.7705427808737966,0.5310213109796347,146.9961667936075,121.95183201620695,4.38433072691561,0.0026259778181887405,0.002622535962612139,0.01926136650309866
2022-09-09,133.27000427246094,133.69000244140625,130.75999450683594,130.91000366210938,49387600,134.10549964904786,127.64160018920899,131.54193566332523,53.398348609252146,-0.48567501870911656,0.3276820450418844,146.30990530945508,121.90109398864065,4.347592469077887,0.02657523304266962,0.02622824562673727,0.020308870665705026
2022-09-12,136.4499969482422,136.49000549316406,134.0,134.10000610351562,53826900,133.75049934387206,128.24640014648438,132.00937007141255,57.94110740247198,-0.0032786381051437274,0.2614899084124788,145.22669301902,122.27430566872414,4.2670502370511185,0.023861278411006825,0.023581047138634757,0.02051068597569944
2022-09-13,126.81999969482422,131.39999389648438,126.2699966430664,131.00999450683594,72694000,132.93249969482423,128.59160018920898,131.5151443212613,43.96441526344889,-0.3935003015729137,0.13049186641540034,143.92567138200897,121.93932800763949,4.689403813345737,-0.0705752837581286,-0.07318946892343868,0.0255662527914871
2022-09-14,128.5500030517578,128.83999633789062,126.33000183105469,127.36000061035156,45316800,132.12099990844726,128.89260025024413,131.23274991464191,46.462906681911406,-0.5567392253712171,-0.006954351941923162,141.81555016025064,122.42644965664388,4.533731720023608,0.01364140798846103,0.013549201586232946,0.02565788587031311
2022-09-15,126.27999877929688,130.3699951171875,125.5,127.37999725341797,52887200,131.32999954223632,129.131600189209,130.76105933032335,43.70899989971862,-0.8593713244366086,-0.17743774644086024,140.1837515252806,122.47624755919203,4.557750534106743,-0.0176585314552421,-0.017816303428596674,0.0256360274922461
2022-09-16,123.52999877929688,123.87000274658203,120.69999694824219,122.77999877929688,115667800,130.3914993286133,129.27560012817383,130.07238689689225,40.57169508704727,-1.306056059323339,-0.40316140901735603,138.32658600450821,122.45641265271837,4.6307684838887395,-0.021777003694830932,-0.02201762235626526,0.025827591816776546
2022-09-19,124.66000366210938,124.70999908447266,121.80000305175781,122.16000366210938,47279700,129.7129997253418,129.45800018310547,129.55692182691294,42.40119188007213,-1.5509960625649626,-0.6327283397268774,137.15650407902103,122.26949537166257,4.507856165947747,0.009147615105472573,0.009106029090597056,0.02552224178720508
2022-09-20,122.19000244140625,124.4000015258789,121.13999938964844,123.3499984741211,47698400,129.16149978637696,129.6668002319336,128.8553104568647,39.53613005868863,-1.9222625891201517,-0.8906351896055322,137.10180419248474,121.22119538026918,4.437295316412976,-0.019813903001303146,-0.020012830448643673,0.024709617136088706
2022-09-21,118.54000091552734,123.76000213623047,118.44999694824219,122.48999786376953,58498900,128.40750007629396,129.85320022583008,127.87290002435637,35.697515666926364,-2.482403008410188,-1.2089887533664634,137.3160343743787,119.49896577820923,4.499631735811212,-0.02987152347123645,-0.03032676622578613,0.025304425562579815
2022-09-22,117.30999755859375,118.79000091552734,116.26000213623047,117.08000183105469,55229200,127.58299980163574,129.99140014648438,126.86690931333136,34.482513156774914,-2.991089895205789,-1.5654089817343286,137.35325441891666,117.8127451843548,4.358943667488759,-0.010376272544574294,-0.010430481377003758,0.025269336249648267
2022-09-23,113.77999877929688,116.05000305175781,112.05999755859375,116.0,65126700,126.40799980163574,130.05440017700195,125.62053688151855,31.200408643551185,-3.6371426020669873,-1.9797557058008604,136.8594870114295,115.95651259184199,4.422590548382419,-0.03009120154088929,-0.030553234112175698,0.024605450650728704
2022-09-26,115.1500015258789,117.33999633789062,113.12999725341797,113.30000305175781,62723300,125.62799987792968,130.08640014648438,124.62334303812429,33.832668041024775,-3.9925723658113554,-2.3823190378029597,136.95839692584573,114.29760283001363,4.407405443817436,0.012040804722097675,0.011968890924047326,0.023268257718396933
2022-09-27,114.41000366210938,118.31999969482422,113.05000305175781,117.19999694824219,60094700,124.85900039672852,130.09940017700194,123.6506440499324,33.09609919286008,-4.2845747468712005,-2.762770179616608,137.01287658701114,112.70512420644589,4.469019100906648,-0.006426381710496365,-0.00644711979642255,0.023266523674344248
2022-09-28,118.01000213623047,118.69999694824219,113.80000305175781,114.37999725341797,55763800,124.32300071716308,130.09540023803712,123.11344005815126,39.94587669916395,-4.177345113049483,-3.0456851663031834,136.69039164196894,111.95560979235722,4.499803014876486,0.0314657666190894,0.030980865018271533,0.02471701165663617
2022-09-29,114.80000305175781,116.06999969482422,113.05999755859375,115.5999984741211,58969700,123.72450103759766,129.93600036621095,122.32168415278045,36.370201910265756,-4.301796522200661,-3.296907437482679,136.70369553941458,110.74530653578073,4.5319602693593595,-0.027201076403397084,-0.027577874271049258,0.02514354603036532
2022-09-30,113.0,116.91999816894531,112.83999633789062,114.08000183105469,59479600,122.98350105285644,129.7034004211426,121.4339047096585,34.505019347024074,-4.493867852334532,-3.5362995204530496,136.6184388472604,109.3485632584525,4.499677523766168,-0.015679468675155683,-0.015803691756381338,0.025066065987074126
2022-10-03,115.87999725341797,116.91000366210938,112.44999694824219,113.58000183105469,50941900,122.40200080871583,129.57260040283202,120.90496114239751,39.822582949954274,-4.363395548293994,-3.7017187260212387,136.2060969165996,108.59790470083207,4.49684389448767,0.025486701357681163,0.02516733048685826,0.02602486539977004
2022-10-04,121.08999633789062,123.0,119.79000091552734,119.88999938964844,62812600,122.15100059509277,129.57160034179688,120.92258354196828,48.04112319391859,-3.7958358896912614,-3.7205421587552436,135.85849794388852,108.44350324629701,4.684212383922981,0.04496029692750958,0.043978891324203705,0.028200599139002844
2022-10-05,120.94999694824219,121.75,117.69000244140625,118.58000183105469,48217500,121.72450065612793,129.69440032958985,120.92519434256579,47.852004501348354,-3.3190772949210015,-3.6402491859883956,135.01786451924244,108.43113679301341,4.6396256106851785,-0.001156159830559278,-0.0011568286989317087,0.02740220470532924
2022-10-06,120.30000305175781,121.52999877929688,119.5,120.7699966430664,42253800,121.24850044250488,129.68100036621092,120.86565231486979,46.92831901057272,-2.9595756036391236,-3.5041144695185413,134.0197811545569,108.47721973045286,4.453223694157442,-0.00537407121029132,-0.005388563475942462,0.027373501205513535
2022-10-07,114.55999755859375,118.16999816894531,113.87999725341797,118.0,54678000,120.31300010681153,129.52660034179686,120.26511376665303,39.649662929417445,-3.1020795531876217,-3.4237074862523578,132.1303124413734,108.49568777224965,4.593708130170471,-0.04771409266460691,-0.04888996644735092,0.02811633437647669
2022-10-10,113.66999816894531,116.25,112.43000030517578,115.0999984741211,42339700,119.17400016784669,129.10100036621094,119.6370075192523,38.64871082349729,-3.2493737150771977,-3.388840732017326,128.72412838195817,109.62387195373519,4.538443241931453,-0.007768849586377025,-0.007799184311071454,0.027152925446612547
2022-10-11,112.20999908447266,115.4800033569336,110.38999938964844,112.70999908447266,56432200,118.4435001373291,128.63740036010742,118.92967338260661,36.99862351846582,-3.44421238751184,-3.399915063116229,127.77503957046449,109.1119607041937,4.577840436599574,-0.012844190270001499,-0.01292739007238406,0.02298123335575108
2022-10-12,112.9000015258789,113.83000183105469,111.4000015258789,112.48999786376953,45728700,117.66100006103515,128.2122003173828,118.35541892006111,38.33851195599786,-3.502570555631806,-3.4204461616193447,126.04826408774362,109.27373603432669,4.424423284355018,0.006149206372302096,0.006130377153208065,0.022706197121069242
2022-10-13,112.52999877929688,113.44000244140625,105.3499984741211,107.87999725341797,86868100,116.97350006103515,127.67240020751953,117.8006170018931,37.8733636084091,-3.537893321770696,-3.443935593649615,124.64576047784043,109.30123964422988,4.6862504759928845,-0.00327726077574253,-0.0032826427568259787,0.02255225767897201
2022-10-14,106.9000015258789,114.95999908447266,106.5999984741211,114.0999984741211,67737300,116.14200019836426,126.95900009155274,116.76246314703461,31.592394078739318,-3.974366571049387,-3.55002178912957,124.37580559294543,107.90819480378309,4.948661199875646,-0.05003107895219994,-0.05132600960921381,0.024431754198362427
2022-10-17,113.79000091552734,114.19000244140625,110.08999633789062,110.11000061035156,62782000,115.59850006103515,126.41880004882813,116.47937150593867,43.862343483509505,-3.721411284318009,-3.584299688167258,122.89295584624244,108.30404427582786,5.115899750993625,0.06445275295885255,0.06246082010978991,0.02904092652566853
2022-10-18,116.36000061035156,119.5199966430664,114.79000091552734,119.05999755859375,65607400,115.30699996948242,125.95779998779297,116.46800284921609,47.63524952946698,-3.27580347678672,-3.522600445891151,121.96249333061478,108.65150660835006,5.1597637493183,0.022585461588422673,0.022334186457693587,0.029383105960487692
2022-10-19,115.06999969482422,116.58999633789062,113.22000122070312,114.70999908447266,47198100,115.13349990844726,125.50259994506835,116.33485969165496,45.96533675180355,-2.992255512845176,-3.416531459281956,121.6216396725069,108.64536014438762,5.031923132737528,-0.01108629175628062,-0.011148202689094493,0.028739598429487187
2022-10-20,115.25,118.23999786376953,113.51000213623047,113.83000183105469,48795100,115.03050003051757,124.95379989624024,116.23153972102115,46.24849153749341,-2.721643773015458,-3.2775539220286567,121.44211509605334,108.6188849649818,5.010356889509066,0.0015642678860967596,0.0015630456934787908,0.028660544374910946
2022-10-21,119.31999969482422,119.58999633789062,114.5,114.79000091552734,55660500,115.30750007629395,124.52739990234375,116.52567876614526,52.331131599492466,-2.1539378043536175,-3.0528306984936493,121.95348400986781,108.66151614272009,5.016045421536321,0.03531453097461368,0.03470527521216521,0.02883701439633048
2022-10-24,119.81999969482422,120.38999938964844,116.56999969482422,119.9800033569336,49531500,115.5409999847412,124.05279983520508,116.83942361649564,53.03427324259252,-1.644721586121662,-2.771208876019252,122.47054419912597,108.61145577035644,4.930613583914028,0.004190412347291339,0.0041816570199037775,0.028757544262369216
2022-10-25,120.5999984741211,121.31999969482422,118.94999694824219,119.6500015258789,50934600,115.85049972534179,123.60119995117188,117.19757360293616,54.16998106170538,-1.1647976198008934,-2.44992662477558,123.09606976972995,108.60492968095363,4.747712809818886,0.006509754475742646,0.006488657531862419,0.02869444515233851
2022-10-26,115.66000366210938,119.3499984741211,114.76000213623047,116.0,68802300,115.73299980163574,123.01880004882813,117.05113837047647,46.500583903045126,-1.169588427547069,-2.1938589853298778,122.910577941743,108.55542166152848,4.82573306182401,-0.040961814879887926,-0.04182438724790477,0.02947618576132907
2022-10-27,110.95999908447266,114.12000274658203,109.7699966430664,113.91999816894531,129605400,115.54099960327149,122.39599990844727,116.47102986704752,40.6096012833563,-1.534942406446902,-2.0620756695532827,123.00775138934345,108.07424781719952,4.9017526301967935,-0.04063638620803933,-0.04148511663717591,0.030257225767123135
2022-10-28,103.41000366210938,103.95999908447266,97.66000366210938,97.91000366210938,223133400,115.06149978637696,121.61819992065429,115.22712260943436,33.30947719736395,-2.405975017266954,-2.130855539096017,124.17048318988216,105.95251638287175,5.5016271153515435,-0.06804249715805744,-0.07046806314523207,0.03364581161596887
2022-10-31,102.44000244140625,104.87000274658203,100.73999786376953,103.55999755859375,99251400,114.38950004577637,120.90240005493165,114.00930164105074,32.501107631451305,-3.138368470503792,-2.332358125377572,125.0146445372632,103.76435555428955,5.403654098741612,-0.009380148789788212,-0.009424419446504203,0.032939784974647446
2022-11-01,96.79000091552734,104.58000183105469,96.05999755859375,103.98999786376953,153370000,113.1745002746582,120.17380004882813,112.36936823861994,28.207110879941993,-4.127128494671112,-2.6913121992362803,125.82194829806203,100.52705225125437,5.626250539721563,-0.05515425020719422,-0.056733592543971104,0.03245095519520626
2022-11-02,92.12000274658203,97.73999786376953,92.01000213623047,97.31999969482422,135761800,111.73300056457519,119.34380020141602,110.44085723937823,25.238948626296605,-5.227300692385626,-3.1985098978661495,126.83971957883472,96.62628155031567,5.633660910279956,-0.048248766657425834,-0.04945158785215439,0.033421134005476034
2022-11-03,89.30000305175781,93.5,89.0199966430664,92.47000122070312,136683300,110.1830005645752,118.45380020141602,108.42744255484295,23.622465101722597,-6.2546458293002445,-3.8097370841529687,127.63499553749226,92.73100559165813,5.551256799326644,-0.030612240672440172,-0.03109058271107464,0.03359455025650282
2022-11-04,90.9800033569336,92.44000244140625,88.04000091552734,91.48999786376953,129101300,109.00400085449219,117.52780029296875,106.7657816788516,26.637011815294045,-6.854250731834128,-4.4186398136892,128.21158704025288,89.7964146687315,5.469024279794662,0.01881299269611514,0.018638216982674413,0.03339969192868166
2022-11-07,90.52999877929688,92.0999984741211,89.04000091552734,91.94999694824219,77495700,107.84700088500976,116.72340026855468,105.21951664079876,26.3371525623717,-7.281813334236716,-4.991274517798703,128.52259557326627,87.17140619675325,5.296950942566026,-0.00494619214148917,-0.004958465035960488,0.033419680174453764
2022-11-08,89.9800033569336,91.72000122070312,88.2300033569336,90.79000091552734,88703400,106.73550109863281,115.9272004699707,103.76813442328779,25.952614011355152,-7.577688930105495,-5.508557400260061,128.70314225758628,84.76785993967934,5.167882865509133,-0.006075283660437414,-0.006093813282808144,0.033431970405489564
2022-11-09,86.13999938964844,89.4800033569336,85.87000274658203,89.47000122070312,90796200,105.39750099182129,115.0754005432129,102.08926442008405,23.385341003202825,-8.029469967790604,-6.01273991376617,128.90603148546734,81.88897049817525,5.092319847283592,-0.042676192754212194,-0.043613588180190316,0.03393543019356867
2022-11-10,96.62999725341797,98.69000244140625,91.6500015258789,92.94000244140625,173414900,104.60250091552734,114.47260055541992,101.56933421373489,40.65560769689902,-7.455116592595999,-6.301215249532136,128.16777674477171,81.03722508628297,5.625011504746037,0.12177847617944293,0.11491535104712981,0.045387587689232956
2022-11-11,100.79000091552734,101.19000244140625,96.66000366210938,97.87999725341797,111590500,104.29700088500977,113.93200057983398,101.49511199485798,45.866983543142105,-6.588313894339706,-6.358634978493651,127.89361575394531,80.70038601607422,5.548939624977626,0.0430508514990382,0.04214992986278232,0.04547546812379912
2022-11-14,98.48999786376953,100.12000274658203,97.29000091552734,98.7699966430664,99533100,103.53200073242188,113.35160049438477,101.20891064904004,43.587911010348705,-6.017590497904891,-6.290426082375899,126.83822692288196,80.2257745419618,5.402586794622081,-0.022819754250081425,-0.023084154958510447,0.04287856178343358
2022-11-15,98.94000244140625,103.79000091552734,97.33999633789062,103.20999908447266,111336300,102.6610008239746,112.80820053100587,100.9928241530749,44.17240505305784,-5.465968206779465,-6.125534507256613,125.27629187596264,80.04570977198657,5.477402350551698,0.004569038353104293,0.004558631983396615,0.042425715751231684
2022-11-16,97.12000274658203,98.48999786376953,95.54000091552734,96.8499984741211,87958800,101.7635009765625,112.16100067138672,100.62398401912321,42.26506337760995,-5.116680424923246,-5.92376369078994,123.75379990143148,79.77320205169352,5.329016577360784,-0.018394983322363,-0.01856627488370591,0.04249199209568917
2022-11-17,94.8499984741211,96.97000122070312,94.02999877929688,95.37000274658203,82617900,100.74350090026856,111.46160049438477,100.0740806338849,39.94812796494286,-4.965795119848465,-5.732169976601646,122.01775337528986,79.46924842524726,5.169087105212525,-0.02337318995330062,-0.023650675297741616,0.04257447953867285
2022-11-18,94.13999938964844,95.98999786376953,92.4800033569336,95.94999694824219,72428200,99.48450088500977,110.67900039672851,99.50893003919572,39.223861221244974,-4.847627983068634,-5.555261577895044,119.13030143282627,79.83870033719326,5.050580491042768,-0.007485493894513584,-0.007513650804188213,0.041293872661909176
2022-11-21,92.45999908447266,95.0199966430664,90.58999633789062,93.97000122070312,84330300,98.11650085449219,109.79920043945313,98.83760328160304,37.49175646478308,-4.833820387621898,-5.410973339840416,115.59889215462492,80.63410955435945,5.006253334909411,-0.017845764989037338,-0.018006920831346168,0.041161147105653044
2022-11-22,93.19999694824219,93.3499984741211,90.87000274658203,92.62000274658203,62192000,96.74650077819824,109.12680038452149,98.30068839271154,38.77427466897713,-4.708885030117941,-5.270555677895921,110.95421958962024,82.53878196677624,4.825806362954387,0.008003437930963697,0.007971580289157953,0.04119802250651196
2022-11-23,94.12999725341797,94.58000183105469,92.83000183105469,93.23999786376953,59414700,95.67000045776368,108.43840026855469,97.90347971277882,40.428527499339026,-4.483150637015427,-5.113074669719822,106.94160025264391,84.39840066288345,4.606105908457645,0.009978544373689724,0.009929087433161624,0.04088817858343674
2022-11-25,93.41000366210938,94.43000030517578,93.06999969482422,93.79000091552734,35088600,94.79250068664551,107.78100036621093,97.47552961271506,39.53786857455072,-4.312638556973809,-4.95298744717062,103.637479151572,85.94752222171903,4.37424124430721,-0.0076489282090407285,-0.0076783312910851725,0.04022496376812161
2022-11-28,93.94999694824219,96.4000015258789,93.43000030517578,93.93000030517578,74943100,94.31950035095215,107.18940032958984,97.13976459705098,40.59490895682722,-4.08682320583118,-4.779754598902732,102.2333121871135,86.40568851479081,4.275366717125947,0.00578089353348199,0.0057642482872482335,0.037717412977030726
2022-11-29,92.41999816894531,94.41000366210938,91.44000244140625,94.04000091552734,65567300,93.8185001373291,106.54460021972656,96.6902630324695,38.539035519273156,-3.9853800475199677,-4.62087968862618,100.82974280818571,86.80725746647248,4.182126324524317,-0.016285245651894598,-0.016419307746887702,0.037799473308153135
2022-11-30,96.54000091552734,96.54000091552734,91.52999877929688,92.47000122070312,102805800,93.80600013732911,106.03160018920899,96.6759523546655,46.40955299878933,-3.5318231653833294,-4.40306838397761,100.79686908988579,86.81513118477243,4.241260311074757,0.04457912603558589,0.0436140540859465,0.037338215988920814
2022-12-01,95.5,97.2300033569336,94.91999816894531,96.98999786376953,68488000,93.975,105.57080017089844,96.56395689231641,44.84830862937794,-3.219186670755576,-4.166292041333204,100.95808059269794,86.99191940730205,4.10331351656858,-0.010772746070691896,-0.010831192229061232,0.03566554094795312
2022-12-02,94.12999725341797,95.36000061035156,93.77999877929688,94.4800033569336,72496400,94.21649971008301,105.10720016479492,96.33215121242132,42.80546502761766,-3.0468456285864534,-3.942402758783854,100.86208558799726,87.57091383216877,3.9330769240067616,-0.01434557849824114,-0.014449471106160492,0.03505378124593015
2022-12-05,91.01000213623047,94.05999755859375,90.81999969482422,93.05000305175781,71535500,94.21799964904785,104.65180023193359,95.82527987183171,38.50403864881602,-3.1259872074194988,-3.779119648510983,100.86067578678784,87.57532351130787,3.888571255048689,-0.033145598727553405,-0.03370736231877925,0.03575371425364395
2022-12-06,88.25,91.04000091552734,87.9000015258789,90.5,75503600,94.103999710083,104.11380020141601,95.10382464594298,35.14004070191214,-3.372540042644175,-3.6978037273376216,101.0664918074368,87.1415076127292,3.8351018360915283,-0.03032636052572657,-0.030795718248338627,0.03640526000198431
2022-12-07,88.45999908447266,89.88999938964844,87.4800033569336,88.33999633789062,68086900,94.02799949645996,103.59480010986329,94.47107935437437,35.60106181054992,-3.5105226499119198,-3.6603475118524815,101.19895978808417,86.85703920483574,3.733308564421765,0.0023795930251859776,0.002376766277155038,0.03638830865760403
2022-12-08,90.3499984741211,90.86000061035156,87.87999725341797,89.23999786376953,73305900,94.23849945068359,103.04160003662109,94.07859546101692,39.751726862875685,-3.4278535430424597,-3.6138487180904777,100.68108121176294,87.79591768960424,3.6795010496011815,0.021365582288144003,0.021140538059143867,0.0352586342214771
2022-12-09,89.08999633789062,90.30000305175781,88.62999725341797,88.9000015258789,67398500,93.86149940490722,102.52739990234375,93.60349078262394,37.99362507632452,-3.424533432652666,-3.5759856610029153,100.57684810192372,87.14615070789073,3.5395367761084633,-0.01394579034322141,-0.014043946522882085,0.021600475485713564
2022-12-12,90.55000305175781,90.58000183105469,87.87000274658203,89.20999908447266,61999800,93.34949951171875,102.0783999633789,93.31268242730336,41.23673867517422,-3.2664384124928887,-3.5140762113009103,99.40257373420036,87.29642528923713,3.4802840838487628,0.01638799835988136,0.016255164405059676,0.019249358843073824
2022-12-13,92.48999786376953,96.25,90.5199966430664,95.2300033569336,100212000,93.04949951171875,101.61059997558594,93.23433151649061,45.32856061324871,-2.950593002435241,-3.4013795695277764,98.63004711011345,87.46895191332405,3.640978317640536,0.02142456926150338,0.021198289437405628,0.01965204611611923
2022-12-14,91.58000183105469,93.45999908447266,89.87000274658203,92.5,70298000,92.68149948120117,101.02040008544923,93.07677630835386,43.78830574135254,-2.742103056966343,-3.26952426701549,97.5899712537459,87.77302770865644,3.6373367476583995,-0.009838858835905628,-0.009887580246293281,0.019625776694374594
2022-12-15,88.44999694824219,89.97000122070312,87.47000122070312,89.88999938964844,84802900,92.24799919128418,100.37040008544922,92.6361306550099,38.89297512589429,-2.7971941951057744,-3.175058252633547,97.04200228122514,87.45399610134322,3.6710984521364827,-0.034177820705733164,-0.03477554111983318,0.020544593975481203
2022-12-16,87.86000061035156,89.3499984741211,86.7300033569336,88.2699966430664,146144100,91.8984992980957,99.7216000366211,92.18126112694719,38.02992049335151,-2.8555451457292946,-3.1111556312526965,96.89756832949388,86.89943026669752,3.5960196424972692,-0.006670394101153776,-0.006692740608663019,0.020069494341732625
2022-12-19,84.91999816894531,87.62999725341797,84.51000213623047,87.51000213623047,83531500,91.43749923706055,99.12880004882813,91.48971227380416,33.983106382725694,-3.10324998674902,-3.109574502351961,97.17122734584022,85.70377112828088,3.578446701898971,-0.033462353983410575,-0.03403503022155705,0.021143993932297683
2022-12-20,85.19000244140625,86.61000061035156,84.33000183105469,85.33000183105469,74348300,91.07399940490723,98.55920013427735,90.88973990881388,34.670655560501174,-3.2404172565624663,-3.1357430531940627,97.3941458880402,84.75385292177425,3.485700421713107,0.0031795134041781026,0.003174469440173832,0.020990064177243126
2022-12-21,86.7699966430664,87.2300033569336,85.20999908447266,86.18000030517578,59267200,90.75249938964843,98.05040008544921,90.49738340731412,38.69429549422535,-3.1849172352689266,-3.1455778896090356,97.25878230487317,84.2462164744237,3.3824361712712667,0.018546709195681466,0.018376816404560806,0.02143189142310335
2022-12-22,83.79000091552734,85.68000030517578,82.25,85.5199966430664,81431300,90.23549957275391,97.46820007324219,89.858585074763,34.39188696415184,-3.3428594163922725,-3.185034194965683,97.21234275335804,83.25865639214977,3.4636904906852055,-0.034343619255829294,-0.034947221566029855,0.022256799916861275
2022-12-23,85.25,85.77999877929688,82.93000030517578,83.25,57433700,89.82749938964844,96.92260009765624,89.41967221049985,38.02756082142224,-3.312040863053568,-3.21043552858326,96.96654905500336,82.68844972429352,3.419855346644912,0.01742450254827599,0.017274436611979943,0.022832025924691187
2022-12-27,83.04000091552734,85.3499984741211,83.0,84.97000122070312,57284000,89.2819995880127,96.44540008544922,88.81208446812151,34.87698125596562,-3.426447440674309,-3.25363791100147,96.73792205764592,81.82607711837947,3.3434369986074963,-0.025923742926365456,-0.026265685720911106,0.023192160475797804
2022-12-28,81.81999969482422,83.4800033569336,81.69000244140625,82.80000305175781,58228600,88.75199966430664,95.80600006103515,88.14617163256938,33.2397767354304,-3.5743564243286983,-3.3177816136669156,96.7290957311137,80.77490359749957,3.2324772783874853,-0.01469172937442731,-0.014800721671305868,0.02315730664637449
2022-12-29,84.18000030517578,84.55000305175781,82.55000305175781,82.87000274658203,54995900,88.13399963378906,95.16240005493164,87.76844102996046,39.18678502941634,-3.461243967684254,-3.3464740844703833,95.4931034133511,80.77489585422703,3.1965862839979216,0.02884381103830358,0.028435658196292006,0.021567704557706457
2022-12-30,84.0,84.05000305175781,82.47000122070312,83.12000274658203,62401200,87.55899963378906,94.54100006103516,87.40954188424993,38.902142302456774,-3.3475377200972503,-3.346686811595757,94.29697460805194,80.82102465952617,3.090401484031831,-0.002138278742257471,-0.002140568124387558,0.021566297869115063
2023-01-03,85.81999969482422,86.95999908447266,84.20999908447266,85.45999908447266,76706000,87.14349975585938,93.95240005493164,87.25815691382843,43.380408885922634,-3.075117889835454,-3.2923730272436966,93.19981615889381,81.08718335282495,3.081087026920461,0.021666663033621747,0.021435277164066735,0.02233760440380427
2023-01-04,85.13999938964844,86.9800033569336,83.36000061035156,86.55000305175781,68885100,86.84999961853028,93.26880004882813,87.05642762581128,42.137678155694566,-2.8808845099596283,-3.2100753237868833,92.69356305732454,81.00643617973601,3.1195810068962873,-0.007923564525679994,-0.007955122776173124,0.021316293562700588
2023-01-05,83.12000274658203,85.41999816894531,83.06999969482422,85.33000183105469,67930800,86.59349975585937,92.53480010986328,86.68153001826563,38.600159646579776,-2.8570161011281954,-3.139463479255146,92.61634294361856,80.57065656810018,3.0646108259837734,-0.023725589118479662,-0.02401157339665977,0.02092016445773846
2023-01-06,86.08000183105469,86.4000015258789,81.43000030517578,83.02999877929688,83303400,86.47449989318848,91.84440017700196,86.62424161948363,45.78289778079052,-2.569631909679785,-3.025497165340074,92.43889158640307,80.51010819997389,3.2007101398922986,0.035611152390083056,0.0349917378504728,0.022603598292667865
2023-01-09,87.36000061035156,89.4800033569336,87.08000183105469,87.45999908447266,65266100,86.325,91.2784001159668,86.6943139043282,48.58396808919404,-2.213081635869699,-2.863014059445999,92.03792323173441,80.6120767682656,3.214945238891342,0.01486987397850048,0.014760401298199752,0.022308248530442984
2023-01-10,89.87000274658203,90.19000244140625,87.29000091552734,87.56999969482422,67756600,86.36400032043457,90.85660018920899,86.99676046073333,53.641790547842625,-1.7082847365656875,-2.632068194869937,92.16191164233834,80.5660889985308,3.192449259390454,0.028731709234134817,0.028326693248784427,0.02307737667550211
2023-01-11,95.08999633789062,95.26000213623047,90.93000030517578,90.93000030517578,103126200,86.59099998474122,90.69020004272461,87.7675448299864,62.011300220079384,-0.8769112128861849,-2.2810367984731865,93.30916475142278,79.87283521805965,3.3494171258374528,0.058083825879343465,0.05645956080731301,0.026237254915062076
2023-01-12,95.2699966430664,97.19000244140625,93.5,96.93000030517578,85254800,86.72999992370606,90.54679992675781,88.48206405027975,62.2642962875033,-0.20119790118154413,-1.8650690190148582,94.02121486388172,79.4387849835304,3.3737446483780813,0.0018929468094222024,0.0018911574433712077,0.025867423253039708
2023-01-13,98.12000274658203,98.37000274658203,94.12000274658203,94.18000030517578,85549400,87.05699996948242,90.5733999633789,89.3999629737371,66.11248447956518,0.5578508829265587,-1.380485038626575,95.65793179951444,78.4560681394504,3.4363343163510756,0.029915043601747016,0.029476316899670684,0.0264470692793286
2023-01-17,96.05000305175781,98.88999938964844,95.7300033569336,98.68000030517578,72755000,87.4370002746582,90.65199996948242,90.03330012402479,61.228579477166285,0.9810617679491997,-0.9081756773114202,96.88078977824838,77.99321077106802,3.4165958675199164,-0.02109661268732821,-0.021322326395198637,0.02560720875422339
2023-01-18,95.45999908447266,99.31999969482422,95.37999725341797,97.25,79570400,87.81700019836425,90.77519989013672,90.5501285964484,59.87098682088105,1.254391213035916,-0.47566229924195297,97.8890147209765,77.744985675752,3.45398205136894,-0.006142675153973931,-0.0061616190001011146,0.025595427665484265
2023-01-19,93.68000030517578,95.44000244140625,92.86000061035156,94.73999786376953,69002700,88.25500030517578,90.82919982910157,90.8482116163272,55.84779462542111,1.3122489529971375,-0.11808004879413486,98.54453528340721,77.96546532694435,3.3929832244226654,-0.01864654092151996,-0.018822579439957077,0.024636355360825264
2023-01-20,97.25,97.3499984741211,93.19999694824219,93.86000061035156,67481500,88.85800018310547,90.96359985351563,91.45790574810556,61.44384076704566,1.6274109875624703,0.23101815847718618,99.75402038215576,77.96197998405519,3.4470559602409687,0.03810845093076898,0.037400259951453026,0.02570016014706461
2023-01-23,97.5199966430664,97.77999877929688,95.86000061035156,97.55999755859375,76501100,89.39550018310547,91.11439971923828,92.03524773810183,61.837787317556,1.8773250091039984,0.5602795286025486,100.87163698762052,77.91936337859042,3.3379804037198504,0.002776315095798454,0.0027724682514327437,0.025567316123419302
2023-01-24,96.31999969482422,98.08999633789062,96.0,96.93000030517578,66929500,90.02200012207031,91.31799972534179,92.44331935302776,58.95463268770197,1.9560063234536216,0.8394248875727632,101.57349879330985,78.47050145083077,3.248838684732049,-0.012305137300550828,-0.012381472357830799,0.024166087791582923
2023-01-25,97.18000030517578,97.23999786376953,91.5199966430664,92.55999755859375,94261600,90.61850013732911,91.32899978637695,92.8944318246609,60.3803325926893,2.063964594798861,1.084332829017983,102.3533571356097,78.88364313904852,3.4253502944442684,0.008928577793566816,0.008888953725914,0.02405253569503407
2023-01-26,99.22000122070312,99.48999786376953,96.91999816894531,98.23999786376953,68523600,91.4275001525879,91.29759979248047,93.49686700523635,63.60934786282408,2.287761437749026,1.3250185507641916,103.19182668485607,79.66317362031972,3.3642538230428363,0.02099198301215366,0.020774687057825685,0.022951395605709145
2023-01-27,102.23999786376953,103.48999786376953,99.52999877929688,99.52999877929688,87775600,92.44850006103516,91.37259979248047,94.32954613462046,67.79397852351644,2.677940902324977,1.5956030210763488,104.24472080529513,80.65227931677519,3.4289497387588055,0.03043737760442866,0.02998335055905419,0.022697172925409254
2023-01-30,100.55000305175781,101.73999786376953,99.01000213623047,101.08999633789062,70691900,93.26700019836426,91.4047998046875,94.92197060291925,63.4003574804839,2.818304818030839,1.840143380467247,104.9256582020664,81.60834219466211,3.4147387379573955,-0.01652968356145279,-0.016667823165641346,0.02312995816930678
2023-01-31,103.12999725341797,103.3499984741211,101.13999938964844,101.16000366210938,66527300,94.22350006103515,91.52499969482422,95.70368742677626,66.92451811900315,3.10197061630285,2.0925088276343677,105.8228544458462,82.6241456762241,3.3708285011292447,0.025658817736008643,0.025335155126435763,0.023249199363511767
2023-02-01,105.1500015258789,106.23999786376953,101.23999786376953,102.52999877929688,80450100,95.19000015258788,91.73099975585937,96.60333638859555,69.4082325643811,3.450005749318507,2.364008211971196,107.04590398181224,83.33409632336353,3.4871978939057273,0.019586971068148662,0.0193976149644124,0.02320153527576327
2023-02-02,112.91000366210938,114.0,108.87999725341797,110.25,158154200,96.57850036621093,92.10639984130859,98.15635231940638,76.65932104021155,4.302398052442413,2.7516861800654393,109.82425161117128,83.33274912125059,3.870255078206825,0.07379935352944922,0.07120315696615197,0.026722462558560648
2023-02-03,103.38999938964844,108.77999877929688,102.5199966430664,105.26000213623047,144374800,97.59200019836426,92.32499984741212,98.65479489752467,58.37799173198906,4.161766062472012,3.033702156546754,109.60841690876583,85.57558348796269,4.3359516454094065,-0.08431497620839845,-0.08808283393109906,0.03378966907819175
2023-02-06,102.18000030517578,103.94999694824219,100.6500015258789,102.93000030517578,81945200,98.39700012207031,92.50459991455078,98.9905287458724,56.53265853570191,3.90763262698205,3.2084882506338133,109.3289212141559,87.46507902998472,4.261954772334684,-0.011703250716856073,-0.011772272805910223,0.033670142621112294
2023-02-07,102.11000061035156,102.41000366210938,98.08000183105469,101.16999816894531,119501300,99.1345001220703,92.66419998168945,99.28762130439422,56.42154514322941,3.658409787316103,3.2984725579702716,108.91843985228363,89.35056039185699,4.26681527652897,-0.0006850625818668465,-0.0006852973444615529,0.03371074417149228
2023-02-08,100.05000305175781,102.66999816894531,98.77999877929688,102.04000091552734,75878300,99.6435001373291,92.79699996948243,99.36022908985743,53.11310033902408,3.25712815854682,3.2902036780855815,108.45772723793647,90.82927303672173,4.239899856037503,-0.02017429777965274,-0.020380578012770365,0.03392940553305614
2023-02-09,98.23999786376953,101.77999877929688,97.56999969482422,101.31999969482422,64622500,99.80100021362304,92.88279998779296,99.25354040165858,50.32103071617356,2.761227572195196,3.184408456907504,108.39393095004985,91.20806947719623,4.237764086640015,-0.01809100582487666,-0.018256648878253772,0.03198651201632288
2023-02-10,97.61000061035156,98.81999969482422,96.2300033569336,97.55999755859375,52740100,99.91800041198731,92.9866000366211,99.09701280248649,49.3486345214609,2.290978299741681,3.0057224254743398,108.3226300669089,91.51337075706572,4.120066390300773,-0.006412838631079665,-0.006433489213979958,0.032043486918483174
2023-02-13,99.54000091552734,99.68000030517578,96.91000366210938,97.8499984741211,52841500,99.98900032043457,93.0466000366211,99.13920214658562,52.38425655925827,2.050401506070017,2.814658241593475,108.35557986594142,91.62242077492772,4.023632836926889,0.019772567289289666,0.019579629188155288,0.03165139373416617
2023-02-14,99.69999694824219,100.91999816894531,97.5199966430664,98.41000366210938,56202900,100.17150001525879,93.13059997558594,99.19261117531482,52.637667952813516,1.8513122315173831,2.621989039578257,108.34340269640651,91.99959733411106,3.9790877432806044,0.0016073541414833858,0.0016060637303953276,0.03121382274509878
2023-02-15,101.16000366210938,101.16999816894531,98.44999694824219,99.08999633789062,47957600,100.45650024414063,93.27120010375977,99.37998188834288,54.99162855036181,1.790700802914074,2.4557313922454203,108.34388717493759,92.56911331334366,3.8891529916679275,0.014643999584324163,0.014537811644538115,0.031262779657254595
2023-02-16,98.1500015258789,100.62999725341797,98.0999984741211,99.20999908447266,56339200,100.68000030517578,93.41400009155274,99.26284090144156,49.52649998835352,1.482692239119146,2.2611235616201655,108.0210397731181,93.33896083723346,3.829928148547953,-0.02975486385196624,-0.03020652173405669,0.03176913400853892
2023-02-17,97.19999694824219,97.94000244140625,95.6500015258789,97.80000305175781,60029400,100.6775001525879,93.59300003051757,99.06637957256544,47.90820648123774,1.1486943696778127,2.038637723231695,108.02324311848234,93.33175718669345,3.734933280794528,-0.009679109147912035,-0.009726256199159738,0.030756057546323587
2023-02-21,94.58000183105469,95.61000061035156,94.2699966430664,95.33999633789062,56580400,100.5305004119873,93.71540008544922,98.63910550194537,43.67017611061225,0.6649221336198963,1.7638946053093354,108.23215189071138,92.82884893326323,3.6774380682503316,-0.02695468312187932,-0.027324623494127318,0.0313493440190519
2023-02-22,95.79000091552734,97.01000213623047,94.80000305175781,95.0999984741211,59534100,100.50400047302246,93.82420013427735,98.36776220800078,46.04407667630393,0.37484498522908893,1.4860846812932862,108.26682407980455,92.74117686624037,3.588335370887864,0.012793392483054111,0.012712248376870527,0.0313777973366735
2023-02-23,95.81999969482422,96.43000030517578,93.66999816894531,96.12000274658203,48467000,100.43600044250488,93.95880020141601,98.12511815912683,46.10471931540746,0.14569789141691558,1.2180073233180122,108.33670367502,92.53529720998975,3.5291687112694783,0.000313172345862478,0.0003131233176392935,0.031310669308848654
2023-02-24,93.5,94.13999938964844,92.31999969482422,93.52999877929688,57053800,100.15000038146972,94.01780014038086,97.68463071540046,42.158400918370745,-0.22056488299645594,0.9302928820551186,108.60102499596631,91.69897576697313,3.527085231893087,-0.024212061179431754,-0.024509991975448668,0.031329295352037045
2023-02-27,93.76000213623047,94.77999877929688,93.13999938964844,94.27999877929688,47470300,99.72600059509277,94.04320022583008,97.31085656500332,42.74982260877008,-0.4842684260655119,0.6473806204309926,108.5573941079572,90.89460708222835,3.392293386018469,0.0027807715104863906,0.002776912318089041,0.030395655264125084
2023-02-28,94.2300033569336,94.69000244140625,92.91999816894531,93.13999938964844,43959300,99.41000061035156,94.09620025634766,97.0174419737586,43.867150902363484,-0.6478620627038225,0.38833208380402967,108.54780606550818,90.27219515519494,3.2764155921929308,0.005012811540044737,0.005000289230826088,0.030305279164286124
2023-03-01,92.16999816894531,94.68000030517578,91.58999633789062,93.87000274658203,52299500,98.86200065612793,94.17060028076172,96.55578065901447,40.16693812483704,-0.932981570078141,0.12406935302759553,108.34957804987822,89.37442326237765,3.26310047612809,-0.02186145722806776,-0.022103959704043146,0.029815444158070803
2023-03-02,92.12999725341797,92.2300033569336,90.38999938964844,91.41000366210938,55509400,98.21100044250488,94.25600021362305,96.13427747752908,40.09621247910156,-1.1489244871220023,-0.13052941500232404,107.670128450153,88.75187243485676,3.1614507254964517,-0.00043399062951077205,-0.00043408483069996514,0.02927138625692935
2023-03-03,94.9000015258789,94.94000244140625,92.66000366210938,92.73999786376953,55759600,97.31050033569336,94.45560028076171,96.01672738689574,47.049263130022545,-1.0840483748988134,-0.32123320698162194,104.03448014907713,90.5865205223096,3.1363474728172966,0.030066258059702422,0.02962312838587694,0.02417168033508955
2023-03-06,93.75,96.55000305175781,93.73999786376953,95.19000244140625,52112400,96.82850036621093,94.6268002319336,95.80084858814377,44.72810732378072,-1.1126036978721459,-0.4795073051597268,103.10751138922672,90.54948934319515,3.113037309615224,-0.012118034851298809,-0.012192056844170188,0.016361229902616077
2023-03-07,93.55000305175781,95.08999633789062,92.77999877929688,94.05999755859375,49100700,96.39700050354004,94.76240036010742,95.58648234658321,44.31861358223599,-1.1382510300002338,-0.6112560501278281,102.32179666121839,90.4722043458617,3.0556773273994042,-0.0021333007812499583,-0.002135579508745822,0.016287085133527873
2023-03-08,93.91999816894531,94.16999816894531,92.18000030517578,93.5999984741211,44899100,95.98750038146973,94.96500030517578,95.42776956776055,45.31604709329935,-1.1158582919204036,-0.7121764984863432,101.38489625162497,90.5901045113145,2.9795573657115564,0.003955051898638651,0.003947251242114423,0.01637374780617867
2023-03-09,92.25,96.20999908447266,92.18000030517578,93.68000030517578,56218700,95.59750022888184,95.10500030517578,95.12512484702145,41.68633395104149,-1.2188170172504016,-0.8135046022391549,100.89055964042934,90.30444081733434,3.0545888952533646,-0.017781071140368643,-0.017941053663252087,0.01625799727223699
2023-03-10,90.7300033569336,93.56999969482422,90.25,92.66999816894531,69827500,95.22200050354004,95.25880035400391,94.70654184796547,38.65173958944882,-1.4068463260897488,-0.9321729470092737,100.77127290349048,89.6727281035896,3.0735468095084255,-0.0164769283801236,-0.016614182739941783,0.016187828210473765
2023-03-13,92.43000030517578,94.0199966430664,88.12000274658203,89.97000122070312,72397100,94.96300048828125,95.47100036621094,94.48972836769978,43.59710655207866,-1.40251800721704,-1.026241959050827,100.52579153745269,89.40020943910982,3.275435887149565,0.01873687738723384,0.01856350439768763,0.016937227507173504
2023-03-14,94.87999725341797,95.06999969482422,92.70999908447266,93.83000183105469,60912700,94.73000030517578,95.68500030517578,94.52689683300628,49.86907768391436,-1.1877024110072227,-1.0585340494421063,99.8816096887209,89.57839092163066,3.230047565899484,0.0265065123894086,0.026161301723076753,0.01746383852809636
2023-03-15,96.19999694824219,96.66999816894531,93.06999969482422,93.22000122070312,70731800,94.55500030517578,95.92900024414062,94.68623970112398,52.90749505195497,-0.9005654022983833,-1.0269403200133618,99.23566093593473,89.87433967441683,3.256472630772456,0.01391230747297123,0.013816419647146834,0.017819983913781253
2023-03-16,100.04000091552734,100.98999786376953,95.61000061035156,95.75,84446900,94.49900016784667,96.2134002685547,95.19612172154335,60.422548678756165,-0.35901255304450785,-0.893354766619591,98.8793965367731,90.11860379892025,3.408152960961421,0.03991688242309577,0.03914078921242492,0.019818999814197238
2023-03-17,98.94999694824219,100.66000366210938,97.45999908447266,99.79000091552734,87300200,94.53899993896485,96.48960021972657,95.55363364789562,57.61210353164607,-0.017579582466140664,-0.718199729788901,99.06423857429597,90.01376130363373,3.393285219295371,-0.010895681300578386,-0.010955473953869753,0.018768142439406988
2023-03-20,97.70999908447266,98.4800033569336,95.69999694824219,98.41000366210938,62388900,94.56450004577637,96.78140014648437,95.75900178471248,54.506121799060416,0.15120801027852337,-0.5443181817754161,99.15471243567616,89.97428765587658,3.3830505607742727,-0.012531560404374087,-0.012610742620752338,0.018860755240379782
2023-03-21,100.61000061035156,100.8499984741211,98.0,98.13999938964844,58597300,94.86599998474121,97.0720001220703,96.2210016728686,59.94493980016407,0.5130649865983941,-0.3328415481006541,100.15901503155463,89.57298493792779,3.365689762836713,0.029679680207260972,0.029247763784060337,0.018784247095784613
2023-03-22,98.69999694824219,102.0999984741211,98.61000061035156,100.44999694824219,57475400,95.01149978637696,97.29880004882813,96.45709646099941,55.259213453122804,0.6383593056938679,-0.13860137734174968,100.55230103853333,89.47069853422059,3.3745689129033427,-0.018984232685839597,-0.019166746850565873,0.019273153465414705
2023-03-23,98.70999908447266,101.05999755859375,97.62000274658203,100.43000030517578,57559300,95.15599975585937,97.47559997558594,96.67165861561591,55.27892768455122,0.7300475117990715,0.03512840048641455,100.91985285447207,89.39214665724667,3.379242191411084,0.00010133876939955044,0.00010133363497333344,0.01927399805615246
2023-03-24,98.12999725341797,98.30000305175781,96.4000015258789,98.06999969482422,56095400,95.38749961853027,97.53639999389648,96.8105480096923,53.79856473245643,0.7472954188139056,0.17756180415191278,101.23797814438922,89.53702109267132,3.302867574781274,-0.005875816395847999,-0.005893146925693497,0.018394497809208023
2023-03-27,98.04000091552734,99.33999633789062,97.08000183105469,99.06999969482422,46721300,95.60149955749512,97.5918000793457,96.92763876262897,53.5588910599516,0.7451133541212727,0.29107211414578477,101.51101037491182,89.69198874007841,3.2283766413566073,-0.0009171134251457769,-0.0009175342309671865,0.018410938537015673
2023-03-28,97.23999786376953,98.44000244140625,96.29000091552734,98.11000061035156,38720100,95.75199928283692,97.57419998168945,96.9573872484519,51.36813061101255,0.6710945317390014,0.36707659766442813,101.66744114343831,89.83655742223553,3.1513498473939143,-0.00815996577200262,-0.0081934405189327,0.018547436313758374
2023-03-29,100.25,100.41999816894531,98.55999755859375,98.69000244140625,49783300,96.15599937438965,97.6581999206543,97.27096941526601,58.28234780731326,0.8455689064751084,0.4627750594265642,102.14096752840629,90.17103122037301,3.1533963086640475,0.0309543624265336,0.03048493870739539,0.018769534231820057
2023-03-30,102.0,103.04000091552734,101.01000213623047,101.55000305175781,53633400,96.64949951171874,97.78899993896485,97.72135328047877,61.692413699000745,1.1122303806247515,0.5926661236662016,102.84904822991041,90.44995079352708,3.1274394948685686,0.0174563591022443,0.017305747097592427,0.018953636820593117
2023-03-31,103.29000091552734,103.48999786376953,101.94999694824219,102.16000366210938,56750300,97.06899948120117,97.98119995117187,98.25170067429292,64.02672888733412,1.4113842538538819,0.7564097497037378,103.84672672194749,90.29127224045486,3.014051024915624,0.012647067799287592,0.012567761597929928,0.018136881157466516
2023-04-03,102.41000366210938,103.29000091552734,101.43000030517578,102.30000305175781,41135700,97.50199966430664,98.08440002441407,98.64772953027543,61.28330529273001,1.5594807069219314,0.9170239411473766,104.47980329700732,90.52419603160595,2.931618852446763,-0.008519675143944028,-0.008556175035560798,0.017981584789694558
2023-04-04,103.94999694824219,104.19999694824219,102.11000061035156,102.75,48662500,98.02199935913086,98.21300003051758,99.15270737960559,64.1761554630762,1.780587298881315,1.0897366126941643,105.28834804025477,90.75565067800694,2.871502958549896,0.015037527888523972,0.014925585099441625,0.018053976592579953
2023-04-05,101.0999984741211,103.91000366210938,100.75,103.91000366210938,45175400,98.38099937438965,98.30860000610352,99.33816367432135,55.858058363685366,1.7061770604708215,1.2130247022494958,105.5093815238937,91.2526172248856,2.8949668149564878,-0.027417013542964663,-0.027799874012424952,0.019494970787156733
2023-04-06,102.05999755859375,102.37999725341797,99.80000305175781,100.75,43808000,98.87149925231934,98.40619995117187,99.59738594901397,57.84030907396305,1.7050159509564793,1.3114229519908926,105.58273210556581,92.16026639907287,2.872468771149607,0.009495540049077267,0.009450740780884159,0.018843857916119977
2023-04-10,102.16999816894531,102.19999694824219,99.56999969482422,100.95999908447266,37261200,99.44349899291993,98.46519989013672,99.84239663662649,58.07264351309116,1.6934508460264794,1.38782853079801,105.15761655691765,93.72938142892221,2.8551493770259184,0.0010778033801970288,0.001077222967143844,0.018176406807927384
2023-04-11,99.91999816894531,101.0,99.01000213623047,100.80000305175781,60417800,99.8179988861084,98.41879989624023,99.84978725875209,51.78623478336267,1.4856041017534096,1.40738364498909,104.54004466940486,95.09595310281193,2.876924138146556,-0.022022120390757682,-0.022268227189570028,0.01895459020403276
2023-04-12,97.83000183105469,100.51000213623047,97.70999908447266,100.4000015258789,56735000,99.96549911499024,98.36439987182617,99.65742674182852,46.726350641885055,1.1391078950780695,1.353728495006886,104.22276884367282,95.70822938630765,2.871429774833074,-0.020916697119598093,-0.0211385503060785,0.018966782870747514
2023-04-13,102.4000015258789,102.56999969482422,98.70999908447266,98.94999694824219,67925100,100.27549934387207,98.3497999572754,99.9186243403095,56.69095711714965,1.2192136017420268,1.3268255163539142,104.28667174845633,96.26432693928781,3.0048989240428208,0.046713683014299345,0.04565543032053191,0.021347013825643395
2023-04-14,102.51000213623047,103.19999694824219,101.11000061035156,102.06999969482422,51450500,100.39899940490723,98.29699996948243,100.16542222563533,56.89992969014703,1.2768552883957653,1.3168314707622844,104.52404530075574,96.27395350905871,2.9395487393176642,0.001074224694457282,0.0010736481279812137,0.019534301270757295
2023-04-17,102.73999786376953,103.7300033569336,101.58999633789062,103.16000366210938,39919500,100.5884994506836,98.09359985351563,100.41061990545762,57.363168549617704,1.3258123341145307,1.3186276434327338,104.77759191880303,96.39940698256417,2.8824386164409,0.0022436418178335416,0.0022411286119839928,0.019318777974676495
2023-04-18,102.30000305175781,104.19999694824219,101.5199966430664,103.94999694824219,39790500,100.81799964904785,98.07179992675782,100.59056115748622,56.12048404273536,1.313960720154057,1.3176942587769984,104.85117586462547,96.78482343347022,2.86797873706482,-0.004282604839014548,-0.004291801457498827,0.019077477964353547
2023-04-19,104.30000305175781,105.12000274658203,101.38999938964844,101.58000183105469,58398900,101.00249977111817,98.11419998168945,100.94384133789303,60.327590073620485,1.4492455158242734,1.3440045101864535,105.30907219301038,96.69592734922595,2.929551924198304,0.019550341547772243,0.01936168847711433,0.01844091581822037
2023-04-20,103.80999755859375,105.25,103.20999908447266,103.52999877929688,57696900,101.25799980163575,98.14819992065429,101.2168085970074,58.839108877805366,1.4996335014009787,1.3751303084293587,105.59407520205151,96.92192440121998,2.8660125664360927,-0.0046980391066805405,-0.0047091095790211925,0.017854179889068282
2023-04-21,106.95999908447266,108.1500015258789,105.08000183105469,106.0999984741211,86774200,101.67049980163574,98.2863998413086,101.76377911962314,64.84419123585764,1.7733036004112392,1.4547649668257348,106.50009838862547,96.84090121464601,2.97129766649674,0.03034391291745231,0.02989264254702952,0.018875977245524568
2023-04-24,106.20999908447266,109.2300033569336,105.06999969482422,107.66000366210938,69575600,102.07449989318847,98.44579986572266,102.187228640085,62.505942593752216,1.9076798477792636,1.5453479430164405,107.00263719896066,97.14636258741629,3.0562052376119277,-0.007011967150520215,-0.007036666520682404,0.018909542331104222
2023-04-25,102.56999969482422,105.44999694824219,102.44999694824219,104.91000366210938,65026800,102.30099983215332,98.54499984741211,102.22368302625064,52.593581969613666,1.7008501204998794,1.5764483785131285,106.8699161178467,97.73208354645995,3.1064764446561095,-0.03427172037496595,-0.03487276836944828,0.020758766883345513
2023-04-26,104.9800033569336,106.62000274658203,104.0999984741211,105.04000091552734,73803800,102.68800010681153,98.65379989624023,102.48618972441092,57.40940547964771,1.7116721349022441,1.6034931297909518,106.76090852312693,98.61509169049613,3.173871202306231,0.023496184744855597,0.023224398457013323,0.021109905119906566
2023-04-27,109.81999969482422,110.86000061035156,106.80000305175781,108.16000366210938,149961200,103.16650009155273,98.85619995117187,103.18464781683123,65.08131272091762,2.0867412599221353,1.7001427558171887,108.13208653694107,98.2009136461644,3.3671659202427837,0.046103983455159314,0.04507277127081395,0.02236094523429274
2023-04-28,105.44999694824219,109.4800033569336,104.33000183105469,107.7300033569336,130715900,103.33899993896485,98.94199981689454,103.40039535315609,55.38126496597623,2.0082141016215047,1.761757024978052,108.36978030023877,98.30821957769092,3.5187967733518373,-0.039792412663683385,-0.040605781087400955,0.02424136229971431
2023-05-01,102.05000305175781,105.2300033569336,101.81999969482422,104.94999694824219,74728100,103.27700004577636,99.01999984741211,103.27178656254674,49.23296975071659,1.652579759625155,1.7399215719074728,108.33913373726892,98.2148663542838,3.5267396647851323,-0.032242712137328766,-0.03277395882406449,0.025255039177025925
2023-05-02,103.62999725341797,103.9000015258789,101.1500015258789,101.47000122070312,73469400,103.3379997253418,99.14859985351562,103.30590186643923,51.90507250408891,1.4811554706194272,1.6881683516498638,108.38625670441667,98.28974274626694,3.4712582601576227,0.015482549283793778,0.01536391753200235,0.025413770645854154
2023-05-03,103.6500015258789,105.95999908447266,103.27999877929688,103.73999786376953,65051900,103.32299995422363,99.32999984741211,103.33867326257634,51.939563922455946,1.3315652092799724,1.6168477231758855,108.36567379443815,98.28032611400911,3.4147398348017766,0.00019303553981586674,0.00019301691085338006,0.025194917932669855
2023-05-04,104.0,105.38999938964844,103.30999755859375,104.04000091552734,45345500,103.46800003051757,99.49419982910156,103.4016567613786,52.58032835246003,1.2271104359748932,1.5389002657356872,108.41246947289173,98.52353058814342,3.3194014059626986,0.0033767339022539034,0.0033710455381283566,0.02434789994330971
2023-05-05,105.66000366210938,105.76000213623047,103.55000305175781,104.2699966430664,56951700,103.64800033569335,99.69099990844727,103.61673741859106,55.603657687818874,1.263710430665114,1.4838622987215726,108.63625247638474,98.65974819500197,3.240158382999124,0.015961573674128537,0.015835527254169667,0.024499379135154882
2023-05-08,105.83000183105469,106.0999984741211,104.69999694824219,105.04000091552734,49430900,103.83100051879883,99.93759994506836,103.82752450549235,55.91365001218141,1.2915454892053475,1.4453989368183278,108.85733428957207,98.8046667480256,3.108718607490537,0.0016089169321718,0.0016076240119395433,0.024498593114593487
2023-05-09,106.62000274658203,106.79000091552734,105.16000366210938,105.4800033569336,44089400,104.16600074768067,100.1947999572754,104.09347481416755,57.40218519714505,1.3616551324432606,1.4286501759433143,108.99421463803561,99.33778685732572,3.0030956536282107,0.00746481056277859,0.007437086747609261,0.02385270960109514
2023-05-10,110.19000244140625,110.66999816894531,108.05000305175781,108.0999984741211,78627600,104.78400077819825,100.51399993896484,104.6740964929522,63.41387593784099,1.6858532031433526,1.480090781383322,109.36796151614566,100.20004004025084,3.077874208537859,0.03348339526223332,0.03293503350092615,0.024020585109947694
2023-05-11,112.18000030517578,113.27999877929688,110.48999786376953,111.02999877929688,74924800,105.27300071716309,100.91419998168945,105.38894447506873,66.27132019595255,2.0793888066063033,1.5999503864279183,110.7374022030911,99.80859923123508,3.078740074920199,0.01805969525073481,0.017898556144584802,0.02227024002582775
2023-05-12,110.26000213623047,112.63999938964844,109.31999969482422,112.16000366210938,49852700,105.66050071716309,101.2768000793457,105.8528547285127,61.29700281181464,2.210855436222886,1.722131396386912,111.37943969205361,99.94156174227257,3.095972904913343,-0.01711533396079623,-0.017263494264582374,0.022795921591701913
2023-05-15,111.19999694824219,112.29000091552734,109.25,111.1500015258789,53011100,106.08350067138672,101.60279998779296,106.36210636848693,62.77035342583246,2.363646764245658,1.8504344699586615,112.11855522531759,100.04844611745584,3.091974905671486,0.008525256609829501,0.008489121836596263,0.022815198339576535
2023-05-16,113.4000015258789,114.79000091552734,111.05000305175781,111.05000305175781,71472900,106.63850059509278,101.99580001831055,107.03238209776237,66.02979012592354,2.631917864881288,2.006731148943187,113.1984586674342,100.07854252275136,3.1382622598213463,0.01978421437062372,0.01959105037675755,0.02297769831886703
2023-05-17,115.5,115.83000183105469,114.22000122070312,114.88999938964844,65655200,107.19850044250488,102.43479995727539,107.83882189797548,68.83461773709652,2.979629655452996,2.201310850245149,114.70783934703367,99.68916153797609,3.087672120203806,0.018518504813616277,0.018349125212474244,0.022945425818171033
2023-05-18,118.1500015258789,118.5999984741211,116.33999633789062,116.69000244140625,73174100,107.91550064086914,102.91940002441406,108.82083900539486,71.97879211516002,3.429493662604031,2.4469474127169253,116.63470349905676,99.19629778268153,3.088552574055041,0.022943736154795724,0.022684486585828632,0.023139148749415684
2023-05-19,116.25,118.30999755859375,115.69999694824219,118.16000366210938,55056300,108.3800006866455,103.39940002441406,109.52837814773821,66.77699347262961,3.5913015959131798,2.675818249356176,117.80717611626058,98.95282525703043,3.0543702909333637,-0.01608126535201726,-0.01621197208021114,0.022975279736837093
2023-05-22,115.01000213623047,116.7699966430664,114.25,116.7699966430664,70741100,108.8200008392334,103.885,110.05043757521366,63.54916462129305,3.5782304708157824,2.8563006936480972,118.61524654810884,99.02475513035796,3.0162007446571524,-0.010666648290490577,-0.01072394478867387,0.023085296312457856
2023-05-23,114.98999786376953,117.13999938964844,113.77999877929688,114.2699966430664,67576300,109.44100074768066,104.33619995117188,110.52087188840946,63.49584151656839,3.5256162231976873,2.9901637995580153,119.14695483512675,99.73504666023457,3.0407578779210387,-0.00017393506729301844,-0.00017395019575110725,0.021279807167972623
2023-05-24,116.75,117.33999633789062,115.0199966430664,115.3499984741211,63487900,110.02950057983398,104.77360000610352,111.11412218475142,66.18427561210956,3.5846153024759957,3.1090541001416114,120.00569278968364,100.05330836998432,2.991417920506757,0.015305697616548875,0.015189747065965913,0.02100128171813917
2023-05-25,115.0,116.87000274658203,114.30999755859375,116.62999725341797,66496700,110.28850059509277,105.14960006713868,111.48420578620366,61.3463899369373,3.45038819589945,3.1773209192931793,120.49577651716226,100.08122467302329,2.9606027253268654,-0.01498929336188437,-0.01510276818575663,0.019151818306744808
2023-05-26,120.11000061035156,121.5,116.0199966430664,116.04000091552734,96779900,111.02150077819825,105.55100006103515,112.30571005517012,68.57079061063908,3.7135392215338925,3.284564579741322,121.82193936546675,100.22106219092974,3.2134168163749464,0.04443478791610045,0.04347586628475364,0.018619733756004647
2023-05-30,121.66000366210938,122.91999816894531,119.86000061035156,122.37000274658203,64314800,112.00200080871582,106.0052001953125,113.1965951605929,70.3792317033722,4.001039109318967,3.4278594856568514,122.92637478936443,101.07762682806721,3.2024582979620035,0.01290486257498391,0.012822304345733589,0.016234815834509236
2023-05-31,120.58000183105469,122.04000091552734,119.16999816894531,121.44999694824219,72800800,112.84950103759766,106.46260025024414,113.89977674825593,67.4662734885786,4.094538429644004,3.561195274454282,123.67388332570631,102.02511874948901,3.178711472863434,-0.00887721353399118,-0.008916850747084985,0.01662802480780992
2023-06-01,122.7699966430664,123.48999786376953,119.93000030517578,120.69000244140625,54375100,113.80550079345703,106.90580017089843,114.74455959538074,70.16306412653431,4.295831917128723,3.7081226029891705,124.58829255369758,103.02270903321647,3.205946193272742,0.01816217265513176,0.017999210602823053,0.01668453791415952
2023-06-02,124.25,126.38999938964844,124.0199966430664,124.91999816894531,61264400,114.81800079345703,107.41680023193359,115.6498396339159,71.86065009898454,4.52264808631368,3.8710276996540727,125.53041960144394,104.10558198547012,3.235521661366263,0.01205508998453797,0.011983006127262639,0.016653503552437516
2023-06-05,125.30000305175781,125.80000305175781,123.02999877929688,123.36000061035156,47950100,115.80000076293945,107.9486003112793,116.56890281656752,73.03291071467136,4.732573840244811,4.04333692777222,126.57493987805792,105.02506164782098,3.202270419301597,0.008450728786783213,0.008415221280893264,0.016574306638479645
2023-06-06,126.61000061035156,127.4000015258789,125.0,125.06999969482422,45695200,116.8390007019043,108.51820037841797,117.52519784454694,74.46231864308913,4.947614349107226,4.224192412039222,127.575493287553,106.10250811625559,3.1449654983428337,0.010454888481148839,0.010400614095251953,0.016493231967145767
2023-06-07,121.2300033569336,127.37000274658203,120.62999725341797,127.01000213623047,95663300,117.56950073242187,108.98200042724609,117.87803646477424,60.32107942191845,4.6305367406885125,4.30546127776908,127.3729873001928,107.76601416465094,3.4017540694014925,-0.04249267220189956,-0.043421904903774046,0.02013907932950302
2023-06-08,124.25,125.62999725341797,122.26000213623047,123.01000213623047,62159300,118.27250061035156,109.5222004699707,118.48489013479573,64.40729266474133,4.5702558766656125,4.358420197548387,127.87280938967693,108.67219183102618,3.4730569141931267,0.024911297199049942,0.02460606952762862,0.019622180050482226
2023-06-09,123.43000030517578,125.80000305175781,123.19000244140625,124.08000183105469,51396000,118.83500061035156,109.98580047607422,118.95585300816526,62.52449654265519,4.405531510374914,4.3678424601136925,128.2581928659039,109.4118083547992,3.4114100353473007,-0.006599595129369917,-0.006621468748440394,0.01961286474385191
2023-06-12,126.56999969482422,126.77999877929688,123.52999877929688,124.0199966430664,51338000,119.65050048828125,110.4772004699707,119.68100983546613,66.55616556756482,4.47675275293534,4.389624518678023,128.782658748113,110.51834222844951,3.4070234952597147,0.025439515368102628,0.025121316164936732,0.019397616354634717
2023-06-13,126.66000366210938,128.41000366210938,125.18000030517578,128.1199951171875,50564800,120.4235008239746,110.94460052490234,120.34567591419405,66.66686117300108,4.488715550019009,4.409442724946221,129.17282201704012,111.6741796309091,3.394379199664992,0.0007111003199982147,0.0007108476079609743,0.019446044694304297
2023-06-14,126.41999816894531,126.94999694824219,124.12000274658203,126.69999694824219,52422500,121.07450065612792,111.42480041503906,120.92418279559892,66.03914979523523,4.427788920928791,4.413111964142735,129.5704470905842,112.57855422167167,3.3540659855217894,-0.001894879884926648,-0.0018966774409432219,0.019282423713854142
2023-06-15,127.11000061035156,127.69000244140625,124.31999969482422,125.20999908447266,60458500,121.65500068664551,111.88800048828125,121.51330830176585,67.00112366041628,4.384638179264556,4.407417207167099,130.13460121390386,113.17540015938715,3.3552043255975206,0.005458016543269828,0.005443175548084132,0.019042478920887732
2023-06-16,125.48999786376953,127.9000015258789,125.30000305175781,127.70999908447266,84247100,122.02200050354004,112.37580047607422,121.8920406410043,62.5232092556476,4.171632243141985,4.360260214362077,130.49839752620204,113.54560348087803,3.3012610504920614,-0.012744888197649074,-0.012826801009232924,0.018941715997421484
2023-06-20,125.77999877929688,127.25,124.5,124.97000122070312,56930100,122.49850044250488,112.85020050048828,122.26232236846074,62.99993053995179,3.9803412580379813,4.284276423097258,130.6901065099379,114.30689437507186,3.2618852611712,0.002310948445805039,0.002308282311188502,0.01839553745261193
2023-06-21,124.83000183105469,126.7300033569336,123.8499984741211,125.63999938964844,52137700,122.9895004272461,113.30340057373047,122.50686326966016,60.29419602424807,3.7093261569367257,4.169286369865151,130.47346624706984,115.50553460742236,3.234608091288436,-0.00755284590127181,-0.007581513078945846,0.01827670429543971
2023-06-22,130.14999389648438,130.3300018310547,125.13999938964844,125.30999755859375,90354600,123.74750022888183,113.90800048828125,123.23478047221484,68.46270826895204,3.879107696541965,4.1112506352005145,130.900654406387,116.59434605137668,3.396421799053548,0.04261789623803569,0.04173475821321792,0.020139665145319143
2023-06-23,129.3300018310547,130.83999633789062,128.27999877929688,129.11000061035156,71927800,124.37650032043457,114.53800048828126,123.8152777444853,66.20200550612007,3.902508593331831,4.069502226826778,131.1606666777315,117.59233396313762,3.3366772104492766,-0.006300361919969633,-0.006320292959406817,0.020216335954911454
2023-06-26,127.33000183105469,131.49000549316406,127.0999984741211,129.3300018310547,59989300,124.99300041198731,115.03660049438477,124.15001337177762,60.918259801968034,3.716825437331508,3.998966868927724,130.34701818322864,119.63898264074597,3.4119150539202545,-0.01546431587167707,-0.01558513561942593,0.020241718885610573
2023-06-27,129.17999267578125,130.08999633789062,127.55000305175781,128.6300048828125,46801000,125.44650001525879,115.57000030517578,124.62905901977797,63.79661390184611,3.6765678134082265,3.9344870578238247,130.60210882169073,120.29089120882684,3.365349300557089,0.014529104045574393,0.014424567940817595,0.018200198765255353
2023-06-28,129.0399932861328,131.47999572753906,128.44000244140625,128.94000244140625,52149500,125.81549949645996,116.09600021362304,125.04914799752605,63.41597754754922,3.5919606887851643,3.865981784016093,130.890022877777,120.74097611514294,3.342109585241069,-0.001083754432466999,-0.0010843421189455317,0.01810056153361169
2023-06-29,127.9000015258789,129.25999450683594,127.26000213623047,128.77000427246094,40761000,126.18149948120117,116.60800018310547,125.32065785736918,60.26298096111214,3.3937995169515602,3.7715453306031868,130.72043175360284,121.64256720879952,3.246244069909955,-0.008834406537251538,-0.008873661272556729,0.01809907262278641
2023-06-30,130.36000061035156,131.25,128.9499969482422,129.47000122070312,54350700,126.56099967956543,117.12920013427734,125.80059526241513,64.3787575203846,3.396108502829591,3.696457965048468,131.16427336093153,121.95772599819931,3.253655098782179,0.019233769000189582,0.01905113813636069,0.0181475095451178
2023-07-03,130.22000122070312,131.85000610351562,130.07000732421875,130.82000732421875,28264800,126.85949974060058,117.65740020751953,126.22149106796637,63.97266329241183,3.3480474036699803,3.6267758527727705,131.59692878931742,122.12207069188376,3.148393933104657,-0.0010739443770555468,-0.0010745214685311468,0.01804599549913315
2023-07-05,130.3800048828125,131.39999389648438,129.63999938964844,130.24000549316406,35895400,127.11349983215332,118.12580032348633,126.61754000271362,64.2502164081284,3.2850021348822054,3.558421109194658,132.03056756733423,122.19643209697242,3.0492225455140343,0.0012287180203460757,0.0012279637641415527,0.01799291209677809
2023-07-06,128.36000061035156,128.72999572753906,127.37000274658203,128.25,40639900,127.20099983215331,118.56880035400391,126.78348863201248,58.15856961789997,3.037031829796561,3.454143253315039,132.14134199207464,122.26065767223199,3.0464210877080653,-0.015493205988729275,-0.015614479950363446,0.01829497958912649
2023-07-07,129.77999877929688,130.97000122070312,128.1300048828125,128.58999633789062,41992300,127.62849960327148,119.11300033569336,127.06887055080146,60.960663769684196,2.9214192586077417,3.3475984543735797,131.85645936801959,123.40053983852336,3.0316764627211055,0.011062622017709689,0.011001878790426247,0.015290567007494657
2023-07-10,127.12999725341797,129.27999877929688,125.91999816894531,129.07000732421875,61889300,127.77249946594239,119.55600021362305,127.07469214152685,53.729150345456446,2.5861509485337706,3.1953089532056183,131.71705887546244,123.82794005642235,3.090842473266138,-0.020419182854096718,-0.020630536429565062,0.015312975521016684
2023-07-11,128.77999877929688,129.77000427246094,127.3499984741211,127.75,49951500,128.03999938964844,119.9352001953125,127.23710229750495,57.13848717838423,2.4256285942891225,3.041372881422319,131.46123824122444,124.61876053807246,3.058639940821626,0.012978852839820476,0.01289534927354112,0.015409815918546156
2023-07-12,130.8000030517578,131.25999450683594,128.8300018310547,130.30999755859375,54022800,128.25149955749512,120.44220031738281,127.57642617886236,60.93355032294217,2.4333606678916198,2.9197704387161796,131.80358207595546,124.69941703903478,3.017308211301443,0.01568569880112225,0.015563949723523061,0.014778201524024658
2023-07-13,134.3000030517578,134.6699981689453,132.7100067138672,134.0399932861328,61170900,128.63349952697754,121.08720031738281,128.21676683342383,66.47278133152439,2.6908902336156046,2.873994397696065,132.97445580160527,124.29254325234983,3.0782144188647327,0.026758409161619312,0.026406663898050423,0.015794810998584142
2023-07-14,134.67999267578125,136.64999389648438,134.05999755859375,134.05999755859375,54487100,129.04649925231934,121.70820022583008,128.8323121517436,67.01953373503207,2.8923055587218585,2.877656629901224,133.9956127601109,124.09738574452777,3.0433416987951536,0.002829408900884234,0.0028254136578632553,0.015752234345618385
2023-07-17,133.55999755859375,135.6199951171875,133.2100067138672,134.55999755859375,48450200,129.36899909973144,122.30640014648438,129.28256790477693,63.72111625262377,2.9278045014229264,2.8876862042055644,134.60369373273176,124.13430446673114,2.998102177689808,-0.008315972513331604,-0.008350743114511814,0.01595212546085619
2023-07-18,132.8300018310547,133.86000061035156,131.35000610351562,132.7100067138672,54882900,129.7359992980957,122.88300018310547,129.62041875489862,61.59333577804521,2.8640184924941536,2.8829526618632824,134.85944044461937,124.612558151572,2.9632373440573887,-0.005465676406731013,-0.005480667866621605,0.015664089948233907
2023-07-19,135.36000061035156,135.99000549316406,132.52999877929688,133.38999938964844,54531000,130.21499938964843,123.47700012207031,130.16704559827508,65.84955935121111,2.983228576240407,2.903007844738707,135.55613924572472,124.87385953357213,2.9987208704723747,0.019046892602732513,0.01886777143765127,0.01606929020162054
2023-07-20,129.9600067138672,134.7899932861328,129.3300018310547,134.07000732421875,59820600,130.47149963378905,123.95960021972657,130.14732760928385,52.48117226649353,2.6118611392708715,2.84477850364514,135.21259338659743,125.73040588098067,3.215240721102696,-0.03989357175040831,-0.04071113790508541,0.018685851943147057
2023-07-21,130.0,131.3699951171875,128.4199981689453,131.33999633789062,133307300,130.46399993896483,124.42720016479493,130.13329640839967,52.557991101117196,2.2943292939375795,2.734688661703628,135.20757814368935,125.7204217342403,3.1962947373269452,0.00030773533446226686,0.000307687993656272,0.016080306326457225
2023-07-24,128.8000030517578,131.66000366210938,128.35000610351562,130.30999755859375,45591100,130.4375,124.79940017700196,130.0063160887195,49.94880627444267,1.9236783275752316,2.5724865948779487,135.2119436307967,125.6630563692033,3.2044163674174313,-0.009230745755709147,-0.009273613091557636,0.01615454540426952
2023-07-25,129.1300048828125,129.5800018310547,128.52999877929688,129.30999755859375,39236700,130.5275001525879,125.13840026855469,129.92285787863312,50.67401454642775,1.637684943556934,2.385526264613746,135.12896856996142,125.92603173521437,3.0505297020131725,0.002562125956798944,0.002558849307688174,0.01574884772038817
2023-07-26,128.14999389648438,129.0800018310547,126.11000061035156,126.51000213623047,53910100,130.47600021362305,125.49620010375976,129.75401368985706,48.42982029831032,1.3167754620855874,2.1717761041081145,135.1589751805415,125.79302524670462,3.048349314188013,-0.007589335934878205,-0.007618281489535843,0.015510340342905528
2023-07-27,128.25,132.6300048828125,127.79000091552734,131.0,52610700,130.4365005493164,125.83720016479492,129.61077429082306,48.679593285651336,1.058322361360439,1.9490853555585794,135.18019171315848,125.69280938547433,3.1763246465520942,0.0007803832093540297,0.0007800788687019062,0.015510890593343611
2023-07-28,132.2100067138672,133.00999450683594,129.3300018310547,129.69000244140625,46317400,130.65200080871583,126.2134002685547,129.85832023587488,57.46475669274892,1.1596679335639237,1.7912018711596485,135.3059393315875,125.99806228584416,3.2894439222866545,0.030877245332297854,0.030410134252966122,0.01683187534817588
2023-07-31,133.67999267578125,133.8699951171875,132.3800048828125,133.1999969482422,41901500,130.8180004119873,126.57700012207032,130.22228903967547,60.18911094680624,1.3431179835790203,1.701585093643523,135.65179958321463,125.98420124075996,3.173054242360487,0.011118568090654923,0.0110572111941032,0.016483532129588526
2023-08-01,131.69000244140625,133.69000244140625,131.6199951171875,133.5500030517578,42098500,130.89150047302246,126.84780014038085,130.36207126841174,55.048848017092524,1.3127948076739813,1.6238270364496148,135.7313932707171,126.05160767532783,3.094265176778934,-0.014886223394710907,-0.014998135236778893,0.01687675628324541
2023-08-02,128.2100067138672,130.22999572753906,126.81999969482422,130.14999389648438,51027600,130.7830005645752,127.08700027465821,130.1571127394075,47.421778687687734,0.9964702123016878,1.4983556716200295,135.75926719538998,125.8067339337604,3.2211035746220125,-0.026425663778747666,-0.026781097330387048,0.017930859415196076
2023-08-03,128.91000366210938,129.83999633789062,126.41000366210938,127.4800033569336,88585200,130.81050071716308,127.36500030517578,130.0383404463315,48.95383489606734,0.7931219786099462,1.3573089330180128,135.7387501295901,125.88225130473607,3.2360242247048148,0.005459768439170398,0.005444917932495522,0.01762973998499748
2023-08-04,139.57000732421875,143.6300048828125,139.32000732421875,141.05999755859375,153128500,131.30000114440918,127.85660049438476,130.94611824422552,65.45976463738154,1.4751357972976678,1.3808743058739439,137.50182377562115,125.09817851319721,4.056308295847551,0.08269337801006271,0.07945180513430172,0.02545661071599866
2023-08-07,142.22000122070312,142.5399932861328,138.9499969482422,140.99000549316406,71213100,132.05450134277345,128.36600051879884,132.01982138484243,68.21157257106196,2.2040619683845364,1.5455118383760624,139.57494119658276,124.53406148896414,4.023000298850628,0.01898684357254843,0.018808843040995626,0.024992476157374228
2023-08-08,139.94000244140625,140.83999633789062,138.4199981689453,140.6199951171875,51710500,132.6125015258789,128.86480056762696,132.7741243426104,63.52242079070553,2.568160211561292,1.7500415130131084,140.71208860702365,124.5129144447342,4.007071924058285,-0.016031491771390738,-0.016161386274731373,0.025399399528660178
2023-08-09,137.85000610351562,140.32000732421875,137.10000610351562,139.97000122070312,50017300,132.9650016784668,129.21960067749023,133.2575416531728,59.48556345052306,2.657432230269052,1.9315196564642974,141.32774920252635,124.60225415440723,3.9508525881043446,-0.01493494570121734,-0.01504759501753799,0.025609346955658304
2023-08-10,138.55999755859375,140.41000366210938,137.49000549316406,139.07000732421875,58928400,133.1780014038086,129.55760055541992,133.76253745368908,60.40609148018863,2.753728062080313,2.0959613375875006,141.8761863101883,124.47981649742889,3.877220129592985,0.005150463718840648,0.005137245447970533,0.024999819400150076
2023-08-11,138.41000366210938,139.3300018310547,137.0,137.39999389648438,42905800,133.364501953125,129.91420059204103,134.20515328306243,60.095439676622824,2.785826672901436,2.233934404650288,142.33906962048076,124.38993428576924,3.76670453684025,-0.0010825194798443905,-0.0010831058272496987,0.02500707166259958
2023-08-14,140.57000732421875,140.58999633789062,137.75,138.3000030517578,47148700,133.71500244140626,130.27020080566408,134.81132985841066,63.04295433473155,2.951535829093075,2.3774546895388458,143.2243494363911,124.20565544642142,3.700511094058134,0.015605834874352187,0.015485316080358403,0.025076983241598048
2023-08-15,137.6699981689453,141.27999877929688,137.22999572753906,140.0500030517578,42781500,133.95700225830078,130.53860076904297,135.0835839832235,56.95976672784039,2.8163894424511113,2.465241640121299,143.60921328222818,124.30479123437337,3.7254748053223965,-0.020630355012962953,-0.020846133672850414,0.025566218779362156
2023-08-16,135.07000732421875,137.27000427246094,135.00999450683594,137.19000244140625,41675900,133.94250259399413,130.7340008544922,135.08229096808017,52.10538018053955,2.471003238038861,2.4663939597048117,143.58710791871044,124.29789726927784,3.6493697236643237,-0.018885675014943426,-0.019066286976507706,0.025649272239591688
2023-08-17,133.97999572753906,136.08999633789062,133.52999877929688,135.4600067138672,48354100,134.14350204467775,130.88140075683594,134.97731046898102,50.17476599744031,2.0852894378321594,2.3901730553302816,143.61372037441086,124.67328371494463,3.571557426159283,-0.008069975106044458,-0.008102713606702033,0.023962945538590297
2023-08-18,133.22000122070312,134.07000732421875,131.14999389648438,131.6199951171875,48497700,134.30450210571288,131.12120071411132,134.80994768343075,48.816625508312804,1.698701691394632,2.2518787825431517,143.59526095791256,125.01374325351321,3.525018569128932,-0.005672447612115605,-0.005688597043229265,0.02401964174687535
2023-08-21,134.67999267578125,135.19000244140625,132.7100067138672,133.74000549316406,41442500,134.59850158691407,131.32980056762696,134.79757101603556,51.53087085406363,1.4929276848598363,2.100088563006489,143.53946092786762,125.65754224596051,3.450374080443942,0.01095925117625085,0.010899633762398327,0.023969586824367083
2023-08-22,134.25,135.64999389648438,133.72999572753906,135.0800018310547,32905400,134.85450134277343,131.54620056152345,134.74542139546074,50.678479201947056,1.280393902927102,1.9361496309906117,143.440653558245,126.26834912730186,3.341061515336897,-0.0031926989840012077,-0.003197806521519639,0.024003310429087474
2023-08-23,135.52000427246094,135.9499969482422,133.22000122070312,134.5,42801000,135.22300186157227,131.72520065307617,134.81919119327029,53.14376838869843,1.2005983302367724,1.789039370839844,143.24031650852504,127.2056872146195,3.297413959065623,0.009459994580714559,0.009415529041193322,0.023939582873282857
2023-08-24,131.83999633789062,136.77999877929688,131.8300018310547,136.39999389648438,43646300,135.4025016784668,131.8288005065918,134.5354583499008,45.973045456605135,0.8308365126335104,1.5973987991985774,142.9332949762235,127.87170838071009,3.4154556011496635,-0.027154721211281152,-0.027530224045928062,0.02487643769764529
2023-08-25,133.25999450683594,133.8699951171875,130.5800018310547,132.47000122070312,44147500,135.45500106811522,131.9656004333496,134.41398560294226,48.841525882594254,0.6449450677304753,1.4069080529049571,142.9103002255054,127.99970191072505,3.406494007219888,0.010770617478674804,0.010713027528748599,0.024025577164266385
2023-08-28,133.13999938964844,133.9499969482422,131.85000610351562,133.77999877929688,34108400,135.4280014038086,132.08620040893555,134.29265358262856,48.60667198977351,0.48238156089144013,1.2220027545022538,142.91267141619934,127.94333139141783,3.3131723527560792,-0.0009004586682715976,-0.0009008643247144191,0.023900247756631642
2023-08-29,134.91000366210938,135.13999938964844,133.25,133.3800048828125,38646100,135.58900146484376,132.27460052490235,134.3514488282934,52.25373578812005,0.49071668626066867,1.0757455408539367,142.88117111449301,128.2968318151945,3.2193743275592164,0.013294308852149106,0.013206715007284348,0.0238031529923647
2023-08-30,135.07000732421875,135.67999267578125,133.9199981689453,134.92999267578125,36137000,135.93200149536133,132.4604006958008,134.41988297076247,52.58132255309956,0.5044186670884585,0.9614801661008412,142.4026351886049,129.46136780211776,3.115132911793268,0.0011860029483812262,0.00118530020246871,0.02288300392312692
2023-08-31,138.00999450683594,138.7899932861328,135.0,135.05999755859375,58781300,136.38700103759766,132.7240005493164,134.76179835515043,58.249561951941715,0.7439343684348216,0.9179710065676373,142.04764785006594,130.72635422512937,3.1633372242460926,0.021766395374215985,0.021532889699268778,0.02326812943210857
2023-09-01,138.1199951171875,139.9600067138672,136.8800048828125,139.4600067138672,40991500,136.3145004272461,132.88340057373046,135.0816266182016,58.44968972373042,0.9318862131252956,0.920754047879169,141.84588767398145,130.78311318051072,3.1573846961609924,0.0007970481467276525,0.0007967306725371615,0.013981655396379099
2023-09-05,137.27000427246094,137.8000030517578,135.82000732421875,137.72999572753906,40636700,136.06700057983397,133.0422006225586,135.29004353765487,56.20763865595735,1.0007166085242432,0.9367465600081839,140.92074447200727,131.21325668766067,3.096142060218689,-0.006154002858205887,-0.006173016781758742,0.013255482151102439
2023-09-06,135.36000061035156,137.4499969482422,134.61000061035156,136.32000732421875,41785500,135.83800048828124,133.20280059814453,135.29670611600693,51.433309111911264,0.8908744141127158,0.9275721308290903,140.36005828429685,131.31594269226562,3.077845937195256,-0.013914209970579572,-0.014011920021062172,0.013142858862337955
2023-09-07,137.85000610351562,138.02999877929688,133.16000366210938,133.89999389648438,48498900,135.83800048828124,133.3762008666992,135.5398775433887,56.607926506454675,0.9932962166454047,0.9407169479923532,140.36005828429685,131.31594269226562,3.2058565929089875,0.018395430569861038,0.018228281379293984,0.01346942848269859
2023-09-08,138.22999572753906,138.85000610351562,136.75,136.86000061035156,38348200,135.8215003967285,133.56000091552735,135.79607927521255,57.35466303575129,1.0925341662253345,0.9710803916389495,140.30596160552372,131.3370391879333,3.1268672722380333,0.0027565441218631026,0.0027527518216119884,0.013432644884034934
2023-09-11,143.10000610351562,143.6199951171875,138.63999938964844,138.75,56764500,136.05600051879884,133.86400100708008,136.49169135409855,65.53967310982229,1.5463250209174646,1.0861293174946527,141.45467538750086,130.65732565009682,3.2885195663387767,0.035231212663680456,0.03462479564658769,0.015567902767938156
2023-09-12,141.22999572753906,143.0,140.61000061035156,142.32000732421875,42668500,136.08899993896483,134.08140090942382,136.94295843728335,60.720404458999965,1.7350626118841888,1.21591597637256,141.6044444620443,130.57355541588535,3.231482846826297,-0.013067856717097759,-0.013153992385327589,0.015548170233991392
2023-09-13,144.85000610351562,144.97999572753906,140.8699951171875,140.9499969482422,60465200,136.44800033569337,134.37400100708007,137.69601059597213,65.94140852710079,2.1519369070284995,1.403120162503748,143.13797327062983,129.7580274007569,3.2942341156495303,0.025632022130484877,0.02530902952298205,0.01570330125222582
2023-09-14,144.72000122070312,145.86000061035156,142.9499969482422,145.0800018310547,64033600,136.93050003051758,134.6608009338379,138.36496208404174,65.60415777958275,2.4436535646291304,1.6112268429288243,144.48893510853125,129.3720649525039,3.266789083253805,-0.0008975138235036706,-0.0008979168301894522,0.014898736551646426
2023-09-15,140.38999938964844,143.57000732421875,140.08999633789062,142.69000244140625,102909300,137.25100021362306,134.90140090942384,138.5578227798138,55.43486413384855,2.2989453461451603,1.7487705435720917,144.82540391251925,129.67659651472687,3.36416164036514,-0.029919857618376344,-0.03037658988565322,0.016510447797689065
2023-09-18,139.97999572753906,141.75,139.22000122070312,140.47999572753906,42823500,137.58899993896483,135.10540084838868,138.6932678224543,54.572251851521045,2.1266643090889374,1.8243492966754609,145.0155946406662,130.16240523726347,3.3045785788602644,-0.0029204620264398073,-0.0029247348968620985,0.016450385794429687
2023-09-19,137.6300048828125,138.83999633789062,135.55999755859375,138.6999969482422,61482500,137.73650054931642,135.31540100097655,138.59200468534553,49.78994524283967,1.7799871407722208,1.815476865494813,145.04233073983931,130.43067035879352,3.3842514067234823,-0.016788047695762587,-0.016930564270193287,0.016873468531221847
2023-09-20,135.2899932861328,139.3699951171875,135.1999969482422,138.5500030517578,46263700,137.78850021362305,135.4456008911133,138.27752740923003,45.51296545287768,1.3014216292132232,1.712665818238495,145.00863049320176,130.56836993404434,3.4403761754536126,-0.01700219075536713,-0.01714838747973992,0.017339608017335723
2023-09-21,129.3300018310547,132.24000549316406,129.30999755859375,131.94000244140625,70343300,137.47900009155273,135.41620086669923,137.42538211607047,36.834181392643686,0.4362052105871044,1.457373696708217,145.54294107362912,129.41505910947635,3.621777572031145,-0.04405345369833069,-0.04505328140436448,0.019837728578415665
2023-09-22,129.1199951171875,132.02999877929688,128.52000427246094,131.11000061035156,59904300,137.34300003051757,135.3126007080078,136.6343928780816,36.56956559010062,-0.26339457275423683,1.1132200428157264,145.8616900860093,128.82430997502584,3.6137930673743446,-0.0016238050792075631,-0.0016251248796010811,0.018945181873368654
2023-09-25,131.27000427246094,131.77999877929688,128.77000427246094,129.36000061035156,46017800,137.24350051879884,135.2444009399414,136.12349872516535,41.22489066691577,-0.6370017117291695,0.7631756919067472,145.9939604109643,128.4930406266334,3.5706645987644583,0.01665124873434287,0.01651413665688319,0.019179548754698753
2023-09-26,125.9800033569336,130.38999938964844,125.27999877929688,130.1199951171875,73048200,136.8855007171631,135.0928010559082,135.1574515472385,34.51312567940158,-1.3444489539113533,0.34165076274312717,146.78819844314626,126.98280299117992,3.743474662650144,-0.040298626825268746,-0.04113311252209692,0.021137858109123005
2023-09-27,125.9800033569336,127.4800033569336,124.12999725341797,125.76000213623047,66553400,136.4390007019043,134.9558010864258,134.28340886244757,34.51312567940158,-1.8833953806476984,-0.10335846593503795,147.4058338824344,125.47216752137419,3.715369765569107,0.0,0.0,0.02082014284805829
2023-09-28,125.9800033569336,126.58000183105469,123.04000091552734,124.04000091552734,54555000,135.98450050354003,134.76820114135742,133.49260833811292,34.51312567940158,-2.2841836593653966,-0.5395235046211097,147.85667152686656,124.1123294802135,3.7028434191375523,0.0,0.0,0.020808645322588543
2023-09-29,127.12000274658203,129.14999389648438,126.31999969482422,128.1999969482422,62411700,135.44000091552735,134.71140106201173,132.8856935198719,37.26233920722581,-2.4812208647777823,-0.9278629766524442,147.8761524306414,123.00384940041329,3.6647824991670683,0.009049050319664742,0.009008352994332738,0.02018836711746239
2023-10-02,129.4600067138672,130.47000122070312,126.54000091552734,127.27999877929688,48029700,135.00700149536132,134.70060119628906,132.55943763358573,42.590020760291125,-2.4206517392658213,-1.2264207291751197,147.6412210146513,122.37278197607135,3.683726628167691,0.01840783446134786,0.018240461143240686,0.020779706551820404
2023-10-03,124.72000122070312,128.52000427246094,124.25,128.05999755859375,51565000,134.37950134277344,134.61900115966796,131.81282464188263,35.9333823112181,-2.723731617715231,-1.525882906883142,147.72823595366245,121.03076673188443,3.7927466342890837,-0.03661366636292884,-0.0373007704408456,0.022095600131464225
2023-10-04,127.0,127.36000061035156,125.68000030517578,126.05999755859375,44203900,133.96150131225585,134.5764010620117,131.35446039027477,40.73191507839436,-2.7482674418816657,-1.770359813882847,147.6796991480049,120.24330347650682,3.7104075453861802,0.018280939360016735,0.018115851921521226,0.022545575117901662
2023-10-05,125.95999908447266,126.7300033569336,124.33000183105469,126.70999908447266,39660600,133.36700096130372,134.5326011657715,130.84070217067458,39.286463990821545,-2.8191344148532096,-1.9801147340769196,147.38684200425183,119.3471599183556,3.6360925899261183,-0.008188983586829512,-0.008222697494164894,0.021998589489720357
2023-10-06,127.95999908447266,128.4499969482422,124.12999725341797,124.16000366210938,46836700,132.8535011291504,134.52680114746093,130.5663494957982,43.443038742653044,-2.6829859245619048,-2.120688972173917,146.87557675292913,118.83142550537167,3.68494309741884,0.015878056641289273,0.015753318962097584,0.02241092178410986
2023-10-09,128.25999450683594,128.7899932861328,124.76000213623047,126.22000122070312,38773700,132.11150054931642,134.4478009033203,130.34669663970655,44.06166580234789,-2.5218102825262463,-2.200913234244383,145.4395999313357,118.78340116729714,3.7095893868819476,0.0023444468936362206,0.0023417029658428425,0.020539221180466995
2023-10-10,129.47999572753906,130.74000549316406,128.0500030517578,128.82000732421875,42178600,131.5240005493164,134.36380096435548,130.2641536956906,46.6188448299525,-2.2694724566869127,-2.214625078732889,144.21309747539175,118.83490362324108,3.636761747919398,0.009511938819224852,0.00946698516860395,0.020707145493119673
2023-10-11,131.8300018310547,132.0500030517578,129.61000061035156,129.74000549316406,40741800,130.87300033569335,134.36660095214845,130.4132820895348,51.24250977650008,-1.8584440725529987,-2.143388877496911,142.00045369383236,119.74554697755434,3.5605650033693514,0.01814956889912689,0.017986831598422272,0.020202618512237012
2023-10-12,132.3300018310547,134.47999572753906,131.22999572753906,132.1699981689453,55528600,130.25350036621094,134.4490008544922,130.5958268268224,52.19134459832309,-1.475348397547208,-2.0097807815069704,139.43836734175323,121.06863339066865,3.538381788842969,0.0037927633547389927,0.003785588962598881,0.020273755274987128
2023-10-13,129.7899932861328,133.30999755859375,128.9499969482422,132.97999572753906,45786600,129.72350006103517,134.46660064697267,130.51908077532815,47.16952996706942,-1.3610108905415927,-1.880026803313895,137.64381731078512,121.80318281128521,3.5970688475221544,-0.019194502454286222,-0.019381108651019514,0.019693027020059296
2023-10-16,132.5500030517578,133.07000732421875,130.42999267578125,130.69000244140625,42832900,129.35200042724608,134.32620056152345,130.71250194451193,52.51602739484269,-1.0357484078458299,-1.711171124220282,135.8894357489127,122.81456510557948,3.5744220754195672,0.021265196921155027,0.021042247787508333,0.020472563712221056
2023-10-17,131.47000122070312,132.5800018310547,128.7100067138672,130.38999938964844,49344600,129.04400024414062,134.11120056152345,130.7846447327206,50.36800790035054,-0.8552637209421903,-1.5399896435646636,134.48005745987544,123.60794302840578,3.595534435545848,-0.008147882355257097,-0.008181257764936053,0.020245574610654064
2023-10-18,128.1300048828125,130.6699981689453,127.51000213623047,129.89999389648438,42699500,128.6860008239746,133.87500061035155,130.53182188987222,44.329307523652645,-0.9705501986591685,-1.4261017545835646,133.3123012250908,124.05970042285841,3.621567624754906,-0.025405007278304192,-0.025733286363791553,0.02065439288839853
2023-10-19,128.39999389648438,132.24000549316406,127.47000122070312,130.57000732421875,60961400,128.6395004272461,133.68600036621095,130.3287906524067,44.90433804617549,-1.0282763758521014,-1.3465366788372721,133.2576622679436,124.02133858654861,3.7035988138767655,0.002107149015711185,0.00210493209093831,0.018201172322839625
2023-10-20,125.16999816894531,128.1699981689453,124.97000122070312,128.0500030517578,56406400,128.44200057983397,133.41820037841796,129.83747708255322,39.630418807840364,-1.3194486652986654,-1.3411190761295508,133.2930528556419,123.59094830402606,3.684055518298514,-0.02515573116103942,-0.025477545009301914,0.019039244588536553
2023-10-23,126.55999755859375,127.87999725341797,123.9800033569336,124.62999725341797,48260000,128.2065002441406,133.18120025634767,129.52533617550947,42.74674359835424,-1.4216555086788674,-1.357226362639414,132.94144825309098,123.47155223519025,3.6994796881689327,0.011104892625885654,0.011043686017449744,0.018801723196806546
2023-10-24,128.55999755859375,128.8000030517578,126.33999633789062,127.73999786376953,46477400,128.33549995422362,132.94100006103517,129.43339916437463,46.987134561133885,-1.3259867334505202,-1.3509784368016353,132.9600759714574,123.71092393698983,3.6109459042902365,0.015802781594350668,0.01567921771001468,0.016812804377137266
2023-10-25,121.38999938964844,126.33999633789062,120.79000091552734,126.04000091552734,74577500,128.1059997558594,132.6154000854492,128.66736109059119,36.539049768355454,-1.8078872707976927,-1.4423602036008467,133.5570863218121,122.65491318990667,3.908020957059963,-0.055771610960691276,-0.057387204557163146,0.02109364943727504
2023-10-26,119.56999969482422,121.63999938964844,118.3499984741211,120.62999725341797,100419500,127.7854995727539,132.30539993286132,127.80094571956576,34.44530056130668,-2.3100271287531484,-1.615893588631307,134.34081425252148,121.23018489298633,3.8638766683790613,-0.01499299533713827,-0.015106526502479031,0.021297761328035028
2023-10-27,127.73999786376953,130.02000427246094,125.5199966430664,126.19999694824219,125309300,127.81649932861328,132.18059997558595,127.79514116187087,48.665663773891936,-2.0253787062239894,-1.6977906121498436,134.36479250220424,121.2682061550223,4.33431437618318,0.06832816082460003,0.06609496003096194,0.026470102475448187
2023-10-30,132.7100067138672,133.0,128.55999755859375,129.72000122070312,72485500,127.97899932861328,132.17040008544922,128.26322359539432,55.05309886067051,-1.3828143790925367,-1.6347953655383822,134.83637332221525,121.12162533501132,4.400434930472271,0.03890722509168976,0.038169415629497834,0.02757095301578742
2023-10-31,133.08999633789062,133.57000732421875,131.7100067138672,132.75,51589400,128.39749908447266,132.13860015869142,128.72291623753682,55.50891614966214,-0.8333096584367752,-1.4744982241180609,135.4276665261349,121.36733164281038,4.218975336177935,0.002863308000901066,0.0028592165427562357,0.026063051897370862
2023-11-01,137.0,137.35000610351562,133.7100067138672,133.9600067138672,61529400,128.89749908447266,132.1936001586914,129.5112099292,60.00362700210848,-0.08138048649047391,-1.1958746765925437,136.82424229463905,120.97075587430628,4.221906366852726,0.02937864429857373,0.028955362245697565,0.026506998852908
2023-11-02,138.07000732421875,138.80999755859375,136.47000122070312,138.72999572753906,52236700,129.50299949645995,132.24460021972655,130.32633349063036,61.160011174358395,0.5940219331941989,-0.8378953546351953,138.24759412147802,120.75840487144187,4.087484221926862,0.007810272439553012,0.007779930147075702,0.02635668609978009
2023-11-03,138.60000610351562,139.49000549316406,137.4499969482422,138.99000549316406,44059800,130.0349998474121,132.37980041503906,131.11430231090515,61.74992238806746,1.1586929972990845,-0.4385776842483393,139.5958979981994,120.47410169662481,3.9412359592836483,0.0038386235328597973,0.0038312748175106013,0.026230635786034413
2023-11-06,139.74000549316406,140.72999572753906,138.36000061035156,138.75999450683594,44970400,130.6090003967285,132.50940063476563,131.93579785207265,63.049905012484174,1.678834745304215,-0.015095198337828464,141.01573691939822,120.2022638740588,3.829004470562495,0.008225103459209127,0.008191461641482902,0.02624020221175723
2023-11-07,142.7100067138672,143.3699951171875,140.5,140.5500030517578,53553500,131.27050094604493,132.70080078125,132.96191298176737,66.26654693951974,2.3041443632525898,0.4487527139802552,142.9144596205749,119.62654227151499,3.8147891243811336,0.02125376487729147,0.021031053723631822,0.02648559942159671
2023-11-08,142.0800018310547,143.1199951171875,141.22000122070312,142.97000122070312,44521700,131.78300094604492,132.8442007446289,133.8303023959852,64.97443061720114,2.7175444508994815,0.9025110613641005,144.34634453932065,119.21965735276919,3.678018036674222,-0.004414580990635519,-0.004424354026475328,0.026385706611530946
2023-11-09,140.60000610351562,142.64999389648438,139.83999633789062,142.02000427246094,36235400,132.19650115966797,132.95480072021485,134.47503608241666,61.91993843831404,2.8924019036863626,1.300489229828553,145.33582178638878,119.05718053294717,3.6160165739541883,-0.010416636461610618,-0.010471269344291862,0.02658439696623459
2023-11-10,143.55999755859375,143.64999389648438,139.91000366210938,140.4600067138672,49287800,132.885001373291,133.06580078125,135.34027050871924,65.42117493315499,3.2325613129280555,1.6869036464484535,146.86402746267717,118.90597528390484,3.6248718354128178,0.021052569890351647,0.02083402648617425,0.026308347567824655
2023-11-13,142.58999633789062,143.22999572753906,140.6699981689453,142.0800018310547,35680600,133.38700103759766,133.15520080566407,136.03072058768794,63.365093131359245,3.3848506522729735,2.0264930476133576,147.98905898959126,118.78494308560407,3.5723809464296474,-0.006756765374750118,-0.006779695661997966,0.02616370238238789
2023-11-14,145.8000030517578,147.25999450683594,144.67999267578125,145.0,56674600,134.1035011291504,133.32580078125,136.96112844140887,67.05511078881644,3.721660776771671,2.3655265934450203,149.63566624061232,118.57133601768848,3.650782176609338,0.02251214528584833,0.022262486894446033,0.026313460170124918
2023-11-15,143.1999969482422,147.2899932861328,142.58999633789062,147.05999755859375,63875700,134.85700073242188,133.48260070800782,137.55530639444063,61.639521492048424,3.7357233700241466,2.6395659487608456,150.61738848772615,119.09661297711762,3.7257260888688273,-0.017832688951265996,-0.017993607290294027,0.025896339903779982
2023-11-16,142.8300018310547,143.32000732421875,139.52000427246094,140.91000366210938,49653500,135.5785011291504,133.5822006225586,138.05765834078483,60.885928109748,3.6746534451896196,2.8465834480466006,151.411464615356,119.74553764294478,3.7310315862180405,-0.0025837648398919777,-0.002587108521031568,0.02595360531738056
2023-11-17,145.17999267578125,145.22999572753906,142.5399932861328,142.66000366210938,49636700,136.5790008544922,133.72120056152343,138.7359758964988,63.90439876743263,3.7723939025744926,3.0317455389521792,152.1818555664791,120.97614614250527,3.656672361588627,0.016453061783939793,0.016319176713110995,0.025003911271876966
2023-11-20,146.1300048828125,146.6300048828125,144.72999572753906,145.1300048828125,41951200,137.55750122070313,133.78180053710938,139.44016913329057,65.07768677295633,3.8817653896611546,3.2017495090939745,152.97786027870916,122.13714216269709,3.531196418280399,0.0065436854591447435,0.006522368493262836,0.024992385028428977
2023-11-21,143.89999389648438,144.0500030517578,141.5,143.91000366210938,71226000,138.32450103759766,133.83520050048827,139.86491434883283,60.13629257172481,3.745326044285065,3.3104648161321926,153.40059956605984,123.24840250913547,3.6096827371755493,-0.015260459261028925,-0.015378098422388055,0.025411606510753002
2023-11-22,146.7100067138672,147.74000549316406,144.57000732421875,144.57000732421875,45669100,139.5905014038086,133.87240051269532,140.51682790740753,63.86012416115985,3.8199079096160347,3.412353434828961,152.91662578441486,126.2643770232023,3.6261347985687022,0.019527539517508297,0.01933932343605667,0.02097555884623796
2023-11-24,146.74000549316406,147.1999969482422,145.32000732421875,146.6999969482422,22378400,140.9490016937256,133.91280059814454,141.1095114870034,63.898895678479484,3.8372023459347133,3.4973232170501114,150.96211723612436,130.93588615132683,3.5014101432440405,0.0002044767086364363,0.00020445580612358505,0.02029741643074143
2023-11-27,147.72999572753906,149.25999450683594,146.8800048828125,147.52999877929688,53762400,141.94850158691406,134.05960052490235,141.74003379562586,65.22478706784855,3.885996896266306,3.5750579528933506,150.34893623643427,133.54806693739386,3.4313086339888863,0.006746559883569869,0.006723903692254734,0.01505400591292495
2023-11-28,147.02999877929688,147.60000610351562,145.52999877929688,146.97999572753906,42711700,142.66450119018555,134.2006005859375,142.24383998454692,63.450307059944606,3.8241011675065977,3.624866595816,150.18853241106032,135.14046996931077,3.3433577992926935,-0.00473835354015173,-0.00474961512561893,0.013308987225974674
2023-11-29,146.32000732421875,148.5399932861328,145.97000122070312,147.85000610351562,40610900,143.32600173950195,134.37440063476564,142.632046397849,61.619190099556825,3.6753903674464254,3.6349713501420853,149.5869146355247,137.0650888434792,3.28811738973105,-0.0048288883967405605,-0.004840585148378569,0.013490593895726048
2023-11-30,146.08999633789062,146.92999267578125,144.3300018310547,144.75999450683594,65814000,143.78050155639647,134.59040069580078,142.96137496356724,61.00496482950976,3.4986458115959067,3.6077062424328497,149.42824655627956,138.13275655651339,3.238965493659301,-0.001571972217158657,-0.001573209061844679,0.012244724797919299
2023-12-01,147.02999877929688,147.25,145.5500030517578,146.0,39951800,144.2285011291504,134.94440063476563,143.3488629460177,62.64381516487759,3.3952860744280997,3.5652222088318997,149.39416727013702,139.0628349881638,3.12903916898665,0.006434406632690459,0.006413794210223246,0.012221825185823921
2023-12-04,144.83999633789062,145.35000610351562,142.80999755859375,145.25,48294200,144.54050064086914,135.25880065917968,143.4908756500056,56.66836086111633,3.1009124551169123,3.4723602580889024,149.01638333886612,140.06461794287216,3.206965029823541,-0.014894936132684111,-0.01500697967354326,0.012872421162981647
2023-12-05,146.8800048828125,148.57000732421875,143.1300048828125,143.5500030517578,46822400,144.89750061035156,135.5710006713867,143.81364986265385,60.45263311806333,2.997675543797186,3.3774233152305593,148.89867984907283,140.89632137163028,3.3664677020794485,0.014084566393959497,0.013986300502114904,0.013079796342609525
2023-12-06,144.52000427246094,147.85000610351562,144.27999877929688,147.5800018310547,39679000,144.98800048828124,135.94180068969726,143.8809217112069,54.52061074344025,2.694368222207544,3.2408122966259563,148.8671948861358,141.1088060904267,3.3810062465179698,-0.016067541747663228,-0.016198024273178,0.012936272397149486
2023-12-07,146.8800048828125,147.9199981689453,145.33999633789062,146.14999389648438,52352800,145.22800064086914,136.35980072021485,144.16654867993122,58.86730784000533,2.614291386776955,3.1155081146561563,148.94853739933245,141.50746388240583,3.382362507229856,0.016329923474831087,0.016198024273177868,0.013329459655935412
2023-12-08,147.4199981689453,147.83999633789062,145.39999389648438,145.47999572753906,41906000,145.56900024414062,136.78860061645508,144.4764010122183,59.81372676101303,2.564837018461276,3.0053738954171805,148.73989519642396,142.3981052918573,3.315051073956741,0.0036764247561378305,0.003669683224747049,0.013021556294118119
2023-12-11,145.88999938964844,146.19000244140625,143.63999938964844,145.66000366210938,50907300,145.68550033569335,137.1640005493164,144.61102942911643,55.88983926424869,2.3748106219343015,2.879261240720605,148.72090400658547,142.65009666480123,3.3482616243381793,-0.010378502226973785,-0.010432734440314026,0.012546484401493044
2023-12-12,147.47999572753906,147.5,145.3000030517578,145.52000427246094,44944300,145.93000030517578,137.52440032958984,144.88426431468048,58.90683696306652,2.3257034878268428,2.7685496901418523,148.70527835379488,143.15472225655668,3.2662427189027516,0.010898597193382598,0.010839635496016388,0.012601878662312984
2023-12-13,148.83999633789062,149.4600067138672,146.82000732421875,148.1199951171875,52766200,146.0819999694824,138.0068002319336,145.26100069784334,61.342397440120045,2.3692155711857765,2.688682866350637,149.13158816795348,143.03241177101134,3.2215110525274433,0.009221593773735215,0.009179334477907091,0.011773305266563235
2023-12-14,147.4199981689453,150.5399932861328,145.52000427246094,149.92999267578125,58400800,146.2930000305176,138.4152001953125,145.46661950461498,57.509705984662524,2.2630304199279294,2.6035523770660958,149.08920525022035,143.49679481081483,3.34997376403776,-0.00954043404920335,-0.009586235533609468,0.011203776970769437
2023-12-15,149.97000122070312,150.57000732421875,147.8800048828125,148.3800048828125,110089300,146.65,138.8954002380371,145.8955130013853,62.09038712493796,2.357466451761553,2.5543351920051873,149.40944993839003,143.89055006160999,3.3356905776974513,0.01729753821347546,0.01714963889276147,0.011692509049764693
2023-12-18,154.07000732421875,154.85000610351562,150.0500030517578,150.55999755859375,62512800,147.09450073242186,139.41760040283202,146.6740362702266,68.05372061618444,2.7316550951964302,2.589799172643436,151.2662339201543,142.92276754468944,3.445998742348526,0.027338841569267247,0.026971809898698733,0.012594456278818906
2023-12-19,153.7899932861328,155.1199951171875,152.69000244140625,154.39999389648438,43171300,147.47750015258788,139.92820037841796,147.35174646221768,67.27536901854276,2.9713555610009905,2.666110450314947,152.5367962720907,142.41820403308506,3.3734268804508636,-0.0018174467759756174,-0.0018191003361762064,0.012611181983568491
2023-12-20,152.1199951171875,155.6300048828125,151.55999755859375,152.89999389648438,50322100,147.88850021362305,140.38100036621094,147.8058653817386,62.67157948464921,2.9920742422595765,2.731303208703873,153.05295901594766,142.72404141129843,3.4231826264342837,-0.01085895208954335,-0.01091834083412718,0.012317475138304597
2023-12-21,153.83999633789062,153.97000122070312,152.10000610351562,153.3000030517578,36305700,148.24499969482423,140.82120025634765,148.38054452041976,65.30501968874069,3.111417189714757,2.80732600490605,153.9869121844189,142.50308720522955,3.3122406614880853,0.011306871390431628,0.011243426514228085,0.011860450010762224
2023-12-22,153.4199981689453,154.35000610351562,152.7100067138672,153.77000427246094,29514100,148.5789993286133,141.24300018310547,148.860492486946,64.11555762158154,3.135957625785551,2.87305232908195,154.69671592459127,142.4612827326353,3.1927948563566817,-0.0027300973670256745,-0.002733830879625901,0.011907647968836844
2023-12-26,153.41000366210938,153.97999572753906,153.02999877929688,153.55999755859375,25067200,148.8629997253418,141.715400390625,149.29377926553298,64.08564438242867,3.1186497717254724,2.922171817610655,155.31492894058135,142.41107051010226,3.032595005777075,-6.514474615582078e-05,-6.514686816695571e-05,0.011870993040116098
2023-12-27,153.33999633789062,154.77999877929688,153.1199951171875,153.55999755859375,31434700,149.1784996032715,142.13120025634765,149.6791332724242,63.86089329524504,3.0639646890145116,2.950530391891426,155.8542730525942,142.50272615394877,2.9345527669436677,-0.0004563413242133496,-0.00045644547960358643,0.011782206353506795
2023-12-28,153.3800048828125,154.0800018310547,152.9499969482422,153.72000122070312,27057000,149.53149948120117,142.56940032958985,150.03159723531832,63.938728494744666,2.9893948393171854,2.958303281376578,156.3111638676093,142.75183509479302,2.805656489505727,0.0002609139551152939,0.00026087992298881607,0.011677605988362538
2023-12-29,151.94000244140625,153.88999938964844,151.02999877929688,153.10000610351562,39823200,149.82399978637696,143.04560028076173,150.21335011208862,59.01225662889257,2.7820320006179884,2.92304902522486,156.48830860297602,143.1596909697779,2.809538212423287,-0.009388462612883952,-0.009432812028151797,0.011946075363400152
2024-01-02,149.92999267578125,152.3800048828125,148.38999938964844,151.5399932861328,47339400,149.96899948120117,143.47620025634765,150.18636368958317,52.88679425125589,2.4275215103552057,2.8239435222509295,156.50886728797005,143.42913167443228,2.893857303904771,-0.013228970207501023,-0.013317252487412825,0.012366492209915475
2024-01-03,148.47000122070312,151.0500030517578,148.3300018310547,149.1999969482422,49425500,150.1504997253418,143.9422003173828,150.02290059730888,48.9150947408829,2.005640508629085,2.6602829195265607,156.30079777370477,144.00020167697883,2.8814390122475104,-0.00973782115920796,-0.009785543802100045,0.012066667285515609
2024-01-04,144.57000732421875,147.3800048828125,144.0500030517578,145.58999633789062,56039800,150.0349998474121,144.3024005126953,149.50357742844315,40.225016805284305,1.341140033954531,2.396454342412155,156.5050815301489,143.5649181646753,2.991336094868782,-0.026267891590348702,-0.02661905587134582,0.013143338416139494
2024-01-05,145.24000549316406,146.58999633789062,144.52999877929688,144.69000244140625,45153100,150.07099990844728,144.6360006713867,149.09752295841656,42.127188544530995,0.8586835042085283,2.08890017477143,156.42490672998755,143.717093086907,2.9248119137062796,0.00463442024626004,0.004623714384981175,0.012677153123516013
2024-01-08,149.10000610351562,149.39999389648438,146.14999389648438,146.74000549316406,46757100,150.18199996948243,145.19020080566406,149.09775944842602,51.669434013009685,0.7788252061824608,1.8268851810536362,156.38481576440455,143.97918417456032,3.013038805821568,0.026576703830634596,0.026229678338986727,0.013536001955201103
2024-01-09,151.3699951171875,151.7100067138672,148.2100067138672,148.3300018310547,43812600,150.37949981689454,145.82620071411134,149.31416284545094,56.23908910974268,0.8884644073247046,1.63920102630785,156.46845988670816,144.2905397470809,3.0478217482628844,0.015224607114340927,0.015109875810597672,0.0139047783980322
2024-01-10,153.72999572753906,154.4199981689453,151.8800048828125,152.05999755859375,44421800,150.77149963378906,146.34600067138672,149.73471835803076,60.428187205028344,1.1525012727795456,1.5418610756021893,156.6600326478941,144.88296661968403,3.0479775556553794,0.015590940651907248,0.015470650615520465,0.013958001465754058
2024-01-11,155.17999267578125,157.1699981689453,153.1199951171875,155.0399932861328,49072700,151.15649948120117,146.795400390625,150.25331591210224,62.78534078383003,1.4619031173942005,1.5258694839605917,157.1399837600694,145.17301520233292,3.119550805376982,0.009432101662268044,0.009387897135060054,0.013916527490365461
2024-01-12,154.6199951171875,156.1999969482422,154.00999450683594,155.38999938964844,40484200,151.44549942016602,147.22600036621094,150.66919012211036,61.26746724542156,1.6429799355105388,1.5492915742705813,157.51129889740585,145.37969994292618,3.053154493664787,-0.0036086969005325598,-0.0036152239546972612,0.013892849371933086
2024-01-16,153.16000366210938,154.99000549316406,152.14999389648438,153.52999877929688,41384600,151.7324996948242,147.54920043945313,150.90641045925312,57.37312006619616,1.6496592645639794,1.5693651123292611,157.54725846556278,145.91774092408565,3.037930001022994,-0.009442449238027617,-0.009487311793446907,0.013888582819416516
2024-01-17,151.7100067138672,152.14999389648438,149.91000366210938,151.49000549316406,34953400,151.81949996948242,147.82200042724608,150.98294343588304,53.720958756939666,1.5204235491242741,1.559576799688264,157.5779688964891,146.06103104247575,3.05307785809278,-0.009467203666572499,-0.009512302504832145,0.013624260102251701
2024-01-18,153.5,153.77999877929688,151.82000732421875,152.77000427246094,37850200,151.79099960327147,148.12000030517578,151.2226631086561,57.33184912072914,1.544635218837385,1.5565884835180883,157.51014068385115,146.0718585226918,2.9828574443311306,0.011798781932089941,0.011729719012639512,0.012412165235072438
2024-01-19,155.33999633789062,155.75999450683594,152.74000549316406,153.8300018310547,51651600,151.86849975585938,148.43200012207032,151.6147900828689,60.724232089058404,1.6927821298251047,1.5838272127794917,157.73402871927038,146.00297079244837,2.985509699284041,0.011986946826648914,0.011915672389449407,0.012692991607133075
2024-01-22,154.77999877929688,157.0500030517578,153.89999389648438,156.88999938964844,43687500,152.00149993896486,148.6733999633789,151.91623853014772,59.1820179524186,1.7448885126219977,1.616039472747993,158.00286554648545,146.00013433144426,2.9972596604261406,-0.003604979862209201,-0.003611493461086361,0.012450303184633513
2024-01-23,156.02000427246094,156.2100067138672,153.92999267578125,154.85000610351562,37986000,152.11050033569336,148.95220001220704,152.30707336274898,61.512898473744315,1.8647456494517485,1.6657807080887443,158.3171521241439,145.90384854724283,2.9460278302589833,0.008011406531487353,0.007979485588611064,0.01232708910653395
2024-01-24,156.8699951171875,158.50999450683594,156.47999572753906,157.8000030517578,48547300,152.28300018310546,149.27759979248046,152.74163733936217,63.06967726879018,2.005205688433847,1.7336657041577648,158.80918611622164,145.75681424998928,2.91345371626727,0.005447960655367012,0.005433174197432314,0.012340299552111966
2024-01-25,157.75,158.50999450683594,154.5500030517578,156.9499969482422,43638600,152.5,149.5613998413086,153.2186242594229,64.66332701071131,2.1626012003571873,1.8194528033976494,159.4373148395271,145.5626851604729,2.9882064118966167,0.005609771850602074,0.005594095679664069,0.012375238820105735
2024-01-26,159.1199951171875,160.72000122070312,157.91000366210938,158.4199981689453,51047400,152.78899993896485,149.89199981689453,153.78065957921004,67.04739249458052,2.370559104228221,1.929674063563764,160.3000585610647,145.277941316865,2.9869060410970816,0.008684596622424712,0.008647102438040672,0.012468849165908631
2024-01-29,161.25999450683594,161.2899932861328,158.89999389648438,159.33999633789062,45270400,153.18299942016603,150.2011996459961,154.49297719136487,70.40611287279168,2.6771863693501246,2.0791765247210363,161.55418521937779,144.81181362095427,2.944269851707893,0.01344896590822775,0.013359331333490848,0.012722320719018116
2024-01-30,159.0,161.72999572753906,158.49000549316406,160.6999969482422,45207400,153.5359992980957,150.51719970703124,154.92221745885394,63.09237551173035,2.706627697668381,2.2046667593105056,162.25590794904892,144.8160906471425,2.9653927361841146,-0.014014601164705653,-0.014113732972622603,0.012990694394393203
2024-01-31,155.1999969482422,159.00999450683594,154.80999755859375,157.0,50284400,153.79949951171875,150.764599609375,154.94867264831947,53.103562266467016,2.3957153587727475,2.242876479202954,162.38508034906198,145.21391867437552,3.05357875133112,-0.023899390262627773,-0.024189614134501332,0.01385473042921288
2024-02-01,159.27999877929688,159.75999450683594,155.6199951171875,155.8699951171875,76542400,154.33999938964843,151.04659973144533,155.36117989888876,60.36011698007053,2.450291702471162,2.2843595238565957,162.87639803778958,145.80360074150727,3.1611800947070217,0.026288672108771616,0.02594906400632865,0.014595132211246226
2024-02-02,171.80999755859375,172.5,167.3300018310547,169.19000244140625,117218300,155.70199890136718,151.56019958496094,156.92773396171782,73.77897663812948,3.4646714561107217,2.5204219103074212,166.06537428843006,145.3386235143043,3.8796673179924577,0.07866649218561839,0.07572554877189726,0.020818952295231754
2024-02-05,170.30999755859375,170.5500030517578,167.6999969482422,170.1999969482422,55081300,156.95549850463868,152.08839965820312,158.20223525665838,70.69373565322283,4.1002718732800645,2.8363919029019504,167.9964481074051,145.91454890187228,3.896119696018108,-0.008730574595861018,-0.008768909348284514,0.02117348011077402
2024-02-06,169.14999389648438,170.7100067138672,167.64999389648438,169.38999938964844,42505500,157.9579978942871,152.53719940185547,159.2448789366418,68.31458107948282,4.458986758435003,3.1609108740085614,169.58907434599087,146.32692144258334,3.8363977761155867,-0.00681113075414308,-0.006834432372405122,0.020963505309292835
2024-02-07,170.52999877929688,170.8800048828125,168.94000244140625,169.47999572753906,47174100,158.91599807739257,153.01299926757812,160.31965225498993,69.6242880513724,4.799302379809973,3.488589175168844,171.34747293576652,146.48452321901863,3.700940966493491,0.008158468416245013,0.008125368023266808,0.020868599398235106
2024-02-08,169.83999633789062,171.42999267578125,168.8800048828125,169.64999389648438,42316500,159.72149810791015,153.45519927978515,161.22635169145667,68.10839002325142,4.956195593483784,3.7821104588318324,172.7765381109996,146.6664581048207,3.618730025527438,-0.004046223223746481,-0.0040544313336464575,0.0208643405403833
2024-02-09,174.4499969482422,175.0,170.5800018310547,170.89999389648438,56986000,160.68499832153321,154.00359924316408,162.4857464778172,72.42772478405374,5.390386101963003,4.103765587458067,175.03705114109823,146.3329455019682,3.728820999569005,0.02714319777292107,0.026781354306300166,0.02142202977842856
2024-02-12,172.33999633789062,175.38999938964844,171.5399932861328,174.8000030517578,51050400,161.57099838256835,154.5239990234375,163.42424646449086,67.89514534871518,5.500815812316546,4.383175632429763,176.4925391435449,146.6494576215918,3.737477078422335,-0.012095159915523457,-0.012168901576895616,0.02170622686151866
2024-02-13,168.63999938964844,170.9499969482422,165.75,167.72999572753906,56345100,162.34499816894532,154.97499908447264,163.92098483831538,60.719333462186334,5.229491004758643,4.552438706895539,177.0453813140998,147.64461502379083,3.9412284540986415,-0.021469171561243172,-0.02170298682855135,0.02230487480469388
2024-02-14,170.97999572753906,171.2100067138672,168.27999877929688,169.2100067138672,42815500,163.3084976196289,155.4539990234375,164.59327158967002,63.35701105273276,5.143985624027806,4.670748090321992,177.61513830729356,149.00185693196423,3.868998416989475,0.013875689909627953,0.013780303876272836,0.022114880754262912
2024-02-15,169.8000030517578,171.1699981689453,167.58999633789062,170.5800018310547,49855200,164.1234977722168,155.95319915771483,165.08915077653552,61.12790272707483,4.924242840213083,4.721447040300211,177.95135625483408,150.29563928959954,3.8483558037084187,-0.006901349311422389,-0.006925273760105457,0.022261539048208708
2024-02-16,169.50999450683594,170.4199981689453,167.1699981689453,168.74000549316406,48107700,164.83199768066407,156.4057989501953,165.5101835127546,60.56391892792502,4.672828378196812,4.711723307879531,178.23254511945416,151.431450241874,3.805616103443531,-0.0017079419299743659,-0.0017094021256489145,0.022255244032729736
2024-02-20,167.0800018310547,168.7100067138672,165.74000549316406,167.8300018310547,41980300,165.44699783325194,156.85699890136718,165.65969001925936,55.90924152254204,4.2287540605639435,4.615129458416414,178.05112172418345,152.84287394232044,3.8030713113169843,-0.01433539469369316,-0.014439139136134756,0.022590346021927925
2024-02-21,168.58999633789062,170.22999572753906,167.13999938964844,168.94000244140625,44420100,166.07549743652345,157.29119873046875,165.93876681150994,58.06597865691678,3.953097059424664,4.482722978618064,177.9702836243326,154.1807112487143,3.7564229245432266,0.00903755380828164,0.008996959517601153,0.02260094078202423
2024-02-22,174.5800018310547,174.8000030517578,171.77000427246094,173.10000610351562,55392400,166.96099777221679,157.83439880371094,166.76174157527612,65.31428905822682,4.169912131383597,4.42016080917117,178.61717894293932,155.30481660149425,3.9316789094949383,0.035530017339574504,0.03491338968982024,0.023669852327309227
2024-02-23,174.99000549316406,175.75,173.6999969482422,174.27999877929688,59715200,167.822998046875,158.41639892578124,167.5453857579321,65.75067176081964,4.324967968427018,4.40112224102234,179.1728385125078,156.4731575812422,3.7972734910851433,0.0023485144793740087,0.0023457610294128446,0.023681169060079773
2024-02-26,174.72999572753906,176.3699951171875,174.25999450683594,175.6999969482422,44368600,168.60349807739257,158.96139892578125,168.2296343264661,65.19054266742154,4.37642155781657,4.396182104381186,179.5932673560479,157.61372879873724,3.6767539996041734,-0.0014858549486425066,-0.0014869599257995307,0.02371741898965946
2024-02-27,173.5399932861328,174.6199951171875,172.86000061035156,174.0800018310547,31141700,169.2174980163574,159.4553988647461,168.73538279881532,62.56358868815049,4.271931479444731,4.371331979393895,179.86434887231056,158.57064716040426,3.547699793717268,-0.006810521779339163,-0.006833819221537168,0.02376791290728566
2024-02-28,173.16000366210938,174.0500030517578,172.27000427246094,172.44000244140625,28180500,169.92549819946288,159.9701989746094,169.15677526198618,61.708480063545736,4.111070491004028,4.319279681715922,179.59915278923953,160.25184360968623,3.4214354355443826,-0.0021896371944472026,-0.0021920379551390117,0.023442699096942507
2024-02-29,176.75999450683594,177.22000122070312,172.85000610351562,173.00999450683594,53805400,171.00349807739258,160.50599884033204,169.88089138054332,66.39469134207977,4.225368752733743,4.300497495919486,178.4133056801717,163.59369047461345,3.4891896985188913,0.02078996747858297,0.02057680546309288,0.022708788995754015
2024-03-01,178.22000122070312,178.72999572753906,176.07000732421875,176.75,31981200,171.95049819946288,160.9889987182617,170.6750923177014,68.09979532536298,4.38323409448023,4.317044815631635,177.80246437762844,166.09853202129733,3.4299610345761353,0.00825982552183624,0.008225899848415687,0.022246018682370448
2024-03-04,177.5800018310547,180.13999938964844,177.49000549316406,177.52999877929688,37381500,172.23899841308594,161.46479888916016,171.33270274754457,66.50678595305627,4.405912298731522,4.334818312251613,178.5830422968368,165.89495452933508,3.3742490961410097,-0.003591063770984282,-0.0035975271186564546,0.014240904396131312
2024-03-05,174.1199951171875,176.92999267578125,173.3000030517578,176.92999267578125,37228300,172.42949829101562,161.90479888916016,171.59815916370104,58.53476440223803,4.097458364218426,4.287346322644976,178.75920230035396,166.09979428167728,3.4389455020807143,-0.01948421375262155,-0.019676533274039055,0.014847466636865082
2024-03-06,173.50999450683594,176.4600067138672,173.25999450683594,175.5399932861328,32090900,172.6474983215332,162.29819885253906,171.78023872019006,57.23225351627867,3.7604364766462766,4.181964353445236,178.80846589102603,166.48653075204035,3.42187883814861,-0.0035033346396604603,-0.0035094856867787733,0.014771634986571004
2024-03-07,176.82000732421875,177.99000549316406,173.72000122070312,174.8300018310547,34063300,172.9619987487793,162.76619903564452,172.2602166824785,62.15352187498978,3.7175806188052434,4.089087606517238,179.29817146822248,166.62582602933614,3.4974597058757184,0.019076784751165476,0.018897104445031784,0.01523011999722742
2024-03-08,175.35000610351562,178.7899932861328,174.3300018310547,176.44000244140625,37893200,173.23749923706055,163.20499908447266,172.55448234162492,58.91137600306572,3.524373446266196,3.97614477446703,179.48526833242408,166.989730141697,3.5662119736758906,-0.008313545751684748,-0.00834829600574499,0.015347572193638054
2024-03-11,171.9600067138672,174.47000122070312,171.47000122070312,174.30999755859375,28484800,173.1129997253418,163.57739929199218,172.4978656151718,52.154785755130554,3.062409203692283,3.793397660312081,179.3583968660163,166.8676025846673,3.588625752899934,-0.019332758891648982,-0.01952208072253206,0.014802634441971295
2024-03-12,175.38999938964844,176.75999450683594,171.97999572753906,173.5,36610600,173.2654998779297,164.01759918212892,172.7733069270267,57.46979633927108,2.9391898059694483,3.6225560894435547,179.57655358594366,166.95444616991574,3.675151612904849,0.019946455814511488,0.01975013161880721,0.015222720188468165
2024-03-13,176.55999755859375,177.6199951171875,175.5500030517578,175.89999389648438,30772600,173.66149978637696,164.50999908447267,173.13394413003311,59.13730946622558,2.902488538541519,3.4785425792631477,179.75196998461612,167.5710295881378,3.571926192521579,0.0066708374081581034,0.006648685830772736,0.014311067287604368
2024-03-14,178.75,179.52999877929688,176.47000122070312,177.69000244140625,43705800,174.05,165.08639923095703,173.6688065938395,62.130315461201086,3.015358241283792,3.385905711667277,180.39275741716455,167.70724258283548,3.5353598615267345,0.012403729449981915,0.012327433453265669,0.01425257768521939
2024-03-15,174.4199981689453,177.92999267578125,173.89999389648438,176.63999938964844,72147400,174.28099975585937,165.60539916992187,173.74034864861147,53.74788145236162,2.724012611709611,3.253527091675744,180.31689347768375,168.245106034035,3.629263164525941,-0.024223786467438835,-0.02452200827324045,0.015328221987032344
2024-03-18,174.47999572753906,176.69000244140625,174.27999877929688,175.8000030517578,31250700,174.52949981689454,166.2035989379883,173.81079122755693,53.840811237683475,2.469493617581037,3.096720396856803,180.15448208903808,168.904517544751,3.542173200067615,0.00034398325434925603,0.00034392410567333365,0.015312801629696627
2024-03-19,175.89999389648438,176.08999633789062,173.52000427246094,174.22000122070312,26880900,174.97049942016602,166.8167987060547,174.00976291031193,56.08950603777497,2.355217979047694,2.9484199132949813,179.4581658201806,170.48283302015145,3.47273169045062,0.00813845829732096,0.008105519638180665,0.014904353216943146
2024-03-20,178.14999389648438,178.52999877929688,174.63999938964844,176.13999938964844,29947200,175.4484992980957,167.39779846191405,174.40407062328075,59.45958413026117,2.418332872173437,2.8424025050706723,179.06856660313585,171.82843199305555,3.502536526107607,0.012791359170393646,0.01271024074657137,0.01501186795305769
2024-03-21,178.14999389648438,181.4199981689453,178.14999389648438,179.99000549316406,32824300,175.6269989013672,167.9333984375,174.76082522072872,59.45958413026117,2.440222513543489,2.7619665067652357,179.40670734283754,171.84729045989684,3.485927079418559,0.0,0.0,0.012896521117397478
2024-03-22,178.8699951171875,179.25999450683594,176.75,177.75,27995400,175.82099838256835,168.43619842529296,175.15217473467717,60.58233303282219,2.486999708706662,2.7069731471535214,179.84068810671914,171.80130865841755,3.416217609948372,0.0040415450203241665,0.004033399915744371,0.012910753095136823
2024-03-25,179.7100067138672,180.99000549316406,177.24000549316406,178.00999450683594,29815500,176.06999893188475,168.92679870605468,175.5862539707905,61.9077950425468,2.5623161034134228,2.6780417384055015,180.39396935104014,171.74602851272937,3.440059209237774,0.004696213001679439,0.00468522019633587,0.012917661933193615
2024-03-26,178.3000030517578,180.4499969482422,177.9499969482422,180.14999389648438,29659000,176.30799942016603,169.40039886474608,175.84470626421597,58.36036368579793,2.4796455666375152,2.6383625040519045,180.57233303955675,172.0436658007753,3.372912122863647,-0.007845994154095037,-0.007876935918428052,0.012954684243167555
2024-03-27,179.8300018310547,180.0,177.30999755859375,179.8800048828125,33272600,176.6414993286133,169.933798828125,176.22425822296253,60.97362254942565,2.5086683186043786,2.6124236669623997,180.91216405434886,172.37083460287772,3.3241328599024045,0.008581036192426339,0.008544428374293455,0.013019838338463187
2024-03-28,180.3800048828125,181.6999969482422,179.25999450683594,180.1699981689453,38051600,176.8224998474121,170.5071987915039,176.62004361913873,61.89931555067105,2.546693016512336,2.599277536872387,181.39415261011445,172.25084708470976,3.260980687152679,0.0030584610251771505,0.003053793447902987,0.012252092296025445
2024-04-01,180.97000122070312,183.0,179.9499969482422,180.7899932861328,29174500,176.95999984741212,171.05659881591797,177.0343252954782,62.915494358921414,2.5945275387903166,2.598327537255973,181.84611645401748,172.07388324080677,3.245910856053046,0.003270852211551434,0.00326551461029285,0.01214869250745947
2024-04-02,180.69000244140625,180.7899932861328,178.3800048828125,179.07000732421875,32611500,177.1154998779297,171.56359893798827,177.38248502366184,62.06942381464422,2.580101378251811,2.5946823054551404,182.26167494623795,171.96932480962144,3.1990598190414445,-0.0015472110151306673,-0.0015484091821309372,0.012118048244666644
2024-04-03,182.41000366210938,182.8699951171875,179.8000030517578,179.89999389648438,31046600,177.53000030517578,172.11619903564454,177.8612963225616,65.1681473917607,2.6766040406979243,2.6110666525036974,182.97128873042422,172.08871187992733,3.189840693783462,0.009519072430478781,0.009474051539763393,0.011249742692666272
2024-04-04,180.0,185.10000610351562,180.0,184.0,41624300,177.854500579834,172.5957989501953,178.06498238707954,58.01631734710592,2.5294579252302185,2.5947449070490016,183.0674180344346,172.64158312523338,3.3262810801929024,-0.013212014767422509,-0.013300069884866008,0.011717124262638426
2024-04-05,185.07000732421875,186.27000427246094,181.97000122070312,182.3800048828125,42374000,178.267000579834,173.15979919433593,178.73212761918802,66.37626151775152,2.7897918044996572,2.633754286539133,184.32443862284777,172.20956253682021,3.536547022497762,0.028166707356770848,0.027777320574842966,0.012564021240665605
2024-04-08,185.19000244140625,187.2899932861328,184.80999755859375,186.89999389648438,39221300,178.7590003967285,173.70859924316406,179.34716331654215,66.54605065920052,2.9715368553895303,2.701310800309213,185.3626448424681,172.15535595098893,3.461079072857855,0.0006483768975988902,0.0006481667921116775,0.012320861640592064
2024-04-09,185.6699981689453,187.33999633789062,184.1999969482422,187.24000549316406,36520100,179.44449996948242,174.23959930419923,179.94933806439008,67.25828645785128,3.1183562911281797,2.784719898473006,185.92798640275004,172.9610135362148,3.4381448097714684,0.002591909504893186,0.0025885563003378185,0.011168955779473685
2024-04-10,185.9499969482422,186.27000427246094,182.6699981689453,182.77000427246094,35879200,179.9724998474121,174.73339935302735,180.52082938666172,67.69041331170317,3.220185024700612,2.8718129237185277,186.76197435165372,173.1830253431705,3.449706330753194,0.0015080453603608657,0.0015069094018642995,0.010516837580075341
2024-04-11,189.0500030517578,189.77000427246094,185.50999450683594,186.74000549316406,40020700,180.5970001220703,175.3343994140625,181.3331316404804,72.08343130722834,3.510562040461423,2.999562747067107,188.2578186280982,172.93618161604243,3.5075851475297517,0.016671181255133227,0.016533742520170792,0.010931118834080183
2024-04-12,186.1300048828125,188.3800048828125,185.0800018310547,187.72000122070312,38608800,180.96600036621095,175.9529995727539,181.78997671117867,63.346500058943825,3.465124668501062,3.0926751313538983,188.93996060613503,172.99204012628687,3.540614867042135,-0.015445639364236818,-0.015566165935951603,0.011493867219426666
2024-04-15,183.6199951171875,188.69000244140625,183.0,187.42999267578125,48052400,181.42600021362304,176.4397994995117,181.9642641784176,56.955925644090065,3.1898082884423786,3.112101762771595,188.88095501856557,173.9710454086805,3.694142550925286,-0.013485250630092094,-0.013577002419975346,0.01039870666197877
2024-04-16,183.32000732421875,184.8300018310547,182.25999450683594,183.27000427246094,32891300,181.86800079345704,176.6699996948242,182.0933825732558,56.225852827818734,2.9138228301146682,3.0724459762402097,188.64021978107849,175.0957818058356,3.613847177589105,-0.001633742516860992,-0.0016350785294987403,0.01043088890373437
2024-04-17,181.27999877929688,184.57000732421875,179.82000732421875,184.30999755859375,31359700,182.13700103759766,176.88939971923827,182.01591745002165,51.40071715628118,2.5016532243642473,2.9582874258650174,188.3433875466848,175.93061452851052,3.6950009506184545,-0.011128128209780819,-0.011190509048215303,0.010769420894168344
2024-04-18,179.22000122070312,182.38999938964844,178.64999389648438,181.47000122070312,30723800,182.19050140380858,177.09079986572266,181.74963971389607,47.01325668509864,1.985889161345881,2.7638077729611905,188.27575544461368,176.10524736300349,3.6982155608002834,-0.011363622972558218,-0.011428682278624262,0.010798256534125195
2024-04-19,174.6300048828125,179.0,173.44000244140625,178.74000549316406,56000700,182.014501953125,177.17279998779296,181.0715792537929,39.020949190643734,1.1930157384502138,2.449649366058995,188.72818163419566,175.30082227205435,3.8469143621214683,-0.02561096030926935,-0.025944630354616176,0.012261906212062969
2024-04-22,177.22999572753906,178.8699951171875,174.55999755859375,176.94000244140625,37924900,181.93250198364257,177.32059997558594,180.70571415605446,44.75054527900125,0.7656296683711048,2.112845426521417,188.8352053813211,175.02979858596404,3.8799917332980596,0.014888568814227066,0.01477882204751945,0.012724350495164063
2024-04-23,179.5399932861328,179.92999267578125,175.97999572753906,178.0800018310547,37046500,181.92400131225585,177.42239990234376,180.59469312082382,49.307853617752414,0.606331217360804,1.8115425846892943,188.8380412079582,175.0099614165535,3.8849921057940686,0.01303389727631088,0.0129496869735391,0.013032392468609696
2024-04-24,176.58999633789062,180.32000732421875,176.17999267578125,179.94000244140625,34185100,181.8385009765625,177.50739990234376,180.2132934272111,44.284155716316576,0.23928758930367167,1.4970915856121698,188.9686030504911,174.7083989026339,3.9032080016971706,-0.016430862529557833,-0.01656734624660272,0.01344055488693257
2024-04-25,173.6699981689453,173.9199981689453,166.32000732421875,169.67999267578125,49249400,181.53050079345704,177.6079998779297,179.59012245023342,39.945808308097085,-0.2839434557202196,1.1408845773456922,189.46756404087904,173.59343754603503,4.357978073981078,-0.016535467634067658,-0.016673704471388103,0.013727952264387598
2024-04-26,179.6199951171875,180.82000732421875,176.1300048828125,177.8000030517578,43919800,181.49250030517578,177.78079986572266,179.5929674661338,50.57180257776616,-0.21600285460317536,0.8695070909559186,189.45845756497,173.52654304538157,4.557408865501961,0.034260361668536854,0.03368654484295438,0.01589355235612589
2024-04-29,180.9600067138672,183.52999877929688,179.38999938964844,182.75,54063900,181.49200057983398,178.00399993896485,179.72316168020365,52.60569917401077,-0.05341595593469606,0.6849224815777958,189.45809014073325,173.52591101893472,4.527593902940995,0.007460258507441919,0.007432568410519159,0.01596763644078786
2024-04-30,175.0,182.99000549316406,174.8000030517578,181.08999633789062,94639800,181.20750045776367,178.11380004882812,179.27333675827947,43.94444212388673,-0.4008664602957026,0.46776469320309616,189.6594467257744,172.75555418975296,4.78919451283137,-0.03293549122868411,-0.03349007554568368,0.017599084626739744
2024-05-01,179.0,185.14999389648438,176.55999755859375,181.63999938964844,94645100,181.0370002746582,178.35220001220702,179.24730468606236,49.90565657076903,-0.3494289185808839,0.3043259708463002,189.52254818451627,172.55145236480013,5.172108754520871,0.02285714285714291,0.022599831917240992,0.018276376760534084
2024-05-02,184.72000122070312,185.10000610351562,179.91000366210938,180.85000610351562,54303500,181.27300033569335,178.67480010986327,179.76851387983768,56.955152348484084,0.15114963932677483,0.27369070454239514,189.89155964076565,172.65444103062106,5.238387136591925,0.031955314082140474,0.031455365813882176,0.019415081349818557
2024-05-03,186.2100067138672,187.8699951171875,185.4199981689453,186.99000549316406,39172000,181.3300003051758,178.90740020751954,180.3819893878405,58.58990490487146,0.6604791512239103,0.35104839387869824,190.06257853216053,172.59742207819104,5.089216190869957,0.008066292135759712,0.008033933494385928,0.018457210500296608
2024-05-06,188.6999969482422,188.75,184.8000030517578,186.27999877929688,34725300,181.50550003051757,179.1816000366211,181.17418058406923,61.239129793566754,1.2506313612789484,0.5309649873587483,190.67164254967196,172.33935751136318,5.007843387825116,0.013371946429286963,0.013283331052944075,0.01868164467156374
2024-05-07,188.75999450683594,189.94000244140625,187.30999755859375,188.9199981689453,34048900,181.6599998474121,179.46220001220703,181.89663905290416,61.30336991639199,1.7035352472067018,0.765479039328339,191.19832344121838,172.12167625360584,4.837997780324216,0.0003179520909595279,0.00031790155490520083,0.018679037137942153
2024-05-08,188.0,188.42999267578125,186.38999938964844,187.44000244140625,26136400,181.7625,179.75140014648437,182.47791152405614,59.94802667658931,1.9783346245568794,1.0080501563740472,191.52446175043605,172.00053824956393,4.66171187581445,-0.004026247769404412,-0.004034374926922967,0.018711939830683876
2024-05-09,189.5,191.6999969482422,187.44000244140625,188.8800048828125,43368400,181.7849998474121,180.0782000732422,183.1466818550984,61.745699683359824,2.290746277756483,1.2645893806505344,191.61587536023222,171.954124334592,4.633017778030271,0.007978723404255428,0.00794706169253194,0.0184204838851706
2024-05-10,187.47999572753906,189.88999938964844,186.92999267578125,189.16000366210938,34141800,181.85249938964844,180.29260009765625,183.55937841437844,57.97213510179511,2.348267929864619,1.4813250904933515,191.81937806148747,171.88562071780942,4.513516987732908,-0.01065965315282813,-0.010716874256865036,0.018235603797153305
2024-05-13,186.57000732421875,188.30999755859375,185.36000061035156,188.0,24898600,182.0,180.45960021972655,183.84610497722036,56.30280077781354,2.293982195725903,1.6438565115398618,192.15272439949575,171.84727560050425,4.401836984912142,-0.004853789332504466,-0.004865607224493341,0.0179871730687119
2024-05-14,187.07000732421875,187.72000122070312,183.4499969482422,183.82000732421875,38698200,182.1875,180.64940032958984,184.15314329598212,57.03488133531003,2.2651944302813263,1.7681240952881547,192.5667918216247,171.8082081783753,4.3924203625941995,0.002679959159411549,0.002676374471979152,0.01798041441586133
2024-05-15,185.99000549316406,186.72000122070312,182.72999572753906,185.97000122070312,75459900,182.42300033569336,180.88680053710937,184.32808255285659,54.8955332614406,2.1306717394325574,1.8406336241170353,192.92228388258323,171.9237167888035,4.388676879314592,-0.005773249525686364,-0.005789979151338669,0.01782691827956775
2024-05-16,183.6300048828125,187.30999755859375,183.4600067138672,185.60000610351562,38834500,182.64350051879882,181.0892007446289,184.26159896523336,50.44293452469191,1.8127331524497095,1.8350535297835702,193.04926839071592,172.2377326468817,4.350199305415447,-0.012688857146349708,-0.012770048240180699,0.017879375889246304
2024-05-17,184.6999969482422,185.3000030517578,183.35000610351562,183.75999450683594,33175700,183.14700012207032,181.24680053710938,184.30335115409136,52.33078534435733,1.6283335336518405,1.7937095305572242,192.9075621270736,173.38643811706706,4.178756279903071,0.005826891232250109,0.005809980560830076,0.01672751142789449
2024-05-20,183.5399932861328,186.6699981689453,183.27999877929688,184.33999633789062,30511800,183.4625,181.4106002807617,184.23065040476197,50.10243038890133,1.37276848566583,1.7095213215789453,192.83795254833277,174.08704745166725,4.122416502027741,-0.006280474722663021,-0.006300279871404103,0.01660090709468292
2024-05-21,183.14999389648438,183.25999450683594,180.75,182.3000030517578,50839100,183.64300003051758,181.63440002441405,184.127730737307,49.34170049672516,1.1257843117371635,1.592773919610589,192.84686387516743,174.43913618586774,4.027243415178103,-0.0021248741632045043,-0.00212713491141393,0.01640986504643501
2024-05-22,183.1300048828125,185.22000122070312,181.97000122070312,183.8800048828125,28148800,183.97000045776366,181.78920013427734,184.03270922735513,49.30038299036292,0.9178541765230364,1.4577899709930786,192.59479339092147,175.34520752460585,3.971726028379667,-0.00010914012742568868,-0.00010914608364277473,0.015888493530174262
2024-05-23,181.0500030517578,184.75999450683594,180.0800018310547,183.66000366210938,33670200,184.3390007019043,181.87900024414063,183.74864197253635,45.071024883093635,0.5785600022794313,1.2819439772503491,191.70986740531373,176.96813399849486,4.022316503194065,-0.011358061353112014,-0.011423056748417279,0.015611402686282584
2024-05-24,180.75,182.44000244140625,180.3000030517578,181.64999389648438,27471600,184.39550094604493,181.91900024414062,183.46305702277098,44.478346027088534,0.28220608952923953,1.0819963997061273,191.63699867200015,177.15400322008972,3.887865280797949,-0.0016570176564539851,-0.001658392028660058,0.013674761945293623
2024-05-28,182.14999389648438,182.24000549316406,179.49000549316406,179.92999267578125,29927000,184.4550003051758,182.07360015869142,183.33800339169608,47.92008121187505,0.15848437652962843,0.8972939950708275,191.60154246751742,177.30845814283416,3.806589189312381,0.007745471073219212,0.007715628907514658,0.01368265602187372
2024-05-29,182.02000427246094,184.0800018310547,181.5500030517578,181.6999969482422,32009300,184.80600051879884,182.22440032958986,183.21247966605463,47.624881321658194,0.04937577808613014,0.7277103516738881,190.62722850436737,178.9847725332303,3.7154041600255594,-0.0007136405620595809,-0.0007138953246986688,0.011225175692352287
2024-05-30,179.32000732421875,181.33999633789062,178.36000061035156,181.30999755859375,29184700,184.82200088500977,182.29280059814454,182.84176801445122,41.857120255464885,-0.2520552254326276,0.531757236252585,190.58073052568818,179.06327124433136,3.711446981602975,-0.014833517662161122,-0.014944634490046925,0.01069553542647907
2024-05-31,176.44000244140625,179.2100067138672,173.8699951171875,178.3000030517578,58903900,184.40800094604492,182.25860076904297,182.2320760551136,36.74515314920883,-0.715090672112666,0.2823876545795348,191.22906259889533,177.58693929319452,3.8356302119907086,-0.016060700229647673,-0.01619107105787046,0.008299569135306353
2024-06-03,178.33999633789062,178.6999969482422,175.9199981689453,177.6999969482422,30786600,184.0145004272461,182.26240081787108,181.86140179633045,41.79547567660762,-0.9181520853519487,0.0422797065932381,191.26861667019872,176.76038418429349,3.760227966798292,0.01076849847083472,0.010710931098535235,0.00849614619173263
2024-06-04,179.33999633789062,179.82000732421875,176.44000244140625,177.63999938964844,27198400,183.5465003967285,182.27180084228516,181.6212679431457,44.31542991510258,-0.9870104337832686,-0.16357832148206325,190.7385465950393,176.3544541984177,3.733069175085021,0.00560726713319748,0.0055916049316681584,0.00790789941265947
2024-06-05,181.27999877929688,181.5,178.75,180.10000610351562,32116400,183.17250061035156,182.30320068359376,181.58876611801725,48.93446007411489,-0.8749532706040952,-0.30585331130646964,190.01043355144824,176.33456766925488,3.662849948293234,0.010817455564965828,0.010759365441920877,0.008436417151114395
2024-06-06,185.0,185.0,181.49000549316406,181.75,31371200,183.02250061035156,182.4372006225586,181.91364553534893,56.40244672851792,-0.48043598531526754,-0.34076984610822925,189.5550596525154,176.4899415681877,3.666932182036798,0.020520748266509736,0.02031303453242799,0.009799410643673824
2024-06-07,184.3000030517578,186.2899932861328,183.36000061035156,184.89999389648438,28021500,182.76250076293945,182.52660064697267,182.14091767976882,54.77903844622136,-0.2217064045605639,-0.31695715779869615,188.6224265974291,176.9025749284498,3.6142936458756876,-0.003783767287795614,-0.0037909438439048654,0.00959835042919424
2024-06-10,187.05999755859375,187.22999572753906,183.7899932861328,184.07000732421875,34445600,182.7415008544922,182.6602005004883,182.60940147775216,59.703855105004486,0.20369902711235,-0.21282592081648696,188.5363011784574,176.94670053052698,3.6018442741278704,0.014975553234585881,0.014864526720524128,0.009992775961335533
2024-06-11,187.22999572753906,187.77000427246094,184.5399932861328,187.05999755859375,27265100,182.7745002746582,182.785400390625,183.04945807296994,59.99286217439721,0.5482336320470154,-0.0606140102437865,188.66289392955494,176.88610661976148,3.5752847535707457,0.0009087895389929823,0.0009083768397987709,0.009930305857767021
2024-06-12,186.88999938964844,188.35000610351562,185.42999267578125,188.02000427246094,33984200,182.7654998779297,182.90940032958986,183.4152239126536,59.08021748488136,0.7847982598758279,0.1084684437801364,188.62809710415934,176.90290265170006,3.5284796588681475,-0.0018159287809064173,-0.0018175795783648761,0.00992265282581809
2024-06-13,183.8300018310547,187.6699981689453,182.6699981689453,186.08999633789062,39721500,182.65749969482422,182.93780029296875,183.45472657154895,51.488440967840624,0.717094977747081,0.2301937505735253,188.3557920414749,176.95920734817355,3.63358825466328,-0.016373254687715777,-0.016508777761010902,0.01051271542978209
2024-06-14,183.66000366210938,183.72000122070312,182.22999572753906,183.0800018310547,25456400,182.65899963378905,183.01100036621094,183.47427677064994,51.09562162585567,0.6423179657047342,0.3126185935997671,188.35833084379797,176.95966842378013,3.4883323867241613,-0.0009247574783878276,-0.000925185330377967,0.010118400255462874
2024-06-17,184.05999755859375,185.0,181.22000122070312,182.52000427246094,35601900,182.62699966430665,182.99080017089844,183.53005970283505,52.02311113959825,0.6083204697705185,0.3717589688339174,188.28718563993806,176.96681368867524,3.509165700479355,0.002177904217078641,0.002175536021534634,0.010041486726521828
2024-06-18,182.80999755859375,184.2899932861328,181.42999267578125,183.74000549316406,36659200,182.5904998779297,182.9432000732422,183.46148235576447,48.90186499124639,0.4750367282862271,0.3924145207243794,188.23606118893107,176.9449385669283,3.4627967654702267,-0.006791263808433312,-0.006814429382413544,0.010058599698132687
2024-06-20,186.10000610351562,186.50999450683594,182.72000122070312,182.91000366210938,44726800,182.73800048828124,182.9518002319336,183.71277033174078,56.3286377261046,0.6276494446294976,0.4394615055054031,188.58488486153385,176.89111611502864,3.4861679455175545,0.017996874289478493,0.017836847681061675,0.01082770952599037
2024-06-21,189.0800018310547,189.27999877929688,185.86000061035156,187.8000030517578,70792500,183.03550033569337,183.01440032958985,184.22393523643737,61.7513273995281,0.9777855688089119,0.5471263181661049,189.5043097280489,176.56669094333785,3.4814415329052513,0.01601287280926522,0.015886019163884733,0.011340161898437146
2024-06-24,185.57000732421875,191.0,185.3300018310547,189.3300018310547,50610400,183.2615005493164,182.94480041503905,184.35213257813083,53.348662791733055,0.9609663257396619,0.6298943196808163,189.75284061208237,176.77016048655042,3.637767006908113,-0.0185635417434159,-0.018738006784044702,0.011877280404666563
2024-06-25,186.33999633789062,188.83999633789062,185.4199981689453,186.80999755859375,45366400,183.54100036621094,182.94900024414062,184.5414529362032,54.801631513046324,0.9982612979214593,0.703567715328945,190.05705097084143,177.02494976158044,3.62221208991077,0.004149318226444709,0.004140733544431204,0.011872140842947677
2024-06-26,193.61000061035156,194.8000030517578,186.25999450683594,186.9199981689453,65103900,184.1140007019043,183.1488003540039,185.40512414326497,65.67259359371675,1.5960481691101052,0.8820638060851771,191.9265272667759,176.3014741370327,3.973483265268706,0.03901472799901873,0.03827288718411035,0.014494600133119921
2024-06-27,197.85000610351562,199.83999633789062,194.1999969482422,195.00999450683594,74397500,184.90550079345704,183.43940032958983,186.5903509966222,70.1776796381293,2.3844451796771295,1.1825400808035675,194.67219349961042,175.13880808730366,4.134662726859445,0.0218997235669518,0.02166336912708652,0.015048393392790666
2024-06-28,193.25,198.85000610351562,192.5,197.72999572753906,76930200,185.60200042724608,183.6788003540039,187.22460328265817,60.847658249399714,2.6080099269386494,1.467634050030584,195.65856173813046,175.5454391163617,4.292901539477744,-0.023249966952787915,-0.02352451121310858,0.015714133955159647
2024-07-01,197.1999969482422,198.3000030517578,192.82000732421875,193.49000549316406,41192000,186.6400001525879,184.03840026855468,188.17464077461855,65.13419338013611,3.0685460532632476,1.7878164506771168,196.98112750515645,176.29887280001935,4.377693981482124,0.02043982896891161,0.020233739225558187,0.015394585842554941
2024-07-02,200.0,200.42999267578125,195.92999267578125,197.27999877929688,45600000,187.72300033569337,184.54580017089845,189.3008654627501,67.82346316034693,3.617757836669057,2.153804727875505,198.86603689918854,176.5799637721982,4.386430125661972,0.014198798656638534,0.01409893985494711,0.015473061111972738
2024-07-03,197.58999633789062,200.02999877929688,196.75999450683594,199.94000244140625,31597900,188.63550033569337,184.95300018310547,190.09030649847776,63.297946610126154,3.8145729550475664,2.4859583733099173,199.8717456904118,177.39925498097492,4.306685421861898,-0.012050018310546862,-0.012123208336190894,0.015983615575206157
2024-07-05,200.0,200.5500030517578,198.1699981689453,198.64999389648438,39858900,189.5715003967285,185.36220031738281,191.03408683195605,65.75846229969318,4.117552921637213,2.8122772829753764,201.30855774127522,177.8344430521818,4.210494085576562,0.012196992290986808,0.012123208336190851,0.01601309137007868
2024-07-08,199.2899932861328,201.1999969482422,197.9600067138672,200.0399932861328,34767300,190.28600006103517,185.81620025634766,191.82036363711575,64.38891721284328,4.251367996102488,3.100095425600799,202.55085120814758,178.02114891392276,4.141172381919307,-0.0035500335693359197,-0.0035563498917093785,0.015690197911953144
2024-07-09,199.33999633789062,200.57000732421875,199.0500030517578,199.39999389648438,32700100,191.0379997253418,186.32960021972656,192.53651913242766,64.44507928696589,4.311749075711504,3.3424261556229404,203.58364029717407,178.4923591535095,3.9539460883865662,0.0002509059834530092,0.0002508745118109151,0.015612717419814511
2024-07-10,199.7899932861328,200.11000061035156,197.69000244140625,200.0,32883800,191.67449951171875,186.73300018310547,193.2273261946853,64.98034274042988,4.345816640214139,3.5431042525411804,204.63317025586795,178.71582876756955,3.844378379855048,0.002257434315787954,0.0022548901390979956,0.01540166995635625
2024-07-11,195.0500030517578,200.27000427246094,192.86000061035156,200.08999633789062,44565000,192.06549987792968,187.01480010986327,193.40091446678747,55.5020622011701,3.944863896951631,3.6234561814232706,204.93576422494317,179.1952355309162,4.099065900016071,-0.023724863074531144,-0.02401082970854252,0.01655403474142905
2024-07-12,194.49000549316406,196.47000122070312,193.8300018310547,194.8000030517578,30598500,192.44550018310548,187.40460021972658,193.50463742168048,54.49079922117846,3.5410992484455903,3.606984794827735,205.12952903316307,179.7614713330479,3.9948468635612397,-0.0028710461411536325,-0.0028751754997392003,0.016569105881001238
2024-07-15,192.72000122070312,196.19000244140625,190.8300018310547,194.55999755859375,40683200,192.8900001525879,187.67900024414064,193.42991016444455,51.30866448639418,3.0432080947081204,3.494229454803812,204.94255070301932,180.83744960215648,4.092357845474834,-0.009100746683474936,-0.009142411458262565,0.016217859006744904
2024-07-16,193.02000427246094,196.6199951171875,192.24000549316406,195.58999633789062,33994700,193.35800018310547,187.84500030517577,193.39087150806517,51.82220925399521,2.6423738661969765,3.323858337082445,204.643065173075,182.07293519313595,4.11290297251402,0.0015566783408964557,0.0015554679731073517,0.016199854394755703
2024-07-17,187.92999267578125,191.5800018310547,185.99000549316406,191.35000610351562,48076100,193.55149993896484,187.87940002441405,192.87078780975241,43.44912535296167,1.8921766211474562,3.0375219938954476,204.3127733647539,182.79022651317578,4.321266958712795,-0.02637038381521739,-0.026724318518412248,0.01744968777148171
2024-07-18,183.75,189.67999267578125,181.4499969482422,189.58999633789062,51043600,193.59850006103517,187.78040008544923,192.00214135168076,38.016791934129095,0.9494052713039025,2.619898649377139,204.1783901942973,183.01860992777304,4.600461870771814,-0.022242286163404512,-0.022493376002440963,0.018149415318318925
2024-07-19,183.1300048828125,184.92999267578125,180.11000061035156,181.13999938964844,43081800,193.45,187.66780029296876,191.1571759736933,37.272419307253585,0.15048901610890653,2.126016722723492,204.51879677708874,182.38120322291124,4.616142598961662,-0.0033741230867346816,-0.0033798282769946274,0.017682758897495616
2024-07-22,182.5500030517578,185.05999755859375,182.47999572753906,185.0,39931900,193.12350006103514,187.5588003540039,190.33744521922327,36.5514035347326,-0.5234254497389657,1.5961282882310006,205.0413213026436,181.20567881942668,4.470703972682592,-0.003167158934036185,-0.003172184996925187,0.017245870170554463
2024-07-23,186.41000366210938,189.38999938964844,183.55999755859375,184.10000610351562,47537700,193.16549987792968,187.4970004272461,189.9634031661648,44.27703662334918,-0.7375358748653582,1.129395455611729,204.98203758925223,181.34896216660712,4.639939141626022,0.021144894800451786,0.02092444370758336,0.01747615144284264
2024-07-24,180.8300018310547,185.4499969482422,180.41000366210938,183.1999969482422,41532400,192.8900001525879,187.36400054931642,189.09355541996382,37.22139715046634,-1.342009591901899,0.6351144461090035,205.55658476669473,180.22341553848108,4.737086345795591,-0.029934025650088625,-0.03039119500388669,0.018706736889208424
2024-07-25,179.85000610351562,183.89999389648438,176.8000030517578,182.91000366210938,44464200,192.2020004272461,187.22960052490234,188.2132173898259,36.13239409761294,-1.8784828516982657,0.1323949865475496,206.07476511659976,178.32923573789245,4.905865238576374,-0.005419431054668911,-0.005434169444389781,0.01612267602465476
2024-07-26,182.5,183.19000244140625,180.24000549316406,180.38999938964844,29506000,191.43450012207032,187.13820037841796,187.66910144793772,41.14671910382226,-2.065993922740006,-0.3072827953099615,205.66626537050732,177.20273487363332,4.794017459955962,0.014734466536293178,0.014626968944213104,0.015598348809708593
2024-07-29,183.1999969482422,184.75,182.3800048828125,183.83999633789062,33270100,190.93199996948243,187.08240020751953,187.24347244796672,42.43243686983048,-2.1335200033517765,-0.6725302369183245,205.57561007818921,176.28838986077565,4.620873006901072,0.003835599716395466,0.0038282625594168156,0.014995333454484894
2024-07-30,181.7100067138672,185.86000061035156,179.3800048828125,184.72000122070312,39508600,190.15750045776366,187.04400024414062,186.71647571138584,40.4088430626014,-2.280971053828523,-0.9942184003003642,205.02987060301564,175.28513031251168,4.753667486946644,-0.008133134602594794,-0.008166388972744573,0.014018071565407937
2024-07-31,186.97999572753906,187.94000244140625,184.4600067138672,185.0500030517578,41667300,189.50650024414062,187.08960021972655,186.74157285578138,49.56955344286579,-1.9501034250050964,-1.1853954052413107,203.7239731714638,175.28902731681745,4.859119504131817,0.029002194810164417,0.02858958980412218,0.015355881353577547
2024-08-01,184.07000732421875,190.60000610351562,181.8699951171875,189.2899932861328,70435600,188.83050079345702,187.10020050048828,186.48713804325163,45.41772899261303,-1.9007890764766273,-1.3284741394883741,202.72838353306906,174.93261805384498,5.135611752860124,-0.015563100170141508,-0.015685476578311947,0.015481446454956123
2024-08-02,167.89999389648438,168.77000427246094,160.5500030517578,166.75,141448400,187.22550048828126,186.79520050048828,184.71693383879762,30.253893714053376,-3.1304066657225746,-1.6888606447352144,202.89434607477543,171.55665490178708,6.4487826471173255,-0.0878470841762542,-0.09194763210362274,0.023992013758649625
2024-08-05,161.02000427246094,162.9600067138672,151.61000061035156,154.2100067138672,83149400,185.31200103759767,186.35300048828125,182.4600834039084,26.239649747016045,-4.60693920091461,-2.2724763559710937,203.72672369399197,166.89727838120336,7.15172626418986,-0.04097671157906757,-0.041839920325843556,0.02502890069430012
2024-08-06,161.92999267578125,165.0800018310547,158.5399932861328,161.7100067138672,59950800,183.44150085449218,185.97060028076172,180.5048366678963,27.60784088843387,-5.638674286615952,-2.9457159421000654,203.31846388583403,163.56453782315032,7.108032141385004,0.005651399696776416,0.005635490449044775,0.025177378560302166
2024-08-07,162.77000427246094,167.5800018310547,161.42999267578125,166.5500030517578,48408200,181.5905014038086,185.61100036621093,178.81580501118816,28.918573325239734,-6.3157458726967945,-3.6197219282194117,201.92265270942082,161.25835009819636,7.0396019280913205,0.0051874985158653075,0.005174089797253657,0.02526100825708016
2024-08-08,165.8000030517578,166.69000244140625,162.5500030517578,165.1699981689453,44616200,180.12800140380858,185.2840005493164,177.57620482457574,33.58948063540822,-6.532531447799755,-4.202283832135481,200.58471380911217,159.671288998505,6.832487461059686,0.018615215947435537,0.0184440734555928,0.025807958094052882
2024-08-09,166.94000244140625,168.5500030517578,165.85000610351562,166.39999389648438,36401000,178.7505012512207,184.9824005126953,176.56323316903578,35.31181291811775,-6.5369927710247,-4.669225619913325,198.86065507424536,158.64034742819604,6.540881213841137,0.00687575011257735,0.0068522199395901024,0.025996544413207423
2024-08-12,166.8000030517578,168.5500030517578,166.11000061035156,168.13999938964844,30072800,177.45450134277343,184.7320004272461,175.63340172929503,35.1911095934078,-6.477160508098535,-5.0308125975503675,197.13274616538223,157.77625652016462,6.24796130152436,-0.000838620987187122,-0.0008389728264874979,0.026031647567763307
2024-08-13,170.22999572753906,171.0399932861328,167.10000610351562,167.80999755859375,39237900,176.31500091552735,184.60780029296876,175.11879163388969,40.55258055967905,-6.0828519347111865,-5.241220464982532,194.86280926017665,157.76719257087805,6.104534796727977,0.020563504874259175,0.020354930507755713,0.026693731305491457
2024-08-14,170.10000610351562,172.27999877929688,168.86000061035156,172.11000061035156,28843800,175.42350158691406,184.44300048828126,174.64081205956836,40.41612093286633,-5.714970008934216,-5.335970373772869,193.35631328956356,157.49068988426455,5.912782180457787,-0.0007636117446156998,-0.0007639034445704183,0.02627162307844862
2024-08-15,177.58999633789062,177.91000366210938,173.99000549316406,174.86000061035156,51698500,175.1155014038086,184.40800048828126,174.92168675274192,50.708484165761234,-4.764123467091196,-5.221600992436534,192.67337439139135,157.55762841622584,6.0482975646103565,0.04403286281963403,0.043090966761615855,0.02805291091757397
2024-08-16,177.05999755859375,178.33999633789062,176.25999450683594,177.0399932861328,31489200,174.81200103759767,184.3236004638672,175.1253354009183,50.049665624959054,-4.0071453273336886,-4.978709859415965,192.01142584818737,157.61257622700796,5.76484786935638,-0.002984395462729106,-0.002988857651035908,0.02805154332552102
2024-08-19,178.22000122070312,178.3000030517578,176.16000366210938,177.63999938964844,31129800,174.59550094604492,184.18800048828126,175.42006547899302,51.53386666495355,-3.275869907727696,-4.638141869078312,191.50645250625993,157.6845493858299,5.505930120805813,0.006551472258579993,0.006530104639669463,0.028101614170131472
2024-08-20,178.8800048828125,179.00999450683594,177.42999267578125,177.9199981689453,26255200,174.21900100708007,184.07960052490233,175.74958351745204,52.40048628288048,-2.6129516098313275,-4.233103817228915,190.37969943774922,158.0583025764109,5.225506671537874,0.003703308593809629,0.0036964682293246748,0.027651346162151706
2024-08-21,180.11000061035156,182.38999938964844,178.88999938964844,179.9199981689453,35599100,174.18300094604493,183.9406005859375,176.16486133582342,54.049492879598986,-1.965674633387124,-3.7796179804605567,190.28774244150785,158.078259450582,5.102970088344878,0.006876093995775934,0.006852561474421805,0.026886606688894425
2024-08-22,176.1300048828125,181.47000122070312,175.67999267578125,181.3800048828125,32047500,173.99700088500975,183.71860076904298,176.16154167363192,48.227420536410214,-1.7536404832885353,-3.3744224810261523,189.92055230797638,158.07344946204313,5.1520442638146635,-0.022097583221652117,-0.02234539227075752,0.027323696456947176
2024-08-23,177.0399932861328,178.97000122070312,175.24000549316406,177.33999633789062,29150100,173.7240005493164,183.52160064697264,176.24520373196535,49.56510904266416,-1.494940686983,-2.998526122217522,189.23699945176787,158.21100164686493,5.050469368366406,0.005166572293719973,0.005153271352930898,0.027122652032804204
2024-08-26,175.5,177.47000122070312,174.3000030517578,176.6999969482422,22366200,173.3390007019043,183.35500061035157,176.17423194796865,47.33608290003903,-1.398067767552135,-2.6784344512844447,188.2632148747412,158.41478652906738,4.916149996979185,-0.00869856159361615,-0.008736614913990125,0.027146015683289313
2024-08-27,173.1199951171875,174.88999938964844,172.25,174.14999389648438,29842000,172.9095001220703,183.14420043945313,175.883352249799,44.03977415101114,-1.4960957242616928,-2.4419667058798944,187.3313283710531,158.48767187308752,4.797139282909243,-0.013561281383547064,-0.013654075452589952,0.027239810703830383
2024-08-28,170.8000030517578,173.69000244140625,168.9199981689453,173.69000244140625,29045000,172.10050048828126,182.8790005493164,175.39922375474745,41.03969298604912,-1.7409193226380637,-2.3017572292315283,185.0103972606998,159.19060371586272,4.795201067877222,-0.013401063602498708,-0.013491668231426824,0.026330289666419527
2024-08-29,172.1199951171875,174.2899932861328,170.80999755859375,173.22000122070312,26407800,171.50299987792968,182.66520050048828,175.086916265456,43.40211576868441,-1.8075946344070815,-2.2029247102666387,183.18990126307108,159.81609849278829,4.7019717226270625,0.007728290643119529,0.007698580379841969,0.026315188125691953
2024-08-30,178.5,178.89999389648438,172.60000610351562,172.77999877929688,43429400,172.03300018310546,182.51320037841796,175.41197185922212,53.16917959518285,-1.3302874990227735,-2.0283972680178657,183.97684103993453,160.0891593262764,4.850402226674906,0.037067191865004956,0.036396721617948,0.018898867536073654
2024-09-03,176.25,178.25999450683594,175.25999450683594,177.5500030517578,37817500,172.79449996948242,182.25660034179688,175.4917840631057,49.898786171138624,-1.120656125157268,-1.8468490394457462,183.73228806489797,161.85671187406686,4.735373888566989,-0.012605042016806678,-0.012685159527315687,0.0162904042902796
2024-09-04,173.3300018310547,175.97999572753906,172.5399932861328,174.47999572753906,30309200,173.3645004272461,182.0118002319336,175.28590004100562,45.94877165214927,-1.1765783371710086,-1.7127948989907988,183.1002826266682,163.628718227824,4.662133376088432,-0.016567365497562103,-0.016706139175178974,0.01696251533123356
2024-09-05,177.88999938964844,179.8800048828125,175.0,175.0,40170500,174.12050018310546,181.84280029296875,175.5339095027811,52.29917506473789,-0.843223246898873,-1.5388805685724138,182.73134630460459,165.50965406160634,4.796981210064816,0.026308183871355473,0.025968075788917713,0.017711247208735896
2024-09-06,171.38999938964844,178.3800048828125,171.16000366210938,177.24000549316406,41466500,174.4,181.3984002685547,175.13925139676846,44.30798941723793,-1.0909567431597225,-1.4492958034898755,182.24086619906384,166.55913380093617,4.970054067967553,-0.03653943460735232,-0.03722372046282126,0.019606446206299453
2024-09-09,175.39999389648438,175.85000610351562,173.50999450683594,174.52999877929688,29037400,174.8229995727539,180.94940002441408,175.16408401578903,49.44054723742286,-0.9527317810733678,-1.3499829990065741,181.8822596643767,167.7637394811311,4.933622114103241,0.023396899008788496,0.023127387297091972,0.020169686399588625
2024-09-10,179.5500030517578,180.5,176.7899932861328,177.49000549316406,36233800,175.46049957275392,180.6754000854492,175.5817905906432,54.14999812096295,-0.5025236669830804,-1.1804911326018754,181.7694413052554,169.15155784025242,4.945506684775554,0.023660258265018275,0.02338469252840609,0.0206829866773235
2024-09-11,184.52000427246094,184.99000549316406,175.72999572753906,180.10000610351562,42564700,176.175,180.4218002319336,176.4330490365306,59.067335911484626,0.25239758721193084,-0.8939133886391142,183.15382463798895,169.19617536201108,5.2536854762648,0.02768031821904482,0.02730414417528586,0.02104299859933252
2024-09-12,187.0,187.41000366210938,183.5399932861328,184.8000030517578,33544200,177.0199996948242,180.1618002319336,177.4394253187658,61.29784964337956,1.0388181995363652,-0.5073670710040183,184.88783994627352,169.1521594433749,5.154851540529926,0.013440254011034547,0.013350735010507195,0.02110456621208662
2024-09-13,186.49000549316406,188.5,185.91000366210938,187.0,26495400,177.4650001525879,179.93980041503906,178.3013853353752,60.56692989020979,1.6024379983958283,-0.08540605712404903,186.3521836953186,168.5778166098572,4.971647597484262,-0.0027272433520638684,-0.002730969055689944,0.019036709883796937
2024-09-16,184.88999938964844,185.80999755859375,183.36000061035156,185.2899932861328,26065500,177.85650024414062,179.63760040283202,178.92887238816311,58.22136388495644,1.898123245673105,0.31129980343538177,187.3096615856857,168.40333890259555,4.840101689293421,-0.008579580976924128,-0.008616597457795744,0.019164089843813126
2024-09-17,186.8800048828125,189.4499969482422,186.13999938964844,186.85000610351562,26091700,178.28950042724608,179.38940063476562,179.68612310193924,60.281618794052164,2.2669013192547425,0.7024201065992539,188.5301353350943,168.04886551939788,4.820094251386302,0.010763186217390919,0.010705675426824473,0.019235808687824308
2024-09-18,186.42999267578125,188.8000030517578,185.05999755859375,186.4499969482422,34448100,178.66699981689453,179.13120056152343,180.3283963946861,59.5662635568587,2.4940979664372094,1.060755678566845,189.5060202461761,167.82797938761297,4.742945054370428,-0.0024080275860086653,-0.002410931547252041,0.019265052988836316
2024-09-19,189.8699951171875,190.99000549316406,188.47000122070312,190.0399932861328,39543200,179.15499954223634,178.93280059814452,181.23712008254338,63.16474807642643,2.9180944179153414,1.4322234264365443,191.03846534226045,167.27153374221223,4.72987846601417,0.01845197970580159,0.018283807518041345,0.01958277946480512
2024-09-20,191.60000610351562,191.83999633789062,187.41000366210938,190.22999572753906,100378600,179.9284996032715,178.86380065917967,182.22406160835027,64.85857832296249,3.3550373070948183,1.8167862025681991,192.88878776236757,166.9682114441754,4.708458052426104,0.009111555436973395,0.009070295653554553,0.018716687886173526
2024-09-23,193.8800048828125,194.4499969482422,190.57000732421875,191.63999938964844,36993100,180.77050018310547,178.85160064697266,183.33415144401334,67.01155125502962,3.841017680645507,2.2216324981836606,194.99700416072506,166.54399620548588,4.649281736111628,0.011899784481557152,0.011829538769620484,0.01879190295912663
2024-09-24,193.9600067138672,195.3699951171875,190.1300048828125,194.27000427246094,43478900,181.69350051879883,178.87640075683595,184.3461376601899,67.08774632289746,4.1843811657549,2.6141822316979084,196.80054122885997,166.5864598087377,4.691475200273297,0.0004126358007008335,0.00041255068996117736,0.018558446960522997
2024-09-25,192.52999877929688,193.9499969482422,192.16000366210938,193.75,26391100,182.66400070190429,178.86660064697264,185.12555300486673,64.23187415478114,4.291638178786513,2.9496734211156297,197.9362021322639,167.39179927154467,4.484941475379334,-0.007372694808574054,-0.007400007450933529,0.01827907215737934
2024-09-26,191.16000366210938,194.52999877929688,189.5399932861328,194.30999755859375,36334900,183.68200073242187,178.9312008666992,185.70026259127079,61.529507606532654,4.217476533736033,3.2032340436397106,198.35784365514252,169.00615780970122,4.521017476649672,-0.007115748848874004,-0.007141186533660476,0.017988991794299896
2024-09-27,187.97000122070312,190.89999389648438,187.33999633789062,190.67999267578125,36002300,184.47450103759766,179.01560089111328,185.91642817502625,55.65765376858448,3.856837140906407,3.33395466309305,198.25163910853655,170.69736296665877,4.4709453229046066,-0.016687603998192135,-0.0168284107446147,0.018666960831658492
2024-09-30,186.3300018310547,188.49000549316406,184.64999389648438,187.13999938964844,41583900,184.8660011291504,179.07960083007814,185.95581614226705,52.86450955929766,3.3995061879094806,3.3470649680563365,198.3843622816061,171.3476399766947,4.425878628174255,-0.008724793206352333,-0.008763077056375612,0.017225072975870632
2024-10-01,185.1300048828125,186.19000244140625,183.4499969482422,184.89999389648438,36044900,185.31000137329102,179.13120086669923,185.87716745089045,50.8535164091905,2.90673139766281,3.2589982539776314,198.23766117257105,172.38234157401098,4.31545907493413,-0.006440170323887107,-0.006460997690134298,0.016998164738899077
2024-10-02,184.75999450683594,186.60000610351562,184.0399932861328,184.44000244140625,23704100,185.8815010070801,179.09820068359375,185.77077002764716,50.21915864332662,2.4580126414353742,3.0988011314691803,197.59364702155884,174.16935499260134,4.190070056537607,-0.0019986515757441925,-0.002000651545077023,0.016436507185224585
2024-10-03,181.9600067138672,183.44000244140625,180.8800048828125,183.0500030517578,30204300,186.08500137329102,179.12080078125,185.40784018823956,45.585084725965864,1.8550799726849334,2.8500568997123312,197.36824197811447,174.80176076846757,4.167921454215167,-0.015154729791167831,-0.015270736231762942,0.01599417753566434
2024-10-04,186.50999450683594,187.60000610351562,183.60000610351562,185.75,40890300,186.84100112915038,179.2540005493164,185.51280726620112,53.15056733731118,1.7245183043260113,2.6249491806350678,195.88936469367187,177.7926375646289,4.273069878174686,0.02500542770436165,0.024697907897679776,0.0141550276957229
2024-10-07,180.8000030517578,183.60000610351562,180.25,182.9499969482422,42364200,187.11100158691406,179.22000061035158,185.0639687695875,44.74327156682863,1.1470758748154708,2.3293745194711484,195.02937796478463,179.19262520904348,4.414993065936204,-0.03061493551686767,-0.031093362659704415,0.015421686453632918
2024-10-08,182.72000122070312,183.08999633789062,180.9199981689453,181.9199981689453,26372100,187.26950149536134,179.2104006958008,184.84073376493185,47.73687217827473,0.8347538722964316,2.030450390036205,194.68722571854417,179.8517772721785,4.263207367378819,0.010619458719785868,0.010563468311108654,0.014700011466900066
2024-10-09,185.1699981689453,185.85000610351562,182.0500030517578,182.82000732421875,26343100,187.30200119018554,179.27960052490235,184.87209227959983,51.358199219168895,0.7759856340310591,1.779557438835176,194.67682617646946,179.9271762039016,4.230121344834462,0.013408477078997505,0.013319379012842232,0.013644038017312465
2024-10-10,186.64999389648438,188.1300048828125,185.8300018310547,187.1300048828125,27785000,187.28450088500978,179.27300048828124,185.04141624311265,53.456237644857694,0.8391613386235974,1.5914782187928604,194.6637691613381,179.90523260868144,4.139398871193942,0.007992632403596822,0.00796086049904925,0.01341969218518162
2024-10-11,188.82000732421875,189.92999267578125,186.3000030517578,186.6300048828125,25751600,187.4010009765625,179.36800048828124,185.40128206036084,56.42405551329233,1.052201365361583,1.483622848106605,194.7999618919976,180.0020400611274,4.103012496396048,0.011626110360002828,0.01155904643352474,0.013648463486783245
2024-10-14,187.5399932861328,189.8300018310547,187.36000061035156,189.77999877929688,22614400,187.53350067138672,179.76080047607422,185.6049688437677,54.22754786433972,1.1050127865156867,1.4079008357884213,194.8422102654361,180.22479107733733,3.986368833846554,-0.006779016992029097,-0.006802098901968148,0.013589776612139053
2024-10-15,187.69000244140625,188.41000366210938,184.5800018310547,187.6300048828125,32178900,187.5740005493164,180.29420043945314,185.80354347211423,54.45133329405022,1.1457630600740174,1.3554732806455405,194.87675086555802,180.27125023307477,3.9751997622185633,0.0007998782160802964,0.0007995584839864811,0.013386412943039877
2024-10-16,186.88999938964844,187.77999877929688,185.61000061035156,187.0500030517578,23456800,187.59700088500978,180.79340057373048,185.90701546426033,52.964137682722104,1.1008148764244936,1.3045415998013312,194.88808220631887,180.30591956370068,3.846256791270474,-0.004262363692000948,-0.0042714734594326426,0.013412564126913868
2024-10-17,187.52999877929688,188.94000244140625,186.0,188.22000122070312,25039400,187.48000106811523,181.2886004638672,186.06158530378764,54.045473216633816,1.1041082465123395,1.264454929143533,194.69614327194273,180.26385886428773,3.7815243377087433,0.0034244710350397334,0.003418620886077508,0.012740895895988438
2024-10-18,188.99000549316406,190.74000549316406,186.27999877929688,187.14999389648438,37417700,187.34950103759766,181.75240051269532,186.34048246468063,56.50220948899981,1.210573864108909,1.2536787161366083,194.35419386800703,180.3448082071883,3.8299873645772036,0.007785456851548744,0.007755306570388279,0.012691365178284009
2024-10-21,189.07000732421875,189.4600067138672,186.39999389648438,188.0500030517578,24639400,187.10900115966797,182.19500061035157,186.60043721320807,56.639001040775,1.286573296166324,1.2602576321425516,193.50406903774706,180.71393328158888,3.774989182634747,0.0004233124965837831,0.0004232229251258213,0.012350919249961815
2024-10-22,189.6999969482422,191.52000427246094,186.97999572753906,188.35000610351562,29650600,186.89600067138673,182.65300048828124,186.89563337844942,57.7653655846009,1.3817107893395075,1.2845482635819427,192.611839432912,181.18016190986145,3.8296334227981133,0.003332044214411578,0.0033265052557146266,0.012387961591595963
2024-10-23,184.7100067138672,189.16000366210938,183.69000244140625,188.85000610351562,31937100,186.50500106811523,182.9426007080078,186.687478458013,47.287416930808966,1.042440820401481,1.2361267749458504,191.6689740511193,181.34102808511116,3.9853735002293864,-0.026304640562205495,-0.026656796914304174,0.013564998259548912
2024-10-24,186.3800048828125,187.11000061035156,183.86000061035156,185.25,21647400,186.2660011291504,183.26820068359376,186.65819526037487,50.52202481474064,0.8979705753613416,1.1684955350289488,190.9678569399069,181.56414531839388,3.932846821641573,0.009041189476714617,0.009000562616286057,0.013723430576784837
2024-10-25,187.8300018310547,190.4499969482422,187.52999877929688,187.85000610351562,29362100,186.25900115966797,183.47300079345703,186.7697958861539,53.206904886053216,0.890217626253957,1.1128399532739506,190.9510954088879,181.56690691044804,3.942642910483581,0.007779788122410869,0.00774968161813032,0.013353402366809267
2024-10-28,188.38999938964844,190.2100067138672,188.2100067138672,189.57000732421875,27930800,186.36200103759765,183.6996008300781,186.9241009817248,54.23967997672634,0.9186706180803696,1.0740060862352345,191.14536125990134,181.57864081529397,3.8310259085070757,0.002981406341556969,0.0029769707636567114,0.013204357718372677
2024-10-29,190.8300018310547,191.4600067138672,187.82000732421875,188.5800018310547,35690200,186.64700088500976,183.95180084228517,187.29609153880384,58.534094353387275,1.1251377367109114,1.08423241633037,191.76995693373817,181.52404483628135,3.8173811571600305,0.012951868195294036,0.01286871001658346,0.01336857752000946
2024-10-30,192.72999572753906,195.61000061035156,192.4199981689453,194.6999969482422,37707600,187.0455009460449,184.22880065917968,187.81360622344528,61.559286494214206,1.4256441064491412,1.1525147543541243,192.7286229858411,181.36237890624872,3.8861395587412337,0.009956473710913016,0.009907234588807736,0.013465988694430267
2024-10-31,186.39999389648438,190.60000610351562,185.22999572753906,190.50999450683594,75146800,187.2675003051758,184.35460052490234,187.67897647802042,48.788547935221956,1.139879502411219,1.1499877039655433,192.46477139782652,182.07022921252505,4.144272447402574,-0.03284388507953562,-0.03339535403553647,0.015142460128162073
2024-11-01,197.92999267578125,200.5,197.02000427246094,199.0,99687800,187.83850021362304,184.7906002807617,188.65526373495,63.600879764054184,1.8227717579674163,1.2845445147659178,194.790510637411,180.88648978983508,4.855396279982078,0.06185621865256041,0.060018526321249224,0.01972522604289729
2024-11-04,195.77999877929688,197.3300018310547,194.30999755859375,196.4499969482422,38492100,188.5875,185.165400390625,189.33380992964973,60.1095378629521,2.165519490572933,1.460739509927321,195.5726154354591,181.6023845645409,4.767153339782466,-0.01086239567545566,-0.01092182223034851,0.018394837581547197
2024-11-05,199.5,199.82000732421875,195.99000549316406,196.0399932861328,30564800,189.42649993896484,185.645400390625,190.30201850777834,63.81117836394135,2.7061279882478573,1.7098172055914282,197.35790441240758,181.4950954655221,4.715214425863853,0.0190009257528736,0.018822662731709527,0.018643859170735234
2024-11-06,207.08999633789062,207.5500030517578,199.13999938964844,200.00999450683594,72292200,190.52249984741212,186.32480041503905,191.90087353921763,69.94023833462981,3.7043123824603015,2.108716240965203,201.3335392640186,179.71146043080563,4.9791279427385335,0.038045094425516846,0.03733922736991443,0.02002185399772823
2024-11-07,210.0500030517578,212.25,207.19000244140625,207.44000244140625,52878400,191.69250030517577,187.10980041503908,193.62936206422145,71.93641249750381,4.680277188348811,2.623028430441925,205.28177492871265,178.1032256816389,4.992047636979308,0.01429333510169939,0.014192148444279072,0.02010760160013302
2024-11-08,208.17999267578125,209.9600067138672,207.44000244140625,209.72000122070312,36075800,192.6604995727539,187.83100036621093,195.01513640817953,68.82679859002164,5.2424108702251715,3.1469049183985742,207.94570589176715,177.37529325374067,4.821901420791612,-0.008902691496347037,-0.008942557238934116,0.02033401607250633
2024-11-11,206.83999633789062,209.64999389648438,205.58999633789062,208.5,35456000,193.6254997253418,188.39780029296875,196.1413135443425,66.60497960884203,5.516192128271172,3.620762360373094,209.90064457302483,177.35035487765876,4.767479716348908,-0.006436720074140534,-0.006457525082191786,0.020323645413902292
2024-11-12,208.91000366210938,209.5399932861328,206.00999450683594,208.3699951171875,38942900,194.68649978637694,189.05100036621093,197.3573792698441,68.30700985316119,5.832959314959737,4.063201751290423,212.00858516349277,177.36441440926112,4.679088220845192,0.010007771034946433,0.009958024917575062,0.020325330953273612
2024-11-13,214.10000610351562,215.08999633789062,209.13999938964844,209.39999389648438,46212900,196.0470001220703,189.86640045166016,198.9519151587652,72.14084832605923,6.428683552677398,4.5362981115678185,214.91153189405665,177.18246835008395,4.786295681912053,0.024843245179395845,0.024539669362855586,0.020624559155752613
2024-11-14,211.47999572753906,215.89999389648438,210.8800048828125,214.16000366210938,42620300,197.24449996948243,190.53820037841797,200.1450656891246,67.68930328352106,6.613154038815026,4.9516692970172596,216.82158207420883,177.66741786475603,4.80298806275204,-0.012237320417028852,-0.012312812938838414,0.02106092029378421
2024-11-15,202.61000061035156,207.33999633789062,199.61000061035156,206.75999450683594,86591100,197.9254997253418,191.16260040283203,200.37982139590815,55.25769435168128,5.974740660613662,5.156283569736541,217.2526175828703,178.59838186781332,5.307774280926002,-0.041942478231440816,-0.04284745921407266,0.02364513872475977
2024-11-18,201.6999969482422,204.6699981689453,200.9499969482422,204.14999389648438,36409900,198.55699920654297,191.68860046386717,200.50555240089236,54.15873841927098,5.333878141562735,5.19180248410178,217.50713733331224,179.6068610797737,5.19436191948151,-0.004491405455644082,-0.004501522120521847,0.02370697957624098
2024-11-19,204.61000061035156,205.3000030517578,198.77999877929688,199.3300018310547,31197900,199.30249938964843,192.18980041503906,200.89645223036467,57.09712538518895,5.00312998553369,5.1540679843881625,217.97127332715667,180.6337254521402,5.289050658980041,0.014427385751800914,0.01432430133148399,0.023832248938420324
2024-11-20,202.8800048828125,203.1300048828125,199.4499969482422,202.97999572753906,32769000,200.21099929809571,192.5570004272461,201.08536200678827,54.846329191044376,4.548975731342182,5.033049533778967,217.68077813491476,182.74122046127667,5.279833016346422,-0.00845508881471324,-0.008491035845116046,0.022953382018602253
2024-11-21,198.3800048828125,203.49000549316406,195.75,203.49000549316406,58800000,200.8109992980957,192.78460052490234,200.82770894736203,49.392120324441,3.7823423329717514,4.782908093617524,217.12554493731017,184.49645365888125,5.455559621833396,-0.022180598835253806,-0.022430287385072762,0.023709789714147285
2024-11-22,197.1199951171875,199.25999450683594,196.75,198.25,31530800,201.27549896240234,192.9972003173828,200.47459334448826,47.95412893228207,3.038086414677565,4.433943757829533,216.58317033940412,185.96782758540056,5.245162113619292,-0.006351495788949668,-0.00637175235688548,0.023782520625845748
2024-11-25,201.4499969482422,201.9499969482422,199.0,199.27999877929688,40685700,201.92849884033203,193.32840026855467,200.56748892579816,53.01638276915401,2.7657711100619338,4.1003092282760125,216.05004399960902,187.80695368105503,5.215507807721821,0.021966324768223133,0.021728540914003922,0.024170767844629727
2024-11-26,207.86000061035156,208.0,201.7899932861328,201.89999389648438,41673700,202.77999877929688,193.74800018310546,201.26201384813658,59.323816742469255,3.032239227809839,3.886695228182778,216.15606115122955,189.4039364073642,5.310828896581534,0.03181932866326265,0.03132358260823746,0.024910526455891015
2024-11-27,205.74000549316406,207.63999938964844,205.0500030517578,206.97999572753906,28061600,203.4304992675781,194.13420043945314,201.68848924290108,56.61666967800186,3.0373386927334423,3.716823921092911,216.03122371968706,190.82977481546916,5.132198086725263,-0.010199148999145757,-0.010251516694207487,0.02508845324084443
2024-11-29,207.88999938964844,208.1999969482422,204.58999633789062,205.8300018310547,24892400,204.50499954223633,194.49460052490235,202.279109256877,58.67620846936756,3.178229938273688,3.6091051245290666,214.51149038497402,194.49850869949864,5.023469695555713,0.010450052683389277,0.010395828320660513,0.02360532259325165
2024-12-02,210.7100067138672,212.99000549316406,209.50999450683594,209.9600067138672,39523200,205.1440002441406,194.87680053710938,203.08205187182847,61.27312076467065,3.4773535218879204,3.5827548040008375,215.0207836850625,195.26721680321873,5.028936581838564,0.01356490130596999,0.01347372166869659,0.019710920859561908
2024-12-03,213.44000244140625,214.02000427246094,209.64999389648438,210.30999755859375,32214800,206.0270004272461,195.26800048828125,204.06852335464538,63.65437454207886,3.8898590825074564,3.6441756597021615,215.54855070281047,196.5054501516817,4.981870424276992,0.012956175029913197,0.012872961773847143,0.019527759639879388
2024-12-04,218.16000366210938,220.0,215.75,215.9600067138672,48745700,206.96000061035156,195.7520004272461,205.41056909821336,67.3880361949267,4.545242635271052,3.82438905481594,217.35709486150594,196.56290635919717,5.094593791013904,0.02211394849472459,0.021872981158048213,0.0196613018766306
2024-12-05,220.5500030517578,222.14999389648438,217.3000030517578,218.02999877929688,41140200,207.63300094604492,196.31240051269532,206.85241995093187,69.11796822720017,5.197577362846715,4.099026716422095,219.60054474390353,195.6654571481863,5.07712215199338,0.010955259211262725,0.01089568506430291,0.018112785991424785
2024-12-06,227.02999877929688,227.14999389648438,220.60000610351562,220.75,44178100,208.48200073242188,197.02980041503906,208.77409412506188,73.25968354444184,6.16635690986385,4.512492755110447,223.1250614492742,193.83894001556956,5.185898487188608,0.029381072944344444,0.0289577215747153,0.018891757236815944
2024-12-09,226.08999633789062,230.0800018310547,225.6699981689453,227.2100067138672,46819400,209.37750091552735,197.79220031738282,210.4232276691408,71.7562878997384,6.780114401119903,4.966017084312338,225.90631227390526,192.84868955714944,5.130477428254376,-0.004140432746599476,-0.004149028072046304,0.018749190797021052
2024-12-10,225.0399932861328,229.05999755859375,224.1999969482422,226.08999633789062,31199900,210.28750076293946,198.56640014648437,211.8153005850448,70.0275721752787,7.099951344258727,5.3928039363016165,228.11063610965195,192.46436541622697,5.111157655547032,-0.004644181824783544,-0.004654999543156226,0.01869937013360165
2024-12-11,230.25999450683594,231.1999969482422,226.25999450683594,226.41000366210938,35385800,211.3550003051758,199.46899993896486,213.5719381014059,73.45180540609016,7.686035071226883,5.85145016328667,231.16677796680855,191.54322264354303,5.186075227444342,0.02319588240507109,0.02293094704166905,0.019135267590041666
2024-12-12,228.97000122070312,231.08999633789062,227.6300048828125,229.8300018310547,28204100,212.09850006103517,200.3532000732422,215.03842030324373,71.28441312762898,7.954721887807011,6.272104508190738,233.33163470127002,190.86536542080032,5.0627835294181835,-0.0056023335225716675,-0.005618085452278564,0.01868359753048804
2024-12-13,227.4600067138672,230.1999969482422,225.86000061035156,228.39999389648438,28768100,212.89750061035156,201.2632000732422,216.2214285328269,68.72794146143758,7.9541239983964545,6.608508406231882,235.15533219714365,190.63966902355946,5.011155872880501,-0.006594726378065796,-0.006616567663893641,0.018474416522149678
2024-12-16,232.92999267578125,233.0,228.00999450683594,230.22999572753906,37552100,214.41350021362305,202.19160003662108,217.8127203559654,72.56615097279348,8.299362435297041,6.946679212044915,237.7654094327388,191.0615909945073,5.048929973827094,0.024048121869595374,0.023763519526408726,0.0155311976638902
2024-12-17,231.14999389648438,232.72999572753906,227.85000610351562,232.38999938964844,35948100,215.88600006103516,203.19859985351562,219.0829368836339,69.57364424699189,8.333274556625128,7.2239982809609575,239.55737627955762,192.2146238425127,5.051148302286989,-0.00764177579215608,-0.0076711237701660145,0.01567041455465446
2024-12-18,220.52000427246094,231.39999389648438,220.11000061035156,230.77000427246094,43281400,216.68150024414064,203.95459991455078,219.21980044447454,54.98956140828871,7.4169014103746065,7.262578906843688,239.84759478330466,193.51540570497662,5.496780086847404,-0.045987410359975445,-0.047078410933269275,0.019507153294479437
2024-12-19,223.2899932861328,226.08999633789062,222.9199981689453,224.91000366210938,39918700,217.70199966430664,204.71699981689454,219.6074378579658,57.49021300836273,6.835389933230516,7.177141112121054,240.13279191840923,195.27120741020406,5.5020095138889955,0.012561168873593154,0.012482931876037162,0.01937029852852794
2024-12-20,224.9199981689453,226.2100067138672,218.72999572753906,219.83999633789062,88279200,219.02899932861328,205.48239990234376,220.113395982821,58.93597563762097,6.431922471040195,7.028097383904883,239.8099697757749,198.24802888145166,5.643295333348933,0.00729994595290151,0.007273430311082978,0.018285719158495268
2024-12-23,225.05999755859375,226.8800048828125,223.89999389648438,225.00999450683594,28070000,220.4259994506836,206.20719970703124,220.58450089479936,59.06474941625202,6.053685265694497,6.833214960262806,238.73763482779557,202.11436407357164,5.453060737133161,0.0006224408269079884,0.0006222471909635992,0.018094093625692004
2024-12-24,229.0500030517578,229.13999938964844,226.1300048828125,226.94000244140625,15007500,221.80599975585938,207.03739990234374,221.39073919546206,62.65881547830623,6.006648745112585,6.667901717232763,238.25456626613297,205.35743324558578,5.354985100984699,0.017728630305015702,0.017573311182246015,0.01793130270398253
2024-12-26,227.0500030517578,228.5,226.6699981689453,228.5,16146700,222.7654998779297,207.8245999145508,221.92971670558546,59.82349864730075,5.741800773202414,6.482681528426693,238.04537271725857,207.48562703860082,5.142486513972399,-0.00873171784917226,-0.00877006267142877,0.017206898595700758
2024-12-27,223.75,226.02999877929688,220.89999389648438,225.60000610351562,27367100,223.66599960327147,208.5617999267578,222.10307701933922,55.371312988415774,5.205617067170152,6.227268636175386,236.79806993713856,210.53392926940438,5.214452416922472,-0.014534256804240364,-0.014640913829901727,0.017428571874757725
2024-12-30,221.3000030517578,223.0,218.42999267578125,220.05999755859375,28321200,224.33649978637695,209.23720001220704,222.02659378433148,52.26160177415517,4.530765494582312,5.887968007856771,235.38168609805876,213.29131347469513,5.22199205315792,-0.010949707031249978,-0.011010096307821616,0.01768930955373219
2024-12-31,219.38999938964844,223.22999572753906,218.94000244140625,222.97000122070312,24819700,224.770499420166,209.8451998901367,221.77548955626642,49.90838417686246,3.798038010311501,5.469982008347717,234.20448206140418,215.33651677892783,5.1554207126561264,-0.008630834323407832,-0.008668295678212696,0.01770634773648299
2025-01-02,220.22000122070312,225.14999389648438,218.19000244140625,222.02999877929688,33956600,225.10949935913087,210.4681997680664,221.6273478100223,50.94213891711706,3.246892258328046,5.025364058343783,233.29520147051,216.92379724775174,5.284318622829126,0.003783225458606987,0.0037760870596221323,0.017530182785003977
2025-01-03,224.19000244140625,225.36000061035156,221.6199951171875,222.50999450683594,27515600,225.4109992980957,211.15799987792968,221.8714101558684,55.65606702942603,3.0947765413791046,4.639246554950848,232.97090055612884,217.85109804006257,5.274010106173362,0.018027432561515733,0.017866865271653997,0.017302197273207625
2025-01-06,227.61000061035156,228.83999633789062,224.83999633789062,226.77999877929688,31849800,225.76399917602538,212.01599975585938,222.41794258010492,59.285535206883225,3.213149818883352,4.354027207737349,233.036889648789,218.49110870326174,5.229437519767005,0.015254909370185477,0.015139723199454136,0.017451833177832707
2025-01-07,222.11000061035156,228.3800048828125,221.4600067138672,227.89999389648438,28084200,225.51799926757812,212.73059967041016,222.38861477346174,51.92503868349957,2.830528884519083,4.049327543093696,232.93437723215652,218.10162130299972,5.350191851851171,-0.02416414035082548,-0.02446088330127337,0.017088786412618805
2025-01-08,222.1300048828125,223.52000427246094,220.1999969482422,223.19000244140625,25033300,225.31999969482422,213.4165997314453,222.36398526006658,51.94840611186102,2.500093691187601,3.7394807727124775,232.87487307899107,217.76512631065737,5.205178671305998,9.006470850470016e-05,9.006065292234922e-05,0.017073457426335818
2025-01-10,218.94000244140625,221.7100067138672,216.5,221.4600067138672,36811500,225.0150001525879,214.02759979248046,222.03789165828942,47.94620292581743,1.9582414937793828,3.383232916925859,233.0666586923347,216.9633416128411,5.2355234006993205,-0.014360970473526025,-0.01446508722386957,0.01732666962076826
2025-01-13,218.4600067138672,219.39999389648438,216.47000122070312,218.05999755859375,27262700,224.42500076293945,214.58019989013673,221.6971407112016,47.35501719298168,1.4731070190402136,3.00120773734873,232.5814952772912,216.2685062485877,5.070842634633744,-0.0021923619356289947,-0.002194768679336334,0.016345232364092875
2025-01-14,217.75999450683594,221.82000732421875,216.1999969482422,220.44000244140625,24711700,223.8645004272461,215.08079986572267,221.32217440602392,46.45539774921253,1.0203869323555637,2.6050435763500968,232.23258360704097,215.49641724745123,5.110068901872516,-0.003204303696411115,-0.0032094484707197966,0.016330055723284005
2025-01-15,223.35000610351562,223.57000732421875,220.75,222.8300018310547,31291300,223.65900039672852,215.81980010986328,221.51530123435646,53.97475505308407,1.0999902176527883,2.304032904610635,231.86407826620655,215.45392252725048,5.160064895837538,0.025670516796895804,0.025346561447878488,0.017447187038427896
2025-01-16,220.66000366210938,224.64999389648438,220.30999755859375,224.4199981689453,24757300,223.0455009460449,216.27440032958984,221.43384432271387,50.31315248648154,0.935234873569442,2.030273298402397,230.14664967392278,215.94435221816704,5.101488570269901,-0.012043887924316987,-0.012117003196939351,0.016591109275187456
2025-01-17,225.94000244140625,226.50999450683594,223.0800018310547,225.83999633789062,42370100,222.785001373291,216.87760040283203,221.8630022387798,56.54461462678036,1.2166915878233624,1.86755695628659,229.0054466733002,216.5645560732818,5.154953018445377,0.023928209424767255,0.02364641617601076,0.01755688768482973
2025-01-21,230.7100067138672,231.77999877929688,226.94000244140625,228.89999389648438,39951500,223.29450149536132,217.50180053710938,222.70557409355004,61.27027552555584,1.8038538376735858,1.8548163325639893,230.30810811315268,216.28089487756995,5.203884684120037,0.021111818274402117,0.02089205157407654,0.014681659961728669
2025-01-22,235.00999450683594,235.44000244140625,231.19000244140625,232.02000427246094,41448200,223.8805015563965,218.0602005004883,223.8774236567201,64.96863519456666,2.5863434717512064,2.001121760401433,232.5561943090582,215.20480880373478,5.170035472935681,0.018638063663626525,0.018466503377704703,0.014963985721751174
2025-01-23,235.4199981689453,235.52000427246094,231.50999450683594,234.10000610351562,26404400,224.40550155639647,218.56760040283203,224.97671646740824,65.30879990552496,3.20263799603444,2.2414250075280346,234.43451100455695,214.376492108236,5.087176493842061,0.0017446222360446573,0.0017431021503980866,0.014924973288770111
2025-01-24,234.85000610351562,236.39999389648438,232.92999267578125,234.5,25890700,224.89500198364257,219.1010006713867,225.91702976608514,64.37296026180692,3.603523079686056,2.513844621959639,235.9111015602521,213.87890240703305,4.971663974332137,-0.002421170970448472,-0.0024241067445138365,0.014959415131295735
2025-01-27,235.4199981689453,235.61000061035156,225.86000061035156,226.2100067138672,49428300,225.21350173950196,219.67260070800782,226.82207437588136,64.91439165061198,3.9220104971147407,2.7954777969906597,237.03090347037184,213.3961000086321,5.312973690451271,0.0024270472668348475,0.002424106744513845,0.014509965438821895
2025-01-28,238.14999389648438,241.77000427246094,233.97999572753906,234.2899932861328,41587200,225.76850128173828,220.2574005126953,227.900923854034,67.46471990407457,4.34461983664616,3.1053062049217597,238.85341259793708,212.68358996553948,5.489904751484885,0.011596277923593856,0.01152955641148476,0.014469498623480655
2025-01-29,237.07000732421875,240.38999938964844,236.14999389648438,239.02000427246094,26091700,226.43450164794922,220.71680053710938,228.7741698988135,65.43825153335646,4.540059907874394,3.392256945512287,240.36901335386787,212.49998994203057,5.400626233033398,-0.004534900692607424,-0.004545214548105975,0.0140159972807095
2025-01-30,234.63999938964844,237.9499969482422,232.22000122070312,237.13999938964844,32020700,227.10150146484375,221.18000061035156,229.3328203265121,60.99852270994721,4.4475971095505145,3.6033249783199324,241.2642866757542,212.9387162539333,5.424152625498088,-0.010250170242948609,-0.01030306500192206,0.013980211068600331
2025-01-31,237.67999267578125,240.2899932861328,236.41000366210938,236.5,36110200,228.0160011291504,221.88140045166017,230.1277891216806,64.26492086763645,4.566976465774019,3.79605527581075,242.42872775512734,213.60327450317345,5.440284144854252,0.012955989149507907,0.012872778270920829,0.013865922269552607
2025-02-03,237.4199981689453,239.25,232.89999389648438,234.05999755859375,37285900,228.8760009765625,222.59580047607423,230.8222852214201,63.77299337143416,4.587721682033134,3.954388557055227,243.37771808162776,214.37428387149723,5.505264284758637,-0.0010938846972727845,-0.0010944834258047257,0.013914639078571146
2025-02-04,242.05999755859375,242.52000427246094,238.02999877929688,239.00999450683594,29713800,229.76950073242188,223.34480041503906,231.89254353924616,68.41910825584543,4.921835729478403,4.147877991539863,245.1798306594924,214.35917080535134,5.4763172718127064,0.019543422733693472,0.01935490231141661,0.013999752411840274
2025-02-05,236.1699981689453,238.32000732421875,235.1999969482422,237.02000427246094,38727300,230.19750061035157,224.0106002807617,232.29992017064606,58.21301371308746,4.657659197339854,4.249834232699861,245.81819580008877,214.57680542061436,5.575151795994053,-0.024332807771026643,-0.024633742288564034,0.015072488578553362
2025-02-06,238.8300018310547,239.66000366210938,236.00999450683594,238.00999450683594,60897100,231.03350067138672,224.81960021972657,232.9218327097326,61.03956968995145,4.609798568882894,4.321827099936468,246.6230169569411,215.44398438583235,5.437641607371153,0.011263088803542765,0.011200132499427723,0.013875515331795636
2025-02-07,229.14999389648438,234.80999755859375,228.05999755859375,232.5,77539300,231.3845001220703,225.4602001953125,232.56260996561372,48.249159921006104,3.7475732433297253,4.20697632861512,246.46413167137658,216.30486857276404,5.8185246548775655,-0.04053095448794508,-0.041375225115693685,0.017046504171166443
2025-02-10,233.13999938964844,233.9199981689453,229.1999969482422,230.5500030517578,35419900,232.09449996948243,226.09400024414063,232.6175994345694,52.65315201550755,3.347624229962605,4.035105908884617,246.05953271417786,218.129467224787,5.7436303418478065,0.017412199866636335,0.01726234455405195,0.01695163227892192
2025-02-11,232.75999450683594,233.44000244140625,230.1300048828125,231.9199981689453,23713700,232.80949935913085,226.59200012207032,232.63116087002334,52.19755626514118,2.965810519664757,3.8212468310406456,245.29492840181862,220.32407031644308,5.569799428758231,-0.0016299428832775575,-0.0016312726853763525,0.016942532895069768
2025-02-12,228.92999267578125,231.17999267578125,228.16000366210938,230.4600067138672,32285200,233.3679992675781,227.05579986572266,232.2786686610479,47.716141927513256,2.327343101772726,3.5224660851870615,243.96756741682037,222.76843111833585,5.500527387041684,-0.01645472556041927,-0.016591608211964908,0.017461888986352647
2025-02-13,230.3699951171875,230.4199981689453,227.52000427246094,228.85000610351562,31346500,233.71899871826173,227.50539978027345,232.0968902282993,49.47261181223002,1.9154689024336449,3.2010666486363784,243.39286096986638,224.04513646665708,5.314774994859019,0.006290143220533118,0.006270442838655877,0.016635342802586883
2025-02-14,228.67999267578125,229.88999938964844,227.22999572753906,229.1999969482422,27031100,234.1199981689453,227.86479949951172,231.77147141377375,47.457555299976235,1.4361317264012428,2.8480796641893513,242.11444965914376,226.12554667874684,5.159433880201121,-0.007336035409240549,-0.007363076447512864,0.01646333229360561
2025-02-18,226.64999389648438,229.3000030517578,223.72000122070312,228.82000732421875,42975100,234.1554977416992,228.12899932861328,231.2837116502224,45.08224134888544,0.8822792587806418,2.4549195831076096,242.0094101741165,226.3015853092819,5.189474448119233,-0.008877028355405714,-0.008916663909923439,0.015774643951290742
2025-02-19,226.6300048828125,226.8300018310547,223.7100067138672,225.52000427246094,28566700,233.95149765014648,228.29839935302735,230.84050148189763,45.058326315879725,0.43670023310087913,2.0512757131062638,242.34612707710284,225.55686822319012,5.041654495909824,-8.819331220011328e-05,-8.819720145894445e-05,0.01499382322550474
2025-02-20,222.8800048828125,225.1300048828125,221.80999755859375,224.77999877929688,30001700,233.34499816894532,228.34499938964845,230.08235894865143,40.696692641481135,-0.2165220831222996,1.5977161538605513,243.00367012907697,223.68632620881368,5.025822555074747,-0.016546793977871843,-0.016685221316839496,0.01465539963546153
2025-02-21,216.5800018310547,223.30999755859375,214.74000549316406,223.27999877929688,55323900,232.4029983520508,228.13599945068358,228.79642017554698,34.63155930240795,-1.228402806991511,1.032492361690139,244.44842839232797,220.3575683117736,5.278977520100099,-0.028266344731418536,-0.028673529284667792,0.015692935769379933
2025-02-24,212.7100067138672,217.72000122070312,212.4199981689453,217.4499969482422,42387600,231.29599838256837,227.86839965820312,227.26438079824413,31.52362564999585,-2.3159055167274403,0.3628127860066231,246.01183351587434,216.5801632492624,5.280479343789936,-0.017868663239768212,-0.018030235415601108,0.01598627861332427
2025-02-25,212.8000030517578,213.33999633789062,204.16000366210938,211.6300048828125,58958000,230.16499862670898,227.62359985351563,225.8868210128645,31.67718086643029,-3.1343662735637565,-0.33662302590745286,246.7920264936337,213.53797075978426,5.559016010360744,0.000423094048469963,0.0004230045694208501,0.015944717157281556
2025-02-26,214.35000610351562,218.16000366210938,213.08999633789062,214.94000244140625,39120600,228.97499923706056,227.3054000854492,224.78807673578365,34.40543047937065,-3.616244215405686,-0.9925472638070996,246.52676351613235,211.42323495798877,5.544800624645802,0.007283848822975836,0.00725744971005982,0.01573747547074055
2025-02-27,208.74000549316406,219.97000122070312,208.3699951171875,218.35000610351562,40548600,227.55849914550782,226.90080017089844,223.2596889983913,29.77164250270023,-4.400094569350813,-1.6740567249158422,246.76328246757367,208.35371582344197,5.977315301707932,-0.02617215045770671,-0.02652073681079192,0.01642305876800702
2025-02-28,212.27999877929688,212.6199951171875,206.99000549316406,208.64999389648438,51771700,226.44049911499025,226.59720001220703,222.2140042156204,35.66025170161838,-4.6816861848658675,-2.2755826169058473,246.4525202952973,206.4284779346832,5.952506324730469,0.016958863624485065,0.01681666750153127,0.017180594248886058
2025-03-03,205.02000427246094,214.00999450683594,202.5500030517578,213.35000610351562,42948400,224.80749969482423,226.03900024414062,220.57648041151,30.08820185448731,-5.4280987082806575,-2.9060858351808094,246.16906611807977,203.4459332715687,6.345898119755302,-0.034200087377916355,-0.03479859601476046,0.01783131161385561
2025-03-04,203.8000030517578,206.8000030517578,197.42999267578125,200.11000061035156,60853100,223.12649993896486,225.4920004272461,218.97872066296216,29.26078341579685,-6.048358204820914,-3.5345403091088308,245.51983463543442,200.7331652424953,6.561906138056821,-0.005950644792114046,-0.005968420431592876,0.017776605501453473
2025-03-05,208.36000061035156,209.97999572753906,203.25999450683594,204.8000030517578,38610100,221.44150009155274,225.24880035400392,217.96741399128496,36.310707107532515,-6.101628851797159,-4.047958017646497,242.93612674443693,199.94687343866855,6.5731986439601275,0.022374865016246748,0.022128220043401252,0.018012635592529122
2025-03-06,200.6999969482422,205.77000427246094,198.3000030517578,204.39999389648438,49863800,219.6680000305176,224.7970004272461,216.32289808242373,30.764207865357363,-6.684885304932038,-4.5753434751036055,241.8511924176956,197.4848076433396,6.822255709291101,-0.03676331176651382,-0.037456115209580504,0.018826886564000212
2025-03-07,199.25,202.27000427246094,192.52999877929688,199.49000549316406,59802800,217.68899993896486,224.28360046386717,214.69690778885956,29.835165544692913,-7.181340854627621,-5.096542951008409,239.7428146086671,195.63518526926262,7.03066640813917,-0.007224698407026442,-0.0072509229263983,0.018280660965172967
2025-03-10,194.5399932861328,196.72999572753906,190.85000610351562,195.60000610351562,62350900,215.95849990844727,223.67320037841796,212.77720164574274,26.984517863907598,-7.864190144473923,-5.650072389701512,239.52323299343675,192.39376682345778,7.1284755144495415,-0.02363867861413893,-0.023922554740530594,0.01709186446643383
2025-03-11,196.58999633789062,200.17999267578125,193.39999389648438,193.89999389648438,54002900,214.13099975585936,223.02400024414064,211.23556304499493,30.114348077225984,-8.146032619347466,-6.149264435630703,237.7514277656138,190.51057174610492,7.103584319081493,0.010537694677220655,0.010482560161564325,0.016616129626881766
2025-03-12,198.88999938964844,201.52000427246094,195.2899932861328,200.72000122070312,43679300,212.4375,222.46080017089844,210.05979507781908,33.55564766077913,-8.090541065682544,-6.537519761641072,235.31767882399072,189.55732117600928,7.041186223884824,0.011699491808345508,0.011631581915007516,0.017158636159747827
2025-03-13,193.88999938964844,198.8800048828125,191.82000732421875,198.1699981689453,41270800,210.68550033569335,221.8636001586914,208.51981453608852,30.08714726558756,-8.353725277874645,-6.900760864887786,233.6120365888854,187.7589640825013,7.043243783995171,-0.025139524437347016,-0.02546092021137873,0.01749862324736737
2025-03-14,197.9499969482422,198.64999389648438,195.32000732421875,197.41000366210938,38096700,209.0645004272461,221.3966000366211,207.51316524200791,35.88266252688173,-8.140850137135885,-7.148778719337407,230.74532707435543,187.38367378013675,6.880154549912369,0.02093969555611075,0.020723473340341268,0.01841634040587843
2025-03-17,195.74000549316406,199.0,194.32000732421875,198.77000427246094,47341800,207.41750106811523,220.9236001586914,206.3919119325942,34.21977934653249,-8.05759001317719,-7.330540978105364,227.8567462196687,186.97825591656175,6.723000130331575,-0.01116439246854839,-0.011227182074080659,0.018435605841418578
2025-03-18,192.82000732421875,194.0,189.3800048828125,192.52000427246094,40414900,205.72600173950195,220.37560028076172,205.0993495889394,32.10289127436627,-8.133467661579203,-7.491126314800132,225.08982551200282,186.3621779670011,6.697071593190145,-0.014917738259935254,-0.015030126840267754,0.018507246362777934
2025-03-19,195.5399932861328,195.97000122070312,191.9600067138672,193.3800048828125,39442900,204.17150115966797,219.80260009765624,204.18893470295782,36.070172529295576,-7.883247934316074,-7.569550638703321,221.45291507870152,186.89008724063441,6.505137515593416,0.014106347155876442,0.014007778521538292,0.01908517431358015
2025-03-20,194.9499969482422,199.32000732421875,192.3000030517578,193.07000732421875,38921100,202.77500076293944,219.14940002441406,203.30903586917537,35.584470901752525,-7.644434489091907,-7.584527408781039,218.19745255508974,187.35254897078914,6.541913712512525,-0.003017266841301769,-0.0030218279679656837,0.01897502086401633
2025-03-21,196.2100067138672,196.99000549316406,192.52000427246094,192.89999389648438,60056900,201.7565010070801,218.63140014648437,202.63293785438412,37.5194464709126,-7.269700275899538,-7.521561982204739,216.04659795374897,187.4664040604112,6.393919963097567,0.006463245885351521,0.006442448675219972,0.018460398994798295
2025-03-24,203.25999450683594,203.63999938964844,199.9499969482422,200.0,41625400,201.28400039672852,218.25399993896485,202.69265753557002,47.095315056015316,-6.33086731882085,-7.283423049527962,214.69183707999338,187.87616371346365,6.467925156860687,0.03593082692897376,0.03530037223454001,0.020280278244221007
2025-03-25,205.7100067138672,206.2100067138672,203.22000122070312,203.60000610351562,31171200,200.92950057983398,217.98940002441407,202.9800241239793,49.965234734977,-5.327725226886997,-6.89228348499977,213.44595562901353,188.41304553065444,6.2195023237394995,0.012053587883713357,0.011981521917604297,0.020520955711756803
2025-03-26,201.1300048828125,206.00999450683594,199.92999267578125,205.83999633789062,32855300,200.26850051879882,217.64279998779296,202.80383181529675,45.04583270358709,-4.846429144494294,-6.4831126168986755,211.17262860719939,189.36437243039825,6.209538002833441,-0.022264360904062586,-0.022515953159889142,0.02091575002895742
2025-03-27,201.36000061035156,203.7899932861328,199.27999877929688,200.88999938964844,27317700,199.8995002746582,217.31480010986328,202.66632408149246,45.33688935349561,-4.395768119972729,-6.0656437175134865,210.10931711098664,189.68968343832978,6.088142038833619,0.0011435177345771042,0.001142864416179142,0.020200501827181083
2025-03-28,192.72000122070312,199.25999450683594,191.8800048828125,198.4199981689453,52548200,198.9215003967285,216.70220001220704,201.71905523760776,37.33683372166841,-4.681822617656053,-5.788879497542,207.86957937910952,189.97342141434748,6.33041730231258,-0.04290822091507418,-0.043855989217514546,0.021686091919221467
2025-03-31,190.25999450683594,191.3300018310547,184.39999389648438,188.19000244140625,63547600,198.18349990844726,216.09419982910157,200.6277161203914,35.420365634127194,-5.048825137258802,-5.640868625485361,207.42771569691624,188.93928411997828,6.472530875305878,-0.012764667384211892,-0.012846835734262254,0.020651033455560665
2025-04-01,192.1699981689453,193.92999267578125,187.1999969482422,187.86000061035156,41267300,197.60199966430665,215.41879974365236,199.82221917263465,38.077979118497716,-5.126461290542721,-5.537987158496834,206.82297437040313,188.38102495821016,6.490921221893963,0.010038913682617334,0.00998885850959942,0.020860637754043836
2025-04-02,196.00999450683594,198.33999633789062,187.66000366210938,187.66000366210938,53679200,196.98449935913087,214.72479949951173,199.45915015684432,43.14385923602154,-4.822541631083936,-5.394898053014255,204.7858535515877,189.18314516667402,6.79014061145734,0.01998228846583383,0.019785262896236874,0.020715473413705665
2025-04-03,178.41000366210938,184.1300048828125,176.9199981689453,183.0,95553600,195.86999969482423,213.5927996826172,197.45446953829813,30.733423252666697,-5.9334580720436065,-5.502610056820126,206.9214286902981,184.81857069935037,7.668701734774003,-0.08979129298487254,-0.0940813573992858,0.027550962482939593
2025-04-04,171.0,178.13999938964844,166.0,167.14999389648438,123159400,194.4574996948242,212.3043997192383,194.9349962489364,27.187509713292997,-7.32732784843904,-5.867553615143909,209.80585316982317,179.10914621982525,8.0073661581551,-0.041533565999713695,-0.04242073641032032,0.028708027236919554
2025-04-07,175.25999450683594,183.41000366210938,161.3800048828125,162.0,109327100,193.49349975585938,211.1125994873047,193.06118655921253,32.04189001459659,-7.99606013027261,-6.29325491816965,210.9738387375342,176.01316077418454,9.008982773950942,0.024912248577988017,0.024606997782102066,0.02929267699029691
2025-04-08,170.66000366210938,185.89999389648438,168.57000732421875,185.22999572753906,87710400,192.1970001220703,209.81739959716796,190.92774056901223,29.736470606926446,-8.795823322966271,-6.793768599128975,212.22684426197196,172.16715598216865,9.603340188116277,-0.026246667744515673,-0.026597259717812963,0.029434446738403546
2025-04-09,191.10000610351562,192.64999389648438,169.92999267578125,172.1199951171875,116804300,191.80750045776367,208.8763998413086,190.9441468103935,47.732361690702156,-7.691639608833867,-6.973342801069954,211.60318806014214,172.0118128553852,10.540244547586767,0.11977031526306248,0.11312358861813517,0.04072832147182116
2025-04-10,181.22000122070312,186.8699951171875,175.85000610351562,185.44000244140625,68302000,191.17400054931642,207.75939971923827,190.01803770661348,42.11718267122707,-7.52703293332678,-7.08408082752132,211.46724146282358,170.88075963580926,10.87665565133057,-0.05170070417193329,-0.053085113655140896,0.0419636386677912
2025-04-11,184.8699951171875,185.86000061035156,178.0,179.92999267578125,50594300,190.52000045776367,206.76399963378907,189.52774793619196,44.70512860264037,-7.021121831904196,-7.071489028397896,210.74053540995146,170.29946550557588,10.66118029126064,0.020141230945248445,0.019941079422269643,0.04194048997380236
2025-04-14,182.1199951171875,187.44000244140625,179.22999572753906,186.83999633789062,48002500,189.83899993896483,205.6527996826172,188.82224766771535,43.140136010345735,-6.764113170312072,-7.010013856780732,210.22716597607203,169.45083390185764,10.486096464303966,-0.014875318183769082,-0.014987065296594422,0.04198860876798788
2025-04-15,179.58999633789062,182.35000610351562,177.92999267578125,181.41000366210938,43642000,189.17749938964843,204.4961996459961,187.9429856363035,41.694026839001076,-6.687492461483686,-6.945509577721323,209.9899503843402,168.36504839495666,10.05280481883471,-0.013891933050343641,-0.013989329016472998,0.041973617793481056
2025-04-16,174.3300018310547,179.10000610351562,171.41000366210938,176.2899932861328,51875300,188.11699981689452,203.14159973144533,186.64651098818456,38.783221808155574,-6.970851952702105,-6.950578052717479,209.6728076204803,166.56119201330873,9.919032522902322,-0.029288905919567454,-0.029726389380639047,0.04217900902641382
2025-04-17,172.61000061035156,176.2100067138672,172.0,176.0,44726500,187.0,201.87039978027343,185.30970047601,37.85262109583769,-7.250625418382867,-7.010587525850557,209.32526664163956,164.67473335836044,9.511244965114098,-0.009866352335440198,-0.00991534732389348,0.042190786407588964
2025-04-21,167.32000732421875,169.60000610351562,165.2899932861328,169.60000610351562,48126100,185.55550003051758,200.4401998901367,183.5963963663156,35.06576904291505,-7.809186710121907,-7.170307362704827,209.01965966990866,162.0913403911265,9.354727990764431,-0.030647084568839134,-0.031126527586896723,0.042464392813700506
2025-04-22,173.17999267578125,176.77999877929688,169.35000610351562,169.85000610351562,56607200,184.05149993896484,199.32079986572265,182.60435791959804,40.30848857194407,-7.690349156116156,-7.274315721387094,206.62271023009225,161.48028964783742,9.362246809643981,0.03502262189247651,0.03442328337941731,0.04241642436158088
2025-04-23,180.60000610351562,187.3800048828125,180.19000244140625,183.4499969482422,63470100,182.79599990844727,198.27,182.41346727044734,46.22856599177402,-6.917693600695628,-7.2029912972488015,203.08685478189477,162.50514503499977,9.70780148088593,0.042845673527805994,0.041953201051518486,0.04368934016498879
2025-04-24,186.5399932861328,186.74000549316406,180.17999267578125,180.9199981689453,43763200,182.06649932861328,197.34559997558594,182.8064697481317,50.46402988037093,-5.75965743757115,-6.914324525313272,200.64515527337463,163.48784338385192,9.482959433492852,0.03289029336584037,0.032360982528496264,0.04431803817850473
2025-04-25,188.99000549316406,189.94000244140625,185.49000549316406,187.6199951171875,36414300,181.4479995727539,196.5468002319336,183.39537791432525,52.13859571158596,-4.5912844563563056,-6.4497165115218795,198.14456922350104,164.75142992200676,9.123462113117805,0.013133978209558528,0.013048475365695443,0.04445562768452464
2025-04-28,187.6999969482422,190.22000122070312,184.88999938964844,190.11000061035156,33224700,181.19699935913087,195.69340026855468,183.80534163184115,51.157968666918194,-3.726476854072331,-5.905068580031971,197.35030625523248,165.04369246302926,8.852500664399011,-0.006825802991833552,-0.0068492053390797475,0.043438825542334115
2025-04-29,187.38999938964844,188.02000427246094,183.67999267578125,183.99000549316406,41667300,181.0534996032715,194.86760040283204,184.1467376087752,50.910169722858036,-3.0311832175943607,-5.330291507544449,196.9308428516254,165.17615635491757,8.530180016704774,-0.0016515586767922308,-0.0016529240033086564,0.04334377763170901
2025-04-30,184.4199981689453,185.0500030517578,178.85000610351562,182.1699981689453,55176500,180.66599960327147,194.02300048828124,184.1727624240295,48.486943258144365,-2.6888172668190577,-4.801996659399371,195.8000921783967,165.53190702814624,8.530880964521062,-0.015849304820837684,-0.01597624814818092,0.04341849567012117
2025-05-01,190.1999969482422,191.80999755859375,187.5,190.6300048828125,74266000,180.3754997253418,193.29440032958985,184.7467847596688,53.159619345702666,-1.9288575193808697,-4.227368831395671,194.51038502769964,166.24061442298395,8.449389423458731,0.031341496782804956,0.030860378884021808,0.043782570088769394
2025-05-02,189.97999572753906,192.8800048828125,186.39999389648438,191.44000244140625,77903500,180.9539993286133,192.63640014648436,185.24518580422787,52.96269452687386,-1.3290161335024209,-3.647698291817021,195.65546078940687,166.2525378678197,8.30871953509226,-0.0011566836184702112,-0.0011573530932636395,0.03843980562391692
2025-05-05,186.35000610351562,188.17999267578125,185.52999877929688,186.50999450683594,35217500,181.72149963378905,192.0318002319336,185.35040678511243,49.69178758391706,-1.13348127259664,-3.1448548879729445,195.85598581141753,167.58701345616058,8.033096493174398,-0.01910722026349243,-0.019292122294797282,0.03735888597791455
2025-05-06,185.00999450683594,187.92999267578125,183.85000610351562,184.57000732421875,29314100,182.20899963378906,191.47779998779296,185.3179865681337,48.50099366167154,-1.0742627907378335,-2.7307364685259228,196.08868639215842,168.3293128754197,7.750731498823771,-0.007190832051464091,-0.00721681069789819,0.037144992885662156
2025-05-07,188.7100067138672,190.99000549316406,185.00999450683594,185.55999755859375,43948600,183.11149978637695,190.99600006103515,185.64103610582262,51.926590118413806,-0.7204665643247381,-2.3286824876856858,196.19448245200175,170.02851712075216,7.624251462216939,0.019998985551532122,0.019801632738363693,0.03664212332258852
2025-05-08,192.0800018310547,194.3300018310547,188.82000732421875,191.42999267578125,41043600,183.1604995727539,190.55059997558592,186.2542709367971,54.87103559677648,-0.16623382414766752,-1.8961927549780824,196.36952643554983,169.95147270995798,7.4810902947148366,0.01785806262143419,0.01770048072706834,0.0252539633347822
2025-05-09,193.05999755859375,194.69000244140625,191.16000366210938,193.3800048828125,29663100,183.75249938964845,190.23699981689452,186.9024353769682,55.72037662060331,0.34806480609842083,-1.4473412427627819,197.60614298376183,169.89885579553507,7.198869472184982,0.0051020185245573835,0.005089047328858073,0.022059395709079565
2025-05-12,208.63999938964844,211.66000366210938,205.75,210.7100067138672,75205000,184.94099960327148,190.16419982910156,188.97267956865204,66.51119512751431,1.9898879267902032,-0.7598954088521848,202.54500715017332,167.33699205636964,8.013236374422885,0.08070031092964336,0.07760926703827985,0.027869547359236135
2025-05-13,211.3699951171875,214.83999633789062,210.10000610351562,211.0800018310547,56193700,186.40349960327148,190.2911996459961,191.1057572399411,67.98351854057154,3.4713172340670155,0.08634711973165532,207.36661493053603,165.44038427600694,7.8837192725528356,0.01308471882441209,0.012999853383055317,0.027442728085399253
2025-05-14,210.25,211.92999267578125,208.85000610351562,211.4499969482422,38492100,187.93649978637694,190.42019958496093,192.9290184551848,66.68815661561042,4.503077710658488,0.9696932379170219,211.05571683331328,164.8172827394406,7.540595508246606,-0.005298742220089303,-0.005312830342904736,0.027150531951903836
2025-05-15,205.1699981689453,206.8800048828125,202.6699981689453,206.4499969482422,64347300,189.47849960327147,190.3563995361328,194.09482604697152,61.0098376814875,4.854877622198359,1.7467301147732894,212.87419320489184,166.0828060016511,7.5434102455900405,-0.024161720956264898,-0.024458403999516362,0.026799315646590886
2025-05-16,205.58999633789062,206.85000610351562,204.3699951171875,206.85000610351562,43318500,191.12749938964845,190.45419952392578,195.18960416991618,61.30320670695898,5.1086822202472035,2.419120535868072,214.18153356308792,168.07346521620897,7.181738869928475,0.002047074000553817,0.002044981599618388,0.026500067957179397
2025-05-19,206.16000366210938,206.6199951171875,201.25999450683594,201.64999389648438,34314800,193.06949920654296,190.59239959716797,196.2344041215536,61.72412908825599,5.294784045490985,2.994253237792655,214.2411533640729,171.89784504901303,7.051614708530124,0.0027725440652370814,0.0027687076543830617,0.024864607445199426
2025-05-20,204.07000732421875,205.58999633789062,202.64999389648438,204.6300048828125,29470400,194.61399993896484,190.78299987792968,196.98065204561695,59.18217481434264,5.213527544918719,3.438108099217868,214.20432284284303,175.02367703508665,6.798642926894044,-0.010137739138364021,-0.010189475975831261,0.024596106290948352
2025-05-21,201.1199951171875,203.4600067138672,200.05999755859375,201.61000061035156,42460900,195.63999938964844,190.87359985351563,197.37487519529034,55.69561788579561,4.855123016047145,3.7215110825837234,214.31504268263203,176.96495609666485,6.599454843946256,-0.014455883280997672,-0.01456138756787949,0.023708582598711045
2025-05-22,203.10000610351562,205.75999450683594,200.16000366210938,201.3800048828125,38938900,196.46800003051757,190.95779998779298,197.92012575797847,57.50516724916497,4.676942304119251,3.9125973268908294,214.92289692990656,178.0131031311286,6.5280645582877055,0.00984492359983613,0.009796778074282274,0.022860062681857356
2025-05-23,200.99000549316406,202.3699951171875,197.85000610351562,198.89999389648438,33393500,197.06800003051757,191.09980010986328,198.21249525656756,54.93041019187597,4.315724406436971,3.993222742800058,215.29020751994594,178.8457925410892,6.4367742326957265,-0.010388973643241206,-0.010443315729919826,0.022997311884504653
2025-05-27,206.02000427246094,206.69000244140625,202.19000244140625,203.08999633789062,34892000,197.9840003967285,191.26120025634765,198.95606754379548,59.57693834081098,4.384790350402625,4.071536264320572,216.0717973533464,179.8962034401106,6.384147283806188,0.025026113945093353,0.02471808928544102,0.023357339953784514
2025-05-28,204.72000122070312,207.66000366210938,204.41000366210938,205.9199981689453,28549800,198.85050048828126,191.44080017089843,199.50501360826286,57.91506585714057,4.285228777011497,4.114274766858757,216.4798305680576,181.22117040850492,6.160279620677175,-0.006310081665849121,-0.006330074379308311,0.02344935762099072
2025-05-29,205.6999969482422,208.80999755859375,204.22999572753906,208.02999877929688,34650000,199.91450042724608,191.6983999633789,200.09501202159424,58.84700060227802,4.236566476671044,4.1387331088212145,216.46744990746166,183.3615509470305,6.04740263570414,0.004787005283780621,0.004775584008620333,0.022946844298732255
2025-05-30,205.00999450683594,205.99000549316406,201.6999969482422,204.83999633789062,51679400,200.65500030517578,191.88779998779296,200.56310559161724,57.875232303048,4.095117853139129,4.130010057684798,216.72127780284225,184.5887228075093,5.921874486362549,-0.0033544115296213484,-0.003360050181079145,0.02220731781255445
2025-06-02,206.64999389648438,207.0,202.67999267578125,204.97999572753906,29113300,201.48850021362304,192.1217999267578,201.14280923969983,59.58357137017138,4.068454434410739,4.1176989330299865,216.9721441428779,186.00485628436817,5.807455403352278,0.007999607012299847,0.007967779780350723,0.022190158690681187
2025-06-03,205.7100067138672,208.9499969482422,205.02999877929688,207.11000061035156,33139100,202.4565002441406,192.3117999267578,201.57778042771577,58.128485935307545,3.926215405917162,4.079402227607422,216.37499713617575,188.53800335210548,5.672637029466066,-0.004548692041520419,-0.00455906882030232,0.02160819073899597
2025-06-04,207.22999572753906,208.17999267578125,205.17999267578125,206.5500030517578,29915600,203.56750030517577,192.39119995117187,202.11608664674657,59.83651989057256,3.891284060969639,4.041778594279865,215.07699249765565,192.0580081126959,5.481734384504205,0.007388989179248462,0.007361824330479417,0.02141434210221558
2025-06-05,207.91000366210938,212.80999755859375,207.55999755859375,209.5500030517578,51864200,204.5275001525879,192.43519989013672,202.66788826725733,60.6106515808969,3.8738167278172853,4.00818622098735,213.9298645157931,195.12513578938268,5.48875348782924,0.0032814165352026414,0.003276044436817532,0.021159708381907404
2025-06-06,213.57000732421875,213.8699951171875,210.5,212.39999389648438,39832500,205.60200042724608,192.68399993896483,203.70618532030127,66.41343674288501,4.267495699358278,4.060048116661536,213.91774432387936,197.2862565306128,5.522413342632732,0.027223334916139486,0.0268593707089079,0.0215576769670252
2025-06-09,216.97999572753906,217.85000610351562,212.8800048828125,214.75,38102500,206.79800033569336,192.9963998413086,204.9703577400382,69.3436486770522,4.799323077333554,4.207903108795939,214.40466331295292,199.1913373584338,5.482955333923475,0.015966607137600786,0.015840481625608374,0.021682846670703377
2025-06-10,217.61000061035156,217.69000244140625,214.14999389648438,216.77999877929688,31303300,207.24650039672852,193.49419982910158,206.1741332514966,69.86671367694666,5.211560608252682,4.408634608687288,216.1772333070503,198.31576748640674,5.344173420423361,0.0029035159702168745,0.0028993089092673027,0.012713469400290708
2025-06-11,213.1999969482422,218.39999389648438,212.88999938964844,217.41000366210938,39326000,207.33800048828124,193.9529998779297,206.84326312737713,61.904446291256406,5.123352562756054,4.551578199501042,216.47105494691306,198.20494602964942,5.356017783738545,-0.020265629565462184,-0.02047379463536856,0.013378157817342065
2025-06-12,213.24000549316406,213.5800018310547,211.3300018310547,211.77999877929688,27640000,207.48750076293945,194.37440002441406,207.4524766860235,61.946816044287196,4.9990494758478405,4.641072454770402,216.89994289025822,198.07505863562068,5.134159370614363,0.00018765734284498237,0.00018763973740831241,0.013308720894770133
2025-06-13,212.10000610351562,214.0500030517578,209.6199951171875,209.9600067138672,29337800,207.83400115966796,194.69620025634765,207.89509853530848,59.90243127285896,4.7537516703968095,4.663608297895684,217.3888268592361,198.27917546009982,5.083862839468359,-0.0053460859139069505,-0.005360427367806205,0.012058345235356054
2025-06-16,216.10000610351562,217.05999755859375,211.60000610351562,212.30999755859375,33284200,208.35950164794923,195.4500003051758,208.67651830370917,64.34836655412292,4.826481290964864,4.69618289650952,218.50091905947033,198.21808423642813,5.110729169154771,0.018859028217320217,0.01868340140955021,0.012652865894707927
2025-06-17,214.82000732421875,217.41000366210938,214.55999755859375,215.1999969482422,32086300,208.7925018310547,196.32640045166016,209.26161249613867,61.98009456665952,4.726352386896622,4.70221679458694,219.25569727609465,198.32930638601474,4.949248950180547,-0.005923177895162723,-0.0059407894922023025,0.0127942142957116
2025-06-18,212.52000427246094,217.9600067138672,212.33999633789062,215.08999633789062,44360500,209.2150016784668,197.07160064697266,209.57193552245508,57.85939032900904,4.410566222749679,4.643886680219488,219.5630883834365,198.86691497349707,4.997160480594547,-0.010706651956707725,-0.010764380578029788,0.01282353986802829
2025-06-20,209.69000244140625,214.88999938964844,208.27000427246094,214.67999267578125,75350700,209.64350204467775,197.8522006225586,209.58317999092662,53.17483524177657,3.8871374156244656,4.4925368273004835,219.30206027547632,199.98494381387917,5.113077240351187,-0.013316402099383007,-0.013405860444963278,0.012748383527703673
2025-06-23,208.47000122070312,210.38999938964844,207.30999755859375,209.7899932861328,37311700,209.9120018005371,198.19960052490234,209.47716296519104,51.24849137436949,3.335423723882002,4.261114206616788,219.1158777032486,200.7081258978256,4.967857568258579,-0.005818118205440093,-0.005835109391705959,0.01273288211162775
2025-06-24,212.77000427246094,214.33999633789062,211.0500030517578,212.13999938964844,38378800,210.50100173950196,198.8306005859375,209.79076689921675,57.14174733949223,3.208179066686853,4.050527178630801,218.80984521644024,202.19215826256368,5.032295964610645,0.02062648355436747,0.02041663831593163,0.013107009338174795
2025-06-25,211.99000549316406,216.02999877929688,211.11000061035156,214.6199951171875,31755700,210.79950180053712,199.37300079345704,210.0002181938784,55.82350816595891,3.0097033891491947,3.8423624207344793,218.8684564759747,202.73054712509952,5.024274693491693,-0.0036659245365152637,-0.0036726605052767557,0.012092538168672206
2025-06-26,217.1199951171875,218.0399932861328,212.00999450683594,213.1199951171875,50480800,211.41950149536132,200.07300079345703,210.6782921865745,62.028063838821744,3.2291338295856633,3.7197167025047166,219.43000040373533,203.4090025869873,5.097539914882911,0.024199205109171285,0.023911043937020576,0.01294964338549049
2025-06-27,223.3000030517578,223.3000030517578,216.74000549316406,219.9199981689453,119217100,212.29950180053712,200.94720092773437,211.88035988802054,67.88060010063606,3.857245105852485,3.7472223831742704,221.39660065709728,203.20240294397695,5.202001175147971,0.028463559660798277,0.028065998915184062,0.014146249960517087
2025-06-30,219.38999938964844,223.82000732421875,219.1199951171875,223.52000427246094,58887800,213.01850204467775,201.84840087890626,212.59556365008035,61.429535143747714,3.993488746909179,3.7964756559212525,221.9693126279146,204.0676914614409,5.166144820282491,-0.017510092291414314,-0.017665207343808734,0.01487963924539048
2025-07-01,220.4600067138672,221.8800048828125,217.92999267578125,219.5,39256800,213.70900268554686,202.80540100097656,213.34455822758386,62.48037962323979,4.140079206684334,3.865196366073869,222.71863445928847,204.69937091180526,5.079278205050259,0.00487719279454657,0.004865337820140418,0.014846285930825875
2025-07-02,219.9199981689453,221.60000610351562,219.05999755859375,219.72999572753906,30894200,214.41950225830078,203.85740081787108,213.9707906029516,61.568700259492886,4.164671287463904,3.925091350351876,223.02605393681,205.81295057979156,4.897901800755375,-0.002449462616694653,-0.002452467458083949,0.014794881743793205
2025-07-03,223.41000366210938,224.00999450683594,221.36000061035156,221.82000732421875,29632400,215.2285026550293,204.86200103759765,214.86976327525232,65.1118282315492,4.414882942373083,4.0230496687561175,224.01956786320665,206.43743744685196,4.840194267693606,0.015869432167251007,0.015744829251554494,0.015033355156249824
2025-07-07,223.47000122070312,224.2899932861328,222.3699951171875,223.0,36604100,216.006502532959,205.7194009399414,215.68883355577145,65.17127544309224,4.565391788444742,4.131518092693843,224.82319502356555,207.18981004235243,4.631608832068728,0.0002685535903059755,0.00026851753624536286,0.015054673229339828
2025-07-08,219.36000061035156,224.0,218.42999267578125,223.9199981689453,45692000,216.29600219726564,206.37580108642578,216.0384685133505,57.893836092246005,4.303421271140138,4.165898728383102,225.15380747520868,207.4381969193226,4.698637295793729,-0.018391733064396676,-0.018562963722362966,0.01475930047720506
2025-07-09,222.5399932861328,224.2899932861328,220.47000122070312,221.07000732421875,38155100,216.57400207519532,207.04680084228517,216.65766134885357,61.47809253574454,4.302806506406654,4.1932802839878125,225.83982606052547,207.30817808986518,4.715162680078551,0.014496684294917905,0.014392611963869897,0.014686644177373618
2025-07-10,222.25999450683594,222.7899932861328,219.6999969482422,221.5500030517578,30370600,216.80650177001954,207.73800079345702,217.191216887709,60.985829714543975,4.230953936185415,4.200815014427333,226.39246614969002,207.22053739034905,4.599079369922271,-0.0012581953255335065,-0.0012589875178302516,0.014693222765059681
2025-07-11,225.02000427246094,226.67999267578125,222.3699951171875,223.5800018310547,50518300,217.39750213623046,208.49060089111327,217.9368156862568,64.04221919884017,4.346614907358969,4.22997499301366,227.46649099422842,207.3285132782325,4.586287855566774,0.012417933203629827,0.01234146308748988,0.013985349138746125
2025-07-14,225.69000244140625,226.66000366210938,224.24000549316406,225.07000732421875,35702600,218.02000198364257,209.3160009765625,218.67521442484247,64.76386203360532,4.441145551728653,4.272209104756659,228.51431801553434,207.5256859517508,4.431552877950955,0.0029775049161142597,0.0029730809278073135,0.013971891597529953
2025-07-15,226.35000610351562,227.27000427246094,225.4600067138672,226.1999969482422,34907300,218.73250198364258,210.03900115966798,219.40614696566846,65.49841958103426,4.517246541853439,4.321216592176015,229.45484162853805,208.0101623387471,4.244298926568297,0.0029243814744550622,0.0029201137891530816,0.013835671042012013
2025-07-16,223.19000244140625,226.10000610351562,222.17999267578125,225.8800048828125,39535900,219.0870018005371,210.7032012939453,219.76651415383395,59.141380182365154,4.2733111674313875,4.3116355072270895,229.9061395727535,208.26786402832073,4.238992819508732,-0.013960696164789232,-0.014059063272129654,0.013845324770123015
2025-07-17,223.8800048828125,224.5,222.50999450683594,223.32000732421875,31855800,219.5400016784668,211.45380126953125,220.15827517564142,60.05308664742519,4.088537935874598,4.267015992956591,230.36525150993657,208.71475184699705,4.07835086762697,0.0030915472640284936,0.003086778258328562,0.013730141706906823
2025-07-18,226.1300048828125,226.39999389648438,222.97999572753906,225.13999938964844,37833800,220.2205017089844,212.2762014770508,220.72701133822915,62.95582470455091,4.076666738092229,4.228946141983719,230.90522297246102,209.53578044550775,4.031325674863994,0.010050026580880944,0.009999860894734277,0.013489007875469498
2025-07-21,229.3000030517578,229.69000244140625,225.64999389648438,225.83999633789062,40297600,221.20100173950195,213.0880014038086,221.5434867395176,66.63443879474494,4.273785548314322,4.237914023249839,231.42973251123516,210.97227096776874,4.031945879868128,0.014018476542235536,0.013921126445029842,0.01310744464349712
2025-07-22,227.47000122070312,230.0,226.35000610351562,229.67999267578125,37483700,222.15100173950196,213.79580139160157,222.1079166901067,62.75986870124971,4.233536201728242,4.23703845894552,230.89521864313207,213.40678483587186,4.004663595340717,-0.007980819043607368,-0.008012836242670535,0.013206130404150312
2025-07-23,228.2899932861328,228.7899932861328,227.08999633789062,228.47000122070312,28294900,222.92700119018554,214.50040130615236,222.69668588972823,63.77625985485206,4.219168859032948,4.2334645389630055,230.92634175141185,214.92766062895922,3.8400445491193937,0.003604836070819184,0.003598354221935051,0.012645560111136711
2025-07-24,232.22999572753906,236.0,228.63999938964844,229.1699981689453,42902300,223.9390007019043,214.97220123291015,223.60462015999593,68.25898406179556,4.47413288661707,4.2815982084938184,231.2382091428708,216.63979226093778,4.116470418029951,0.01725876103762447,0.01711152033504944,0.012876091363974588
2025-07-25,231.44000244140625,232.47999572753906,231.17999267578125,232.22000122070312,28712100,224.65500106811524,215.37360137939453,224.35084704393978,66.48247470013429,4.559884351082729,4.337255437011601,231.94753531577857,217.3624668204519,3.915294177581941,-0.00340177109187767,-0.0034075702705456917,0.01212773882840247
2025-07-28,232.7899932861328,234.2899932861328,232.25,233.35000610351562,26300100,225.12950057983397,215.8244012451172,225.15457525748198,68.01445621496705,4.6827956302168445,4.40636347565265,233.20098571947412,217.05801544019383,3.8392010823779854,0.005833005662313484,0.00581605955069594,0.010614609374569477
2025-07-29,231.00999450683594,234.72000122070312,230.30999755859375,234.14999389648438,33716200,225.71050033569335,216.341201171875,225.71223423361093,63.869242654415004,4.583734243951056,4.441837629312332,233.71838997509712,217.70261069628958,3.8799726952159417,-0.007646371539299812,-0.007675754918146071,0.009855734528174299
2025-07-30,230.19000244140625,231.8000030517578,229.2899932861328,231.63999938964844,32993300,226.1970001220703,216.8332012939453,226.13868834863905,61.99478569813046,4.388473286597957,4.431164760769457,234.05061199666284,218.34338824747778,3.78211820024516,-0.003549595623255297,-0.0035559103854630675,0.009934419025547515
2025-07-31,234.11000061035156,236.52999877929688,231.39999389648438,235.77000427246094,104357300,226.90650024414063,217.39220123291017,226.8978609449926,66.9833703018339,4.498186370107874,4.44456908263714,234.92576594777398,218.88723454050728,3.9648237815055505,0.017029402351838252,0.016886027515609428,0.010397740901945661
2025-08-01,214.75,220.44000244140625,212.8000030517578,217.2100067138672,122258800,226.47350006103517,217.60580108642577,225.74092180737426,39.445296219115086,2.9884950179567227,4.153354269701056,235.9955622199753,216.95143790209502,5.203764765583279,-0.08269617085933034,-0.08631653211497635,0.021499803786925537
2025-08-04,211.64999389648438,217.44000244140625,211.4199981689453,217.39999389648438,77890100,225.88249969482422,217.81640106201172,224.39892867300378,36.8339933865518,1.5243375455583248,3.6275509248725104,237.34616437818764,214.4188350114608,5.262067587503112,-0.01443541840985152,-0.014540622735209995,0.021677966910798634
2025-08-05,213.75,216.3000030517578,212.8699951171875,213.0500030517578,51505100,225.60199966430665,218.0294009399414,223.38474498986056,39.744070514653735,0.5273561091100305,3.007511961720015,237.93211717435923,213.27188215425406,5.2183491280581356,0.009922070229506863,0.009873169687714855,0.02150807293560055
2025-08-06,222.30999755859375,222.64999389648438,213.74000549316406,214.6999969482422,54823000,225.5904998779297,218.45580078125,223.2823880916447,49.8801228284986,0.42308434894167135,2.4906264391643465,237.93244250428177,213.2485572515776,5.48203764771972,0.04004677220394748,0.03926568541504039,0.023175224448218824
2025-08-07,223.1300048828125,226.22000122070312,220.82000732421875,221.0,40603500,225.6340003967285,218.79800079345702,223.26787540508926,50.73506306783153,0.40198216556862576,2.0728975844452022,237.93474559896913,213.3332551944879,5.476177379774337,0.0036885760119835798,0.003681789897764909,0.023185099917960982
2025-08-08,222.69000244140625,223.8000030517578,221.8800048828125,223.13999938964844,32970500,225.5175003051758,219.1574008178711,223.2128398847385,50.23984544258125,0.3457682127217936,1.7274717101005206,237.88326231118188,213.1517382991697,5.222164579000835,-0.001971955504762035,-0.0019739023688590293,0.02301714033971404
2025-08-11,221.3000030517578,223.0500030517578,220.39999389648438,221.77999877929688,31646200,225.29800033569336,219.4694009399414,223.03066494826416,48.62514125599391,0.18690242128613477,1.4193578523376436,237.7988344783372,212.79716619304952,5.038439191591735,-0.006241858073597895,-0.006261419913672536,0.023041198749287284
2025-08-12,221.47000122070312,223.5,219.0500030517578,222.22999572753906,37185800,225.05400009155272,219.79860107421874,222.88203030754406,48.84169968939555,0.07386608624486257,1.1502594991190873,237.6532890398662,212.45471114323925,4.996407602781053,0.0007681796954406295,0.0007678847964323423,0.023028285851419528
2025-08-13,224.55999755859375,224.9199981689453,222.0,222.0,36508300,225.12249984741212,220.15680114746092,223.04183671240594,52.74117175955433,0.23095851068816842,0.9663993014329035,237.69537634364187,212.54962335118236,4.88594969888542,0.01395221168040428,0.013855775538096454,0.02303635999845005
2025-08-14,230.97999572753906,233.11000061035156,227.02000427246094,227.39999389648438,61545800,225.47749938964844,220.66220092773438,223.7978518567043,59.62681262285085,0.8635412212569236,0.9458276853977077,238.28868268937623,212.66631608992066,5.147667795519163,0.02858923333961183,0.028188187008165968,0.023873757473351447
2025-08-15,231.02999877929688,234.0800018310547,229.80999755859375,232.5800018310547,39649200,225.72249908447264,221.13820098876954,224.4866277540941,59.67609257947665,1.3533023778683457,1.0273226238918354,238.75964660024678,212.6853515686985,5.084977543872147,0.00021648217457226338,0.00021645874568753922,0.023796951299048352
2025-08-18,231.49000549316406,231.91000366210938,228.3300018310547,230.22999572753906,25248900,225.83199920654297,221.60980102539062,225.153616110196,60.157898201402396,1.758291826714327,1.1735164644563336,239.02337416705384,212.6406242460321,4.9774792786708995,0.0019911124801876845,0.001989132843084511,0.023611210151728696
2025-08-19,228.00999450683594,230.52999877929688,227.1199951171875,230.08999633789062,29891000,225.8589988708496,221.89860076904296,225.42565214797122,54.821353674218834,1.777946024744523,1.2944023765139716,239.06587511041675,212.65212263128245,4.934088642764161,-0.01503309388634011,-0.015147236228621111,0.02380034423705862
2025-08-20,223.80999755859375,227.27000427246094,220.9199981689453,227.1199951171875,36604300,225.63499908447267,222.03520080566406,225.27178028231623,49.15401081739005,1.4380406281876503,1.3231300268487074,238.82130299785769,212.44869517108765,5.088082049558908,-0.01842023178556884,-0.018591996826338653,0.024151037689117034
2025-08-21,221.9499969482422,222.77999877929688,220.5,222.64999389648438,32140500,225.12099914550782,222.12200073242187,224.95541996478536,46.8444131630202,1.006968936860801,1.2598978088511263,238.0376116716899,212.20438661932576,4.961076014489969,-0.008310623433453235,-0.008345349193359648,0.023824619339207688
2025-08-22,228.83999633789062,229.13999938964844,220.82000732421875,222.7899932861328,37315300,224.99099884033203,222.43480072021484,225.32537961936683,55.235234321787395,1.20738885722497,1.2493960185258952,237.70129019524654,212.2807074854175,5.200998589557092,0.031043025385826706,0.03057093586711227,0.024935764935354033
2025-08-25,227.94000244140625,229.60000610351562,227.30999755859375,227.35000610351562,22633700,224.7484992980957,222.72880065917968,225.5743913167039,54.03535215731005,1.2788592092753674,1.2552886566757897,237.0322586489451,212.46473994724633,4.993070729226005,-0.003932852258726194,-0.003940606259072855,0.02490574543230823
2025-08-26,228.7100067138672,229.0,226.02000427246094,227.11000061035156,26105400,224.63349990844728,223.06100067138672,225.87302135452896,54.93729274486366,1.3817054474681072,1.2805720148342532,236.72214284726917,212.54485696962539,4.849279657676938,0.0033781006590050122,0.0033724076943096397,0.024867037445664042
2025-08-27,229.1199951171875,229.8699951171875,227.80999755859375,228.57000732421875,21254500,224.57999954223632,223.32140045166017,226.18225695097263,55.43868213657867,1.4792426811037558,1.320306148088154,236.57894210887292,212.58105697559972,4.6500452220281385,0.0017926124405795996,0.0017910076284830656,0.024857835156083283
2025-08-28,231.60000610351562,232.7100067138672,228.02000427246094,229.00999450683594,33679600,224.45449981689453,223.6570004272461,226.69823306073863,58.450252184272216,1.7366389094301553,1.4035727003565541,236.09939296134309,212.80960667244597,4.652899309126576,0.0108240705271474,0.010765909591411497,0.02467303625742301
2025-08-29,229.0,231.80999755859375,228.16000366210938,231.32000732421875,26199200,225.16699981689453,223.98660034179687,226.9174489597159,54.306513934343954,1.7111039699817354,1.4650789542815905,236.06974086625118,214.26425876753788,4.581263208223561,-0.011226278216735164,-0.011289768498294606,0.01561529149212591
2025-09-02,225.33999633789062,226.1699981689453,221.8300018310547,223.52000427246094,38843900,225.85149993896485,224.29960021972656,226.7672153766849,49.036440152475784,1.3796320988498394,1.4479895831952403,234.821432852295,216.8815670256347,4.766172848275114,-0.015982548742835667,-0.016111647069703763,0.01571147789590845
2025-09-03,225.99000549316406,227.1699981689453,224.36000061035156,225.2100067138672,29223100,226.46350021362304,224.65000030517578,226.69319538777816,49.96510792515966,1.15606219398083,1.3896041053523582,233.51162732144905,219.41537310579702,4.626446041869302,0.0028845707190781056,0.00288041832828813,0.015632904510838586
2025-09-04,235.67999267578125,235.77000427246094,230.77999877929688,231.19000244140625,59391800,227.13199996948242,225.1082000732422,227.54908084377846,61.28955879439897,1.7407165201870498,1.4598265883192967,234.96953515815443,219.29446478081042,4.994556951685557,0.042877945692648245,0.041984146824532165,0.015995564073196574
2025-09-05,232.3300018310547,236.0,231.92999267578125,235.19000244140625,36721800,227.59199981689454,225.515,228.0044066520905,56.526343833468886,1.9117060642714137,1.5502024835097201,235.51545929688376,219.66854033690532,4.928517692580785,-0.014214150326010255,-0.01431613896889294,0.016452032639349464
2025-09-08,235.83999633789062,237.60000610351562,233.75,234.94000244140625,33947100,228.24949951171874,225.88940002441407,228.75065328883335,60.03128974797049,2.3038859689937112,1.7009391806065186,236.60724803655896,219.89175098687852,4.952909591143653,0.015107797009308976,0.014994810804568525,0.01666871270063771
2025-09-09,238.24000549316406,238.85000610351562,235.0800018310547,236.36000061035156,27033800,229.09649963378905,226.1882000732422,229.65440111781723,62.2711448605075,2.7763480381399006,1.9160209521131952,237.8877034945226,220.3052957730555,4.868416354094888,0.010176429751274751,0.010124998519937195,0.016593562925303652
2025-09-10,230.3300018310547,237.67999267578125,229.10000610351562,237.52000427246094,60907700,229.53949966430665,226.40700012207031,229.71874404288747,51.93996516107049,2.4838738909136566,2.0295915398732878,237.61240986682924,221.46658946178405,5.1735294280629995,-0.03320182790348514,-0.033765520828453625,0.018546474872680803
2025-09-11,229.9499969482422,231.52999877929688,229.33999633789062,231.49000549316406,37485600,229.80899963378906,226.59679992675783,229.74076812911173,51.49793686455191,2.196107444276521,2.0628947207539343,237.55212378129264,222.06587548628548,4.960420357587517,-0.0016498279850283293,-0.0016511904499798356,0.01834992726427106
2025-09-12,228.14999389648438,230.7899932861328,226.2899932861328,230.35000610351562,38496200,229.66749954223633,226.7613998413086,229.58926582124246,49.355288705380254,1.802032549542787,2.010722286511705,237.4232777815223,221.91172130295035,4.927533189188408,-0.007827802024989672,-0.007858600093329492,0.017279886427566053
2025-09-15,231.42999267578125,233.72999572753906,230.32000732421875,230.6300048828125,33243300,229.68749923706054,226.92179962158204,229.76457314072235,53.17820032769611,1.7344007534469768,1.9554579798987595,237.45927456325018,221.9157239108709,4.9741380921788565,0.014376501718361023,0.014274139722700788,0.017596902704622625
2025-09-16,234.0500030517578,235.89999389648438,232.22999572753906,232.94000244140625,38203900,229.81549911499025,227.13339965820313,230.17270932272572,56.033156579797875,1.8706513049774856,1.9384966449145047,237.78365059395708,221.84734763602341,4.938128315644875,0.011320962964584513,0.011257360441086762,0.01776880022191928
2025-09-17,231.6199951171875,234.3000030517578,228.7100067138672,233.77000427246094,42815200,229.99599914550782,227.37859954833985,230.31054606505543,52.81646062007938,1.7622355621940358,1.9032444283704109,237.9559230606008,222.03607523041484,4.9846903172338575,-0.010382430689534927,-0.010436704109897131,0.01758152673875695
2025-09-18,231.22999572753906,233.47999572753906,228.7899932861328,232.5,37931700,230.36699905395508,227.55239959716798,230.3981126995777,52.297556354889075,1.626100934204345,1.8478157295371977,237.81421674864012,222.91978135927005,4.963641183246172,-0.0016837898189709932,-0.001685208986324988,0.01700066654560503
2025-09-19,231.47999572753906,234.16000366210938,229.6999969482422,232.3699951171875,97943200,230.84349899291993,227.73679962158204,230.50114917843115,52.61891038771946,1.520854705047725,1.7824235246393032,237.21777621110417,224.4692217747357,4.927667292576245,0.0010811746080494622,0.001080590559717161,0.016836526860798413
2025-09-22,227.6300048828125,230.57000732421875,227.50999450683594,230.55999755859375,45914500,230.78299942016602,227.78899963378908,230.22770686456272,47.33090041779778,1.1139433788636381,1.6487274954841702,237.25441916875644,224.3115796715756,4.859262573156736,-0.016632067201427403,-0.016771933038536895,0.015892097258417136
2025-09-23,220.7100067138672,227.86000061035156,220.07000732421875,227.8300018310547,70956200,230.42149963378907,227.68939971923828,229.32125923116314,39.623109351283674,0.23042105138057423,1.365066206663451,238.16959973821636,222.67339952936177,5.068600481226455,-0.030400202172415014,-0.030871872178262885,0.01726661558746534
2025-09-24,220.2100067138672,224.55999755859375,219.4499969482422,224.14999389648438,49509000,229.99649963378906,227.5665997314453,228.45352089618257,39.12730107990078,-0.5043092171760009,0.9911911218955605,238.91724125968324,221.07575800789488,5.07155763330682,-0.0022654160880354324,-0.002267986025112884,0.01722930683220294
2025-09-25,218.14999389648438,220.6699981689453,216.47000122070312,220.05999755859375,52226300,229.4479995727539,227.46579956054688,227.47223261049703,37.069216480582135,-1.2385369831904143,0.5452455008783655,239.75772844850098,219.13827069700682,5.009303298659346,-0.00935476479077324,-0.009398795415484473,0.01728883629310551
2025-09-26,219.77999877929688,221.0500030517578,218.02000427246094,219.0800018310547,41650100,228.85699920654298,227.38379943847656,226.7396389122875,39.76886987297496,-1.6696433963028596,0.10226772144212048,239.93225113174705,217.7817472813389,4.86792440441917,0.007471945580644679,0.007444168873481812,0.017170666024774742
2025-09-29,222.1699981689453,222.60000610351562,219.3000030517578,220.0800018310547,44259200,228.51549911499023,227.30459930419923,226.3044350319692,43.59002233087955,-1.7977223339397312,-0.2777302896342499,239.96686683621004,217.06413139377042,4.755930022086216,0.01087450815780766,0.010815805882780046,0.017288661440571798
2025-09-30,219.57000732421875,222.24000549316406,217.88999938964844,222.02999877929688,48396400,228.22699966430665,227.10999938964844,225.6630609645644,40.574353324835336,-2.084988892819297,-0.6391820102712593,240.2598088148207,216.1941905137926,4.72693545647403,-0.011702709034319914,-0.011771724709007034,0.01712399172224769
2025-10-01,220.6300048828125,222.14999389648438,216.61000061035156,217.36000061035156,43933800,227.95899963378906,226.97319946289062,225.18372229011186,42.32618741168147,-2.2017365181183948,-0.9516929118406865,240.4106355642574,215.50736370332072,4.785011015735372,0.004827606336181178,0.004815990813160187,0.01715361526990777
2025-10-02,222.41000366210938,222.80999755859375,218.9499969482422,221.00999450683594,41258600,227.29550018310547,226.85559967041016,224.9195586112545,45.24523068034008,-2.126120236250756,-1.1865783767227005,239.4411922510177,215.14980811519325,4.718938843922244,0.008067800117406154,0.008035429408424817,0.013922472872315662
2025-10-03,219.50999450683594,224.1999969482422,219.33999633789062,223.44000244140625,43639000,226.65449981689454,226.6011996459961,224.4043620298813,41.555031294448696,-2.2739871818036477,-1.40406013773889,239.02090140705084,214.28809822673824,4.729014684381481,-0.013039023009411066,-0.01312477732054764,0.013874165107038748
2025-10-06,220.89999389648438,221.72999572753906,216.02999877929688,221.0,43690900,225.90749969482422,226.39039947509767,224.07061268384348,43.9161340707376,-2.253039826788438,-1.5738560755487996,237.7584089413626,214.05659044828585,4.798370560371532,0.00633228292302257,0.006312318256467209,0.013410988886962044
2025-10-07,221.77999877929688,222.88999938964844,220.1699981689453,220.8800048828125,31194700,225.08449935913086,226.17019958496093,223.85245897864854,45.41948559276325,-2.1407525941528434,-1.6872353792696084,235.60703919834282,214.5619595199189,4.649915607538075,0.003983725247293846,0.003975811225101454,0.013155424147522738
2025-10-08,225.22000122070312,226.72999572753906,221.19000244140625,222.9199981689453,46686000,224.8289993286133,226.0543997192383,223.98270109693945,50.95405752018438,-1.7539660764583687,-1.7005815187073605,235.07416094372365,214.58383771350293,4.713492584580556,0.015510877718191152,0.015391813667974614,0.011805103917276884
2025-10-09,227.74000549316406,228.2100067138672,221.75,225.0,46412100,224.71849975585937,226.00539978027345,224.3405396108656,54.58696353321871,-1.2299140072255454,-1.6064480164109975,234.7864868412393,214.65051267047943,4.8382435938153145,0.01118907849570383,0.011126943813862119,0.012116015598529836
2025-10-10,216.3699951171875,228.25,216.0,226.2100067138672,72367500,224.12949981689454,225.65059967041014,223.5814401352772,40.14009449907179,-1.7123251623805515,-1.6276234456049083,234.69175127062977,213.5672483631593,5.367654765685649,-0.049925397829666096,-0.05121476887040818,0.016378871957495912
2025-10-13,220.07000732421875,220.67999267578125,217.0399932861328,217.6999969482422,37809700,223.5615005493164,225.75699981689453,223.24701796279544,45.22083684515855,-1.7756112741219567,-1.6572210113083181,233.70581520153132,213.4171858971015,5.292107822321943,0.017100394188331425,0.016955828210376053,0.016537302019435693
2025-10-14,216.38999938964844,219.32000732421875,212.60000610351562,215.55999755859375,45665600,222.67850036621093,225.85179992675782,222.5939685748767,41.4523215314179,-2.098521410305352,-1.7454810911077252,232.06320661081793,213.29379412160392,5.447671636492027,-0.016721987604375044,-0.016863378479674927,0.01650318839800012
2025-10-15,215.57000732421875,217.7100067138672,212.66000366210938,216.6199951171875,45909500,221.8760009765625,225.8882000732422,221.92501988433784,40.639627654026725,-2.3930113807932116,-1.8749871490448227,230.7985992083156,212.95340274480938,5.41926673758244,-0.003789417568938358,-0.0037966156016826813,0.01643012159692165
2025-10-16,214.47000122070312,218.58999633789062,212.80999755859375,215.6699981689453,42414600,221.0380012512207,225.73140014648436,221.21501810684882,39.5202717851866,-2.68421613082009,-2.036832945399876,229.4209665954823,212.65503590695909,5.445033311990613,-0.00510277898660183,-0.005115842622809568,0.016428522935166202
2025-10-17,213.0399932861328,214.8000030517578,211.02999877929688,214.55999755859375,45986900,220.1160011291504,225.52959991455077,220.43644431439967,38.0529192211561,-2.9958533499143414,-2.2286370263027693,227.7226000811085,212.50940217719227,5.325388380595636,-0.006667636156250767,-0.006689964147498498,0.016403052772020216
2025-10-20,216.47999572753906,216.69000244140625,213.58999633789062,213.8800048828125,38882800,219.55850067138672,225.40539978027343,220.0596396870796,43.48861897826536,-2.9314566362159553,-2.369200948285407,226.484479096736,212.63252224603744,5.205718435929765,0.016147214372026486,0.016018234695332655,0.016710470806318767
2025-10-21,222.02999877929688,223.32000732421875,217.99000549316406,218.42999267578125,50494600,219.6245002746582,225.4199996948242,220.24729293395745,50.96452982158134,-2.4048611710845478,-2.376332992845235,226.6179415380265,212.6310590112899,5.322453661697617,0.025637486886977978,0.025314357693141158,0.016459888879152004
2025-10-22,217.9499969482422,220.00999450683594,216.52000427246094,219.3000030517578,44308500,219.51149978637696,225.349599609375,220.0285028400798,46.13292905296908,-2.2903507826915472,-2.3591365508144975,226.536410674263,212.4865888984909,5.335849436350354,-0.018375903497213075,-0.01854683769726401,0.01698452549160821
2025-10-23,221.08999633789062,221.3000030517578,218.17999267578125,219.0,31540000,219.65849990844725,225.28019958496094,220.1295974589189,50.057123015464775,-1.924049521013501,-2.2721191448542983,226.68633936692743,212.63066044996708,5.194003484005016,0.014406971477930908,0.014304177190941961,0.017153693355225014
2025-10-24,224.2100067138672,225.39999389648438,221.89999389648438,221.97000122070312,38685100,219.88000030517577,225.1447998046875,220.5182078641521,53.66882244449992,-1.366245146162015,-2.090944345115842,227.1830522833559,212.57694832699565,5.1308602036184965,0.01411194729592502,0.014013300747685163,0.017352497007436244
2025-10-27,226.97000122070312,228.39999389648438,225.5399932861328,227.66000366210938,38267000,220.12000045776367,225.06359985351563,221.1326643742998,56.65498898160699,-0.6934786793238175,-1.8114512119574373,228.00092505175982,212.2390758637675,5.063654987832689,0.012309863182682124,0.012234712914707927,0.017397771699771466
2025-10-28,229.25,231.49000549316406,226.2100067138672,228.22000122070312,47100000,220.60400009155273,225.01879974365235,221.90574395769983,59.005577134028805,0.02340069081327556,-1.4444808314032949,229.42345754159348,211.784542641512,5.079108115794417,0.010045375014470892,0.009995255600938363,0.017226700882121887
2025-10-29,230.3000030517578,232.82000732421875,227.75999450683594,231.6699981689453,52036200,221.0875,225.06459991455077,222.70519720475295,60.07926148268607,0.6685525696556169,-1.0218741511915126,230.86758693715103,211.30741306284898,5.077744165907874,0.0045801659836763875,0.00456970894129321,0.017224880633154763
2025-10-30,222.86000061035156,228.44000244140625,222.75,227.05999755859375,102252900,221.1099998474121,225.04559997558593,222.71994038623853,50.07202426242945,0.5728901424295145,-0.7029212924673072,230.90421365052967,211.31578604429453,5.254334086325727,-0.03230569840563213,-0.03283904572023767,0.018805397238016955
2025-10-31,244.22000122070312,250.5,243.97999572753906,250.10000610351562,166340800,222.34550018310546,225.49100006103515,224.7675652276161,67.04411781469925,2.195343957338224,-0.12326824250620089,236.3498998125045,208.3411005537064,6.853310179420206,0.09584492754129248,0.09152568904562086,0.02817573370226196
2025-11-03,254.0,258.6000061035156,252.89999389648438,255.36000061035156,95997800,224.00050048828126,225.99420013427735,227.55160663450982,71.77505130725666,4.221649909164,0.7457153878278393,243.62575663911932,204.3752443374432,7.390931229662513,0.04004585509136338,0.039264803615285844,0.029204294034844966
2025-11-04,249.32000732421875,257.010009765625,248.66000366210938,250.3800048828125,51546300,225.37750091552735,226.4218002319336,229.62478765257734,66.83100055228242,5.3877688327923465,1.6741260768207407,247.84515584421447,202.90984598684022,7.459436577794878,-0.018425168014886806,-0.018597025701107325,0.02976676141580148
2025-11-05,250.1999969482422,251.0,246.16000366210938,249.02999877929688,40610700,226.6265007019043,226.8516000366211,231.58433139502162,67.28729266159516,6.310194297576658,2.6013397209719242,251.56205396942042,201.69094743438816,7.2723337035160025,0.0035295587926045258,0.0035233445181079427,0.0296916958216685
2025-11-06,243.0399932861328,250.3800048828125,242.1699981689453,249.16000366210938,46004200,227.39150009155273,227.13,232.6753468132227,60.048991006889246,6.389812881868181,3.3590343531511757,253.3351600043514,201.44784017875406,7.339310347112516,-0.028617121300727022,-0.029034574612610754,0.03062265573990972
2025-11-07,244.41000366210938,244.89999389648438,238.49000549316406,242.89999389648438,46374300,228.79350051879882,227.38619995117188,233.79293317978332,60.915364165525105,6.488662311156048,3.98495994475215,255.22912510486037,202.35787593273727,7.272930208270216,0.005636975040415049,0.005621146751201347,0.027901948263792456
2025-11-10,248.39999389648438,251.75,245.58999633789062,248.33999633789062,36476500,230.20999984741212,227.77419982910158,235.18408181946913,63.40444088656828,6.810453394836998,4.55005863476912,257.6413581016802,202.77864159314404,7.277720646100245,0.01632498741700883,0.0161931675138767,0.02788693370600749
2025-11-11,249.10000610351562,249.75,247.22999572753906,248.41000366210938,23564100,231.84550018310546,228.24940002441406,236.50940794175926,63.83953646149057,7.040798341360642,5.048206576087424,259.68338722616954,204.00761314004134,6.937883762268866,0.0028180846386129943,0.0028141212824006312,0.02737060517517309
2025-11-12,244.1999969482422,250.3699951171875,243.75,250.24000549316406,31190100,233.27699966430663,228.61359985351564,237.24184498999574,58.58850459024111,6.750147089454401,5.38859467876082,260.55885400868175,205.9951453199315,6.91517743047734,-0.01967085120518708,-0.01986689759076167,0.027937067156016033
2025-11-13,237.5800018310547,243.75,236.5,243.0500030517578,41401700,234.43249969482423,228.6516000366211,237.27405040342992,52.326388021941774,5.917413340413702,5.494358411091397,260.3539460785325,208.511053311116,6.971235967460544,-0.027108907452568887,-0.027483132611142096,0.028841527219669538
2025-11-14,234.69000244140625,238.72999572753906,232.88999938964844,235.05999755859375,38956700,235.5150001525879,228.69880004882813,237.02795059752293,49.822806775805994,4.967010442242753,5.388888817321669,259.5091567141957,211.52084359098015,6.890433136776978,-0.012164320933474637,-0.01223891180071706,0.028989520541164285
2025-11-17,232.8699951171875,234.60000610351562,229.19000244140625,233.25,59919000,236.33450012207032,228.63940002441407,236.63195483749098,48.2569191495566,4.020602909923355,5.115231635842006,258.7391014338132,213.92989881032744,6.791116484150051,-0.007754941860691922,-0.007785167790615942,0.029008819891040365
2025-11-18,222.5500030517578,230.1999969482422,222.4199981689453,228.10000610351562,60608400,236.36050033569336,228.32559997558593,235.29081657218308,40.486663594234564,2.4100494601810283,4.574195200709811,258.69975224924065,214.02124842214607,7.052465088728061,-0.04431653833391602,-0.045328527802621185,0.03044963983611232
2025-11-19,222.69000244140625,223.74000549316406,218.52000427246094,223.74000549316406,58335600,236.59750061035157,228.17279998779296,234.0907390359186,40.62633292294459,1.1319229256804135,3.8857407457039317,258.240159298134,214.95484192256913,6.921574812440566,0.0006290693674619874,0.0006288715862684946,0.03012286138569449
2025-11-20,217.13999938964844,227.41000366210938,216.74000549316406,227.0500030517578,50309000,236.40000076293944,227.9166000366211,232.47638287913097,36.92654224783846,-0.32509295505917635,3.04357400555131,258.6681615158078,214.13184001007107,7.18931933790519,-0.02492255148822009,-0.025238376767976148,0.030516825221393797
2025-11-21,220.69000244140625,222.2100067138672,215.17999267578125,216.35000610351562,68490500,236.2240005493164,227.76740020751953,231.3538704564905,40.649709670696154,-1.179733724101709,2.198912459620707,258.92617439862073,213.52182670001204,7.177940387918101,0.016348913427910006,0.01621670892983362,0.030577124532985327
2025-11-24,226.27999877929688,227.3300018310547,222.27000427246094,222.55999755859375,54318400,236.1895004272461,227.66440032958985,230.87064458247207,46.050087558563945,-1.3899541774617035,1.4811391322042247,258.9498446684034,213.4291561860888,7.1395160308988395,0.02532963104830621,0.025014152157624068,0.030996748817468327
2025-11-25,229.6699981689453,230.52000427246094,223.8000030517578,226.3800048828125,39379300,236.21050033569335,227.5768002319336,230.75629730499332,49.076264622132626,-1.2683895764759825,0.9312333904681833,258.94595622939846,213.47504444198825,7.1095506873134315,0.0149814363087164,0.01487032297548011,0.031097977268004846
2025-11-26,229.16000366210938,231.75,228.77000427246094,230.74000549316406,38497900,236.15350036621095,227.52760040283204,230.6042693390044,48.6342906054092,-1.1993753958902857,0.5051116331964896,258.9535675535832,213.3534331788387,6.814582475900977,-0.0022205534501759105,-0.0022230225348219158,0.031088645431600608
2025-11-28,233.22000122070312,233.2899932861328,230.22000122070312,231.24000549316406,20292300,236.6715003967285,227.56740051269531,230.85338666107094,52.31594782210693,-0.8077619118867005,0.24253692417985154,258.6975627755959,214.64543801786112,6.6228258436240095,0.01771686809963624,0.01756175380535844,0.030339107218555993
2025-12-01,233.8800048828125,235.8000030517578,232.25,233.22000122070312,42904000,236.15450057983398,227.6154006958008,231.14163601552252,52.90687347126012,-0.43908710195054823,0.10621211895377158,257.93157074957935,214.3774304100886,6.403338501347853,0.0028299616613276513,0.002825964858582112,0.021001587743827634
2025-12-02,234.4199981689453,238.97000122070312,233.5500030517578,235.00999450683594,45785400,235.17550048828124,227.75120056152343,231.45386098251518,53.41553338344211,-0.10215908727258238,0.06453787770850081,255.3575804175804,214.99342055898208,6.333099906176243,0.0023088475921804186,0.0023061862991379644,0.018586232371446895
2025-12-03,232.3800048828125,233.3800048828125,230.61000061035156,233.35000610351562,35495100,234.32850036621093,227.98460052490233,231.5420651634959,51.16707110095775,0.00024555196904429977,0.051679412560609504,253.4595290331471,215.19747169927476,6.152878309920351,-0.008702300580441968,-0.008740386717129234,0.018309688081017742
2025-12-04,229.11000061035156,233.5,226.8000030517578,232.77000427246094,45683200,233.2740005493164,228.16260040283203,231.31043996795833,47.70090834182315,-0.18038073306038882,0.005267383436409839,251.06765238331346,215.48034871531937,6.191958212657625,-0.014071797072686909,-0.014171743534491207,0.018384411707603746
2025-12-05,229.52999877929688,231.24000549316406,228.5500030517578,230.32000732421875,33117400,232.5985008239746,228.39020050048828,231.14087414046676,48.1864045963577,-0.28633730491333154,-0.053053554233538434,249.87615787281752,215.3208437751317,5.941818514711099,0.0018331725713693903,0.0018314943611840917,0.0174981068106535
2025-12-08,226.88999938964844,230.8300018310547,226.27000427246094,229.58999633789062,35019200,231.72250061035157,228.53240051269532,230.73602892610313,45.337422766882575,-0.5766868517796127,-0.15778021374275328,248.2773490079192,215.16765221278393,5.843117017845574,-0.011501761877265149,-0.011568418747626617,0.017487545237392085
2025-12-09,227.9199981689453,228.57000732421875,225.11000061035156,226.83999633789062,25841700,230.6985008239746,228.6474005126953,230.46783552065952,46.66242315351364,-0.7154316157704557,-0.2693104941482938,245.43392588462444,215.96307576332475,5.672894853275689,0.004539639393836836,0.004529366309921425,0.016973017933075145
2025-12-10,231.77999877929688,232.4199981689453,228.4600067138672,228.80999755859375,38790700,229.83250045776367,228.89160034179687,230.59280345005354,51.415341986952924,-0.5080614349857342,-0.3170606823157819,241.9421566641056,217.72284425142175,5.589116649470283,0.016935769749744978,0.016793958483706913,0.01756164042248974
2025-12-11,230.27999877929688,232.11000061035156,228.69000244140625,230.7100067138672,28249600,229.1365005493164,229.08460021972655,230.5630125290291,49.566893358223865,-0.45946016588106886,-0.3455405790288393,239.30808694546587,218.96491415316692,5.4341796151470705,-0.006471654188885845,-0.006492686132941979,0.017163442970949665
2025-12-12,226.19000244140625,230.0800018310547,225.1199951171875,229.8699951171875,35639100,228.56700057983397,229.1602001953125,230.14653537782692,44.83388399377516,-0.7424137493387093,-0.42491521309081326,238.03492941323844,219.0990717464295,5.414595618501521,-0.017760970816273702,-0.017920589673159203,0.01658380062433804
2025-12-15,222.5399932861328,227.92999267578125,221.5,227.92999267578125,47286100,227.95950012207032,229.22080017089843,229.42210279766556,41.06531444650055,-1.2468092957807642,-0.5892940296288034,237.33671624381887,218.58228400032178,5.487123979735787,-0.01613691637948922,-0.016268534273204432,0.016731030623116618
2025-12-16,222.55999755859375,223.66000366210938,221.1300048828125,223.0399932861328,39298900,227.44400024414062,229.25400024414063,228.76856896537302,41.09453841726554,-1.6261865563492108,-0.7966725349728849,236.81830315500193,218.06969733327932,5.275900751133007,8.989068511033871e-05,8.98866451848032e-05,0.016693767210045923
2025-12-17,221.27000427246094,225.19000244140625,220.99000549316406,224.66000366210938,44034400,227.38000030517577,229.2438003540039,228.05441994700044,39.72650110452947,-2.0077928596046206,-1.038896599899232,236.90337022572834,217.8566303846232,5.199050479497949,-0.005796159688549518,-0.005813022613826454,0.01348362391558799
2025-12-18,226.75999450683594,229.22999572753906,224.41000366210938,225.7100067138672,50272400,227.58349990844727,229.27460021972655,227.93114133365145,47.70534460621086,-1.8459433877935965,-1.200305957478105,236.86825040240893,218.2987494144856,5.396260549182246,0.024811271877659857,0.024508470639878127,0.014600093467788212
2025-12-19,227.35000610351562,229.1300048828125,225.5800018310547,226.75999450683594,85544400,228.09400024414063,229.2668002319336,227.87579512125757,48.49446113140295,-1.651035402020824,-1.2904518463866488,236.0540073181518,220.13399317012946,5.26438501365193,0.0026019210221046585,0.0025985418858299946,0.013263349047630843
2025-12-22,228.42999267578125,229.47999572753906,226.7100067138672,228.61000061035156,32261300,228.4809997558594,229.50800018310548,227.92857584073602,49.98228050911725,-1.3933617219095993,-1.311033821491239,235.67970655779754,221.28229295392123,5.086213870796212,0.00475032567966549,0.004739078487121393,0.012868258182721606
2025-12-23,232.13999938964844,232.4499969482422,228.72999572753906,229.05999755859375,29230200,228.77399978637695,229.74940002441406,228.3296637977753,54.811382253806656,-0.8796469159081539,-1.224756440374622,236.06692499873074,221.48107457402315,5.010056042343693,0.016241329216049705,0.016110849706755952,0.01213322633143605
2025-12-24,232.3800048828125,232.9499969482422,231.3300018310547,232.1300048828125,11420500,228.9095001220703,230.06920013427734,228.71541056777886,55.113301847762756,-0.4479936021684807,-1.0694038727333939,236.36291603156337,221.45608421257725,4.767908833403965,0.001033882544133169,0.0010333484556670999,0.011701586410719745
2025-12-26,232.52000427246094,232.99000549316406,231.17999267578125,232.0399932861328,15994700,229.0775001525879,230.4082000732422,229.0777528253676,55.300909510082846,-0.09353030132163553,-0.8742291584510422,236.69557801502486,221.45942229015094,4.556630546545311,0.000602458846315379,0.0006022774408405259,0.011682128487255748
2025-12-29,232.07000732421875,232.60000610351562,230.77000427246094,231.94000244140625,19797900,229.02000045776367,230.7602001953125,229.3627294443058,54.51224000277394,0.14935179095010653,-0.6695129685708125,236.52871820935866,221.51128270616869,4.361871352581695,-0.0019353042317807878,-0.001937179352692427,0.010989646097458146
2025-12-30,232.52999877929688,232.77000427246094,230.1999969482422,231.2100067138672,21910500,228.9525001525879,231.15000030517578,229.6643741428764,55.215339745094674,0.3746364888222615,-0.4606830770921978,236.30795432955458,221.59704597562123,4.233881064841485,0.001982123671998126,0.0019801618568183687,0.010979014079767802
2025-12-31,230.82000732421875,232.99000549316406,230.1199951171875,232.91000366210938,24383700,228.77250061035156,231.43680053710938,229.77443444586137,51.997714209176856,0.410462657532662,-0.28645393016722587,235.75045994701148,221.79454127369164,4.136461729922562,-0.0073538531116630335,-0.007381025988312501,0.011073502577497623
2026-01-02,226.5,235.4600067138672,224.6999969482422,231.33999633789062,51456200,228.47850036621094,231.52620056152344,229.46258354625553,44.881933787627354,0.08923798712555708,-0.21131554670866928,235.31781365918891,221.63918707323296,4.609572303901308,-0.018715913643268745,-0.01889327280046985,0.011664250560434646
2026-01-05,233.05999755859375,234.0,227.17999267578125,228.83999633789062,49733300,228.67600021362304,231.82840057373048,229.80519440457346,54.96120110678223,0.35985392823715756,-0.0970816517195039,235.79909268485255,221.55290774239353,4.816031425051214,0.028962461627345393,0.028550975746587545,0.01305438360288839
2026-01-06,240.92999267578125,243.17999267578125,232.07000732421875,232.10000610351562,53764700,229.24599990844726,232.22520050048828,230.86469900183133,63.568510075343916,1.1955799435476706,0.161450667333931,238.1524611185901,220.3395386983044,5.265599562659164,0.033768107781812384,0.033210483799024845,0.014980862417819677
2026-01-07,241.55999755859375,245.2899932861328,239.52000427246094,239.61000061035156,42236500,229.97949981689453,232.57220031738282,231.88329886438012,64.15900315026198,1.886982995271211,0.506557132921387,240.2940392036853,219.66496043010378,5.301627380588643,0.0026148877348795008,0.0026114748641676943,0.014612873848288447
2026-01-08,246.2899932861328,246.41000366210938,241.8800048828125,243.05999755859375,39509800,230.89799957275392,232.9586001586914,233.25536499978514,68.31176851974178,2.78449805969845,0.9621453182767996,243.3628816656594,218.43311747984845,5.269368717940571,0.019581038977249277,0.01939179681615764,0.015063495562266471
2026-01-09,247.3800048828125,247.86000061035156,242.24000549316406,244.57000732421875,34560000,231.6779998779297,233.32120025634765,234.6005687981687,69.19749257204998,3.5428996984042556,1.478296194302291,246.06950428066085,217.28649547519854,5.2944134607439235,0.004425724253495522,0.004415959535942419,0.01475420865601832
2026-01-12,246.47000122070312,248.94000244140625,245.9600067138672,246.72999572753906,35867800,232.4875,233.64460021972656,235.73099093364817,67.50116999655344,4.024121206414009,1.9874611967246345,248.23119767601852,216.7438023239815,5.129097908372147,-0.003678565947722645,-0.0036853485099490966,0.014669176905400046
2026-01-13,242.60000610351562,247.66000366210938,240.25,246.52999877929688,38371800,233.30800018310546,234.03940032958985,236.38518285458792,60.68766649672809,4.046570114094294,2.3992829801985667,249.36078795191983,217.2552124142911,5.292019747924806,-0.0157016882298876,-0.015826265506308397,0.014518511089711675
2026-01-14,236.64999389648438,241.27999877929688,236.22000122070312,241.14999389648438,41410600,234.01350021362305,233.88800018310548,236.41040295381615,51.9974027527058,3.54339868206813,2.6281061205724794,249.3348860474097,218.6921143798364,5.369732971845356,-0.024526018373191683,-0.024831791107773515,0.0152230566983027
2026-01-15,238.17999267578125,240.64999389648438,236.6300048828125,239.30999755859375,43003600,234.79449996948242,233.5716000366211,236.578935308289,53.8283094192993,3.23084662305061,2.7486542210681053,249.27001062254197,220.31898931642286,5.273322689118679,0.006465239039753046,0.006444429028140061,0.01522151997433239
2026-01-16,239.1199951171875,239.57000732421875,236.41000366210938,239.08999633789062,45888300,235.68699951171874,233.36759979248046,236.82094100437456,54.96482630502366,3.024136838541665,2.803750744562817,248.85946214473034,222.51453687870713,5.122371330046586,0.0039466053837939885,0.003938837966679267,0.015063206643308107
2026-01-20,231.0,235.08999633789062,229.33999633789062,233.75999450683594,47737900,235.89899978637695,232.9835998535156,236.2665656706246,44.72366950776916,2.1799727320590705,2.678995142062068,248.61864225640716,223.17935731634674,5.455059004993035,-0.033957825706746436,-0.03454778703396358,0.0164562774945537
2026-01-21,231.30999755859375,232.3000030517578,226.8800048828125,231.08999633789062,47276100,236.09699935913085,232.74899993896486,235.79451156471688,45.14388915938078,1.518476753226281,2.4468914642949104,248.39444701844425,223.79955169981744,5.452554659561054,0.001341980773133189,0.0013410811217221105,0.016452456552111454
2026-01-22,234.33999633789062,235.72000122070312,230.89999389648438,234.0500030517578,31913300,236.39249954223632,232.54759979248047,235.65598630501913,49.208310093693804,1.2246153988911885,2.202436251214166,248.21361417358625,224.5713849108864,5.407372707036603,0.01309929882528893,0.013014244969160121,0.016657468325845567
2026-01-23,239.16000366210938,240.4499969482422,234.57000732421875,234.9600067138672,33778500,236.74349975585938,232.36279998779298,235.98970224378962,54.92914471297752,1.3649284217983393,2.0349346853310006,248.4550756886198,225.03192382309896,5.457560414416243,0.020568436457892858,0.020359762712410228,0.016886769473726748
2026-01-26,238.4199981689453,240.9499969482422,237.5399932861328,239.97999572753906,32825500,237.045499420166,232.14919982910158,236.22115899856635,53.9249262106804,1.4002737602703519,1.908002500318871,248.60189624288904,225.48910259744298,5.311306360680037,-0.003094185824689788,-0.0030989827151846525,0.01691958605892771
2026-01-27,244.67999267578125,244.8800048828125,238.0800018310547,239.69000244140625,38029200,237.65349884033202,232.15879974365234,237.02676220592016,60.50318753254794,1.9113812224644562,1.9086782447479882,249.4701282469006,225.83686943376344,5.4176418386141645,0.026256163723313408,0.02591738783059459,0.017803679819973935
2026-01-28,243.00999450683594,247.77999877929688,241.52999877929688,246.3699951171875,40882700,238.20049819946288,232.26739959716798,237.59659385362642,58.11926614149189,2.156820192501641,1.9583066342987188,249.94525153870234,226.45574486022343,5.477095992998867,-0.0068252338521122,-0.00684863228798761,0.017904015386065796
2026-01-29,241.72999572753906,243.0,236.74000549316406,242.82000732421875,47229600,238.660498046875,232.40819946289062,237.99025117495142,56.28858686732676,2.2224283696238842,2.0111309813637517,250.19970899851373,227.12128709523628,5.533731208761225,-0.005267268047532414,-0.005281189009015846,0.0179873439632779
2026-01-30,239.3000030517578,243.32000732421875,237.63999938964844,239.88999938964844,46585000,239.08449783325196,232.53679962158202,238.114989448933,52.88302683755187,2.0546583989921317,2.019836464889428,250.04905074191498,228.11994492458894,5.544179546319016,-0.010052507834071855,-0.010103375476311564,0.018071882541575154
2026-02-02,242.9600067138672,245.6300048828125,238.1699981689453,238.30999755859375,37546100,239.90749816894532,232.94499969482422,238.576419664641,57.09369086799428,2.191765883377741,2.054222348587091,249.333106846924,230.48188949096664,5.681024344001029,0.015294624385431943,0.015178840703943746,0.017618340150448712
2026-02-03,238.6199951171875,246.35000610351562,235.4499969482422,244.97999572753906,53831300,240.185498046875,233.26359954833984,238.58056970774066,51.24548238782878,1.9279971368407303,2.028977306237819,249.10103746531604,231.26995862843398,6.053808973377629,-0.017863069956986388,-0.01802454038618342,0.017185073635130742
2026-02-04,232.99000549316406,238.86000061035156,231.82000732421875,238.86000061035156,51299900,239.78849868774415,233.58059967041015,238.0481350206381,44.83031612974365,1.2502532527447272,1.8732324955392008,249.22780890220272,230.34918847328558,6.1242507100029995,-0.023593955826118118,-0.02387675021837666,0.016245629573372854
2026-02-05,222.69000244140625,226.30999755859375,220.3800048828125,224.91000366210938,103509200,238.84499893188476,233.62059967041014,236.58545572737793,35.96086242073402,-0.1166432332570082,1.4752573497799593,250.81929988412728,226.87069797964224,6.587518560027896,-0.04420791797466184,-0.04521487700574901,0.01878882610662179
2026-02-06,210.32000732421875,211.44000244140625,200.30999755859375,202.6999969482422,179210900,237.04649963378907,233.30139984130858,234.0839844508866,28.63392057967107,-2.173024498210566,0.7456009801818542,253.84218138388178,220.25081788369636,7.715553297369653,-0.05554804877440456,-0.057150465515023806,0.021204402200878037
2026-02-09,208.72000122070312,212.80999755859375,203.35000610351562,208.97000122070312,91178400,235.1134994506836,232.88239990234376,231.66836700039292,27.84368575619358,-3.887021423475005,-0.18092350054951778,255.26965987229775,214.95733902906946,7.840156022920259,-0.00760748406141476,-0.007636568568798812,0.021013709789048166
2026-02-10,206.9600067138672,212.64999389648438,206.41000366210938,208.8000030517578,67175000,233.13799972534179,232.4383999633789,229.31518983024762,26.96222018263221,-5.325998389130916,-1.2099384782657974,256.01572274247013,210.26027670821344,7.725858466595597,-0.008432323191560842,-0.008468076358810299,0.020986176399829803
2026-02-11,204.0800018310547,208.57000732421875,202.49000549316406,208.05999755859375,65545500,231.21199951171874,231.85559997558593,226.91183859222923,25.53751855071708,-6.622450835619787,-2.292440949736595,256.8931178390365,205.53088118440098,7.608297278342675,-0.013915755650289796,-0.01401348751238724,0.020957634412162824
2026-02-12,199.60000610351562,203.9600067138672,197.55999755859375,203.9600067138672,83975400,229.3595001220703,231.17,224.31071168854223,23.460788996492127,-7.920098983235363,-3.417972556436349,258.33780392766613,200.38119631647447,7.530562063636837,-0.021952154485218922,-0.022196688349696986,0.02086105255698564
2026-02-13,198.7899932861328,201.16000366210938,197.27999877929688,198.8800048828125,66321600,227.3900001525879,230.45739990234375,221.88016707878896,23.095093221732725,-8.91113375117854,-4.5166047953847865,258.9425769537101,195.8374233514657,7.269807979292241,-0.004058180323715632,-0.004066437083335938,0.020600995473873212
2026-02-17,201.14999389648438,201.74000549316406,196.0,198.1300048828125,69879200,225.49150009155272,229.83279968261718,219.9058648709504,26.680998224245897,-9.39777195371363,-5.492838227050555,258.5268890275691,192.45611115553635,7.160536373140228,0.011871828009746066,0.011801910679928636,0.02093250225842474
2026-02-18,204.7899932861328,206.86000061035156,201.50999450683594,202.07000732421875,51003300,224.18099975585938,229.34639953613282,218.46625805334875,31.951333319745274,-9.38157376275106,-6.270585334190656,258.30004194917365,190.0619575625451,7.056927111763582,0.018095945812067304,0.017934163011373634,0.020822915776780707
2026-02-19,204.86000061035156,205.63999938964844,202.80999755859375,203.8000030517578,35669600,222.85849990844727,228.8529995727539,217.17042401115853,32.05249639946341,-9.25638572103071,-6.867745411558667,257.81001913816607,187.90698067872847,6.755003877427233,0.00034184934085601526,0.0003417909236829623,0.02080606950788984
2026-02-20,210.11000061035156,211.1699981689453,203.75,204.75999450683594,65881600,221.64700012207032,228.51739959716798,216.4980027348912,39.335904678736966,-8.634014625995917,-7.2209992544461175,256.602366868175,186.69163337596564,6.802503469678525,0.025627257563010764,0.025304384018124338,0.02158058884803571
2026-02-23,205.27000427246094,208.42999267578125,203.11000061035156,208.10000610351562,53581500,219.9525001525879,228.06439971923828,215.42866954799308,35.55235109231229,-8.43410518959243,-7.46362044147538,254.6323571848958,185.27264312028,6.8166103647014875,-0.023035535309270605,-0.023304999462925406,0.02103401354614106
2026-02-24,208.55999755859375,210.36000061035156,203.25,205.47000122070312,41137200,218.45950012207032,227.59999969482422,214.77451031090743,39.79172381904888,-7.918916221555264,-7.554679597491357,252.3936188507306,184.52538139341004,6.837566810819349,0.016027637831418806,0.015900551376285547,0.021665072129949534
2026-02-25,210.63999938964844,211.58999633789062,208.92999267578125,210.4600067138672,41346400,216.75750045776368,227.20719970703124,214.38074736602562,42.37265556114178,-7.2591080096864005,-7.495565279930366,248.61128005847414,184.90372085705323,6.565597665710601,0.00997315810991184,0.009923754371216356,0.02065398601288963
2026-02-26,207.9199981689453,211.0500030517578,205.35000610351562,210.72999572753906,47756800,215.00300064086915,226.84179962158203,213.76543791868465,39.960311465593655,-6.876419530703515,-7.371736130084996,244.67001594410385,185.33598533763444,6.503769043034285,-0.012913032798065993,-0.012997130763748655,0.02069212242531124
2026-02-27,210.0,210.3300018310547,205.1999969482422,206.8300018310547,57422800,213.4165008544922,226.59099975585937,213.40682478357184,42.649197370815024,-6.332302547476644,-7.163849413563327,240.4757584297398,186.35724327924459,6.405643031589871,0.01000385652833935,0.009954149190768667,0.02105970154923662
2026-03-02,208.38999938964844,209.72999572753906,203.4600067138672,204.5500030517578,46001000,211.87100067138672,226.30759979248046,212.92903188891245,41.11431870755625,-5.9622701728685,-6.9235335654243615,236.23718920089874,187.5048121418747,6.415239478342938,-0.007666669573102691,-0.007696209563361218,0.021047044859308722
2026-03-03,208.72999572753906,209.17999267578125,202.47999572753906,203.10000610351562,43184900,210.1595001220703,226.05679962158203,212.52912368306738,41.59236034407888,-5.577290454436451,-6.65428494322678,229.92467479886125,190.39432544527938,6.435579297621456,0.0016315386481426941,0.0016302091348675868,0.020511235478955572
2026-03-04,216.82000732421875,217.5399932861328,210.14999389648438,210.47000122070312,54731100,209.0695007324219,225.8579998779297,212.93777926793896,51.650307029816254,-4.566752251890591,-6.2367784049595425,224.32670399812153,193.81229746672224,6.60518060197662,0.03875826073047883,0.03802601972435073,0.022768751437888438
2026-03-05,218.94000244140625,220.47000122070312,215.58999633789062,215.97999572753906,60943400,208.36700057983398,225.6897998046875,213.50941957017395,53.891066054942584,-3.5538608616087686,-5.700194896289388,220.02270634263556,196.7112948170324,6.481953764893469,0.009777672934109694,0.009730180814114253,0.02251957709136523
2026-03-06,213.2100067138672,217.32000732421875,212.52999877929688,214.99000549316406,51152700,207.89300079345702,225.38540008544922,213.4809040600495,47.48538230737471,-3.176878823424005,-5.195531681716313,217.82366234526717,197.96233924164687,6.4768144718374625,-0.026171534044230005,-0.026520103831069775,0.02109260048935052
2026-03-09,213.49000549316406,213.82000732421875,207.11000061035156,210.4499969482422,54642900,208.0515007019043,225.01240020751953,213.48177086320325,47.81182529917592,-2.822982693467253,-4.721021884066501,218.2301435463274,197.8728578574812,6.493471060553872,0.0013132534612816382,0.0013123918981728527,0.016905909621057185
2026-03-10,214.3300018310547,215.64999389648438,212.42999267578125,214.19000244140625,35678800,208.33200073242188,224.65140014648438,213.56255476490338,48.83929633606449,-2.446534647960391,-4.2661244368452795,218.87166798442115,197.7923334804226,6.259651786278818,0.00393459326562029,0.003926872997654284,0.01679745857702359
2026-03-11,212.64999389648438,217.0,211.35000610351562,215.7100067138672,34199300,208.61650009155272,224.25399993896485,213.47564420600634,46.85251964593346,-2.2577337108143922,-3.8644462916391022,219.29888586052172,197.93411432258372,6.2161047941506435,-0.007838417021498345,-0.007869298894721337,0.016779564403950474
2026-03-12,209.52999877929688,211.7100067138672,208.14999389648438,210.38999938964844,44349500,208.88899993896484,223.8031997680664,213.09986845108162,43.327432356418754,-2.332972088942114,-3.5581514510997048,219.37075903401728,198.4072408439124,6.093525880282741,-0.014671973697334195,-0.014780671622370333,0.01681691780529799
2026-03-13,207.6699981689453,210.55999755859375,206.22000122070312,209.61000061035156,35662100,209.29249954223633,223.30599975585938,212.58273794802102,41.33099082124586,-2.513709076746096,-3.349262976228983,218.89750541289638,199.68749367157628,5.9682737701118755,-0.008877013416636048,-0.008916648837354262,0.016097956127958835
2026-03-16,211.74000549316406,212.72000122070312,207.4499969482422,208.35000610351562,42209300,209.94000015258788,222.9243997192383,212.5024777142251,47.07746034909916,-2.301992923643496,-3.139808965711886,218.28964919658122,201.59035110859455,5.918397377422523,0.0195984367511175,0.019408860320450153,0.01648561645827462
2026-03-17,215.1999969482422,215.6999969482422,212.42999267578125,212.82000732421875,44969900,210.6425003051758,222.69839965820313,212.75938430794102,51.43259670768644,-1.8338741927603905,-2.878622011121587,218.24666262340037,203.0383379869512,5.778511240112209,0.016340754535353108,0.016208681248397017,0.01663765505257532
2026-03-18,209.8699951171875,215.13999938964844,208.8300018310547,213.92999267578125,37846600,210.89650039672853,222.234599609375,212.4842043850121,45.25443535845036,-1.8714009833747411,-2.677177805572218,218.02631144242784,203.7666893510292,5.82076008847473,-0.024767666852414494,-0.02507954596315967,0.017403336640451173
2026-03-19,208.75999450683594,209.1199951171875,206.0500030517578,207.05999755859375,36440600,211.09150009155275,221.59119964599608,212.1295177299477,44.06725331373414,-1.968022865355607,-2.5353468175288962,217.74786333079786,204.43513685230764,5.677848086828655,-0.005288991452693126,-0.0053030276815244914,0.01746626599813734
2026-03-20,205.3699951171875,207.5399932861328,204.32000732421875,207.39999389648438,63694600,210.85449981689453,220.86739959716797,211.4857536715896,40.567069212066045,-2.29172346077857,-2.486622146178831,217.95639749568704,203.75260213810202,5.58942945081355,-0.01623874055782004,-0.016372033885598155,0.01686903534863483
2026-03-23,210.13999938964844,212.8000030517578,209.50999450683594,209.7899932861328,44277400,211.0979995727539,220.1443997192383,211.35758659711902,46.95188922407777,-2.1387053703777212,-2.417038791018609,217.73611422908306,204.45988491642476,5.720899342510462,0.02322639327005427,0.022960765779813284,0.016861008457480103
2026-03-24,207.24000549316406,209.35000610351562,206.63999938964844,207.9499969482422,35351400,211.03199996948243,219.3415997314453,210.96543601578998,43.86644997016572,-2.2257852357903403,-2.3787880799729555,217.79481559752506,204.2691843414398,5.5622636751882855,-0.013800294588880768,-0.013896403903249794,0.0168095536176383
2026-03-25,211.7100067138672,213.07000732421875,209.89999389648438,211.55999755859375,36388800,211.08550033569335,218.6463998413086,211.03634751084496,49.38744586411538,-1.9120638336980846,-2.2854432307179815,217.85199365205204,204.31900701933466,5.581387829178743,0.021569200454641724,0.02133987694053351,0.017369009102145155
2026-03-26,207.5399932861328,212.88999938964844,207.1199951171875,210.61000061035156,46746000,211.06650009155274,217.94519958496093,210.7033613942057,44.9462225767664,-1.9771314549698502,-2.2237808755683552,217.8704718005898,204.26252838251568,5.594860432270329,-0.019696817795534227,-0.019893385566031804,0.017705569744091786
2026-03-27,199.33999633789062,206.60000610351562,199.13999938964844,206.4600067138672,56009800,210.53349990844725,217.19899963378907,209.62113615074713,37.756130654437115,-2.6597097586183907,-2.3109666521783625,219.04422066549765,202.02277915139686,5.7952271082856175,-0.039510442389467326,-0.04031216865924322,0.019601685563595584
2026-03-30,200.9499969482422,203.8000030517578,199.97999572753906,201.47999572753906,46373800,210.16149978637696,216.45439971923827,208.7953133695562,39.79264659933911,-3.0357501500116655,-2.455923351745023,219.61288160831393,200.71011796444,5.699854222970016,0.008076656164990315,0.008044214540419325,0.019695739828177707
2026-03-31,208.27000427246094,210.27999877929688,204.13999938964844,204.85000610351562,58470100,210.13850021362305,215.83739990234375,208.7452839317376,48.10603787134336,-2.7118410387722918,-2.507106889150477,219.60592925768734,200.67107116955876,5.959150480690349,0.03642700888472339,0.035779229656415903,0.021457185614874186
2026-04-01,210.57000732421875,213.5800018310547,208.19000244140625,210.44000244140625,45955400,209.82600021362305,215.42880004882812,208.9190671119739,50.42244742825471,-2.243685895766191,-2.45442269047362,218.78983421074182,200.86216621650428,5.918496831330212,0.011043371606930696,0.0109828388282875,0.019648410084237285
2026-04-02,209.77000427246094,212.2100067138672,204.89999389648438,206.5399932861328,31453000,209.36750030517578,214.99800018310546,209.00010874630598,49.59322923819747,-1.9151465155368044,-2.346567455486257,217.2982664126332,201.43673419771835,6.017890830333969,-0.0037992260242744047,-0.0038064614152036554,0.019480165113384545
2026-04-06,212.7899932861328,212.9499969482422,209.58999633789062,209.8000030517578,25385500,209.34649963378905,214.5670001220703,209.3610501310514,52.752058777684375,-1.3950080311834085,-2.1562555706256874,217.23858474985144,201.45441451772666,5.828041528906654,0.014396667550949482,0.01429401955243689,0.018930391841726294
2026-04-07,213.77000427246094,213.97000122070312,209.0800018310547,211.24000549316406,28154600,209.3604995727539,214.05920013427735,209.78095052547135,53.76462164139549,-0.8934170826389334,-1.9036878730283366,217.28287131247583,201.43812783303196,5.761038518959639,0.00460553135602737,0.0045949583469463715,0.018956052055855196
2026-04-08,221.25,226.10000610351562,219.6199951171875,223.7899932861328,51092700,209.70649948120118,213.71580017089843,210.87324095161694,60.68937274930671,0.10644348588351704,-1.501661601245966,218.95949703759385,200.4535019248085,6.230250184109286,0.03499085736091123,0.034392593210598475,0.02048526322487235
2026-04-09,233.64999389648438,233.8000030517578,223.27000427246094,225.22999572753906,65964200,210.75649948120116,213.4952001953125,213.0424555177948,68.98284683664488,1.8777702992786658,-0.8257752211410396,224.6896727330842,196.82332622931813,6.681661103227038,0.056045170153601775,0.05453095913592383,0.023642323293203493
2026-04-10,238.3800048828125,240.42999267578125,235.2100067138672,235.3000030517578,56912800,212.19899978637696,213.40260040283204,215.4555554573203,71.45660640011559,3.621485684189622,0.06367695992509281,230.5870621553564,193.81093741739753,6.688685222946312,0.020244002182271403,0.020041816513914186,0.02340245430371784
2026-04-13,239.88999938964844,240.0,235.75,237.4499969482422,42166200,213.80999984741212,213.3658004760742,217.78264535563727,72.2183545659035,5.066829371668717,1.0643074422738177,235.6502258896122,191.96977380521204,6.5144934213072885,0.006334400855383171,0.006314422859656274,0.02311396683068782
2026-04-14,249.02000427246094,252.17999267578125,241.77999877929688,241.77999877929688,72685000,215.67399978637695,213.5602005004883,220.75763191914427,76.33136127041774,6.869798982178196,2.2254057502546933,242.32337871875774,189.02462085399617,6.9270291259376835,0.038059130876826774,0.03735274928383289,0.02397551199619488
2026-04-15,248.5,250.44000244140625,247.1999969482422,249.25,43045200,217.33899993896483,213.67100036621093,223.3997622125591,75.64445240430516,8.162611880561371,3.412846976316029,247.58077266670014,187.09722721122952,6.663670295025282,-0.00208820280916866,-0.0020903861446825195,0.024008898993850995
2026-04-16,249.6999969482422,250.0,244.1999969482422,248.50999450683594,41895700,219.33050003051758,213.89260040283204,225.90454647310034,76.17723039796076,9.178204513279042,4.565918483708632,252.45134159800682,186.20965846302835,6.601979777649034,0.004828961562342915,0.0048173395273468644,0.02279746122315405
2026-04-17,250.55999755859375,256.17999267578125,250.11000061035156,254.99000549316406,52029300,221.42050018310547,214.24400024414064,228.25268467171875,76.57275446085146,9.937905860954487,5.640315959157803,256.8073187650781,186.03368160113286,6.593266631212607,0.003444135445984209,0.0034382179946092772,0.022592665294694263
2026-04-20,248.27999877929688,250.17999267578125,245.3699951171875,249.19000244140625,39463100,223.56600036621094,214.75580017089842,230.16004792005953,73.10728669297532,10.237980736585882,6.559848914643419,259.9882056207555,187.1437951116664,6.493033474797867,-0.009099612075002872,-0.009141266429826336,0.022219445750312376
2026-04-21,249.91000366210938,255.08999633789062,249.10000610351562,255.08999633789062,42922400,225.55450057983398,215.54760009765624,232.04099608596906,74.01278231066973,10.486438869266891,7.345166905568115,263.15118001688256,187.95782114278543,6.515673766497573,0.0065651880571397925,0.006543731071590066,0.021999421453016327
2026-04-22,255.36000061035156,255.94000244140625,250.3300018310547,252.44000244140625,36065100,227.96050033569335,216.48040008544922,234.26185365971978,76.82277508472049,10.996353813885094,8.07540428723151,266.70252384698296,189.21847682440375,6.480982695983237,0.021807838295304194,0.021573448951202067,0.02149805956681621
2026-04-23,255.0800018310547,258.7900085449219,253.07000732421875,255.38999938964844,39091400,230.12900009155274,217.44279998779297,236.24453443794215,76.36590838618305,11.24820916629011,8.70996526304323,269.8330626628495,190.42493752025598,6.4266268763203716,-0.001096486445127054,-0.001097088026179746,0.02149302001453056
2026-04-24,263.989990234375,264.5,257.69000244140625,259.9800109863281,53777400,232.95149993896484,218.64099975585938,238.8869587995072,80.36710230104399,12.028115321672402,9.373595274769066,273.8392395207794,192.06376035715027,6.640439111507868,0.03493017225717909,0.034333958023186784,0.02104314052823611
2026-04-27,261.1199951171875,264.1499938964844,260.3399963378906,263.4599914550781,44906800,236.04049987792968,219.8713995361328,241.00439082976246,75.90916843595436,12.273134889086094,9.953503197632472,275.61809145289413,196.46290830296525,6.438264714871145,-0.010871605831113018,-0.01093113357236666,0.01809982012520737
2026-04-28,259.70001220703125,261.0299987792969,256.6300048828125,258.3900146484375,42204400,238.97800064086914,221.08959991455077,242.78492619902616,73.73002247367671,12.211962011587588,10.405194960423495,276.3619000830638,201.5941011986745,6.299102251978563,-0.005438047398549362,-0.005452887403187945,0.0185686739183019
2026-04-29,263.0400085449219,265.9100036621094,257.70001220703125,257.989990234375,72367900,241.71650085449218,222.32740020751953,244.71398166054004,75.5108174889822,12.291305339514963,10.782417036241789,277.69925006166886,205.7337516473155,6.435594337914246,0.012860978748156615,0.01277897868001351,0.017737377412172458
2026-04-30,265.05999755859375,273.8800048828125,256.1600036621094,273.1700134277344,100974900,244.44100036621094,223.53280029296874,246.65169746035468,76.54632404012108,12.374535784542815,11.100840785901994,278.7925593698102,210.08944136261167,7.241623400970594,0.0076793983730687465,0.007650061888693173,0.017761743026777802
2026-05-01,268.260009765625,273.32000732421875,262.739990234375,265.5799865722656,50825200,247.36550064086913,224.80080047607422,248.70963196561854,78.12439303042864,12.553996100900008,11.391471848901599,279.28527893394585,215.4457223477924,7.480080093032962,0.012072784412985094,0.012000489635761667,0.017382377680564016
2026-05-04,272.04998779296875,276.1000061035156,268.79998779296875,268.79998779296875,49083700,250.32850036621093,226.03960021972657,250.93252299679475,79.85336269606408,12.853867859761124,11.683951051073505,279.76532112210475,220.89167961031708,7.50578839623708,0.014128002271583506,0.014029132183864345,0.017380949561009145
2026-05-05,273.54998779296875,278.55999755859375,272.3800048828125,276.0799865722656,41908500,253.31749954223633,227.4051998901367,253.086567263097,80.50993096421435,13.061985416022509,11.959557924063306,279.2275887017196,227.40741038275308,7.434661351193361,0.005513692583370089,0.0054985478239463976,0.017360413419168243
2026-05-06,274.989990234375,277.79998779296875,272.2099914550781,272.8900146484375,44552000,256.0044990539551,228.73379974365236,255.17260754607585,81.14519747658859,13.191057936441808,12.205857926539007,279.0420188842313,232.9669792236789,7.30289956452888,0.005264129064761924,0.005250321971042334,0.016593178307230963
2026-05-07,271.1700134277344,276.6300048828125,270.489990234375,275.0199890136719,35892900,257.88050003051757,229.94440002441405,256.69617001099573,74.23291786508463,12.837130189386528,12.332112379108512,279.3910459638802,236.36995409715493,7.219836356236638,-0.01389133038400725,-0.01398871786017844,0.013737336225083078
2026-05-08,272.67999267578125,274.0,269.95001220703125,271.6300048828125,34732700,259.595499420166,231.23959991455078,258.2184388362134,75.13459077791794,12.533998473567635,12.372489598000337,280.0574110863725,239.13358775395952,6.9934186017175035,0.0055683857848436435,0.005552939638259035,0.013412400797527783
2026-05-11,268.989990234375,273.6300048828125,268.4800109863281,269.8399963378906,38176700,261.05049896240234,232.41939971923827,259.24430087413356,68.79874422307847,11.859305356462698,12.26985274969281,279.7644424165521,242.33655550825262,6.8617454084865654,-0.013532354923427414,-0.013624751749596186,0.014165464099072366
2026-05-12,265.82000732421875,267.6499938964844,262.6300048828125,266.7099914550781,36776200,261.89049911499023,233.56799987792968,259.8705586312845,63.81982282350834,10.942674729357009,12.00441714562565,279.8624873212369,243.91851090874357,6.825905404420561,-0.011784761609137218,-0.011854752338375166,0.012482437148177806
2026-05-13,270.1300048828125,270.7200012207031,263.20001220703125,264.42999267578125,39670900,262.97199935913085,234.79600006103516,260.8476487504776,67.28630625947824,10.443631453770536,11.692260007254628,280.17753877883666,245.76645993942503,6.8754828050813686,0.016213969753363422,0.01608392713413966,0.012731698138888439
2026-05-14,267.2200012207031,270.7799987792969,266.6300048828125,269.1499938964844,31338400,263.8479995727539,235.80399993896484,261.45453946192765,62.904045541709266,9.701490345108368,11.294106074825377,280.0140434793576,247.6819556661502,6.680805025895869,-0.010772604336833247,-0.010831048951722346,0.013165454402627716
2026-05-15,264.1400146484375,264.3599853515625,260.8900146484375,262.5,40770300,264.5270004272461,236.70800018310547,261.71029900350004,58.55703611959257,8.76378552947881,10.788041965756065,279.50029872801656,249.5537021264756,6.65574656492228,-0.011526033074604314,-0.011592972656152402,0.01358631658735906
2026-05-18,264.8599853515625,268.8500061035156,262.5299987792969,263.8699951171875,33690800,265.3559997558594,237.74099975585938,262.01026913188696,59.26567217184056,7.986677874981467,10.227769147601146,278.34368106311223,252.36831844860657,6.6317651905863135,0.0027257161474880665,0.0027220081197222258,0.013298694351841066
2026-05-19,259.3399963378906,262.25,255.19000244140625,262.0400085449219,40340700,265.82749938964844,238.6579995727539,261.7559574372207,51.93356736766958,6.846475570509995,9.551510432182916,277.11081975554634,254.54417902375053,6.848780741984166,-0.020841158796957915,-0.021061401192618883,0.014319607080937772
2026-05-20,265.010009765625,265.5799865722656,259.5299987792969,260.04998779296875,34933200,266.3099998474121,239.67159973144533,262.065867182783,57.719766598068254,6.327440926535246,8.906696531053381,276.53751388703483,256.08248580778934,6.805295705726368,0.021863243262898013,0.021627669973466716,0.014323655617812594
2026-05-21,268.4599914550781,269.489990234375,261.3699951171875,263.5,36591700,266.97899932861327,240.7877996826172,262.67483139919204,60.811008327684085,6.123894477832948,8.350136120409296,275.83979635260727,258.1182023046193,6.89920280654502,0.01301830709151064,0.012934297256761875,0.014511967443977043
2026-05-22,266.32000732421875,269.7900085449219,266.239990234375,268.6600036621094,27535500,267.09550018310546,241.9235998535156,263.0219910110994,57.97930940487718,5.723921808406942,7.824893258008825,275.85674741870577,258.33425294750515,6.659975342545152,-0.007971333528174807,-0.0080032744617438,0.012525550822735067
2026-05-26,265.2900085449219,269.29998779296875,262.07000732421875,267.94000244140625,38028100,267.3040008544922,243.07600006103516,263.23799268098725,56.61286844541038,5.263157884913767,7.312546183389815,275.6763476495066,258.93165405947775,6.700689994416927,-0.003867523096163561,-0.0038750213028487137,0.012286090437488004
2026-05-27,271.8500061035156,272.4100036621094,265.70001220703125,266.1499938964844,40061900,267.91150054931643,244.27820007324217,264.0581844355138,62.650352442893094,5.365486150270897,6.923134176766032,275.7338449174602,260.08915618117265,6.730640360329111,0.024727646527565872,0.024426866578213892,0.013282876348749148
2026-05-28,274.0,274.5,267.44000244140625,272.2699890136719,40630400,268.4595001220703,245.45420013427736,265.0050240130839,64.39889714035102,5.556022211449488,6.649711783702724,276.37502509071874,260.5439751534219,6.754165874490871,0.007908750591183455,0.007877640344363742,0.01312225212332749
2026-05-29,270.6400146484375,274.75,269.6400146484375,271.2900085449219,54749600,268.7385009765625,246.66960052490234,265.5416897878795,59.695449662283096,5.3739530893257665,6.394560044827333,276.54771187179324,260.9292900813317,6.636724408567416,-0.01226272026117703,-0.012338527790443166,0.013431975073728479
2026-06-01,261.260009765625,266.6300048828125,260.70001220703125,266.2900085449219,53604400,268.3885009765625,247.71960083007812,265.13391073814097,48.94763953036202,4.421802212801367,6.00000847842214,276.8521615437648,259.92484040936023,6.872672839484475,-0.03465860321873382,-0.035273461160258576,0.015354783932174614
2026-06-02,256.5199890136719,261.20001220703125,254.3699951171875,257.1600036621094,41811000,267.6120010375977,248.7426007080078,264.3135372405725,44.57968952170508,3.2473028368751216,5.449467350112737,277.34404910967766,257.8799529655177,6.873911540123977,-0.0181429249589532,-0.018309525985056377,0.015353883406013225
2026-06-03,250.02000427246094,257.0899963378906,247.7100067138672,254.6999969482422,51394200,266.4355018615723,249.54020080566406,262.95224838646664,39.388867083503555,1.7715874167009815,4.7138913634303865,278.436330629955,254.43467309318953,7.052917117545367,-0.02533909644314114,-0.025665659701418486,0.01600823956715364
2026-06-04,253.7899932861328,255.8300018310547,251.75,253.1199951171875,35609800,265.37550201416013,250.47120056152343,262.07965266262534,43.49822223878497,0.8959509556414673,3.950303281872603,277.9003339724822,252.8506700558381,6.964137149048823,0.01507874949703436,0.01496619519549892,0.016462931514397792
2026-06-05,246.02999877929688,256.3800048828125,245.77999877929688,254.25999450683594,55607800,264.1185012817383,251.15760040283203,260.55111419754644,37.81503693152678,-0.4193301748580325,3.076376590526476,278.9065247736245,249.3304777898521,7.22384207436788,-0.03057644001781823,-0.03105365219156565,0.01739370492174241
2026-06-08,245.22000122070312,249.4199981689453,243.36000061035156,246.67999267578125,33899500,262.74550170898436,251.91120056152343,259.09100819975185,37.26769363287286,-1.5096575874750329,2.1591697549261744,279.1136403149096,246.37736310305914,7.140710323241157,-0.0032922715222234444,-0.0032977029725941285,0.017230241942214546
2026-06-09,244.19000244140625,250.42999267578125,240.39999389648438,247.72999572753906,44425400,261.50550231933596,252.80820068359375,257.67186479419513,36.54335544544265,-2.4288637810365117,1.2415630477336372,279.4729214635129,243.53808317515904,7.34708807010228,-0.004200304926880172,-0.004209150987076249,0.017117329694996745
2026-06-10,238.0,244.07000732421875,237.4499969482422,243.61000061035156,38590200,260.114501953125,253.5492007446289,255.79835386141463,32.46017547531524,-3.615149582930087,0.2702205216008924,280.65391187154194,239.57509203470804,7.303725028892408,-0.025349123139844942,-0.025675947123681687,0.017673139208783887
2026-06-11,241.50999450683594,242.13999938964844,235.17999267578125,237.92999267578125,41335400,258.68350143432616,254.2140005493164,254.43755773240713,36.77421974627081,-4.223377933350605,-0.6284991693894071,280.19721309769193,237.16978977096036,7.2791737206763205,0.01474787607914263,0.014640183686286065,0.017581735186701145
2026-06-12,238.5500030517578,243.36000061035156,233.58999633789062,243.2100067138672,51186600,257.25000152587893,254.77360046386718,252.92445728663102,34.757954853330176,-4.887905128149555,-1.4803803611414366,280.07799502701647,234.4220080247414,7.457090188660936,-0.012256186172015071,-0.012331912602696485,0.017608542952215707
2026-06-15,246.02000427246094,247.80999755859375,244.72999572753906,245.02000427246094,41711600,256.34400100708007,255.49860046386718,252.26689033290054,43.21896684623864,-4.756945936917134,-2.1356934762965762,279.44296312714664,233.2450388870135,7.585869068530578,0.031314194613874635,0.03083390605189011,0.019357137738258166
2026-06-16,246.0,249.50999450683594,245.4499969482422,248.0,35187400,255.40100173950196,256.16280059814454,251.67004363452907,43.20280862697245,-4.601728154274184,-2.628900411892098,278.57211164052865,232.22989183847528,7.334021103535091,-8.13115686266741e-05,-8.131487459148037e-05,0.019320766187208377
2026-06-17,237.5,245.91000366210938,236.0,244.89999389648438,44780800,254.30900192260742,256.6374005126953,250.32051566933583,36.89141486730262,-5.105740111983835,-3.1242683519104455,278.6629855107469,229.95501833446795,7.524448167568299,-0.03455284552845528,-0.035163912457666896,0.020191796013524055
2026-06-18,244.38999938964844,245.72999572753906,236.02000427246094,240.1199951171875,75624400,253.2780014038086,257.10020050048826,249.7557045950799,44.02914577424024,-4.892806621989706,-3.477976005926298,277.4779947263452,229.078008081272,7.68055840239043,0.029010523745888195,0.028597683957913095,0.020733241432681234
2026-06-22,232.7899932861328,242.0,232.24000549316406,240.0800018310547,68388500,251.49450149536133,257.08300048828124,248.13992256565635,36.536683452558925,-5.595576521311955,-3.9014961090034292,276.20824908773807,226.78075390298463,7.999803794825711,-0.047465142323687703,-0.04862857666526806,0.02248256834347952
2026-06-23,234.11000061035156,236.8699951171875,232.0,232.5500030517578,60492600,249.88400115966797,256.997600402832,246.803739522294,37.83310514746245,-5.977112735415204,-4.316619434285784,274.72106065395013,225.04694166538582,7.7762460321372675,0.005670378290686617,0.005654362212000333,0.022653407462443983
2026-06-24,234.27000427246094,242.4199981689453,232.9499969482422,233.85000610351562,70282600,248.33300094604493,256.8852005004883,245.61005045088132,37.99843999825472,-6.19515804993847,-4.6923271574163214,273.001756178519,223.6642457135709,7.897228545606258,0.0006834550497296643,0.0006832216006890583,0.02270065871751915
2026-06-25,227.00999450683594,232.32000732421875,225.5500030517578,232.02000427246094,77674100,246.09100036621095,256.44500030517577,243.8386165514484,33.62823979075611,-6.874537260000153,-5.128769177933088,269.939803957289,222.24219677513292,7.955998022398892,-0.03098992458796157,-0.03148026940338524,0.02214965657587924
2026-06-26,232.69000244140625,233.89999389648438,226.1300048828125,227.2100067138672,248372100,244.02550048828124,256.1288003540039,242.77684377906346,39.491613301235276,-6.8753660678605115,-5.478088555918573,264.8061446242857,223.24485635227677,7.942711664632676,0.025020959746330673,0.024713060914308634,0.023135115801245446
2026-06-29,240.13999938964844,249.7100067138672,233.8000030517578,234.22000122070312,77619200,242.5004997253418,255.93760040283203,242.5257157419763,46.20439957598294,-6.20336191783025,-5.623143228300909,259.3494051010822,225.65159434960142,8.59108970804898,0.03201683299701785,0.03151497796996931,0.024755790026737057
2026-06-30,238.33999633789062,241.5399932861328,237.1699981689453,237.35000610351562,66228300,241.35449905395507,255.69320037841797,242.12707579873006,44.90807569326476,-5.749759343811945,-5.648466451403116,255.9047724707152,226.80422563719495,8.289582951558874,-0.00749564027789118,-0.007523873763327147,0.023808590659675107
2026-07-01,241.6999969482422,244.89999389648438,234.89999389648438,239.75,53829900,240.6134994506836,255.56160034179686,242.08640162249313,47.849383248249275,-5.0608141520167464,-5.530935991525842,253.40175935849038,227.82523954287683,8.411755597876097,0.014097510539473834,0.013999064785619552,0.023913924013158117
2026-07-02,242.6699981689453,246.72000122070312,241.0800018310547,241.61000061035156,48246400,240.24599914550782,255.4168002319336,242.14198224596475,48.70087426008746,-4.385990167596702,-5.301946826740014,252.33519830738857,228.15679998362708,8.213773011574121,0.004013244654325954,0.0040052130693041185,0.023345208674034557
2026-07-06,244.16000366210938,246.0399932861328,240.8800048828125,243.8000030517578,40044000,239.76449966430664,255.19280029296874,242.33417476178803,50.05001196449844,-3.6884382867006877,-4.97924511873215,250.32846199806036,229.20053733055292,7.995645539555992,0.006140048231783268,0.006121274942382323,0.02310083045847009
2026-07-07,245.97999572753906,248.92999267578125,242.6999969482422,246.97999572753906,40579600,239.76199951171876,255.01080017089845,242.68139580614528,51.72024727734006,-2.9547052433239287,-4.574337143650506,250.32005130247725,229.20394772096026,7.869527695840497,0.007454095831143315,0.00742645135022292,0.022142146081032016
2026-07-08,243.6199951171875,244.8000030517578,240.52000427246094,244.27000427246094,29653000,239.68199920654297,254.60340026855468,242.77078621672072,49.41291545495355,-2.534433474628628,-4.166356409846131,250.0966872435575,229.26731116952843,7.69741796435747,-0.009594278605344897,-0.009640600216052831,0.022239451322393813
2026-07-09,247.0399932861328,247.5,238.25,239.82000732421875,38091700,239.8244987487793,254.3218002319336,243.17737736618855,52.70565316057742,-1.9034579218645433,-3.7137767122498135,250.55520698133,229.09379051622858,7.808316681189079,0.01403824906613349,0.013940625430091662,0.02243514606484062
2026-07-10,245.33999633789062,251.02999877929688,244.41000366210938,249.5500030517578,31654000,240.19149856567384,254.03459991455077,243.38334107777922,50.93102703159632,-1.523024320306689,-3.275626233861189,251.14721521516643,229.23578191618125,7.72343656947468,-0.006881464517662805,-0.0069052509812284075,0.02166828182469232
2026-07-13,247.30999755859375,249.64999389648438,244.17999267578125,244.67999267578125,34636100,240.48149871826172,253.71999969482422,243.75730836166633,52.90974435919529,-1.050456309226007,-2.8305922489341526,251.8603495487733,229.10264788775012,7.562476901705283,0.008029678202122303,0.007997611876585861,0.021507567407978784
2026-07-14,247.49000549316406,248.55999755859375,243.8000030517578,245.5500030517578,30108100,240.92849884033203,253.36859985351563,244.11280332657086,53.095866373531834,-0.6538800971118803,-2.3952498185696984,252.66547920699097,229.19151847367309,7.362299587786045,0.0007278635572653958,0.0007275987930534227,0.021268015167300855
2026-07-15,254.9600067138672,256.4800109863281,249.75,249.75,45240600,241.37549896240233,253.10259979248048,245.14587031583716,60.13710742919397,0.26017691969587986,-1.8641644709165828,254.45790809905415,228.2930898257505,7.4785642953130465,0.030183041960898382,0.029736497094527754,0.021187470970671262
2026-07-16,249.88999938964844,258.0799865722656,248.0,255.1199951171875,45343700,241.56999893188475,252.65940002441405,245.59769213239062,54.19093701276805,0.5689084492264556,-1.3775498868879752,255.0318059949058,228.1081918688637,7.664380172238231,-0.019885500434225545,-0.020085877850740792,0.0217453596104058
2026-07-17,247.22999572753906,250.24000549316406,243.58999633789062,244.4600067138672,43572400,242.0564987182617,252.13300018310548,245.75314961764286,51.32365303113972,0.5921148147105839,-0.9836169465682634,255.59783010471259,228.51516733181083,7.591925099597889,-0.010644698341695902,-0.010701758429280527,0.02029627688393073
2026-07-20,249.99000549316406,252.88999938964844,248.0,248.75999450683594,32406500,242.3364990234375,251.63300048828125,246.15665970102583,54.040897153204064,0.8237204121088553,-0.6221494748328397,256.2847288719487,228.38826917492634,7.453930711205852,0.011163733419575328,0.011101878873679078,0.019429613626350137
2026-07-21,247.5500030517578,249.33999633789062,246.4199981689453,249.11000061035156,27732100,243.07449951171876,251.1606002807617,246.28935906776223,51.31374888598177,0.8011465923844128,-0.3374902613893892,256.4753766291417,229.67362239429582,7.176507612135345,-0.009760399967161826,-0.009808344900483996,0.015968445607839814
2026-07-22,244.85000610351562,248.4499969482422,242.4499969482422,248.27000427246094,34112700,243.61149978637695,250.6040005493164,246.1522778330721,48.402927703952166,0.5589463036535278,-0.15820294838080584,256.3781777786081,230.84482179414582,7.092471354125678,-0.010906875035172847,-0.010966791059379552,0.01626098574630647
2026-07-23,233.66000366210938,238.35000610351562,232.0500030517578,236.25999450683594,47465300,243.58099975585938,249.8974008178711,244.96253743583756,38.62401102369585,-0.5298312831698127,-0.23252861533860722,256.43938586317597,230.7226136485428,7.50015218967083,-0.0457014586990675,-0.04677872011408177,0.019499611676197365
2026-07-24,232.11000061035156,234.9499969482422,231.33999633789062,234.3800048828125,35017400,243.83600006103515,249.22320068359375,243.7384863096008,37.49403721800795,-1.5004711597879066,-0.4861171242284671,255.51825643336707,232.15374368870323,7.222284219719454,-0.006633583101364859,-0.006655683102763052,0.0181744950222785
2026-07-27,231.38999938964844,235.88999938964844,230.99000549316406,235.6699981689453,34999500,243.77099990844727,248.44840057373048,242.562439936272,36.95322227744963,-2.301280605971698,-0.8491498205771133,255.71219531864892,231.8298044982456,7.056406339488377,-0.0031019827616639573,-0.0031068038827953906,0.017307348368270095
2026-07-28,230.86000061035156,233.11000061035156,228.10000610351562,232.85000610351562,44521600,243.30699996948243,247.72120056152343,241.44792190523196,36.53546175719817,-2.9447490991254597,-1.2682696762867827,256.43837124870396,230.17562869026088,6.910234065727488,-0.002290499938177426,-0.002293127145673238,0.015565236810519162
2026-07-29,226.64999389648438,232.82000732421875,226.16000366210938,229.32000732421875,44957500,242.7224998474121,246.97140014648437,240.0385954282084,33.31371940079491,-3.7511736780686817,-1.7648504766431625,257.60951752557355,227.83548216925064,6.892360465469052,-0.0182361894773313,-0.01840451837298003,0.01595069506036192
2026-07-30,235.5,239.82000732421875,231.05999755859375,233.35000610351562,101839800,242.4125,246.38420043945314,239.6063482445695,44.41087146264407,-3.634255996013593,-2.138731580517249,257.626398057425,227.19860194257498,7.340764248488003,0.0390470167299346,0.03830396299886934,0.018134159334669085
2026-07-31,271.5799865722656,273.2300109863281,262.010009765625,265.0,129054800,243.857999420166,246.62900024414063,242.651456656731,67.87878521399324,-0.6230622336983629,-1.8355977111534718,263.68827963336975,224.02771920696227,9.511424729762297,0.15320588778032107,0.1425457923711586,0.0390221785986137
2026-08-03,284.0199890136719,287.20001220703125,278.0,278.2900085449219,90830200,245.85099868774415,247.00919982910156,246.59131688120158,72.23163524697246,2.7356004498653306,-0.9213580789497113,272.3072015392733,219.39479583621497,9.947753365833963,0.04580603526208682,0.044787913707705275,0.04000822993280332
2026-08-04,277.4200134277344,281.07000732421875,275.82000732421875,276.05999755859375,69748100,247.4229995727539,247.1884002685547,249.5273832189666,67.04090834355898,4.809362614464476,0.22478605973312615,277.245191518935,217.60080762657282,9.822912531806761,-0.023237715094833633,-0.023511967798007637,0.04062626881962002
2026-08-05,272.6499938964844,282.7900085449219,270.7300109863281,281.5899963378906,45119800,248.87449951171874,247.315,251.72953661682544,63.48977459182532,5.998783121392961,1.379585472065093,280.58133480204225,217.16766422139523,9.982704319434403,-0.017194215631067156,-0.017343752751158313,0.040822421035207876
2026-08-06,272.260009765625,275.4800109863281,271.05999755859375,272.7699890136719,30672900,250.13550033569337,247.45440002441407,253.68481977385397,63.19504642785434,6.831193238930581,2.469907025438191,283.41712059619476,216.85388007519197,9.585369255741544,-0.001430347110176089,-0.0014313710330971462,0.04081635142298637
2026-08-07,274.4800109863281,278.30999755859375,272.75,272.8699951171875,33861400,251.59250106811524,247.5070001220703,255.665314175042,64.21346991251909,7.582612166414378,3.492448053633429,286.4221796579658,216.76282247826467,9.332842008400629,0.00815397466052481,0.008120910623089925,0.040712445096525024
2026-08-10,278.0899963378906,280.1400146484375,273.6000061035156,274.010009765625,35731900,253.1315010070801,247.58880004882812,257.8009981905514,65.86744091693092,8.372895204124148,4.4685374837315734,289.74280952338836,216.52019249077182,9.133353903866432,0.013152088338200807,0.013066350560063843,0.0407395741797811
2026-08-11,272.2699890136719,278.8399963378906,271.3599853515625,278.69000244140625,31895700,254.37050018310546,247.6213995361328,259.17899731656286,60.974611050929596,8.432371128555928,5.261304212696444,291.80228461495597,216.93871575125496,9.015257981185124,-0.02092850300572191,-0.021150608480564718,0.04118976178973072
2026-08-12,267.2799987792969,273.4599914550781,267.1000061035156,273.17999267578125,29941100,254.98649978637695,247.74179931640626,259.9505212653947,57.060899740433946,7.984811778533185,5.806005725863793,292.83993015825547,217.1330694144984,8.825595650497794,-0.0183273604720513,-0.01849738717429334,0.04109030267576578
2026-08-13,265.1300048828125,269.5799865722656,264.7099914550781,267.239990234375,32170200,255.74850006103514,247.91399963378908,260.44380541943445,55.41062957605175,7.371655375479236,6.119135655786882,293.77405579811614,217.72294432395415,8.543052755261344,-0.00804397600383,-0.008076503328918698,0.04082594315512448
2026-08-14,262.6499938964844,265.80999755859375,262.4200134277344,264.8800048828125,27251700,256.5194999694824,248.16659942626953,260.6539186077249,53.48894747122918,6.609419079299926,6.2171923404894915,294.44809427371075,218.59090566525407,8.174976424946918,-0.009353943124710828,-0.009397965990688942,0.04080307978359609
2026-08-17,261.30999755859375,265.75,258.3399963378906,265.44000244140625,43896500,257.0854995727539,248.31699951171876,260.7164023173315,52.4308873182743,5.830010090047892,6.139755890401172,294.94523752084507,219.2257616246628,8.120335513315664,-0.005101832739500267,-0.005114891522905386,0.040810034227503185
2026-08-18,259.45001220703125,262.17999267578125,257.7300109863281,260.6300048828125,33171300,257.6805000305176,248.58539978027343,260.5957937353981,50.92508262997422,5.004548260280785,5.912714364377095,295.2953468404984,220.06565322053677,7.858167383039769,-0.007117926481727599,-0.0071433797754599185,0.04077095717980781
2026-08-19,265.8399963378906,266.3999938964844,258.5799865722656,260.8500061035156,35762400,258.7299995422363,248.9977996826172,261.09524160230217,55.638761961615124,4.810529341297865,5.692277359761249,296.02426270366334,221.43573638080932,7.855441664552552,0.02462896060980113,0.024330557407328434,0.04090307523491702
2026-08-20,260.1099853515625,263.8399963378906,259.5199890136719,263.1600036621094,28374100,260.052498626709,249.3161993408203,261.0014076736603,50.91600958352011,4.146604476048083,5.3831427830186165,295.5284902678305,224.5765069855875,7.7457677831001375,-0.021554360010767937,-0.021790048120245882,0.03966971858497822
2026-08-21,258.6300048828125,261.0899963378906,257.0400085449219,260.739990234375,35723000,261.37849884033204,249.72879943847656,260.77555978881765,49.74159182464621,3.4611195501993848,4.9987381364547705,294.480778750729,228.2762189299351,7.481783498090752,-0.005689825658748426,-0.0057060743810064644,0.039654367850176425
2026-08-24,262.07000732421875,263.32000732421875,259.04998779296875,259.6000061035156,28070500,262.91249923706056,250.1399996948242,260.8988405064749,52.48497614400838,3.159031902194215,4.630796889602659,293.02199812584223,232.80300034827889,7.28237056547043,0.01330086369122152,0.013213183826672891,0.03962322564940737
2026-08-25,261.05999755859375,263.8900146484375,259.8299865722656,262.510009765625,25550200,264.42249908447263,250.59019958496094,260.9141887971529,51.59447874058977,2.8057826023432426,4.265794032150776,290.74122519398475,238.1037729749605,7.052203244806248,-0.003853969311243932,-0.0038614149873981538,0.039643930824739375
2026-08-26,260.2799987792969,262.04998779296875,258.239990234375,261.2799987792969,21528400,266.10399932861327,250.87539947509765,260.8537897478333,50.876571189645965,2.4348234750249844,3.899599920725618,286.09012461251194,246.1178740447146,6.8206171243624985,-0.002987814244201914,-0.002992286671924638,0.039280825132190736
2026-08-27,256.260009765625,259.6600036621094,255.02000427246094,259.2300109863281,35927800,267.14199981689455,251.08059967041015,260.41628689238485,47.22910999363603,1.7957558217616452,3.4788311009328234,282.21499868676443,252.0690009470247,6.709144080253458,-0.01544486334918349,-0.015565377747123712,0.03887425174645469
2026-08-28,266.42999267578125,267.55999755859375,257.7799987792969,258.32000732421875,49547400,266.88450012207034,251.6591995239258,260.98902077651786,55.8521839425617,2.085878025607542,3.2002404858677673,281.82077529713956,251.9482249470011,7.037061488304551,0.03968618794425893,0.03891892525860571,0.01957957319611064
2026-08-31,259.7699890136719,264.3599853515625,257.1199951171875,263.8299865722656,46089400,265.6720001220703,251.96679931640625,260.87292251338965,50.08082489407584,1.7581287134027548,2.911818131374765,278.6569894889067,252.68701075523396,7.19941406475378,-0.02499719943397638,-0.0253149356130063,0.01693614688287527
2026-09-01,254.9199981689453,255.82000732421875,251.92999267578125,254.8300018310547,31700100,264.54699935913084,252.4093994140625,260.3059773377283,46.326606312653325,1.094415552826547,2.5483376156651216,277.15911210301255,251.93488661524913,7.245169941406411,-0.018670327789371055,-0.0188468185720646,0.01669669156084348
2026-09-02,254.97999572753906,256.239990234375,253.39999389648438,254.25999450683594,24013300,263.6634994506836,252.82679931640624,259.7987409939007,46.380155264743564,0.5667265222591595,2.1520153969839293,276.35668294082427,250.97031596054293,6.930514684012427,0.0002353583831189443,0.0002353306906797054,0.01642937803405696
2026-09-03,258.8999938964844,259.5,256.0,256.20001220703125,26891500,262.99549865722656,253.31939910888673,259.71314603224204,49.89729833030852,0.4595429303372498,1.8135209036545936,275.2057486951308,250.78524861932232,6.758335368901606,0.015373747880732092,0.015256769228779037,0.01694709690754318
2026-09-04,258.510009765625,261.1199951171875,255.2899932861328,259.07000732421875,30749900,262.1969985961914,253.9493994140625,259.59856162589756,49.549084615564425,0.33922038001259125,1.5186607989261933,273.34082711381166,251.05317007857116,6.692025830483969,-0.001506311858065601,-0.0015074474863226146,0.01676786980222739
2026-09-08,256.9700012207031,257.989990234375,254.75,256.67999267578125,29398000,261.14099884033203,254.43499938964842,259.34822253968855,48.120966714776806,0.11823513181565204,1.2385756655040852,269.78224857412437,252.4997491065397,6.482596111565471,-0.005957249184734059,-0.005975064381941081,0.016346596963256826
2026-09-09,252.39999389648438,254.69000244140625,250.64999389648438,253.1199951171875,33055500,260.14749908447266,254.68019927978514,258.686486478431,44.06238001461686,-0.4208078563882509,0.906698961125618,267.97266227332756,252.32233589561775,6.47098262675499,-0.01778420555905169,-0.017944244829286644,0.016187696845895518
2026-09-10,251.88999938964844,253.14999389648438,249.5800018310547,250.11000061035156,25484800,259.37799911499025,254.95119934082032,258.039201993785,43.620237984759996,-0.8790227752541,0.5495546138496744,267.27277004154325,251.48322818843727,6.2637690152317544,-0.002020580503837466,-0.0020226246306363624,0.01581637121010147
2026-09-11,256.7799987792969,257.5899963378906,253.13999938964844,254.08999633789062,26724100,258.96049880981445,255.25279937744142,257.9192778781195,48.913550764859586,-0.837920292852175,0.27205963250930454,266.4680276337151,251.45296998591382,6.223499581875357,0.01941323356027369,0.019227200554545194,0.01651727519357683
2026-09-14,253.5399932861328,255.9499969482422,250.74000549316406,253.14999389648438,34352800,258.5049987792969,255.47019927978516,257.5022031550731,45.842452004740984,-1.0546305207059277,0.0067216018662581145,266.1657408554951,250.84425670309875,6.210391989322318,-0.012617826577485336,-0.012698107378975015,0.016615103111319005
2026-09-15,248.4199981689453,253.27000427246094,247.22000122070312,252.24000549316406,36275400,257.86049880981443,255.55539916992188,256.6372312516324,41.417054512837694,-1.6208318137492483,-0.3187890812568432,266.5664331162038,249.15456450342506,6.21822056618713,-0.020194033496756192,-0.02040072028483007,0.017116094070819775
2026-09-16,245.9600067138672,249.25999450683594,244.3000030517578,248.10000610351562,33488500,257.1859985351563,255.55499938964843,255.6203527242262,39.446702221761825,-2.2422044321940007,-0.7034721514442748,267.2752265295206,247.09677054079197,6.128347058250773,-0.00990255000889717,-0.009951906363395342,0.01716784313007612
2026-09-17,251.19000244140625,252.72999572753906,249.24000549316406,251.07000732421875,30438800,256.45349884033203,255.7063995361328,255.19841460205285,45.394466485323974,-2.2862750076140514,-1.0200327226782302,266.037775367431,246.86922231323308,6.174178626495137,0.02126360214985379,0.021040686221960796,0.01690210397784352
2026-09-18,253.7100067138672,255.42999267578125,251.8800048828125,252.9199981689453,52274700,256.1334999084473,255.8397998046875,255.0566614698447,48.04264703060247,-2.0937228383295405,-1.2347707458084922,265.63508558508585,246.63191423180874,6.036022312772269,0.010032263418002785,0.009982274321190655,0.01651855249297041
2026-09-21,258.45001220703125,259.489990234375,253.60000610351562,256.3999938964844,42979400,256.1245002746582,256.1020001220703,255.37983773052915,52.69019952404597,-1.5408826909929871,-1.2959931348453912,265.6169469995738,246.63205354974258,6.025591014064205,0.018682769176344705,0.018510389948739304,0.017053727512516128
2026-09-22,254.97999572753906,259.0,253.77999877929688,255.11000061035156,41982600,255.7699996948242,256.2554000854492,255.3417575397682,49.21923987802839,-1.366996338127592,-1.3101937755018314,264.8692320524108,246.6707673372376,5.968048885966986,-0.013426257750425385,-0.013517204919827882,0.017012192650513836
2026-09-23,249.27000427246094,253.99000549316406,247.75999450683594,253.0,44209200,255.18050003051758,256.29100006103516,254.76349532383415,44.074157368318104,-1.6706801795854176,-1.3822910563185486,264.3597790163035,246.00122104473166,6.057474052733853,-0.022393880111205244,-0.022648430469021364,0.017655439770079485
2026-09-24,249.3800048828125,250.42999267578125,245.60000610351562,246.02000427246094,33040100,254.63550033569337,256.17940002441406,254.25078194849877,44.1951819131943,-1.8807950473708956,-1.481991854529018,263.8332845973189,245.43771607406785,5.969796375557551,0.0004412910035951345,0.0004411936633560692,0.017663634187419123
2026-09-25,249.6699981689453,250.8800048828125,247.17999267578125,248.55999755859375,34263900,254.30599975585938,256.175,253.81451682663655,44.53594307206564,-2.000848028680906,-1.5857630893593957,263.7170777478309,244.89492176388788,5.80766893494853,0.0011628570071970934,0.0011621814126833204,0.01738597431287999
2026-09-28,246.14999389648438,247.77000427246094,244.72999572753906,246.6300048828125,32596700,253.29199981689453,256.1533999633789,253.08456226186013,41.24381199131346,-2.3529030069556427,-1.7391910728786453,261.5600982026937,245.02390143109537,5.745692756838367,-0.014098627381248452,-0.014198957152641516,0.014685544255226357
2026-09-29,246.6699981689453,248.83999633789062,245.13999938964844,246.7100067138672,33730400,252.6370002746582,256.08699981689455,252.47365139586825,41.92676510431595,-2.5604340251004487,-1.903439663323006,260.82373745587455,244.45026309344183,5.599571627652926,0.0021125504178547416,0.0021103221209286312,0.013858575599531924
2026-09-30,249.14999389648438,252.44000244140625,246.0800018310547,246.7899932861328,41825700,252.34850006103517,256.1189996337891,252.15711258640312,45.198360104656544,-2.4960163997965594,-2.0219550106177167,260.59950987805087,244.0974902440195,5.653887983559971,0.010053900944372307,0.010003696700841653,0.01357937722958088
