Date,Close,High,Low,Open,Volume,SMA_20,SMA_50,EMA_20,RSI,MACD,MACD_SIGNAL,BB_UPPER,BB_LOWER,ATR,Daily_Return,Log_Return,Volatility
2021-08-02,133.6692352294922,134.14699347911008,132.61805515773415,133.92942502207725,21634000,,,,,,,,,0.0,,,
2021-08-03,134.4379119873047,134.53900531485272,132.14771857757245,133.94725240636728,20762000,,,,,,,,,0.0,0.005750588431906456,0.005734116915356189,
2021-08-04,133.93785095214844,134.45724743917305,133.30495889893086,134.1598811909161,19676000,,,,,,,,,0.0,-0.003719642976926618,-0.0037265780515401675,
2021-08-05,135.053955078125,135.15159999068044,133.6608059857469,134.48797455260816,17870000,,,,,,,,,0.0,0.00833300010446858,0.008298472339733293,
2021-08-06,134.5454559326172,135.27301333831355,134.0216127855547,134.8463008593739,20488000,,,,,,,,,0.0,-0.0037651555277566917,-0.003772261568337262,
2021-08-09,135.70962524414062,135.9782545970757,134.14995363195558,134.74766566385927,17760000,,,,,,,,,0.0,0.00865260965860104,0.008615390373516447,
2021-08-10,135.6045684814453,136.56158228756237,135.16595290851137,136.13485470912244,19414000,,,,,,,,,0.0,-0.000774129045793992,-0.0007744288384125306,
2021-08-11,135.0812225341797,136.47237514518056,135.07378119338873,135.97578664479468,15352000,,,,,,,,,0.0,-0.0038593533619571962,-0.003866819882963185,
2021-08-12,135.9881591796875,136.0932302954075,134.23520937229634,134.7803631501877,16506000,,,,,,,,,0.0,0.006714009752749606,0.0066915711685252245,
2021-08-13,136.5169677734375,136.6448469030297,135.82858330220628,136.04367130953105,15948000,,,,,,,,,0.0,0.0038886370470774256,0.0038810958417203607,
2021-08-16,137.09384155273438,137.14638467025773,134.10980386854092,136.31623668767153,22384000,,,,,,,,,0.0,0.004225656258746158,0.004216753245242084,
2021-08-17,135.4603271484375,137.05023283102287,134.8859222967135,136.53926086012802,21716000,,,,,,,,,0.0,-0.011915301123636035,-0.011986857301014762,
2021-08-18,134.2584991455078,135.89945070892185,134.13211736511343,135.30025647796398,19258000,,,,,,,,,0.0,-0.008872177029461303,-0.008911769144884021,
2021-08-19,134.48745727539062,135.1540470600647,133.07003326839052,133.25390393778633,21782000,,,,48.46059208968534,,,,,1.7290974406934712,0.001705352967149354,0.0017039005038520085,
2021-08-20,136.22161865234375,136.34502089676778,134.06127020467258,134.80467835737872,31194000,,,,59.81952257664097,,,,,1.7687155300793087,0.012894595615724036,0.01281216814077169,
2021-08-23,138.81063842773438,139.63630956779562,136.39802587425726,136.75684366705852,28454000,,,,70.33221005399275,,,,,1.8862852004630632,0.01900593900589409,0.018827582492390603,
2021-08-24,140.01991271972656,140.83121539533298,139.10502114709683,139.37561670216243,19268000,,,,73.78255954352869,,,,,1.8958774695441731,0.008711683093524103,0.008673955338854818,
2021-08-25,140.83023071289062,140.9397636176069,140.13342175774235,140.38022622324365,15848000,,,,75.81250397109312,,,,,1.8261612858538991,0.005787162535846324,0.005770481238050409,
2021-08-26,140.19735717773438,141.16575996618351,140.11457982312106,140.50413099166133,20610000,,,,71.17717319900223,,,,,1.7708054899402244,-0.004493875583052032,-0.004504003395405881,
2021-08-27,142.73829650878906,143.2423262781944,140.25332765406952,140.40746320935864,28780000,136.53315658569335,,137.23047390006312,77.20369127127694,,,141.59424892412991,131.47206424725678,1.8618171764059253,0.018124017329609332,0.01796173519714132,
2021-08-30,143.3196563720703,144.68753203308154,142.89590833586342,143.13082479723923,24434000,137.01567764282225,,137.81039604025426,78.32058752033593,,,142.69496070841143,131.33639457723308,1.8680613441121074,0.004072907394165659,0.004064635559515903,0.008196287720186901
2021-08-31,143.4257049560547,143.89553786032653,143.01287695186656,143.8712627569478,22448000,137.46506729125977,,138.3451873655686,78.52725888296311,,,143.65660722821573,131.2735273543038,1.797675598708383,0.0007399444477389494,0.0007396708238154285,0.00820120243108163
2021-09-01,143.9391632080078,144.96853350536102,143.61008051608152,143.72555741436526,21936000,137.96513290405272,,138.8779469696104,79.54406260569452,,,144.54004255284644,131.390223255259,1.7794722380368082,0.0035799597576351427,0.003573566954477649,0.008034369167610324
2021-09-02,142.02761840820312,144.2404946102544,141.9265099500036,143.9396648071746,32342000,138.31381607055664,,139.1779156780478,66.85210157278296,,,144.97331181083905,131.65432033027423,1.8176516967663778,-0.013280227265475286,-0.013369198063161296,0.008787813680598194
2021-09-03,142.47613525390625,142.88798016222196,141.14889962263817,141.82293077721366,19850000,138.7103500366211,,139.49203182812957,68.1367662220048,,,145.3695391269565,132.05116094628568,1.812039471253336,0.003157955126826373,0.0031529792594931667,0.008661108407553087
2021-09-07,143.0123748779297,143.29437443751178,142.35668998079893,142.57029576143597,20124000,139.07548751831055,,139.8273025947772,69.65116624281121,2.269343886037092,,145.83656076963018,132.31441426699092,1.7495855416433008,0.003763715397443912,0.0037566503423363392,0.008558687667417795
2021-09-08,142.4280548095703,143.13082285164162,141.74313388446112,142.8334717334425,18344000,139.4166618347168,,140.07499328190033,65.97169844865329,2.192729195214554,,146.13119812171377,132.70212554771982,1.72373578632453,-0.004085800748768298,-0.004094170438349528,0.008660035227077747
2021-09-09,142.2793731689453,143.04211051634226,141.9190731671668,142.57624028484273,15314000,139.77656936645508,,140.28493422352366,65.0303211143306,2.095854429702996,,146.29168105196646,133.2614576809437,1.6808287550995966,-0.0010439069804315526,-0.0010444522308169337,0.008573789992268117
2021-09-10,139.63780212402344,143.4465279342337,139.5010145668301,142.9449634747417,36840000,139.95905151367188,,140.22330259499984,51.08347171076058,1.785347399810405,,146.23973000085377,133.67837302649,1.84259194169274,-0.018566085765539753,-0.018740598928854168,0.009726608219422053
2021-09-13,141.08151245117188,141.6935778474216,140.00852254788668,140.7018679540071,22094000,140.1872787475586,,140.3050368670162,56.56613013489488,1.6368945973615325,,146.27997660601872,134.09458088909847,1.8578193546716995,0.010338964844678333,0.010285883306253484,0.009919543721715713
2021-09-14,141.29161071777344,142.10292843249584,140.50409923851902,141.73865068075114,19674000,140.39716720581055,,140.39899628137402,57.3159013575332,1.5186913278514567,,146.33642588171264,134.45790852990845,1.8393200574792083,0.0014891977194693151,0.001488089964186865,0.009901620753469856
2021-09-15,143.16006469726562,143.18087624925593,140.10515271027106,141.51663270038054,27408000,140.78215408325195,,140.6619551781256,63.37158270853391,1.5578253648859572,,146.3798479472741,135.1844602192298,1.9276345918724702,0.013224097099610477,0.013137422024441937,0.009695044522787338
2021-09-16,142.34776306152344,143.03170083482422,141.14988885441545,142.68527016924585,26190000,141.18661727905274,,140.82250830987778,59.424450444232235,1.5059339487154375,,145.9467040674947,136.4265304906108,1.9335303955137348,-0.005674079831270884,-0.005690238575228483,0.00951691500469597
2021-09-17,139.56246948242188,142.18917178562248,139.23536813670114,141.7733642211635,53384000,141.44036788940429,,140.70250461202482,48.312610778720654,1.2259279787536173,1.674735185443718,145.17569799618354,137.70503778262503,2.017735004750061,-0.019566823666191002,-0.019760788310957084,0.010771930269577058
2021-09-20,137.500244140625,137.77828102826925,135.1238250653687,136.9471499261735,46518000,141.50429916381836,,140.39752742427245,42.04395805435059,0.8280713883695228,1.505402426028879,144.90932317056098,138.09927515707574,2.1906571056288553,-0.014776360359950558,-0.014886618261088955,0.011059854320940423
2021-09-21,137.8109893798828,138.78088932420297,137.06262052986705,138.5211835537175,25332000,141.45431671142578,,140.15119046766392,43.23909066344052,0.5317124675436276,1.3106644343318288,145.04056005287703,137.86807336997452,2.1569150833936463,0.0022599613637048765,0.002257411492040475,0.010186536030000427
2021-09-22,139.05050659179688,139.64870264345095,137.33373489370695,138.07962340432297,25056000,141.4058464050293,,140.04636343186706,47.85798424228585,0.3923418944276591,1.1269999263509949,145.09310846211997,137.71858434793864,2.1682045595615285,0.008994327792664514,0.008954119742850474,0.010199900999335215
2021-09-23,139.97479248046875,140.45106842397635,139.16745257610253,139.74830050669846,20952000,141.3630744934082,,140.03954715078152,51.05631739002002,0.3524095004054857,0.9720818411618931,145.09562055661468,137.6305284302017,2.1133729361770963,0.006647123490065798,0.006625128778628998,0.010228674230495314
2021-09-24,140.9650115966797,141.07950537458137,139.00836284376217,139.30324860172112,22984000,141.40145721435547,,140.12768662181944,54.29110848505415,0.39609921236041146,0.8568853154015967,145.1009056357863,137.70200879292466,2.1103564786515325,0.007074267435324799,0.007049362194026094,0.010303149632377214
2021-09-27,139.8320770263672,140.69096191409616,138.83640458295432,139.56692635866548,21882000,141.2561462402344,,140.09953332701446,50.20286890974993,0.3354385456066211,0.7525959614426017,144.9624409507355,137.54985152973327,2.111660088299664,-0.00803699128939872,-0.00806946199878762,0.009558051679079194
2021-09-28,134.6361541748047,137.87393879510293,134.17028392552325,137.4363214393238,45772000,140.82197113037108,,139.57921150299447,36.59313131813118,-0.1303998514972875,0.5759967988546238,145.3931670956981,136.25077516504408,2.3652410177671124,-0.03715830417496224,-0.037866267171468376,0.012426088076315464
2021-09-29,133.17262268066406,135.94553512593572,132.68842135183831,135.7760328990303,30848000,140.30931701660157,,138.96906018658206,33.81262334914693,-0.6106358675472165,0.3386702655742558,145.80396859481542,134.81466543838772,2.4289462146478473,-0.010870271088109451,-0.010929784159984126,0.012510822062763922
2021-09-30,132.50106811523438,134.35116361737062,132.3821276786133,133.08143210735338,37996000,139.7374122619629,,138.3530609416918,32.58896805046086,-1.033501647534564,0.06423588295249183,145.9375323639401,133.5372921599857,2.3960954806556662,-0.005042737402867092,-0.0050554949097004,0.01239747097663227
2021-10-01,135.34288024902344,135.70715804170354,132.8945886396275,133.26579353336834,35360000,139.4031753540039,,138.06637706619958,42.1325859931113,-1.1263316850282763,-0.1738776306436618,145.79128974875832,133.0150609592495,2.453952226785202,0.021447465852256986,0.021220705516691075,0.013426994152296718
2021-10-04,132.4846954345703,134.76546563551906,129.89813462683114,134.76546563551906,51202000,138.90360336303712,,137.53478833937774,36.530863009777704,-1.4142294296873672,-0.4219479904524029,145.79520500515733,132.0120017209169,2.6675803264571374,-0.02111810247568413,-0.021344279556787114,0.013991039666746675
2021-10-05,134.8274383544922,136.0183854264284,132.8628642127643,132.8628642127643,32404000,138.49435653686524,,137.27694548367435,43.19726872261106,-1.4367882909543255,-0.6249160505527874,145.3332793246883,131.65543374904217,2.729445302557206,0.017683121150237957,0.017528593788084572,0.014701387387413665
2021-10-06,136.3559112548828,136.53928282638935,133.3674114045409,133.56565053252967,24364000,138.19074935913085,,137.18922793807516,47.10112128181314,-1.3161594945829904,-0.7631647393588281,144.84070791907604,131.54079079918566,2.7610471682208675,0.01133651220437737,0.01127273550086238,0.015033269637031797
2021-10-07,138.00132751464844,138.811148056514,137.43236744248404,137.67124657959295,25110000,137.97684707641602,,137.26657075489166,51.00485312253416,-1.0753925081046418,-0.8256102931079908,144.35671692604328,131.59697722678877,2.73920357060732,0.01206706951405967,0.011994842892613607,0.015362530387232369
2021-10-08,138.556884765625,139.097576749606,137.99386876227683,138.3502060903865,26526000,137.92280120849608,,137.38945780353293,52.28519049859471,-0.8301842621180242,-0.8265250869099976,144.26366785943364,131.58193455755853,2.6223824575160224,0.0040257384547086605,0.004017656852007504,0.014857115166495707
2021-10-11,137.69305419921875,139.47525527556462,137.63852974209917,138.0677377987258,17954000,137.75337829589844,138.18716186523437,137.41837174597921,50.09321983236233,-0.6975183110199907,-0.8007237317319963,143.92645198624535,131.58030460555153,2.566264105798125,-0.006234483171785099,-0.006253998717169697,0.014694808478695157
2021-10-12,135.2497100830078,138.28083098740217,134.5667554031385,138.25406031342655,36332000,137.45128326416017,138.2187713623047,137.21183253998194,44.42062852559766,-0.7805394661706089,-0.7966868786197189,143.49211485620572,131.41045167211462,2.6482506399742354,-0.017744861063767492,-0.017904188756558886,0.015138343701544316
2021-10-13,136.37278747558594,136.7871129322512,135.31912671269674,136.19486075177014,19654000,137.11191940307617,138.25746887207032,137.13192348622994,47.3707471793915,-0.7470992747448122,-0.7867693578447377,142.56586921450798,131.65796959164436,2.5689043692077465,0.00830373234729187,0.008269446033995837,0.014914992116728958
2021-10-14,139.91038513183594,140.09523891303556,137.6048250070832,138.24812282051505,31894000,136.99005050659179,138.37691955566407,137.39653888104954,55.40108133438064,-0.4301842202830528,-0.7154523303324007,142.06643019666265,131.91367081652092,2.6513005883678806,0.02594064198389523,0.02560989125811493,0.016163752106415585
2021-10-15,140.12547302246094,140.47240282360914,139.51786944318084,140.3698121513104,30274000,137.01820068359376,138.4783499145508,137.65643737070778,55.84225090212407,-0.15982855704768895,-0.6043275756754584,142.15718579945707,131.87921556773045,2.5301029306579106,0.0015373261278806005,0.0015361456517651844,0.01554699657808029
2021-10-18,141.52308654785156,141.54093366501112,139.82960687486857,139.8365491009501,20396000,137.21934280395507,138.61790252685546,138.0246896732929,58.7010032684892,0.16530050371827087,-0.45040195979671255,142.72022105763742,131.71846455027273,2.4716189206210992,0.009974014683016286,0.009924602485578932,0.015264862024038185
2021-10-19,141.97804260253906,142.39980927751645,141.346647938062,142.1272172677941,20164000,137.42769546508788,138.74327087402344,138.40119947607826,59.61749778893807,0.4544402735958215,-0.26943351311820574,143.30519951499528,131.55019141518048,2.3703005219663384,0.0032147126365398293,0.0032095564952585123,0.015268677461611268
2021-10-20,140.52296447753906,142.28435409702513,140.13391241428846,142.07817450186778,23288000,137.501318359375,138.84163879394532,138.60327233336025,55.38420919696375,0.5597208665357982,-0.10360263718740494,143.49404790405822,131.5085888146918,2.354596319164219,-0.010248613787932181,-0.01030149242898917,0.015384192668386332
2021-10-21,140.63890075683594,140.90653183850606,139.26508137049274,140.52292476733345,26292000,137.53452377319337,138.95279235839843,138.7971417070246,55.6544011349498,0.6450755543211812,0.0461330011143123,143.58875095858366,131.48029658780308,2.3036573297962977,0.000825034397245572,0.0008246942434467849,0.015319486438303349
2021-10-22,136.3573760986328,139.34735778624022,134.86015436540723,137.92695427249757,50588000,137.30414199829102,138.96017669677735,138.56478307765394,44.851818010187706,0.3630514702585117,0.10951669494315219,143.16629601807057,131.44198797851146,2.551877977055756,-0.030443388245801617,-0.03091641327167892,0.01668846453194576
2021-10-25,136.23895263671875,136.787086020702,134.23372308873442,136.34104419991752,34412000,137.1244857788086,138.95461639404297,138.3432754166125,44.59399098881972,0.1285082054953648,0.11331499705359471,142.88509155396707,131.36388000365014,2.551984045263743,-0.0008684785913480875,-0.0008688559373736849,0.016618122818010797
2021-10-26,138.0840606689453,138.85174370106543,137.08888742885156,138.0394580079976,49236000,137.29688110351563,138.9744207763672,138.31858829778704,49.46797205399542,0.09047286153671052,0.10874656995021789,142.9547513975861,131.63901080944515,2.556327403769667,0.013543175402607188,0.013452286301127131,0.01458141052612994
2021-10-27,144.93235778808594,147.34347311686153,138.17973449966777,138.17973449966777,85782000,137.8848678588867,139.16386138916016,138.94847110638693,62.61370658286851,0.6059449649588089,0.2081862489519361,144.12079456620043,131.64894115157298,3.035119192637278,0.04959513129874793,0.04840450057149838,0.01781957328542329
2021-10-28,144.5670928955078,145.86459342888665,143.3558332615814,145.84130142868378,36206000,138.4881690979004,139.37003326416016,139.48357794344605,61.69186551013021,0.9737615791726171,0.3613013149960723,144.85717676872835,132.11916142707244,2.9975221193992754,-0.002520243913455178,-0.0025234250741381064,0.017758119269298857
2021-10-29,146.74481201171875,146.9390884983664,143.37816460086918,143.8028958035192,43320000,139.05826568603516,139.61518035888673,140.17512404518632,65.00034898135468,1.4245611741755226,0.5739532868319623,146.1940964214535,131.9224349506168,3.037765103549128,0.015063726278185419,0.014951395033413273,0.017493163653026052
2021-11-01,142.23574829101562,146.74477665621114,141.96663496333343,146.74477665621114,46924000,139.54581832885742,139.73546295166017,140.37137397336053,54.50405526976235,1.4018200338604174,0.7395266362376534,146.1295986970996,132.96203796061525,3.1620802424659984,-0.03072724451984743,-0.03120922529616238,0.018336659377951814
2021-11-02,144.1542510986328,145.3204089612238,143.0668927959046,143.3087514833836,33482000,140.01215896606445,139.84233520507811,140.73164798529123,57.638444558533216,1.5210707030661013,0.8958354496033429,146.51378785272186,133.51053007940703,3.1565502730190103,0.013488190069432582,0.01339803422183058,0.018191908148107706
2021-11-03,145.3095245361328,145.37989965427468,143.32016075699752,144.61814533980774,27494000,140.45983963012696,139.94812744140626,141.16763622822853,59.450105845469785,1.689325140300582,1.054533387742791,147.12379440213743,133.7958848581165,3.0782066033231636,0.008014147544698869,0.00798220481328158,0.01813171406311881
2021-11-04,146.96434020996094,148.41745854274853,145.02205961897133,145.83138101023934,38412000,140.9079902648926,140.07080963134766,141.71970327410781,61.959673253823944,1.9339049367263783,1.2304076975395084,148.03945480114734,133.77652572863784,3.10086319764131,0.011388212019210364,0.011323854483317195,0.018115145358965995
2021-11-05,147.54371643066406,149.0062424147363,146.89447456017774,147.85841557801552,38354000,141.35733184814453,140.21773681640624,142.27437119377984,62.82709707069166,2.149706527751704,1.4142674635819474,148.95675208483266,133.7579116114564,3.0302135302782567,0.003942291169921841,0.003934540703140871,0.018114980548212336
2021-11-08,147.72113037109375,149.29120778593392,147.1258987759427,148.50814284863625,23052000,141.85873565673828,140.31739349365233,142.79311016304783,63.10453881468141,2.3084364472758807,1.5931012603207342,149.7428820916512,133.97458922182534,2.968434635972041,0.0012024499905629593,0.0012017276265861069,0.01798477987699874
2021-11-09,147.60963439941406,148.51758389270705,145.95083543426426,147.92136911991284,19530000,142.4767318725586,140.40319305419922,143.2518267569875,62.787382164250644,2.3975962617289213,1.7540002606023717,150.12596785917418,134.827495885943,2.939742766148523,-0.0007547733448802774,-0.0007550583296896632,0.01730835998546827
2021-11-10,144.6112060546875,146.76858990508995,143.2671365563009,146.20359249121142,29970000,142.88865280151367,140.42690307617187,143.38129145200654,54.8094899040069,2.2009369177839915,1.8433875920386957,150.05047270560635,135.726832897421,3.0399395573602837,-0.020313229261263333,-0.02052238010258671,0.018142177879725566
2021-11-11,144.48532104492188,146.23878525750848,144.32077969235291,145.20197357813035,16518000,143.11739959716797,140.43782623291017,143.48643712752227,54.496414645286706,2.0117350729707937,1.8770570882251154,150.17560178937114,136.0591974049648,2.9598014150599465,-0.0008705066031882147,-0.0008708857140896414,0.017337771291837785
2021-11-12,147.3712615966797,147.54176210792778,144.13297698199972,145.32688892708117,22360000,143.4796890258789,140.5446990966797,143.85642041029917,60.12037329070278,2.0707917334656543,1.9158040172732234,150.62965036296941,136.3297276887884,2.9918716801219545,0.019973935974164192,0.019777074003191408,0.017809462041869176
2021-11-15,147.14718627929688,148.23504350133263,146.2778957051442,147.59174578945033,23508000,143.76089401245116,140.6381201171875,144.16982668353702,59.50541688978947,2.0755874765297904,1.947760709124537,151.02244279445063,136.4993452304517,2.917962831269559,-0.0015204817747713761,-0.0015216388802390011,0.017746841738622263
2021-11-16,146.5762939453125,147.45499226873417,146.0177396467435,146.84738864467752,18904000,143.99080657958984,140.70939849853517,144.39901404180137,57.8809779462044,2.0101501377404816,1.9602385948477261,151.30300427150647,136.67860888767322,2.812197816321067,-0.0038797366665290767,-0.003887282368042896,0.017794209924714602
2021-11-17,146.7457733154297,147.25376579403348,145.9458745981903,146.72644398004232,19594000,144.30194702148438,140.79575286865236,144.62251492500408,58.24539490902138,1.949493595419284,1.9580895949620378,151.52647359154466,137.0774204514241,2.7047473434297897,0.0011562536175215854,0.00115558567113494,0.01757098744285143
2021-11-18,148.5215301513672,149.25701287000476,146.58470958501508,146.9385664922546,35608000,144.69607849121093,140.92059600830078,144.99384970846722,61.95921696074294,2.021410028143606,1.9707536815983517,151.93830331997722,137.45385366244463,2.7024299106840677,0.012100906185015026,0.01202827556358235,0.017701093237320418
2021-11-19,147.61752319335938,149.6396012782101,147.59026853190187,148.6572991152349,33682000,145.25908584594725,141.0801904296875,145.24372337369505,59.078382725889874,1.9826042847316216,1.9731238022250057,151.50264954431654,139.01552214757797,2.6557801132286514,-0.006086706466641445,-0.006105305976023007,0.016048624810035828
2021-11-22,145.01611328125,148.51260548030166,144.86297594328792,148.0199796793374,30594000,145.69794387817382,141.15888244628906,145.2220462220336,51.637877400740614,1.7220872644573433,1.9229164946714734,150.38312783153032,141.01275992481732,2.726769357784729,-0.01762263622796245,-0.01777976361771563,0.01674363757927686
2021-11-23,144.50067138671875,145.3709602825968,142.84833094604366,144.86841272271184,27218000,146.0187744140625,141.22306365966796,145.15334385676553,50.28648727740401,1.4572356898700605,1.829780333711191,149.21747235615695,142.82007647196806,2.712187927696758,-0.0035543767024811546,-0.003560708507552202,0.016626972231229102
2021-11-24,144.835693359375,144.96405646776765,143.10405430635475,144.19487604589696,18040000,146.01394119262696,141.25657623291016,145.12309142844262,51.18078355562733,1.2598496199651663,1.7157941909619863,149.21947562919038,142.80840675606353,2.6513175158193394,0.002318480387953681,0.0023157968593043197,0.012383979636718761
2021-11-26,140.9333038330078,143.28693003446975,140.59579672453097,143.07976736967893,30470000,145.83225173950194,141.22828704833984,144.7240640384012,41.75783260590141,0.7795434249737809,1.5285440377643453,149.69065918189352,141.97384429711036,2.7647874528925316,-0.02694356229361461,-0.027313194669053156,0.013775694965994846
2021-11-29,144.2513885498047,145.0116454494308,142.6287680714975,142.734338301064,32596000,145.70758056640625,141.3220654296875,144.6790473252015,50.16013642294105,0.659041985508793,1.354643627313235,149.60096069435687,141.81420043845563,2.858612750287564,0.023543652398360537,0.023270775330244763,0.014417554109155562
2021-11-30,140.65036010742188,144.71679630771678,140.35695646818257,143.734009820056,42068000,145.62831115722656,141.38506774902345,144.2953628282701,42.92288696678413,0.26986004766939686,1.1376869113844674,149.8517749191475,141.40484739530564,2.965843256662324,-0.02496356172779235,-0.025280436095747958,0.013832713445939176
2021-12-01,139.811767578125,144.66771130937158,139.67349778643103,142.73435417388086,34020000,145.41118698120118,141.42508331298828,143.8683537568277,41.42397633800174,-0.10502617431586714,0.8891442942444006,150.30822075147984,140.51415321092253,3.1107268471107687,-0.005962249429410593,-0.005980094605488929,0.01347900877479653
2021-12-02,141.70945739746094,142.60005891702053,138.98213014707807,140.0085361473816,29194000,145.23118362426757,141.47826232910157,143.66274457974515,46.018014424156256,-0.2461609076699176,0.6620832538615369,150.3877162039087,140.07465104462645,3.1469555558844613,0.013573176651783037,0.01348188622926903,0.013739066096116614
2021-12-03,140.75341796875,143.1308356569036,139.0678634936082,142.41816088869103,41230000,144.92063751220704,141.4938348388672,143.3856658548885,44.13982010538726,-0.4301965545234623,0.44362729218453706,150.3624555353567,139.47881948905737,3.212385313556671,-0.0067464758264472735,-0.006769336170337724,0.013462722687459832
2021-12-06,141.89678955078125,142.5881536812222,138.91819607453877,141.7832939712746,30618000,144.6382911682129,141.51247039794922,143.24386811164018,46.929547155953166,-0.4782723732407419,0.25924735909948127,150.0923839673393,139.18419836908652,3.2450690487800107,0.008123224277829522,0.008090408485076498,0.013592831501546344
2021-12-07,145.97511291503906,146.23431960919498,143.95105317379645,144.31681320908484,32240000,144.55099029541014,141.63533111572266,143.50398666434486,55.47181729716609,-0.18515187881070005,0.170367511517445,149.85884122194412,139.24313936887617,3.3231019780395625,0.028741477359488066,0.028336188512603146,0.015217303880103394
2021-12-08,146.88401794433594,147.0887152685384,145.11918035220566,146.2992073386308,24270000,144.51470947265625,141.88028839111328,143.8258944052964,57.1280276846876,0.1191161676389072,0.16011724274173744,149.74783082774132,139.28158811757118,3.226418616489076,0.006226438268459367,0.006207134091109663,0.015290666618463572
2021-12-09,146.34085083007812,147.78950718555691,145.8219535305744,146.29376772137593,23270000,144.60119171142577,142.14365295410155,144.06541406479943,55.79249067483655,0.3128157941456493,0.19065695302251984,149.89465357866783,139.3077298441837,3.1364996906671787,-0.00369793202732005,-0.0037047862808860894,0.014571105696037439
2021-12-10,146.70065307617188,147.66807257838894,145.41455669964134,147.3930152629516,24458000,144.7119583129883,142.4276446533203,144.31638920873968,56.51765222350376,0.48971208190459947,0.2504679787989358,150.08322669038296,139.34068993559362,3.0734294183872093,0.0024586589735735576,0.0024556414166828724,0.01457129065410422
2021-12-13,144.54481506347656,146.6694692071858,144.23852522703294,146.48261894599256,27070000,144.5706359863281,142.61168334960936,144.33814405204797,51.10805407514707,0.4507495931599408,0.2905243016711368,149.8014910372916,139.33978093536462,3.029765020583761,-0.014695490221000806,-0.014804538602375126,0.014236338626492099
2021-12-14,142.6421661376953,143.2101279735769,139.9738254109234,142.70263459263393,38446000,144.34538497924805,142.8148327636719,144.17662234591913,46.84634478911121,0.2633084173784823,0.28508112481260595,149.5004765796375,139.1902933788586,3.13985249429586,-0.013163038224136225,-0.013250438830728215,0.014499864963007916
2021-12-15,145.1538848876953,145.43142268224105,140.43274769467823,142.148536251989,36370000,144.27426452636718,143.02136169433595,144.26969496894543,52.47974108856869,0.3138171580924052,0.2908283314685658,149.3428028157118,139.20572623702256,3.2726255295292144,0.017608529216917468,0.01745529526760921,0.015094561875183323
2021-12-16,143.17543029785156,146.37901781040114,142.3447831853687,145.87696937173112,33650000,144.0957473754883,143.1577520751953,144.1654792859841,48.15081131266148,0.1919878320192936,0.2710602315787114,149.05381384250842,139.13768090846816,3.327026179208016,-0.013630049181077464,-0.01372379108049008,0.015374900929360065
2021-12-17,140.47933959960938,142.5702956240414,140.05807203589413,141.2475218263389,50416000,143.6936378479004,143.20731231689453,143.81441836347224,42.95134552232747,-0.12072315245069376,0.19270355477283035,148.45113984024007,138.9361358555607,3.312049899404403,-0.018830679905298298,-0.01901023482543625,0.0155300891524667
2021-12-20,140.3623809814453,140.52841967849685,138.09647759296158,138.7695105661895,27192000,143.33088073730468,143.24342224121094,143.48565289851732,42.73575537237847,-0.3736789058069405,0.07942706265687617,147.9403854333826,138.72137604122676,3.249185055556608,-0.0008325681092851145,-0.0008329148866039317,0.015513594692266368
2021-12-21,142.21148681640625,142.60450151263055,139.26758970259098,140.80495248159482,28756000,143.1906494140625,143.3337908935547,143.36430374784007,47.24429409055511,-0.42009814560987024,-0.02047797899647312,147.75699161014086,138.62430721798415,3.2554512523053907,0.013173799290319588,0.013087779444975363,0.015451631121475958
2021-12-22,145.12811279296875,145.2123723601168,141.81004635956177,141.81004635956177,26322000,143.222021484375,143.53135894775392,143.53228556166184,53.46747644392833,-0.21901373256037004,-0.06018512970925251,147.83234311953834,138.61169984921167,3.2659423057517936,0.020509074490781654,0.020301595428895012,0.016152003008217362
2021-12-23,145.62521362304688,146.94054613463166,145.16478825775857,145.2123704862323,26384000,143.2614974975586,143.71640747070313,143.73161204369853,54.45363165665865,-0.019318314437725803,-0.05201176665494717,147.93943628127832,138.58355871383887,3.162120236888302,0.0034252552487006316,0.0034194024230811285,0.016161029773205115
2021-12-27,146.6064910888672,147.0401457449663,145.87596932932522,145.9617111068582,15976000,143.54515686035157,143.85032958984374,144.0054100480003,56.417155854813174,0.21563690574586758,0.0015179678252157866,148.31117826243076,138.77913545827238,3.0373210858190975,0.006738376146594893,0.006715774764316334,0.014865107537632883
2021-12-28,145.39772033691406,146.9955515001699,144.77078743444807,146.93310171719045,18200000,143.60247344970702,143.95577453613282,144.13801102789685,53.36520532874193,0.3008350734747012,0.061381388955112866,148.42828580479465,138.77666109461939,2.9792812986692936,-0.008245001588779721,-0.008279179609251001,0.014130681739513633
2021-12-29,145.36599731445312,146.12130842393856,144.36736044495242,145.35559153853998,17788000,143.8382553100586,144.03263275146483,144.25496210280699,53.2837393471048,0.36162684328274963,0.12143047982064023,148.52281518170068,139.15369543841652,2.8917574901204963,-0.00021818101678228174,-0.00021820482172291088,0.01280588075103984
2021-12-30,144.9154815673828,146.00532013112664,144.71129848162374,145.40464374216947,15688000,144.09344100952148,144.0913815307617,144.3178687184809,52.068085797986235,0.36919604102098447,0.1709835920607091,148.414804777705,139.77207724133797,2.7776335015049534,-0.0030991824456427786,-0.003103994857158186,0.012731175985415363
2021-12-31,143.57887268066406,145.40914004664086,143.57887268066406,144.7663412906992,18136000,144.18691177368163,144.15249969482423,144.2474881434507,48.530485094513324,0.26429489112297233,0.18964585187316174,148.3768423485786,139.99698119878465,2.7099644918243704,-0.0092233684921873,-0.009266167123664664,0.012648554329569413
2022-01-03,143.71713256835938,144.56907529374837,142.44986625187568,143.78006634339744,28646000,144.3350975036621,144.2140643310547,144.1969780886801,48.91710944440244,0.19012475171848564,0.18974163184222653,148.22791714228228,140.44227786504192,2.6677676739706793,0.0009629542641891309,0.0009624909211599109,0.01252555238546421
2022-01-04,143.13035583496094,145.19752108924183,142.45336015947626,144.1180880032146,28400000,144.3967758178711,144.34952392578126,144.09539501689733,47.29342632585887,0.08303917941574923,0.16840114135693107,148.17037347052258,140.6231781652196,2.673224335098886,-0.00408285861895652,-0.004091216242628472,0.012463403931282254
2022-01-05,136.5640411376953,143.22943968889484,136.4778153700128,143.1506401362504,54618000,143.9262222290039,144.35602569580078,143.3781232188781,33.78070791328322,-0.5256146685168517,0.02959797938217454,148.93885361777168,138.91359084023614,2.964538619654826,-0.04587646456239536,-0.04696212384426445,0.014558661106722843
2022-01-06,136.53680419921875,138.71003866950787,135.3582591822802,135.79439434447366,37348000,143.40886154174805,144.32508056640626,142.7265690265296,33.73764751678115,-0.9986630553679845,-0.17605422756785727,149.17313198837388,137.64459109512222,2.992198681624315,-0.0001994444382991123,-0.00019946432998599803,0.014409248983401056
2022-01-07,135.81271362304688,137.23163499485634,134.57320114440378,136.93128920152486,29760000,142.8824546813965,144.14268768310546,142.0681066071503,32.54975725777824,-1.415666446523005,-0.42397667135888684,149.35851655992457,136.40639280286842,2.968358336540618,-0.005303262958428201,-0.005317375173401875,0.01441461080388649
2022-01-10,137.45069885253906,137.59938954533916,131.9940937569273,133.89077354018556,44408000,142.41995697021486,144.0003598022461,141.62835348766353,37.87827934319505,-1.5955800657701502,-0.6582973502411396,149.05839258439562,135.7815213560341,3.1567110116742785,0.012060617786037842,0.01198846806946156,0.01478313216408252
2022-01-11,138.50779724121094,138.98358922014876,135.49106011440765,136.79400536234317,28730000,142.11810607910155,143.83561950683594,141.33115765466806,41.11156008323428,-1.6340278439669476,-0.8534434489863012,148.8902819427002,135.3459302155029,3.1806980183933384,0.007690745827389156,0.007661322802082392,0.0147099470353194
2022-01-12,140.18739318847656,141.35454899976557,139.45786976065304,139.90935634364345,26108000,141.99536743164063,143.79465240478515,141.22222770550695,45.927188623363755,-1.5115444852912105,-0.9850636562472832,148.8139236930048,135.17681117027647,3.156844714119145,0.012126363863404821,0.012053428547901673,0.014789013842857053
2022-01-13,137.36892700195312,141.59445882785775,137.1924825382084,140.29596006685344,31436000,141.60611953735352,143.65894592285156,140.85524668612086,40.0139304854065,-1.6231910711762794,-1.1126891392330824,148.54673892631365,134.6655001483934,3.2457826837998742,-0.02010499034484592,-0.020309846061614543,0.014727566300825388
2022-01-14,138.2545623779297,139.50497974939202,135.79438276109653,135.87416542111615,29662000,141.3600761413574,143.5178466796875,140.60756246629313,42.51838278939286,-1.6215165877185882,-1.2144546289301836,148.40877019894924,134.31138208376558,3.278983705549561,0.006447130332203566,0.006426436483779455,0.014623488728340189
2022-01-18,134.80267333984375,135.92620981691346,134.24809688423744,134.9781195690153,34872000,141.07624282836915,143.27461334228516,140.05471588282177,36.1782734193503,-1.8770902166777432,-1.3469817464796956,148.67930862108383,133.47317703565446,3.3309466904168956,-0.024967632016728136,-0.025284610603768125,0.015060942394109926
2022-01-19,133.92893981933594,136.74695452608606,133.82882958181867,135.32357116715727,28648000,140.75457077026368,143.0023178100586,139.47130863868026,34.76517851535321,-2.125634164459143,-1.502712230075585,148.97087079580882,132.53827074471855,3.301459422834788,-0.006481574132473522,-0.006502670742996607,0.01509180354149118
2022-01-20,132.13583374023438,136.41638959519287,131.79584612438092,135.05247646638676,29908000,140.25078811645508,142.6906118774414,138.7726919816854,32.002566063047055,-2.439178378695317,-1.6900054597995315,149.24658730197038,131.2549889309398,3.395679711976014,-0.013388488563565004,-0.013478922465816593,0.014831093848210004
2022-01-21,129.205810546875,133.6801282847316,128.943140301046,131.42810942176132,55652000,139.45467300415038,142.32253540039062,137.86156041646535,28.076415734284865,-2.8907698169124956,-1.9301583312221244,149.3556756099695,129.55367039833126,3.491487445669558,-0.02217432705740896,-0.022423873360434134,0.014244513218665059
2022-01-24,129.65431213378906,130.0498072200361,123.4057196661227,124.87072578658848,76622000,138.6561279296875,142.02339752197267,137.07991772287713,29.50214039722856,-3.175859622634647,-2.1792985895046293,149.00375838253092,128.30849747684408,3.7166731676869738,0.0034712183996659096,0.0034652076268640196,0.014246065827185803
2022-01-25,125.8193359375,128.26168373746512,125.38866078931534,127.6084792317654,46960000,137.61677017211915,141.65007781982422,136.007481362365,24.94820366207098,-3.6689524761364964,-2.477229366831003,148.7103443776361,126.52319596660219,3.7558858946003135,-0.029578470111597865,-0.030024734986295,0.014878563843434148
2022-01-26,128.09715270996094,131.83104226573408,126.02452744701333,129.96657793490613,49130000,136.7517417907715,141.26459564208983,135.25411672880273,31.69258495954307,-3.8317611803517764,-2.7481357295351576,147.98073455427988,125.52274902726309,3.9170159255741543,0.018103868976008908,0.0179419453163165,0.015938759274528973
2022-01-27,127.87114715576172,131.48657988277384,127.79927469686844,130.14993666840274,31950000,135.87699928283692,140.87907485961915,134.55097676946548,31.391163996579692,-3.933679996463951,-2.9852445829209167,147.01079886927593,124.7431996963979,3.9006080155978147,-0.0017643292564897273,-0.0017658875184802605,0.015911987938509266
2022-01-28,132.17892456054688,132.18438456774498,127.35569637367117,128.51937364185733,34362000,135.24017143249512,140.59112747192384,134.32506703528276,42.597538473799744,-3.6250622959254883,-3.1132081255218313,145.6678084282782,124.81253443671206,3.966899456917529,0.03368842385951054,0.0331333997867404,0.018251925517225966
2022-01-31,134.11427307128906,134.28229308420728,131.04747300112987,132.9828112703711,39986000,134.76694145202637,140.338497467041,134.3049914196643,46.801646642012734,-3.1875697741803037,-3.1280804552535257,144.47191793735985,125.06196496669288,3.9146080730718062,0.014641884227584834,0.014535726815824523,0.01869673655807081
2022-02-01,136.4342041015625,136.58189655421876,133.1874959638718,136.38513965543686,68644000,134.4027950286865,140.09675094604492,134.5077735798451,51.396885008250564,-2.6234136732563798,-3.0271470988540967,143.24535839317994,125.56023166419308,3.8774503957343165,0.01729816653474514,0.017150256530229408,0.01923878227567268
2022-02-02,146.69915771484375,150.21447942925087,144.2434402937636,149.9205919214197,123200000,134.58123512268065,140.0783836364746,135.6688577831783,65.56880174528635,-1.3326578794700765,-2.688249254977293,144.22849415947258,124.93397608588873,4.584795033731035,0.07523739139226371,0.07254146640255267,0.025900367998499062
2022-02-03,141.83233642578125,148.35946558582248,141.41156796467584,144.42485698358425,71518000,134.84464988708496,140.01470809936524,136.2558557491405,57.07191168310529,-0.6944314443836106,-2.2894856928585563,144.96993742144508,124.71936235272483,4.753588075689292,-0.03317552305598581,-0.03373831298879163,0.02480913651438705
2022-02-04,142.03355407714844,143.6016501301799,139.27997087416557,142.18372697506842,57998000,135.11948738098144,139.96536575317384,136.80611273276028,57.318181409242705,-0.17043118892891584,-1.8656747920726282,145.70167508054675,124.53729968141613,4.722737445712509,0.001418700815610352,0.001417695410408695,0.024803601441217227
2022-02-07,137.9775390625,142.98215841687698,137.6791745678362,142.98215841687698,54974000,135.2277286529541,139.82820266723633,136.91767714511644,50.97061160865123,-0.081504195779047,-1.508840672813912,145.8801185808204,124.57533872508783,4.764183617378813,-0.028556738166569673,-0.028972414512005728,0.025705511605422966
2022-02-08,138.1737823486328,138.76949792204235,135.80975027534387,137.80455878303823,54284000,135.26388282775878,139.77301223754884,137.03730621211798,51.251900581859694,0.004751507671244326,-1.206122236716881,145.9510578451242,124.57670781039334,4.635295333758789,0.001422284289647413,0.0014212738013680516,0.025576505651673246
2022-02-09,140.3474884033203,141.27180258476253,138.95483870196645,139.72451821989904,40144000,135.35586738586426,139.69493423461915,137.35256165889916,54.37435387383615,0.24567766707122018,-0.9157622559592608,146.18388097106518,124.52785380066334,4.525489969642426,0.015731682362164268,0.015609222114589774,0.025756931460310446
2022-02-10,137.40162658691406,140.24095165966446,136.744459438641,138.475614665895,39330000,135.21657905578613,139.62995956420897,137.3572345091863,49.72581554130669,0.19664020925736736,-0.6932817629159352,145.8625440694045,124.57061404216776,4.459599897859347,-0.020989772242597238,-0.021213189358697468,0.02606458339920212
2022-02-11,133.1022491455078,137.9334029746626,132.22749846188867,137.38180608982287,39958000,135.00324516296388,139.49576919555665,136.95199780788357,43.835648292166,-0.18699064571475787,-0.5920235394756999,145.63913175174926,124.36735857417848,4.5486216560675325,-0.031290586204863136,-0.031790594629496724,0.02661734106030497
2022-02-14,134.3348388671875,135.10203810058192,132.08528518005716,132.08528518005716,34302000,134.80725898742676,139.34827682495117,136.70274457543633,45.81719735266476,-0.3870989372459519,-0.5510386190297503,145.34023491421394,124.27428306063959,4.439202460671621,0.009260472528396013,0.009217857242428682,0.026667520436697283
2022-02-15,135.40780639648438,136.8946223837062,134.6277210675767,136.3613414908285,26680000,134.8375156402588,139.24136459350586,136.57941712982185,47.55190587121443,-0.45387470249320927,-0.5316058357224421,145.3737411146205,124.3012901658971,4.304958250374984,0.007987261817894442,0.007955532483906057,0.026128122701220405
2022-02-16,136.52737426757812,136.87230757588372,133.73809706927898,135.445460984099,25022000,134.9674373626709,139.1339762878418,136.574460666751,49.373256537748844,-0.4117092786823662,-0.5076265243144269,145.51971441847084,124.41516030687093,4.2213334115342525,0.008268119105449223,0.008234125455836726,0.026127571635625898
2022-02-17,131.3740997314453,135.90838734933962,131.31413038447724,135.04553961284972,38950000,134.92935066223146,138.84195602416992,136.0791881967219,42.122326081292115,-0.785069273978678,-0.5631150742472771,145.5276320288889,124.33106929557403,4.2921841595032975,-0.03774535739648066,-0.03847616209256609,0.027384713828977326
2022-02-18,129.25686645507812,132.89164396954067,129.05218420049687,132.293931857016,45620000,134.9319034576416,138.48941299438476,135.4294432689463,39.552265026585395,-1.2375372322375426,-0.6979995058453303,145.52469227765695,124.33911463762624,4.259846703041904,-0.01611606306490576,-0.01624733915577684,0.027158366092607963
2022-02-22,128.67254638671875,131.01873151195204,127.096509766716,128.6968214918031,44990000,134.8828151702881,138.1360469055176,134.78592928016272,38.84779225498588,-1.6245443590360935,-0.883308476483483,145.58154652019883,124.18408382037737,4.2357306346272,-0.004520611433532218,-0.004530860296480697,0.02716905879879561
2022-02-23,126.46658325195312,130.89035389025435,126.40661391799688,130.49139522919555,32786000,134.91517753601073,137.7313655090332,133.99361061080944,36.224608665497605,-2.085216012047198,-1.123689983596226,145.50743527393922,124.32291979808224,4.253445587315076,-0.01714400776787084,-0.017292667804800908,0.026593570871491497
2022-02-24,131.5247344970703,131.8310242930199,123.85524617381692,123.85524617381692,54456000,135.0865566253662,137.47096389770508,133.7584795523581,45.33882893184301,-2.0188787062539575,-1.3027277281277723,145.3374282523044,124.83568499842801,4.519326482449927,0.03999595082789642,0.03921681971098688,0.027776713404107256
2022-02-25,133.2777099609375,134.0825696110589,130.5935034058996,132.37818496175834,36406000,135.356884765625,137.28367477416992,133.71269197222279,48.106703210646884,-1.8040593703382228,-1.4029940565698626,145.1052188995463,125.60855063170374,4.445736462643452,0.013328104942163854,0.013240067140161045,0.027882955317893025
2022-02-28,133.8699493408203,134.5583337933557,131.427102602085,131.88058572904305,38864000,135.44143600463866,137.05799606323242,133.72766886447016,49.04546711028653,-1.5679503746262355,-1.4359853201811372,145.10703127430497,125.77584073497236,4.351843228973969,0.004443649129748595,0.0044338052719480004,0.02690757711660821
2022-03-01,132.8831787109375,135.0578951055112,132.04760096390638,133.69299913792386,26496000,135.3798812866211,136.85215103149415,133.64724123080038,47.50350263725323,-1.4438130592912444,-1.4375508680031588,145.09405854306326,125.66570403017893,4.256018294161887,-0.007371113791718731,-0.007398414692414833,0.02676896348857862
2022-03-02,133.3887176513672,134.07363858013736,131.90190155372292,133.4447243246417,23520000,135.22760696411132,136.7103385925293,133.62261993752102,48.3985792999078,-1.2897728761393523,-1.4079952696303975,144.96635006048908,125.48886386773357,4.1071410607513545,0.003804386268704496,0.00379716789313065,0.02647512803347595
2022-03-03,132.7226104736328,135.2402787650286,131.8562842947509,134.8145494526599,24604000,134.52877960205078,136.55754318237305,133.53690475048404,47.25529415611399,-1.2075246114818867,-1.3679011380006953,142.76439642943674,126.2931627746648,4.055487732860378,-0.004993729525726076,-0.005006239859206803,0.019509339320355944
2022-03-04,130.7471160888672,132.67502797880198,129.19190640491172,131.75915337109652,30430000,133.9745185852051,136.32825576782227,133.2712105922348,43.94016821860838,-1.2869134193072682,-1.35170359426201,141.64187606730025,126.30716110310995,4.018003185421858,-0.014884384640385662,-0.01499626869846336,0.018513028962209382
2022-03-07,125.26773071289062,130.57714987008313,125.18496092413872,130.33232674161766,45112000,133.1362274169922,135.9310481262207,132.50897441324966,36.327660865568156,-1.7715489150397161,-1.4356726584175514,140.76180692454707,125.51064790943731,4.12829975537233,-0.04190826948911275,-0.0428117534961689,0.020306338500301512
2022-03-08,125.9873504638672,130.0964149357728,124.56991874531153,125.14036103345764,40428000,132.53671798706054,135.5382908630371,131.88786737045135,37.8505189331256,-2.0736549339540318,-1.5632691135248475,140.4262962551387,124.64713971898237,4.228170929307255,0.005744653845657366,0.0057282162439308984,0.01974746840675118
2022-03-09,132.247314453125,132.5600473216055,128.75874807277455,130.09638929835302,37026000,132.24039459228516,135.25110733032227,131.92210042594408,49.22672059838766,-1.7873459418355253,-1.6080844791869833,139.69396199244702,124.7868271921233,4.39563706705233,0.04968724214144915,0.048492255171761506,0.02314645273608217
2022-03-10,131.26553344726562,132.10062719921083,129.76186860445603,130.1122619277312,27102000,131.78629684448242,134.9684635925293,131.8595702374985,47.75045412835765,-1.620979877915687,-1.610663558932724,138.2497266436484,125.32286704531647,4.259194837167804,-0.007423825655131666,-0.007451519396279163,0.022792641039396214
2022-03-11,128.72903442382812,132.61953964393146,128.49213662745805,132.31523116771578,31526000,131.35266723632813,134.6357243347168,131.5614239695299,44.07304722489793,-1.6745051929203214,-1.6234318857302437,137.4013672040051,125.30396726865114,4.249781135689633,-0.01932341991705311,-0.019512557685831364,0.02272672872948442
2022-03-14,124.84398651123048,129.26280438992276,124.17393309978289,129.10520526240518,38812000,130.93975410461425,134.23429443359376,130.92166802112044,39.10543522459535,-2.0072766527702584,-1.7002008391382466,137.55527826120792,124.32422994802059,4.309716146721794,-0.030180043919279975,-0.030644837000718624,0.022655239908737128
2022-03-15,128.06243896484375,128.71317811067638,124.61550282436784,125.85996865327388,30920000,130.62613410949706,133.92396575927734,130.64936049195123,44.669295214478346,-1.9883774395123908,-1.7578361592130756,137.16235612491423,124.08991209407988,4.294570370977991,0.025779795595711308,0.025453099537793438,0.02341249039981086
2022-03-16,132.10906982421875,132.16109871004574,127.60302044405093,129.58395977320907,35576000,130.4611972808838,133.69180450439453,130.78838042835764,50.760990169761754,-1.6281026319155956,-1.7318894537535796,136.66444830755225,124.25794625421535,4.313392363479192,0.031598889511122774,0.031109918552122327,0.024518613844336512
2022-03-17,132.66265869140625,132.90203693206857,131.02318923079633,131.97872086094247,28264000,130.2679615020752,133.48245056152345,130.96688312007657,51.546898637249036,-1.2831212333457245,-1.6421358096720087,135.91955852032055,124.61636448382983,4.139496316178695,0.0041903925894271055,0.004181637344487457,0.024454814284500966
2022-03-18,134.9290313720703,135.04648957688957,131.09601592899304,132.25176776021434,44566000,130.44570808410646,133.44975036621094,131.3442305726474,54.732406808469456,-0.8174209353437618,-1.4771928348063594,136.43858548791218,124.45283068030074,4.125994697015683,0.017083727275027716,0.01693944138174218,0.023176513903180936
2022-03-21,134.9052734375,135.84543842143734,132.9139283478914,134.96672499602926,26832000,130.72812843322754,133.41711975097655,131.68337751215716,54.69181470885271,-0.44513591105899764,-1.2707814500568873,136.99633474022718,124.4599221262279,4.040674366767843,-0.00017607726320068018,-0.00017609276662188165,0.02280672704420135
2022-03-22,138.638671875,139.81028984562343,134.905281506743,134.905281506743,35496000,131.2264347076416,133.47363891601563,132.34578649909457,59.74429625063129,0.14943412191121297,-0.9867383356632673,138.2951990786952,124.15767033658803,4.1024130840075275,0.027674221639894858,0.027298211788408806,0.023421447965307964
2022-03-23,137.06016540527344,138.36162868482575,136.62354624695533,137.48341434965386,25154000,131.75611381530763,133.4658282470703,132.7947749663497,56.857332970035685,0.48764164734373594,-0.6918623390618667,138.9059694431885,124.60625818742677,3.9533211228673233,-0.011385758738007734,-0.01145107272852038,0.023182068201970284
2022-03-24,140.32769775390625,140.37428175630868,136.53978312219112,137.97653660408002,26396000,132.1962619781494,133.50222625732422,133.51219618421223,61.05279085557612,1.0077197347121114,-0.35194592430707106,140.2603314746279,124.13219248167094,3.9448338022423397,0.023840131368374262,0.02356039271848119,0.022129776138757568
2022-03-25,140.4277801513672,140.7865978961549,138.50929099112452,140.6686405705943,24126000,132.5537654876709,133.50703399658204,134.17082322870317,61.17732267891252,1.4116881170949114,0.0007808839733254302,141.37621719601486,123.73131377932692,3.8257247381557704,0.0007132048701921079,0.0007129506604605731,0.022013675103540097
2022-03-28,140.2122039794922,140.75439330324906,138.5826413227132,139.66207420173586,35050000,132.8708782196045,133.56389953613282,134.74619282401642,60.7269076127288,1.6949029885319078,0.3396053048850419,142.2951702485363,123.44658619067269,3.7075838268972063,-0.0015351390703650658,-0.0015363186036674084,0.02203142105137562
2022-03-29,141.25294494628906,142.5296336635574,140.79005434918682,141.39371027179897,34318000,133.28936653137208,133.6238671875,135.3658835023281,62.174780632481905,1.9805019194759552,0.6677846278032247,143.3972114371838,123.18152162556034,3.608287102409207,0.007422613276581114,0.0073952012450204975,0.021929017345126606
2022-03-30,140.69094848632812,141.4660728529996,140.35542274045525,141.2078644355121,19884000,133.65447807312012,133.7416326904297,135.87303254842334,60.86977411840542,2.136860316777387,0.9615997655980572,144.26532214164035,123.04363400459987,3.429884460276002,-0.00397865304808076,-0.00398658894456564,0.02198832059429671
2022-03-31,137.84519958496094,140.85897258818176,137.80257825062185,140.80444813456486,37524000,133.9106075286865,133.81995788574218,136.06085798047454,54.61827624452031,2.0080003417133128,1.1708798808211083,144.66543698190347,123.15577807546957,3.4032065943677097,-0.0202269508591999,-0.020434316646277106,0.022533131202589755
2022-04-01,138.91868591308594,139.23636461681514,137.09188211987873,138.27390583221185,25942000,134.31918601989747,133.9556149291992,136.3330320692947,56.43586696766164,1.969792714015341,1.3306624474599549,145.18257615542873,123.45579588436622,3.313297730265474,0.007787622139596939,0.007757455128603077,0.022199646422252802
2022-04-04,141.71487426757812,142.4488747295106,139.07726712649293,139.12484935301754,25942000,135.14154319763185,134.2057962036133,136.8455884691312,60.83591741340513,2.1404679432255307,1.49262354661307,145.62303317864604,124.66005321661765,3.3287899507054166,0.020128237868889842,0.019928342794527692,0.019754355295974996
2022-04-05,139.35531616210938,141.73371683584432,139.14865258935774,141.6132941655978,21418000,135.80994148254393,134.39981628417968,137.08461015417674,55.72145527780088,2.0615681976607902,1.606412476822614,145.54985599709988,126.07002696798797,3.275666686118357,-0.01665003844983526,-0.016790208408339544,0.02041536860954348
2022-04-06,135.3478546142578,138.13563495181108,134.3259104853093,137.53049665262756,32468000,135.9649684906006,134.59038665771484,136.91920486466066,48.295238953612696,1.656574960735469,1.616444973605185,145.57090643765028,126.35903054355092,3.4009337568813374,-0.028757148691692214,-0.0291787376276936,0.01890879088755703
2022-04-07,134.69415283203125,135.95893878121728,133.0477410449295,134.81457550647184,26234000,136.13639945983886,134.72232666015626,136.7072951472674,47.190412889352906,1.2682470692832055,1.5468053927407892,145.52056410438882,126.7522348152889,3.365952612553227,-0.004829790498634967,-0.004841491627970628,0.018854410225979945
2022-04-08,132.1160125732422,134.4775643861143,131.79683653197742,134.39182259689332,25142000,136.30574836730958,134.80722396850587,136.2700301402174,43.01130339086773,0.7438850018399137,1.3862213145606141,145.26156885760616,127.34992787701299,3.3324785902318412,-0.019140699166088515,-0.019326253929401793,0.01884385136304539
2022-04-11,127.69124603271484,130.93151135411028,127.53760956872992,130.66487843192186,36884000,136.4481113433838,134.71747039794923,135.45300308236,36.961418548176546,-0.02839013117727518,1.1032990254130364,144.7362465324383,128.1599761543293,3.4214731912518714,-0.03349152350533102,-0.03406521007250108,0.019148649491957454
2022-04-12,126.59197998046876,130.4433348003117,125.67461550166296,130.4433348003117,32710000,136.37458839416504,134.5670245361328,134.60909612027513,35.62091872991574,-0.7208162010288675,0.7384759801246557,144.97902488102235,127.77015190730773,3.517705056065934,-0.008608781622856498,-0.008646051234830025,0.01836286504481754
2022-04-13,128.75230407714844,129.18843915155622,126.61822782302634,126.87495402475328,27928000,136.2067501068115,134.41338653564452,134.0513064018821,40.210213059172894,-1.0827672827896606,0.37422732754179244,145.2568640509191,127.15663616270395,3.4519017785674717,0.017065252451324175,0.016921276710532566,0.017285147061851604
2022-04-14,125.61613464355467,129.33268319605867,125.48826307957772,129.33268319605867,31598000,135.85442390441895,133.99172607421875,133.2479567106128,36.1782713913191,-1.6041867200936508,-0.021455481985296232,145.92061175164918,125.78823605718873,3.4799388027041482,-0.02435816163503035,-0.024659728806955144,0.017986038816079127
2022-04-18,126.55431365966795,127.0855981275949,125.072950028148,125.88376118192888,20808000,135.43568801879883,133.6861656188965,132.6104668962371,38.17541794791823,-1.9195844007974756,-0.4010812657477321,146.28713578641123,124.58424025118643,3.37513232390006,0.0074686187309889185,0.007440866692053051,0.01755639605920984
2022-04-19,128.86631774902344,129.18745998099084,125.88326290264445,126.56918205499946,26490000,135.133740234375,133.422820892334,132.25388126316915,42.91611760652638,-1.9603818654368297,-0.7129413856855518,146.3571214547478,123.91035901400221,3.3700655206462264,0.018268868302450558,0.01810399750232568,0.018188500308212743
2022-04-20,126.91461944580078,130.24410511069215,126.3793722886123,129.7415575029072,31696000,134.54753761291505,133.2015625,131.7453801377055,40.119425068728624,-2.1256961896656037,-0.9954923464815622,146.19415223307544,122.90092299275464,3.405398899320056,-0.015145139065925184,-0.015260997972531413,0.016975311622550695
2022-04-21,123.71746826171876,128.95502227336507,123.43199758034922,128.11398446155997,36446000,133.8804027557373,132.91243621826172,130.98081710189723,35.982729398250854,-2.4860349006586375,-1.2936008573169773,146.37275150149543,121.38805400997916,3.5566578845840415,-0.025191354613385286,-0.02551408838796168,0.017550804374069032
2022-04-22,118.583984375,124.2998031690539,117.8797341417918,123.90133604882998,56884000,132.793217086792,132.47716613769532,129.80016636600226,30.538033252268548,-3.149529358631753,-1.6647865575799325,146.57049718729198,119.01593698629203,3.7611872519181886,-0.04149360602707375,-0.04237904570707965,0.017982876150701033
2022-04-25,121.99227142333984,122.1939816648928,117.46938074819153,118.0541914706364,46128000,131.87144165039064,132.16897903442384,129.05655732384392,37.319457801431845,-3.3615829801547363,-2.004145842094893,145.94587030503214,117.79701299574913,3.830002513688409,0.028741546055340628,0.0283362552891955,0.019724143400733845
2022-04-26,117.60714721679688,121.4332209985113,117.46936899450668,121.21961522065254,73054000,130.74118881225587,131.85907699584962,127.96613731364897,32.872734477663144,-3.8392236974806906,-2.371161413172053,145.56549358292503,115.9168840415867,3.8794953647701775,-0.035945918174813185,-0.036607884466810965,0.020714286472528574
2022-04-27,113.2899398803711,116.2115281359682,111.74563485499026,113.46339722510037,91820000,129.34303855895996,131.43817901611328,126.56840422476537,29.185674455640367,-4.514084403733207,-2.7997460112842836,145.17814291171882,113.5079342062011,4.0210680074156375,-0.03670871574214318,-0.037399437055756816,0.02126678733733586
2022-04-28,117.48078155517578,118.59787504178948,113.11201872859588,115.39180660167489,48884000,128.18253021240236,131.0796385192871,125.70291635147113,36.61751938142694,-4.657066710599253,-3.1712101511472777,143.9226390962022,112.4424213286025,4.125695743542634,0.036992178469068104,0.03632438675903074,0.023778644139688682
2022-04-29,113.10655975341795,116.88356939125212,112.81415439821426,115.70848796251153,42676000,126.94559822082519,130.6112222290039,124.50326334213273,32.75367376781786,-5.0649586706989,-3.5499598550576024,143.32896069139525,110.56223575025514,4.164333701643984,-0.037233509548142085,-0.03794437794577235,0.024505339294595876
2022-05-02,115.5583038330078,115.7193740406315,111.6103103782905,112.40823520185025,35534000,125.77757911682129,130.29490631103516,123.65136243650178,36.78030849802571,-5.1312310926820714,-3.8662141025824965,141.90893430634148,109.6462239273011,4.16038584169377,0.02167640926339609,0.02144481665834604,0.02520934846577325
2022-05-03,116.3027114868164,117.4009745946036,115.01463371515268,115.40714926550513,24968000,124.5069709777832,130.03582321166994,122.95149091748412,37.99432746573882,-5.065295415667862,-4.10603036519957,139.3702811089503,109.64366084661609,4.033668344390708,0.006441836104520426,0.006421176156189182,0.02455837080524634
2022-05-04,121.18640899658205,121.77469077330238,114.10420454212864,116.00287299219872,49916000,123.59852561950683,129.8861004638672,122.78338787739821,45.401859852027194,-4.566329537847281,-4.198090199729112,136.8547487471921,110.34230249182156,4.293441050589496,0.041991260971754985,0.041133556512661366,0.027040632765928073
2022-05-05,115.48149871826172,119.97515308141593,113.99468267182898,119.1474930563822,45840000,122.60520782470704,129.66639877319335,122.08796986224235,39.46996287195669,-4.57845647015759,-4.274163453814808,135.149075227659,110.06134042175505,4.500461427315465,-0.04707549572230685,-0.04821959748198867,0.028118916376418897
2022-05-06,114.72917938232422,116.53814363596445,113.01339826100602,114.17212241972844,39710000,121.60695915222168,129.33048767089844,121.38713267367872,38.75094393110927,-4.595795563921001,-4.338489875836046,133.2920117537887,109.92190655065465,4.430767423575677,-0.006514630865442128,-0.0065359436869686345,0.028112927851924117
2022-05-09,111.52210235595705,114.0655507442834,111.01609125808116,112.2546054490114,40802000,120.57726364135742,128.89537551879883,120.44760597675285,35.7602878745261,-4.8128417897544296,-4.433360258619723,132.00320734330484,109.15131993941002,4.37950461648049,-0.02795345563903917,-0.028351590523133505,0.028371000028711565
2022-05-10,113.38955688476562,115.22825625829458,111.90819312090024,114.49228193195776,39900000,119.86217918395997,128.48576766967773,119.77541082513503,38.72571831096022,-4.779074320063657,-4.50250307090851,131.20756075295392,108.51679761496601,4.33140813689885,0.016745151762365573,0.016606497426349013,0.028223799991813018
2022-05-11,112.60400390625,115.3417286316764,112.2412234859756,112.2412234859756,37534000,119.16278038024902,128.08018417358397,119.09241969000311,37.932476711312304,-4.760821134745171,-4.5541666836758425,130.4870563447331,107.83850441576494,4.243486494670418,-0.006927912940994707,-0.006952022346285945,0.028216688582968226
2022-05-12,111.85218048095705,113.29042361789074,108.85921908657512,110.3985706744424,53836000,118.31777420043946,127.64945343017578,118.4028730986654,37.14820086193933,-4.752240352427904,-4.593781417426255,129.16582773897585,107.46972066190307,4.256894925859361,-0.006676702419204372,-0.006699091308414917,0.02771419999007319
2022-05-13,115.03050231933594,116.83896736441086,112.60650078179894,113.52633818857002,35038000,117.78849258422852,127.29561126708984,118.08169492920545,42.555413534576736,-4.437819588833705,-4.562589051707745,128.18405546992398,107.39292969853305,4.309030065687536,0.02841537665794558,0.028019148318378647,0.028441699975085565
2022-05-16,113.4391098022461,115.14894677053942,112.88849600182488,113.94512093552152,25990000,117.13273239135742,126.94945114135743,117.63954396473314,40.668807171017825,-4.267853782949871,-4.50364199795617,126.86736871120772,107.39809607150713,4.162702973046608,-0.013834526364772226,-0.013931115300772484,0.0283881984765385
2022-05-17,115.44928741455078,115.87253633398905,113.86037975364924,115.81355766184248,23054000,116.46188087463379,126.75308227539062,117.430948102811,44.04338697343487,-3.9256971308291213,-4.388053024530761,124.58557274339928,108.3381890058683,4.039183227239204,0.01772032252200284,0.01756514808584277,0.02836471665686858
2022-05-18,110.91598510742188,114.38572183997256,110.57500685562272,113.9892360282762,35126000,115.66194915771484,126.45165496826172,116.81047543658347,38.697881848729274,-3.9745193437723856,-4.305346288379086,122.57094690097962,108.75295141445007,4.0988330366455505,-0.03926661141571974,-0.04005833973684807,0.029311396984832302
2022-05-19,109.4137954711914,112.01671400842774,109.03316793210402,110.45208919807725,34144000,114.94676551818847,125.99498458862304,116.10602972559376,37.09139926434167,-4.087309489067991,-4.261738928516867,121.31213326518795,108.58139777118899,4.019169682336848,-0.013543490911392064,-0.013636040564669242,0.029030761979891833
2022-05-20,107.95077514648438,111.19749090818948,104.86662695851533,110.96702866649969,48962000,114.4151050567627,125.52868942260743,115.32933881329762,35.54378480105427,-4.245806985056078,-4.258552539824709,121.23640692834799,107.5938031851774,4.18429070143237,-0.013371442955675938,-0.01346164569532955,0.027864626292330313
2022-05-23,110.50809478759766,111.1617983492407,107.78523742789535,108.6243014393132,37184000,113.84089622497558,125.16427062988281,114.87017271561191,40.237709665610964,-4.11759796370373,-4.230361624600514,119.90567585102941,107.77611659892175,4.1265957171404395,0.023689682984148197,0.023413436729423323,0.027570528910169385
2022-05-24,105.03860473632812,105.5228136697581,100.98901060230938,104.8423469431348,76780000,113.21246910095215,124.76816299438477,113.93383290806108,34.45797854394392,-4.4065377036149584,-4.265596840403402,120.13063411020914,106.29430409169515,4.511773464865285,-0.04949402178892126,-0.050760827529951244,0.028531714573497804
2022-05-25,104.87505340576172,105.56394457254444,102.94367769195412,104.0627524475445,40258000,112.79172477722167,124.30441528320313,113.07109200308018,34.29932423401981,-4.595744868620628,-4.331626446046847,120.60544371906047,104.97800583538287,4.376665851702787,-0.001557059244807757,-0.0015582727213538405,0.027557661094731584
2022-05-26,106.8450927734375,107.69455509948278,104.30015422152373,104.7481849485602,37948000,112.25994033813477,123.7991357421875,112.47813969549516,38.00223799246753,-4.534456801974329,-4.372192517232344,120.1718339602546,104.34804671601493,4.3065040678639495,0.018784632795882272,0.01861038037756662,0.0264275457397505
2022-05-27,111.3293228149414,111.3308125955402,108.17925358101334,108.5207309563348,37914000,112.17107849121093,123.3724690246582,112.36872856401385,45.52791267149025,-4.077048007963668,-4.31316361537861,120.0828628591278,104.25929412329407,4.319305193166717,0.04196945245779893,0.0411126266421352,0.027172155222792316
2022-05-31,112.76212310791016,114.71778157634024,111.09341756221777,111.755545645054,50012000,112.03126945495606,122.929130859375,112.40619471105158,47.71192237898495,-3.557919749878465,-4.162114842278581,119.79614893003506,104.26638997987706,4.2696665375207,0.012869927317805008,0.0127878135846118,0.026864525429268597
2022-06-01,112.89097595214844,116.0722700821291,112.25462032822502,113.84551695037166,36606000,111.86068267822266,122.48884490966798,112.45236435306082,47.9141745208637,-3.1003703777655858,-3.9497659493759825,119.38901114574266,104.33235421070266,4.237379624405227,0.0011426961526341817,0.0011420437723199132,0.026814603533212793
2022-06-02,116.58868408203124,116.86324988341372,111.95378769453288,112.9980255582533,37992000,111.63079643249512,122.0478451538086,112.84629956534371,53.47569625641495,-2.4115858009028415,-3.642129919681355,118.22937991327855,105.03221295171168,4.285385521867771,0.032754682991226414,0.032229681771240346,0.026102665942758046
2022-06-03,113.53426361083984,115.2991165371884,112.52075159132542,115.0423903074298,26136000,111.53343467712402,121.57732711791992,112.91181995062907,48.836921898822176,-2.088114779115074,-3.3313268915680987,117.95701954449501,105.10984980975303,4.26985316249906,-0.02619825839223222,-0.02654754676957023,0.0245605080377784
2022-06-06,115.7937469482422,118.29803800265243,115.14301528964045,115.67876159258392,33542000,111.58666305541992,121.08664810180665,113.18628918849697,52.14402670090806,-1.6306432020342783,-2.991190153661335,118.13178374129109,105.04154236954875,4.305133250307169,0.019901334324474718,0.019705891562992992,0.02493105542486028
2022-06-07,116.11983489990234,116.6565793612316,114.0407744070312,114.46550552636866,31590000,111.8165496826172,120.60048919677735,113.46567449434511,52.620015247637866,-1.2276297571572456,-2.638478074360517,118.65294559893897,104.98015376629542,4.184466943442401,0.0028161101981258874,0.0028121523884795056,0.02399793050812433
2022-06-08,116.16394805908205,117.52835256429876,115.57516714354192,115.73524670504769,26108000,111.95526924133301,120.11952407836914,113.72265292908196,52.68857109544511,-0.8943694015251964,-2.289656339793453,119.02240733662701,104.88813114603902,4.025089691822004,0.000379893402515874,0.00037982126128730936,0.023757155991272438
2022-06-09,113.82617950439452,117.25923874880716,113.76720083398786,115.3050626696795,25798000,112.01637802124023,119.57098876953125,113.73251260292126,48.6695100853008,-0.8095643990361339,-1.9936379516419893,119.1259063765829,104.90684966589755,3.9870145648932396,-0.020124733996631394,-0.020329995006653022,0.024182394947728027
2022-06-10,110.18446350097656,112.28335238911356,109.39595372206404,111.45668305650874,41452000,111.93299217224121,118.96085906982422,113.39460316464081,43.14799747702478,-1.024403187683049,-1.7997909988502014,119.08724759343158,104.77873675105084,4.0186725089959,-0.031993659273061636,-0.03251664138926716,0.025235112333731085
2022-06-13,105.45738220214844,107.83529107558935,105.18628753798215,105.84791642014876,47252000,111.45433616638184,118.31310272216797,112.63867735868916,37.24185312982776,-1.5581391719974391,-1.751460633479649,118.986581211422,103.92209112134167,4.088637041424365,-0.04290152303356476,-0.04384899108189216,0.025970077841446903
2022-06-14,105.77755737304688,106.9759308827376,104.87010701985535,105.59864757225516,33706000,111.07125854492188,117.65028015136718,111.98523736005656,37.86226216304374,-1.9330107794427818,-1.7877706626722756,118.93287541289791,103.20964167694584,3.947007528671356,0.0030360621913096963,0.0030314626617818307,0.025908182236656984
2022-06-15,108.79975128173828,110.44416645951732,106.7231636370719,107.59096455911155,39698000,110.73878173828125,116.99197769165039,111.68185773355005,43.53635302795394,-1.9635982993468843,-1.8229361900071974,118.39132237284879,103.0862411037137,3.9984076399427195,0.02857122043415128,0.028170674610989592,0.026476048204864103
2022-06-16,105.10154724121094,107.69356127238406,104.21391782028992,106.2786100238096,51684000,110.4480598449707,116.30690231323243,111.05516149618443,38.860100139253284,-2.2601991196061704,-1.9103887759269922,118.48377410288778,102.41234558705362,4.040366627193122,-0.033990923664437456,-0.03458204902125143,0.026115615211072828
2022-06-17,106.20178985595705,107.7441135350495,104.12272168588028,105.10154532268795,51376000,110.28745956420899,115.72398101806641,110.59293562568658,40.89413683708982,-2.3790527830819173,-2.004121577357977,118.52528421875914,102.04963490965883,4.010439857334271,0.010468376951873193,0.010413962915521647,0.026126506775269256
2022-06-21,110.56361389160156,111.50080688982575,107.64548911545748,107.97209137326078,47416000,110.41810150146485,115.24137023925782,110.59014307958324,48.24518375507846,-2.0971082626415978,-2.022718914414701,118.5861318151289,102.2500711878008,4.102481084229588,0.041071097215597874,0.040250084337773065,0.02758307868806245
2022-06-22,110.50759887695312,112.3502530375987,109.41230779604145,109.58478201623927,30774000,110.41807670593262,114.80920196533204,110.5822817269518,48.162342393678806,-1.8567813231501873,-1.9895313961617984,118.58610592969337,102.25004748217187,4.019299952610136,-0.0005066315461011994,-0.0005067599272260682,0.027087539630219353
2022-06-23,111.2554702758789,111.7515747494861,109.529283524712,111.24506449929154,28362000,110.72891998291016,114.48048645019531,110.64639492208772,49.411317509397094,-1.587671827928915,-1.9091594825152218,118.51883070721803,102.93900925860228,3.890942186336133,0.006767601563386627,0.0067448041460190155,0.024429769697153533
2022-06-24,116.93807983398438,117.0411696178319,111.95972504269348,112.00185482451673,41164000,111.33207130432129,114.28740844726562,111.24560300893502,57.7426785993574,-0.9054243460926727,-1.708412455230712,119.08350507216288,103.5806375364797,4.026281983165909,0.05107712496306349,0.04981547166017302,0.02663043794039975
2022-06-27,114.81541442871094,117.53727377160598,114.16715569950595,117.23347197127056,36420000,111.73058738708497,114.00867065429688,111.58558504891367,54.15495330730906,-0.5299111736092641,-1.4727121989064227,119.3364802197164,104.12469455445353,3.9794131323754884,-0.018152046008340195,-0.018318815617920994,0.026960905844910683
2022-06-28,111.02302551269533,116.27842626455548,110.86492729453904,114.78466807841107,35792000,111.71527252197265,113.71680847167968,111.53200795022622,48.372206658758245,-0.5321935739541601,-1.2846084739159702,119.3255677666361,104.1049772773092,4.081847835064127,-0.03303031160829295,-0.03358813004732993,0.02660769419726605
2022-06-29,110.7197265625,112.1659026711125,109.89801049848562,110.57154255312793,24716000,111.61315269470215,113.40011672973633,111.45464781806182,47.931389268890506,-0.552111683368679,-1.138109115806512,119.21932932925968,104.00697606014462,3.952279573461467,-0.0027318562865199514,-0.0027355946158429153,0.026444829257866082
2022-06-30,108.00529479980467,109.91337852535332,105.81174794310992,109.03318289219756,43170000,111.36886863708496,112.98289627075195,111.12613800679924,44.06136678020408,-0.7779610358216331,-1.0660794998095362,119.10785987983525,103.62987739433467,4.020543791027796,-0.0245162433738767,-0.024821770389104523,0.02697386226080727
2022-07-01,107.78176879882812,108.28976122127,105.79240531545052,106.9843354918693,35476000,110.9285228729248,112.6002392578125,110.80762665365913,43.74811996134901,-0.9638740153333885,-1.0456384029143067,118.42789153177698,103.42915421407262,3.911744656370059,-0.002069583730972324,-0.002071728278773772,0.025716131782579307
2022-07-05,112.26749420166016,112.38049064467288,104.80218931259408,106.15915998193664,39342000,110.86518440246581,112.37123977661133,110.94666165823065,51.23986401724118,-0.7407123686812298,-0.9846531960676914,118.29654195806782,103.43382684686381,4.173641561777826,0.04161859146331626,0.0407758412599934,0.027018525468488833
2022-07-06,113.56499481201172,114.57355354870796,110.49620571439615,112.3061605073974,37432000,110.7537467956543,112.27085998535156,111.19602672049552,53.18216610199509,-0.4539251339407713,-0.8785075836423074,117.94923505249467,103.55825853881392,4.166763438387396,0.011557224284537204,0.01149094971256757,0.026754677282450876
2022-07-07,117.73898315429688,118.14191207685636,113.82420284830546,114.06853442164258,40936000,110.83470420837402,112.1857942199707,111.81916542847661,58.859561356300254,0.10890638649620143,-0.6810247896146057,118.30120003522217,103.36820838152587,4.196060140277199,0.036754180715585116,0.036094852656681324,0.02803075192094134
2022-07-08,118.30447387695312,118.633057461148,115.87402164356276,116.21946167906192,38238000,110.94173049926758,112.19974075317383,112.43681385214104,59.57479669246973,0.5937405255519224,-0.4260717265813001,118.76362702126492,103.11983397727023,4.093415545799202,0.004802918349610552,0.004791421136029384,0.02804251439223634
2022-07-11,114.65977478027344,116.96087291799589,114.31681523707088,116.96087291799589,31196000,110.98341026306153,112.22713745117187,112.64852441672508,53.15996047834824,0.6760848316233847,-0.20564041494036317,118.87491695269078,103.09190357343228,4.085861481090848,-0.030807787543778664,-0.03129232509451811,0.028568607110216748
2022-07-12,113.01834106445312,115.94588075015932,112.69074816289236,115.19354915850504,29960000,111.12510414123535,112.13788864135742,112.68374504984205,50.52152886533939,0.6019543495726509,-0.04412146203776035,119.05580995469086,103.19439832777985,4.02652370296057,-0.014315689342368376,-0.01441914739224217,0.02776432872705676
2022-07-13,110.3747787475586,113.19229389367698,110.22411430080436,110.7192205262222,43722000,111.37097396850587,112.08325302124024,112.46384349724363,46.517234753245624,0.3261325694151225,0.029929344252816216,118.87712278499272,103.86482515201901,3.950927695097145,-0.023390560257710136,-0.023668461476358617,0.02642769721993653
2022-07-14,109.3974609375,110.11658638688232,107.42049173520462,109.24184313705844,37004000,111.55196914672851,111.96003616333007,112.17180706298234,45.09424571381642,0.028353599322187506,0.029614195266690475,118.67467382484949,104.42926446860753,3.8797390749012037,-0.008854539244820159,-0.008893973632240619,0.026551083252440974
2022-07-15,110.79505157470705,112.14607830712104,109.92526931854086,111.01609870201855,46770000,111.65173416137695,111.84988296508789,112.0406874926704,47.564501465827206,-0.09378341871499174,0.004934672470354031,118.67261401407549,104.63085430867841,3.798944667381192,0.012775348031208056,0.012694431700017633,0.025947672232438764
2022-07-18,108.07170104980467,112.68083230186652,107.4175059224068,111.6499722698316,43164600,111.80024185180665,111.58758880615234,111.66268878382604,43.461194912815316,-0.40565339302447967,-0.07718294062861271,118.37191389533784,105.22856980827545,3.9035433611010864,-0.024580073624191345,-0.024887206987429255,0.025353957222165935
2022-07-19,112.80968475341795,113.01783808815178,108.59703937527188,109.87570205635436,36530900,112.1306365966797,111.53415252685546,111.77192649521575,51.32810166561188,-0.2674143208359965,-0.11522921667008948,118.18749161742497,106.07378157593442,3.9780143380472306,0.043841113423668476,0.04290728767112815,0.027005995042680916
2022-07-20,112.8989028930664,114.38571897797333,111.49138548098225,112.1753157376498,35600400,112.24740104675293,111.49754699707032,111.87925758072534,51.46504984047806,-0.14894278224529955,-0.1219719297851315,118.26885366085781,106.22594843264804,3.900608563686077,0.0007908730517549589,0.0007905604764570256,0.025506390244306003
2022-07-21,113.33504486083984,113.5432057940174,110.1334380530246,113.27557462983977,32676200,112.38877334594727,111.53380584716797,112.01790398835529,52.173494630718224,-0.019633895239351773,-0.10150432287597555,118.37284876085049,106.40469793104405,3.8655485049222706,0.0038631196282441493,0.003855676943442911,0.02550835148912091
2022-07-22,106.95164489746094,111.352615627447,105.56394829009996,110.02439680939996,48901200,112.17358207702637,111.40504760742188,111.53540312255582,42.41505611161478,-0.4273168566838592,-0.1666668296375523,118.59849666211714,105.74866749193559,4.1445162239092435,-0.05632326674610544,-0.05797161507080688,0.02855136880313996
2022-07-25,106.5650634765625,108.90432131164432,105.36569944827404,107.45715461067633,34690900,111.65493125915528,111.28426879882812,111.06203744198503,41.903894308525246,-0.7726952804891454,-0.28787251980787093,118.1321637812542,105.17769873705635,4.1012380552993175,-0.0036145439489880804,-0.003621092197016617,0.02572091095456222
2022-07-26,104.09695434570312,106.25779418092785,103.15530711554916,105.66306921649698,47991000,111.11900825500489,111.12916427612305,110.39869619472009,38.697415512395224,-1.2313714659266424,-0.47657230903162523,118.20650143042813,104.03151507958164,4.051846505707462,-0.02316058425097456,-0.023433005086341975,0.025886529965774948
2022-07-27,112.0662841796875,112.9088193610781,107.06067446511638,108.29968789382276,59858500,111.17117118835449,111.06987991333008,110.55751409805032,51.58088797571941,-0.9409704111689337,-0.569451929459087,118.27041758662389,104.07192479008509,4.39184782782657,0.07655680114826846,0.07376780108263808,0.03069643107003833
2022-07-28,113.21610260009766,113.33504306020814,110.4803585824788,111.38236407078873,32816600,111.29598999023438,111.0654197692871,110.81071300300721,53.112003529215755,-0.6110015009850969,-0.577761843764289,118.44669407695442,104.14528590351433,4.282050445676767,0.010260163695322788,0.010207885500273597,0.030752728133293324
2022-07-29,115.29763793945312,115.68420953971332,112.06628867044458,112.08611712100765,37223400,111.6606071472168,111.06238677978516,111.23803918743063,55.834772718221664,-0.17946746734848773,-0.4981029684811287,118.84654400651394,104.47467028791965,4.2346126187904805,0.018385506050388134,0.018218536080430916,0.03033152644806282
2022-08-01,113.85045623779295,115.6941086578332,113.33502246319186,114.2865913451728,26034300,111.96404151916504,111.12107620239257,111.48684081127466,53.508319002418524,0.045229516905010314,-0.3894364714039009,118.97969610692809,104.94838693140198,4.10064644563697,-0.012551702944861187,-0.012631140990074943,0.030526483721803197
2022-08-02,114.11808776855467,115.32736606008014,112.72048458212804,112.9980223744773,20236000,112.05657119750977,111.21516204833985,111.73743575958704,53.89094527053119,0.2421082504190366,-0.2631275270393134,119.13433416839977,104.97880822661976,3.9939489479451935,0.002350728662893875,0.0023479700226345874,0.02915615844784338
2022-08-03,117.04217529296876,117.5774300425744,114.46502867668626,114.69300293008928,28499000,112.23043022155761,111.39699005126953,112.24264904848054,57.961764220682134,0.626859445285902,-0.08513013257427032,119.61216457808283,104.8486958650324,3.9557627569505174,0.02562334842434888,0.02530057254950078,0.029585209525177205
2022-08-04,117.15119171142578,117.73600237782314,115.86261481324507,116.4474330419797,21602900,112.20104064941407,111.52985198974609,112.71012930209437,58.11025160121217,0.929855458174913,0.11786698557556634,119.49901946330338,104.90306183552475,3.8070216717810568,0.0009314285058710237,0.000930994995508638,0.028427026295333852
2022-08-05,116.43753051757812,117.0719048062394,114.98044947375558,115.2084312785892,19159500,112.10769348144531,111.75783050537109,113.06511989404521,56.69836297497476,1.0997186156793077,0.31423731159631463,119.13370442940943,105.08168253348119,3.690144569344567,-0.006091796279850015,-0.006110426972264987,0.028437134305784477
2022-08-08,116.26901245117188,119.09396129560793,115.85269823014671,117.3494284314342,19138300,112.18815536499024,111.9857096862793,113.37025251853346,56.35020029511284,1.206826843575655,0.49275521799218275,119.36447926406929,105.01183146591119,3.65808160478147,-0.0014472830680724025,-0.0014483313938167862,0.027528950523427836
2022-08-09,115.60490417480467,116.28884199524232,114.69299212244628,116.11042376218631,19086500,112.3174835205078,112.16090591430664,113.58307648579739,54.91896464164705,1.2240132354813795,0.6390068214900222,119.64071466830111,104.9942523727145,3.510779338211082,-0.005711825209198329,-0.005728200066125737,0.02734275053918404
2022-08-10,118.64791870117188,119.85719697468684,117.36926354294056,117.73600666493807,30930400,112.73114051818848,112.30727783203125,114.06544241107116,59.93982703361544,1.4662770861093861,0.804460874413895,120.49034972695712,104.97193130941984,3.5637445854733025,0.026322538374028648,0.025982062233257497,0.02722196452019432
2022-08-11,117.79547882080078,120.42218875210386,117.51794102802992,120.21403540752571,24293700,113.15104141235352,112.40794494628906,114.42068397390256,57.99136396828503,1.5713743337671673,0.9578435662845495,121.05084400995555,105.25123881475149,3.5166376668019197,-0.007184617224665013,-0.007210550877231859,0.027183097231368154
2022-08-12,120.61050415039062,120.61050415039062,118.410015444178,119.20298693622571,19096300,113.64181404113769,112.5623355102539,115.0101906573776,62.34455483701689,1.8603685075544263,1.138348554538525,122.09533574711561,105.18829233515977,3.4665224998582,0.023897566848658736,0.023616489239387698,0.02748307088131564
2022-08-15,121.00701141357422,121.2250789907804,119.54993038618566,120.06535665403284,19494800,114.28857955932617,112.65070205688477,115.58131644368204,62.92729761106357,2.097217872598378,1.3301224181504958,122.91602422220963,105.6611348964427,3.3385672216250954,0.0032875019135081285,0.0032821098933782868,0.02661819864544959
2022-08-16,120.6303482055664,121.3539353982233,119.57966720477232,120.45192996370156,19041200,114.67961273193359,112.79262374877929,116.06217661148055,61.9465595296758,2.228836488189458,1.5098652321582884,123.70332336481061,105.65590209905656,3.2268315767555156,-0.0031127387050363664,-0.003117593352943777,0.02513439468461992
2022-08-17,118.4992446899414,120.2239492265823,118.33073312003822,119.06423449827228,22847000,114.95962982177734,112.84673370361328,116.29427833323874,56.57416228919058,2.136554080489418,1.6352030018245143,124.09185011348951,105.82740953006517,3.160601827382135,-0.017666396121093664,-0.0178243095014196,0.02557993680637451
2022-08-18,119.1137924194336,119.75808091078405,117.6765398760915,118.38029859169842,17987700,115.24856719970703,112.90661285400391,116.56280348430491,57.713080996742164,2.088928604666961,1.7259481223930038,124.52148833284478,105.97564606656927,3.083526056475736,0.005186089844708919,0.005172688394882928,0.025584729442928715
2022-08-19,116.17980194091795,118.10275306426914,115.73376016351708,118.0135401713866,21809500,115.70997505187988,112.90692993164062,116.52632714683949,50.85551016680262,1.793759220996634,1.73951034211373,124.16817422238611,107.25177588137365,3.1047050707215065,-0.024631828262038913,-0.024940267222838475,0.02252941505648216
2022-08-22,113.23592376708984,114.61370622389826,112.84935214610552,114.18748526200037,21456600,116.04351806640625,112.89512481689454,116.21295539638714,45.06896385862115,1.3072201718213705,1.6530523080552582,123.49968557027009,108.58735056254241,3.120829693870859,-0.025338984269616782,-0.025665544611629315,0.023440502111607083
2022-08-23,112.85926055908205,113.999154474037,112.43303961913672,112.48260318331054,15870400,116.4816333770752,112.94862075805663,115.89355588807237,44.37326568947117,0.881084305625663,1.4986587075693394,121.80239234285553,111.16087441129487,3.009778633944389,-0.0033263578860587284,-0.003331902513476251,0.02266919134876503
2022-08-24,112.69075012207033,113.77116618601146,111.8779576273456,112.5024176637424,17734600,116.51285667419434,113.09328811645508,115.58852676750075,44.04569499521539,0.5237338991793621,1.3036737458913439,121.73604285299753,111.28967049539115,2.9300236285673513,-0.0014931024372918378,-0.0014942182255316921,0.014990934199738739
2022-08-25,115.6247329711914,115.69411741968042,113.10705681377382,113.23591148601406,16956800,116.63328819274902,113.29023162841797,115.59197497737605,50.84915845145935,0.47183994591992473,1.1373069858970601,121.65401464547952,111.61256174001852,2.935262462070405,0.0260357025394089,0.025702543939843343,0.015923912685469013
2022-08-26,109.37019348144533,114.10818734688104,109.2215179147968,113.71170152369614,37245700,116.33691596984863,113.3016404724121,114.99942435871598,39.75267519348614,-0.07313242628210048,0.8952191034612281,122.25722548645057,110.4166064532467,3.1829733616649905,-0.054093439431375234,-0.0556114879919228,0.019619170784397028
2022-08-29,108.4582748413086,109.97482602837437,107.8437290366526,109.0232646475162,21191200,116.06730690002442,113.36877502441406,114.37645773801052,38.4356875969965,-0.5720173111090503,0.6017718205471725,122.84502107051573,109.28959272953311,3.1078393352404743,-0.008337908264662963,-0.00837286305728898,0.019527399147827307
2022-08-30,107.98249053955078,109.52877673229412,106.85251100449418,109.20167540311007,27513300,115.76052703857422,113.40438903808594,113.76750848101435,37.73329685951897,-0.9943171245910918,0.28255403151951963,123.36801768367735,108.1530363934711,3.077012648994722,-0.00438679577426393,-0.004396445995554485,0.019502132593691757
2022-08-31,107.26881408691406,109.87569528487892,107.17960119904774,109.67745618658888,28627000,115.27185897827148,113.3384930419922,113.14858520538576,36.65134005758345,-1.3707790074487036,-0.04811257627412502,123.69872324345167,106.8449947130913,3.049804180197326,-0.006609186814183765,-0.006631124201642271,0.018346641680509913
2022-09-01,108.77545166015624,109.47921029506789,106.41637309964956,107.32828505792908,28360900,114.853071975708,113.30385009765625,112.73209629631627,40.5282691419553,-1.5299187501987603,-0.3444738110590521,123.68736846348206,106.01877548793395,3.0507351098559687,0.014045438891693518,0.013947715695254534,0.01876874758439644
2022-09-02,106.9020767211914,109.76667515278552,106.3172660149257,109.61799202942274,24160700,114.37629928588868,113.2167822265625,112.17685633678057,37.45852817947313,-1.7866089283938607,-0.6329008345260139,123.82495574996621,104.92764282181115,3.079211826141958,-0.017222405518643624,-0.017372436233000627,0.019012063433529607
2022-09-06,105.8712158203125,107.08049412281645,104.8502699767572,106.3569145236708,25068300,113.85640945434571,112.99544494628907,111.576319144736,35.84941784014566,-2.049593169176461,-0.9162393014561033,123.95327944234012,103.7595394663513,3.0185698489931925,-0.009643039054961222,-0.009689834230870375,0.019040422572452528
2022-09-07,108.48802185058594,109.0133699405841,105.96043878239212,106.119028582092,23167000,113.50056533813476,112.86889709472656,111.28219559291219,42.59113078134259,-2.0235297067572304,-1.1376973825163288,123.82494201421743,103.1761886620521,3.02739729694165,0.024716878993009228,0.024416358819235633,0.020123342041419367
2022-09-08,107.42741394042967,108.63669221562516,106.21814322757176,107.09040592922442,24238300,112.93954010009766,112.79698486328125,110.915073530771,40.7231227410769,-2.0646563463357523,-1.3230891752802136,123.30348436518689,102.57559583500843,2.9839081320210608,-0.009776267389380311,-0.009824368849988425,0.018941162995906858
2022-09-09,109.6774673461914,110.0144753600422,108.0617890376196,108.11135259840358,23197700,112.53363952636718,112.77613967895508,110.79720627509676,46.12188961224792,-1.8938577854737133,-1.4372428973189137,122.739741386792,102.32753766594236,2.9555619382775937,0.020944871734596804,0.020728543341426525,0.019779256113886534
2022-09-12,109.8856201171875,110.6389423756241,108.96379385270278,110.01447478728238,22966800,111.99739532470703,112.81374618530273,110.71038854577206,46.60636619464885,-1.721854044827424,-1.494165126820616,121.55613670301767,102.43865394639639,2.8641038371807173,0.0018978626698140655,0.001896064003845103,0.018768559414674393
2022-09-13,103.40310668945312,107.34812886109148,103.17512488610276,106.85252347865308,38172900,111.11720008850098,112.72617294311523,110.01445694040835,35.80745823091034,-2.0845945893274944,-1.6122510193219917,120.4342964783385,101.80010369866346,3.138846079602433,-0.058993282477007414,-0.060805000715550735,0.022255465790048022
2022-09-14,104.0771255493164,104.35466334080722,102.74890681508528,103.65090463743046,26395100,110.28953895568847,112.56236557006837,109.44899680792341,37.430794690279676,-2.29126907167516,-1.7480546297926254,119.00049331318903,101.57858459818792,3.029339682896684,0.006518361792431815,0.006497209142860459,0.022460698071655478
2022-09-15,102.0055160522461,104.34476678915804,101.45043281291169,103.11566740623708,34188300,109.46485252380371,112.33117599487305,108.74009387881128,34.539695433507305,-2.5923387932617175,-1.916911462486444,118.0325504887803,100.89715455882713,3.0196964181359465,-0.01990456102756888,-0.020105325352734533,0.02252156263861918
2022-09-16,101.89646911621094,102.2235629195162,100.05281649828837,101.17288193424302,42797200,108.60398635864257,112.01432571411132,108.08832009189696,34.38912305422316,-2.8073762077125366,-2.095004411531663,116.55865564534176,100.64931707194339,2.95905713264251,-0.0010690297961857276,-0.0010696016161029728,0.022383210880313833
2022-09-19,102.1640853881836,102.42180228471612,100.65744846869414,100.85568758151152,23036800,107.90320053100587,111.69151794433594,107.52410726297188,35.13645104489552,-2.9225116166238934,-2.260505852550109,115.52738762934119,100.27901343267054,2.8737211814553296,0.0026263547136990972,0.002622911870924766,0.022115564734082
2022-09-20,100.25106048583984,101.47025310674027,99.63650706262376,101.18280106502657,26517100,107.25395736694335,111.40334365844727,106.83143614134025,32.303867566527046,-3.1320184207542496,-2.4348083661909374,115.15747710170248,99.35043763218422,2.848996691748508,-0.018725023525390627,-0.01890255647737362,0.021861842725360795
2022-09-21,98.40740203857422,101.9757592256914,98.39748781362076,100.7763951258115,31487300,106.53136444091797,111.11112487792968,106.02914717917206,29.80969295313166,-3.4075418793760974,-2.6293550688279694,114.88274070541338,98.17998817642255,2.9010877432000894,-0.018390413411397688,-0.01856161934481809,0.022029548352504535
2022-09-22,99.25984954833984,100.35017992291692,97.92171647216168,97.95145158637968,34298600,105.85981941223145,110.88882629394531,105.38445216671185,32.40828244467092,-3.51657394014552,-2.8067988430914794,114.28175351205212,97.43788531241077,2.867328865168315,0.008662432826257005,0.008625129226842939,0.022269025585720605
2022-09-23,97.87214660644533,98.7840662370101,96.6133122907774,98.75432356236846,31625400,104.97219009399414,110.65832000732422,104.66899449430551,30.433044232016726,-3.6726229524647778,-2.9799636649661396,112.8122989429203,97.132081245068,2.8515580360536097,-0.013980506198719378,-0.014079153985403065,0.02099223083071012
2022-09-26,97.3071517944336,99.00212116985077,96.94040867838092,97.23776734850438,27072700,104.36903800964356,110.38856201171875,103.96786661812723,29.640929809250864,-3.798101132847293,-3.1435911585423706,112.60883246600733,96.12924355327979,2.7951404971547693,-0.0057727845112424125,-0.005789511436770557,0.017983503977577003
2022-09-27,96.6430435180664,99.12107027493992,96.0185834977758,98.55608047686624,30072800,103.77827644348145,110.15998886108399,103.27026441812144,28.69548704982921,-3.9061043431381393,-3.2960937954615246,112.44384292090183,95.11270996606106,2.817093802869724,-0.006824866046538425,-0.006848261954871821,0.017974870259656245
2022-09-28,99.1706314086914,99.81491229984545,96.2564695939584,96.791724267828,32466300,103.33768348693847,109.88720779418945,102.87982317912811,36.93973870296001,-3.7445772904883654,-3.3857904944668933,111.99947020108571,94.67589677279123,2.8700472959423897,0.026153852347918782,0.025817689062143618,0.019329107700493956
2022-09-29,96.5637435913086,97.77302184291314,95.11657689159186,97.77302184291314,31047200,102.8024299621582,109.5605046081543,102.27829178981197,32.73578656820462,-3.783308373810513,-3.4652940703356174,111.74486019791215,93.85999972640425,2.954619240310758,-0.026286893411413104,-0.02663857048558879,0.01995595620836162
2022-09-30,94.80931091308594,98.03074589010642,94.72009801207578,96.19700749257774,32941500,102.10412292480468,109.18998992919921,101.56696027774282,30.241394027324887,-3.9104933578805543,-3.5543339278446053,111.25065890479365,92.95758694481572,2.9800498572907492,-0.018168648117538044,-0.018335724803803417,0.019630890260281978
2022-10-03,97.77301788330078,98.4173063180856,95.67164858345502,95.90954458427032,27982000,101.64766998291016,109.00641738891602,101.20563243065311,38.73406538921445,-3.729154617201715,-3.5892980657160276,110.70158324349705,92.59375672232326,3.0249031106985282,0.03125966154243809,0.030781027391291866,0.021189689486721237
2022-10-04,100.74665832519533,100.94489744691543,99.49773068381286,99.5572084701991,28850800,101.3914421081543,108.89004928588867,101.1619206110857,45.8565327188345,-3.307369134214426,-3.5329122794157075,110.24047770240766,92.54240651390093,3.0354014287639655,0.030413712354095512,0.029960384076468914,0.02250419323589697
2022-10-05,100.53849792480467,101.03410325667056,97.9316166016316,98.95256237530134,22176900,100.99396591186523,108.8188801574707,101.10254702191608,45.458134529728945,-2.9558249941932786,-3.417494822371222,109.22480399736665,92.76312782636381,3.0401932306407504,-0.002066176723388158,-0.0020683142113069935,0.021594465976319435
2022-10-06,100.52857971191406,102.0253098722158,99.70587307869936,99.79508596731075,22324000,100.64902420043946,108.58812606811523,101.04788346858257,45.437878506679866,-2.647505254815357,-3.263496908860049,108.33252747748618,92.96552092339273,2.9887106279890143,-9.865089587901554e-05,-9.865576219869157e-05,0.02155656777703463
2022-10-07,97.81266784667967,99.64640604800172,97.43601051980217,98.9723824993586,27502800,100.05578422546387,108.28005737304687,100.73976769506801,40.16060342872899,-2.5924271433577246,-3.1292829557595843,106.60825813099287,93.50331031993487,2.996129096854934,-0.027016315887655185,-0.027387965577688356,0.021409280523115498
2022-10-10,96.99988555908205,98.22898478378026,96.15735792571904,98.12986522026776,18225100,99.4114974975586,107.91410232543946,100.38358844402173,38.71157865606424,-2.5845687810456184,-3.0203401208167913,104.29177016738078,94.53122482773642,2.9300932226553833,-0.00830958101328605,-0.008344298037983837,0.021345508955509514
2022-10-11,96.32586669921876,98.37767277088884,95.46351057314295,96.57366940141245,26507100,99.05763549804688,107.56361053466797,99.99713875404049,37.50313702411696,-2.6027260554506313,-2.936817307743559,103.7516553925071,94.36361560358665,2.9289552923047046,-0.006948656237874995,-0.006972910571618915,0.017341796542705262
2022-10-12,96.7025146484375,97.88205781573464,95.8897221670434,96.44480530818548,21876400,98.68890495300293,107.21529907226562,99.68336502969736,38.65555045729915,-2.557245154201212,-2.86090287703509,102.87939856097903,94.49841134502684,2.862053889189457,0.003910143371923525,0.003902518630753466,0.017272983535024905
2022-10-13,98.1893310546875,98.9030039798012,93.550464603786,94.31370108960836,34574500,98.498095703125,106.8382421875,99.54107607969642,43.11474313184779,-2.3738631375761514,-2.7634949291433024,102.40508136708428,94.59111003916573,3.0399457096770104,0.015375157633235492,0.015258157635292095,0.01731379596682406
2022-10-14,95.7113037109375,99.80500878199092,95.5229788184796,99.11115674778203,25410700,98.18883743286133,106.40944442749023,99.17633585410033,38.138739056072836,-2.4008125920001078,-2.6909584617146636,101.94721844309262,94.43045642263004,3.128666013522318,-0.02523723623669294,-0.02556115680833427,0.018088881807675115
2022-10-17,99.09133911132812,100.04290051639435,97.96135947016587,97.99109458245891,28419200,98.03520011901855,106.06252059936523,99.16824092621727,47.10602410687928,-2.124934695668628,-2.5777537085054565,101.35685523596192,94.7135450020752,3.214589641517642,0.03531490293559103,0.03470563448550622,0.019997384942003434
2022-10-18,99.88430786132812,102.56058152852805,99.09134376768009,102.22356592791552,24060700,98.01686248779296,105.73482650756836,99.2364377771802,48.974755197947175,-1.8213184983072779,-2.4264666664658208,101.29312256546142,94.74060241012451,3.2327791254949476,0.008002402198935998,0.007970552780202292,0.019664508512574008
2022-10-19,98.75432586669922,100.13210822606936,98.05056713051532,99.13099079757087,23811100,98.03420867919922,105.39781494140625,99.1905223571344,46.45601878304449,-1.6528278076577294,-2.2717388947042023,101.32220848972227,94.74620886867618,3.150547837642026,-0.011312908091606233,-0.011377385784388648,0.019377742285773984
2022-10-20,99.09133911132812,101.42068284311566,98.51643506587006,99.12107422362116,25323200,98.02578315734863,105.00668334960938,99.18107633372428,47.32611233340724,-1.4750995398262035,-2.112411023728603,101.3020195099964,94.74954680470086,3.1329549761851387,0.003412642855603165,0.0034068330041863125,0.01929464405958009
2022-10-21,100.24113464355467,100.41955287075776,96.86111011341654,96.98996478104308,32458700,98.1442325592041,104.65559646606445,99.28203426799384,50.29383863909764,-1.2273219138566276,-1.935393201754208,101.55809242726308,94.73037269114512,3.1633469605534295,0.011603390796190105,0.011536587722043225,0.0191602459579541
2022-10-24,101.6189193725586,101.84690116488176,99.10125080640547,100.90525400873032,27176400,98.35982093811035,104.2757647705078,99.50459475414286,53.662855421281535,-0.9092988163946245,-1.7301743246822914,102.06698625019132,94.65265562602937,3.1335114889764903,0.013744704046928069,0.01365110231243721,0.019273989350419126
2022-10-25,103.56169891357422,103.89870692702208,101.81716593632244,101.99558416765883,40611400,98.70575370788575,103.9268585205078,99.89098562646966,57.987029562972985,-0.49479347674770224,-1.4830981550953737,102.95861611791122,94.45289129786028,3.072531207939847,0.019118285777995236,0.018937827756981232,0.01949601500482117
2022-10-26,94.09562683105467,97.44591608866746,93.85773839371232,95.58244279853432,88114100,98.4520034790039,103.39616409301757,99.339046693573,38.926050082379426,-0.919528166208238,-1.3703841573179465,103.14633129805657,93.75767565995125,3.5462047302199933,-0.09140514477673167,-0.09585598798491843,0.028152075204528774
2022-10-27,91.40945434570312,94.59123986812598,90.993147655817,93.68923447770167,60710900,98.19428901672363,102.85436828613281,98.58384742234729,35.372749533214474,-1.4561001221246528,-1.3875273502792878,103.76002717753869,92.62855085590857,3.5499109789406353,-0.028547261714664707,-0.028962659536027127,0.02825805389425982
2022-10-28,95.44367218017578,95.70138906064706,91.32023234198309,91.45900122477448,43697300,98.22600708007812,102.38096588134766,98.28478311356905,43.68678813120373,-1.5380795751824223,-1.4176377952599148,103.7210030196999,92.73101114045633,3.6092856746351596,0.04413348557158625,0.04318734102998545,0.02981342405834469
2022-10-31,93.67932891845705,95.18596591202645,93.15398843755676,94.5813267571652,31675000,98.02132263183594,101.93095642089844,97.84616842832028,41.191003257076304,-1.7255258504482072,-1.4792154062975733,103.86262506379784,92.18002019987405,3.5150283937768636,-0.018485701790560416,-0.018658697659615697,0.029204480106713032
2022-11-01,89.67483520507812,95.18596439796062,89.57571564537245,94.61106036439496,47161400,97.46773147583008,101.4597346496582,97.06794621658294,36.143909479202435,-2.1721681475163166,-1.6178059545413221,104.20139622649275,90.73406672516741,3.6646869908348134,-0.042746823227828856,-0.04368736998602868,0.029547590337751107
2022-11-02,86.20559692382812,90.37859311828306,86.11638402723818,90.14070466460588,57038300,96.75108642578125,100.92666137695312,96.0334367601301,32.435935868974866,-2.7740958711022614,-1.84906393785351,104.92232464773559,88.57984820382691,3.707367140849818,-0.038686865421231786,-0.03945508065327945,0.030452381129431792
2022-11-03,82.69670104980469,85.75953818830197,82.6074881629696,85.56129909230341,61288000,95.85949249267578,100.32678039550781,94.76327145438482,29.17573506945098,-3.4939899593483545,-2.178049142152479,105.87151694668414,85.84746803866743,3.69956297085044,-0.040703805776368784,-0.04155539440927031,0.03129529030466851
2022-11-04,85.81901550292969,85.87848571894034,82.97423836047841,84.64938669325439,51124900,95.25980987548829,99.73066604614257,93.91143755424623,35.398081332126736,-3.7691184771340573,-2.4962630091487945,106.13185722388866,84.38776252708792,3.662578806442241,0.037756215344606936,0.037060897183479775,0.032679693968233836
2022-11-07,87.71223449707031,88.11863452220038,86.08664952122535,86.51287043332725,34078900,94.7954273223877,99.29750686645508,93.32103726308662,38.90317507683025,-3.790696074417795,-2.7551496222025946,106.11472125200252,83.47613339277287,3.5652245359299877,0.02206060024163281,0.02182078575904291,0.03326707690871984
2022-11-08,88.11864471435547,89.52616228462122,86.82015337855162,88.11864471435547,30429000,94.38506622314453,98.89071426391601,92.82557130606462,39.66002159898924,-3.73198259541887,-2.9505162168458496,106.04269318576775,82.72743926052132,3.50385199093996,0.004633449593610894,0.004622748209526208,0.033322643122058244
2022-11-09,86.55250549316406,88.6538745954356,86.51285616342274,87.67257069959484,31769100,93.87756576538087,98.46211456298828,92.22813646674075,37.720829452513726,-3.768386473159538,-3.1140902681085874,105.96333126112607,81.79180026963566,3.4065067367308814,-0.017773074316657866,-0.017932912106494666,0.0334076867997078
2022-11-10,93.11432647705078,93.56036822352011,90.80480395682012,91.43917813783004,51620100,93.62381553649902,98.17902481079102,92.31253551534171,48.97746541989134,-3.2305133476245373,-3.1373748840117774,105.54884860830853,81.69878246468951,3.663746450561251,0.0758131835294471,0.07307682541051708,0.03779225297819003
2022-11-11,95.5626220703125,96.07804827912528,93.09450211535228,93.8577385481565,33090500,93.61638145446777,97.91476821899414,92.62206756819606,52.432113503287155,-2.576982180889644,-3.025296343387351,105.53638420114848,81.69637870778706,3.615160715790662,0.026293436100460088,0.025953705956260325,0.03787863839263035
2022-11-14,94.8588638305664,95.9392874586194,93.67932820432442,94.25422468031444,30179500,93.40475769042969,97.67390396118164,92.83509578365991,51.3557106186604,-2.0917292781467296,-2.838582930339227,105.07613495418708,81.7333804266723,3.5183606113981134,-0.007364367202359556,-0.007391618026988526,0.03701296011060892
2022-11-15,97.57478332519533,99.25983848330505,95.85998549384487,97.39636509743826,41640800,93.28928146362304,97.5079753112793,93.28649459713947,55.17981076947298,-1.4710534627151048,-2.5650770368144027,104.74566033622521,81.83290259102087,3.5814044714938653,0.028631161970061214,0.028228949418018394,0.037575521120813055
2022-11-16,97.98117065429688,98.76422797059618,96.78180668244718,97.03952356736092,29105200,93.25062370300293,97.29783828735351,93.73360660258304,55.74048678293631,-0.9355864874746516,-2.2391789269464524,104.6379878384284,81.86325956757746,3.4671913869692323,0.004164880671547522,0.004156231562730993,0.037500224383834255
2022-11-17,97.49549102783205,98.4074031127186,95.93929043602029,96.11770867544053,26052600,93.17083129882812,97.09919982910156,94.09188130974962,54.85727084124832,-0.5441427991555372,-1.9001717013882693,104.41483339179257,81.92682920586367,3.3958286219498808,-0.0049568669492471296,-0.004969192963368069,0.037510154756412006
2022-11-18,96.57365417480467,98.0307350439421,95.52297330311087,97.90187281922236,28342300,92.98745727539062,96.83712356567383,94.32824063023106,53.1362892365213,-0.3047919341993719,-1.58109574795049,103.87832876322233,82.09658578755892,3.3323952732985482,-0.009455174216869366,-0.009500158155141871,0.037458811844346324
2022-11-21,94.75973510742188,97.5351279078346,94.5218466726924,96.43488349899744,21647400,92.64449806213379,96.53460586547851,94.36933534234447,49.82399362582261,-0.2584930119400468,-1.3165752007484013,102.83608105166229,82.4529150726053,3.3096014134302374,-0.018782752738127573,-0.01896138902922311,0.0374824351854522
2022-11-22,96.19700622558594,96.36551023797271,93.22337397827062,95.10666835170002,23438500,92.27626342773438,96.39048385620117,94.54339923598651,52.35814196618424,-0.1046190319466973,-1.0741839669880606,101.33236550383211,83.22016135163665,3.2976396167353705,0.01516752992750292,0.015053652989585177,0.037371003884177634
2022-11-23,97.59461212158205,97.8919783793907,96.23665063568497,96.23665063568497,18868100,92.45121269226074,96.26083358764649,94.83399093937656,54.75130721402305,0.1286196737907659,-0.8336232388322954,101.77245218919839,83.12997319532309,3.1831633693831836,0.014528579951008647,0.014424051351693608,0.031177437938267046
2022-11-25,96.6033935546875,97.77302247882432,96.543923332857,97.37653668783366,9701400,92.71090965270996,96.15279113769532,95.00250547416807,52.728301243711364,0.23081923364716772,-0.6207347443364029,102.18966509878729,83.23215420663263,3.043587353424907,-0.010156488614962655,-0.010208417655814258,0.030483738923418133
2022-11-28,95.2057876586914,96.72233877031712,94.76965254495012,96.18708410227204,26237500,92.69901542663574,96.01897750854492,95.0218656822179,49.92713248254118,0.19676976623414077,-0.45723384222229413,102.16461228910177,83.23341856416971,2.9656658442779142,-0.014467461696414441,-0.014573135883590499,0.029128759152201013
2022-11-29,94.35335540771484,95.275181724271,93.28284596351968,94.88861012981242,20061700,92.73271675109864,95.86276290893555,94.95819803702715,48.2436991321862,0.09985014905218748,-0.3458170439673978,102.21681639691607,83.2486171052812,2.896142266883157,-0.008953575953097426,-0.008993900091549644,0.02888260824474132
2022-11-30,100.10237121582033,100.15193477810236,93.59011691093076,93.98660272217356,43647500,93.25409355163575,95.85978912353515,95.4481192921503,58.425124352450624,0.4813890302650492,-0.18037582912090844,103.14616332975712,83.36202377351438,3.1579762383323313,0.060930698047389376,0.05914653991834268,0.02994922810693284
2022-12-01,100.10237121582033,101.35129887441688,99.36887738054077,100.1321063282544,28687100,93.94893226623535,95.89368850708007,95.89138138011886,58.425124352450624,0.7748295892749439,0.01066525455826206,103.71445127900205,84.18341325346864,3.0740080422997447,0.0,0.0,0.028108369951722657
2022-12-02,99.55720520019533,99.8842989840562,98.03073981360708,98.17942293118249,21480700,94.79195747375488,95.89963562011718,96.24050745822139,57.18788417405119,0.9524141674319679,0.19901503713300325,103.3646232888564,86.21929165865336,3.0024097108649945,-0.005446084932889561,-0.00546096891766469,0.025922349853003013
2022-12-05,98.60563659667967,100.48893073993014,98.12985216783164,98.5263379314822,24405100,95.43128852844238,95.91430541992187,96.46575785236027,54.998600586511486,1.0047850546827277,0.3601690406429482,103.09038211421523,87.77219494266953,2.956457486667387,-0.009558008399313533,-0.009603979323091231,0.02537370492647678
2022-12-06,96.12762451171876,98.90301015080604,95.57254133403084,98.42723321260276,24910700,95.8520580291748,95.89071487426757,96.43355467706108,49.666375661904745,0.8366896569514637,0.4554731639046513,102.64424062368106,89.05987543466854,2.983172581675088,-0.025130531787919574,-0.02545169570369117,0.026109011641185703
2022-12-07,94.10554504394533,96.02848863434032,93.88747748283085,95.56262596381266,31045400,96.15140304565429,95.83996490478516,96.2118394739072,45.767052347533586,0.5341505740410497,0.471208645931931,102.01862043241438,90.2841856588942,2.9300993279045757,-0.021035362915130862,-0.021259758569937608,0.026746235497477417
2022-12-08,92.8863525390625,94.73991924555088,92.62863564307744,94.5416725708172,32213300,96.46809539794921,95.71427932739257,95.89512643249341,43.54709459186309,0.19377382123975906,0.41572168099349666,100.6784882296183,92.25770256628013,2.87161249037378,-0.012955586244290829,-0.013040241821748032,0.026564482838163084
2022-12-09,92.01408386230467,93.43151535436728,91.93478519757772,92.94581670466732,28225400,96.41308326721192,95.6232861328125,95.52550333057067,41.97825400814581,-0.14469405697828108,0.3036385333991411,100.82141549333002,92.00475104109381,2.773406609403478,-0.009390708676939363,-0.009435079381717703,0.0205754981544385
2022-12-12,92.48986053466795,92.73766318967444,90.80480550555872,91.89513567511982,29420000,96.25944519042969,95.57689712524414,95.23639449286566,43.180666057834486,-0.37027281326282946,0.16885626406674697,100.9788363432825,91.54005403757688,2.713367400454352,0.005170694011095822,0.00515737187620621,0.019654903891211974
2022-12-13,94.78948974609376,98.6552135280092,94.1947647555695,96.90077367161189,40593700,96.25597648620605,95.5172265625,95.19383213603024,48.71300909377544,-0.3593424679787063,0.06321651765765633,100.97958029035144,91.53237268206067,2.9599377999462733,0.024863581782176514,0.02455951278876785,0.020449776760458057
2022-12-14,94.23440551757812,96.01858788905928,92.77732450792485,94.36326019238705,28733600,96.08895759582519,95.38698150634765,95.10245817236813,47.510500138373516,-0.3909639596407999,-0.02761957780203491,100.85029681920417,91.32761837244621,2.980032484316856,-0.005855968103663289,-0.005873181518581285,0.019346810111658265
2022-12-15,90.06140899658203,92.816973660795,89.21888137485573,92.31145406282408,40107000,95.69296951293946,95.17743972778321,94.62235825086469,39.59683523916202,-0.7441718142174523,-0.1709300250851184,101.04023978144599,90.34569924443292,3.1254247456315376,-0.044283152189225405,-0.045293594100320855,0.02150427181737059
2022-12-16,89.46668243408203,90.52727761063562,88.73318105041864,89.96228779812273,58011800,95.29152908325196,94.95620178222656,94.1313415064092,38.60978461001533,-1.0598635991225933,-0.3487167398926134,101.21201850942629,89.37103965707763,3.030329875244784,-0.006603567156300727,-0.006625467171284055,0.021511326558054114
2022-12-19,87.66268157958984,89.76404353999254,87.43469977854382,89.4666848509379,29493000,94.84598045349121,94.75320205688476,93.51527865623594,35.702536410747086,-1.4390311500576587,-0.5667796219256225,101.5964792955223,88.09548161146012,2.9802594385450654,-0.02016394042353531,-0.020370007457872128,0.021783954601339316
2022-12-20,88.2375717163086,88.39616905558795,86.67146458378042,87.33557392675367,23453800,94.51987228393554,94.5779557800293,93.01263990005238,37.32222347977844,-1.6738403468633152,-0.7881917669131611,101.85993863369353,87.17980593417755,2.890576940920955,0.00655798027575516,0.006536570276365964,0.021652549042051227
2022-12-21,88.79265594482422,89.42703018514993,87.54372835066033,88.29705059692365,24745600,94.14965476989747,94.42729156494141,92.61073666622113,38.92207709490206,-1.7944523392726097,-0.9894438813850508,101.8519905023488,86.44731903744614,2.818628719033001,0.006290792206978146,0.006271087768192478,0.021341983489247016
2022-12-22,86.98865509033203,87.76179824360828,85.56130923053732,87.38514089164586,27658300,93.61935691833496,94.2330143737793,92.07530032566027,35.73007527101713,-2.0124082152875786,-1.1940367481655565,101.74853581543586,85.49017802123406,2.848108575836851,-0.020317005221841655,-0.020526234362915494,0.021190216383092198
2022-12-23,88.44573974609375,88.76292688788996,86.30472086721583,86.34437020523261,23003000,93.21147422790527,94.03814254760742,91.72962788951106,40.00947186633075,-2.04400326566261,-1.3640300516649673,101.5175228904177,84.90542556539285,2.820258393325228,0.016750283749629613,0.01661154488027925,0.021728018463903608
2022-12-27,86.62189483642578,88.15827431100223,86.24523752605165,88.01950543021509,20097300,92.78227958679199,93.85635437011719,91.24317712255056,36.71416262111517,-2.1909556396260967,-1.5294151692571931,101.5082561122854,84.05630306129858,2.7759900952335754,-0.020621060040922123,-0.02083664294789231,0.021924048419063976
2022-12-28,85.26394653320312,87.26619651001516,85.18465541951453,86.21551552084601,19523200,92.3278091430664,93.57980651855469,90.67372659023177,34.4397298265267,-2.389447470884477,-1.70142162958265,101.60832116129582,83.04729712483699,2.726386594895508,-0.01567673283743065,-0.01580091234272902,0.022047325636558576
2022-12-29,87.6725845336914,88.06907033133078,85.84876045182291,85.85867467640674,23333500,91.70631980895996,93.33557205200195,90.38790353722791,41.37688420325505,-2.3255887805677986,-1.8262550597796798,100.47149907118802,82.9411405467319,2.7320106808406615,0.02824919674050408,0.027857546937236993,0.01769980589569469
2022-12-30,87.45452880859375,87.52391325940049,85.80911531469404,86.21551535680346,23986300,91.07392768859863,93.10957611083984,90.10853451545324,40.95438906138697,-2.2664493655916687,-1.9142939209420777,99.12038640161285,83.02746897558441,2.6699720049947118,-0.0024871597690138136,-0.002490257888951088,0.017660740216478222
2023-01-03,88.33670043945312,90.24973739582715,87.74196796868762,88.80256311679109,28131200,90.51290245056153,92.89448333740235,89.93978841297705,43.46927763571455,-2.123913917600575,-1.9562179202737773,97.62569259819865,83.4001123029244,2.6789174751546185,0.010087203520244614,0.010036667245128608,0.018050579054744782
2023-01-04,87.30584716796875,89.85325856571626,86.50296129515269,89.55589230728985,34854800,89.94791297912597,92.63577758789063,89.6889368658334,41.25788172018246,-2.070270008009743,-1.9790283378209703,96.13447121437785,83.7613547438741,2.726873174826687,-0.01166959221202668,-0.011738216302424234,0.01807983494216501
2023-01-05,85.44236755371094,86.80032906609173,85.14500885244108,86.70120949900179,27194400,89.41365013122558,92.31224655151367,89.28450169325032,37.540036960050294,-2.1533021277524824,-2.013883095807273,95.20622957621028,83.62107068624088,2.686442113448186,-0.02134427045502052,-0.021575353511346394,0.017886788840940814
2023-01-06,86.57233428955078,86.9192640659125,84.11413611960162,86.02717297103696,41381500,89.03698959350587,91.9724592590332,89.02620003575512,41.01123449596559,-2.103676930643431,-2.0318418627745047,94.53228972650923,83.5416894605025,2.6949196729383784,0.013224899639274756,0.01313821408944389,0.017983304323526496
2023-01-09,87.2463607788086,89.25852481278592,87.08777100232832,87.58337634262733,29003900,88.75499000549317,91.83547393798828,88.85669153509355,43.044568581546926,-1.9870547693135734,-2.022884444082319,94.00455949015657,83.50542052082977,2.69429616224529,0.00778570307465043,0.007755550891309892,0.018038171223699648
2023-01-10,87.64286041259766,87.89066312190425,85.07562797410377,85.22431111215543,30467800,88.53642883300782,91.76014205932617,88.74108857104632,44.26171697225962,-1.8414100308832104,-1.9865895614424973,93.58518429575442,83.48767337026122,2.702920375499233,0.004544597966605002,0.00453430246210058,0.018046309702249345
2023-01-11,90.7155990600586,90.7948977302534,88.22766567198052,88.3961696743914,26862000,88.44771575927734,91.66558059692383,88.92913718904748,52.69807024929939,-1.4611974231316651,-1.881511133780331,93.27288765430505,83.62254386424964,2.7350001570818407,0.03505977136067173,0.034459175156788376,0.0198434506011063
2023-01-12,90.32903289794922,91.06253429761234,88.96116478580137,90.6759627102154,30258100,88.22469291687011,91.59857467651368,89.06246058989527,51.639150240801015,-1.1774954166212979,-1.7407079903485245,92.19301478371801,84.25637105002221,2.689740825276779,-0.004261297573016631,-0.004270402777382769,0.01890916895926388
2023-01-13,91.31034088134766,91.37972533429402,89.33782596038705,90.05149894060011,26329200,88.0784896850586,91.63128479003906,89.27654442717645,54.15742782443493,-0.8635220348777324,-1.5652707992543662,91.2945419953374,84.8624373747798,2.643466435893221,0.010863705188863149,0.010805119069944144,0.019109269923838653
2023-01-17,90.48763275146484,91.43919419002684,89.2585335052812,91.2508617224244,32602400,88.09980087280273,91.71692550659179,89.39188617234677,51.72555972683199,-0.6733199252416284,-1.3868806244518188,91.37326632385572,84.82633542174975,2.6104088822398217,-0.009010021449288752,-0.009050857164722073,0.01637537603873856
2023-01-18,90.31912994384766,91.9843643742161,89.84334543702602,91.33016162262862,29116700,88.14242324829101,91.86937408447265,89.48019510296591,51.218273632271625,-0.5300698362455876,-1.2155184668105727,91.50690250313454,84.77794399344748,2.5768810290219832,-0.001862163949851614,-0.001863899932597434,0.01630337446934286
2023-01-19,92.23217010498048,92.78724574591156,89.83343416594599,89.92264707243187,37000400,88.37089767456055,91.99763717651368,89.74228796030063,56.441322333818306,-0.25918898630081344,-1.024252570708621,92.16696061648587,84.57483473263524,2.6038046398036685,0.021180896697324147,0.020959699490011384,0.016152495314744032
2023-01-20,97.1584701538086,97.43601550407811,94.18483803338714,94.26413670489272,63191100,88.81694259643555,92.18656188964843,90.448591026349,66.41390912046003,0.3489745209561761,-0.7496071523756616,94.20721164566827,83.42667354720284,2.789521836896095,0.05341194990013687,0.05203437212672739,0.019744789651809928
2023-01-23,98.91291809082033,99.1607207694037,96.64304464751608,97.08908644403112,40005100,89.32295570373535,92.40244735717773,91.25471741344151,69.12500192780995,0.961434944455263,-0.40739873300947665,96.28114725272525,82.36476415474544,2.7701042858240608,0.01805759121396533,0.01789648942987886,0.019959108640095247
2023-01-24,96.84127807617188,98.73449405924738,96.34567274812116,97.23776385107986,33078500,89.81558685302734,92.6082228088379,91.78677080989202,62.69009401314396,1.265067298513003,-0.07290552670498074,97.40906630739165,82.22210739866303,2.7556143613151396,-0.020944079445177288,-0.021166518006488423,0.020002407181815975
2023-01-25,94.3830795288086,95.31481996198588,92.93591288382636,94.73000174467128,42330000,90.11245384216309,92.63359786987304,92.03403830693169,56.025409862095785,1.292443563030531,0.20016429124212165,97.929455302844,82.29545238148218,2.837739420674452,-0.02538378877475933,-0.025711514989296337,0.020958541302499058
2023-01-26,96.66287231445312,96.7124358785813,94.54168184198296,95.65184064234624,30114000,90.61450271606445,92.65560287475586,92.47487964098136,60.246451646372755,1.4810273137092906,0.45633689573555547,98.75342743294583,82.47557799918307,2.8014263441814706,0.02415467684489636,0.023867566816514953,0.020639835696194733
2023-01-27,98.49661254882812,99.43825971343786,96.45471331121504,96.45471331121504,33879800,91.2761360168457,92.7283578491211,93.04837801315725,63.298093727994114,1.7581815836361443,0.7167058333156733,99.71360612572381,82.83866590796758,2.8144349197558527,0.018970471189907023,0.018792775596870905,0.020200623137901715
2023-01-30,96.08797454833984,97.42610757655028,95.55271982458808,96.62322927209162,27226200,91.69690551757813,92.69862167358399,93.33786339746035,57.09801622121751,1.763146922330364,0.9259940511186114,100.21255906263922,83.18125197251705,2.823681905790438,-0.02445401865261343,-0.024757983845954235,0.020771510943667266
2023-01-31,97.97126770019533,98.01091703799966,95.96902529627194,96.01858885911189,29870700,92.22274246215821,92.69842361450195,93.77913999772083,60.36687307174963,1.8971785140783481,1.1202309437105589,100.9224154135924,83.52306951072401,2.76783975121453,0.01959967582528277,0.019410075576739013,0.020950266233213107
2023-02-01,99.54729461669922,100.30061689425332,96.72234552879353,97.84241093913148,35531100,92.78327217102051,92.7394596862793,94.32848805667116,62.913496909671416,2.1062916973731944,1.3174430944430862,101.84622332262228,83.72032101941875,2.8257277236606204,0.016086623695905855,0.015958605065116295,0.021056049613543418
2023-02-02,106.79304504394533,106.9020788324088,104.68176884997912,104.87010131411388,69883800,93.75763206481933,92.94384750366211,95.51558872212584,71.86440331263333,2.8241320693944942,1.618780889433368,104.32143275505972,83.19383137457895,3.1492317588069754,0.07278701500774498,0.07025994907888154,0.02532063222358171
2023-02-03,103.85904693603516,106.86241388680192,101.67838660993706,102.02530881240672,65309300,94.67846603393555,93.12583374023437,96.31020379011721,65.02108866332917,3.1203076449124296,1.9190862405291804,105.39206187896141,83.96487018890969,3.2945742958111097,-0.027473681518331405,-0.02785814114963816,0.02575867690995435
2023-02-06,101.9955825805664,103.44274929562648,100.98454343127976,101.49997723038128,31999600,95.44962844848632,93.24180526733399,96.85166843682666,61.04506303292128,3.1681425472903726,2.168897501881419,105.93621676843217,84.96304012854047,3.26456923930713,-0.01794224393967747,-0.018105157631809955,0.02649306491374055
2023-02-07,106.69392395019533,107.22917865979215,102.2136547117616,102.31277427376,49010200,96.42200660705568,93.42379150390624,97.78902610476653,66.59200379599616,3.54431230886982,2.4439804632790993,107.28545788336977,85.55855533074158,3.405214013587031,0.04606416523889845,0.04503470720192874,0.027785435095964435
2023-02-08,98.49661254882812,102.23347365780366,97.17830046850436,101.15305759656384,94743500,96.9646942138672,93.46165588378906,97.85641528991526,52.53605852154151,3.144724605053824,2.5841292916340444,107.07818276433771,86.8512056633967,3.841671832737312,-0.07683016143631294,-0.07994205429526335,0.03396910244790435
2023-02-09,94.17493438720705,99.15080896730558,92.80705872811016,99.12107385512309,119455000,97.13766098022462,93.44103881835937,97.50579806108591,46.9138757607936,2.451070743244699,2.5575175819561755,106.93099006594723,87.34433189450202,4.020391718912891,-0.04387641412011689,-0.04486810035295845,0.03503342798432655
2023-02-10,93.73880004882812,95.89963977995524,93.42161291225617,94.61106278381658,54980700,97.30814933776857,93.42874771118164,97.14703634563278,46.37451494064738,1.84488596704783,2.4149912589745064,106.73322213932683,87.88307653621031,3.910222800969047,-0.004631108492050839,-0.004641865298456995,0.035037257862058566
2023-02-13,93.7784423828125,94.36325304999365,93.01520592965052,93.90729704786835,50076100,97.4315544128418,93.30226913452148,96.82621787298324,46.43479649740033,1.3520928845100286,2.2024115840816108,106.60042059389431,88.2626882317893,3.72721025235291,0.00042290208498219073,0.000422812687098929,0.03498285776764315
2023-02-14,93.84782409667967,94.01632809123518,91.44909615264258,93.60002143562618,54726100,97.59956398010254,93.17717819213867,96.54256132285909,46.54804886223856,0.9561276957702631,1.9531548064193414,106.36770022306843,88.83142773713666,3.644354658512888,0.0007398471557455988,0.0007395736037547926,0.03489039283352778
2023-02-15,96.08797454833984,96.26639278959044,93.32249559012467,93.65950362229913,50169000,97.88800621032716,93.10779357910157,96.49926734433343,50.20851541192082,0.8137039777075046,1.7252646406769743,106.0368376643024,89.73917475635193,3.594321982866665,0.023870030799567843,0.023589595514607428,0.03519789056882126
2023-02-16,94.67053985595705,96.8214653459122,93.90730335156144,94.53177095740106,42462600,98.00992469787599,93.0290916442871,96.3251028216309,47.97003415758127,0.579773750457349,1.4961664626330493,105.88499416633553,90.13485522941644,3.5457391265441003,-0.014751426482298435,-0.014861310745979675,0.03517518102876506
2023-02-17,93.52073669433594,94.72010084493942,92.39075699666527,94.01634209023844,34284100,97.82803802490236,92.97695388793946,96.0580203333171,46.17175309817564,0.2981657845855068,1.2565663270235408,105.93790577375898,89.71817027604573,3.4588537495248177,-0.012145311132381376,-0.012219668095931755,0.03311596552372316
2023-02-21,90.98324584960938,92.2817296577271,90.91386139182458,92.18261008408292,33629300,97.4315544128418,92.91450790405274,95.57470847772589,42.394606669046325,-0.12828605987444064,0.9795958496439445,106.04990697690641,88.8132018487772,3.3979981461667133,-0.027132921899665097,-0.027507816508102873,0.033261010936981625
2023-02-22,90.8444595336914,91.30041553499176,89.81359952809775,90.89401552985218,30884000,97.13171348571778,92.87367004394531,95.12420857829404,42.19130671519658,-0.4720100764917987,0.6892746644167959,106.2160219982499,88.04740497318566,3.2614851362186625,-0.0015254051954507464,-0.0015265698104464163,0.033011898703488966
2023-02-23,90.09113311767578,91.13190729905016,88.97106783366301,91.11207885163788,41206400,96.91711616516115,92.83521102905273,94.64486805823516,41.04086554918989,-0.7960249024525865,0.39221475104291936,106.44304970308065,87.39118262724165,3.1828675883021256,-0.008292486078760097,-0.008327060010008975,0.032611833075036525
2023-02-24,88.34660339355469,89.09992561252551,87.8014420680175,88.65388384050988,36585100,96.50130271911623,92.75234588623047,94.04503332826559,38.42770695635953,-1.179975927537484,0.07777661532683874,106.73505160834256,86.26755382988989,3.11906926411328,-0.01936405574833222,-0.019553995071032084,0.032237353779508156
2023-02-27,89.08010864257812,89.36756065406263,88.55476061737971,89.08010864257812,27502300,96.03047752380373,92.63815826416015,93.57218335820012,40.15314791821269,-1.4088319993766447,-0.21954510761385798,106.71043458882023,85.35052045878722,2.9692041209986124,0.00830258573446141,0.008268308863274731,0.03192412310655282
2023-02-28,89.2684326171875,90.42815487570596,88.534938821612,88.54485304599933,30142000,95.6895004272461,92.53883880615234,93.16230233524654,40.613289115030135,-1.5570571289185153,-0.48704751187478945,106.76834560494133,84.61065524955087,2.8923478305054227,0.002114096822277034,0.002111865264189821,0.03160245236797121
2023-03-01,89.56580352783203,90.22991291205538,88.88186569379845,89.18914616715412,31111200,95.26922721862795,92.52892669677735,92.8197786393023,41.37972392313823,-1.6317217916259068,-0.715982367825013,106.60469953156708,83.93375490568882,2.7820406439162455,0.003331198968394178,0.003325662816386282,0.031191444878370722
2023-03-02,91.1913833618164,91.46892114468274,88.80256197209034,88.87195398014434,32204400,94.8514316558838,92.56342071533203,92.66469337477983,45.51900999362387,-1.5419487424135667,-0.8811756427427239,106.14125494945368,83.56160836231392,2.7737776816788275,0.018149558982957448,0.017986821859018755,0.03126473300532058
2023-03-03,92.82688903808594,92.90618771372029,91.63743159058448,91.66717426570082,35160100,94.15312385559082,92.66670486450195,92.68014058080898,49.390996247758466,-1.3235739776312556,-0.9696553097204303,104.04296224479121,84.26328546639043,2.6981367295520458,0.017934870773704592,0.017775938452701322,0.026174117615938693
2023-03-06,94.29387664794922,95.12649761674808,93.17381121430402,93.19363210202732,32639300,93.67486534118652,92.78783096313477,92.83382973006044,52.6421665228091,-1.020374520930858,-0.9797991519625159,102.50984990478996,84.83988077758308,2.66967043305991,0.01580347704274998,0.015679902339131527,0.026151026089947637
2023-03-07,93.03504180908205,94.8291308506661,92.70794044588578,94.14520057401872,27835500,93.22683830261231,92.87267868041992,92.85299278520534,49.69213552345982,-0.8716167625603504,-0.9581626740820829,101.19483975120909,85.25883685401553,2.6304932881827967,-0.013350122867119896,-0.013440036896299867,0.02604663101548552
2023-03-08,93.4216079711914,95.1165773515702,93.17380529752776,93.2927533033278,34103300,92.5632225036621,93.00133773803711,92.9071466124421,50.6074990572564,-0.714298519992866,-0.9093898432642396,97.6092715766762,87.517173430648,2.5912820206331797,0.0041550597988941895,0.004146451375365916,0.02332913850930604
2023-03-09,91.50857543945312,94.69036101520102,91.09226874258992,93.22337335130082,28813500,92.21382064819336,93.0625944519043,92.77394935787173,46.1338620667352,-0.7355099162966781,-0.8746138578707273,96.47477326717892,87.9528680292078,2.663197038631602,-0.02047740959809008,-0.020689978666035252,0.016881165700855103
2023-03-10,89.83341979980469,91.97443846501344,89.60544558188205,91.35988513059156,35941000,91.99674491882324,93.12682495117187,92.4938989237701,42.58401258863666,-0.877377301563115,-0.8751665466092049,96.27825142383355,87.71523841381293,2.6421824560958727,-0.0183059962588622,-0.018475624338234995,0.014459781927195403
2023-03-13,90.30921173095705,91.75637851356448,88.63406314919474,89.29817253447952,37335600,91.82526550292968,93.22773025512696,92.28583347683552,43.90429348697582,-0.9405734487703796,-0.88824792704144,96.08863032768714,87.56190067817222,2.6764776638297207,0.005296380035544335,0.005282403542961408,0.014544165959653133
2023-03-14,93.14408111572266,93.53065272700933,91.62752978493064,91.74647024234908,36050200,91.79354743957519,93.33716018676758,92.36757134720573,51.116909644008885,-0.7532238872703232,-0.8612431190872167,96.00746846708567,87.57962641206471,2.7154036161313324,0.03139070013379208,0.030908085853515965,0.016327977202210624
2023-03-15,95.26525115966795,96.07804354737156,91.82574917532364,92.4006531370092,50622100,91.8644187927246,93.49337463378906,92.6435408531545,55.70608239676309,-0.4286461488313762,-0.7747237250360487,96.25800209778922,87.47083548766,2.825181527268232,0.02277299876210015,0.02251756475332092,0.017119738221497552
2023-03-16,99.43826293945312,100.30061902134946,94.66062738841612,95.35447189407668,65492000,92.03193321228028,93.71540588378906,93.29065724232579,63.05453219087196,0.1634273340746688,-0.5870935132139052,97.23734081621824,86.82652560834232,3.026239391958597,0.04380413350079815,0.042871860269917454,0.019004631167193257
2023-03-17,100.7268295288086,101.93610017608884,99.2201850976227,99.3787824324158,61028500,92.33474769592286,93.98382553100586,93.99886412675272,64.98620160785626,0.7282317869658783,-0.32402845317794854,98.69535122578895,85.97414416605676,3.0040733695662785,0.012958458356619351,0.012875215893214787,0.01873608327789515
2023-03-20,100.33036041259766,100.85570093723516,98.99222731803567,99.24003002304116,32960400,92.67522888183593,94.2815853881836,94.60186377302367,63.87952559786558,1.1308162944966824,-0.03305950364302232,99.92079428934152,85.42966347433035,2.922601958825793,-0.0039360825518443,-0.0039438493118765135,0.018468587113597428
2023-03-21,103.99781799316406,104.17623620992995,100.33034166916576,100.36007677823724,42110300,93.32595748901367,94.63009506225586,95.49671655589418,69.11841617890674,1.7259054302483747,0.3187334831352571,102.03641503808475,84.6154999399426,2.98855142896425,0.036553816466764255,0.03590157288376103,0.01836609028142979
2023-03-22,102.46145629882812,105.65314851003184,102.4218069619865,103.35353990958237,43427400,93.90680732727051,94.93439697265624,96.16002510284028,64.87352617259654,2.049916151528464,0.6649700168138986,103.39271402384563,84.4209006306954,3.005893580327185,-0.014773018549648076,-0.014883226336148825,0.01891532803336362
2023-03-23,104.67184448242188,105.36569648380548,103.5418649317822,104.136589817013,40797800,94.6358428955078,95.27497665405274,96.97067456756234,67.92557390084677,2.45673709992316,1.0233234334357508,105.03400549630965,84.23768029470597,2.9986326235164826,0.021572874946722997,0.021343473843681376,0.01888956217775881
2023-03-24,104.51326751708984,104.56282351890222,102.927324212331,104.0672181267496,30393300,95.44417610168458,95.55093002319336,97.68901675323163,67.47263391187255,2.7348244428848574,1.3656236353255722,106.26591218755846,84.6224400158107,2.9090531697003676,-0.0015149916017641596,-0.0015161403619288003,0.01794162725164732
2023-03-27,101.55945587158205,103.8392436963596,101.03411536680986,103.70047479179102,31120900,96.06814346313476,95.77553848266602,98.05763000259833,59.512135460921186,2.6859013530521167,1.629679178870881,106.78876327953051,85.347523646739,2.949774525456055,-0.028262551881509168,-0.028669626113786824,0.019744754966622282
2023-03-28,100.14202117919922,101.54953863368904,98.86335840017524,101.539631971041,32057900,96.61182289123535,95.95217208862304,98.25614344798889,56.09218437744061,2.5038910211349332,1.8045215473236915,106.9955323621773,86.2281134202934,2.931654735881108,-0.013956698371593412,-0.01405500888497087,0.020263998829815416
2023-03-29,100.49884796142578,101.58917817223534,99.76535419231205,101.38102484163564,28779600,97.15847511291504,96.15239639282227,98.4697343540305,56.7657522065516,2.361220777660776,1.9158613933911086,107.14439634114572,87.17255388468436,2.852523967598407,0.0035632073132221276,0.0035568741298817315,0.020262482688676944
2023-03-30,100.00325012207033,100.27088125455408,98.903005604832,100.0230785716146,33086200,97.59906845092773,96.34607879638672,98.6157834747962,55.492454138107405,2.1829987276095295,1.9692888602347929,107.26547652196224,87.93266037989322,2.7627609953837906,-0.0049313783133680955,-0.0049435776823972865,0.02018937781394531
2023-03-31,102.81829071044922,102.9768804923042,100.1519314693277,100.40964837247186,36863400,98.0986385345459,96.55780120849609,99.01602225914411,60.86248596481516,2.243050231313461,2.0240411344505267,107.75961575484631,88.43766131424549,2.7778230935873682,0.02814949099096964,0.02776057571253488,0.02066240090598484
2023-04-03,103.44274139404295,103.61124538527356,101.03409927363644,101.49005525349756,25035400,98.55608177185059,96.68348663330079,99.4376145577059,61.95894873364643,2.3143510339742903,2.0821031143552795,108.31897622286142,88.79318732083975,2.763489023448065,0.006073342391503811,0.0060549739818433115,0.020516746928607783
2023-04-04,103.79959106445312,104.6520329153803,103.12556745121624,103.4130194765138,24420100,99.09430923461915,96.78122009277344,99.85304089168183,62.60371302177154,2.372305755818502,2.140143642647924,108.76684015165891,89.42177831757938,2.6751301977849224,0.003449731374102205,0.0034437947001944883,0.020071938503297002
2023-04-05,103.55178833007812,105.16745913119128,102.74891004200208,104.85027199347772,28290500,99.60081825256347,96.91543029785156,100.20530255248148,61.82013206836316,2.3709093139990927,2.186296776918158,109.09131691451623,90.11031959061071,2.656802975742371,-0.0023873189849190624,-0.0023901731743655747,0.020151238586483516
2023-04-06,107.4670639038086,108.210471940048,103.41301570943838,104.33484197686876,48711500,100.39874267578125,97.17710998535156,100.8968988716555,68.523730086537,2.655126001486593,2.280062621831845,109.71547583133197,91.08200952023053,2.8097067796614597,0.03780983058689702,0.03711256043207368,0.02043199243220902
2023-04-10,105.50447845458984,106.64436480832546,104.19608051990066,106.03973318637244,27067400,101.1822956085205,97.3539421081543,101.33571597479211,62.591227529290144,2.6909855242073775,2.3622472023069516,109.38194157478006,92.98264964226095,2.8426551085362077,-0.01826220404584067,-0.018431016511229657,0.020428997036894193
2023-04-11,104.42404174804688,105.79191730174914,103.75993241934816,105.6134990800635,26311800,101.888037109375,97.47249069213868,101.6298422389116,59.535407935446756,2.602225407022729,2.4102428432501073,108.49855166671507,95.27752255203494,2.784750092383691,-0.010240671508631727,-0.010293467941683794,0.020839261443359673
2023-04-12,103.72027587890624,105.81173083577598,103.42290967597876,105.64322684987418,24370300,102.41684684753417,97.62513671875,101.82893115700634,57.563990079721314,2.4468881472226798,2.417571904044622,107.70460726703568,97.12908642803266,2.7564694543418002,-0.006739500380943619,-0.006762313370176097,0.020274289549311736
2023-04-13,106.48577117919922,106.54524140425345,104.90974215422128,104.90974215422128,24843600,102.97787284851074,97.79542678833008,102.27243973054851,62.7796915643128,2.517909712391628,2.4376394657140232,107.42574587117926,98.52999982584222,2.7613620308421867,0.026663015276990887,0.026313751762663377,0.020465615558723706
2023-04-14,107.9131088256836,107.98249327038609,105.90094480463668,105.95050836328302,26578000,103.40161514282227,97.96274307250977,102.80964631103757,65.15980287170862,2.658720953626542,2.481855763296527,108.0309657955862,98.77226449005833,2.7128039190498456,0.013404022252723191,0.013314983119018022,0.018530273703140095
2023-04-17,105.03860473632812,105.22693719940172,103.60134460665196,103.74012106946373,37571200,103.61720390319825,97.92765426635742,103.02192806582714,57.223590231929165,2.5094391673677023,2.487372444110762,108.12830407738046,99.10610372901603,2.827015369048545,-0.02663720951639681,-0.026998408650388106,0.0196342974920779
2023-04-18,103.58151245117188,105.60358307540248,103.15529157112812,105.55401951819437,26596400,103.77976150512696,97.92210357666016,103.07522181681236,53.656110357855205,2.2476476235642053,2.439427480001451,108.03227977496856,99.52724323528535,2.7999636644218175,-0.01387196915661526,-0.013969084083575356,0.019923426010546127
2023-04-19,103.26432800292967,104.05729956463124,102.16408355317898,102.66960311282216,20905700,103.74308700561524,97.94747848510742,103.09323192977592,52.88322711896381,1.9916236076354323,2.3498667055282474,108.00009959337221,99.48607441785826,2.735195974923992,-0.00306217239675588,-0.003066870439913055,0.018177367466679865
2023-04-20,104.36457061767578,105.31613193758432,102.9570533046238,102.99670263824548,27820800,103.83824272155762,97.90089141845704,103.214311804814,55.28908264053106,1.8561070674700062,2.251114777916599,108.06135421114814,99.6151312319671,2.7083304504980292,0.010654624264004209,0.010598263734963273,0.017992574906711477
2023-04-21,104.48351287841795,105.0683235019506,103.85904536110522,104.54298309441472,25800100,103.82882614135742,98.02062942504882,103.33518809753818,55.55330277598956,1.7382691942090673,2.148545661175093,108.04529531609408,99.61235696662077,2.60125528552284,0.0011396804493921664,0.0011390315066402488,0.017335442270271645
2023-04-24,105.03860473632812,105.69279990108514,103.77976284473804,104.56282024731928,23542800,103.85509300231934,98.23790283203125,103.49741825361342,56.835320996185025,1.6704175705563387,2.0529200430513423,108.09477145238749,99.61541455225118,2.5520968405817155,0.005312722003864012,0.005298659281884963,0.01737015328048559
2023-04-25,102.9372329711914,105.75227538154245,102.92731874642016,104.89983354732144,46664100,103.92398185729981,98.42187149047851,103.44406727433513,50.85516529085226,1.430590572805471,1.9284541490021683,108.05561520293381,99.79234851166581,2.571586825906042,-0.02000570904775112,-0.020208532893417796,0.01673992010939593
2023-04-26,102.79845428466795,105.41524976209612,101.72794498144636,103.99781824829444,53347600,104.05680351257324,98.60227172851563,103.38258032293825,50.477422738063375,1.2153182369212487,1.7858269665859845,107.85055427975969,100.26305274538679,2.6512809655305936,-0.001348187458684591,-0.0013490970810493626,0.01638841377747291
2023-04-27,106.64436340332033,107.41751415837903,102.62996431134653,103.5319621820746,50089200,104.36407928466797,98.85820251464844,103.69322633059369,59.46346390013887,1.339603963435252,1.6965823659558381,107.94488296260327,100.78327560673266,2.8038715999235877,0.03741212983613873,0.03672927540212345,0.018260463865148378
2023-04-28,106.39654541015624,106.40645963391208,104.16632149232343,106.09918675851404,36139800,104.68374404907226,99.06437393188476,103.95068529055202,58.724029728269045,1.401943721637565,1.6376546370921836,107.7555888118635,101.61189928628102,2.7805980507145382,-0.0023237795721735566,-0.0023264837379926915,0.018209119761409244
2023-05-01,106.25777435302734,107.0408316423043,105.88111704371836,105.90093792848754,26681700,104.85571823120117,99.29611862182617,104.1704080584068,58.286939288465966,1.4237387900691232,1.5948714676875717,107.87523157232924,101.83620489007309,2.664820661276781,-0.0013042816060797602,-0.0013051329216510787,0.017256285859373638
2023-05-02,104.3943099975586,106.2577833799794,102.79846017510972,106.19831315828286,30997200,104.90329666137696,99.51359008789062,104.19173205261174,52.622772183697585,1.275937327691011,1.5310846396882598,107.86162132109976,101.94497200165415,2.721570842961988,-0.017537204847502652,-0.017692803484978523,0.017748207731470747
2023-05-03,104.48351287841795,106.54522517711808,104.03746357143218,104.60245331041146,21795400,104.9374927520752,99.7835954284668,104.21952070268853,52.85893237644764,1.1527137641562888,1.4554104645818657,107.85958408839561,102.0154014157548,2.7062987545851245,0.0008544802955394726,0.0008541154350809951,0.017735807199815767
2023-05-04,103.76985168457033,104.67184949855658,103.05617876315748,104.5628157154331,23419500,104.94839591979981,100.04210327148438,104.17669508191537,50.682270374392395,0.9861045092947336,1.3615492735244394,107.85128827829493,102.04550356130468,2.6283967532146946,-0.006830371358953813,-0.006853805113863225,0.017801271819467796
2023-05-05,104.64212036132812,104.9493932791254,103.19495354910444,103.89871228613758,26639300,104.80714874267578,100.33312301635742,104.22102129900229,53.21795196520384,0.9139152210471764,1.272022463028987,107.47116905897151,102.14312842638004,2.5659712515579995,0.008405800553799025,0.008370668550108484,0.015616494623165394
2023-05-08,106.82276153564452,107.01109396694962,104.2357088632956,104.25552974758932,26511400,104.87306289672851,100.70264617919922,104.4688060834444,58.90629243291639,1.0208959553166892,1.2217971614865275,107.6649996409315,102.08112615252553,2.5809293838505725,0.020839038494123274,0.020624875916055878,0.015816408712918326
2023-05-09,106.40647888183594,109.18187217322726,106.2478890847401,107.43733903114304,36360100,104.97218475341796,101.04917358398437,104.65334634995787,57.46969839461085,1.0598708949070215,1.1894119081706263,107.83322637003604,102.11114313679988,2.6061475056103296,-0.003896947128348427,-0.0039045600112466326,0.015647331632560418
2023-05-10,110.7677993774414,111.94734256928348,106.98137468108187,107.02102401786978,63153400,105.32456092834472,101.47916091918945,105.23567520971821,66.64711004865228,1.4262401219288705,1.2367775509222751,109.07865973703633,101.57046211965311,2.815770090027273,0.04098735849016011,0.0401696459377335,0.01787640700951582
2023-05-11,115.54542541503906,116.88355828293253,113.40441433887696,114.38571076702053,78900000,105.77754364013671,101.99875335693359,106.21755618165352,73.41480076489665,2.0781492558206764,1.4050518919019555,111.59957222461023,99.9555150556632,3.051483576846119,0.043131903535592375,0.04222763354085113,0.019323069840356113
2023-05-12,116.47718048095705,116.99260675738344,115.08948388118702,115.65447372138092,41102300,106.20574722290038,102.50446929931641,107.19466325777766,74.50146783509719,2.639549702096076,1.6519514539407796,113.63184320787155,98.77965123792922,2.9694578125139977,0.008063971919018975,0.00803163184078536,0.019226813737995837
2023-05-15,115.4859619140625,117.43864822230547,114.9903565591719,115.08947611768252,36266800,106.72811508178711,102.95765075683593,107.98431074885241,71.16875198873235,2.9702414515100486,1.9156094534546337,115.1547076009513,98.30152256262292,2.9322316589868245,-0.008509980777364423,-0.008546397414217515,0.01810088305489651
2023-05-16,118.45958709716795,119.68868618777016,115.40665647509871,115.46612669425036,45035600,107.47201881408691,103.44096496582031,108.98195611535864,74.80936160542689,3.432693788859794,2.219026320535666,117.18485341264002,97.75918421553379,3.028645805678583,0.02574880213855124,0.02542288454864178,0.018105760374706535
2023-05-17,119.77790832519533,120.60061509648509,117.84505030815376,118.55872328747316,33323600,108.29769783020019,103.97582229614258,110.010142040105,76.24170031387953,3.8610602048156437,2.5474330973916617,119.17695440074374,97.41844125965665,3.0091400187252075,0.011128869012062337,0.011067398791544055,0.017972936205317838
2023-05-18,121.75042724609376,122.22620420638852,119.7680055994092,119.88694605831368,35234200,109.1669906616211,104.54239868164062,111.12826444067535,78.23574537836626,4.3100261687864645,2.8999517116706226,121.35045614702986,96.98352517621234,2.9697870607433585,0.01646813630726518,0.016334007119070473,0.01807174351248932
2023-05-19,121.68102264404295,124.8628079526781,121.07638353692812,122.464079972312,41353400,110.02686614990235,105.14584762573242,112.13328903147227,77.98771915192505,4.607126472374503,3.2413866638113986,123.15745997786856,96.89627232193614,3.028118300386688,-0.0005700563326198615,-0.0005702188765067583,0.018109344881318865
2023-05-22,123.95089721679688,125.3187652179442,121.66119542840032,121.85944209965614,35253000,110.97248077392578,105.82819717407227,113.2587755253127,80.19869715614877,4.968467115207332,3.586802754090585,125.20747020317003,96.73749134468153,3.0730791210407737,0.01865430223572373,0.018482444704898928,0.018257965660294206
2023-05-23,121.48278045654295,123.53458629434267,121.13585822548262,123.06872361968306,34046300,111.89975814819336,106.45166854858398,114.04201409019177,71.7586971562648,4.998061243501041,3.869054451972677,126.33498551629525,97.46453078009147,3.0546476832031653,-0.01991205239875793,-0.02011296889388522,0.018250288594893468
2023-05-24,119.8373794555664,120.83850441605266,118.80651938298396,120.05544702738894,34182600,112.75170440673828,106.98553451538086,114.59395364879889,66.71780266723356,4.8330325035563675,4.061850062289415,126.9470191077096,98.55638970576697,3.0276200682285817,-0.013544314632847443,-0.013636875595703764,0.018791458225068777
2023-05-25,122.39470672607422,124.21853087598284,120.88806215130478,123.42555925112126,42317000,113.53922157287597,107.52812362670899,115.33688251330129,70.21939667296192,4.852662503770631,4.2200125505856585,128.03624893132104,99.04219421443089,3.1243008790991422,0.021339979913830076,0.021115470937588015,0.01777761851935187
2023-05-26,123.51476287841795,124.15905132995717,121.37374418942689,122.08741708575724,35635900,114.39513244628907,108.00965362548828,116.11572826236002,71.6273611522376,4.902090345108135,4.356428109490154,129.12375046880624,99.6665144237719,3.1000870406299375,0.009151181307623713,0.009109562959970095,0.017643504768415075
2023-05-30,122.5830307006836,124.5555455229917,120.92771057579569,124.53571707323404,35076700,115.21139526367188,108.44677764892577,116.73166182791465,68.7169260998883,4.810625370780002,4.447267561748124,129.8548943374015,100.56789618994223,3.1377833196703713,-0.007543488373543794,-0.0075720843818360885,0.017863638069807165
2023-05-31,121.79007720947266,122.96961295289324,121.4233264805182,121.67112918762132,37325800,116.08118362426758,108.87597198486328,117.21341567377732,66.24972612092611,4.620887287653886,4.481991506929276,130.1047310517675,102.05763619676767,3.0241049734349907,-0.006468705225172067,-0.006489717964645922,0.017212558696637934
2023-06-01,122.63259887695312,123.326443397822,121.54226853172857,121.74050766273734,30772700,116.98863792419434,109.24866760253906,117.72952835979406,67.58156214807573,4.4867821157996275,4.482949628703347,130.21924653613337,103.75802931225529,2.935538537196308,0.006917818649801566,0.006894000326500554,0.017135624518130246
2023-06-02,123.57423400878906,125.04122914675052,122.67223621986324,122.90021044199662,26980100,117.97885704040527,109.67092315673828,118.28616699303169,69.05150112009005,4.405698733942899,4.467499449751258,130.01437206378463,105.94334201702591,2.8979022323821004,0.007678505882279696,0.007649176199072321,0.016770014004013047
2023-06-05,124.9024658203125,126.3099832376192,122.75153279545628,122.92004436641427,32305500,118.99187431335449,110.07553558349609,118.91629069086795,71.04581912986714,4.397920288861087,4.453583617573224,129.70459425531374,108.27915437139522,2.9450842473664447,0.010748452718946089,0.010691098712882976,0.016774535431782974
2023-06-06,126.19103240966795,127.16241466547471,124.25817456021956,124.90246303081489,26638300,119.96028785705566,110.50909088134766,119.60912323551557,72.87218313625577,4.444498952533479,4.451766684565275,129.53938926001493,110.3811864540964,2.9421668086442097,0.010316582470110802,0.010263729728818487,0.016547832636649107
2023-06-07,121.4233169555664,127.90582861001032,121.04665959275812,125.85403022098032,52539000,120.71112976074218,110.90636810302735,119.78190358980612,58.23524847228599,4.050012069299669,4.371415761512154,128.00435077152468,113.41790874995966,3.2219526806876373,-0.03778172951801828,-0.03851396165970433,0.019376217313702326
2023-06-08,121.06648254394533,122.14690621299393,120.17439134067996,121.15569544544086,29389200,121.22606391906739,111.32485733032226,119.90424444258127,57.30747760395019,3.666321742542152,4.2303969577181535,126.91655908735386,115.53556875078091,3.1327071229466603,-0.0029387634975550636,-0.002943090141737505,0.017715493216186325
2023-06-09,121.15568542480467,122.67223656375477,120.83849830791536,121.17550631108766,23778300,121.50657691955567,111.73799407958984,120.02342929803112,57.48980199061343,3.3310441181420885,4.050526389802941,126.5676089240308,116.44554491508055,3.0399236324389993,0.000736809057180432,0.0007365377466482524,0.015223979409951073
2023-06-12,122.55328369140624,122.9596836862708,120.5906908468354,121.71075615460212,28306400,121.81038208007813,112.18899475097656,120.26436781168589,60.347103183960726,3.141890922365036,3.86879929631536,126.32757235214012,117.29319180801613,2.992000004367313,0.011535556599768348,0.01146952935560281,0.015310491634389885
2023-06-13,122.74161529541016,124.05992726081116,122.09732686731414,123.8815090432205,22278300,122.17316474914551,112.58746124267579,120.50029614346916,60.73014634506608,2.9729125530885767,3.6896219476700036,125.64481332973602,118.701516168555,2.918471460733721,0.0015367324181876363,0.0015355528532209357,0.015087992202378699
2023-06-14,122.5830307006836,122.95969562270112,120.38254164252704,122.01804087999513,30592300,122.37933692932128,112.97026702880859,120.69865181558482,60.202780718714514,2.7939921245537676,3.5104959830467566,125.4055197096231,119.35315414901946,2.894091640693746,-0.001292019779476461,-0.0012928551566584946,0.014139001569218034
2023-06-15,123.99054718017578,124.35729787447552,121.32419544608322,122.05768927234496,35246300,122.58996887207032,113.37408615112305,121.01216565983158,63.25284107905105,2.734252452418403,3.3552472769210864,125.44409439429064,119.73584334984999,2.904020982672214,0.01148214782622703,0.011416728262031679,0.01415147411953709
2023-06-16,122.44425964355467,125.00158512889624,122.19645696231628,124.82316689591109,45535600,122.62466049194336,113.75193557739257,121.1485555630433,57.9943311251842,2.532937721158305,3.1907853657685306,125.45388276496068,119.79543821892604,2.896957210094196,-0.012471011474561311,-0.012549427168924788,0.014054676300638336
2023-06-20,122.01803588867188,123.47511683040602,121.06647452234982,121.84953188431368,26097500,122.64151115417481,114.04295501708984,121.23136321310317,56.59760016894872,2.312346361848114,3.0150975649844476,125.4520041883465,119.83101812000311,2.862077574234339,-0.003480961509535585,-0.0034870341525710027,0.014080068655482371
2023-06-21,119.49044036865234,121.58189533112782,119.04439106306556,121.32417845872234,30306300,122.41848831176758,114.3226742553711,121.06556103744117,49.0528318399856,1.911535296838892,2.7943851113553366,125.47509842577664,119.36187819775851,2.8700466636180515,-0.02071493367034427,-0.02093249770316695,0.014121116736056883
2023-06-22,122.0676040649414,122.15680940156189,117.78557397338956,118.94528872348243,26952200,122.4477294921875,114.67554550170898,121.16099370672691,55.55802705710909,1.7813113635944546,2.5917703618031607,125.4790591204862,119.41639986388881,2.9772744325147857,0.021567948769273926,0.02133865168224062,0.014355125544717861
2023-06-23,121.26471710205078,121.71076646804086,119.99596857737608,120.31315570854476,34913600,122.51909637451172,115.02643432617188,121.1708721253292,53.275757170847065,1.5949362580174267,2.392403541046014,125.36263371172689,119.67555903729655,2.9125859364469675,-0.0065773959359722856,-0.006599122325735677,0.01408244353599092
2023-06-26,117.29988098144533,120.92771609419344,117.23049652880282,119.69861683495304,33969900,122.26435508728028,115.2427165222168,120.80220630210216,43.723777685194534,1.1144567410866415,2.13681418105414,125.90730435969289,118.62140581486767,2.992702696218467,-0.03269571079994216,-0.033242159605123084,0.015061052482769281
2023-06-27,117.28996276855467,118.03337078609204,115.07955960231514,116.05094940599244,39535900,121.9531150817871,115.43025360107421,120.46770691795479,43.70266883500238,0.7245211169235404,1.85435556822802,126.13878228028545,117.76744788328875,2.9899247310440686,-8.455433038523363e-05,-8.455790530414508e-05,0.01484065413945159
2023-06-28,119.12369537353516,119.3318487010765,115.82296211751444,116.06085055437067,27091400,121.78014831542968,115.71195541381836,120.33970581848625,48.63965693822253,0.5570400110172784,1.5948924567858715,126.13007984675649,117.43021678410288,3.026993434795354,0.015634181831901017,0.015513227068048216,0.015321320762938715
2023-06-29,118.05319213867188,119.00475349739703,117.26022812090297,118.19196103083988,24090900,121.59330406188965,116.00138900756836,120.12194261088489,46.09813263519379,0.3340783165886023,1.3427296287464177,126.23660913252785,116.94999899125146,2.9438844217836997,-0.008986484439611364,-0.00902710644001505,0.01537611906189446
2023-06-30,118.64791870117188,120.01579431786011,118.63801203897673,119.1137889438215,29532200,121.39407005310059,116.30906082153321,119.98155938138841,47.73213455915492,0.20302864284433042,1.1147894315660003,126.18160986599864,116.60653024020255,2.8737928330268807,0.005037784677617285,0.0050251374984476346,0.015327983707190265
2023-07-03,118.84617614746094,119.1336281862522,117.77566667106696,118.19197339110744,14467900,121.15766716003418,116.59869293212891,119.87342764482388,48.2948379231974,0.11385608912651435,0.9146027630781032,125.9581589936722,116.35717532639616,2.7655191674667634,0.0016709728114860933,0.001669578289673628,0.015196173860451464
2023-07-05,120.67990112304688,121.5323429187182,118.1820535196328,118.1919601816183,27584800,120.9465389251709,116.92262069702149,119.95023464274988,53.30242438763679,0.18897410248121105,0.7694770309587248,125.43066314229672,116.46241470804507,2.807288469725237,0.01542939819376854,0.01531157543996494,0.015434406708859186
2023-07-06,119.0543212890625,119.24265374755836,117.35935184961298,118.74704838295892,24745200,120.58970336914062,117.20293502807617,119.86490956144631,48.79119610705874,0.11599781162949796,0.6387811870928795,124.43849521504725,116.74091152323399,2.8439499557044274,-0.013470178702971514,-0.013561724582520534,0.015383900557891792
2023-07-07,118.42986297607422,119.98606354107628,118.35056430162292,119.04440879722722,21709500,120.44003067016601,117.51278762817383,119.72823845807754,47.140666233330066,0.007686404238029354,0.5125622305219094,124.37926800602852,116.5007933343035,2.7576320474007794,-0.005245154533047969,-0.0052589586470509425,0.01302932150651758
2023-07-10,115.4264907836914,117.27014341516232,115.11921786589224,117.2602367523764,35315200,120.15803108215331,117.7653483581543,119.31854820337409,40.11236206633673,-0.31684580099366144,0.34668062421879525,124.64669722771565,115.66936493659098,2.797132980456579,-0.02535992288524025,-0.025687027814712847,0.014109638953507803
2023-07-11,116.11042022705078,116.67541002080333,114.33615217521869,115.26789264862504,23078800,119.90576782226563,117.9546694946289,119.01301220562901,42.224796062221735,-0.5129396722776391,0.17475656491950836,124.69859002286381,115.11294562166745,2.764427613680012,0.005925238120953136,0.005907752932829992,0.014215468384630022
2023-07-12,117.88469696044922,119.27239354834892,117.36927068843174,117.75584228302937,30404400,119.67233848571777,118.18443252563476,118.90555361084998,47.407588202568476,-0.5191912602515032,0.03596699988530605,124.38065719372047,114.96401977771508,2.792823735652735,0.015280943173996642,0.015165365498534917,0.014426654287952428
2023-07-13,123.44538879394533,123.73284082144414,119.39133285851337,119.86711735011022,44297900,119.70752716064453,118.52818481445313,119.33791886638286,59.63035202804694,-0.07458456598915575,0.01385668671041369,124.51651892436547,114.89853539692359,3.0110608874628917,0.047170599550862224,0.046091859924230504,0.018123860419810622
2023-07-14,124.31764221191406,125.6656893475704,122.40460528869126,123.70309642753423,33283100,119.79425773620605,118.92665145874024,119.81217823262392,61.15537302693123,0.34418544794024797,0.07992243895638056,124.86310780777258,114.72540766463952,3.028919685421196,0.007065905227328528,0.007041058692502399,0.018178073169202412
2023-07-17,123.55441284179688,125.9828759841853,123.1083634981514,124.83307552717416,25716200,119.7724510192871,119.30806945800781,120.16858152873563,59.05323311003491,0.60747487721531,0.18543292660816646,124.77218333017282,114.77271870840138,3.0178905997506744,-0.006139348820790591,-0.006158272113647942,0.018062759310717557
2023-07-18,122.67223358154295,123.58414557513862,121.87926202742848,123.50484690725972,26193600,119.78384971618652,119.68611709594727,120.40702458138395,56.630188236262576,0.7364597041516987,0.29563828211687293,124.80887100729377,114.75882842507927,2.924104381747779,-0.007140006090947892,-0.007165617919661405,0.017908055786150203
2023-07-19,120.95742797851562,124.0797428724772,120.72945377604525,123.50483891108252,37224000,119.7308193206787,120.01242324829101,120.45944395253936,52.15077358538051,0.6923298799526663,0.3749766016840316,124.6822564556515,114.77938218570591,2.9545461470823624,-0.013978759112488692,-0.014077382129274583,0.018174853745004823
2023-07-20,118.1522979736328,122.99931709920791,117.1809158412712,120.3527866686471,37906800,119.66391220092774,120.23901397705077,120.23971576407206,45.772531790865685,0.4260943776413484,0.38520015687549497,124.662473291021,114.66535111083448,3.1591072264291014,-0.023191052023535663,-0.023464195727533388,0.01832915674172861
2023-07-21,118.96511840820312,119.92659410645892,117.68646311472756,119.5598509456707,72937900,119.50878791809082,120.49018676757812,120.11832553970359,47.76604641521438,0.2774899090424725,0.36365810730889053,124.39053703458752,114.62703880159411,3.093466066807834,0.006879429757275846,0.006855874450064149,0.01768539051913579
2023-07-24,120.46183776855467,121.9189187390688,119.91667640915657,120.59070000224004,29686100,119.46864395141601,120.68406753540039,120.15104099007036,51.315193456368014,0.27729604462361124,0.3463856947718347,124.30496813697803,114.63231976585399,3.0834899428119655,0.01258116143940513,0.01250267623228647,0.01789294275157101
2023-07-25,121.13585662841795,122.067597090128,119.95631349602652,120.29332906056864,52509600,119.66044273376465,120.79587615966797,120.24483295562727,52.868297592797454,0.3277519739184527,0.34265895060115825,124.44145701886137,114.87942844866794,3.014046632189788,0.005595289531928671,0.005579694046581764,0.01619912710460984
2023-07-26,128.13380432128906,129.8287660545172,127.19215723342076,128.92677586226864,61682100,120.20263481140137,121.02900863647461,120.99616356188078,65.25977482769028,0.9217887490204504,0.4584849102850167,126.11177560034746,114.29349402245528,3.4196796888976055,0.05776941598999197,0.056162366384331294,0.020461974531943768
2023-07-27,128.2626495361328,132.0689098519843,127.65801044654415,130.51270190226427,44952100,120.65958251953126,121.28454238891601,121.68820984514286,65.43993830314211,1.3869757124751203,0.6441830707230374,127.50375415985323,113.81541087920928,3.490481097222073,0.0010055520908494042,0.0010050468620066122,0.020308666985118122
2023-07-28,131.4147186279297,132.56452668916148,129.4223905323537,129.63053631303129,36591200,121.32765884399414,121.54364501953125,122.61454401493208,69.59427425213593,1.9870795491430613,0.9127623664070422,129.5028235468919,113.15249414109637,3.5484379583511156,0.02457511288903258,0.024278002640843895,0.02057311722590333
2023-07-31,131.55349731445312,132.35637563474472,130.62175675151056,131.56340397747385,28055500,121.9729377746582,121.77915679931641,123.46587290060074,69.76659039322935,2.4456722560084927,1.2193443443273324,131.17321664892307,112.77265890039334,3.418879452985619,0.0010560360968117077,0.0010554788829502872,0.02059782133978176
2023-08-01,130.3937530517578,131.46426227856932,129.53138957410042,129.63051668062243,23166800,122.55031661987304,121.95202331542968,124.12567101023475,66.38096954017345,2.6845824155768554,1.5123919585772372,132.32468945766593,112.77594378208016,3.319110044940411,-0.008815761544698208,-0.008854850271336184,0.020829222439096736
2023-08-02,127.25162506103516,128.94658676241383,126.43882508751874,128.3122125664853,26273300,122.87890281677247,122.06343536376953,124.4233809198348,58.14774397538109,2.590515123493546,1.728016591560499,132.82009279597756,112.93771283756737,3.3645256106046015,-0.024097227951368483,-0.024392316333958688,0.021632273835230444
2023-08-03,127.32100677490234,128.25274721907638,126.30006100088384,126.84522989105744,20089500,123.29223709106445,122.13083755493165,124.69934528698408,58.27081961818408,2.4928288618735763,1.8809790456231146,133.25039204346288,113.33408213866603,3.2636799397180254,0.0005452324387520413,0.0005450838535524348,0.02129941608577185
2023-08-04,126.9840087890625,130.35411926269438,126.78576966555632,128.14372354248303,26147200,123.71994438171387,122.24086212158203,124.91693228718204,57.388061421615205,2.3610027051884117,1.976983777536174,133.53984332199232,113.90004544143541,3.285442058105171,-0.002646837268854174,-0.0026503463359387864,0.02125065999730637
2023-08-07,130.37393188476562,130.4532305494762,127.88599866875109,128.0247675508261,22746300,124.46731643676758,122.45159317016602,125.43664653457095,63.39529795040691,2.501235305674186,2.0818340831637765,133.9169191090616,115.01771376447356,3.2985691796986365,0.02669566922662092,0.026345557165079643,0.02068387530396792
2023-08-08,130.2450714111328,130.35410518598815,128.4014190247344,129.47192832567612,23535200,125.17404899597167,122.60860046386719,125.89459176091019,63.031537148140806,2.572320578178946,2.1799313821668105,134.11865936647055,116.22943862547281,3.203850871150965,-0.000988391404400657,-0.00098888018528256,0.020748260521250325
2023-08-09,128.5203857421875,130.87945697389134,127.86618303626592,130.50280718461022,24912900,125.7058334350586,122.70871292114258,126.14466737817469,58.21670258262867,2.461118210360226,2.2361687478054937,134.10151918582827,117.31014768428892,3.1902382330419967,-0.013241849770277758,-0.01333030480293701,0.021051984583311853
2023-08-10,128.5501251220703,130.889383106786,128.31222909619763,130.16580349118593,20857800,125.96107025146485,122.82805480957032,126.37375859187904,58.27588833972769,2.3483192891212923,2.2585988560686534,134.37671241002494,117.54542809290476,3.1464465028667377,0.00023139815299400013,0.00023137138457075845,0.018511871085409404
2023-08-11,128.4212646484375,128.78800779260496,127.04348228626604,127.52918100734196,19591100,126.16625137329102,122.96067855834961,126.56875916869413,57.89322685494459,2.22290312456596,2.2514597097681146,134.61166290381232,117.72083984276973,3.046309288829036,-0.001002414221771053,-0.0010029169749130712,0.01848787472747678
2023-08-14,130.17568969726562,130.21533146634363,127.8265254190536,128.25273871650413,24695600,126.49731521606445,123.11154037475586,126.91227636189141,61.59114264107973,2.239264502389915,2.2490206682924745,135.02593420624842,117.96869622588048,2.9993447715762502,0.01366148397332001,0.013569007195882336,0.018571193312561077
2023-08-15,128.63931274414062,130.26489755204278,128.14370743533297,129.94771801923622,19770700,126.79566917419433,123.21284194946288,127.07675601734371,56.880139871486236,2.104004577046709,2.2200174500433216,135.18451071056313,118.40682763782553,2.9366194390857907,-0.011802333881986482,-0.011872534323920433,0.018730774864527844
2023-08-16,127.56881713867188,129.1349318973664,126.74611798522648,127.56881713867188,25216100,127.12623863220215,123.26616897583008,127.12361898127973,53.79275565702657,1.8886587800931807,2.153745716053294,135.07847713209938,119.1740001323049,2.8974904728753725,-0.008321683182480388,-0.008356501688244143,0.01850957877586381
2023-08-17,128.77809143066406,130.82990482519432,128.15362385412445,128.6591509873898,33446300,127.65752830505372,123.31791015625,127.28118778598301,56.6549192606023,1.7948837114128082,2.0819733151251967,134.480168823078,120.83488778702943,2.9234617024215916,0.009479387824672392,0.009434740359896039,0.017507294881336018
2023-08-18,126.33970642089844,128.11397436209768,125.2691971219061,127.38047304852682,30504800,128.02625770568847,123.41623794555665,127.19152289407019,49.93789713629861,1.5064436572641,1.9668673835529775,133.61556098027611,122.43695443110082,2.9652783171599038,-0.018934781395471223,-0.019116339868658662,0.018254976104358903
2023-08-21,127.24170684814452,127.59854328866702,125.44761798387218,126.06217131195804,25248700,128.36525115966793,123.53974243164062,127.19630231826774,52.19574589193492,1.3352448608052327,1.8405428790034286,132.7765615160707,123.95394080326517,2.907110244848113,0.007139484907785709,0.007114119444747705,0.01814751677063168
2023-08-22,127.94550323486328,129.13495327549853,127.19218840488578,127.38050576887176,22054900,128.70573348999022,123.6755387878418,127.26765478651494,53.9412577592098,1.2420415854739417,1.7208426202975313,131.63461634832413,125.7768506316563,2.83822843240273,0.005531176877080934,0.005515936092081834,0.01814702036025625
2023-08-23,131.20657348632812,132.23744122531156,128.72854639699096,129.03581933612045,27819700,128.8593719482422,123.84860458374024,127.64278990078286,61.03988394292791,1.4150071124910824,1.6596755187362415,131.96893063671888,125.74981325976552,2.9420648294059832,0.02548796299217071,0.025168560764844115,0.013962186649453746
2023-08-24,128.63931274414062,133.07002541485494,128.4311669842587,132.7726592046356,28500700,128.8782051086426,123.96655853271484,127.7376968382455,53.98586236157951,1.3296002483842528,1.5936604646658439,131.9776254042136,125.7787848130716,3.0632643723481436,-0.019566555805643482,-0.019760515104666847,0.01472049312107896
2023-08-25,128.73843383789062,129.61068885584038,126.13154519552585,128.40141074890354,26762900,128.74439086914063,124.08966659545898,127.83300512392599,54.205908283199626,1.2554409948289305,1.5260165706984612,131.6170043483166,125.87177738996466,3.0929700357743144,0.0007705350070328354,0.0007702382973413238,0.013567292194909103
2023-08-28,129.85848999023438,131.37504093670455,128.99614164313212,130.15585618309913,20543300,128.65964050292968,124.20702545166016,128.02590844452678,56.72430684630627,1.2723812043975613,1.4752894974382813,131.28513193665344,126.03414906920591,3.0603726831342866,0.008700246841235826,0.008662617790862059,0.013733172125922115
2023-08-29,133.38723754882812,135.36965904379704,131.07771469222826,131.07771469222826,43075600,128.8093147277832,124.42588500976562,128.536511216365,63.529259035346946,1.5526489093958844,1.4907613798298018,132.07614825177737,125.54248120378905,3.2354295667363138,0.027173791708644757,0.026811139325732508,0.014902409692403988
2023-08-30,134.68572998046875,135.08220825541576,132.89164083061692,133.5953920373494,28315800,129.18101997375487,124.67923889160156,129.1221510986606,65.66858176466718,1.858121306327206,1.5642333651292828,133.2480476278017,125.11399231970805,3.160796556597923,0.009734757653746984,0.009687680179090503,0.013750524851127927
2023-08-31,134.97317504882812,136.78709265772878,134.59651009871462,134.81457768828804,30053800,129.56362838745116,124.98889358520508,129.67939147486703,66.1420517769431,2.0992064511843864,1.6712279823403036,134.25116925752533,124.87608751737697,3.091495556770511,0.002134190967380656,0.002131916816910822,0.01374059361005336
2023-09-01,134.46766662597656,136.25184916877205,133.66478826288787,136.25184916877205,21543700,129.93781127929688,125.23689483642578,130.13541767973462,64.45845214043891,2.2238427850622884,1.7817509428847007,134.92700147580393,124.94862108278983,3.055464510278631,-0.003745251029833807,-0.003752282043235545,0.013766571824243073
2023-09-05,134.57669067382812,135.22097162539615,133.39714743586188,134.24958930429057,19403100,130.14794921875,125.50313430786133,130.55839606012447,64.66734137924446,2.3048464717176103,1.8863700486512829,135.53136701541325,124.76453142208675,2.9674902016540337,0.0008107826259440287,0.0008104541192637762,0.012583246471290542
2023-09-06,133.27818298339844,135.3299810459823,132.495118145148,134.82446908845833,18684500,130.2996047973633,125.8227003479004,130.81742338615055,60.13411351430478,2.2384601828609334,1.956788075493213,135.85361016786405,124.74559942686254,2.958016823024051,-0.009648830595610836,-0.009695682180460614,0.01282594869121606
2023-09-07,134.07115173339844,134.38834641226532,131.78145747227418,132.41583170533318,18844300,130.57714309692383,126.15832412719726,131.12730227636465,61.8910101460208,2.2241953818152638,2.0102695367576233,136.29996187734517,124.85432431650251,2.9329362599502713,0.00594972659627846,0.005932096866479939,0.012397020235092482
2023-09-08,135.18130493164062,135.4588426865127,133.66475394084918,133.7242241562256,23558300,130.90870208740233,126.47947631835937,131.51339776734332,64.2653651748347,2.2762315292111737,2.0634619352483337,136.8860618894263,124.93134228537838,2.8515900089297888,0.008280328645566826,0.008246234800525538,0.012460604114750612
2023-09-11,135.71656799316406,136.27164356834132,134.59649505596173,135.33990308514734,20763400,131.27346725463866,126.83274383544922,131.91369969361196,65.38518781348364,2.333759677757257,2.1175214837501186,137.48492936954696,125.06200513973035,2.767558473461918,0.003959593834325759,0.003951775274743765,0.012434649874790612
2023-09-12,134.15048217773438,135.66703367417148,134.00180658972224,135.06239440845826,18405500,131.47220687866212,127.14279510498046,132.12672659686172,59.50924819883942,2.227306114529682,2.1394784099060313,137.78399677636645,125.16041698095779,2.692358682746197,-0.01153938563719481,-0.011606481006622956,0.012556572557214367
2023-09-13,135.50843811035156,135.69675546177504,132.9709257016799,133.9026662941698,20749500,131.81566314697267,127.47604034423829,132.44879436005124,62.64406631799289,2.2268468887963024,2.156952105684086,138.2203503021308,125.41097599181451,2.694749473985407,0.01012263176824102,0.010071741074966663,0.012280820078980221
2023-09-14,136.88619995117188,137.48091727999335,135.04254749494362,136.3905946148167,24751000,132.28153228759766,127.80016632080078,132.87140441634844,65.55761873935609,2.311016851505997,2.187765054848468,138.7380646249755,125.82499995021982,2.6764366390614307,0.01016735090473353,0.010116011092521913,0.012104011670051387
2023-09-15,136.19235229492188,137.30251863025583,135.28044021121335,136.76725635034862,38919600,132.65224533081056,128.14292694091796,133.18768516668877,62.89708708603983,2.2952759340249145,2.2092672306837575,139.1129867929266,126.19150386869454,2.6296967662029345,-0.005068791861396527,-0.005081681762797036,0.012169079756812123
2023-09-18,136.9952392578125,137.9368864099472,135.40929606761446,135.40929606761446,21861300,133.18502197265624,128.51423446655272,133.55030936584342,64.68317126315264,2.320834278519328,2.231580640250872,139.21896481229973,127.15107913301274,2.622403450212205,0.005895242642934839,0.005877933693680851,0.011041486901283743
2023-09-19,136.82672119140625,137.1934794427395,135.41920378337616,136.21217538464424,20353700,133.66427268981934,128.94223907470703,133.86234858732558,63.9869265487113,2.300967331973766,2.245457978595451,139.23899572317262,128.08954965646606,2.5618228937229994,-0.0012301016248390528,-0.0012308588208584993,0.011079343308023555
2023-09-20,132.56451416015625,136.8663646339005,132.44555860062232,136.8663646339005,29927500,133.89522323608398,129.27132095336913,133.73874530854755,49.48006087982683,1.9191750912247016,2.180201401121301,138.85155385744554,128.93889261472242,2.6946074036912266,-0.031150399528229733,-0.0316458902093002,0.013525628123270685
2023-09-21,129.29351806640625,131.06777845392287,128.92677497016894,130.28472870460357,31503900,133.7995704650879,129.4994973754883,133.3153903331055,41.67179315753805,1.3372450137435408,2.011610123645749,139.02623154231534,128.57290938786045,2.761973959855233,-0.024674748853212636,-0.024984272693587616,0.013564847819608714
2023-09-22,129.10519409179688,130.86954793351885,128.4609131845869,129.61070610554586,26397300,133.8228645324707,129.61269348144532,132.9144192625047,41.26800993842905,0.8510546358194517,1.7794990260804895,138.96072376754194,128.68500529739947,2.7367354447892835,-0.001456561608236595,-0.001457623425289107,0.012819345296363638
2023-09-25,129.95765686035156,130.01712709218657,127.82655955465064,128.6889081656132,20094600,133.88382568359376,129.72549377441408,132.63282284325203,43.917066850116626,0.5284403482044411,1.52928729050528,138.80321705283305,128.96443431435446,2.6977234514140433,0.0066028541651745876,0.006581150807299372,0.01289768584622963
2023-09-26,127.43997192382812,129.21423249109523,126.10183137682498,128.62942178523338,25718700,133.76289978027344,129.80320495605469,132.1382656128307,38.407213761171995,0.06881679062720991,1.237193190529666,139.16714847125473,128.35865108929215,2.7804450251363675,-0.01937311734720537,-0.01956323564679675,0.013478643968119824
2023-09-27,129.39263916015625,129.7494756200031,127.4399679802076,127.4399679802076,22746500,133.56316986083985,129.93761306762696,131.87677737924267,44.249307244809664,-0.13630304663507786,0.9624939430967173,139.29361023713093,127.83272948454876,2.7468066404691625,0.015322250992767295,0.015206050767715043,0.012398901855633249
2023-09-28,131.14707946777344,132.12838346203904,128.64922437989011,128.6987879376221,22513100,133.38623733520507,130.1414060974121,131.8072823400551,48.93582248283245,-0.15550080859321724,0.7388949927587304,139.18521972393276,127.58725494647736,2.7991175291605743,0.013559042608641825,0.013467941363702642,0.012608118713644614
2023-09-29,129.70982360839844,132.87178793711044,129.21421829354512,132.10855151732764,30859800,133.1230697631836,130.3725566101074,131.60752436561162,45.557219582750264,-0.2834225902644505,0.5344314761540943,139.08551031866634,127.16062920770085,2.8604355373323425,-0.010959114493496402,-0.011019607964664196,0.012761912885687133
2023-10-02,132.99072265625,133.238525303025,130.01709089494992,130.05674778825096,22288000,133.04922256469726,130.65306869506836,131.7392575361486,53.45689230782366,-0.11869218074505739,0.4038067447742639,138.97971990888553,127.11872522050898,2.9081688342819296,0.025294144703772004,0.02497954186493424,0.014121515421221071
2023-10-03,131.26602172851562,133.0799390690274,130.68121106331455,132.76275951955418,22989400,132.88368911743163,130.86915237426757,131.6941874592312,49.39906859293718,-0.12586025663040346,0.29787334449333047,138.81921965313933,126.94815858172392,2.8717802036698528,-0.012968580764782578,-0.013053406990253489,0.01438999943106259
2023-10-04,134.0513458251953,134.37844718411898,131.36515806688757,131.6228674142173,26752300,132.92234725952147,131.12746215820312,131.91867873218015,55.30027664570767,0.09214913044959872,0.2567285016845841,138.87768975915148,126.96700475989147,2.8889691502365316,0.021218926726066956,0.02099694002275238,0.015069330260948342
2023-10-05,133.88282775878906,134.2991344106199,132.27705624495698,133.88282775878906,19832600,132.912931060791,131.24244262695314,132.10574054423813,54.88323680478344,0.24846103662005703,0.2550750086716787,138.86156988347642,126.96429223810561,2.8270483656241305,-0.001257115811623355,-0.001257906644553805,0.015015648173296897
2023-10-06,136.37078857421875,136.94569267381706,132.832158631349,132.832158631349,27597600,132.97240524291993,131.40460540771485,132.51193559471247,59.71370595390894,0.5665659736070268,0.3173732016587483,139.03329683099867,126.9115136548412,2.9189401996844127,0.01858312120440231,0.018412564748315183,0.015482788907748476
2023-10-09,137.20335388183594,137.71878757030805,134.41805483156236,135.73636659506175,19278100,133.0467445373535,131.52037811279297,132.9587373363433,61.21037712359192,0.8757523621832775,0.42904903376365416,139.27461744523464,126.81887162947237,2.9462110953316474,0.006105158709734049,0.006086597735119153,0.015515039298994553
2023-10-10,136.84657287597656,138.49198658116535,136.12299316212477,137.28270808695942,27786600,133.18154907226562,131.62623962402344,133.32900738773694,60.17861551153322,1.0795511634530044,0.5591494597015243,139.61255238675943,126.7505457577718,2.9049812613108563,-0.0026003810822776696,-0.002603767945862295,0.015271970643204874
2023-10-11,139.31468200683594,139.86975763903897,137.36199550625815,137.36199550625815,25884300,133.37186126708986,131.804658203125,133.89907163717493,64.62128205738895,1.4238062100610591,0.7320808097734313,140.27498448086382,126.46873805331589,2.913424368578824,0.01803559328516191,0.01787488145145062,0.015616455634689014
2023-10-12,137.74856567382812,139.97878996715525,137.04479935307614,139.8102859466206,24765500,133.41497955322265,132.01459701538087,134.26569011685618,60.043670482126565,1.5523636335731794,0.8961373745333809,140.41545570657496,126.41450339987034,2.9148933861145587,-0.01124157418620797,-0.011305238253860095,0.015724609503452603
2023-10-13,136.15267944335938,138.76947464598243,135.41917820391996,138.15492895530255,23420500,133.41299591064453,132.19123046875,134.44540338604696,55.7127467913358,1.5080873443378948,1.0185273684942837,140.41034475879601,126.41564706249304,2.9459936043965524,-0.011585501617836225,-0.011653136438068744,0.01591100097681049
2023-10-16,137.8773956298828,138.40273601931523,136.77715129783755,136.95556193967968,28501900,133.45710372924805,132.4090982055664,134.77225979022182,59.14266474903105,1.5937959605931553,1.1335810869140581,140.55462360558798,126.35958385290812,2.896283816650788,0.01266751556836554,0.012587953788562005,0.01611149121173765
2023-10-17,138.49195861816406,138.6703692822643,135.97427499935674,137.41154259753543,23515800,133.54036560058594,132.57145874023436,135.1265168214544,60.32187059073523,1.69180863666071,1.2452265968633887,140.8305059710039,126.25022523016798,2.8819845642405566,0.004457315033212339,0.004447410625031844,0.016130557937634214
2023-10-18,136.7474365234375,139.48317264449588,136.17253249534386,138.22433080496884,23375000,133.74951171875,132.70150604248047,135.28089012640518,55.43119784447892,1.6101551686253117,1.3182123112157733,141.15476538081373,126.34425805668629,2.9126028203056613,-0.012596558761482912,-0.012676568012022622,0.014667844198023668
2023-10-19,136.53927612304688,138.4324922204464,136.17253299803895,137.28268416001447,26066000,134.11179962158204,132.86188385009766,135.40073641179964,54.859649260361145,1.5112269190664165,1.356815232785902,141.31583688562407,126.90776235754002,2.865985420455789,-0.0015222252473811038,-0.00152338500932835,0.013333236858379605
2023-10-20,134.4081573486328,136.6581944194008,133.8927236249681,136.1229473743945,26335700,134.37694778442383,132.9790444946289,135.3062050724504,49.25969092186125,1.2464932951673973,1.3347508452622012,141.2049258528548,127.54896971599284,2.858805804311281,-0.015608100723293217,-0.015731189596305147,0.013933788997182943
2023-10-23,135.3002471923828,136.45005512078916,132.77265713198602,133.85307305839916,26317900,134.6440773010254,133.1166241455078,135.30563765530113,51.49188421169104,1.0960397221534492,1.2870086206404507,141.17096949359652,128.11718510845427,2.9172766746321277,0.006637170402061798,0.006615241364283914,0.013934373897969672
2023-10-24,137.5899658203125,138.13513477372655,136.21218344241674,136.6185834917505,44814300,135.1515769958496,133.26490966796874,135.52319271863553,56.751002517171045,1.1483281270382975,1.25927252192002,140.88968843681357,129.41346555488565,2.9113917393972426,0.01692324053683314,0.016781637852976237,0.013340325663287978
2023-10-25,124.50597381591795,127.18223962045136,123.97071914254384,127.03356406868409,84366200,134.9072437286377,133.1822428894043,134.47393377551955,34.040168845489774,0.13247121168825515,1.0339122598736672,141.88720277872483,127.92728467855056,3.6762385207094863,-0.09509408572338596,-0.09992430281193561,0.025594223481271255
2023-10-26,121.20523834228516,123.23722322101568,120.20411345783874,122.18653477861498,57061100,134.41015167236327,133.05497131347656,133.2102484961639,30.702186895953503,-0.9282442579121266,0.6414809563165085,143.4904958045555,125.32980754017102,3.7209257948073238,-0.026510659468540365,-0.0268684038636674,0.025911670672400536
2023-10-27,121.0962142944336,122.22619393308013,119.15344215145646,121.79997301237394,44566500,133.97947120666504,132.90133377075196,132.05653095314196,30.595466942000513,-1.7574079344030054,0.16170317817260565,144.5975819531118,123.36136046021825,3.674627651008491,-0.0008994994716621241,-0.00089990426407046,0.025858905672560033
2023-10-30,123.36609649658205,124.29783707786582,121.67112691907994,122.1270829841678,28940100,133.49823989868165,132.84186157226563,131.2288705287077,35.61353556987166,-2.205936930520437,-0.31182484356600293,145.08060413681585,121.91587566054743,3.640841589038758,0.018744452214083607,0.018570939878680512,0.025519661759490452
2023-10-31,122.98943328857422,124.26809608033074,121.61165093298484,123.96081560140948,26292300,133.08441047668458,132.7568161010742,130.44416222012356,35.15925621167703,-2.562256862242492,-0.7619112473013008,145.51648938025704,120.65233157311212,3.570527557489268,-0.0030532149326639724,-0.003057885502635295,0.02542063381316977
2023-11-01,125.33858489990234,125.37823423377264,122.63258403370556,122.9795062521491,30082400,132.6487724304199,132.704677734375,129.95791676105486,40.27606139488708,-2.624828681779263,-1.1344947341968932,145.51772863575312,119.77981622508669,3.5116077462448265,0.01910043447241705,0.01892031118194315,0.025318923216548918
2023-11-02,126.36945343017578,127.8463552955118,125.814377843169,127.29127970850502,27124600,132.27310371398926,132.60793533325196,129.61615834859018,42.423272716200614,-2.5617050829126953,-1.4199368039400535,145.4118600016839,119.13434742629462,3.4399050783422997,0.008224670248963672,0.008191031965275637,0.02544245086599267
2023-11-03,127.9653091430664,128.39152248996186,126.73620241363211,126.8947997576898,26393100,131.85282974243165,132.59445526123048,129.45893461473077,45.67914930298926,-2.355751322283382,-1.6070997076087195,144.9781339489277,118.72752553593561,3.3386310770168555,0.012628492642586364,0.012549418260297693,0.02521581995318222
2023-11-06,129.10519409179688,129.19439942516289,127.53907936577993,127.91574427289191,19052700,131.4479217529297,132.6017904663086,129.42524504111802,47.94352155521997,-2.0766143763384974,-1.701002641354675,144.38631760456718,118.50952590129219,3.218394575757291,0.008907765365190334,0.008868325265684526,0.025275975708366018
2023-11-07,129.81887817382812,130.75061873492334,128.7384620443353,129.5611688137135,29757300,131.09653701782227,132.60099822998046,129.46273391089994,49.36666115302262,-1.777320154295552,-1.7162661439428506,143.8091241696278,118.38394986601675,3.1322347268166295,0.005527926951752304,0.005512704038560935,0.025343246233689828
2023-11-08,130.6812286376953,131.04798691958564,129.63054760646278,129.81888007898115,26425800,130.66486434936525,132.5468780517578,129.5787810277376,51.10602538265195,-1.4537845284628759,-1.6637698208468557,142.80535123085025,118.52437746788024,3.009749340124217,0.0066427200419378885,0.006620754397918676,0.024987339799203114
2023-11-09,129.09527587890625,131.38496997848085,128.92677188940007,130.80015934584054,23747800,130.23219985961913,132.43506896972656,129.53273291832508,47.85042636558673,-1.3102496054664527,-1.593065777770775,141.9411530228716,118.52324669636667,2.970352822192543,-0.012136041077376203,-0.012210284113029523,0.02500388367475132
2023-11-10,131.42462158203125,131.63278248151076,128.27257885187583,128.95651664701234,26913300,129.99579696655275,132.36409790039062,129.71291279105898,52.624019479685835,-0.9970450985337322,-1.4738616419233665,141.40412712834058,118.58746680476493,2.9981993084384273,0.018043616912132077,0.017882762900197822,0.02533938588467231
2023-11-13,130.92901611328125,131.42462145714984,130.09640276550397,130.62174322003068,18324800,129.64837799072265,132.29332489013672,129.82873215508016,51.54295700638643,-0.7798300937598697,-1.3350553322906673,140.48431160986652,118.81244437157876,2.878914987587631,-0.0037710245065507575,-0.0037781527456176443,0.025123187353199104
2023-11-14,132.44557189941406,134.50729201715737,132.1482207824069,133.01056927107837,32395200,129.34605865478517,132.25070251464842,130.07795498787388,54.61538964583301,-0.4797816359263436,-1.1640005930178028,139.49371575210168,119.19840155746866,2.928869338751095,0.011583038131292911,0.011516468305852134,0.025273654219567537
2023-11-15,133.43679809570312,133.84319816897428,132.39603881613726,133.68460080506208,23861500,129.18052673339844,132.25387481689452,130.39784480766713,56.55435810209579,-0.16016116315134354,-0.9632327070445109,138.94044949234006,119.4206039744568,2.823032911185804,0.007484026699222879,0.007456160320187891,0.025225649067973362
2023-11-16,135.72647094726562,136.01393051384863,133.1394255960663,134.00177404646607,28013200,129.13988647460937,132.28698120117187,130.90533301143842,60.728133045552674,0.27473090097822706,-0.7156399854399633,138.78297334304787,119.49679960617087,2.826709483085556,0.017159231068481606,0.017013674199586167,0.02554553008639789
2023-11-17,134.1207275390625,134.86413562027792,132.4753140227168,134.80466539372887,37240600,129.12551498413086,132.26576965332032,131.21156106168831,56.62003906433631,0.4842339739184922,-0.47566519356827225,138.73796098578666,119.51306898247506,2.8570271574757906,-0.011830731300948694,-0.011901271314470007,0.02543758743687235
2023-11-20,135.05247497558594,135.45887504396703,132.44558566460094,132.5149776822315,27815500,129.113126373291,132.25248779296874,131.57736238682142,58.37944110129379,0.7171836530796156,-0.2370954242386947,138.69429600979007,119.53195673679195,2.868188744753669,0.006947080094328095,0.006923060314136106,0.025441799121031217
2023-11-21,135.76612854003906,135.97427431377318,134.76501119450535,135.09209741037324,22635300,129.02193450927734,132.28480072021483,131.97629249665167,59.726748048036924,0.9484506814604572,1.3796901135676443e-05,138.30884324917335,119.73502576938132,2.7496940572189663,0.0052842686857987875,0.005270355929001336,0.025171569937757113
2023-11-22,137.27276611328125,138.19458474282766,136.26172703194487,136.26172703194487,17813900,129.6602741241455,132.32008728027344,132.4807185553783,62.48757874991066,1.2390218556190575,0.24781540864472004,139.36353276865512,119.95701547963588,2.7267484961882253,0.011097300847006553,0.011036177590346221,0.011764141104017255
2023-11-24,135.4885711669922,136.91591676490268,134.79472681375032,136.81678966100844,12514300,130.37444076538085,132.29213470458984,132.76718070886534,57.463745656929,1.3102284851776176,0.4602980239512996,139.57277624664383,121.17610528411788,2.708983553569847,-0.01299744295104166,-0.013082648823583497,0.010137158413960406
2023-11-27,135.2110595703125,137.2033876965765,134.80465954030564,134.83439465228903,23436500,131.0801830291748,132.27250885009767,132.9999310766222,56.70017467279383,1.328948099083192,0.6340280389776781,139.45147719781139,122.70888886053822,2.686822453762777,-0.0020482288232093193,-0.0020503293125440584,0.010179293975728566
2023-11-28,135.9940948486328,136.0436584048626,134.22974114450358,134.88394378751974,18730000,131.71158294677736,132.25248596191406,133.2850895310994,58.38066307092085,1.3909341082588753,0.7854092528339176,139.54814994396892,123.87501594958579,2.6244720828053665,0.005791207322897396,0.005774502743860656,0.009698114578358272
2023-11-29,133.8035430908203,137.07452642949448,133.65485240517793,136.36086861217828,23967200,132.25228843688964,132.19202239990236,133.33446606059664,52.26911295412984,1.2489026748444303,0.8781079372360202,139.0274203994537,125.4771564743256,2.6812722214847367,-0.016107697619155315,-0.01623883671979519,0.01065568212424454
2023-11-30,131.36514282226562,134.3586031424181,130.12612954194947,133.86299783029165,38988300,132.55361633300782,132.16803497314453,133.14691146646987,46.441093973327845,0.9288757164174228,0.8882614930723007,138.56500263361107,126.54223003240456,2.7920723199835864,-0.018223734680176573,-0.018391832309366536,0.011178425661536148
2023-12-01,130.7010498046875,130.94885249162763,129.52150659490437,130.7010498046875,31442300,132.7701961517334,132.19618560791017,132.91397226058584,44.97043651199113,0.6145807850063534,0.8335253514591113,138.15413192124083,127.38626038222593,2.724326884796277,-0.005055321398893642,-0.005068142765120994,0.011209249205837312
2023-12-04,128.13380432128906,128.88711896664887,126.7758430151211,128.73844341976016,36669900,132.77862091064452,132.1767578125,132.458718171129,39.73230905233089,0.15654003625073187,0.6981282884174355,138.13290129850262,127.42434052278642,2.8101040208512864,-0.019642118309185608,-0.01983758858268769,0.011863859875690809
2023-12-05,129.83871459960938,130.97860102647664,127.12279142754068,127.8166359971415,27384800,132.81529693603517,132.17437896728515,132.20919402146046,44.36679778939376,-0.06810349155506401,0.5448819324229356,138.0776856382592,127.55290823381114,2.8847972764287633,0.013305702483049187,0.013217959091796806,0.01207396191833191
2023-12-06,128.87721252441406,130.68120803665548,128.73844363885704,130.28472982782802,23576200,132.76821365356446,132.20312377929687,131.8918624503132,42.387163298773466,-0.32003116758312444,0.37189931242172364,138.1524372928881,127.38399001424082,2.8175092136694544,-0.007405357317040173,-0.007432913100101915,0.012128416550778525
2023-12-07,135.72647094726562,137.34214919311776,133.51607536911783,133.85308336988615,56767100,133.02047576904297,132.32980041503907,132.25706325954678,57.0789666516152,0.03261626718173716,0.30404270337372635,138.4623941302906,127.57855740779536,3.220896889029043,0.05314561270134588,0.051781507258528654,0.01700528887287692
2023-12-08,133.8035430908203,135.20113873793494,132.85197412660608,133.0204781372603,32260100,133.25588912963866,132.3829296875,132.4043470530014,52.99314274424274,0.15513934271208996,0.2742620312413991,138.39728949332147,128.11448876595585,3.1961540270026503,-0.014167670042732006,-0.01426898959304822,0.017100174381855446
2023-12-11,132.11846923828125,132.16803279885028,130.20543982265264,131.21647898449544,31138000,133.29058151245118,132.43110260009766,132.3771205944566,49.63982709706217,0.11494338980295993,0.24239830295371126,138.3912893152609,128.18987370964146,3.224864687085866,-0.012593641495691199,-0.012673613534288012,0.016952306930164772
2023-12-12,131.35525512695312,131.83103206038206,130.10631988027265,130.65148882726206,29032800,133.31189346313477,132.3983932495117,132.279800073742,48.15356520758029,0.021257760952806848,0.19817019455353038,138.37638778235814,128.2473991439114,3.138242163580347,-0.005776740494560451,-0.005793490397642645,0.01698416894705058
2023-12-13,131.40481567382812,132.32663440647838,130.41360492921032,132.20769395702044,30104800,133.25985565185547,132.40116912841796,132.19646822613115,48.261895515343554,-0.048431366298217426,0.1488498823831808,138.37996868798805,128.1397426157229,3.0507269717008976,0.0003773015919850131,0.00037723043163806805,0.016775830216123867
2023-12-14,130.7803497314453,132.54470366937534,128.55012552763398,132.20769564183271,38722400,133.12703323364258,132.33574920654297,132.06159979806583,46.93128522460493,-0.15229413243940826,0.08862107941866301,138.35850707184895,127.89555939543621,3.1181449124180736,-0.004752230267822566,-0.004763558016376621,0.016701395000540787
2023-12-15,131.43453979492188,132.33653000234125,130.0270073455555,130.46314245666346,50847100,132.91243667602538,132.28678344726563,132.0018797977664,48.53217770546602,-0.1797464469172496,0.03494757415148048,138.05107495014957,127.77379840190117,3.060386179872908,0.005002204572934099,0.004989735113542677,0.016224935224513536
2023-12-18,134.60643005371094,135.94455556276986,131.26603936328306,131.46429362359686,32258000,132.9367218017578,132.25149627685548,132.24993220309446,55.535942865812935,0.05382200479883181,0.03872246028095075,138.10249121141553,127.77095239210009,3.175966895559615,0.024132851712633352,0.02384625620268799,0.016992435120373385
2023-12-19,135.44894409179688,136.26174417356714,134.883961824314,135.63727655584978,25476800,132.95654525756837,132.21640808105468,132.5546000020185,57.20190046296879,0.3034129713775826,0.09166056250027713,138.15756165674992,127.75552885838681,3.067348840152228,0.006259092063802374,0.006239585301171761,0.016978995027946656
2023-12-20,137.1240692138672,140.45453739695972,136.85645324467703,137.74853672465744,49107200,133.02444229125976,132.2219580078125,132.9897875460041,60.380383598911145,0.6291319666528636,0.19915484333079445,138.40282783869463,127.64605674382487,3.2057948733672723,0.012367206945039344,0.012291357762638108,0.017161724050965114
2023-12-21,139.18580627441406,139.4534374013907,137.9566995474428,138.26398757269197,27488300,133.1200942993164,132.21938049316407,133.57988456775743,63.93097382482887,1.041624369870533,0.3676487486387422,138.85361538478446,127.38657321384837,3.1431929672355743,0.015035559200998305,0.014923645575649907,0.01731003402420361
2023-12-22,140.24639892578125,140.74200424587772,139.4732558364047,139.53272605486842,26532200,133.35798568725585,132.26933715820311,134.21479069709304,65.63698386333414,1.4375374970604184,0.5816264983230774,139.81413018524967,126.90184118926203,3.029836181823295,0.007619977063438199,0.0075910916827058895,0.017055118085376193
2023-12-26,140.27613830566406,141.42593118854057,139.94903696948103,140.3455151877592,16780300,133.61123962402343,132.35180633544923,134.79206189790932,65.68599407356882,1.7337160230595714,0.8120444032703763,140.7042391390472,126.51824010899965,2.9189117559115987,0.0002120509340033383,0.00021202845438185946,0.017035312527665915
2023-12-27,139.13623046875,140.8312072908629,138.66045360407793,140.3455086401583,19628600,133.7683464050293,132.37698303222658,135.20579223798939,62.03386081970565,1.8550744593100887,1.0206504144783188,141.19676594892613,126.33992686113245,2.8654718938311246,-0.008126170642295483,-0.008159367933837872,0.01715510493530632
2023-12-28,138.99745178222656,139.89945701648085,138.52167495111323,139.54262061197767,16045700,134.0280418395996,132.3870928955078,135.56690267077389,61.58492324150029,1.917944741102076,1.2001092798030704,141.7985058471754,126.25757783202383,2.75920833465516,-0.0009974302599394802,-0.0009979280245190306,0.016675041452269185
2023-12-29,138.4622344970703,139.12634389616656,137.56022906895078,138.40276427098348,18733000,134.38289642333984,132.42138885498048,135.8426485589926,59.787864669921696,1.9026497682930028,1.340617377501057,142.28167040795515,126.48412243872455,2.673987369838062,-0.003850554656173122,-0.0038579871273122456,0.016054106716668376
2024-01-02,136.95558166503906,138.2243301608941,135.28043314911363,137.3322465738531,23711200,134.69562301635742,132.42971496582032,135.9486421881399,54.92876911280995,1.7487950791404785,1.4222529178289414,142.48099274027095,126.9102532924439,2.7102597968465347,-0.010881326865074703,-0.01094096149944658,0.01625487464205131
2024-01-03,137.69898986816406,138.4027561263541,135.87516579367383,136.04366979922918,24212100,135.17388229370118,132.49553161621094,136.1153419671898,56.794628784305495,1.6676275858470149,1.471327851432556,142.44640617227904,127.90135841512333,2.6972119779775157,0.005428097154471567,0.005413418130598711,0.015404915442169802
2024-01-04,135.1912078857422,137.93686537616287,135.15156611813595,137.20336411572862,27137700,135.4415069580078,132.49335083007813,136.02732919752813,49.36977628171753,1.3849795331207986,1.4540581877702046,142.2906214183681,128.59239249764752,2.703503926552474,-0.018212057944817728,-0.01837993890112949,0.015973945324453967
2024-01-05,134.53704833984375,135.9544877613099,133.9621442151988,135.54808767109367,22513900,135.7244987487793,132.43229248046876,135.88539768727247,47.6209090685643,1.0955647185414534,1.3823594939244543,141.8999054781173,129.5490920194413,2.652706756520947,-0.004838772847205464,-0.004850517610683997,0.01590337171551998
2024-01-08,137.61968994140625,137.78819394542484,135.06236452075504,135.09209963177744,21404000,135.81915969848632,132.69456680297853,136.05056837814234,55.60232493872357,1.1022388836703954,1.3263353718736426,142.0495814052863,129.58873799168634,2.6954523885966712,0.022912956985466693,0.022654397313755417,0.011692282939479454
2024-01-09,139.7111358642578,140.24639807653827,136.93574306358877,137.28267283542516,24759600,136.1145393371582,133.06468475341796,136.39919385301047,60.0501290534418,1.2617457945411275,1.3134174564071395,142.4931059280126,129.7359727463038,2.7393954331933017,0.015197286985183744,0.015082965020048945,0.01156243867741367
2024-01-10,141.0294647216797,141.74313767378752,139.67151083001588,139.7607161678604,21320200,136.56008911132812,133.4633497619629,136.84017203097898,62.59396391429604,1.4775025618320115,1.346234477492114,143.00443829561107,130.11573992704518,2.69169767680604,0.009436104353934605,0.009391862417840414,0.011117122124581652
2024-01-11,140.83120727539062,143.94360802981913,139.40386155685738,142.22881788517725,24008700,137.03388671875,133.81265197753908,137.22027062568486,61.95505242888218,1.613889719272379,1.399765525848167,143.2678365445884,130.79993689291163,2.823701162245734,-0.0014057874124412395,-0.001406776458600159,0.010970729582141153
2024-01-12,141.39617919921875,141.94134802777754,140.57348775073416,141.416007645168,18785500,137.53345489501953,134.18078689575196,137.61797620411667,63.11061043424306,1.7474228340478533,1.4692969874881043,143.47756861797112,131.58934117206795,2.719712527588423,0.004011695523729708,0.0040036701297068555,0.01094555509132079
2024-01-16,141.2376251220703,143.08127772087843,140.20675747291105,140.75192640999762,22670500,138.0563186645508,134.49876770019532,137.9627046724932,62.53654175427226,1.8194809567456218,1.5393337813396077,143.33478732596805,132.77785000313352,2.730770221901206,-0.0011213462630064175,-0.0011219754421229427,0.010826975070481607
2024-01-17,140.2265625,140.59330557611017,137.67914403979375,140.10762206983958,20968600,138.49591979980468,134.7759098815918,138.1783101798748,58.85978046333953,1.7745473570217882,1.586376496476044,142.88472776535832,134.10711183425104,2.7898924262137315,-0.0071585926285326895,-0.00718433829481283,0.011100376109146373
2024-01-18,142.21888732910156,142.94248192977855,140.74199327018036,140.80146348400635,25746400,138.8765426635742,135.0609814453125,138.56312705122974,63.42332760744647,1.8780521030693649,1.6447116177947083,143.16939854849016,134.58368677865826,2.784608640754076,0.014207898942838026,0.014107912696744884,0.010314064600359456
2024-01-19,145.09339904785156,145.16277591860452,143.11097803121055,143.46781441919282,34271900,139.35876541137696,135.38074554443358,139.18505771757467,68.80069253303404,2.1670490400374547,1.7491791022432577,144.1419265837985,134.57560423895544,2.7959857799504246,0.020211884460171747,0.02001033558623272,0.011008511625972123
2024-01-22,144.7068634033203,147.0857631627537,144.55817271543333,145.80710794511032,32200400,139.7379051208496,135.67850524902343,139.71094397335997,67.3664612182927,2.3379406738243915,1.8669314165594846,144.9364914797955,134.5393187619037,2.776814684762563,-0.002664047069458886,-0.0026676019578500032,0.010883845088396961
2024-01-23,145.74761962890625,145.88638852663772,144.22116175386006,144.60773333501743,21636100,140.0659957885742,135.97983306884765,140.28586546436438,69.22660273610812,2.5282102205836736,1.9991871773643224,145.87608161004445,134.25590996710397,2.6974155481922124,0.007192169058942266,0.007166428756439076,0.010554218971817837
2024-01-24,147.39305114746094,148.53295270577948,146.7983337091306,147.2344537807019,25233500,140.4233283996582,136.34578857421874,140.96274029132596,71.94896652480588,2.7797297846748563,2.1552956988264294,147.05484329907065,133.79181350024575,2.703695371669428,0.011289594456116658,0.011226342597977734,0.01068162649268894
2024-01-25,150.53514099121094,151.70477730195304,148.22561860084704,148.75097410565905,29149100,140.93627853393554,136.72799896240235,141.87439750083882,76.26667042951526,3.1957624815733823,2.36338905537582,148.89680215318901,132.97575491468206,2.818554713299619,0.021317761042930483,0.02109371607336875,0.011453949049681727
2024-01-26,150.85235595703125,151.19927062056652,149.68271948865382,149.77193994469403,26115500,141.5220848083496,137.12646575927735,142.72944116333335,76.65730859487505,3.510599976626821,2.5928312396260207,150.5229149929988,132.5212546237004,2.7255544574862682,0.0021072486047548633,0.002105031470569348,0.01112656123343848
2024-01-29,152.16075134277344,152.42838247060587,150.0990312415879,150.7234988316385,27784300,142.18024978637695,137.52076934814454,143.62766118042288,78.24765626712484,3.821634113475767,2.83859181439597,152.21238366718728,132.1481159055666,2.697254226881389,0.008673350690756587,0.00863595326971066,0.01110307143309746
2024-01-30,150.12876892089844,152.26977239045794,149.86113781545075,151.45698753735525,36331800,142.76357650756836,137.85460876464845,144.2468142985634,70.24354369315495,3.859674977769373,3.0428084470706507,153.21124101672768,132.31591199840904,2.676638537461804,-0.013354182362687927,-0.013444151328393137,0.011672214836002347
2024-01-31,138.86865234375,142.734368781717,138.64066294828885,142.3577038019794,71910000,142.8592300415039,137.91745239257813,143.734608398105,43.6173628360793,2.947251255859129,3.0236970088283464,153.12590532281772,132.5925547601901,3.306029068543789,-0.07500305676309982,-0.07796484608392865,0.021048926525505822
2024-02-01,139.91934204101562,141.8026368056884,139.55258370287535,140.87089608801784,40466500,142.9702476501465,138.03342468261718,143.37124969742982,45.68621199745105,2.2826181589209114,2.8754812388468594,153.0577792736904,132.8827160266026,3.279454453786261,0.0075660682200962,0.007537589085780876,0.02107848031542273
2024-02-02,141.12860107421875,141.3664819906908,135.3002766258251,138.0360130379911,62499600,143.26711730957032,138.15494720458983,143.15766411426688,48.04890709827013,1.8323465880832828,2.666854308694144,152.7529703744318,133.78126424470884,3.478508090291936,0.008642543736723907,0.008605410751188723,0.02063977736940269
2024-02-05,142.41712951660156,144.19140493261733,141.52504604044913,141.5647029336449,38505400,143.6611213684082,138.2879672241211,143.08713700972731,50.51890314733223,1.5614768674394952,2.445778820443214,152.27866896508687,135.04357377172954,3.4488149308709817,0.009130172286659244,0.009088744236229905,0.020619657322581388
2024-02-06,142.83348083496094,144.08240098500607,141.93147538647906,143.3786346695141,29128200,143.92181091308595,138.39918151855468,143.06297927879717,51.324216936204785,1.3646756032436826,2.229558177003308,152.09662035791666,135.74700146825523,3.3561085499892696,0.002923463769931134,0.002919198760103292,0.020084183747854104
2024-02-07,144.2608184814453,144.34011716332222,142.6649684297807,143.48767523899187,25208900,144.1492950439453,138.57462646484376,143.1770592028589,54.08319913917988,1.3087964124594578,2.045405824094538,152.09269114970755,136.20589893818305,3.236039991671572,0.00999301871060343,0.009943418661559565,0.01993820014465652
2024-02-08,144.6275634765625,145.0438701746272,143.82468519281807,144.54826480197747,22563800,144.32919998168944,138.76295654296874,143.31520246702115,54.7922397362357,1.2793573718548714,1.8921961336466049,152.14374785327627,136.51465211010262,3.0919789195385396,0.0025422356463640217,0.0025390096316927845,0.019858666997899548
2024-02-09,147.69041442871094,148.12654961609974,144.89519261390646,145.39079803145248,26829500,144.67216033935546,138.99688293457032,143.73188932051542,60.30513966229412,1.4860430157479243,1.810965510066869,152.44448516058563,136.8998355181253,3.1210508638241605,0.02117750502410143,0.020956378159906086,0.020324025920573592
2024-02-12,146.23330688476562,148.0273957523625,146.07470954986746,147.1154837637095,21564100,144.9140167236328,139.24547821044922,143.9701195647297,56.75902732927644,1.5148047501557187,1.751733358084639,152.56359712424245,137.26443632302318,3.0375962451577947,-0.009865958800248653,-0.009914949867333683,0.020508785962124295
2024-02-13,143.8643035888672,145.38085457275164,142.4270512666812,143.64623605036468,27837700,145.04535064697265,139.49546142578126,143.9600418527428,51.46076849977339,1.3310958204587564,1.6676058505594626,152.52627935931608,137.56442193462922,3.092500486081126,-0.01620016223639975,-0.016332819528819074,0.02089878442335894
2024-02-14,144.6572723388672,145.2321762817776,142.82352674295169,144.79604121304055,22704200,145.26688613891602,139.77458587646484,144.02644475618322,53.04089947574382,1.2352519060755753,1.5811350616626851,152.41908577371132,138.11468650412073,3.0436539898486115,0.005511921513665641,0.005496786464277944,0.020826014409358884
2024-02-15,141.51515197753906,142.25855998207064,139.22545774352974,141.88189508654546,37590700,145.2316993713379,140.04221282958986,143.78727401535997,46.57139698988161,0.8954300992469086,1.4439940691795299,152.4501513990318,138.013247343644,3.2142368902406706,-0.021721136521692053,-0.0219605131101128,0.021242113064067723
2024-02-16,139.28492736816406,141.9314580380152,138.90826247425002,141.7332189292563,31468900,144.9412757873535,140.23113708496095,143.3584790965794,42.59969241427309,0.4410739558355772,1.2434100465107394,152.61184684166435,137.27070473304266,3.2005910812067064,-0.015759617102548695,-0.015885120201758106,0.0209593123612109
2024-02-20,139.87965393066406,140.83122289008293,138.26399071915645,138.43249472896153,25144700,144.6999153137207,140.45118591308594,143.02716241411127,43.971891261572,0.12751301135850213,1.020230639480292,152.68224919029888,136.71758143714254,3.155351159043833,0.004269855854022175,0.004260765885565744,0.021002008430514
2024-02-21,141.29710388183594,141.4358727901422,139.44352938378043,140.2067659418033,23223300,144.47738952636718,140.56259857177736,142.86239493484698,47.21097061679307,-0.006534604435870506,0.8148775906970596,152.57775195497487,136.37702709775948,3.072279176709401,0.010133353288638292,0.010082355096631914,0.02107608283890466
2024-02-22,142.82354736328125,143.7255527379726,141.5448922041246,143.65616072853092,27191900,144.2489143371582,140.74299865722656,142.8586951661264,50.52788156256908,0.010284374352636405,0.653958947428175,152.26476676025072,136.23306191406567,3.0262912966684916,0.0108030769174281,0.010745140569045932,0.021061024590376252
2024-02-23,142.6947021484375,143.40835995334845,142.16934655124388,142.40724256933106,19493800,143.85689239501954,140.9545233154297,142.84307678348938,50.2409224713357,0.01306618533212145,0.5257803950089642,151.35482219281133,136.35896259722776,2.898628589913926,-0.0009021286561103903,-0.0009025358190604726,0.020376980488829185
2024-02-26,136.36087036132812,141.18806188186093,136.18244456120365,140.89069563143732,53641800,143.13231811523437,141.05463562011718,142.2257237909026,38.62733164131736,-0.4901661701124169,0.32259108198468806,150.58682593811162,135.67781029235712,3.156744946865349,-0.044387294634951724,-0.04540256792501408,0.02238131360175938
2024-02-27,137.6593475341797,138.02609065509074,135.8850719026194,136.8069057229925,33099200,142.4072479248047,141.1797262573242,141.79083081407185,41.60735417011136,-0.7752683701891954,0.10301919154991135,148.97648987837354,135.83800597123584,3.0841930758372063,0.009522359085937682,0.009477307199015947,0.022408984138394553
2024-02-28,135.18130493164062,136.7969679065016,134.21982945059332,136.6879341367538,37328600,141.6598747253418,141.26774536132814,141.16135215860223,37.83195829999324,-1.1874826847517568,-0.1550811837104223,147.93993413404914,135.37981531663448,3.109573433533575,-0.018001266509880764,-0.018165260353432355,0.02252668991660884
2024-02-29,137.24302673339844,137.63950492469195,135.2011201866837,136.07339035713764,42133000,141.5785934448242,141.38391510009765,140.78817830858281,42.5062818527727,-1.3324422155679372,-0.39055339008192524,148.04050062078474,135.11668626886367,3.0630467592134143,0.01525153054855033,0.015136395141420214,0.01579573776444093
2024-03-01,135.9346466064453,137.64943703156058,135.7165790235201,137.21330186571015,31151100,141.3793586730957,141.41047943115234,140.32593719409354,40.428828416235895,-1.535202174732774,-0.619483147012095,148.2654076500017,134.49330969618973,2.9823189912724906,-0.009533308599312118,-0.009579041474906052,0.015800728741829195
2024-03-04,132.1779327392578,134.46762668715786,130.7505871289636,134.46762668715786,55999400,140.93182525634765,141.34505920410157,139.54993676982346,35.121137585936026,-1.9762453894126963,-0.8908355954922152,148.90284764023443,132.96080287246087,3.1395861688588647,-0.027636176361011566,-0.028025240400684884,0.016655686198498887
2024-03-05,131.50392150878906,132.06891886657937,129.5215001124862,130.72087171210643,40194800,140.38616485595702,141.23265625,138.7836496021059,34.252281857501245,-2.353038030245898,-1.1832760824429518,149.31264595545784,131.4596837564562,3.1050752015669185,-0.005099271992688448,-0.005112317647909365,0.01640612327525614
2024-03-06,130.2450714111328,132.40591846062833,129.69991766152992,131.94995491359472,35318600,139.75674438476562,141.05384155273438,137.97045167915607,32.628713375992206,-2.7218517819339922,-1.4909912223411599,149.6293260356125,129.88416273391874,3.0765698871048817,-0.009572719073416502,-0.009618832069112649,0.016372547949293267
2024-03-07,133.19888305664062,133.75395856347797,130.45322550531313,131.6228467340528,37738200,139.2036476135254,140.91289123535157,137.51601657224984,39.83510307098963,-2.7441584728521207,-1.7416246724433522,149.24296913668218,129.1643260903686,3.1074496917649013,0.02267887462845941,0.022425532146803366,0.017187933719942664
2024-03-08,134.21983337402344,136.87627056964266,132.82222277313073,133.03038365770627,39370400,138.68326110839843,140.79176513671874,137.20209436289494,42.13885860790777,-2.648919433605272,-1.9230836246757361,148.62251039611408,128.74401182068277,3.1750638421039743,0.0076648564458958734,0.007635630679594922,0.017325653316961405
2024-03-11,136.45997619628906,137.8774153719074,134.93351836260592,134.93351836260592,32437800,138.12173919677736,140.73824005126954,137.13141644226582,46.93971359256418,-2.365413984742787,-2.0115496966891464,147.19313853466298,129.05033985889173,3.209529424659688,0.01669010284063699,0.016552353659914924,0.01701438042565598
2024-03-12,137.2826690673828,138.1549392414249,135.8255882651414,135.8255882651414,27563400,137.6742073059082,140.70394439697264,137.14582145418171,48.62558780105127,-2.0507101250083792,-2.019381782352993,145.94889451685802,129.39952009495838,3.146659535489961,0.006028821739719081,0.006010721107823648,0.017087568159167503
2024-03-13,138.56134033203125,139.84991729704038,137.7683838532644,137.7782905156126,23347200,137.4090591430664,140.70592651367187,137.28063277588166,51.21979722616037,-1.6787750898597835,-1.9512604438543515,145.1989998905156,129.6191183956172,3.1052730136447897,0.009314149217340972,0.00927104000652307,0.01700343435577439
2024-03-14,141.84226989746094,142.3279535040784,139.22547402056372,139.9490536613269,42753400,137.2683090209961,140.8036602783203,137.71507440650825,57.192859830868976,-1.1065150817192375,-1.7823113714273289,144.6186346650433,129.9179833769489,3.1525115963878156,0.02367853513518048,0.023402546798760956,0.017874014344127352
2024-03-15,139.93911743164062,141.9215388042357,138.7992311922684,141.24752279739727,49475400,137.18950729370118,140.84846282958983,137.92688802794945,53.128932673727846,-0.7973717953301787,-1.5853234562078988,144.3882541789865,129.99076040841587,3.1503541689292076,-0.013417385855402086,-0.013508212327837279,0.017454698820077948
2024-03-18,146.38197326660156,150.8126858318924,145.87646130852835,147.3038069838802,69273700,137.54435958862305,141.07227813720704,138.7321342411544,62.772848717917334,-0.032118649127284016,-1.2746824947917759,145.75047957241895,129.33823960482715,3.7020123283093906,0.04604042067156988,0.04501200798556117,0.01989470636461941
2024-03-19,145.7377166748047,147.4822421656298,144.79606947876087,146.8577896722865,24070400,137.83726272583007,141.29629150390625,139.39933256816872,61.412131471774394,0.5164109954083074,-0.9164637967517593,146.74415535641987,128.93037009524028,3.629452353920786,-0.004401201715073966,-0.004410915515416884,0.019952549061817204
2024-03-20,147.43267822265625,147.5516186613226,145.45025691328723,146.69917689330697,21311500,138.1440414428711,141.49255126953125,140.16441310669134,63.6449162534309,1.0754962706376432,-0.5180717832738788,147.88963445480866,128.39844843093354,3.520303024928971,0.011630218906432122,0.01156310775424804,0.019986483511733637
2024-03-21,146.30270385742188,149.04834657827195,145.60884427485487,148.15626300736417,24755600,138.31799926757813,141.62438262939452,140.74901222580854,61.10642105773055,1.4111292717173,-0.13223157227564303,148.50567501832273,128.13032351683353,3.5145315448209784,-0.007664341303817768,-0.007693863308849574,0.020000414275919493
2024-03-22,149.44482421875,150.2477023731003,147.67054880079294,147.80931767778344,29211800,138.65550537109374,141.79268981933595,141.57718479656486,65.25623319986988,1.9086618310541326,0.2759471083903121,149.80284751171223,127.50816323047525,3.545279185596511,0.02147684409435291,0.021249466486399946,0.020485311383529502
2024-03-25,148.75100708007812,149.05827999793414,146.5207828540801,148.62214484045748,19229300,139.27501220703124,141.95108581542968,142.26040596642326,63.641510692293345,2.2213681746740406,0.6650313216470578,151.19385623262912,127.35616818143336,3.5009050555303247,-0.004642630765561373,-0.004653441248137153,0.01739007622820609
2024-03-26,149.34571838378906,150.92173980939236,148.66178056238658,148.89967658168865,22149100,139.8593307495117,142.1100765991211,142.93519762521998,64.45344203066706,2.48849264276717,1.0297235858710803,152.52640935441832,127.1922521446051,3.412266069207143,0.003998032116789618,0.003990061224578337,0.017349938406330416
2024-03-27,149.5439453125,150.30718174477963,147.59125913003174,149.85121819279237,22879200,140.57746276855468,142.2762030029297,143.5646021668657,64.73611531779723,2.6852322785462093,1.3608253244061062,153.7217996758308,127.43312586127857,3.3625272510314814,0.0013273023884188273,0.0013264223012787748,0.01656745018034632
2024-03-28,149.60342407226562,150.09902942352818,148.85010938322958,149.52414052577765,24485400,141.19548263549805,142.463740234375,144.1397280626181,64.8264983188414,2.8135168255504652,1.6513636246349779,154.80855360662514,127.58241166437095,3.211555307407704,0.0003977343224517149,0.00039765524712270697,0.01642502286936378
2024-04-01,154.1233673095703,154.3711700008442,149.28625393600836,149.3655526121771,31730800,142.10491867065429,142.70182983398436,145.0905508480421,70.92510377683843,3.2425270642071666,1.9695963125494158,156.59278141645254,127.61705592485602,3.345366790081141,0.030212832796669975,0.029765414678899423,0.01703743945988719
2024-04-02,153.2015380859375,153.34030699227824,150.8127164395867,152.1508570629753,24586000,143.15609893798828,142.86399261474608,145.8630258230798,68.32323420388029,3.4681580873184146,2.269308667503216,157.6611404641771,128.65105741179946,3.342887081502746,-0.005981112661399557,-0.005999071159405791,0.015364123291357855
2024-04-03,153.55836486816406,153.71696221529052,151.38761094398126,152.2499745660593,24705000,144.25882110595703,143.04102264404298,146.59591525594496,68.80035338078781,3.6338761753772815,2.542222169078029,158.4016293308343,130.11601288107974,3.270491666488926,0.0023291331580914676,0.0023264249318552285,0.015131074832471576
2024-04-04,149.20692443847656,153.40966265921364,149.12762577868838,152.15082101266947,34724700,145.20691375732423,143.11020874023438,146.84458279713843,57.43849496799418,3.3751771368685297,2.7088131626361296,157.93653335098742,132.47729416366104,3.353366482416551,-0.028337371483627027,-0.02874662477510661,0.016764448164891508
2024-04-05,151.15963745117188,152.07154951460475,148.28513236262637,148.71134571985755,23459200,146.10495147705078,143.1855404663086,147.25554038323685,60.58420747153988,3.2898011260938347,2.8250107553276704,157.81245982120825,134.3974431328933,3.384298673099539,0.013087281438473042,0.013002382895910712,0.01642459541862362
2024-04-08,153.48898315429688,153.9052898339039,151.2686657383844,151.4371697426533,20702000,147.06840896606445,143.24461730957032,147.8492015995283,64.00210737529903,3.371237229284958,2.934256050119128,157.83903237390422,136.2977855582247,3.3386810809304315,0.015409839176661277,0.015292313435619197,0.016545071150077
2024-04-09,155.22360229492188,157.16636680492698,153.825991572372,154.71807515609422,31079500,148.0065902709961,143.33204223632814,148.55152547528007,66.34268683784572,3.5349959626123564,3.0544040326177737,158.1692305986794,137.8439499433128,3.362874121623265,0.011301261530159756,0.011237879359363455,0.016419945870101454
2024-04-10,154.7676544189453,155.23352470706243,153.32047998943062,154.83704643510924,22838600,148.8808395385742,143.38418029785157,149.14353775562915,65.14369982386289,3.586640199897971,3.1608512660738137,158.1740581300359,139.58762094711253,3.259314878481018,-0.0029373617751137227,-0.002941684288812212,0.016557878503420123
2024-04-11,158.00892639160156,158.27654243330397,155.08485738751153,155.53089924835962,27166400,149.85321884155275,143.54178344726563,149.98786048286462,69.38021289158344,3.8447918229416302,3.2976393774473776,158.68202436086062,141.02441332224487,3.2771415310437066,0.020942825455520175,0.020726539040132733,0.0168762754545029
2024-04-12,156.34365844726562,158.81177851890706,155.758847768036,156.57164779653132,25353700,150.57828826904296,143.89128356933594,150.59317457471232,65.0085084136085,3.87039018933433,3.412189539824768,159.03021141452592,142.12636512356,3.26112647531709,-0.010539075116609675,-0.010595004478337713,0.016801128289659968
2024-04-15,153.49888610839844,157.8403937153416,153.23125499058935,157.46372881803066,27136500,151.25627670288085,144.1628744506836,150.86990900649195,58.25545973987774,3.619405472845358,3.453632726428886,158.23222959247548,144.28032381328623,3.357413064562459,-0.018195636248506508,-0.01836321272404778,0.017108150766250396
2024-04-16,153.0429229736328,154.28193632388786,152.08144740386092,152.8347772006078,20779500,151.5893241882324,144.40116088867188,151.07686271764823,57.22929991080081,3.345145111878736,3.431935203518856,158.2306260477643,144.94802232870052,3.274775625667065,-0.00297046543024182,-0.002974886018985742,0.014138266476625605
2024-04-17,154.103515625,155.69936532118265,153.2213387820589,154.25219116747795,21763100,152.0076141357422,144.63488861083985,151.36511537549123,59.03678999570317,3.1767531304683416,3.3808987889087536,158.15765430525116,145.85757396623322,3.2306089629444057,0.0069300339457702975,0.006906131626244115,0.014081583782985907
2024-04-18,154.63876342773438,155.56059716944145,153.26098127050776,153.97465412709587,19883000,152.3679183959961,144.87099426269532,151.67689138046677,59.95650340909321,3.0513176064421828,3.3149825524154397,158.241784162621,146.4940526293712,3.164109458372212,0.003473300401769297,0.0034672824247310094,0.01393241387349689
2024-04-19,152.73565673828125,154.98570931530094,150.96139619825826,154.82711196963538,32615600,152.68956604003907,145.04049102783202,151.7777261764491,55.21004614817609,2.7664542821183886,3.2052768983560296,157.862394186667,147.51673789341115,3.225552576848674,-0.012306789366836157,-0.01238314500768389,0.014147351226492792
2024-04-22,154.90640258789062,156.2544497066036,152.7059136863934,152.9537163543577,26446200,152.9626449584961,145.2460678100586,152.07569535849115,59.17959468685618,2.684909132464668,3.1012033451777574,157.99623866581274,147.92905125117946,3.248622822803069,0.014212436676322548,0.014112386851736183,0.0137143330974777
2024-04-23,156.86900329589844,157.57276956282405,154.90641030278562,155.58044145804854,21151600,153.3685447692871,145.42963958740233,152.53220087633946,62.42223723731073,2.7469839676201957,3.0303594696662453,158.28610466754876,148.45098487102544,3.2070331193838086,0.012669590638090478,0.012590002899022262,0.01382649528218584
2024-04-24,157.73138427734375,158.1675194626567,155.78860439495244,156.10579912051713,22779100,153.78782806396484,145.6596011352539,153.02736120024463,63.78361534144921,2.8331073615739513,2.990909048047787,158.69185179119629,148.8838043367334,3.1478818299781275,0.005497459430010121,0.0054824035540908395,0.013837672514186496
2024-04-25,154.6288604736328,155.11455913410575,149.5439450297003,149.99990858082532,57109700,154.04207382202148,145.8748922729492,153.17988494056732,55.93279564633469,2.6208020549844093,2.9168876494351115,158.5509810107399,149.53316663330307,3.507850216954222,-0.019669666996998347,-0.019865689621504666,0.014725406783822679
2024-04-26,170.43870544433594,173.1744571152618,168.15891742679025,172.83743392594712,64665300,155.083837890625,146.3905209350586,154.82358213140245,73.69852760419818,3.685783512669957,3.0706668220820807,163.19671271582231,146.9709630654277,4.581974961573847,0.10224381737197774,0.09734793614240413,0.02684566251442365
2024-04-29,164.68966674804688,168.0597925096593,163.75794130995203,167.57409377755957,45610000,155.61215286254884,146.85401123046876,155.76320923774952,63.649682511000734,4.019554690210555,3.2604443957077756,164.72105839237443,146.50324733272325,4.731888473917422,-0.033730828225321474,-0.034312837854649295,0.027712836877313213
2024-04-30,161.3492889404297,166.62253752967678,161.1708782605576,164.1544172520467,33562900,156.01954040527343,147.29529846191406,156.295216828481,58.64609520112463,3.9687805490411563,3.4021116263744515,165.38591829997748,146.6531625105694,4.783300673574691,-0.020282862146582148,-0.02049138382402418,0.028155989230427718
2024-05-01,162.4197998046875,165.65114151829926,161.656563265471,162.8559349699541,33493200,156.4626121520996,147.74610137939453,156.87851044526258,59.73843085796266,3.9691688487034753,3.5155230708402563,166.15410180261895,146.77112250158027,4.748911523881468,0.006634741753668738,0.006612828726052189,0.028167399172195646
2024-05-02,165.155517578125,165.26455135719664,162.4495166743879,163.34160023066508,24294500,157.26004180908203,148.2232696533203,157.66679683886852,62.46689925310189,4.142474275109663,3.6409133116941375,167.05625105166283,147.46383256650122,4.612900097354873,0.016843499233019976,0.016703220498326166,0.027305949552107994
2024-05-03,165.7700653076172,166.48373814579705,161.61689049574852,166.0872448331008,34662400,157.9905632019043,148.68220001220703,158.43853669303508,63.072308979312965,4.280070946297798,3.76874483861487,168.0340776677706,147.94704873603803,4.631039208261563,0.0037210245137675457,0.0037141186280631937,0.027247979732032242
2024-05-06,166.6225128173828,166.66215458769406,164.57069955510775,165.9881386196856,21871300,158.6472396850586,149.16075622558594,159.21796299059199,63.94115628139003,4.407100379531414,3.896415946798179,169.1351638390456,148.1593155310716,4.4496403385704735,0.005142348880563974,0.005129172158123543,0.027137279699620653
2024-05-07,169.7448272705078,170.25033926742327,166.90996414876955,167.01899792747776,28039700,159.3733009338379,149.82843536376953,160.2205214934411,67.00349303993708,4.705475015738273,4.058227760586198,170.78272356425109,147.9638783034247,4.390939346532615,0.01873885107318629,0.018565441781210664,0.02728667282765823
2024-05-08,167.8912811279297,168.65450251317668,167.2569068549834,167.51461620426056,19569100,160.02948226928712,150.43307403564452,160.95107003005907,63.55294349985956,4.737759439959774,4.194134096460914,171.80748848140885,148.25147605716538,4.255009422889172,-0.010919603102981679,-0.010979659564258767,0.027463922905666002
2024-05-09,168.46615600585938,169.18973549080405,166.70178726740875,167.9011587181858,15346700,160.55234375,151.0987710571289,161.66679250394483,64.16925639711368,4.754920908572586,4.306291458883249,172.8424559283827,148.26223157161732,4.128790765782467,0.0034240901258693057,0.003418241276795772,0.02718724377489745
2024-05-10,167.16766357421875,168.35712840771933,164.72929393982457,166.55311783500412,29799900,161.09354400634766,151.69726379394533,162.19068498682805,61.634067067239314,4.610595928938125,4.367152352894224,173.54686289599303,148.64022511670228,4.1007958586576345,-0.007707734671618338,-0.007737592783057001,0.02711732374316861
2024-05-13,167.6533660888672,167.79213497268913,162.55854403329832,162.81625335334653,31327600,161.8012680053711,152.33163818359375,162.71094032987938,62.23508511649837,4.483723898439337,4.390466662003247,174.05492646990774,149.54760954083446,4.1817097929957185,0.002905481265117915,0.0029012685125034536,0.026627170318020674
2024-05-14,168.8428192138672,169.74482453915033,167.31636146118933,168.2778370057792,25127100,162.5912628173828,153.06493591308595,163.29492879502106,63.73342373221839,4.42811131587257,4.397995592777112,174.51731604965,150.66520958511563,4.056477884778952,0.007094716633184062,0.007069667538832525,0.026568775460120105
2024-05-15,170.99374389648438,171.13251278258656,169.01132259521063,169.13027815806552,26948400,163.43577423095704,153.85473236083985,164.02814928087471,66.3345889537581,4.505661132521965,4.419528700726083,175.22941297244878,151.6421354894653,3.930279005060411,0.012739213267297433,0.01265875211063834,0.026619863226107317
2024-05-16,172.6490936279297,173.58083422008207,171.17219918369724,171.76691660178736,27867900,164.3362907409668,154.70281280517577,164.84919159964187,68.22352125551944,4.6471236610945255,4.4650476927997715,176.0557517299944,152.6168297519392,3.8343369563845022,0.009680761960785045,0.009634203623671029,0.026630731181924786
2024-05-17,174.51255798339844,174.72071889069628,172.1633934028928,172.64907697879545,24479300,165.42513580322264,155.52908630371093,165.76951220761867,70.24735164047422,4.853649879516752,4.542768130143168,176.66790115432605,154.18237045211924,3.743121851485857,0.010793363094535824,0.010735530517603327,0.026300858944586475
2024-05-20,175.36500549316406,177.19875144536334,174.53239208635316,174.6414258747219,22554400,166.44806594848632,156.35198974609375,166.68336871100394,71.15247574133579,5.0281474317147286,4.63984399045748,177.39547114840258,155.50066074857006,3.6676269665200745,0.004884734483387332,0.004872842877071228,0.026248911640586525
2024-05-21,176.28684997558594,176.58420112115073,174.26477143768452,175.34518759904142,16989400,167.4189582824707,157.1485272216797,167.59798597429744,72.13954011723959,5.181098664294183,4.748094925224821,178.23948502012718,156.59843154481422,3.5713271605876558,0.005256718578655173,0.005242950263242864,0.02621003963358465
2024-05-22,174.82974243164062,175.5929637561036,173.6700277652412,175.08745176039344,17880000,168.27387619018555,157.89946868896484,168.2867246845206,68.16906138075353,5.125651892418716,4.8236063186636,178.58767212983696,157.96008025053413,3.5031482355703045,-0.00826554870171603,-0.008299897756191539,0.026408399671704684
2024-05-23,172.02464294433594,176.68333083049927,171.42991039517594,175.5137093084088,21024900,169.1436653137207,158.56873474121093,168.64271689974112,61.18719699221098,4.800030081934466,4.818891071317774,177.44575021300386,160.84158041443754,3.6281676784098065,-0.016044749870872232,-0.016174860475066003,0.02623862802886353
2024-05-24,173.4519500732422,174.22509313899903,172.12371636120923,173.44202828735197,16579400,169.29432754516603,159.20092834472655,169.1007391067412,63.24971907726812,4.604071339480015,4.775927124950222,177.79201281639217,160.79664227393988,3.5261878581421837,0.008297108510017859,0.008262876724750465,0.013214061814701803
2024-05-28,174.8495635986328,175.7119272031069,172.83740706265183,172.9167057345963,20572200,169.8023223876953,159.8991372680664,169.6482462012071,65.19982997243318,4.509564898391801,4.722654679638538,178.35275917415902,161.2518856012316,3.4796401640216756,0.008057640890174245,0.008025351437059187,0.010455932689242055
2024-05-29,174.35397338867188,175.285713959116,173.18435190640471,173.8881031034498,23388700,170.45255661010742,160.45857727050782,170.09641069525134,63.9048800423313,4.344596075680272,4.647042958846885,178.28016809370504,162.6249451265098,3.3811917274995054,-0.0028343805941578593,-0.0028384050572063477,0.009038502055326523
2024-05-30,170.59725952148438,173.67992513855842,170.28006486489895,173.6600966913534,22931500,170.86142959594727,160.95576812744142,170.144110583464,54.989208425730105,3.8661550533736033,4.490865377752229,177.76808902518368,163.95477016671086,3.430671498661893,-0.02154647694098133,-0.021781991425311873,0.010646911046883423
2024-05-31,170.98385620117188,171.53893180715215,167.95075369372532,170.34948191938355,37638900,171.1528465270996,161.42679168701173,170.22408635657905,55.67455124443228,3.478088972699595,4.288310096741702,177.5445411712546,164.7611518829446,3.4419219711451032,0.0022661365180887127,0.0022635727033017113,0.010099118990468052
2024-06-03,171.64797973632812,172.99602708676622,169.65565138830266,171.0235120658181,27459100,171.44674224853514,161.93369720458983,170.3596952498885,56.88893351204663,3.1873907701589417,4.0681262314251505,177.342709199886,165.5507752971843,3.434668665953564,0.0038841300571375026,0.0038766062998620648,0.010100831063061567
2024-06-04,172.26251220703125,172.3219975576634,170.37921780326457,171.7570001617278,26879600,171.72874221801757,162.39005096435548,170.5409159124735,58.03464129424711,2.972334759903589,3.8489679371208387,177.19891484458316,166.258569591452,3.328105172271083,0.00358019052509162,0.003573796898716473,0.010079580213734137
2024-06-05,173.86830139160156,175.0973931839275,172.40129842220728,173.66014045517483,22068500,171.93491592407227,162.89239685058592,170.85780976762857,60.95464153652607,2.8980679659096893,3.658787942878609,177.40127825782014,166.4685535903244,3.292874872601452,0.009321756451806662,0.009278577011531612,0.00944224410625138
2024-06-06,175.17665100097656,175.59295765203206,174.20526881518043,174.3539443603167,23251000,172.2991844177246,163.4090155029297,171.2691279803284,63.201335747925704,2.9112250851419503,3.509275371331278,177.60784939216015,166.99051944328906,3.180859257446383,0.007524946174220837,0.0074967750028562576,0.00908577095255332
2024-06-07,172.92665100097656,176.3066684940716,172.76805363555374,175.49388346446483,19661400,172.52220916748047,163.87666961669922,171.42698731562822,57.11484524321139,2.708869835706963,3.349194264206415,177.5345225212295,167.50989581373145,3.206413228951489,-0.012844177503926968,-0.012927377140206258,0.009676206297739439
2024-06-10,173.67083740234375,175.7051540576833,171.43805415327046,173.6311501404092,23726700,172.8473678588867,164.3580178833008,171.64068732388685,58.537121740023274,2.5788243835725666,3.1951202880796457,177.23257140263524,168.46216431513818,3.2821765629130146,0.004303480100143586,0.004294246610936998,0.009454502619920847
2024-06-11,175.26858520507812,175.48690308392554,172.4404010978867,174.8716518664662,21540600,173.22812881469727,164.78092224121093,171.98620140780986,61.4901023710542,2.5750042741859716,3.071097085300911,177.02642083984924,169.4298367895453,3.2653426645648587,0.00919986237547099,0.009157801414830637,0.009591654066762144
2024-06-12,176.42959594726562,179.0295587655737,174.76245808700693,176.8860828234983,27864700,173.6074676513672,165.2454833984375,172.409381840139,63.523077363226925,2.635282774480004,2.9839342231367296,177.07951615296764,170.13541914976673,3.3368968084221384,0.006624180487501574,0.00660233701428021,0.009579760117360227
2024-06-13,173.8197479248047,175.38766020073976,173.54189158649058,174.76247586851568,20913300,173.7487678527832,165.6507110595703,172.54370241963096,56.324882048077825,2.444284802554165,2.8760043390202172,177.0072889927048,170.49024671286162,3.304811633590203,-0.01479257495574049,-0.014903076178425834,0.009962711093633971
2024-06-14,175.437255859375,175.7051941501706,172.81745685502335,172.886928506799,18063600,173.88817596435547,166.17531768798827,172.81927893770182,59.39587052133221,2.395819391380769,2.7799673494923276,177.1849263647569,170.59142556395403,3.275020609415706,0.009305662641221124,0.009262631710844961,0.009945584825881102
2024-06-17,175.8838348388672,176.99526019491833,173.47242036710682,174.11745590855674,19618500,173.9567398071289,166.66980163574217,173.1111414044795,60.227375568339056,2.3661696642798518,2.6972078124498324,177.35796304119432,170.5555165730635,3.2927219821582634,0.002545519634952198,0.0025422852874136172,0.00967894723536614
2024-06-18,173.75025939941406,176.03266350713454,172.7678442779151,175.78457643329608,21869900,173.8760025024414,167.07502716064454,173.17200978494944,54.486501518155286,2.1457751744947586,2.586921284858818,177.21578240862303,170.53622259625976,3.2907289283769203,-0.012130594272110162,-0.012204770408231591,0.010009515028517213
2024-06-20,174.9510040283203,175.9334191303285,173.65103020992316,174.02811225809378,20160100,173.80921020507813,167.4695751953125,173.3414378081276,56.972265510004526,2.0444340469178712,2.4784238372706286,177.00373263044332,170.61468777971294,3.218704642093236,0.006910750136758015,0.006886980351560146,0.010065515394286849
2024-06-21,178.2555694580078,179.46623586353277,175.2586726884267,175.64568800546914,57759000,173.9805015563965,167.93933349609375,173.80945034621143,62.96684557445999,2.2053493909632778,2.4238089480091585,177.69982078632927,170.2611823264637,3.311313727316038,0.01888851937741709,0.018712346270883737,0.01074731210409407
2024-06-24,177.84864807128906,179.5058677711299,177.30285352534577,178.7814578148954,18298000,174.27170181274414,168.3361279296875,174.19413584383787,61.82461817981412,2.273829514098594,2.3938130612270454,178.2367465901737,170.30665703531457,3.2321494786351885,-0.002282797603216591,-0.002285407157811611,0.010012260723159035
2024-06-25,182.62185668945312,182.8798617966769,178.04713041446374,178.24559704633074,23130200,174.73019714355468,168.86169189453125,174.99677592437266,68.94171253641125,2.682338223826264,2.4515180937468894,180.08662570404573,169.37376858306362,3.3606540676889485,0.02683859939295563,0.02648476123754111,0.011414171331924152
2024-06-26,182.47300720214844,183.0981763241254,181.0837105201297,181.2325718478637,19839000,175.11136932373046,169.44117431640626,175.7087979508275,68.51275689081871,2.959952915094817,2.553205058016475,181.44363036150028,168.77910828596063,3.264497763139431,-0.0008150694007991177,-0.0008154017504674788,0.011364884363520131
2024-06-27,183.99131774902344,184.62642010992184,182.6119540991644,182.7707183328629,18848900,175.59323654174804,170.06014221191407,176.4976093601795,70.52717681631803,3.2648444357528774,2.6955329335637557,182.99760774219058,168.1888653413055,3.1851345591847147,0.008320740531189807,0.008286314007311725,0.011378665074433114
2024-06-28,180.75624084472656,183.71344974735644,180.56770738280355,182.9096500290429,29156600,176.10118560791017,170.5931967163086,176.90319331108873,61.49914405680414,3.2084445415011373,2.798115255151232,183.45863280566826,168.74373841015208,3.2021685454015127,-0.017582769360398487,-0.017739182411229387,0.010959933699887825
2024-07-01,181.5898284912109,182.4730179096056,179.91275737108273,181.6295157623823,16006100,176.6314842224121,171.1322180175781,177.34953951871944,62.8198293734278,3.194190139838298,2.877330232088645,183.9659774478706,169.29699099695358,3.1563179734816096,0.00461166730724627,0.004601066149749374,0.010964741542819439
2024-07-02,183.82260131835932,184.1500780686585,180.17075176456584,180.6570078741676,17372500,177.24021530151367,171.7539569091797,177.9660215948756,66.16748797089758,3.3247340661731073,2.9668109989055376,184.83547345332147,169.64495714970587,3.2151042828109704,0.012295693242843075,0.012220715185822607,0.011157221783865136
2024-07-03,184.398193359375,184.66611653441345,182.5921119404824,183.4356141665868,10242100,177.84699935913085,172.3437927246094,178.57860938197078,66.9925686857971,3.4350395380415364,3.0604567067327375,185.68964069851972,170.00435801974197,3.1335971621766907,0.003131236512200264,0.0031263444007309953,0.011157484904638644
2024-07-05,189.1416015625,189.39960668236185,184.3783264542018,184.43786493247492,20967500,178.61066436767578,172.98924468994142,179.5846086372593,72.86538323625962,3.86070699188528,3.2205067637632463,187.63961150897057,169.581717226381,3.2684316668897866,0.0257237238430017,0.025398435480732583,0.01216741868756244
2024-07-08,187.5836181640625,188.7148947423624,186.3431826553111,188.44695643270228,21035900,179.23101272583008,173.5862893676758,180.34641906838343,68.55112484041275,4.0259268969657285,3.381590790403743,188.91227548150002,169.54974997016015,3.234859326911152,-0.008237127028464353,-0.008271239614931796,0.012453873789103197
2024-07-09,187.53399658203125,189.8957906218728,187.2759914489027,188.8538217724112,15121400,179.9613800048828,174.24439208984376,181.03095026015941,68.41219009889312,4.105534765946885,3.526379585512372,189.83214572628395,170.09061428348167,3.190926458772507,-0.00026453046655627865,-0.0002645654609116651,0.011889821780798946
2024-07-10,189.7171630859375,190.2828089517807,187.5836200462909,187.7026970108747,15952500,180.7636962890625,174.6299612426758,181.85820862451922,71.17973792207613,4.295274614993616,3.680158591408621,191.05826018003896,170.46913239808603,3.1593468809851464,0.011641443917883354,0.01157420365566118,0.012008096090253637
2024-07-11,184.1500701904297,189.39958571826105,183.6638141016308,188.39731944685417,25625800,181.20777053833007,175.01916931152343,182.07648115460591,57.375091132874786,3.950883614861567,3.73430359609921,191.27968666312248,171.13585441353766,3.3660613169366855,-0.02934417110689158,-0.029783323684695703,0.014120698831355817
2024-07-12,183.65391540527344,185.67829936578423,183.0783515483552,183.66383343758727,22898400,181.56898651123046,175.46526184082032,182.22671298800282,56.326621120140324,3.5964579924110467,3.7067344753615776,191.4458342353789,171.69213878708203,3.311338924114711,-0.002694295932894164,-0.0026979320808888734,0.014133596070852458
2024-07-15,185.10272216796875,186.79964437744584,183.5050408426138,183.5050408426138,16474000,182.13313522338868,175.91892028808593,182.50061862419005,58.69996675638016,3.393363152558976,3.6440602108010576,191.44798270967468,172.81828773710268,3.3101435391659493,0.007888787775083284,0.007857833974209125,0.013606660641221863
2024-07-16,182.5126953125,187.2362677122632,181.9669007256916,185.92637584595624,18290700,182.4869071960449,176.26606384277343,182.5017687849815,53.140324060180745,2.9889606297023477,3.513040294581316,191.28051955610405,173.69329483598577,3.4500880711234965,-0.013992375828587034,-0.014091191984028563,0.014049895036522736
2024-07-17,179.63490295410156,182.14554307379208,178.52346250305996,181.5699792124749,20734100,182.67446060180663,176.54336059570312,182.22873394394531,47.730928054079506,2.4084913352877493,3.292130502722603,191.04665182915696,174.3022693744563,3.4885984095746783,-0.01576762840234791,-0.015893259811291402,0.01460330663367003
2024-07-18,176.3303680419922,181.10356083919305,175.119701930773,180.5379150522317,25315700,182.80346603393554,176.73751770019533,181.66698481042596,42.39429253251486,1.6626508827400812,2.966234578726099,190.68688185466885,174.92005021320222,3.6668313023493475,-0.01839583988281901,-0.01856714749622844,0.014966041077725542
2024-07-19,176.30059814453125,178.91046381081307,175.77465477022162,177.51126425121495,18881900,182.8709457397461,176.86863311767578,181.15590036605502,42.348356244362726,1.056980554790016,2.5843837739388826,190.50345890431296,175.23843257517925,3.6289011407952123,-0.00016883023492497706,-0.00016884448835338515,0.014898561952532058
2024-07-22,180.27993774414065,181.3020554172828,178.8509535799711,179.20819962101348,24100300,182.97216415405273,177.11640625,181.07247535444412,50.127441077443585,0.8878473536037461,2.245076489871855,190.40833261502505,175.53599569308042,3.7269408645063784,0.02257133351497287,0.02232037033026135,0.015158425285074783
2024-07-23,180.3990020751953,182.205083362309,180.15091498468195,180.6570223402312,36352700,183.09968185424805,177.35506317138672,181.00833504213472,50.34333960350425,0.7547156770478978,1.9470043273070639,190.26248211191637,175.93688159657972,3.60745711544357,0.0006604413810240573,0.0006602233855920282,0.015142488731255841
2024-07-24,171.30909729003906,174.84185492699467,170.5052975643539,172.2716763828317,49585200,182.53404388427734,177.43789184570312,180.0845981133637,37.12859258545207,-0.08331112564562204,1.5409412367165267,191.35355837060212,173.71452939795256,4.056474786543416,-0.05038777754084989,-0.05170156460359943,0.0177761520338155
2024-07-25,166.00003051757812,172.09304877138803,165.9107228003057,171.19994131459546,44852000,181.71039505004882,177.40482513427733,178.7432107232889,31.867162919781123,-1.1624507150103796,1.0002628463711454,193.10092711280657,170.31986298729106,4.2083212997247665,-0.030991154914979724,-0.031481539078314774,0.01882692758549937
2024-07-26,165.72215270996094,166.80380863547714,162.8046465209646,165.87099888612107,41336900,180.79693679809571,177.34241180419923,177.5031099601148,31.614638223060666,-2.016850039308281,0.39684026923526017,194.0819228242006,167.51195077199083,4.193381357923893,-0.0016739623887463972,-0.001675365029316123,0.01859859973163065
2024-07-29,168.23281860351562,169.12592608314606,166.70460877031735,167.5381777702437,20293800,180.17076568603517,177.28719329833984,176.62022506901013,36.510007687202034,-2.4629861333400527,-0.1751250112798024,194.5406499805184,165.80088139155194,4.136980787585409,0.015149850834660139,0.015036237886891634,0.01887572188619912
2024-07-30,168.9869842529297,169.91979407162952,167.15114899500833,168.9373789518768,18959700,179.5406234741211,177.21395111083984,175.89324975319295,37.9469779168732,-2.724293378758233,-0.6849586847754885,194.69047176998134,164.39077517826087,4.0392425225165365,0.004482868774798643,0.004472850647381583,0.018872862024555938
2024-07-31,170.2274169921875,172.91668748879763,168.70912533779483,171.9144211788754,25729100,178.8608642578125,177.12824829101564,175.35364663309718,40.33878287325704,-2.7990232997717612,-1.107771607774743,194.3962982447428,163.32543027088218,4.051265353122699,0.007340404024260172,0.007313594374474799,0.0186873201513027
2024-08-01,169.45338439941406,172.71821867309802,167.58777995648467,168.94729223504007,24531400,178.11362380981444,177.01001586914063,174.79171689655595,39.32030770803644,-2.887420871501945,-1.4637014605201835,193.94662632845262,162.28062129117626,4.1283491648006025,-0.0045470500959839955,-0.004557419373293566,0.018619066256759992
2024-08-02,165.38478088378906,167.22061625981866,163.41000220136607,165.1664630337912,29130100,176.9257827758789,176.79197448730469,173.89581822867342,34.40332306273194,-3.248334111323288,-1.8206279906808045,192.83557640282257,161.01598914893523,4.265137238603987,-0.02401016379841081,-0.024303106351147734,0.017733337877871555
2024-08-05,158.0314483642578,163.17180469122772,153.74449693951377,154.31014267279176,53630700,175.44817428588868,176.45600860595704,172.3849258606338,27.668937900096168,-4.0806734704470955,-2.272637086634063,192.56744732514127,158.3289012466361,4.791933431866224,-0.04446196609044828,-0.04548071085115804,0.01966128396070424
2024-08-06,157.07879638671875,159.34136430659962,155.21319199044268,158.11084703677423,49004600,173.92541427612304,176.1570916748047,170.9271992440705,26.933369607602202,-4.7622828301289815,-2.770566235333047,191.87165917495432,155.97916937729175,4.744521923601275,-0.00602824303263505,-0.0060464862429518975,0.019578627936244413
2024-08-07,157.7238311767578,161.73291139086032,157.25742629410797,160.0161531809976,25138600,172.32574768066405,175.842529296875,169.66973561861215,28.322826042836198,-5.1905804611002395,-3.254569080486485,190.0586088709229,154.5928864904052,4.7380642864970115,0.00410644087475065,0.004098032457673445,0.01923740974957458
2024-08-08,160.79019165039062,162.4374934400702,158.9841256428161,159.28181801513983,25578800,171.15775375366212,175.56134185791015,168.82406476449583,34.68177023638623,-5.222379416687062,-3.6481311477266005,188.69766301116567,153.61784449615857,4.736321284840967,0.019441326340826848,0.019254757969485375,0.01961308361666691
2024-08-09,162.4176483154297,162.53672526881738,157.84292193770273,158.78564981676743,28602300,170.09594039916993,175.3226153564453,168.21392986458477,37.834069819642025,-5.0579532300731955,-3.93009556419592,187.0424947324847,153.14938606585517,4.733284288146231,0.01012161655095034,0.010070736030857246,0.019952923915442716
2024-08-12,161.0482177734375,163.63824774493187,160.60166401463542,163.09246822974885,15895300,168.89321517944336,175.1316345214844,167.5314810939993,36.248804264625406,-4.980731124479689,-4.140222676252674,184.79073288147754,152.99569747740918,4.612091391156961,-0.008431537805132061,-0.008467284293743927,0.01968989103208387
2024-08-13,162.9038848876953,163.46951549041373,161.72298810159427,162.1596237343071,18551700,167.91277465820312,174.97003509521485,167.09075764577986,39.92227979597748,-4.715438581074125,-4.255265857216964,182.71015220537393,153.1153971110323,4.4556061287154805,0.01152243185248003,0.01145655419882192,0.020019698932039223
2024-08-14,159.1428985595703,161.97109738750262,156.50326348113867,161.1573644799167,40591100,166.88817443847657,174.7199334716797,166.33381868518848,35.46221615404164,-4.753872807360949,-4.354987247245761,181.12417271160206,152.65217616535108,4.594535791418421,-0.023087149399277918,-0.02335783194080452,0.020282963075402838
2024-08-15,160.06578063964844,160.40317542086007,158.38870962322818,159.27189898700752,31524300,166.07494506835937,174.47599884033204,165.73686268085132,37.31290334726335,-4.656189681313236,-4.415227734059256,179.91316338643594,152.2367267502828,4.410245077576525,0.005799077988595691,0.0057823280607314,0.020216057976791338
2024-08-16,161.71310424804688,163.7970268327427,159.89710483293223,160.2344996596875,24208600,165.34557037353517,174.23289489746094,165.3536475920128,40.587902909381214,-4.395184896630781,-4.411219166573561,178.47038166126245,152.22075908580788,4.373793429164663,0.010291541401387994,0.010238944053230772,0.02047124051024127
2024-08-19,165.3946990966797,165.4145503036196,163.0031359185699,164.01533548402497,22416200,164.6013084411621,174.037255859375,165.35755725912392,47.22398078587553,-3.8469179133375917,-4.298358915926367,175.80123634346486,153.40138053885934,4.325768616765238,0.022766212211137393,0.022510929289257093,0.020484649023564644
2024-08-20,165.90078735351562,167.34962258490438,165.54355648931903,165.62293103111787,18341500,163.87639770507812,173.89673858642578,165.40929345858981,48.08245195656775,-3.333152775872094,-4.105317687915512,172.46480308520518,155.28799232495106,4.156422536155199,0.003059881964778688,0.003055210053863949,0.0205209714841608
2024-08-21,164.58094787597656,165.57329603286027,163.40996917699755,163.886292052533,22902000,163.539990234375,173.71494079589843,165.33040340310285,45.98179773908965,-2.9979319253438916,-3.8838405354011885,171.4367174420619,155.64326302668812,4.037450796181119,-0.007955595019128126,-0.007987409613544952,0.01743095907035119
2024-08-22,162.54664611816406,166.30763931714822,162.06039002531082,165.9801625781286,22493300,163.3673210144043,173.46050201416017,165.0652836616801,42.8727442712878,-2.863410522557899,-3.6797545328325305,171.19202732340827,155.54261470540033,4.05243640301371,-0.012360493629830605,-0.01243751991125877,0.016249749432651416
2024-08-23,164.3527069091797,164.9084194881608,162.5764102626484,163.45959957039315,13955700,163.29884872436523,173.21896423339842,164.99741920906104,46.34156547706963,-2.5813115766752333,-3.4600659416010715,171.06366846558257,155.5340289831479,3.931674757798212,0.011111030797293031,0.011049756755333168,0.0164686823604037
2024-08-26,164.8885955810547,166.26795909914733,163.20160651563705,165.106913416324,14190400,163.1316375732422,173.04034118652345,164.9870550540128,47.362875526364824,-2.288128274005885,-3.225678408082034,170.60273083978336,155.660544306701,3.8698660310633595,0.003260601434274646,0.0032552972002858932,0.01609251852540861
2024-08-27,163.419921875,165.1664646925233,163.201619164844,164.57104961527048,11821900,162.8532844543457,172.79999450683593,164.83780427505923,44.84371074450574,-2.1495098763974454,-3.010444701745117,169.82945226927256,155.87711663941883,3.733793137964498,-0.008907066622037663,-0.008946971674640833,0.016136182372924756
2024-08-28,161.6039276123047,164.33288545251102,160.2940205808296,163.77715768210635,16407400,162.42210998535157,172.5143963623047,164.52981602146355,41.87768436308575,-2.161275518869161,-2.840610865169926,168.5343832169562,156.30983675374694,3.7555839760871357,-0.011112441138506735,-0.011174645570553367,0.016128733152955002
2024-08-29,160.5421142578125,164.70005625165825,159.0238224992912,163.05275436266322,19699800,161.97654647827147,172.25023345947267,164.15003490111584,40.203305905083795,-2.230566753997408,-2.718602042935422,167.20960385540457,156.74348910113838,3.8927732458214144,-0.006570467501504806,-0.006592148042808419,0.01614877420066776
2024-08-30,162.1298828125,162.40773914692485,160.45281163127092,161.37568835446018,22123800,161.81380157470704,171.99381103515626,163.95763946410483,43.82050564880101,-2.132775594775268,-2.6014367533033917,166.80984360330427,156.8177595461098,3.7543556936665943,0.00989004388055914,0.009841457481686706,0.015548123165607091
2024-09-03,156.15594482421875,160.61159459119546,155.28267338679814,160.4825844537488,38945300,161.72002639770508,171.55181854248048,163.21462092697283,35.19420367602814,-2.5084069124581276,-2.582830785134339,167.0554073828188,156.38464541259137,3.9752738173833992,-0.036846618801235964,-0.037542605517121005,0.014481215960906528
2024-09-04,155.2528839111328,157.78337502963737,154.76664294942685,155.4612837104589,19353800,161.62873077392578,171.09990325927734,162.4563602587976,34.10135525307939,-2.8461581668153144,-2.635496261470534,167.3286898858824,155.92877166196917,3.906806550442479,-0.005783070981399296,-0.0057998576868127216,0.014476389725478201
2024-09-05,156.036865234375,158.22994668183233,154.78649658056972,155.1040553313884,18688700,161.54438247680665,170.56820343017577,161.84497978028116,35.96048697976664,-3.0158034238813514,-2.7115576939526975,167.5164189139661,155.5723460396472,3.873709661215346,0.005049705380615999,0.00503699837819323,0.014493659212770056
2024-09-06,149.76519775390625,156.62232787245784,149.39803374273566,156.09638450541732,37912100,160.9931327819824,169.91404724121094,160.69452434919782,28.929235552899215,-3.6146522029433186,-2.8921765957508216,168.87258657582473,153.1136789881401,4.113037123251549,-0.04019349831880048,-0.04102357558510335,0.016220303851856726
2024-09-09,147.76795959472656,152.4282366790671,146.28739297802653,151.54387525137955,39260500,160.26064834594726,169.189580078125,159.4634229440101,27.11125905492125,-4.201966943363004,-3.1541346652732583,169.98252319387322,150.5387734980213,4.257880450236479,-0.013335796227248675,-0.01342551651152169,0.01603673215510455
2024-09-10,147.71826171875,150.31172831197244,147.40028159964342,149.4969156283568,31118800,159.5941505432129,168.52882049560546,158.344836160652,27.06568025249942,-4.618192659514875,-3.4469462641215816,170.7331007906613,148.45520029576448,4.161706611814518,-0.00033632376134085096,-0.00033638033086121034,0.016036874274472156
2024-09-11,150.20242309570312,150.54026559740743,146.5854826673726,148.97027288921362,29607700,158.95907745361328,167.9010723876953,157.5693682497045,33.11834852363208,-4.693499732873875,-3.6962569578720403,170.70271325782858,147.21544164939797,4.146926348830255,0.016816887418312998,0.016677049152428715,0.016350470468310924
2024-09-12,153.71006774902344,153.83924907315188,151.682982309114,152.82570635319718,29621500,158.68743591308595,167.2988217163086,157.20181582106818,40.61262227556203,-4.4192017156353245,-3.840845909424697,170.6507752433843,146.7240965827876,4.11049060801729,0.02335278340406921,0.023084279334154256,0.0167775127245191
2024-09-13,156.46253967285156,157.37670989938488,154.22679282124855,154.44538523091353,29591200,158.50727386474608,166.74010864257812,157.13140856885707,45.74970608382491,-3.934364178682813,-3.85954956327632,170.4906673864547,146.52388034303746,4.078787146756158,0.01790690723214272,0.017748467220048834,0.017269780719157184
2024-09-16,157.05870056152344,157.2474993531957,155.60795803142506,156.313451749423,18379800,158.27455368041993,166.0984506225586,157.12448399673005,46.82264379496703,-3.4621126565759823,-3.7800621819362528,170.18040471228738,146.36870264855247,3.9045553021143355,0.003810246784427651,0.0038030061806452803,0.017106889891836428
2024-09-17,158.31072998046875,159.53293380012653,157.3766823666018,158.0126274199818,20715600,157.92035522460938,165.51299285888672,157.23745980470517,49.09947288075962,-2.952783759322017,-3.614606497413406,169.37061418254672,146.47009626667204,3.8023894404349607,0.007971729133559702,0.00794012276138217,0.016312005024282303
2024-09-18,158.79763793945312,159.483269373917,157.5953115022546,158.84732423336595,23677300,157.56519775390626,164.93826568603515,157.3860481984907,49.99612579862407,-2.481245284582144,-3.3879342548471536,168.42891481978089,146.70148068803164,3.6656443283797797,0.003075647235310175,0.003070927108172935,0.016312265766420125
2024-09-19,161.1128387451172,162.75237989212232,160.31790373118696,162.67290003664115,26587700,157.39179229736328,164.36617919921875,157.74098063150277,54.13349440686774,-1.8988416257491565,-3.0901157290275543,167.90716542642426,146.8764191683023,3.6862941586861666,0.014579567024459283,0.014474307000745503,0.016658072357110233
2024-09-20,162.55368041992188,162.69279293629415,161.03337393309369,162.46425419413836,40896400,157.39214401245118,163.9342514038086,158.1993329923046,56.543339834041745,-1.305964305018108,-2.733285444225665,167.90820723800098,146.87608078690138,3.54151736186576,0.008943059324304503,0.008903306998413157,0.01656964426324896
2024-09-23,160.82469177246094,164.44163188871738,160.64582418208624,163.3088543567614,24150900,157.21574325561522,163.47766693115236,158.4493671618433,52.948281315381685,-0.9645015178607821,-2.379528658952689,167.3710229914373,147.06046351979316,3.55968095792043,-0.010636416493274514,-0.010693387509607674,0.01652490077202078
2024-09-24,161.2619171142578,162.18603362584005,159.67206190654358,161.99723481368196,23332100,157.0344093322754,163.00085083007812,158.71722906207324,53.749115162176366,-0.6511038480317097,-2.033843696768493,166.75541496765362,147.31340369689718,3.484987440875862,0.0027186456070780185,0.0027149567743496804,0.016518070134725123
2024-09-25,160.46697998046875,161.77861000791742,160.27818118844277,160.44710243338025,18869200,156.88676223754882,162.5599365234375,158.88387200668234,52.01565779390177,-0.46155816470110267,-1.7193865903550152,166.30017320642926,147.47335126866838,3.343233253632918,-0.004929478379113061,-0.004941668334237964,0.016441375420781966
2024-09-26,161.69912719726562,163.0405812277503,161.2519809078131,162.6033661315293,20319300,156.8915222167969,162.2012210083008,159.15199154864263,54.466885746122706,-0.20950284377511252,-1.4174098410390348,166.3145608406152,147.46848359297857,3.2882595388935343,0.007678509416372492,0.007649179706235339,0.016356624321749166
2024-09-27,162.91140747070312,164.65032158098356,161.5997772832552,161.7786297424913,21101300,157.0099868774414,161.932841796875,159.51003116026746,56.80488266275841,0.08707001174056472,-1.116513870483115,166.67021258115764,147.34976117372517,3.271279878810307,0.007497135540865285,0.0074691716990416945,0.016354521164353816
2024-09-30,164.79934692382812,165.09743429522993,162.22574304110324,162.28537567750828,20413900,157.14346008300782,161.70281677246095,160.01377551870183,60.22975619831524,0.4690402678868395,-0.7994030428091242,167.15050057306314,147.1364195929525,3.2427378341900486,0.011588749262168907,0.011522114026014501,0.016408200672588438
2024-10-01,165.93214416503906,168.08839566011457,163.53740758234116,166.62770671794624,28338100,157.63227005004882,161.4158609008789,160.57742967549586,62.16804068310274,0.8533251172389669,-0.468857410799506,168.32985271790304,146.9346873821946,3.336184280160289,0.006873796907305163,0.006850280070478695,0.013815701111111776
2024-10-02,164.80931091308594,166.45879878634457,163.68646438360673,165.3657609999376,17760200,158.11009140014647,161.10406707763673,160.98046598383777,59.09372541375594,1.0551077441568566,-0.1640643798082335,169.18685579212786,147.0333270081651,3.2959092889158286,-0.006766821809018109,-0.006789820558727869,0.013850819860274938
2024-10-03,164.80931091308594,165.584368557219,162.88159799640147,163.36849940346053,15073100,158.54871368408203,160.97407135009766,161.34511788186143,59.09372541375594,1.201175525996689,0.10898360135275101,169.95228358272476,147.1451437854393,3.253542236908807,0.0,0.0,0.01385910973506791
2024-10-04,166.00167846679688,167.16426473931182,164.43168589066445,166.99534350266865,19047400,159.36053771972655,160.97410430908204,161.78859984233148,61.44205654238159,1.3970451254436398,0.36659590617092874,170.45488221434084,148.26619322511226,3.216330566318704,0.0072348312550116756,0.0072087854127677875,0.009473674423304967
2024-10-07,161.94752502441406,167.41268277986842,161.7189863091265,166.65750280293437,22463100,160.06951599121095,160.8986117553711,161.8037355739584,50.76993568864932,1.2111752193451366,0.5355117688057703,169.84370680956053,150.29532517286137,3.3932852737775048,-0.024422364158165455,-0.02472553639447358,0.010841128204841026
2024-10-08,163.33868408203125,163.68645779124333,161.8382399845631,162.901468985077,23072700,160.850537109375,160.8007290649414,161.94992114615582,53.739267848953695,1.1627237337577014,0.6609541617961565,168.8955122980284,152.80556192072163,3.2829233118419845,0.00859018411925394,0.008553498429165893,0.01080883399967485
2024-10-09,160.8346405029297,163.7957583809211,158.72807525360884,162.41456443992033,31181800,161.38214797973632,160.63768218994142,161.84370394203904,48.11392560631578,0.9117599910613592,0.7111153276491972,167.77861336672095,154.9856825927517,3.4104061558041465,-0.0153303768373938,-0.015449102028622664,0.011350528101030053
2024-10-10,161.05323791503906,162.03697180217182,159.38387269706766,159.85089649743236,14144100,161.74930648803712,160.45419860839843,161.76842146327715,48.61956718619,0.7221835190765091,0.7133289659346596,167.09954212012428,156.39907085594996,3.356312795039862,0.0013591438475306639,0.0013582210475821372,0.010345453174063893
2024-10-11,162.20587158203125,162.86167892454625,160.21854168588243,161.1029028831837,15344300,162.0364730834961,160.3092483520508,161.81008337934898,51.31376291337987,0.6573729173775007,0.7021377562232278,166.80584121460603,157.26710495238618,3.305371683870145,0.007156848765749402,0.007131360063889831,0.009759336345574642
2024-10-14,163.9149932861328,165.1769369826469,162.36486307226147,162.6033481425783,19016100,162.37928771972656,160.27985260009766,162.0105509895189,55.075440617839035,0.7354441440957373,0.7087990337977297,166.62509843677861,158.1334770026745,3.2814926636376818,0.010536743753059685,0.010481619153016705,0.009944604161744282
2024-10-15,164.41184997558594,166.61777276120088,163.5871060435806,164.73974614754195,20247200,162.68434371948243,160.40746063232422,162.23924613104907,56.13645658838847,0.8278652212348447,0.7326122712851527,166.5792508354918,158.78943660347306,3.2635765246364383,0.003031185125242253,0.003026600346150112,0.00985427154557662
2024-10-16,164.11370849609375,164.74965346425518,162.70270607180197,163.48769471917151,16406000,162.95014724731445,160.54815887451173,162.41776635629142,55.29257625725519,0.867057169675121,0.7595012509631465,166.4537191032252,159.44657539140368,3.176674443766207,-0.001813381940148795,-0.001815028107567092,0.009885181013075995
2024-10-17,161.89784240722656,165.31605267037628,161.72892116495908,164.6801076327293,21453400,162.98939743041993,160.6316390991211,162.36824978971384,49.35422359811107,0.7111178723933165,0.7498245752491806,166.42671935757195,159.5520755032679,3.205992805312707,-0.013502017041555847,-0.01359399816581057,0.00995277915350796
2024-10-18,162.384765625,163.66660222742627,162.04692309495266,162.1562268737477,19757700,162.98095169067383,160.6635305786133,162.36982272640776,50.60951373711602,0.6196821796741858,0.7237960961341816,166.42334079857233,159.53856258277534,3.103333306376064,0.0030075954721413556,0.0030030817050050395,0.009767970165420145
2024-10-21,163.03065490722656,163.45792366085925,161.58982825285435,161.9177395848208,20946500,163.09124984741212,160.6757907104492,162.432759124581,52.298458986527066,0.5925065548476596,0.6975381878768772,166.38851883122703,159.7939808635972,3.0151020279209813,0.003977523875103639,0.00396963444037223,0.009473083389548815
2024-10-22,164.09385681152344,164.71987068710104,161.9475365199372,161.9475365199372,16568100,163.23284683227538,160.73670349121093,162.5909589042898,55.02484466924526,0.6492767265674217,0.687885895614986,166.44587288606294,160.01982077848783,2.997761466438329,0.006521484593813964,0.006500311715705957,0.00955304733032287
2024-10-23,161.74879455566406,164.7695447784646,160.90417320390316,163.71624709624942,18280500,163.29693756103515,160.7136016845703,162.51075277584926,48.44751375788431,0.49928512301355,0.6501657410946988,166.3329850375784,160.2608900844919,3.059733617018551,-0.014290981401899105,-0.014394080917577884,0.010069823559910061
2024-10-24,161.68919372558594,162.29533007096418,159.9900196550578,161.79849749810091,22412500,163.29644088745118,160.76452758789063,162.43250905677655,48.28952491633882,0.3713259927812089,0.5943977914320009,166.3335368275652,160.25934494733715,3.0058462455105386,-0.0003684777388409666,-0.0003685456434443794,0.009925375063933924
2024-10-25,164.22303771972656,164.54100267206263,162.38475119304076,162.63316747166715,19828900,163.36202239990234,160.8476727294922,162.60303559610512,55.00708148582942,0.4689714829547711,0.5693125297365549,166.41960546531033,160.30443933449436,2.9948435812938357,0.01567107817014035,0.01554955478202593,0.010405118562414238
2024-10-28,165.6638641357422,167.68100328825437,162.91140727340738,167.68100328825437,32138600,163.40524826049804,160.9266879272461,162.89454307607053,58.32258895773579,0.6550676753033144,0.5864635588499069,166.56560504727514,160.24489147372094,3.1216116122619186,0.00877359495976826,0.008735330623162549,0.010264637836162637
2024-10-29,168.6051025390625,169.30068030332265,166.03151333010814,166.6674584466476,42169000,163.5388961791992,160.99089599609374,163.43840588206976,64.13296881196825,1.0280330812509249,0.6747774633301105,167.28683751761682,159.7909548407816,3.158411937641815,0.017754254487932997,0.017598488680037903,0.01089941886317537
2024-10-30,173.3548126220703,180.866918031666,172.95733750175077,179.5353953312524,68890800,163.96617126464844,161.13997650146484,164.38282557159363,71.1320534036703,1.6874212198116254,0.8773062146264136,169.6463526600889,158.28598986920798,3.8086550487105058,0.028170618869066466,0.0277811249237168,0.01232049829642626
2024-10-31,170.02603149414062,175.69986574053596,169.91672772946706,172.0332391899073,44769000,164.22700729370118,161.24887817382813,164.92027375469334,62.00051533980102,1.919262193153287,1.0856974103317882,170.4875602449782,157.96645434242416,3.9496895460218195,-0.019202126999420255,-0.019388882439797157,0.013247335252065343
2024-11-01,170.2048797607422,171.22836871150324,167.81015851321018,168.99262234877236,31796500,164.43716735839843,161.40204284667968,165.42356956479324,62.28068849620264,2.0932991457492562,1.2872177574152819,171.18512664521157,157.68920807158528,3.9117267354697645,0.0010518875552754103,0.0010513347092149013,0.013181950306287453
2024-11-04,168.1678924560547,169.64844379948434,166.9456734265419,168.8535086611848,21492700,164.74818572998046,161.4783465576172,165.6849336496753,57.11544661786585,2.0433029088536614,1.4384347877029577,171.58134188122312,157.9150295787378,3.8651181353790873,-0.011967854902579234,-0.01204004623983268,0.012155386972326935
2024-11-05,168.66473388671875,169.4497227111904,167.77042612333224,168.35668494331605,18242100,165.01448822021484,161.55386932373048,165.9687241484413,58.02975546651947,2.0204806389872374,1.5548439579598137,172.02012065674344,158.00885578368624,3.708988024841877,0.0029544369225766864,0.002950081150938069,0.012058444333768835
2024-11-06,175.39183044433594,175.81911434381482,172.4009037964916,172.69900637438644,33695500,165.74234771728516,161.79330749511718,166.8661628432884,67.98304430958164,2.516209006064372,1.7471169675807254,173.80481563878465,157.67987979578567,3.955087484288605,0.03988442872791276,0.03910958075514428,0.01410693760257373
2024-11-07,179.60494995117188,179.93286122281984,176.0675049534539,176.28611246788589,25352900,166.6699333190918,162.15332794189453,168.07938066308682,72.39800096718689,3.2120147357320263,2.0400965212109856,176.44738323110786,156.89248340707573,3.9969405767311263,0.024021184431238574,0.023737214324455372,0.014742658911450972
2024-11-08,177.22015380859375,179.75398735731628,176.9518600207778,179.50557111433375,22006200,167.42064743041993,162.48688873291016,168.94993048646845,66.78425613671484,3.530317370271888,2.338140691023166,177.98568889324252,156.85560596759734,3.9115967738602238,-0.01327800900379672,-0.013366949948502595,0.01532345757421793
2024-11-11,179.20750427246094,179.40623425717754,177.3394090594478,177.4487128253608,17450400,168.18527297973634,162.82844116210939,169.9268422756106,68.94528945302726,3.898003319005994,2.6501132166197316,179.78740937074534,156.58313658872734,3.7883456077690503,0.011214020646961087,0.01115160966931803,0.0153381333355271
2024-11-12,180.469467163086,181.33396618962504,178.25359803223796,178.6808819487348,25134900,168.98815383911133,163.3147116088867,170.9309017887035,70.26809796176086,4.242324069898729,2.968555387275531,181.61208505135156,156.3642226268711,3.737775789884624,0.007041908740085034,0.00701723028860245,0.015343028646601182
2024-11-13,177.74681091308594,179.81363605883408,177.40895326922643,179.31680352847516,23184000,169.66980895996093,163.76459014892578,171.58003599102562,63.94000206304046,4.246553514958265,3.2241550128120777,182.63498522963565,156.70463269028622,3.689399940168548,-0.015086520134398484,-0.01520147936790179,0.01591951344314841
2024-11-14,174.4677276611328,177.68720818344102,173.21571503907634,177.15062051532624,31007500,170.29830322265624,164.13320739746095,171.85505424532155,57.25264209828251,3.9398941197356123,3.3673028341967846,182.9093732606832,157.6872331846293,3.7495210783000514,-0.018448056733667784,-0.018620344336531758,0.016242763712366593
2024-11-15,171.39732360839844,173.03686519817956,170.13536450155812,172.6294588087237,32504600,170.74893112182616,164.56584991455077,171.81146085132886,51.79053486432559,3.4098023144885303,3.375802730255134,182.82964216007773,158.6682200835746,3.791152655533955,-0.017598693431131296,-0.017755391613689154,0.01693898382587301
2024-11-18,174.18948364257812,174.32859614097288,171.80467846165004,172.3213885251699,20135300,171.30687255859374,165.0942803955078,172.03793921240023,55.90994287790368,3.1783664890074306,3.3363154820055936,182.93234060882403,159.68140450836344,3.7297326467511325,0.016290569627324558,0.016159301995561363,0.01720419607408607
2024-11-19,176.9916229248047,177.73687175049812,172.46051249052883,172.61950254558704,23434900,171.9517608642578,165.6797476196289,172.5097186135816,59.63742411562577,3.184353901939062,3.3059231659922874,183.33357714249428,160.56994458602134,3.8402059762667156,0.01608673051684506,0.015958710194867144,0.01742544587222933
2024-11-20,174.8651885986328,176.55441631876369,172.67912830422068,176.2165738071629,18997100,172.60758056640626,166.1730029296875,172.7340490883484,55.78329792402558,2.9831258729237504,3.2413637073785804,183.0336465454058,162.18151458740672,3.873940879432236,-0.012014321870336797,-0.012087077159513598,0.01730716058843244
2024-11-21,166.56808471679688,173.0269078339117,162.6629730093742,172.79835394534456,59734400,172.8515251159668,166.43016326904296,172.14681438629586,43.869958542977066,2.1295956160510627,3.019010089113077,182.4388961741736,163.26415405776,4.4688176444198335,-0.04744857423212023,-0.0486111831312199,0.0207906095278649
2024-11-22,163.7162628173828,165.40550568311707,162.8617101914929,164.79936934193785,38604600,172.8261863708496,166.57523773193358,171.34390471306602,40.65603936409991,1.2091106693622464,2.657030205162911,182.5068661043753,163.1455066373239,4.414357421625843,-0.017121058360386354,-0.017269318362218306,0.020922903560361854
2024-11-25,166.5879364013672,167.56173904858872,164.5608664092302,165.0378213787698,33135300,172.87238998413085,166.76582244873046,170.89095535004708,45.02362272061396,0.7032333398314279,2.2662708320966143,182.4238506883384,163.3209292799233,4.373723050881562,0.01754055177271896,0.017388491862533124,0.021205134110097126
2024-11-26,168.04864501953125,168.74422275300518,166.5184073625678,166.5680936524055,20486700,172.8445671081543,166.9605807495117,170.6202591280932,47.154157849804285,0.4154004119918113,1.8960967480756536,182.44868392352276,163.24045029278585,4.220301075135548,0.008768393736775293,0.008730174623414223,0.02091332658716854
2024-11-27,168.15794372558594,168.40636000516253,166.95561742322607,167.9294049937709,19266500,172.58472366333007,167.14778686523437,170.385752899283,47.31867281163379,0.19387536061194055,1.5556524705829111,182.39847946776513,162.770967858895,4.022475468478469,0.0006503992105499901,0.0006501877926491718,0.01984321955471111
2024-11-29,167.87973022460938,168.3566852687276,166.10107621213314,167.43258392311557,14257200,172.4774085998535,167.2831246948242,170.14708407312364,46.91828159710498,-0.004087227989913345,1.2437045308683463,182.4464480935075,162.5083691061995,3.8962707247724695,-0.0016544773015931824,-0.0016558474606371647,0.019394406092640554
2024-12-02,170.4036407470703,170.98989954223964,167.50214035040204,167.7008703464783,23789100,172.48734664916992,167.4401239013672,170.17151804207094,50.97133640256081,0.04219804743846112,1.0034032341823693,182.44769697048218,162.52699632785766,3.867091329562836,0.015034039660917653,0.014922148543152594,0.01970118835460979
2024-12-03,170.25457763671875,171.5860852555961,169.7676914327812,170.40363650165742,22248700,172.59168090820313,167.62872161865235,170.17942847965645,50.724993298771224,0.06608947610854443,0.8159404825676044,182.41158674075274,162.77177507565352,3.7207557933665547,-0.0008747648213268677,-0.000875147651346955,0.01949437317594758
2024-12-04,173.26536560058594,173.8019532050098,169.9763367929556,170.0657630063179,31615100,172.82171249389648,167.8687905883789,170.4733272530783,55.412307454329145,0.32423149311173916,0.7175986846764314,182.47704677446478,163.1663782133282,3.7282458375585286,0.01768403531734375,0.017529492070345723,0.019855024310502088
2024-12-05,171.54635620117188,174.94468929994056,171.23832242107443,174.24912670582898,21356200,172.6294387817383,168.09037811279296,170.57552048623006,52.35034619516654,0.3856556114018588,0.6512100700215169,182.22536546063765,163.03351210283893,3.7266830547947865,-0.009921252256361202,-0.009970795841499342,0.01780998189696501
2024-12-06,173.60325622558594,173.97090750291954,170.77130430056872,170.94022556750923,21462400,172.329354095459,168.32846069335938,170.8638762709306,55.517725382124965,0.5934681776918183,0.6396616915555772,181.39465709198726,163.26405109893074,3.6890344939059325,0.011990345175282746,0.011919030479134765,0.017111448999376905
2024-12-09,174.45877075195312,175.34414569527965,172.74770667593938,173.05610866341627,25389600,172.19128494262696,168.55940795898437,171.20624717388512,56.8038534122395,0.817767293809311,0.675282812006324,181.03585190475687,163.34671798049706,3.610991960008385,0.004927986634395198,0.004915883853536427,0.016938496724256197
2024-12-10,184.20785522460932,185.3916744156832,180.109267593904,181.89991783336416,54813000,172.44130249023436,168.947578125,172.44449555966838,68.11688675043581,1.7618856784003754,0.8926033852851344,182.29069105920914,162.5919139212596,4.133985653131364,0.05588188218130652,0.05437632503297023,0.021034313989070057
2024-12-11,194.3846893310547,194.59360484337623,183.88951960925283,184.34712093414169,67894100,173.1370635986328,169.51662902832032,174.53403782360994,75.36880743126083,3.2933283223588035,1.3727483726998684,186.4969393730967,159.77718782416892,4.603278480345081,0.055246471948964926,0.053774362342937025,0.0242138023597417
2024-12-12,190.9625701904297,194.16582489848332,190.71386920648584,193.98676747620544,34817500,173.7978515625,170.0396942138672,176.09865995378325,69.63324426703264,4.182656179514453,1.9347299340627853,189.16142864489063,158.43427448010937,4.53667431207535,-0.017604880057177863,-0.01776168908650935,0.024324557716685256
2024-12-13,188.83370971679688,191.72857792999457,188.6546370966736,190.0175137708408,25143500,174.5161506652832,170.5201821899414,177.31152183597501,66.25537900196807,4.661933794152702,2.4801707060807687,191.222477181069,157.8098241494974,4.4321933493071795,-0.011148051010781312,-0.0112106562505616,0.024024952556214785
2024-12-16,195.63815307617188,197.96599073113543,191.61913652261555,191.8678375159964,44934900,175.7281921386719,171.1129116821289,179.05691528742233,71.08372255516281,5.527113346606853,3.0895592341859857,194.71522845943983,156.74115581790394,4.767913896809421,0.03603405011520433,0.035400010203754266,0.02444901482195531
2024-12-17,194.40457153320312,200.37339478634232,193.96685539925247,196.22506444695088,43504000,176.73894653320312,171.7620526123047,180.51859683463954,69.15194138189229,6.043568162377028,3.6803610198241943,197.37166218462457,156.10623088178167,4.8849585746865944,-0.006305424190385045,-0.006325387339152963,0.02451507611879695
2024-12-18,187.4210357666016,195.97635478856293,186.7644767742897,194.2056051830061,34166100,177.26041717529296,172.2436996459961,181.17597197101685,59.323071663827605,5.822234259876893,4.108735667834734,198.41295521772298,156.10787913286293,5.194024248942782,-0.03592269313177543,-0.036583793740240074,0.026074002043557004
2024-12-19,187.53048706054688,192.027005162666,187.4011728691709,190.6342857051308,32265200,177.89368209838867,172.77761657714845,181.7811638843054,59.42042188686246,5.591205416581801,4.405229617584148,199.47546170267216,156.31190249410517,5.153439109267948,0.0005839861758185627,0.0005838157222502456,0.025838541536134053
2024-12-20,190.41542053222656,191.88772607244653,184.25758188521124,184.8146696474835,63462900,179.08604888916017,173.3648602294922,182.60347404125028,62.00179881464456,5.576619614970866,4.639507617061492,200.6682455360272,157.50385224229314,5.330346614837043,0.015383810477430426,0.015266679418852689,0.0229337774877099
2024-12-23,193.61871337890625,194.0862724877592,189.16198039152084,191.61914756204428,25675000,180.58117141723633,173.9931170654297,183.65254445436037,64.68784596250856,5.757174104441333,4.86304091453746,201.83777625582863,159.32456657864404,5.301342720651422,0.016822654581893692,0.016682720918207855,0.022305370021530765
2024-12-24,195.09100341796875,195.09100341796875,192.7731083908338,193.82759815006608,10403300,182.0063247680664,174.6166372680664,184.74192149851353,65.88161543037549,5.95047299127998,5.080527329885964,203.14074978192866,160.87189975420415,5.088239313971672,0.007604068911362338,0.007575303709048106,0.022207505607987964
2024-12-26,194.5836639404297,195.7276824419866,193.37000187433253,194.1359900072514,12046600,183.33307571411132,175.22007354736328,185.67923030250554,65.06534148012008,5.993634804796841,5.263148824868139,204.124837922112,162.54131350611064,4.893199403520414,-0.002600527285474663,-0.0026039145302452606,0.02233621900648622
2024-12-27,191.75840759277344,194.30511850410315,189.6593706110804,193.937030713524,18891400,184.5130989074707,175.77296752929686,186.25819956824535,60.56507874980578,5.733770935177404,5.357273246929992,204.3843815546948,164.64181626024657,4.895420398222477,-0.014519494033790936,-0.014625933441211797,0.02283627076140324
2024-12-30,190.24630737304688,191.5494980812226,188.13731273783964,188.8137872976618,14264700,185.63142776489258,176.33993682861328,186.63801935917883,58.243193586783605,5.344208388059457,5.354660275155885,204.10046621919378,167.16238931059138,4.804397145130429,-0.007885444183170942,-0.007916698710464676,0.023000060301320638
2024-12-31,188.31640625,190.9625886175899,187.5305025643788,190.08715621219056,17466900,186.52706604003907,176.8585696411133,186.79786572973325,55.32777561810825,4.8241406802104905,5.248556356166806,203.6431821925982,169.41094988747994,4.706374924279048,-0.010144223820663156,-0.010196027092887153,0.023197765469834986
2025-01-02,188.4457092285156,191.00236272405684,186.52574484771176,189.65937128935167,20370800,187.4366226196289,177.36687072753907,186.95480320580776,55.48853845238302,4.372019030692343,5.073248891071914,202.845377339972,172.0278678992858,4.689963706569478,0.0006866262005018609,0.0006863905805812912,0.023178646666162348
2025-01-03,190.79345703125,192.2060921029038,188.9928641770284,190.37564116282604,18596200,188.31302719116212,177.9008627319336,187.3203892844213,58.41480835569758,4.155253813416806,4.889649875540893,202.3289518660858,174.29710251623845,4.623565075699387,0.0124584837317121,0.012381515436115747,0.02306132861739448
2025-01-06,195.8470458984375,197.19003728298551,192.8427489428689,192.9720631324044,29563600,189.5280616760254,178.58282775878905,188.1324518190895,63.91417101289313,4.341205489419167,4.779960998316548,201.5974007488375,177.45872260321332,4.750209016844825,0.026487223125055914,0.026142510370702345,0.023251191922635143
2025-01-07,194.47422790527344,199.95559215597265,193.5888530048973,196.085805432373,26487200,190.57161026000978,179.2385284423828,188.73643049396418,61.5335864110887,4.327909150770665,4.689550628807371,200.34330394189365,180.7999165781259,4.865675455004149,-0.007009643606654015,-0.007034326571890627,0.023419754595750995
2025-01-08,192.94223022460932,195.2700679108895,191.3803958585084,191.5694110447413,24864800,191.49578323364258,179.81291229248046,189.1369828492637,58.897189119945864,4.1459602482350135,4.5808325526928995,197.91986784334625,185.07169862393891,4.795960926245361,-0.007877638580523594,-0.007908831098911252,0.023623297430199898
2025-01-10,191.04214477539065,195.49887742154428,189.32113818407663,193.29041142782185,26665200,191.83749771118164,180.32047790527344,189.31842684222815,55.70914148386257,3.804586511003208,4.425583344354961,197.3347849124459,186.34021050991737,4.8946593770469535,-0.009847950067783051,-0.009896761856473289,0.02059532654377787
2025-01-13,190.0174865722656,190.1866014129224,186.3864584263052,189.08238366148743,21823700,191.6191375732422,180.7487255859375,189.38500395937456,54.01126855618161,3.4120322276121158,4.222873121006392,197.04078797264137,186.19748717384303,4.877589875049702,-0.005363519156099006,-0.005377954464138578,0.016379084028826398
2025-01-14,188.6745147705078,190.98245196741,187.33152340912503,190.24630678281764,17174900,191.5047348022461,181.05511962890625,189.31733832233962,51.78363472700092,2.9584602410245964,3.9699905450100332,197.07159079299174,185.93787881150047,4.789971209566507,-0.00706762217511514,-0.007092716122983028,0.015981788038127984
2025-01-15,194.5338897705078,195.3396784348841,190.8630612510144,192.08666569767828,21776000,191.78974380493165,181.5452767944336,189.8141527459747,59.610637813862446,3.0367974567634803,3.783351927360723,197.36408197714394,186.21540563271935,4.923913527767205,0.03105546611383625,0.030583001952278404,0.017236263961463605
2025-01-16,191.9076232910156,194.4642614113344,191.8081368295779,193.1312278332848,17815400,191.60321731567382,181.97933166503907,190.01353089312144,55.27917334121192,2.8540626507103752,3.5974940720306536,196.89233877998691,186.31409585136072,4.766902057278827,-0.013500303122455537,-0.013592260790122978,0.015504081217126268
2025-01-17,194.98155212402344,196.2051565937249,192.74324348994665,195.50879694346804,27735100,191.63206634521484,182.51560485839843,190.48667577225496,59.03150089972108,2.9235831209575736,3.4627118818160376,196.98786590487754,186.27626678555214,4.733375717666718,0.016017752605619107,0.015890822040665095,0.01588927626655129
2025-01-21,197.0209350585937,201.23889429991505,196.8418624454126,198.03563938794176,29971300,192.11206130981446,183.08272888183595,191.1089861804777,61.3486060222229,3.107419357430814,3.391653376938993,197.59151691729267,186.63260570233626,4.842230464682781,0.01045936352621224,0.010405042828493815,0.013540273397704212
2025-01-22,197.3392639160156,199.4383009556805,196.5036322020885,198.02568110227872,26200600,192.60250015258788,183.52167755126953,191.70234596481464,61.71261600209727,3.241432165431519,3.3616091346374986,198.10966617671195,187.0953341284638,4.705976056747724,0.0016157108244727603,0.0016144069679863593,0.01353420397756942
2025-01-23,196.9512939453125,199.25924653814067,194.1857400077197,197.11046623023265,26951400,192.92929382324218,183.86860443115233,192.2022457724811,60.95909831898189,3.278539385826889,3.3449951848753767,198.6500839121824,187.20850373430196,4.732228233438671,-0.001966004955142653,-0.0019679400796099727,0.013226836572064474
2025-01-24,199.1696929931641,199.85609492474924,196.9711697228321,197.07065618338208,23877500,193.20684280395508,184.30759521484376,192.8658121744509,63.68921595269027,3.4472160280071193,3.365439353501725,199.5403064685058,186.87337913940436,4.601697715295677,0.011263693695089838,0.011200730653728876,0.012949398485542633
2025-01-27,190.81332397460932,195.85698677854776,189.73893399543607,191.4102123562064,41728900,192.99295883178712,184.5397116088867,192.67033710779933,49.61467359028707,2.873480643300553,3.267047611461491,199.34634775498307,186.63956990859117,4.946630664040844,-0.04195602700879586,-0.042861601238795594,0.016081607596736415
2025-01-28,194.28521728515625,194.46427471258812,189.68921264751984,191.7484641400102,24157900,192.97803649902343,184.8160266113281,192.82413521992856,54.148409599130176,2.668186795231634,3.1472754482155194,199.31779816164584,186.63827483640102,4.934375764114233,0.018195235208045224,0.018031682852329648,0.016634428386970653
2025-01-29,194.39463806152344,195.7674571519655,192.4249153665142,194.5438525780378,18218300,193.10984802246094,185.14898315429687,192.97370691912806,54.288014396436964,2.485666072549037,3.0149535730822232,199.45231866816337,186.7673773767585,4.82067333706688,0.0005631966131864896,0.0005630380774956539,0.016276954028794966
2025-01-30,199.8262481689453,200.35349300478669,196.6428788262704,196.97116592435128,24354700,193.58884506225587,185.65615356445312,193.62632989530113,60.686803222752744,2.7476296622353686,2.9614887909128527,200.42194204755023,186.7557480769615,4.901972023223763,0.027941151883535076,0.02755792014492204,0.017214150848902213
2025-01-31,202.9599151611328,204.412320492244,200.75144907949408,200.9504068424472,32001100,194.3210205078125,186.28740539550782,194.51524277776127,63.83235515421641,3.171538905244063,3.003498813779095,201.84103112163172,186.8010098939933,4.8794077589434,0.015681958806222918,0.01556026748029611,0.01717641786914821
2025-02-03,200.1843719482422,202.69128186873195,199.0602539340499,199.64718455503103,27838300,194.90795364379883,186.8073031616211,195.05515984161661,59.306112915625135,3.246107783436287,3.0520206077105336,202.33388921479266,187.482018072805,4.809425863810508,-0.013675327025472361,-0.01376969564560293,0.017612161573005745
2025-02-04,205.30764770507807,205.97416454187623,201.75619025433605,202.33317837712485,43856400,195.63366317749023,187.37362365722657,196.03158725718438,64.33349508247457,3.676232374776788,3.176862961123785,204.07657811453046,187.19074824045,4.879452058797903,0.025592785825261588,0.025270773057795112,0.018211271234036947
2025-02-05,190.33583068847656,191.74845039513903,187.0529748053441,190.0771871408914,70373900,195.35810241699218,187.68303649902344,195.4891342506408,46.32314294265095,2.7769972085508243,3.096889810609193,204.10929531181523,186.60690952216913,5.8348249760076225,-0.07292381547378268,-0.07571953283827111,0.024262948539888432
2025-02-06,190.6044464111328,191.1018483953169,187.73940612479137,188.5153520057582,29297400,195.16461334228515,188.16376373291016,195.02392588497338,46.61192547348527,2.062249575183415,2.8899617635240378,204.15331888024735,186.17590780432295,5.658226211330329,0.0014112724949613131,0.001410277585882338,0.024228772306933197
2025-02-07,184.376953125,190.1866043191136,182.28787402069705,190.05729013281345,49315000,194.7363494873047,188.5769775390625,194.00992847926165,41.09228653898415,0.981980602281709,2.508365531275572,204.85317274258762,184.61952623202177,5.848108081266432,-0.032672340039225256,-0.03321799918460674,0.02522807977927893
2025-02-10,185.5010986328125,187.2221052611588,184.8942676002274,186.37653098919856,23105600,194.45929718017578,188.9552407836914,193.1995637319808,42.41783485246886,0.21410078536337096,2.049512582093132,205.24686515602022,183.67172920433134,5.633611228044457,0.006096995794536042,0.006078484320490529,0.025217588043421873
2025-02-11,184.35708618164065,185.9686638183211,183.32248151205212,184.0685845185901,21239500,194.17627716064453,189.2814096069336,192.3574230129008,41.396931908630215,-0.4812146033169995,1.5433671450111057,205.68784606432217,182.6647082569669,5.420223447917636,-0.006167146499958753,-0.006186241897826978,0.02522527491759264
2025-02-12,182.6559600830078,184.148166058792,180.88521020610412,182.26798713648407,22072600,193.87534942626954,189.57136993408204,191.4334741624348,39.860650480292975,-1.1561958119653184,1.003454553615821,206.23025338596125,181.52044546657783,5.281055771318987,-0.00922734316247964,-0.00927017880312752,0.025256311440004946
2025-02-13,185.1728057861328,185.3120777313061,182.18839394998832,183.36227049888035,21402500,193.40729522705078,189.9172314453125,190.8372200313584,43.21815709385517,-1.471077206389623,0.5085482016147322,206.3234661381327,180.49112431596888,5.126957772033186,0.013779160022926229,0.01368509054469635,0.024371025443459246
2025-02-14,184.2675323486328,185.4314511545324,183.3622722859357,184.0984174978102,20448400,193.02529067993163,190.19450927734374,190.21153549014645,42.30332679072145,-1.773230285851497,0.052192504121486405,206.53458418550744,179.51599717435582,4.908544993216295,-0.0048888033729183045,-0.00490079266361204,0.02423607497643895
2025-02-18,182.8151092529297,184.99373213088467,180.7956586353509,184.6356021347893,29916700,192.41696853637694,190.44571990966796,189.50711394374483,40.810716041505344,-2.105614965020436,-0.3793689897068981,206.59811647599616,178.23582059675772,4.8577970290961145,-0.007882143301051858,-0.007913371598077774,0.023901164124764625
2025-02-19,184.3073272705078,184.4963424448096,182.63604878465785,183.11356559747395,19549400,191.78128814697266,190.6665591430664,189.01189616534128,43.03457480894837,-2.2229973650751162,-0.7480946647805418,206.2174425310235,177.34513376292182,4.64368964560009,0.008162443594930568,0.00812931102525809,0.023838838668126198
2025-02-20,183.6010131835937,184.34711614040583,181.77057757262892,183.83977159439488,20441500,191.09437561035156,190.90765228271485,188.49657397660343,42.225864575116105,-2.3459744733039543,-1.0676706264852243,205.7135520178556,176.47519920284753,4.496035997184149,-0.0038322626526804404,-0.0038396245857931417,0.02381379880399795
2025-02-21,178.7264862060547,184.37696551099648,178.14949807767616,184.18795032658747,35199200,190.18313522338866,191.0101168823242,187.56608942702738,37.05104536246578,-2.804440462594016,-1.4150245937069825,205.48447901566044,174.88179143111688,4.619709671193876,-0.02654956469474745,-0.026908369379493945,0.02436795896975449
2025-02-24,178.318603515625,182.1684898470569,177.96047349552646,181.0443717341252,29854200,189.1405807495117,191.08731353759765,186.6853764830843,36.6463439085053,-3.1642156777975003,-1.764862810525086,204.6900251429391,173.59113635608432,4.59030300550363,-0.0022821614137226165,-0.0022847695129062065,0.024091851703199593
2025-02-25,174.50851440429688,177.81127094293743,173.7823117406095,177.11489600513676,41913400,188.3253402709961,190.8933267211914,185.5256753327236,33.01829236104156,-3.713970141008218,-2.1546842766217127,205.09992258829323,171.55075795369896,4.586445060468764,-0.02136675050281145,-0.02159832410795489,0.02284777334612404
2025-02-26,171.8324737548828,175.16507289862997,170.68845533929954,174.16032642215686,35431300,187.20270309448242,190.44228240966797,184.22156089673877,30.718024878665275,-4.315838331898533,-2.586915087677077,205.1928186410345,169.21258754793033,4.578600238958883,-0.015334728271276687,-0.015453521219989438,0.02234239676110549
2025-02-27,167.62448120117188,173.65299127143683,167.06739336596,173.0859608604194,39991000,185.86419525146485,189.97552062988282,182.6408866400181,27.476481821053056,-5.073884459166777,-3.084308961975017,205.42932783935507,166.29906266357463,4.721957215138738,-0.024488924949736757,-0.024793765779663034,0.02266220435476632
2025-02-28,169.39520263671875,169.7234897370402,165.90344649975822,167.80351036476668,48130600,184.3426429748535,189.58675048828124,181.37939292541816,30.78634656134787,-5.468719065909738,-3.5611909827619614,204.06044424869438,164.62484170101263,4.657534788148971,0.010563620676754093,0.010508215480610338,0.02155271361530047
2025-03-03,166.14219665527344,172.46915017235435,165.06780660374991,171.0366301036563,40770500,182.50175704956055,188.99683135986328,179.92823137588056,28.23678269974519,-5.975239886625275,-4.0440007635346245,201.7933854834095,163.2101286157116,4.853521129610074,-0.01920364880947445,-0.019390434045155114,0.020938123612647346
2025-03-04,170.0319061279297,172.38958686515363,164.93851425765493,165.37623046766387,45388000,180.99413375854493,188.5093780517578,178.98572420940906,35.15222275927135,-5.993702567297333,-4.433941124287166,199.20511061729027,162.7831568997996,5.039060520887834,0.023411929966996592,0.023142074509689043,0.02217729364445075
2025-03-05,172.1209716796875,172.87701716435777,168.18154163334694,169.63396197807168,30954900,179.33479995727538,188.20337677001953,178.3319382541975,38.57577674318141,-5.773214223896758,-4.701795744209084,194.10447606961762,164.56512384493314,5.01451873589662,0.01228631495894672,0.012211450770888137,0.021302268780757985
2025-03-06,171.45445251464844,173.9016615264532,169.6140592892689,169.6439021909127,28302000,178.39073104858397,187.88185607910157,177.67693961233567,37.88849517067531,-5.587844951219722,-4.879005585611212,192.63129661950128,164.15016547766666,4.96259612884574,-0.0038723878823984093,-0.0038799049887305584,0.014977489139494342
2025-03-07,172.95660400390625,174.06083692312112,169.38526170085638,170.37010783184354,27385800,177.50833892822266,187.53267974853514,177.2273838401043,40.46299449406832,-5.259103721902676,-4.955025212869505,190.76542092688877,164.25125692955655,4.942094635518525,0.008761227645164071,0.008723070795509736,0.015233715743289529
2025-03-10,165.1981658935547,167.77768707285077,163.02700292073365,167.57848498247546,43604000,176.54939956665038,186.96426879882813,176.081744035671,32.88202801371915,-5.560516867600825,-5.076123543815769,190.43984463347678,162.65895449982398,5.298345096065245,-0.04485771535024086,-0.04589496043713826,0.016592898013801
2025-03-11,163.3755645751953,166.0745946593306,160.71638098509786,164.24205105519363,39587400,175.44312286376953,186.32996002197265,174.87163170610188,31.393986370445703,-5.878691752246539,-5.236637185501923,189.8213172574812,161.06492847005785,5.302621423077208,-0.011032818121805121,-0.011094131046301855,0.016412343560440384
2025-03-12,166.4331512451172,166.96100335852913,162.86764957538162,165.90529913170525,28372400,174.54692611694335,185.7669497680664,174.0679669002938,36.57912640478405,-5.817070383331384,-5.352723825067816,188.8250201387162,160.2688320951705,5.216245163082229,0.01871507944209494,0.01854210713718618,0.017332344645562783
2025-03-13,162.1007537841797,165.4571143189754,161.4533926135524,165.36746730396223,31756200,173.51916580200196,185.17379669189452,172.92823231780676,32.79676118266316,-6.048104488520124,-5.491799957758278,188.26599456650322,158.7723370375007,5.19935326797384,-0.026030856404063885,-0.026375655927734373,0.01794662820947793
2025-03-14,164.8197021484375,165.8156517325666,161.79200690237369,162.60869285591215,31995900,172.5015106201172,184.66526458740233,172.1559913492954,37.186516958955906,-5.943293681607315,-5.582098702528086,186.68957387514402,158.31344736509035,5.115374093846632,0.016773200005459676,0.016634083352063917,0.01813006863576257
2025-03-17,163.6245574951172,165.6264259709924,163.00707358955603,164.36156568984055,31184300,171.4693618774414,184.17142761230468,171.34347383937364,36.07115855807497,-5.8887862846429755,-5.643436218951064,185.0749497263408,157.863774028542,4.937086828674469,-0.007251224445509297,-0.007277642359106003,0.018132561426830805
2025-03-18,160.0192108154297,163.58471199332098,156.08521317066442,163.01701346080097,42074800,170.3295669555664,183.60289764404297,170.26497259899804,32.86843665304343,-6.066578386430706,-5.728064652446993,183.7605567189936,156.89857719213921,5.122962364087205,-0.02203426389584029,-0.022280644219371096,0.018492078429859157
2025-03-19,163.2261962890625,165.19817244671944,160.34790225399752,161.10481855769754,34275600,169.27551040649413,183.0515524291992,169.59461295043275,38.13065987999282,-5.8809114952175605,-5.758634021001107,181.39835510035513,157.15266571263314,5.1269623117445295,0.02004125290513925,0.019843070502988523,0.01916540272119596
2025-03-20,162.14059448242188,164.22212545502225,160.3080509045436,160.91558075554488,28138500,168.20248947143554,182.3774234008789,168.8847064296698,37.07131174181596,-5.755027761660415,-5.757912769132969,178.76162138881173,157.64335755405935,5.04032747165411,-0.006650904274691949,-0.006673120096854523,0.0191599207690205
2025-03-21,163.32577514648438,163.57476253851374,160.23832540652674,160.5570365628768,36625800,167.43245391845704,181.75445434570312,168.35528440269977,39.06176925052761,-5.496272216450734,-5.705584658596522,177.0099804730811,157.85492736383299,4.918621018820745,0.0073095862750829355,0.00728300072363914,0.01874180902480151
2025-03-24,167.00083923339844,167.63826163368083,164.47113366947016,166.3933245024789,30879100,166.8665657043457,181.2356265258789,168.22628962467107,44.883485331316564,-4.93774042661579,-5.552015812200375,175.03869545478008,158.69443595391132,4.875325695133296,0.022501433614002142,0.02225201100132062,0.0196799860958894
2025-03-25,169.86917114257812,169.93889491315255,167.63825363596857,168.29556886017417,24174400,166.63459854125978,180.81216705322265,168.3827545311384,48.98031688914167,-4.215060946934614,-5.284624839147224,174.16398905417228,159.10520802834728,4.736949265463354,0.01717555386156433,0.017029721502325113,0.01968296199004172
2025-03-26,164.3914337158203,168.9230073021116,164.17232359449744,168.31547745607713,28901600,166.26254653930664,180.29964599609374,168.00262873920337,42.48554315144122,-4.0377946997811875,-5.035258811274017,173.45565484287368,159.0694382357396,4.805513428507449,-0.032246801405536485,-0.03277818434310594,0.02066282620270753
2025-03-27,161.5828857421875,164.7499985121227,161.34385234187698,163.96320493120362,24508300,165.96046676635743,179.75781341552735,167.3912246442495,39.587120794880434,-4.07693984649174,-4.843595018317561,173.40255452051113,158.51837901220372,4.705558624345896,-0.017084515355513474,-0.017232139495101294,0.02030198519549399
2025-03-28,153.70492553710938,161.16459457709033,153.00776375696793,159.83997959632808,48669300,165.17595291137695,178.94123413085939,166.08776758642662,32.82294791102764,-4.689589537949331,-4.812793922243915,174.15387016708988,156.19803565566403,4.9819560072654445,-0.04875491713675517,-0.04998353895153857,0.022625827580960118
2025-03-31,154.013671875,154.91002058949647,150.0497960442676,152.48986994216352,54603500,164.56952667236328,178.18335510253905,164.9378537091479,33.303935320433695,-5.09151378164762,-4.868537894124657,174.7609233043003,154.37813004042627,4.973260902834261,0.0020086951463118563,0.0020066804157516435,0.02240140721327865
2025-04-01,156.43382263183594,157.45964958057314,152.99778409802235,152.99778409802235,30672900,163.8896224975586,177.4124005126953,164.12794598749915,37.105403750646595,-5.155328285063689,-4.925895972312464,174.3436123935495,153.4356326015677,4.9367326585283,0.015713869602434816,0.015591685085637479,0.021976009745563317
2025-04-02,156.40391540527344,157.7683766642482,154.07339703462338,154.52157130636616,25041700,163.1037696838379,176.6000601196289,163.39232402728717,37.07727972754018,-5.148960984901038,-4.970508974830179,173.32491376993792,152.88262559773787,4.848036013606622,-0.00019118133188422703,-0.0001911996093646367,0.02166645197836962
2025-04-03,150.10952758789062,152.16118136873095,149.78086239042807,150.49794733089453,46883400,162.0365234375,175.6554653930664,162.1272957949637,31.641526290121803,-5.587411148440623,-5.0938894095522675,172.9790557316714,151.0939911433286,4.974822942266533,-0.04024443890086005,-0.04107665079747522,0.023086481839977982
2025-04-04,145.01026916503906,150.45811474262314,144.79115903527634,147.41049617328275,62259500,160.63920669555665,174.61664489746093,160.49710278258993,28.053342299327923,-6.274030482399212,-5.329917624121657,172.72465545406197,148.55375793705133,5.024260996915124,-0.033970251620876635,-0.03456064982026522,0.023584489424268242
2025-04-07,146.15560913085938,152.23090799124293,139.96080117715204,140.9766740613606,76794100,159.68707885742188,173.55636322021485,159.13124624432987,29.974166606235613,-6.649115029026149,-5.593757105102556,173.11205483145142,146.26210288339234,5.541821412427679,0.00789833694134301,0.007867308353862323,0.02221519556046
2025-04-08,144.11392211914062,151.62339155340192,142.4506879025941,150.60751857909074,52200200,158.72399673461913,172.62237518310548,157.70102489907376,28.512809147796418,-7.03008091658856,-5.881021867399757,173.6338434133476,143.81415005589068,5.8011701437405465,-0.013969268944654334,-0.014067757466264225,0.022260785507556523
2025-04-09,158.06716918945312,158.90376321404577,143.32711193141117,143.8350407612742,70406200,158.30569763183593,171.8980142211914,157.7358957838718,47.390354446613514,-6.135364043211268,-5.93189030256206,172.79029991346945,143.8210953502024,6.499418796518694,0.09682095154399573,0.09241595151239865,0.03168419256397971
2025-04-10,152.20103454589844,157.0811818078422,149.322725435418,155.90595330498695,48022000,157.8107116699219,171.0541421508789,157.20876614216004,42.32952074109762,-5.83241012203726,-5.911994266457101,172.41881048139652,143.20261285844725,6.6597777220555825,-0.03711165749115031,-0.0378178214569679,0.032216911508326534
2025-04-11,156.5035400390625,157.03139218045564,152.2010451058409,152.28070771093053,33636200,157.39490356445313,170.18768798828125,157.14160175138883,46.815633548440665,-5.185367037650963,-5.766668820695873,171.6504819600298,143.13932516887647,6.529104858662841,0.028268569303755875,0.027876387098574023,0.03268111865343698
2025-04-14,158.4257354736328,161.06499625643693,156.92184161132906,159.3519614550363,30333000,157.1349624633789,169.29700439453126,157.26390020112635,48.73432057206374,-4.46599442077121,-5.506533940710941,171.11359054892972,143.1563343778281,6.388558527142239,0.012282121120650302,0.012207307825436962,0.03281033258061609
2025-04-15,155.6768798828125,159.0033479067655,154.5813444386225,158.4854650554691,27551500,156.91784591674804,168.40685455322264,157.11275540890597,46.16917884380625,-4.070770800309504,-5.219381312630654,170.84533341543042,142.99035841806565,6.248090308642294,-0.01735106725307145,-0.017503361233583637,0.03266956502772288
2025-04-16,152.70896911621094,155.2585979132132,150.8963333701315,152.47990494067977,28187400,156.39198455810546,167.35488098144532,156.69334719055405,43.506526538825796,-3.9514885286190236,-4.965802755828328,170.11979061924805,142.66417849696288,6.143265751787917,-0.019064557105947233,-0.0192486290296278,0.03252157388230353
2025-04-17,150.5477752685547,154.05350761930674,147.8985451558595,153.6650878055648,33046600,155.8123435974121,166.55911987304688,156.10805462655412,41.624030767891725,-3.985405477066365,-4.769723300075936,169.49921241064737,142.12547478417684,6.144101231192154,-0.014152370094330124,-0.01425346988527247,0.03261105753869231
2025-04-21,147.07186889648438,148.34668311054725,145.50823599827558,148.27697454416065,26049100,154.9996482849121,165.68846832275392,155.2474655094046,38.72203483509702,-4.243841138982958,-4.66454686785734,168.73563503861365,141.26366153121054,6.065203948269795,-0.023088394138470747,-0.02335910609743483,0.03280287470373845
2025-04-22,150.8564910888672,151.5735760354548,147.93835078181212,148.2869392297591,26971800,154.19243087768555,165.01805908203124,154.82927746935343,43.35297251295644,-4.096049176260465,-4.550847329537965,166.869116793238,141.5157449621331,5.953525604748412,0.025733148159330144,0.02540762340611101,0.03295168747806617
2025-04-23,154.72079467773438,156.8919577671247,153.18702360261742,154.9797361333446,31128800,153.43501205444335,164.4024530029297,154.81894577491352,47.69914334991042,-3.6253155952290967,-4.365740982676192,163.89003138971083,142.97999271917587,5.9593785385704905,0.025615759461028453,0.02529317315535771,0.0332970276306293
2025-04-24,158.63485717773438,158.94359913409957,155.1589874690415,155.51752994672043,45894000,153.14718322753907,163.88800842285156,155.18236590851552,51.73815228642758,-2.902960190201952,-4.073184824181344,162.65376464797052,143.64060180710763,5.835337532698683,0.025297585293253766,0.024982897568979503,0.03322702329776724
2025-04-25,161.30401611328125,165.42724716152773,160.38772903857225,164.4014202116321,56034000,153.13323974609375,163.46096954345703,155.7653802137313,54.32841298687151,-2.091005696359815,-3.6767489986170383,162.5909816426909,143.6754978494966,5.903698422062589,0.016825803502671155,0.016685817737390096,0.03324260018733253
2025-04-28,159.95947265625,162.48917806099573,157.9576193461597,161.7720931027873,29745800,153.4459671020508,162.95670288085938,156.16481758920926,52.791364694398354,-1.5382869163166504,-3.2490565821569612,163.36119853686887,143.5307356672327,5.805688442974977,-0.00833546175370492,-0.00837039597907699,0.03126496606297614
2025-04-29,159.5113067626953,160.0889594093041,156.88200017636458,159.6706623611363,26809000,153.72084884643556,162.46157836914062,156.483530843827,52.26062238007904,-1.1234659272636236,-2.823938451178294,163.98256341128157,143.45913428158954,5.620064927972443,-0.0028017465056151547,-0.002805678743829882,0.03128702975496704
2025-04-30,158.15679931640625,158.62489684356424,154.7705615625615,157.34011335090173,34981100,153.80699768066407,161.96841217041015,156.6428897459774,50.60470376110491,-0.8937125734102551,-2.437893275624686,164.18662124253615,143.427374118792,5.557256375983968,-0.008491607734768092,-0.00852786684708199,0.031205180360497936
2025-05-01,160.64666748046875,161.29402861733962,158.2663486338276,159.80010427349828,30203200,154.01913528442384,161.49519897460937,157.02420191116707,53.52017356833061,-0.5048996640169037,-2.05129455330313,164.76920487000552,143.26906569884216,5.38439729919464,0.01574303586582637,0.015620399712381517,0.031376149962994496
2025-05-02,163.36563110351562,164.3018262703875,161.21437606436152,162.7481471411051,25715000,154.68194046020508,161.0904913330078,157.6281475485336,56.537026356504526,0.022377060155605477,-1.6365602306113831,166.00541800209928,143.3584629183109,5.26088026281779,0.016925116877245072,0.016783482966359536,0.029914752024106796
2025-05-05,163.54490661621094,164.72011996544808,162.06093609508568,162.33980079480253,21341800,155.60867233276366,160.78685974121095,158.19164841212194,56.73642138246028,0.44953177600257277,-1.219341829288592,166.64443259091868,144.57291207460864,5.075044806213834,0.0010973881806370933,0.0010967864903792123,0.028527277779064712
2025-05-06,162.56884765625,164.13249581033162,160.53711717512775,161.51314352018753,21277200,156.4293342590332,160.47186462402342,158.60852453061034,55.250250000970446,0.70121202920771,-0.8352310575893317,166.96075333784,145.8979151802264,4.9693543654274075,-0.005968140372915709,-0.005986020900498838,0.028657335207525832
2025-05-07,150.76686096191406,164.33169015930102,147.24119073545722,163.41541831659652,127490100,156.76198120117186,159.9970315551758,157.86169942882972,41.197976554494396,-0.05106263155244051,-0.6783973723819535,166.0650461474159,147.45891625492783,5.835150441028579,-0.07259685274568162,-0.07536691339853324,0.03338521983893052
2025-05-08,153.65512084960938,155.29843180094085,152.2807053795591,154.37220586033243,57498700,156.5413787841797,159.6334844970703,157.46107289747542,44.89194562256595,-0.40946720228566846,-0.6246113383626966,165.91912738394365,147.16363018441575,5.7420376123141645,0.019157126899557397,0.0189759395070669,0.025443623203300077
2025-05-09,152.13131713867188,154.4220044950508,151.58354176260508,153.5455638933439,32435300,156.53789291381835,159.3236212158203,156.9534771109227,43.34485422339228,-0.8071592024245717,-0.6611209111750717,165.92214202162052,147.1536438060162,5.5346394066092754,-0.00991703825106438,-0.009966539618104429,0.024109562038118648
2025-05-12,157.8181915283203,158.45559870977985,155.61713606908535,156.85211913184455,44138800,156.60362548828124,159.09208099365233,157.0358308649606,50.23740334543365,-0.6558890608813783,-0.660074541116333,166.0043938141343,147.2028571624282,5.591042418359182,0.03738135248289942,0.03669960753059422,0.024744516705880015
2025-05-13,158.88385009765625,159.9196462677562,155.52750456311006,158.14684186881533,42382100,156.62653121948242,158.9469140625,157.2118326966459,51.42985032968157,-0.4448882486041441,-0.6170372826138952,166.04715828567979,147.20590415328505,5.505406653093965,0.006752444436322724,0.006729748793484232,0.02463913206152746
2025-05-14,164.70018005371094,166.3235827604559,158.9635158437858,159.31210428165852,48755900,157.07769622802735,158.84027954101563,157.925008635414,57.42628651271548,0.1894764668949449,-0.4557345327121272,167.1171388633568,147.0382535926979,5.643572796644372,0.03660743337022443,0.035953297662503006,0.025526913066623087
2025-05-15,163.2958984375,165.53678497348048,161.71232706903228,165.16827329805872,33146700,157.6070426940918,158.66377807617187,158.4365219498984,55.64020070224573,0.5723041182931468,-0.25012680251107244,167.7847452900417,147.4293400981419,5.513636018630359,-0.00852629071657951,-0.008562847477303381,0.025150530006249627
2025-05-16,165.51686096191406,168.66406524073284,164.94916241420358,167.05061660833445,42846900,158.35549697875976,158.54502624511719,159.11083995104278,57.87189749238976,1.042889127822832,0.008476383555708455,168.5482045952668,148.1627893622527,5.5032453603876785,0.013600846963490065,0.013509185623782186,0.02488002803960516
2025-05-19,165.86544799804688,165.96504904182535,163.55485271284547,163.84367142462605,30426100,159.2951759338379,158.403203125,159.75413595551936,58.22711533133274,1.4275038233245425,0.2922818715094753,168.57823161199317,150.01212025568262,5.282313286715692,0.0021060515170900906,0.002103836899447901,0.02400266511100026
2025-05-20,163.31582641601562,167.817523283891,162.24019892385144,165.75590012466307,46607700,159.91814270019532,158.3655563354492,160.09334457080473,54.60075703361838,1.509183657150146,0.5356622286376095,168.4979805793868,151.33830482100385,5.303385506238826,-0.015371625693021196,-0.015490993967462221,0.024011849355976524
2025-05-21,167.8772735595703,172.43872486137178,162.89752522096424,163.02700354080346,73416000,160.57596664428712,158.45559051513672,160.83467114116337,59.46471957947944,1.9198552802070594,0.8125008389514995,169.472581516335,151.67935177223924,5.606086515822306,0.027930221116080123,0.027547286437387013,0.02412552177841866
2025-05-22,170.1779022216797,176.05401394301808,170.0185618363875,171.15394376538748,74864400,161.1531188964844,158.53048553466797,161.72450267264114,61.693865521730274,2.403253792340621,1.130651429629324,170.92569222529244,151.38054556767634,5.789704649224125,0.01370422936546567,0.013611175603753453,0.023732319815048707
2025-05-23,167.78762817382812,169.2715985296926,167.2099755896054,168.3752347830085,35211400,161.47729949951173,158.64422302246095,162.3019431965637,58.117839769500286,2.5639201807381653,1.4173051798510925,171.66953212488087,151.2850668741426,5.5881490765705655,-0.014045736941438514,-0.014145311805724975,0.023843607345722932
2025-05-27,172.19969177246094,172.46860243837372,169.3114438097941,169.47079940418584,37995700,162.08931045532228,158.7918228149414,163.24458591807772,62.44501961705604,3.012539431017615,1.7363520300843969,173.26591798154806,150.9127029290965,5.52335087571164,0.026295523970706114,0.025955740333611702,0.02428793847069372
2025-05-28,171.66188049316406,174.56009759174125,171.21370619473117,172.45864324425892,34784000,162.69683914184571,158.95256927490234,164.0462330204669,61.609424583403225,3.286788491651407,2.046439322397799,174.54748428012954,150.8461940035619,5.3678537700901,-0.0031231837511505045,-0.003128071068167838,0.024292767527123085
2025-05-29,171.1638946533203,173.71352313508294,169.93888093061088,173.29522613701107,29317300,163.3471939086914,159.17546295166017,164.72410555692915,60.79816417753209,3.4244743440504237,2.3220463267283242,175.552182986362,151.1422048310208,5.254052943974527,-0.0029009692682678834,-0.002905185235183405,0.024173785738777268
2025-05-30,171.0443878173828,171.5124853397844,166.76180154699824,170.6559680857075,52639900,163.8670799255371,159.33182678222656,165.32603720078188,60.59196420799566,3.4837892176324488,2.5543949049091492,176.44767699879662,151.28648285227757,5.218098004603929,-0.0006982011958746037,-0.00069844505184319,0.02404130266821673
2025-06-02,168.34536743164062,169.18196148692468,166.7120106202351,167.16018492149544,38612300,164.11606674194337,159.45592224121094,165.61359246086369,55.974667792641426,3.2752532135405374,2.698566566635427,176.8433667931708,151.38876669071595,5.15483223264277,-0.015779648898061605,-0.015905472952684362,0.024186218789969488
2025-06-03,165.50692749023438,167.79761502839838,164.6105787651643,166.81163447021882,45084900,164.21416778564452,159.49954528808593,165.60343389223235,51.52762717334078,2.848117223971286,2.728476698102599,176.95258704712492,151.47574852416412,5.0534005493451675,-0.016860814079477704,-0.017004575856764775,0.024543804002399316
2025-06-04,167.36935424804688,167.53866387757995,165.6861967820594,166.06466254041968,26900800,164.45419311523438,159.50691558837892,165.77161678326232,54.10416781357687,2.6295789994451013,2.7086971583710997,177.24037711605118,151.66800911441757,4.837567394916626,0.011252862862325852,0.011190020399981905,0.024592667298599737
2025-06-05,167.5286865234375,170.23765541573877,166.9111874462575,169.6500488073603,36379100,165.29228439331055,159.4601058959961,165.9389567585171,54.32783565626383,2.4411031475033838,2.655178356197557,176.4770420120321,154.10752677458902,4.729631721671244,0.0009519799852635291,0.000951527139694515,0.017311594117284623
2025-06-06,172.97653198242188,173.79321800916722,170.1380845314093,170.1380845314093,35731800,166.25835494995118,159.63180786132813,166.60920201793658,61.276625818657436,2.700204004989331,2.664183485955912,176.55837683543777,155.9583330644646,4.839267419103992,0.03251888122588609,0.03200133258743201,0.018108870552229178
2025-06-09,175.58908081054688,175.96800471005412,173.87397240224888,174.04348698482235,28935900,167.4312431335449,159.9119317626953,167.46442856961377,64.09763790777805,3.0808401502206664,2.747514818808863,176.26785071957613,158.5946355475137,4.707282083998867,0.015103487150444739,0.014990565080098495,0.01780628665792295
2025-06-10,178.09194946289062,180.5948038838724,174.41244383100403,175.6987675223273,61766100,168.44493103027344,160.39967224121094,168.47657341659254,66.60744171313286,3.5436091006575907,2.906733675178609,177.2893281650011,159.60053389554577,4.812644796060974,0.01425412469152465,0.014153489836623307,0.01645251616153414
2025-06-11,176.8455047607422,179.8569029175766,176.24720547354727,179.2586188457646,31646800,169.34301376342773,160.8563088989258,169.27361449698776,64.20045070334314,3.766362870764027,3.078659514295693,177.75896435588123,160.92706317097424,4.726719985201571,-0.006998882913616278,-0.0070234899764857256,0.01671299018856951
2025-06-12,175.2001953125,176.2172980493167,174.25290075490625,175.6788256293735,20941900,169.86801452636718,161.23163635253906,169.83805076513178,61.063603235067156,3.766713784568651,3.216270368350285,178.36953529260737,161.36649376012699,4.5742831295325965,-0.009303654342066259,-0.009347203656434072,0.015309670662310806
2025-06-13,174.17312622070312,176.6261351195968,171.8996131999643,171.9494740114175,27663100,170.41187591552733,161.58702056884766,170.25091509423382,59.121650628596704,3.6421317662999684,3.301442647940222,178.54581529687076,162.2779365341839,4.585157328825446,-0.0058622599704578615,-0.005879510467408793,0.015213513759494883
2025-06-16,176.26715087890625,176.43666545813562,174.15317124562452,174.23294549738824,27389200,170.94939041137695,162.11017303466798,170.82388993086929,61.7897551262647,3.670063698894296,3.3751668581310375,179.13901172292194,162.75976909983197,4.420752820517278,0.01202266218469128,0.011950964077677624,0.015161488438291642
2025-06-17,175.44947814941406,176.85547082344988,174.08338020939252,175.20018931566514,24973000,171.4285919189453,162.71895721435547,171.26442214215928,60.13912785880792,3.5848961497264327,3.417112716450117,179.49284791219628,163.36433592569432,4.30299123434157,-0.004638826493848058,-0.004649619239519016,0.015263175076336165
2025-06-18,172.8269805908203,176.0577543370001,172.70731159680278,175.50931582595604,28707500,171.90414962768554,163.25238464355468,171.41323723250795,55.058930606549744,3.2681138355933683,3.3873129402787674,179.07041152226745,164.73788773310363,4.234952056188408,-0.014947308970394424,-0.01506014580969908,0.015236679744630107
2025-06-20,166.16595458984375,173.84404717223623,164.98931866750593,173.4551572231979,75659900,171.8185836791992,163.69342529296875,170.91349602844468,44.72463318007963,2.451315203809031,3.2001133929848207,179.21238200620581,164.4247853521926,4.564936088227115,-0.03854158637850069,-0.03930396645238175,0.0166808315783024
2025-06-23,164.7200927734375,166.86397066469698,161.53916480969883,165.79702236468145,57671000,171.54569320678712,163.82648376464843,170.32364809939637,42.84479031046695,1.668098635674255,2.8937104415227077,179.54004898818306,163.55133742539118,4.619212500139332,-0.00870131201048463,-0.008739389469314582,0.016435739305735393
2025-06-24,166.2956085205078,167.74148079179992,165.65742968002243,166.4451757427373,40524300,171.4710922241211,164.10837524414063,169.94002528235936,45.531382556628024,1.1611399181192894,2.547196336842024,179.63047519204892,163.31170925619327,4.505082180012409,0.009564806093433464,0.00951935293952093,0.01633482765425951
2025-06-25,170.19447326660156,171.86970222006798,167.07338726794845,167.15316152434053,35479000,171.37083129882814,164.38219390869142,169.96425842371573,51.59505546311977,1.061738225499738,2.250104714573567,179.5412107965577,163.20045180109858,4.581440145694392,0.023445386085543696,0.02317476474001209,0.016101174817433436
2025-06-26,173.04632568359375,173.19590810922037,169.45657569929264,171.93948268163984,31796700,171.4400535583496,164.67460571289064,170.2577886389422,55.49758793850017,1.1992580240849406,2.039935376475842,179.64251956632782,163.2375875503714,4.52128959313963,0.016756433756370592,0.01661759355146195,0.016535999434055527
2025-06-27,178.0221405029297,178.17170771682706,171.241481190895,173.046329910377,108140200,171.78296585083007,165.12151092529297,170.99725072122672,61.352262029580515,1.6902657946148452,1.9700014601036426,180.46971519749243,163.0962165041677,4.6933565169105185,0.02875423560529078,0.02834859023545728,0.017666444500920805
2025-06-30,175.7286834716797,180.7144602330707,174.08338322657394,180.2657433676221,63378900,172.0171806335449,165.58190521240235,171.447863364127,57.59139601233762,1.8727423668150038,1.9505496414459151,180.8627911811764,163.17157008591343,4.831765123309536,-0.012882987614747043,-0.012966692993759405,0.01797594114579993
2025-07-01,175.33978271484375,175.58907153758963,173.03635642713306,175.24007631497474,35904500,172.36690139770508,166.0777453613281,171.81852234990956,56.953847532953894,1.9633431266337595,1.9531083384834842,181.15707215765195,163.5767306377582,4.678948117683613,-0.0022130750037663294,-0.002215527473253182,0.017540039696592978
2025-07-02,178.13182067871094,178.35119606008848,174.5719841997796,175.04063318866915,29128900,172.9981460571289,166.69894439697265,172.41978885741446,60.347687377404775,2.2346790224511324,2.009422475277014,181.53677786614193,164.45951424811588,4.6146812421568475,0.015923585170673382,0.015798134881579887,0.01719509790455623
2025-07-03,179.01930236816406,179.15890351135596,176.54636131074304,177.9922335542414,21689700,173.58064346313478,167.2622006225586,173.04831395367634,61.38972328424943,2.492593958532808,2.1060567719281726,182.0932943708287,165.06799255544087,4.471671310617995,0.004982162569672655,0.004969792666636386,0.017109446836619233
2025-07-07,176.28709411621094,178.78996387462078,175.18025102838192,178.5506411042797,34175600,174.01856384277343,167.69352661132814,173.35676920725106,56.46968368313716,2.4483045013636797,2.174506317815274,182.13261750960166,165.9045101759452,4.426484169844006,-0.015262087472188712,-0.015379751867221441,0.017613711097321075
2025-07-08,173.864013671875,177.44379785510552,172.3184197808512,177.3440914457585,40442500,174.06293792724608,167.99810974121092,173.4050782038819,52.454594691525166,2.1924097117101837,2.1780869965942564,182.1634071569972,165.96246869749496,4.47640516301617,-0.013745081320238994,-0.01384041957997884,0.016493618504026846
2025-07-09,176.1175537109375,178.9295387925745,172.27851516418144,174.75145590035325,43025600,174.08936157226563,168.29438049316406,173.6634092045539,55.61537631698544,2.1467071906053548,2.171811035396476,182.21298611367257,165.9657370308587,4.631735053400234,0.012961509351299583,0.012878227852945541,0.016399706350691556
2025-07-10,177.11471557617188,177.92240891673904,173.8839422139032,175.1303863111691,29252400,174.04049987792968,168.6374853515625,173.9921050494699,56.97826055762094,2.1659821483270605,2.170645257982593,182.07854300013364,166.00245675572572,4.5893587426456355,0.005661910719422236,0.0056459423488969575,0.01612455934032395
2025-07-11,179.67742919921875,180.91389212460825,175.97797606848104,176.2870917998284,34282900,174.1820960998535,169.04080780029298,174.53356449230313,60.34810229093478,2.360833049254353,2.208682816236945,182.50743832887207,165.85675387083495,4.614112836465749,0.014469230378233222,0.014365549984673681,0.01635759905426985
2025-07-14,181.04351806640625,183.14751640721383,179.16886118965368,180.49507959550704,32536600,174.47426223754883,169.49854217529298,175.15356007078915,62.05436884387975,2.5955656812749623,2.286059389244549,183.3161170260803,165.63240744901736,4.56872300654392,0.007603007641392878,0.007574250447592439,0.016237746242936998
2025-07-15,181.48226928710932,183.6959553275124,181.0834132429612,182.2899626665084,33448300,174.83971939086913,169.91525421142578,175.75629428186727,62.6108526500873,2.7848940153497495,2.3858263144655893,184.1911073284448,165.48833145329348,4.431845453298365,0.002423457218402758,0.0024205253817897302,0.01613823134857082
2025-07-16,182.44952392578125,183.80565587223137,181.5121954195811,182.7187601428648,33104200,175.1488380432129,170.2969320678711,176.39374472414477,63.8688499303512,2.978651410483593,2.50439133366919,185.06047523771483,165.23720084871096,4.281241248428628,0.005329747321716205,0.005315594483555413,0.01599216097408472
2025-07-17,183.0577850341797,183.53641535247564,179.96659729454643,181.6218788639084,31992600,175.52925338745118,170.68718963623047,177.0284152298624,64.67379281149144,3.145033145683101,2.6325196960719723,186.0246762062518,165.03383056865056,4.2304253062500985,0.003333859663267047,0.003328314673866359,0.0159211859902102
2025-07-18,184.5335693359375,185.88970124039065,183.1874187229756,184.87259850820493,34014500,176.11458282470704,171.12648406982422,177.74319181139333,66.61702982257972,3.3572747555018054,2.7774707079579395,187.22937222583738,164.9997934235767,4.130531799104446,0.008061849439958246,0.00802952633820388,0.015437397715822325
2025-07-21,189.55923461914065,189.74868135121883,185.62045888710105,185.720180506412,45803100,177.28424682617188,171.90233154296874,178.86852922165497,72.22105273911896,3.8862091475468503,2.999218395875722,188.87833064292084,165.69016300942292,4.208001814545653,0.02723442299029122,0.026870164870149885,0.01281673162336894
2025-07-22,190.79571533203125,191.1048310792618,186.92676263021804,190.9552638516936,44660200,178.58802795410156,172.64514343261717,180.00445170835746,73.40401131460725,4.35496578909428,3.2703678745194336,190.10166167488745,167.07439423331567,4.205863717009803,0.00652292522374287,0.00650174301043734,0.012296342560476672
2025-07-23,189.6888427734375,191.9823029377756,188.64182669674165,190.9552342267889,58681900,179.75768966674804,173.3962939453125,180.92677466693652,70.50936494824427,4.584298500286707,3.5331539996728885,190.78112970117715,168.73424963231892,4.144050325868671,-0.005801349137571132,-0.005818242330704361,0.012632468382407969
2025-07-24,191.6233367919922,197.38689334762464,190.4566668887292,196.46951227536783,74881700,180.8291328430176,174.07239685058593,181.94549486932277,72.54697196891057,4.866051019079578,3.7997334035542267,192.0893265815691,169.56893910446607,4.397907486462847,0.01019824882829412,0.010146597560205863,0.012040452296948868
2025-07-25,192.6304626464844,193.77720042486192,190.71592620592727,191.43387927305903,39785900,181.8083396911621,174.7473291015625,182.9631108481001,73.57078716017764,5.1116842456251845,4.062123571968418,193.58528489752982,170.0313944847944,4.302433681639404,0.005255757839064623,0.0052419945471238955,0.011772125680955498
2025-07-28,192.0321807861328,193.49800038051387,190.2971249846209,193.0991291078416,38139500,182.50884170532225,175.29396911621095,183.8268317945794,71.85642066820563,5.198152930034553,4.289329443581646,194.94957924756093,170.06810416308358,4.223750946943231,-0.003105852792606112,-0.0031106859633965407,0.010542737011005485
2025-07-29,195.1931610107422,195.36267559548023,191.53360267868564,191.8825979241876,41389200,183.4820655822754,175.93191436767577,184.90933933897583,75.15105251401242,5.458818806904901,4.523227316246297,196.67174237323223,170.29238879131856,4.195559659075471,0.01646067972393528,0.016326671315405206,0.010125433518118935
2025-07-30,195.970947265625,197.0379108346005,194.13618500265545,195.04360005779435,32445400,184.51362380981445,176.54099609375,185.96282580818053,75.89869051789692,5.662881074849196,4.751158067966877,198.212025301382,170.8152223182469,4.1031429571375835,0.003984700339168201,0.003976782447419425,0.009976667498984846
2025-07-31,191.35411071777344,195.43248777249184,190.5464172970437,195.1532854842244,51329200,185.17473831176758,177.05076934814454,186.47628151385607,63.65565094386479,5.389930009451575,4.878912456263817,198.85358635800924,171.49589026552593,4.197527743669278,-0.023558780585949624,-0.023840725649708988,0.011604909213698791
2025-08-01,188.5919952392578,190.2871562824159,187.2857241719736,188.49227361862012,34832200,185.65337295532225,177.55629272460936,186.67777805913244,57.66280953599214,4.894316059535356,4.881993176918125,199.1052192982843,172.2015266123602,4.188303372392888,-0.014434576127760557,-0.01453976811670322,0.012280174914975083
2025-08-04,194.48516845703125,194.7145251375217,189.579166069655,189.7486806495505,31547400,186.5632766723633,178.08845062255858,187.42133904940852,65.192266063024,4.920349534271992,4.889664448388898,199.81828166805937,173.3082716766672,4.326462409955102,0.031248268041796035,0.03076997919072134,0.013081420862038944
2025-08-05,194.11622619628903,197.2971541323202,193.33844625639605,194.1561209300893,31602300,187.57588729858398,178.5672171020508,188.0589473491114,64.4198431638118,4.855242480467751,4.88278005480467,199.85386715952484,175.29790743764312,4.300194228952891,-0.0018970200332973919,-0.0018988216546358295,0.012440165646457273
2025-08-06,195.5321807861328,196.07065317332064,193.119066765482,193.94670749735772,21562900,188.54661865234374,179.12210815429688,188.77068386692295,66.08087992740127,4.861855924335515,4.8785952287108385,200.0957030970877,176.99753420759978,4.203865098873302,0.00729436491523372,0.007267889704085632,0.012327638452749524
2025-08-07,195.9609832763672,196.97807082829456,193.7772105180448,196.49944049707085,26321800,189.48893203735352,179.597333984375,189.45547428687001,66.58956174646922,4.845838098389237,4.872043802646518,200.19810625465666,178.77975782005038,4.132221899685907,0.0021930021365812458,0.0021906010171948995,0.012346877570436177
2025-08-08,200.84701538085932,202.03363260271,196.6091054258972,196.6589662331496,39161800,190.54741134643555,180.1810366821289,190.54038296248802,71.78240622662274,5.1678342362724266,4.9312018893717,201.3526412137078,179.7421814791633,4.270823858732827,0.024933698651640634,0.02462792625595386,0.01296904484079858
2025-08-11,200.42822265625,200.90685295750995,198.5037201599992,200.36839577051532,25832400,191.51664657592772,180.7663232421875,191.48208198094156,70.76713459754826,5.327809748191868,5.010523461135733,202.21508635454182,180.81820679731362,4.137417354359822,-0.0020851329247545403,-0.0020873098410444466,0.013073321695872235
2025-08-12,202.7615509033203,203.91825467935456,200.0193738844048,200.79715378526663,30397900,192.5806106567383,181.40066650390625,192.5563171164062,73.05389968884258,5.578565354183468,5.12413183974528,203.30816231530352,181.85305899817305,4.120379028687673,0.011641715004738318,0.011574471622953615,0.013133397778615887
2025-08-13,201.385498046875,203.94817934449617,196.94814463612107,203.5493232968563,28342900,193.52740936279298,182.06146911621093,193.39719149073656,69.59625776181014,5.601682306464056,5.219641933089035,203.8459401762665,183.20887854931945,4.326068720093918,-0.006786557166853724,-0.006809690569456967,0.01342470657968435
2025-08-14,202.3627166748047,203.85844975532365,200.65757426824428,200.9268104830451,25230400,194.4926559448242,182.79858489990235,194.2510510320764,70.65835050348007,5.633911805704344,5.302495907612097,204.3127984404905,184.67251344915792,4.245697774878593,0.0048524776481284615,0.004840742326743626,0.013418873572903162
2025-08-15,203.3199615478516,205.8527445549316,200.70741950553764,203.270115954676,34931400,195.4319755554199,183.51759704589844,195.11475679548354,71.70119485479758,5.671320129104828,5.376260751910643,204.84757415226866,186.01637695857116,4.309956865915405,0.004730342074746874,0.0047191891642331995,0.013400976491580107
2025-08-18,202.92111206054688,204.68608127587703,201.91399064284568,203.61911775674488,18526600,196.10006942749024,184.22544555664064,195.85821920168007,70.57565581523865,5.604181162649496,5.4218448340584136,205.64929532004007,186.5508435349404,4.200109277852258,-0.0019616838615762466,-0.001963610483390233,0.012397678101858302
2025-08-19,200.99661254882807,202.86128819689205,199.3911918159624,202.4524508489624,24240200,196.61011428833007,184.78584716796874,196.34758999664655,65.25300317279682,5.334192767339118,5.404314420714554,206.06078222982975,187.15944634683038,4.152238632618845,-0.009483978735266296,-0.009529238047808352,0.012704074666188555
2025-08-20,198.7530059814453,200.70742189093835,196.04074228978,200.158983421046,28955500,197.06332244873047,185.2491256713867,196.57667723329405,59.60886501524906,4.882897714158418,5.300031079403327,205.9981493121335,188.12849558532744,4.209640891649503,-0.01116240984826411,-0.011225177071144276,0.012946775086889264
2025-08-21,199.18179321289065,201.9040232227768,198.8626961782015,199.18179321289065,19774600,197.44124526977538,185.67092254638672,196.82478351706516,60.31534452610876,4.507878660024943,5.141600595527651,206.05743487603053,188.82505566352023,4.134024916626787,0.0021573874031639573,0.0021550635846113533,0.012816578959351684
2025-08-22,205.50375366210932,207.9467813600623,200.72738596931413,202.1533108943676,42827000,198.08490982055662,186.24408752441406,197.65135210230747,68.94105423222197,4.667004409458883,5.046681358313897,207.08233109227606,189.08748854883717,4.4648080045228475,0.03173965023229597,0.03124635832550926,0.014435107455763839
2025-08-25,207.8969268798828,209.9211510473073,204.69605147341804,205.84277405344864,29928900,198.8781471252441,186.8980221557617,198.62712112874323,71.46915243574486,4.929398750069026,5.023224836664923,208.38418298969725,189.37211126079097,4.519114545191877,0.01164539905051254,0.011578113267037279,0.014465355077285724
2025-08-26,206.55075073242188,207.258737698756,205.11484464858785,206.9196933289633,28464100,199.4460266113281,187.54557464599608,199.38175251956977,68.11073086485366,4.971415606304362,5.0128629905928115,209.35222235455723,189.539830868099,4.395040808484954,-0.006475209459150477,-0.006496264567961752,0.014340426920790673
2025-08-27,206.8897857666016,208.31572581537765,205.0649896678173,205.11485047791405,23022900,199.99196853637696,188.15802734375,200.09680330500137,68.51204860302111,4.974726016550875,5.005235595784424,210.26850387381558,189.71543319893834,4.313304761276055,0.001641412742280135,0.0016400670966901806,0.014340918364660121
2025-08-28,211.03794860839844,211.61630051242363,206.3114269747057,206.66043741838072,32339300,200.9761604309082,188.8697967529297,201.13881714342014,72.99075095974696,5.251535185559163,5.054495513739372,211.52191130090316,190.43040956091326,4.384131102450474,0.020050109416597905,0.019851752968511667,0.01340513984640639
2025-08-29,212.30435180664065,214.03939239893296,209.60205408045064,209.91116980825524,39728400,202.16177825927736,189.65934417724608,202.20220139706018,74.1973765843743,5.509585528253808,5.145513516642259,212.19084488296872,192.132711635586,4.3879316178813195,0.00600083163522469,0.005982898352379417,0.012601171051020972
2025-09-02,210.7487945556641,211.0778424398192,205.6134352460792,207.84706876322787,47523000,202.97495956420897,190.5510009765625,203.01616265026055,70.05726633854256,5.524884386090491,5.221387690531905,213.0197803275364,192.93013880088154,4.552430542358471,-0.0073270153802278415,-0.007353989799509505,0.011433560137789404
2025-09-03,230.0038452148437,230.6519900738744,224.1505332557257,225.5665071716633,103336100,204.76934051513672,191.8566760253906,205.5864181326018,82.82920979598657,7.009924462494325,5.57909504492439,219.54891807017546,189.98976296009798,5.648913754919316,0.0913649385268196,0.08742915002657198,0.022514206284850638
2025-09-04,231.63917541503903,231.70896837288984,225.46678177531555,228.99670478436465,51684200,206.57469024658204,193.16354736328125,208.06763311188155,83.47394332007435,8.223985911971681,6.108073218333849,224.81561521303766,188.3337652801264,5.691290386537529,0.00711001243769549,0.007084855473098549,0.02251487054641407
2025-09-05,234.3315277099609,235.08936036459093,231.2403397689098,231.5394894431058,46588900,208.49321746826172,194.44628845214845,210.56895640693673,84.50546783050696,9.296227562160254,6.7457040870991305,229.69620326966083,187.2902316668626,5.559699687190644,0.011623043857317494,0.011556015168019013,0.022469266504951752
2025-09-08,233.5829620361328,237.66498669397225,233.21368944217105,235.01017746372744,32474700,210.1300148010254,195.6570211791992,212.7607664668602,82.95509522854735,9.970648373231597,7.390692944325624,233.64716514038602,186.61286446166477,5.4805280846628275,-0.0031944727247911198,-0.0031995859450513714,0.02231307470684709
2025-09-09,239.1620483398437,240.00040430810463,232.7745373112583,233.7127040881656,38061000,212.06670608520508,196.8798193359375,215.27517426428722,85.14287633549061,10.830470441766067,8.078648443813714,238.29264949395494,185.84076267645523,5.605195149818791,0.023884817004965697,0.0236040368969965,0.02246244389846165
2025-09-10,238.7029266357422,241.18806943420256,237.3855123631901,238.43344965061024,35141100,213.86377487182617,198.13930419921874,217.50638877585436,84.18525296350282,11.344070952777656,8.731732945606502,242.13854718275985,185.58900256089248,5.476435287046911,-0.0019197097001323327,-0.001921554704425279,0.02258610811055819
2025-09-11,239.9005889892578,241.77692250779663,235.78863959738683,239.41155563146188,30599300,215.7895294189453,199.43052032470703,219.63916974855945,84.66963731785047,11.71272737048568,9.327931830582338,245.60681109090962,185.972247746981,5.512995831572831,0.005017376076595914,0.005004830990028816,0.022320370244418693
2025-09-12,240.32977294921875,241.60727216892425,237.53523769524105,239.90060472674395,26771600,217.68788223266603,200.67447937011718,221.60970338671748,84.84872707445192,11.90231926868131,9.842809318202134,248.6563204092289,186.71944405610316,5.4100700202950005,0.0017890075291984164,0.001787409161272889,0.022360911282886548
2025-09-15,251.11865234375,251.9170931360117,244.18222746714693,244.18222746714693,58383800,220.07781677246095,202.1164663696289,224.42007947786345,88.48909529506405,12.775872311347825,10.429421916831274,253.52079606200073,186.63483748292117,5.851302175044853,0.04489198014101614,0.04391351178779589,0.023731700427844553
2025-09-16,250.6695251464844,252.5458434275124,248.98282303107263,251.58772669443232,34109700,222.46523742675782,203.60411499023436,226.92002668439878,87.54609748425864,13.278858168796432,10.999309167224306,257.45000232767194,187.4804725258437,5.6878534765730615,-0.0017885059236889544,-0.0017901072099666526,0.023726803417838886
2025-09-17,249.042709350586,251.1086743043828,245.7990560449756,250.7294115061419,34108000,224.8675422668457,205.1076889038086,229.02694884308326,84.05209521682147,13.391834909075726,11.47781431559459,260.2220544673544,189.51303006633702,5.6608366753469275,-0.006489882625132615,-0.0065110334740579165,0.023600676116435456
2025-09-18,251.537826538086,253.4940056881638,249.312185617516,251.188503937682,31239500,227.50678329467775,206.61609436035155,231.17084195689304,85.03837984899926,13.5267766332652,11.887606779128713,262.5488461858006,192.4647204035549,5.574440936934848,0.010018832488637663,0.009968976707687179,0.02302060959231428
2025-09-19,254.2225799560547,255.5000791334024,251.3182589953225,252.7554493770865,55571400,230.25882263183593,208.1582516479492,233.3662455758608,86.03887972727424,13.69251726951066,12.248588877205103,264.60903420667324,195.9086110569986,5.4749680227309225,0.010673358575602476,0.010616800372023514,0.022905751908305697
2025-09-22,252.036865234375,255.28051872493555,249.81122418035432,253.93314887572123,32290500,232.58547821044922,209.60544036865235,235.14439982905262,81.27387703927226,13.491971952366612,12.497265492237407,266.2095420708831,198.96141435001533,5.474562774291658,-0.00859764196420909,-0.008634814907680248,0.022899574768426335
2025-09-23,251.16856384277344,253.8632882566711,249.9908602190898,252.54585863312587,26628000,234.74906005859376,211.00794128417968,236.6705106875022,79.39278035771838,13.111828678893914,12.62017812956871,267.29156496831627,202.20655514887125,5.360124578812346,-0.003445136451741382,-0.0034510845997105534,0.023107376279407284
2025-09-24,246.65737915039065,251.8572116525034,245.95874917105465,251.1685566625181,28201000,236.7543914794922,212.3114434814453,237.6216410173011,70.2902892299103,12.304706495682211,12.55708380279141,266.95806496991815,206.55071798906621,5.398577286143518,-0.01796078547157154,-0.018124038096646738,0.023667546995055983
2025-09-25,245.3099975585937,246.0086427332893,240.2698717316568,243.9227126560544,31020400,238.6754020690918,213.56865295410157,238.35386544980517,67.79033688409444,11.424637803556152,12.330594602944359,265.7634346623555,211.58736947582813,5.469215152757115,-0.0054625634815305135,-0.005477537838572414,0.02383912198194921
2025-09-26,246.0585479736328,248.9329287593877,245.4896689933639,246.58752699597628,18503200,240.42643203735352,214.82866821289062,239.08764473778876,68.46144625525704,10.664643416297451,11.99740436561498,264.50201069926453,216.3508533754425,5.337337727616892,0.0030514468325339994,0.0030468006180328928,0.02372008892492385
2025-09-29,243.57342529296875,250.6595513653868,242.2959260790964,247.3660077468361,32505800,241.98988571166993,216.00946533203125,239.5148619335202,63.715084407926746,9.749428415670906,11.547809175626167,262.3286755564119,221.65109586692796,5.553501124664998,-0.010099720985634497,-0.010151069195251829,0.024060918122346335
2025-09-30,242.62527465820312,242.8148908293537,238.7827869377237,242.33583244883133,34724300,243.58370971679688,217.0707861328125,239.81109171682334,61.950376169181084,8.845639080604172,11.007375156621768,258.01925130727443,229.14816812631932,5.499010926849287,-0.003892668642423547,-0.0039002647962846425,0.023964169293877173
2025-10-01,244.42173767089844,245.8190127995852,238.14402788220525,240.2798481454496,31658200,244.30460433959962,218.14330657958985,240.25020085530667,63.985689948378585,8.180044610204448,10.441909047338305,257.32627930765784,231.28292937154143,5.65443764045862,0.007404269877596459,0.007376992833033811,0.013566194663498628
2025-10-02,245.210205078125,246.32801300536264,241.8268258714409,244.6712510924991,25483300,244.9831558227539,219.25373382568358,240.7225822098608,64.87379110178114,7.628245264340052,9.879176290738654,256.63664006925694,233.32967157625083,5.572062604277415,0.0032258481374851655,0.0032206562518754286,0.013533993338513666
2025-10-03,244.8708953857422,245.8190372139174,241.18809864914252,244.0125741538274,30249600,245.51012420654297,220.3186849975586,241.11765965518285,64.14076627807981,7.081924829705343,9.319725998531991,256.09331826901473,234.9269301440712,5.504839458598662,-0.0013837502899796128,-0.0013847085565151982,0.013406516053766106
2025-10-06,249.9409637451172,250.82924041118625,244.1023965111835,244.30200291397747,28894700,246.3280242919922,221.46489501953124,241.9579743304147,69.65772545788582,6.9776402006999945,8.851308838965592,255.53688864544495,237.11915993853944,5.592125490127524,0.02070506726162047,0.020493630911534638,0.013946553664341029
2025-10-07,245.2800750732422,249.9509439013372,245.0405534911293,247.78518329877943,23181300,246.6339256286621,222.52985290527343,242.27436487735065,60.45032552231684,6.444609669099549,8.369969004992384,255.2582097968032,238.009641460521,5.543430127276124,-0.01864795830997934,-0.01882402376103207,0.013914307272073068
2025-10-08,244.1422882080078,245.52957313307672,243.3438626736589,244.48163581199609,21307100,246.9058937072754,223.50883544921874,242.45226233741323,58.42026895305745,5.8627866859283415,7.868532541179576,254.82699926595674,238.98478814859405,5.303593008143388,-0.004638725199731852,-0.004649517473332282,0.01396118553273528
2025-10-09,241.058334350586,244.2820224803224,238.68297718710045,243.99259549865823,27892100,246.9637809753418,224.41058319091798,242.31950729104875,53.204815468539344,5.0941166713311645,7.3136493672098934,254.69388063680162,239.23368131388196,5.324696742791858,-0.012631788945937528,-0.012712248273502426,0.01426295062894861
2025-10-10,236.1080322265625,243.61333616794536,235.37944680935243,240.958526974338,33180300,246.752693939209,225.30566162109375,241.72793823728816,46.091701285650046,4.038933821837702,6.658706258135455,255.37497052431107,238.13041735410692,5.532496215349077,-0.02053570202150312,-0.020749491492564113,0.014997898199377354
2025-10-13,243.6732177734375,244.02254038501275,239.2419009980627,239.74092459803205,24995000,246.38042221069335,226.40728607177735,241.91320295501666,55.81394731820053,3.7696864611951355,6.080902298747391,254.85825357747964,237.90259084390706,5.7026399255705895,0.032041203662295015,0.03153859229170393,0.013092467500151944
2025-10-14,244.9706878662109,246.63742490132327,240.04033214741565,240.75892736637323,22111600,246.0954803466797,227.41699645996093,242.20439199417802,57.23833447256895,3.6192801722383194,5.588577873445577,254.35786781071423,237.83309288264516,5.766529413308949,0.005324631507020117,0.0053105057773610844,0.013178341089232694
2025-10-15,250.539779663086,251.61767243328853,245.5096286311317,246.76716258187247,27007700,246.1703338623047,228.54546752929687,242.99823843883593,62.78389516541419,3.9044531641483786,5.251752931586138,254.56424605705024,237.77642166755913,5.829419067149568,0.022733706817676946,0.0224791469428871,0.014131105577979575
2025-10-16,250.9689483642578,256.4581925767255,249.61160360230107,251.27834055068328,27997200,246.1418899536133,229.65420288085937,243.7573536698285,63.180174048617566,4.117619784523015,5.0249263021735135,254.466424199569,237.81735570765758,5.902074060526343,0.001712976285637824,0.0017115108150657927,0.013954303779524618
2025-10-17,252.80535888671875,253.72356048353365,247.32607427452788,250.27031046967195,29671600,246.07102890014647,230.7910903930664,244.61906845238946,64.90233845783504,4.3842005141350455,4.89678114456582,254.1394016430158,238.00265615727716,5.937460642560588,0.007317281816854759,0.007290640393191597,0.013838629909544008
2025-10-20,256.04901123046875,256.82748687148535,253.733549516648,254.19265795496185,22350200,246.27163619995116,231.8951303100586,245.70763443125415,67.76984540088402,4.801850554624423,4.877795026577541,255.08818037589796,237.45509202400436,5.800651167003873,0.012830631273142767,0.01274901609847742,0.013982118076691013
2025-10-21,249.9709014892578,254.38226816359625,243.6732110393333,254.242542168626,47312100,246.21175308227538,232.88598388671875,246.11365986534975,58.1779652303091,4.589483848533746,4.820132790968782,254.90991610233988,237.51359006221088,6.270304668727557,-0.023738071519987414,-0.0240243592293803,0.015011124493817304
2025-10-22,251.19851684570312,255.8593804848901,248.8031942886971,253.873276187685,35029400,246.438809967041,233.85472320556642,246.59793195871674,59.42702316174932,4.468727296999248,4.749851692174875,255.4046153773692,237.47300455671282,6.326439063546516,0.004911033040772006,0.004899013254988355,0.014441833576359038
2025-10-23,252.58578491210932,254.5419488781284,251.35819113136333,252.4859741014181,19901400,246.8025993347168,234.8787289428711,247.16820366856365,60.84998140424039,4.433857054832288,4.686652764706358,256.13847168517776,237.46672698425584,6.113367132752143,0.005522596565561422,0.00550740294231441,0.014391464072835362
2025-10-24,259.4124450683594,261.16898745224296,254.82142179583195,256.07894057309267,28655100,247.4702941894531,236.01972351074218,248.33432189711561,66.98599213515547,4.900585657566637,4.729439343278414,258.2900061203505,236.65058225855574,6.289783947565107,0.027027095600908435,0.02666831385146468,0.015479609637079676
2025-10-27,268.7441711425781,269.61249783187736,263.76392512831256,264.30287916974333,35235200,248.72883148193358,237.32820770263672,250.27811706335012,73.17512986994173,5.954820282067516,4.974515531036235,262.80750160682146,234.65016135704568,6.569088862990313,0.03597254584975551,0.035340643341132634,0.016834131298599817
2025-10-28,266.9476623535156,270.2013056862688,265.9795554362353,269.1633281612099,29738600,249.94495086669923,238.6087387084961,251.86569280527064,70.43742022178218,6.569615138237623,5.293535452476513,265.7951131857028,234.09478854769563,6.401421819207687,-0.006684828852006608,-0.006707272397153706,0.01692365098590675
2025-10-29,274.0338134765625,274.80229881772505,267.1472942283553,267.22712459889897,43580300,251.42555465698243,240.06948272705077,253.9769423930127,74.49135712958119,7.541701623534323,5.743168686688075,270.1982044105382,232.65290490342662,6.505222865279238,0.02654509524665838,0.02619888758512797,0.01759906337463293
2025-10-30,280.93035888671875,291.02060225143094,279.51311834988803,291.02060225143094,74876000,253.2115623474121,241.71302978515624,256.54393444003233,77.69692691725197,8.767514297172056,6.348037808784872,275.7067543967838,230.71637029804037,7.253906144535611,0.025166768008160867,0.024855299851848003,0.01810155387419535
2025-10-31,280.6408996582031,285.44150434001006,276.48901957648127,282.6569440736325,39267900,255.00006256103515,243.3422119140625,258.83888350842955,77.2580908261438,9.604903384531752,6.999410923934248,280.0958609597777,229.90426416229258,7.37523318874941,-0.0010303593732721161,-0.001030890558396889,0.018093133138254176
2025-11-03,283.1659545898437,284.97241759660864,279.25359613963377,281.62895336390585,29786000,256.6613121032715,244.89545593261718,261.1557474209452,78.40397427325742,10.352948750832923,7.6701184893139835,284.4516826602444,228.8709415462986,7.256918065051228,0.008997458797758595,0.008957222832877787,0.017813451607767684
2025-11-04,276.9980163574219,280.7207127582489,275.72051721535576,276.2095505755116,30078400,258.2472091674805,246.27747772216796,262.6645349387049,69.22805612200705,10.329012597618373,8.201897310974863,286.86633239685654,229.62808593810442,7.270383730010993,-0.021782061481776194,-0.022022792752013222,0.01805759885127113
2025-11-05,283.7547912597656,285.86068664735006,276.79840119805726,278.32541216487215,31010300,260.2278343200684,247.82155853271485,264.6731307788059,72.96126236656161,10.731551642464922,8.707828177272875,290.12265494542584,230.33301369471093,7.3983767099596935,0.024392863859447944,0.024100109152870045,0.018301193025275143
2025-11-06,284.1939392089844,287.78691520805194,280.59100344938025,284.77279318145315,37173600,262.3846145629883,249.3676416015625,266.5322553912038,73.18892791905861,10.959666096428066,9.158195761103913,292.6579425440776,232.11128658189895,7.383914927724836,0.0015476318382823262,0.0015464354903073105,0.017737894127981598
2025-11-07,278.2854919433594,283.225837847663,274.65261591386644,282.6569436244069,34479600,264.4934875488281,250.71259246826173,267.6516112533139,65.23080181184766,10.54216264063507,9.434989137010145,292.9743729003321,236.01260219732413,7.538015525395772,-0.020790194478004564,-0.021009353464985905,0.017759832224968075
2025-11-10,289.5334777832031,290.2320924976737,282.30759586857965,283.8645774088431,29557300,266.78650054931643,252.25717498779298,269.73559854187477,71.568735458657,10.992195411603745,9.746430391928866,295.5759550666808,237.99704603195204,7.852914456032812,0.04041887258044019,0.03962339416297694,0.018432806155947435
2025-11-11,290.7411193847656,291.34994399814246,286.7589209130392,287.18807388729897,19842100,269.0750221252441,253.857021484375,271.7361243364358,72.15560131612355,11.315854087426374,10.060315131028368,297.840664539397,240.30937971109125,7.619922215252129,0.004170991247052891,0.00416231677545943,0.018446119476274364
2025-11-12,286.1501159667969,291.43978461940384,283.13602426355726,291.1104119733703,24829900,270.8555389404297,254.97994689941407,273.10888544408925,66.53303917721047,11.074243329017236,10.263100770626142,299.21716700187295,242.49391087898644,7.668767796723161,-0.015790691828124315,-0.01591669299299497,0.018915817112264057
2025-11-13,278.0260314941406,282.2876823136169,276.69861158680555,281.7886586854728,29494000,272.2083930969238,255.9076840209961,273.57718506790366,57.93056331193067,10.110669832968881,10.23261458309469,299.1944818199007,245.22230437394694,7.796106124099459,-0.028390987874346796,-0.02880180634582686,0.02047814027344745
2025-11-14,275.8702087402344,278.0160039616636,270.1713681999226,270.8799731285475,31647200,273.3616355895996,256.73845764160154,273.7955682747923,55.866326492622896,9.068537559879019,9.999799178451557,298.8629167932052,247.86035438599396,7.8002887791079285,-0.007754032031895175,-0.007784250851426217,0.02067751936565118
2025-11-17,284.4634094238281,293.3759943011471,283.0162592207448,285.2219350622342,52670200,274.78235549926757,257.75606658935544,274.81155314612903,61.72142395522298,8.834204493786103,9.766680241518467,299.4186305178588,250.14608048067635,8.493538549236842,0.03114943336156073,0.03067413474690363,0.021453529802215602
2025-11-18,283.724853515625,288.236015842567,277.65674001133203,287.3577599014325,49158700,276.4700531005859,258.6473226928711,275.66043889560484,60.97271557462784,8.491019375323447,9.511548068279463,298.5703869929511,254.36971920822072,8.642519783665279,-0.002596312508870824,-0.0025996887733506194,0.020434046878830592
2025-11-19,292.2381896972656,303.21670857801746,286.07026549054086,286.5992292728396,68198900,278.52203674316405,259.71802795410156,277.2392723052868,66.08044612960168,8.804504925202139,9.370139439664,298.3608605007948,258.6832129855333,9.417472303574362,0.030005606051610068,0.029564244995286055,0.021088086193008393
2025-11-20,288.884765625,305.8216273232207,288.1062900504894,303.94529376978943,62025200,280.3369857788086,260.6977114868164,278.3483669071643,62.604761309706696,8.68226741093548,9.232565033918297,296.68758718197716,263.98638437564,10.010176944228428,-0.011474968674489383,-0.011541314157416221,0.02152293502098542
2025-11-21,299.0748291015625,303.3265199413647,293.27617727722287,295.8411659039572,74137700,282.3201049804687,261.87261260986327,280.32231568758317,68.09616537997235,9.300436616851925,9.246139350505024,297.62582916661205,267.0143807943254,10.326718185095306,0.03527380010682246,0.0346659328985,0.022001391079133188
2025-11-24,317.9578552246094,318.8561220474068,308.9954110970811,310.52242205466104,85165100,284.7807891845703,263.20939666748046,283.9066527863476,75.32674260654173,11.18510760433037,9.633933001270092,305.44946060853056,264.1121177606101,11.002044953720235,0.06313813228539678,0.061225036623522563,0.02455111580407113
2025-11-25,322.8083801269531,328.187838552192,317.0296784660599,325.5729598317621,88632100,287.5738250732422,264.65217376708983,287.61157919973857,76.78236866757838,12.921172528560817,10.291380906728238,312.50583727827166,262.6418128682127,11.013196034606793,0.015255244752224506,0.015140053542090788,0.024315334759053696
2025-11-26,319.3252258300781,323.86632857763385,316.1713929045335,320.053780820363,51373400,289.838395690918,266.05782409667967,290.6319264978662,73.43211251483162,13.856229063422973,11.004350538067186,317.5161127112681,262.1606786705679,10.776177437356333,-0.010790160699995277,-0.010848796659713516,0.02439696233929481
2025-11-28,319.55474853515625,326.2117368304371,316.1713843298485,322.73852157316225,26018600,291.76961517333984,267.4181625366211,293.3864809776081,73.51412283214955,14.449226973894724,11.693325825232694,321.9669542288443,261.5722761178354,10.723618513301494,0.000718774110255449,0.0007185159158595526,0.024099899636998556
2025-12-01,314.2751159667969,319.2254218425781,313.27706870792247,317.0796263275952,41183000,293.45132598876955,268.61921325683596,295.37587478610226,68.29203410707171,14.32799565073259,12.220259790332673,324.70986933863884,262.19278263890027,10.406051464296656,-0.016521840443809,-0.016659848256547843,0.024606193751869333
2025-12-02,315.1932983398437,317.75828707212025,313.2970146639371,316.1214749687581,35854700,295.05269317626954,269.8823419189453,297.26324845788713,68.70833947615077,14.142977160626572,12.604803264391453,327.30519578085915,262.80019057167993,9.981424388859978,0.002921587890349686,0.002917328346852881,0.024604211230355985
2025-12-03,319.0058288574219,320.9520026070636,313.4866291038915,315.2731421058358,41838300,297.15308380126953,271.2390872192383,299.33397040069997,70.44359826061367,14.140979613818956,12.912038534276954,329.89653554255733,264.40963205998173,9.8017064684537,0.012095848920834262,0.012023278752706118,0.023767821931180346
2025-12-04,316.9997253417969,321.7304590031499,314.0854447714545,321.6007384606332,31240900,298.8153305053711,272.6459341430664,301.016423252233,68.29742554851336,13.818232769759561,13.093277381373476,332.0411692907946,265.5894917199476,9.647657022970966,-0.0062886108470501245,-0.0063084674509854355,0.02359939794679447
2025-12-05,320.6426086425781,322.52893244489843,318.5467339173106,318.86608586892413,28851700,300.6377639770508,274.15258636474607,302.8855837655992,70.08005288394297,13.69849607239911,13.214321119578603,334.44900922840986,266.8265187256917,9.35348202869458,0.011491755385129698,0.011426226712691362,0.023609512793240296
2025-12-08,313.3121643066406,320.02342950621124,310.8154143139121,319.63392187795114,33909400,302.3890975952148,275.49765869140623,303.8785914361746,62.46813185832647,12.863812261943337,13.144219348051552,334.994847079139,269.78334811129065,9.387318621549685,-0.02286172872336123,-0.023127110569809796,0.023738860209946804
2025-12-09,316.66778564453125,317.57660631064704,311.4945269093235,311.96391713296777,30194000,303.7458129882813,276.9595458984375,305.09660993220854,64.37567274315535,12.330946451509817,12.981564768743207,336.357083848354,271.1345421282085,9.151230105819247,0.01071015338749004,0.010653205944418723,0.022375883642667786
2025-12-10,319.7937316894531,320.8923078304596,314.27092168020465,315.4194206321133,33428900,305.1984436035156,278.5029150390625,306.49633581385086,66.1039597068849,12.022298604166679,12.789711535827902,337.9511102441937,272.4457769628375,8.970526966136081,0.00987137368128388,0.009822969952304814,0.022404767338480736
2025-12-11,312.0238647460937,320.70257104825845,308.19885677560706,319.66391441105065,42353700,306.4921310424805,279.8549575805664,307.02276714073116,58.50616427597576,11.023655792627949,12.436500387187913,338.1590251263657,274.82523695859527,9.22289748803003,-0.024296495438830612,-0.024596525031730203,0.02289570270870491
2025-12-12,308.887939453125,314.46067218572114,305.1627773855729,313.2922102233909,35940200,308.0352264404297,281.1285122680664,307.20040259905437,55.722434877258394,9.865458343776652,11.922291978505662,336.8857346193201,279.18471826153933,9.228254438895618,-0.010050273864534387,-0.01010111882428254,0.021848867093417535
2025-12-15,307.8193359375,311.0151883437652,304.4836813703359,310.91531224146183,29151900,309.63268280029297,282.3874810791016,307.25934863128725,54.766180540873435,8.7603670895125,11.289907000707029,334.4366341771327,284.82873142345323,9.03562961993374,-0.0034595184179638805,-0.0034655163891960765,0.021732548352645348
2025-12-16,306.1714782714844,310.3660001485481,302.1966411442108,304.55358908476643,30585000,310.7180862426758,283.51209136962893,307.15574193035366,53.24864227010557,7.663268576893927,10.564579315944409,332.76850855772204,288.6676639276295,8.973753147391138,-0.005353327337273561,-0.005367707739022983,0.021004654198125066
2025-12-17,296.3342590332031,307.6894729197007,295.7350329501308,307.60959033164653,43930400,311.3485565185547,284.5331750488281,306.1251245115774,45.19716249913888,5.931652326325377,9.637993918020603,330.84940592630795,291.8477071108014,9.186659348975335,-0.0321297701987725,-0.03265726081512035,0.022471528689152892
2025-12-18,302.0668029785156,303.56485302569047,298.8410213827925,301.32777470817274,33518000,311.83998718261716,285.6916653442383,305.7386176989048,49.946782781483016,4.9646727031262685,8.703329675041736,329.82626186583906,293.8537124993953,9.046940394940478,0.019344857270350957,0.019160124141452444,0.021901779577537715
2025-12-19,306.7607116699219,306.85059101726483,300.5787559089981,301.337777701548,59943200,312.7337844848633,287.005712890625,305.8359599818589,53.50044822877788,4.52493297710663,7.867650335454716,327.56894377302785,297.89862519669873,8.848718588749495,0.015539306686872534,0.01541980802173458,0.021867806064827598
2025-12-22,309.3773193359375,309.7268704705607,304.90313186415943,309.4771954426739,26429900,313.24890899658203,288.4710986328125,306.1732323012949,55.401329997564744,4.337573598430367,7.161634988049847,326.8121054222596,299.68571257090446,8.561220018581764,0.008529800481200889,0.008493627287605566,0.020585333235009873
2025-12-23,313.9413452148437,314.5305745464577,308.91788552805923,309.2274800840275,25478700,313.04808349609374,289.87646118164065,306.9130525787757,58.581802912371536,4.505432860765552,6.630394562592988,326.44435284328546,299.651814148902,8.350610661425813,0.01475229628565744,0.014644539642077552,0.015128786571354856
2025-12-24,313.6816711425781,314.67037436380235,311.5145092668577,314.360779810128,10097400,312.591748046875,291.250680847168,307.5576829181855,58.32694144978358,4.564887822804565,6.217293214635304,325.2272010601364,299.9562950336136,7.979557406820015,-0.0008271420003245211,-0.0008274842710195315,0.01466616792829843
2025-12-26,313.1024780273437,314.6804107746781,311.8740659325972,314.0712183432231,10899000,312.2806106567383,292.50193481445314,308.08575864286723,57.723722118932265,4.513244392727472,5.876483450253738,324.5383295048512,300.0228918086254,7.610042223624362,-0.0018464359524887897,-0.0018481427166294842,0.014497928150142359
2025-12-29,313.15240478515625,313.6117983030154,310.2162240166622,310.9652491009125,19621800,311.96049346923826,293.74560394287107,308.5682963707043,57.76427117014755,4.425332792660868,5.586253318735164,323.76774378123184,300.1532431572447,7.309008799533566,0.00015945820080087714,0.0001594454886933244,0.01449521504268533
2025-12-30,313.4420166015625,316.5379928503015,312.0538089034933,312.09376543928346,17380900,311.91883850097656,294.95833709716794,309.03246020221457,58.015828592466335,4.3291279769071025,5.334828250369552,323.6989788261862,300.13869817576693,7.10723559576747,0.0009248270553916527,0.0009243996663374693,0.014023597172605432
2025-12-31,312.5931091308594,314.17104176667254,311.03513952358344,312.4433102220648,16377700,311.78882904052733,296.08921905517576,309.37156962399024,56.94518986249718,4.1366999272786416,5.09520258575137,323.4785940925546,300.09906398850006,6.823568927719015,-0.0027083397430479605,-0.002712013930594704,0.01401755337179281
2026-01-02,314.74029541015625,322.0807464242433,309.9265541489014,316.4880203907529,32009400,311.57555236816404,297.3846069335938,309.88287684172036,59.00587718598157,4.110080845977677,4.898178237796631,322.8801475705806,300.27095716574746,7.204327738263506,0.006868949495614229,0.006845465739850215,0.01382123630592792
2026-01-05,316.1285095214844,318.6052660390324,314.2209888461081,317.2470486555906,30195600,311.53199157714846,298.6832067871094,310.4776990016979,60.327923791493944,4.153127639070306,4.749168118051366,322.75909431110705,300.3048888431899,7.002895556453561,0.004410665337652553,0.004400966860659075,0.013795747910237117
2026-01-06,313.9313659667969,320.5227923064431,311.3746963103618,315.9886856047422,31212100,311.19642944335936,299.9101184082031,310.80661966504067,57.18458766845263,3.9642539581955134,4.592185286080196,321.69157874415964,300.7012801425591,7.156124159284112,-0.006950159471580952,-0.0069744243250146115,0.013598868513871461
2026-01-07,321.5614624023437,325.72602466406613,313.78158025326775,313.9513421990662,35104400,311.6088943481445,301.1530987548828,311.83089040192664,64.16708610691987,4.379767981334965,4.54970182513115,323.0132428390139,300.20454585727504,7.498147034392274,0.024304982753312387,0.024014316993392005,0.013691839474428463
2026-01-08,325.0169372558594,329.8905982345552,321.08205673508803,328.54234711069296,31896100,312.0263519287109,302.27855407714844,313.08670438801545,66.80716810680624,4.931051685997147,4.6259717973043495,324.6833155404228,299.36938831699894,7.591746639040482,0.01074592343155878,0.010688596319191309,0.013693123308575327
2026-01-09,328.14288330078125,330.3999246926398,325.37646465172014,326.6647962522232,26214200,312.4438095092773,303.50245849609377,314.5206261892312,69.0301351518834,5.556138014475607,4.812005040738601,326.56413966001315,298.3234793585414,7.433978124593334,0.009617794295012638,0.009571837743600703,0.013684973247271172
2026-01-12,331.4285888671875,333.6057781716088,324.5775210522192,325.3764689128772,33923900,313.414045715332,304.6503540039063,316.1309083490366,71.21248673664394,6.244667769840419,5.098537586558965,329.7745893834533,297.0535020472107,7.547855195650209,0.010013033143840833,0.00996323487272357,0.012385812260877751
2026-01-13,335.5332336425781,340.04734658205444,333.18628259299794,334.5145706345901,33517600,314.7463104248046,305.74241149902343,317.97874885318345,73.70527640666646,7.040385904760399,5.486907250199252,333.56975961523966,295.9228612343696,7.624348232737119,0.012384703412038789,0.012308640341220088,0.01214630514394322
2026-01-14,335.4034118652344,336.08252056576845,330.0503943745689,334.62442706687915,28525600,316.12551422119134,306.83766174316406,319.6382405686169,73.48852711640112,7.573223322761294,5.904170464711661,336.6793459771318,295.5716824652509,7.510618086913007,-0.00038691182966998916,-0.00038698669936456157,0.012063259635994363
2026-01-15,332.347412109375,337.25103316994193,330.3100554080323,337.2110766328429,28442400,317.4343109130859,307.8212908935547,320.8486378582129,68.39002815285419,7.66060054069618,6.255456479908565,338.610279193426,296.2583426327458,7.469929492269906,-0.009111415232374798,-0.009153178048605836,0.012250498735488157
2026-01-16,329.5710144042969,334.2149635116852,327.27401649506595,333.97528525413946,40341600,319.09614868164056,308.8727508544922,321.67934038641135,64.04285891410387,7.42027916470505,6.488421016867862,338.53302831788767,299.65926904539344,7.43214502972343,-0.008353901983038203,-0.00838899138112511,0.009352083240512472
2026-01-20,321.5814208984375,327.30398324237245,320.01345448184367,320.4528849486331,35361000,320.07187957763665,309.6292834472656,321.67001472089,53.50330832136221,6.510085109945976,6.4927538354834855,337.88254153757964,302.26121761769366,7.583960379204129,-0.02424240347805051,-0.02454108763585905,0.01087833838108043
2026-01-21,327.953125,332.0478012719212,318.9348648307384,320.50283121296127,35386600,321.13150024414057,310.50446716308596,322.26840617604336,59.26133617485349,6.231065193550535,6.440416107096896,338.15248327367976,304.1105172146014,7.978887240774034,0.019813657405210794,0.01961992178812403,0.011171729074647379
2026-01-22,330.1102905273437,334.7142826747097,328.3226090802118,334.0152109953496,26253600,322.1681488037109,311.5409631347656,323.0152523047386,61.02125297996117,6.113532136521144,6.3750393129817455,338.71828123741125,305.61801637001054,7.891906557483724,0.006577664193148536,0.006556125756840501,0.011133058017067259
2026-01-23,327.5036926269531,333.2562145369407,327.0243361197249,332.05776231305794,27280000,322.8462661743164,312.3003674316406,323.44272281161625,57.773455399086224,5.74384421503936,6.248800293393269,339.1012671592361,306.59126518939667,7.773333118893158,-0.007896142517176852,-0.007927482134239302,0.011059263921245222
2026-01-26,332.8267822265625,335.4034148973675,326.5749102768944,327.3838548641184,26042100,323.8035217285156,313.14208068847654,324.3364427558969,62.19825950143628,5.813379695157437,6.161716173746103,340.0418678250316,307.5651756319996,7.848702511863153,0.016253525439399175,0.016122850940925554,0.011467220219331742
2026-01-27,334.1150817871094,337.4707297257924,333.04649592160257,334.93402312381306,21636200,324.8541519165039,314.1013800048828,325.2677417112505,63.203235979089115,5.9043800539811855,6.11024894979312,340.9050639059239,308.8032399270839,7.619791439532207,0.0038707809267282123,0.003863308730187143,0.011410406938001277
2026-01-28,335.5731811523437,337.10119086219134,331.5084650266126,335.6231039588608,27434400,325.9751907348633,315.25232299804685,326.24921213421175,64.35817480628397,6.024705867904743,6.093140333415445,341.7294982070942,310.2208832626324,7.4750010392498165,0.004364063296500298,0.004354568386508316,0.011387922709818726
2026-01-29,337.810302734375,341.8450595994438,326.1155333080428,339.857625711299,39785600,327.19360504150393,316.4911248779297,327.3502683818464,66.11544403079492,6.228780453814238,6.120268357495204,342.6486351183479,311.73857496465996,8.064609985832043,0.006666568449686938,0.006644445152127665,0.011391294733564568
2026-01-30,337.56060791015625,339.5580079569619,331.8580393103398,339.5580079569619,31024000,328.4419799804688,317.5530688476563,328.3226816702568,65.72593299832715,6.297766021426071,6.1557678902813775,342.98447798636823,313.8994819745693,8.038564175888476,-0.0007391569238641704,-0.0007394302350314121,0.011340365805060454
2026-02-02,343.2431945800781,344.381696695552,335.193675272949,335.7829045969607,32006100,329.8671249389648,318.7434356689453,329.7436828997636,70.05036949756726,6.733356886854381,6.271285689595979,344.34566265354607,315.38858722438357,8.120668264939514,0.01683427075541455,0.016694144844609852,0.011690702262783991
2026-02-03,339.26837158203125,348.5463032010534,337.0312933144156,346.8884575284791,36506700,331.0241180419922,319.6840393066406,330.65079610759864,63.97042610886148,6.680818472324631,6.3531922461417105,344.5961591251015,317.4520769588829,8.36312123791796,-0.011580194628212914,-0.011647767258048704,0.01222517441270586
2026-02-04,332.6070861816406,342.8637251238478,328.0929422734009,342.51417399710857,70618400,331.95790405273436,320.55848571777346,330.8371094479836,55.306923045664966,6.03213662304853,6.288981121523075,343.03857175967266,320.87723634579606,8.820811353098598,-0.019634265844849064,-0.019829578821114843,0.013099539173234498
2026-02-05,330.81939697265625,332.2575275064077,306.0616137944584,311.81413592946416,88205800,332.42080078125,321.1933770751953,330.8354225455715,53.22368965217541,5.312560119075101,6.09369692103348,342.4490679886386,322.39253357386144,10.086858569818856,-0.005374777878328518,-0.005389273962435708,0.012206716149649972
2026-02-06,322.4402770996094,329.95052083207565,319.50412705068965,326.75466854448496,56380500,332.2919677734375,321.2830255126953,330.0358848840513,44.720923046875086,4.01982753926228,5.67892304467924,342.7542085935779,321.82972695329704,10.17460223782941,-0.025328381436290015,-0.025654666187762257,0.01337641769405746
2026-02-09,323.8984069824219,327.2740180221729,316.84758707958963,320.5127991892576,39640100,332.07974395751955,321.30482604980466,329.4513631791342,46.32781633016673,3.077510921351063,5.158640620013605,343.0308041502447,321.1286837647944,10.192590002454688,0.004522170418437055,0.004511976127782775,0.013224989744015916
2026-02-10,318.16583251953125,321.25184233940706,314.2009923012897,320.5527401483992,39170000,331.4166061401367,321.28163818359377,328.3765507353625,41.25092235187217,1.8468579339666462,4.496284082804213,343.93863864272265,318.89457363755076,10.157220336645937,-0.017698680633528863,-0.017857175162165135,0.013506815885364284
2026-02-11,310.55572509765625,320.6426005966259,309.25742736560915,318.5553213774315,45406400,330.1677307128906,321.1016577148437,326.67932924605714,35.66356127162449,0.2545502100946351,3.647937308262298,345.47160230930814,314.86385911647307,10.244931257672425,-0.023918682158958204,-0.024209378579667557,0.01391189636639459
2026-02-12,308.59832763671875,315.82890653132813,306.80067966689137,311.684307255737,47761300,328.82747650146484,320.98812194824217,324.95732909278684,34.37390245432462,-1.1520308548952016,2.6879436756307986,346.5641255316884,311.0908274712413,10.158023801012734,-0.006302886415383235,-0.00632283346412636,0.013899108252803098
2026-02-13,305.32257080078125,308.2287915112591,303.31517401115394,307.32996759040856,38499700,327.47623443603516,320.79070739746095,323.0873521125958,32.27072387791988,-2.502238435689719,1.6499072533666954,347.85522919550795,307.09723967656237,9.809818788480738,-0.010614953298754504,-0.010671693804613325,0.013931873384253265
2026-02-17,301.6273498535156,304.0442171582303,295.86486207725466,299.6499434457439,39247600,326.0790512084961,320.4431378173828,321.04354237363583,30.03801558304005,-3.826353300359756,0.5546551426214053,349.32233603939613,302.83576637759603,9.78466806955544,-0.01210267861158787,-0.012176512355151718,0.014016524625069018
2026-02-18,302.9356689453125,304.983022308801,300.8583862777236,301.6972906518214,28482100,325.14676361083986,320.16185668945315,319.3189829995098,31.836203200672685,-4.715792730594728,-0.4994344320218215,350.4420426546881,299.8514845669916,9.380380066807012,0.004337534684544453,0.004328154695212355,0.013318723205239576
2026-02-19,302.456298828125,305.0728879320441,299.64995428739604,301.42763905495286,25834400,323.8719223022461,319.7981304931641,317.71301307842555,31.5165686096947,-5.397146108581978,-1.4789767673338527,350.97813129612,296.7657133083722,9.097705322367089,-0.0015824155632001569,-0.0015836689050871284,0.012211774601854105
2026-02-20,314.570556640625,316.0885697634931,303.5049428811186,303.9244103176242,53210800,323.09493560791014,319.82329833984375,317.4137315129207,46.21322519057377,-4.903084501066758,-2.1637983140804335,350.33188414732484,295.85798706849545,9.421602866152877,0.04005291957693391,0.03927159606731417,0.015566457360030726
2026-02-23,311.0850524902344,319.1046122516075,309.4671633706354,318.6352220336332,31423000,322.27400360107424,319.71164367675783,316.81100017742676,43.33188777581353,-4.738169504314612,-2.6786725521272694,349.9166460056778,294.63136119647066,9.437020438639966,-0.011080198311034462,-0.011142040951804093,0.015642866902081415
2026-02-24,310.495849609375,311.8640638461802,305.5323089793432,310.11633870149166,25615600,321.15745697021487,319.52568603515624,316.20955726618377,42.84557269993939,-4.601968303573699,-3.063331702416556,348.8088896372572,293.5060243031725,9.215215754939752,-0.0018940250460213193,-0.001895820979512424,0.015014390240507153
2026-02-25,312.4932556152344,313.23231441520727,309.03776179839537,311.65435118745364,29963600,320.0763656616211,319.5350738525391,315.8556237756171,45.095180278067154,-4.283476646644601,-3.3073606912621654,347.30429918061503,292.84843214262713,8.856596959359191,0.00643295557210255,0.006412352425617707,0.015090074616002393
2026-02-26,306.9804077148437,312.73292940852764,301.95694798569707,312.2335794136705,36431200,318.64672698974607,319.4969232177734,315.0103651031625,40.372029466620354,-4.424902940003278,-3.5308691410103883,345.4693939269528,291.8240600525393,8.993695849607146,-0.017641494020525395,-0.017798959880026357,0.015307748309530805
2026-02-27,311.354736328125,311.9639287272481,303.4050620118916,303.7446468483449,44640600,317.3239486694336,319.56763122558596,314.66220998173037,45.27032136444247,-4.136331480577951,-3.651961608923901,342.81203589039575,291.83586144847146,8.962636625732104,0.014249536789151307,0.014148966401481956,0.01568380118107111
2026-03-02,306.1215209960937,308.0889612664211,300.908305641281,302.83581985466094,34790200,315.75199432373046,319.5666320800781,313.84881103071734,40.937616831530704,-4.2805695205569805,-3.7776831912505173,339.8964104490736,291.60757819838733,9.068621915811525,-0.016807887343381234,-0.016950742877401073,0.015920285699864867
2026-03-03,303.1853332519531,303.5448811012492,296.3242691134317,298.2018299939976,35497000,313.74910125732424,319.7036535644531,312.83324171845413,38.69965590662724,-4.579020915850208,-3.937950736170456,334.89945546909945,292.59874704554903,9.120666913443703,-0.009591575706884181,-0.009637871137742681,0.015110033453033902
2026-03-04,302.7359619140625,305.07291645770977,300.3590508331652,302.49628364637806,29536200,311.92248077392577,319.71703674316404,311.87159602279775,38.35407661946476,-4.796515068280883,-4.1096636025925415,330.0333208919268,293.81164065592475,8.805895392808049,-0.0014821671387289514,-0.0014832666350016398,0.01508518983384585
2026-03-05,300.4888916015625,302.90572878105803,297.60263367704704,302.6460874794852,35752300,310.3165710449219,319.59160034179683,310.78752893506106,36.59432907848041,-5.09150880160081,-4.306032642394195,326.38708932053635,294.2460527693074,8.555695372179688,-0.007422541736676336,-0.00745022587578358,0.0147290285047172
2026-03-06,298.1319274902344,300.1393243405422,294.7962729857715,295.7050936872067,25576900,308.6821975708008,319.3666925048828,309.58223355936326,34.79119045593767,-5.4526262847170415,-4.5353513708587645,322.5817221864693,294.7826729551323,8.351189889580494,-0.007843764535739872,-0.007874688670685488,0.014743006706345468
2026-03-09,306.1770935058594,306.6168332730834,293.9044256827884,294.1842573074437,29312100,307.8690383911133,319.2114074707031,309.2579345066486,44.79100395845998,-5.031635271271398,-4.6346081509412915,320.27669860352097,295.4613781787056,8.662705439631527,0.026985254760708344,0.026627573258840187,0.015579557569963624
2026-03-10,306.8567199707031,309.3252467158022,305.3875962722132,305.98724420005084,23239700,307.01695404052737,319.0749084472656,309.0292474079871,45.550627581614194,-4.5902432177151695,-4.625735164296067,317.0100850420786,297.02382303897616,8.325201511342774,0.0022197168869222406,0.002217256954955653,0.015533608345104448
2026-03-11,308.5157470703125,311.2341247037885,305.7374076911934,306.56689883882945,24125700,306.5344497680664,318.98317382812496,308.98034261392286,47.451347297078456,-4.059768726581524,-4.512541876753159,315.1670162209643,297.9018833151685,8.123166904289366,0.005406520345286214,0.005391957579841923,0.01520617819959872
2026-03-12,303.3687744140625,308.7555713296518,300.8502897843219,306.636841807898,24928300,306.1751022338867,318.78750122070306,308.4459075472695,42.4951597563123,-4.008474351672476,-4.411728371737023,314.70591989672124,297.6442845710522,8.10760366436369,-0.016683014417014475,-0.016823743285437443,0.014721315970167619
2026-03-13,302.0995483398437,307.50632242162294,300.26065041451466,306.8267356773544,23693100,305.850163269043,318.56065185546873,307.8414923846575,41.348252883839606,-4.023854635351768,-4.334153624459971,314.4815091844317,297.2188173536543,8.046037117416876,-0.004183772956429799,-0.004192549422219123,0.014689248308360261
2026-03-16,305.3775939941406,306.3070315122431,302.8391017033621,304.16832484157635,23519700,305.85291442871096,318.41634155273437,307.60683539508443,45.443638346038654,-3.728552302446076,-4.213033360057192,314.4836209824632,297.2222078749587,7.771854692772771,0.010850879030806615,0.010792430673513887,0.014730999884126657
2026-03-17,310.7344055175781,311.2341070358109,305.3176276402165,305.6773980936512,21955200,306.3082672119141,318.3362237548828,307.9046992162743,51.414004765442336,-3.0273754551095635,-3.9759017790676667,314.96011226615593,297.65642215767224,7.63932788583146,0.01754159974009184,0.017389521764320726,0.014927470508280298
2026-03-18,307.5063171386719,312.2834623461404,306.74676108497374,309.0853604878573,20009800,306.536799621582,318.1637799072265,307.8667580660265,48.00472012568071,-2.701031693774553,-3.7209277620090444,315.0607479734527,298.01285126971135,7.489140269783976,-0.010388577259506704,-0.010442915185014242,0.015146559317093649
2026-03-19,306.9466552734375,307.8760927647981,302.16951004441273,303.8285227221892,25075800,306.76131744384764,318.0240856933593,307.7791292286371,47.41765419710791,-2.4592136626757792,-3.4685849421423915,315.07754023314874,298.44509465454655,7.3618147305412185,-0.0018200011968599883,-0.001821659411311911,0.01514866615600043
2026-03-20,300.8203125,305.8173276578073,298.0919312440676,305.2776414809433,44364100,306.0738052368164,317.60926269531245,307.1163847782907,41.4429806922255,-2.73044096881074,-3.3209561474760614,313.95613572494545,298.1914747486873,7.468451109028981,-0.01995898201913937,-0.02016085311090813,0.012723031565436737
2026-03-23,301.87969970703125,305.7973733016039,300.75036931754545,301.92965766257777,29326900,305.61353759765626,317.1465179443359,306.61765286674216,42.7854933381405,-2.827315337799405,-3.2222279855407305,313.34524718593445,297.88182800937807,7.295490600102515,0.003521661147902977,0.003515474619599001,0.012602331786008421
2026-03-24,290.2666320800781,299.7409842283802,290.1566818819568,299.02141279307426,36864300,304.6020767211914,316.38899291992186,305.0604127918218,33.67199389172731,-3.7973924992676302,-3.337260888286111,314.50284580324427,294.7013076391385,7.611742544743369,-0.03846919033715546,-0.03922867113558763,0.015083427780189078
2026-03-25,290.7563171386719,295.8232978370104,289.0673235725591,293.2648285118823,29460700,303.5152297973633,315.57554748535154,303.69811796771234,34.30741198979062,-4.4750861396267965,-3.564825938554248,314.43251674461453,292.5979428501121,7.550616239008222,0.0016870180877650576,0.001685596671163304,0.014959830660878888
2026-03-26,280.7523193359375,287.7781215852462,278.33375052565475,287.7381369232671,39080600,302.20382537841795,314.4799291992187,301.5128038123052,28.33525538383843,-5.753084273577883,-4.002477605558975,316.8167154082348,287.5909353486011,7.898612694294572,-0.03440681152238945,-0.03501266341009786,0.016211778021897317
2026-03-27,274.1762390136719,279.203235317384,273.7864876697142,277.1144865271076,35890600,300.3449005126953,313.25538574218746,298.90932145053057,25.226551724553786,-7.213390252967258,-4.644660135040632,318.78603479566925,281.9037662297213,7.8319854780037685,-0.02342306677223538,-0.023701747101302656,0.016127799861624076
2026-03-30,273.33673095703125,276.9245842043685,271.9475460941929,276.2550012483934,35141200,298.7056610107422,312.0751721191406,296.47383664162584,24.851707461483784,-8.342270050420723,-5.384182118116651,320.3514778068642,277.05984421462017,7.628060666016043,-0.003061928559749294,-0.003066625853971971,0.015944401172830632
2026-03-31,287.3883361816406,287.9080147834651,276.9245851168754,277.87403020607053,43875400,297.9158111572266,311.23151855468745,295.608550883532,40.7274009262487,-8.010725656713987,-5.909490825836118,319.9985829304127,275.8330393840405,8.124005177474457,0.05140767278298308,0.05012990705870468,0.020351050872287026
2026-04-01,297.2124938964844,300.34059988895723,290.2366494817892,290.6663854824321,37684500,297.63963775634767,310.7441400146484,295.7613073609561,48.86159992991975,-6.875984839301395,-6.102789628529173,319.61225440906657,275.66702110362877,8.468880786748896,0.03418426038221156,0.03361296174041603,0.02194315012799526
2026-04-02,295.59344482421875,297.9020635524316,289.2772403921399,290.5164904801884,21666500,297.39486541748045,310.09694641113276,295.74532045269535,47.6998120033111,-6.037738998497332,-6.089779502522806,319.3441241790889,275.445606655872,8.480019527716241,-0.005447446206045203,-0.005462337645962499,0.021915696502746062
2026-04-06,299.8109130859375,300.4405418912755,295.0037868253031,295.69337737406744,16945500,297.47881469726565,309.49095886230464,296.1325197510994,50.970175371860144,-4.975751324585019,-5.866973866935249,319.45153813850465,275.50609125602665,8.262643494734535,0.014267800370968198,0.014166973229900738,0.022087778988065448
2026-04-07,305.27764892578125,305.4475608650088,297.5422790326475,302.5492981026724,23205400,297.43384246826173,309.04643798828124,297.00348443440237,54.90630616013929,-3.65091309341733,-5.4237617122316655,319.3387468880033,275.52893804852016,8.237117661707876,0.018233945467744705,0.01806970063372021,0.021617397217344334
2026-04-08,317.1305847167969,321.88772251879675,314.8319393907938,320.25872115869026,33547100,297.9475357055664,308.7325140380859,298.9203511279637,62.02485056807748,-1.6257952356018563,-4.664168416905704,321.15536890096934,274.73970251016345,8.835185942515563,0.03882673963431005,0.0380919413630264,0.02329343559496715
2026-04-09,318.29986572265625,319.3492572184689,310.8743084256086,315.72141928886384,23739200,298.4367416381836,308.41620971679686,300.76601918460113,62.65121843724995,0.07263912338879663,-3.716806908846804,322.8938935774944,273.9795896988728,8.809454717540186,0.003687064768298942,0.0036802842067981197,0.02328299972946666
2026-04-10,317.0506286621094,321.6378852163977,316.1311948927162,319.8289680511782,19152600,299.12083435058594,308.0457586669921,302.3169343729353,61.484393976030034,1.3028392787550729,-2.712877671326429,324.82512812017455,273.4165405809973,8.573542975121708,-0.003924717522926557,-0.003932439437588319,0.022921385728909914
2026-04-13,321.1181945800781,321.4380108789369,315.28168437302884,316.9507009019676,18866400,300.07176666259767,307.7119165039062,304.1075305831394,63.84548620788709,2.5763023309312416,-1.655041670874895,327.4961327109214,272.6474006142739,8.400884655892161,0.012829389221314713,0.012747789780323843,0.02297762038219172
2026-04-14,332.7112731933594,333.09105123243734,323.5567375910905,324.59612530340485,27721400,301.4384506225586,307.6149298095703,306.8316965460175,69.57098109523334,4.469474214682236,-0.4301384937634687,332.2939472082027,270.5829540369145,8.656025512782666,0.03610221659486279,0.03546580363710918,0.024081212531655995
2026-04-15,336.91876220703125,337.278563176308,330.70247381548376,332.69130668872015,24918800,302.74766845703124,307.4884411621093,309.697131370876,71.34462140160265,6.237434509712386,0.9033761069317026,337.0943278395461,268.40100907451637,8.507458644785636,0.012646066883422513,0.0125667731821318,0.02396702529605887
2026-04-16,335.81939697265625,339.6771085489368,334.3202924195682,338.5477782390461,20541500,304.16332244873047,307.4194616699218,312.1849661900931,70.19335118802258,7.4638080610854445,2.2154624977624513,341.39094127922823,266.9357036182327,8.282412750827277,-0.0032629979618038485,-0.003268333148616994,0.02378909778967713
2026-04-17,341.4760437011719,342.1156763245155,336.0392884001999,337.4484504303517,25581900,305.88979187011716,307.5968408203125,314.9745926197197,72.63980468694672,8.790826872429363,3.5305353726958337,346.52070697508077,265.25887676515356,8.140546079472418,0.01684431209009718,0.016704019890516727,0.023886541082878448
2026-04-20,337.2185974121094,341.1962021124509,336.40905286572576,340.55660000710446,18784200,307.70970611572267,307.7248248291015,317.09306926661395,68.10872823643973,9.390708267119123,4.702569951580491,350.47396453256084,264.9454476988845,7.921006419184826,-0.012467774438631563,-0.012546149259453765,0.023520355180890948
2026-04-21,332.0916442871094,339.13742351057505,331.1522029907326,337.4884145965044,23123800,309.2203033447266,307.91785217285155,318.5215049828516,63.01142059770108,9.344696480712287,5.63099525740685,353.17200602895264,265.2686006605005,7.925593140660372,-0.015203648803314485,-0.015320409239913332,0.023991701367089547
2026-04-22,339.1174621582031,339.6171637007564,334.96994545488326,336.818816762841,20293000,311.6628448486328,308.22223327636715,320.48302471383744,66.69041800110855,9.762619196398532,6.457320045205186,356.5494555804687,266.7762341167969,7.897016445873705,0.02115626211004451,0.020935575571808553,0.021913554306553014
2026-04-23,338.6877136230469,341.7558578013153,335.97930940305434,340.9763246437424,18650300,314.0594146728516,308.6326708984375,322.21680460995265,66.25631646980182,9.94451466945776,7.154758970055702,359.3417043850485,268.77712496065465,7.745554442472795,-0.0012672556948888358,-0.001268059342409964,0.021968475630218066
2026-04-24,344.19439697265625,345.063872727698,335.1897964239415,338.5277988797623,26426100,317.2315185546875,309.30544433593747,324.3099086444958,69.03746845370149,10.412977148667153,7.8064026057779925,361.6160620480722,272.8469750613028,7.8975917182787745,0.016258881347370746,0.016128121174901693,0.01963179041497079
2026-04-27,350.130859375,352.9691603649003,342.5254168368208,345.77347673538645,28576900,321.0292495727539,310.1360949707031,326.7690468093057,71.74145389049005,11.134903702665838,8.472102825155563,362.95798153050623,279.10051761500154,8.079459704693111,0.017247411505119103,0.017100363295902886,0.017978569908478514
2026-04-28,349.5711975097656,352.20963620070955,345.91337868788094,348.34192077884484,27824100,324.8409729003906,311.02106750488275,328.94068020934947,71.11095104565747,11.528976794723974,9.083477619069246,362.36316522313285,287.3187805776484,7.9520881195599324,-0.0015984362710370625,-0.0015997151332615383,0.017914965596183406
2026-04-29,349.7311096191406,355.5776236260777,344.0045190996302,347.36252924438134,35376300,327.95811157226564,311.9831427001953,330.92072110552004,71.18886541464683,11.719095689879452,9.610601233231288,362.7778255924058,293.13839755212547,8.210732148623329,0.00045745218860759884,0.00045734758925342116,0.015563184764166337
2026-04-30,384.5702819824219,385.6096696957082,365.60163158627074,373.8467067603946,72040000,332.3260009765625,313.6158349609375,336.0302030937964,82.35459497945786,14.513691529139066,10.591219292412845,372.1760652112451,292.47593674187993,10.187005572047918,0.09961702406520634,0.09496195924186007,0.024960093008130586
2026-05-01,385.4597778320313,386.5291464515476,378.823726715884,381.4022037517389,30105200,336.81931762695314,315.27590454101556,340.73778164029494,82.54063906452753,16.608748433608866,11.79472512065205,379.2698954052821,294.36873984862416,10.009749440877611,0.002312960442559797,0.0023102896670280067,0.024713228914228176
2026-05-04,383.0212097167969,387.1487490940992,379.5632837866369,385.3997937985888,26298600,340.9798324584961,316.644917602539,344.76477479043797,80.04882938051125,17.866371646623747,13.00905442584639,384.40575310805775,297.55391180893446,9.836586288490803,-0.006326388005902572,-0.006346484401737499,0.025111445960546357
2026-05-05,388.1981201171875,392.58551415458055,383.79074899852696,385.9994517026946,23878600,345.12585601806643,318.1871789550781,348.90128386917604,81.33693216127268,19.061056513300457,14.219454843337205,389.93697846460907,300.3147335715238,9.817137584868865,0.013515988851422689,0.013425462662561916,0.025077956231083207
2026-05-06,397.8023986816406,399.61131576273664,392.5255517960256,394.0146525811788,31308500,349.1594467163086,319.9333099365234,353.5585328989346,83.46925667869252,20.545996433777873,15.484763161425342,397.54512502700703,300.77376840561016,9.931141732060313,0.024740662220501752,0.024439568109513986,0.024486729408332283
2026-05-07,397.7524108886719,399.8611671879692,392.4455831227277,399.6812819584635,24433500,353.1320739746094,321.63849304199215,357.76747365986193,83.41583682740786,21.471280861678338,16.682066701475943,403.7269282766368,302.537219672582,9.751459041573254,-0.00012565985809642743,-0.00012566775395786466,0.02456684583689298
2026-05-08,400.5607299804688,401.7600258394352,396.1233780013978,396.7630105926761,21461800,357.30757904052734,323.5100994873047,361.8430218808721,84.03404974280355,22.175557296995237,17.780764820579805,409.0726372802126,305.5425208008421,9.457543955606408,0.007060470320022771,0.00703566190372911,0.024325981973799697
2026-05-11,388.4080200195313,397.2027547509894,388.23810807955056,393.415008612389,30753700,360.6720703125,325.0511651611329,364.37302170360147,71.59618676711987,21.505180976818338,18.525648051827513,411.32634184781824,310.0177987771818,9.662192380271538,-0.03033924459227455,-0.030809005349915507,0.02610140111437867
2026-05-12,387.1187744140625,388.28805889354703,382.541491402114,387.1087706238473,26017500,363.39244537353517,326.67111022949223,366.53928386650256,70.40564357125045,20.632038273373837,18.946926096136778,413.5898343429081,313.19505640416224,9.391073540067664,-0.0033193073752801894,-0.003324828496924655,0.02549755460107631
2026-05-13,402.3796691894531,403.4590416115898,384.77019153718186,385.3698394939953,28144600,366.6654907226563,328.6549969482422,369.9526538972598,75.5817069755527,20.93022248183587,19.343585373276596,418.0537782987891,315.27720314652345,10.055200435377682,0.039421737678543955,0.038664537053085424,0.026445346812748734
2026-05-14,400.8305969238281,402.6894719958145,395.6037078837972,397.0428507456917,21136700,369.91605072021486,330.6168896484375,372.8934103759806,74.1637638421833,20.801748817910493,19.63521806220338,421.3129974703588,318.5191039700709,9.843097840851938,-0.0038497776707889786,-0.00385720713884289,0.026460264696446054
2026-05-15,396.5431518554688,399.30151410906007,392.9452946767326,396.0834349796574,20309700,372.6694061279297,332.5379748535156,375.1457667073604,70.23627326831331,20.12201743681311,19.732577937125324,423.5747690512714,321.76404320458795,9.703255298440764,-0.010696401675079903,-0.010754019416150175,0.02675684559729181
2026-05-18,396.70306396484375,408.36608091552193,394.29449886421145,395.4538101055549,26837200,375.6436294555664,334.5093975830078,377.19884263664454,70.29944973762595,19.37291014197973,19.660644378096205,424.8385817457124,326.44867716542035,10.01527863793146,0.00040326534105239453,0.00040318405143820255,0.026395301604463097
2026-05-19,387.4285888671875,396.91291402359946,385.8794958446922,396.723025004717,39545700,378.4104766845703,336.1344274902344,378.17310418241055,62.07047410813936,17.82538464516648,19.293592431510262,423.5540645760879,333.2668887930527,10.088002890858302,-0.023378884460741545,-0.02365650610638229,0.026840806533724358
2026-05-20,388.6778564453125,393.6248834036927,382.6714341601505,387.4685872554011,31744400,380.8884963989258,337.7708502197266,379.17355677887736,62.703774197000385,16.50945428044622,18.736764801297454,422.42976287235723,339.34722992549433,10.14982048747858,0.00322451056536055,0.003219322979792405,0.026679485764784443
2026-05-21,387.4285888671875,392.2656959548347,382.7913440893277,385.4697674348519,24852800,383.32554016113284,339.34910705566404,379.95975031109737,61.59620523817205,15.190656104926688,18.0275430620233,420.1262662346806,346.52481408758507,10.101572728766325,-0.0032141465159613025,-0.0032193229797924917,0.026715410463358256
2026-05-22,382.7413940429688,388.5079387636157,381.5420981620284,387.1187843592316,20442100,385.2528900146484,340.9365594482422,380.2246687617518,57.49290261067708,13.610389501605539,17.14411234993975,417.39715391349944,353.1086261157974,9.87759186253925,-0.012098216184623145,-0.012171995269428804,0.026953530238431753
2026-05-26,388.6478576660156,389.0276356997364,382.3716078175452,384.2804712769477,27747400,387.1787399291992,342.66752563476564,381.02687722882456,61.01704583119303,12.688355619912045,16.25296100393421,414.9998086334342,359.3576712249642,9.647480149657243,0.015431995898472772,0.0153141336694057,0.026915458037435787
2026-05-27,388.5978698730469,393.64487351491664,385.66962629134815,386.4391861502527,23087300,389.1300735473633,344.33193115234377,381.74792414732195,60.970973907717,11.81738012661151,15.365844828469672,410.9547932221235,367.30535387260306,9.528034940650903,-0.00012861975688982508,-0.0001286280291200787,0.026896878210162886
2026-05-28,389.8971252441406,391.6360768291116,384.9300907577927,387.7683918215113,24357500,391.1383743286133,345.915185546875,382.5240385374952,61.77877604704524,11.103965224122987,14.513468907600336,403.3795876143795,378.8971610428471,9.3264600214129,0.0033434443979794004,0.0033378675149664484,0.026875369422919928
2026-05-29,380.1129455566406,385.0100143138995,378.2340629764561,385.0100143138995,44415800,390.9155075073242,347.36731811523435,382.29441063455664,52.899397122951996,9.63797664768191,13.538370455616652,403.7736828341364,378.057332180512,9.493360181860876,-0.02509425962392897,-0.025414489195130573,0.01637320430037566
2026-06-01,376.1453247070313,378.3340198477676,373.2970198869562,376.2952290661171,28672100,390.44978485107424,348.75129150390626,381.7087834033637,49.77514379982433,8.063070240556328,12.443310412604589,404.66751129019605,376.23205841195244,9.30211485956256,-0.010438005061361721,-0.010492863109156488,0.016507420588723978
2026-06-02,361.6340026855469,373.31702687507857,358.2260345973877,366.371163421305,50412300,389.3804244995117,349.9675653076172,379.7968995254764,40.381405659878126,5.5796840310881635,11.070585136301304,408.15814357049663,370.6027054285268,9.917627377425491,-0.0385790306785998,-0.0393429125250642,0.01850061763847669
2026-06-03,358.77569580078125,366.2312646097652,357.8662353535933,361.81388965190393,55441600,387.90930328369143,351.10548522949216,377.7948801231245,38.827062108414566,3.342411847323035,9.524950478505652,410.9526593325913,364.8659472347916,9.806727511621663,-0.007903866515702074,-0.007935267638281661,0.018128357705175967
2026-06-04,371.96783447265625,373.0271992966173,357.9961684462237,358.68575901079333,44055500,386.61757507324216,352.73950927734376,377.23992339450854,48.6510569878432,2.6038374452940047,8.140727871863323,410.1881802665278,363.0469698799565,10.17989203581966,0.03676987830078726,0.03610999362901216,0.019286845921508422
2026-06-05,368.30999755859375,371.8578661166277,363.9026265347829,366.1213024821565,37471200,385.1454544067383,354.2905828857422,376.38945426727855,46.42481296877189,1.7037156677072858,6.853325431032116,409.4176903423584,360.87321847111815,10.02884317168064,-0.009833745219524848,-0.009882415831165496,0.01932816914955851
2026-06-08,363.30999755859375,366.2000122070313,360.5299987792969,365.1799926757813,27942500,383.28291778564454,355.9417364501953,375.1437917235943,43.49493506990071,0.5802160907637699,5.5987035629784465,408.2448199087876,358.3210156625015,9.868211429367514,-0.013575520711203493,-0.01366851064269517,0.019276442711061784
2026-06-09,364.260009765625,372.0799865722656,357.29998779296875,367.0899963378906,29535100,382.07551727294924,357.74341186523435,374.1072410609305,44.21530943877104,-0.23084632013541295,4.432793586355674,408.2362925852218,355.9147419606767,10.219053382933897,0.002614880442088685,0.0026114675903969463,0.01835526746664153
2026-06-10,356.3800048828125,368.55999755859375,355.20001220703125,363.1900024414063,32357100,380.53857879638673,359.40427734375,372.4189328534907,39.69480844969725,-1.4922677287835313,3.247781323327833,408.8564605726834,352.2206970200901,10.443405666407369,-0.021632912402002935,-0.02187033417947859,0.01882057488648439
2026-06-11,357.7699890136719,358.79998779296875,346.3599853515625,355.92999267578125,35538200,378.30809478759767,360.8119104003906,371.0237953449365,40.84371013623692,-2.352673030205324,2.127690452621202,406.41996564084303,350.1962239343523,10.586019721764432,0.003900286525099661,0.0038927001272959978,0.01597158403678048
2026-06-12,359.67999267578125,366.5700073242188,354.94000244140625,362.6199951171875,24704600,376.2505645751953,362.0612603759766,369.94343318596935,42.46575777251904,-2.8476036946814247,1.1326316231606768,403.4772459324982,349.02388321789243,10.660590090410725,0.005338635773713296,0.005324435774413595,0.016159762748191912
2026-06-15,369.3500061035156,372.989990234375,366.5499877929688,367.9299926757813,27727500,374.89090728759766,363.5363916015625,369.8869163209738,49.94844828331982,-2.4315214780878023,0.419801002910981,400.6020571590434,349.1797574161519,10.849833480995228,0.02688504677670811,0.026529993597646646,0.01761586457155262
2026-06-16,373.25,376.0,367.05999755859375,369.6000061035156,24876100,373.71825408935547,365.00517333984374,370.2072100046906,52.62457129191693,-1.7667108667568527,-0.017501371022585754,397.40257897273153,350.0339292059794,10.713416978167444,0.010559073594251789,0.010503715919534504,0.01787567240639418
2026-06-17,363.7900085449219,372.3299865722656,362.0199890136719,369.1300048828125,24543600,372.5363250732422,366.17542053222655,369.5960479609031,46.175311654979375,-1.980357588007962,-0.41007261441966103,395.7199135866465,349.3527365598379,10.750316550178923,-0.0253449201743553,-0.025671634855025008,0.017999250781987892
2026-06-18,368.0299987792969,369.4800109863281,358.6700134277344,365.75,44470100,371.5039321899414,367.19340881347654,369.4469004197977,49.181406814470186,-1.7869436034766863,-0.6854468122310662,393.53043950325105,349.47742487663174,10.75457947935141,0.011655048612615904,0.01158765170421262,0.018249398680053264
2026-06-22,349.67999267578125,358.9200134277344,341.7200012207031,357.95001220703125,52814800,369.6165023803711,367.8210113525391,367.56433777751045,39.02351420519333,-3.078862551449447,-1.1641299600747423,392.320145004518,346.91285975622424,11.865680770725863,-0.04986008250517615,-0.05114602365891787,0.021095237772634088
2026-06-23,346.1300048828125,349.2900085449219,340.20001220703125,340.69000244140625,34007700,367.78593292236326,368.4025988769531,365.5229727399202,37.413583061240914,-4.339152918087166,-1.799134551677227,391.8259413864257,343.7459244583008,11.695273606299015,-0.01015210440209613,-0.010203988467657892,0.021064751326694844
2026-06-24,345.2900085449219,353.4800109863281,341.92999267578125,349.0400085449219,44997300,365.61804046630857,368.88603515625,363.596023768968,37.024355443399045,-5.344119119266509,-2.508131465195084,389.5615639761279,341.67451695648924,11.684898228031004,-0.0024268232341632112,-0.0024297727425915128,0.020533698481929586
2026-06-25,343.7099914550781,345.57000732421875,335.8399963378906,336.7300109863281,44491400,363.37364654541017,369.1060095214844,361.7021159295499,36.260213948773256,-6.1966254080497265,-3.245830253766013,386.68718579108764,340.0601072997327,11.545263425052227,-0.0045759131476235115,-0.004586414686523522,0.02049428667477718
2026-06-26,337.3900146484375,346.3599853515625,330.20001220703125,342.54998779296875,114706300,360.748291015625,369.1154345703125,359.3866777123011,33.29971333683909,-7.298084320782209,-4.056281067169253,383.33771301760913,338.15886901364087,11.874885547872156,-0.018387527170465212,-0.018558679034608522,0.020553425553450258
2026-06-29,353.6499938964844,354.3500061035156,340.6700134277344,341.8299865722656,34213900,359.4251434326172,369.47204650878905,358.8403268726995,45.604797226372156,-6.780789291645476,-4.601182712064498,380.3621514227239,338.48813544251044,12.238107398386868,0.04819342168436691,0.047068131545177694,0.023482782080911244
2026-06-30,357.3699951171875,358.6199951171875,350.3999938964844,353.8699951171875,35237200,358.486376953125,369.78992553710935,358.70029527693646,47.969740088905326,-6.001474977232647,-4.881241165098127,377.97393729595785,338.9988166102921,11.9510998142666,0.010518878226792872,0.010463939752140269,0.023616558770445953
2026-07-01,361.2099914550781,362.9700012207031,356.42999267578125,358.3699951171875,26736400,358.4651763916016,370.26975341796873,358.939313960569,50.36851624084033,-5.016183712750092,-4.9082296746285206,377.9399117146062,338.99044106859697,11.564593295027692,0.010745155973800768,0.01068783702050745,0.02215811227212442
2026-07-02,359.9100036621094,364.2099914550781,353.4200134277344,359.4800109863281,25974800,358.52189178466796,370.82612060546876,359.03176059881093,49.53589612600118,-4.290770110526182,-4.784737761808053,378.0065182903382,339.0372652789977,11.509263633050267,-0.0035989807140492935,-0.003605472625997126,0.02209633303407418
2026-07-06,366.4599914550781,367.9299926757813,357.3800048828125,361.5499877929688,26915800,358.2464996337891,371.37297119140624,359.73921115655065,53.68974606373735,-3.1510223063757508,-4.457994670721593,377.10893099987084,339.38406826770733,11.440743930187306,0.018198960090917593,0.018035341164537543,0.02084165241123845
2026-07-07,367.0299987792969,373.1600036621094,365.5,369.0700073242188,24045600,358.18249969482423,371.93981689453125,360.4335718825265,54.04425944734169,-2.176677746703376,-4.00173128591795,376.9161620816271,339.4488373080214,11.170691053896025,0.0015554421697043797,0.0015542337224836163,0.020729616204852322
2026-07-08,361.9200134277344,367.8399963378906,358.0199890136719,364.760009765625,22094800,358.1130004882813,372.2943292236328,360.5751377439749,50.32494669698478,-1.7961310941308284,-3.560611247560526,376.7802536546156,339.44574732194695,11.074213644633362,-0.013922527773091553,-0.014020355227894405,0.02074174526653242
2026-07-09,358.8900146484375,359.6499938964844,351.0799865722656,354.3099975585937,24729100,357.84450073242186,372.4695123291016,360.4146498301142,48.20645948657391,-1.719222581271481,-3.1923335143027174,376.30368754794273,339.385313916901,11.05748601683589,-0.008372012231652626,-0.008407254362267986,0.020814577803082334
2026-07-10,357.17999267578125,357.82000732421875,352.75,357.5299987792969,18146100,357.88450012207034,372.6216882324219,360.10658724398724,47.003862825527854,-1.7757863529892575,-2.9090240820400255,376.33428447469555,339.4347157694451,10.706238061950291,-0.004764752160439367,-0.004776139779201448,0.02024880597554584
2026-07-13,352.510009765625,358.1300048828125,351.75,356.19000244140625,15901700,357.62150115966796,372.67726623535157,359.3831036746194,43.79096057138482,-2.172400066079888,-2.761699278847998,376.2196805222021,339.0233217971338,10.397221406297591,-0.013074592658932294,-0.013160817540296276,0.02044507922058209
2026-07-14,359.510009765625,360.1600036621094,351.0899963378906,351.20001220703125,18259400,357.61300201416014,372.17606079101563,359.39518996900085,49.37671361299986,-1.8999760513664796,-2.589354633351695,376.20756579354645,339.01843823477384,10.302420400434816,0.01985759214228877,0.0196630020022463,0.020917169746053798
2026-07-15,370.9200134277344,373.6499938964844,357.760009765625,357.9700012207031,28284600,357.6915023803711,371.8852655029297,360.492792203166,56.89583698610044,-0.7546865619343066,-2.222421019068217,376.49567772706405,338.88732703367816,10.701532095465142,0.03173765222711844,0.031244421783561214,0.021268382051208345
2026-07-16,354.4599914550781,375.2699890136719,352.29998779296875,373.05999755859375,41158500,356.752001953125,371.3140411376953,359.9182397509672,46.228500549310574,-1.1618297510875664,-2.010302765472087,374.1801839923984,339.3238199138516,11.577851318696426,-0.044376203431425565,-0.04539096161306361,0.02333770018252241
2026-07-17,346.7699890136719,348.5199890136719,341.3599853515625,346.0,29959300,355.9010009765625,370.485478515625,358.6660253950343,42.24360262654874,-2.0810238433159043,-2.0244469810408505,373.5323970543851,338.2696048987399,11.686576660469226,-0.021694980045105727,-0.021933776227723696,0.023161778248783016
2026-07-20,351.989990234375,359.67999267578125,350.5199890136719,350.8800048828125,24736600,355.09900054931643,369.56923034667966,358.03021252259055,45.66731573574975,-2.3610644296687155,-2.0917704707664235,371.8897715970439,338.308229501589,11.773964303443522,0.01505320929169951,0.014941034067203166,0.023280439332384467
2026-07-21,347.1499938964844,351.32000732421875,347.0,351.32000732421875,23369800,354.9725006103516,368.55718200683594,356.9940012248661,43.115275332959435,-2.939659304282145,-2.261348237469568,371.9616205265108,337.98338069419236,11.289394727081485,-0.013750380613573365,-0.013845792742100516,0.020618752037957228
2026-07-22,342.0899963378906,349.94000244140625,341.7300109863281,348.1600036621094,39334100,354.77050018310547,367.38776733398436,355.5745721880113,40.56314063864615,-3.76312051494358,-2.5617026929643707,372.26395084222054,337.2770495239904,11.069437350509816,-0.014575824996564957,-0.014683095985228533,0.020754840945667295
2026-07-23,317.69000244140625,324.489990234375,314.8999938964844,321.1300048828125,69419700,353.3904998779297,365.97340698242186,351.96651792642984,31.025930753239763,-6.311836127404263,-3.3117293798523493,376.9578487065072,329.8231510493522,12.220906285573847,-0.0713262420932762,-0.07399777740276084,0.026133174619704595
2026-07-24,319.739990234375,324.17999267578125,317.32000732421875,318.4200134277344,31806600,352.1919998168945,364.62583129882813,348.8973248129008,32.46267628312745,-8.073231542543738,-4.2640298123906275,379.71295969135866,324.67103994243035,11.837983361715894,0.0064527929025617325,0.006432062764840743,0.02623273045545646
2026-07-27,326.5599975585937,330.4200134277344,324.45001220703125,325.0400085449219,28471600,351.65049896240237,363.10943786621095,346.76996031249064,37.15293958998483,-8.817193388455564,-5.174662527603616,380.698915350885,322.60208257391974,11.755271921119,0.021329854045530894,0.021105556591049065,0.02653024733086273
2026-07-28,333.7099914550781,335.8800048828125,324.44000244140625,327.8999938964844,29511900,350.653498840332,361.76702575683595,345.5261537546418,41.722357364076764,-8.729218758741467,-5.885573773831187,380.7102322561712,320.59676542449284,11.732752672568088,0.021894885931953434,0.021658635153353648,0.02452446695314888
2026-07-29,336.7099914550781,342.5,331.6199951171875,334.6700134277344,27501600,349.62049865722656,360.57036254882814,344.6865192499215,43.57605795971887,-8.32149825103113,-6.3727586692711755,380.1000144229136,319.1409828915395,11.671842116156975,0.008989841709321045,0.008949673639247408,0.02448374921645338
2026-07-30,333.6600036621094,336.510009765625,330.3399963378906,334.20001220703125,30168000,348.2429992675781,359.30950134277344,343.63637490822515,42.10956527401103,-8.150531087437628,-6.728313152904466,378.9919028979904,317.4940956371658,11.293138759087727,-0.009058204004545156,-0.009099478974902122,0.02431198767144768
2026-07-31,356.1300048828125,358.5799865722656,340.0,340.8299865722656,46425700,348.05399932861326,358.68352966308595,344.82624442961446,54.30927924431626,-6.131220179979891,-6.608894558319551,378.5592343510027,317.5487643062238,12.266484769878335,0.0673440057965653,0.0651733250412112,0.029039026589403067
