Date,Close,High,Low,Open,Volume,SMA_20,SMA_50,EMA_20,RSI,MACD,MACD_SIGNAL,BB_UPPER,BB_LOWER,ATR,Daily_Return,Log_Return,Volatility
2021-08-02,348.88623046875,356.2713588635334,347.6867419329289,354.98268767440595,13180400,,,,,,,,,0.0,,,
2021-08-03,348.182373046875,350.69034766045326,344.6732112647218,349.6594228581962,12406100,,,,,,,,,0.0,-0.0020174411037354734,-0.002019478879228288,
2021-08-04,355.7955627441406,357.3419802981205,348.450064236777,349.3521461852516,14180600,,,,,,,,,0.0,0.0218655230322089,0.021629900963555503,
2021-08-05,359.810302734375,360.73219970957473,353.79313557019657,356.5093041046294,10247200,,,,,,,,,0.0,0.011283839402801865,0.01122065177536683,
2021-08-06,360.3455505371094,361.9712581342335,358.25390296322894,358.25390296322894,8925000,,,,,,,,,0.0,0.0014875833145042705,0.0014864779585157743,
2021-08-09,358.4621276855469,362.59584065348304,357.60962860812293,360.59343588294473,7798900,,,,,,,,,0.0,-0.005226713216675449,-0.005240420264934989,
2021-08-10,357.986328125,360.9304751555723,355.91452543710386,358.6802163961875,7469900,,,,,,,,,0.0,-0.0013273356480332232,-0.0013282173382801166,
2021-08-11,356.82647705078125,359.2055785824935,354.6951992255373,358.9478624990702,8400300,,,,,,,,,0.0,-0.0032399312015450876,-0.0032451911429454135,
2021-08-12,359.4931030273437,359.84006230584646,354.0013206031575,355.32968244107315,7170700,,,,,,,,,0.0,0.00747317295118477,0.007445387140449783,
2021-08-13,360.0184936523437,361.4856210729956,358.33331038394755,359.81033018281977,7195700,,,,,,,,,0.0,0.001461476230212977,0.001460409313216621,
2021-08-16,363.36907958984375,363.75569914673264,354.2689990806307,359.36423946467784,11222100,,,,,,,,,0.0,0.009306705062589238,0.009263664520694728,
2021-08-17,355.32965087890625,361.4955060524368,351.9790694475264,359.82021533674686,12328700,,,,,,,,,0.0,-0.022124691291873444,-0.02237311328411175,
2021-08-18,352.35577392578125,356.72735768431033,352.0583673133908,353.1487977216519,10042400,,,,,,,,,0.0,-0.008369346452707038,-0.008404566080578392,
2021-08-19,352.0286865234375,354.4573714498467,347.94455583654707,348.29151514773747,12004500,,,,45.82934006521437,,,,,6.427134970937459,-0.0009282873349838461,-0.0009287184604982112,
2021-08-20,356.2416381835937,356.85623617233426,350.23439359725023,351.5131724701607,8697700,,,,54.80370470021118,,,,,6.441042656947928,0.011967637358655248,0.011896591459328611,
2021-08-23,360.1869812011719,362.5066074645784,355.97397818922514,356.3110147999508,10942000,,,,61.27401403047215,,,,,6.447584558262595,0.011074907014504864,0.01101402929613513,
2021-08-24,362.32818603515625,364.75684023789097,358.69012066767607,360.4942845338797,9235100,,,,64.26410880589901,,,,,6.420379916259188,0.005944703572693832,0.00592710353928611,
2021-08-25,365.18310546875,367.6315745800662,362.2191134488895,362.41738450942586,9684500,,,,67.83063400754824,,,,,6.348385717324722,0.007879374400413752,0.007848494234802345,
2021-08-26,361.2080078125,366.2239571323963,360.9601841099284,365.173187053646,7888700,,,,59.00107110545549,,,,,6.270913381977809,-0.010885217844750938,-0.01094489529165481,
2021-08-27,369.3862609863281,370.4865839162871,360.9106705783824,361.9218108404231,11219100,358.1711959838867,,358.4047397697108,68.17867023990993,,,368.38890791594173,347.9534840518317,6.506984807401158,0.022641394977249263,0.022388882970856394,
2021-08-30,377.3463134765625,378.1690749179181,367.2945688504509,369.3168188806124,13547300,359.59420013427734,,360.20869917036333,74.22616703890361,,,371.94720718221805,347.24119308633664,6.818950611691591,0.021549400535308516,0.021320494884764223,0.011462889491403233
2021-08-31,376.0774841308594,379.4280659124975,375.5025161170108,376.6425295145626,12345400,360.98895568847655,,361.7200120237439,71.88115887197904,,,374.14605193614597,347.83185944080714,6.612279124819812,-0.003362506271793575,-0.0033681722007205725,0.011503868154226174
2021-09-01,378.7242736816406,380.98442525675904,375.5124872990843,376.2856962523636,11567200,362.13539123535156,,363.3394655149721,73.74456461502834,,,377.1475849000615,347.12319757064165,6.5308261843094515,0.0070378835810873674,0.00701323326821327,0.010739090967812505
2021-09-02,372.0131530761719,378.42683236190425,370.8037720743949,378.1790086340969,14832900,362.7455337524414,,364.16553099699115,62.444861482576705,,,378.31183361950787,347.17923388537497,6.630088714519187,-0.017720333952267797,-0.017879218864003413,0.011517608544310184
2021-09-03,372.9845581054688,373.8767172960958,369.8619555604032,371.4876934093842,7509600,363.3774841308594,,365.0054383406557,63.32094427819194,,,379.5183572944124,347.2366109673064,6.443279644603003,0.002611211515680001,0.0026078082260754835,0.011519093954988251
2021-09-07,378.8530578613281,379.6262666329224,369.9016665912914,372.60791241783016,10793800,364.39703063964845,,366.3242592473864,68.15419613285074,6.131032436828718,,381.7012618218798,347.0927994574171,6.677659672962145,0.015733894683650274,0.015611400169203158,0.011797430727438144
2021-09-08,374.283203125,377.5544640235521,371.5274046568623,376.85065315181134,11067200,365.2118743896484,,367.0822539023972,61.37226438579409,5.996048315003804,,382.76489109323,347.6588576860668,6.7239449252124075,-0.012062340903688407,-0.012135681305693154,0.012232996058522514
2021-09-09,374.70947265625,376.5235290146142,373.2919282079847,374.3526210127369,9098900,366.10602416992185,,367.80865568847844,61.754566746392875,5.855964896522778,,383.6812418624165,348.5308064774272,6.474491773885057,0.0011388957016797985,0.0011382476519641662,0.01216764702425064
2021-09-10,375.3934631347656,380.4490731082647,374.9672135938655,378.0402035416748,11549600,366.90104217529296,,368.5310183024106,62.39765868378407,5.734041630796412,,384.64548417048314,349.15660018010277,6.421999536608603,0.001825388810341444,0.001823724812840867,0.012112013667853784
2021-09-13,373.2324523925781,378.4268279867525,371.0912517788471,378.357430083308,13026300,367.5617401123047,,368.9787739300456,59.020967403956966,5.400784179573748,,385.215708246935,349.9077719776744,6.487255013129805,-0.005756655228201679,-0.005773288633814929,0.01224313838761545
2021-09-14,373.2522277832031,375.2942926398303,371.84457586409377,374.1146494141582,8711600,368.05589752197267,,369.38576953510824,59.04281008995309,5.079715162858577,,385.7659645532301,350.34583049071523,6.270287996173143,5.2984113514842335e-05,5.2982709906278946e-05,0.012121759720068247
2021-09-15,370.6650085449219,374.27330631053246,364.4694153158542,373.7181835773616,17940300,368.8226654052734,,369.5076018217572,54.91845988505646,4.563889012089305,,385.563775393747,352.08155541679986,6.522688210352081,-0.00693155739122342,-0.006955692227821796,0.010992555032901943
2021-09-16,369.8124694824219,370.3081169277425,366.4916255483903,369.5448307526397,11934200,369.6955001831055,,369.53663683705855,53.59003114280624,4.039732769183672,,384.63476525443184,354.7562351117791,6.3548806950791885,-0.0023000257452051587,-0.0023026748672315585,0.01076770362305073
2021-09-17,361.5450744628906,368.17683971497365,358.4423166085418,368.17683971497365,26299000,370.17131958007815,,368.77553565856635,42.78252657014324,2.9235249104296486,4.740751505327791,383.32953569717665,357.01310346297964,6.713114422136397,-0.02235564157991221,-0.022609316778246583,0.012106914605147904
2021-09-20,352.6035461425781,357.88713372137,346.7548830575868,356.17218295468325,19822800,369.98941497802736,,367.2353461808532,34.64473726232501,1.3024022501224408,4.053081654286721,383.98671551048847,355.99211444556624,7.290048492362641,-0.02473143447907844,-0.025042394097846553,0.013157171587146844
2021-09-21,354.3681335449219,356.9058462248992,352.09805961371984,355.3792435144386,11751900,369.69847259521487,,366.0098973583835,37.18410538485229,0.1582145198678404,3.2741082274029454,384.7042440664888,354.69270112394094,7.112744072278123,0.005004451661499321,0.004991971015158478,0.012946103787400602
2021-09-22,340.2223205566406,346.7946107075454,337.7242682523536,344.207345490811,43692900,368.5931793212891,,363.5539376629794,27.844090691880496,-1.8684727951502396,2.2455920228923083,388.16844349747095,349.0179151451072,7.793538445155989,-0.039918411530894704,-0.040737010142878276,0.015508985694377383
2021-09-23,342.9483337402344,346.6260591567218,340.01410966092726,342.35355082163966,21806300,367.48144073486327,,361.59149919414654,31.419107420075093,-3.217580348736419,1.1529575485665629,390.0081585843057,344.95472288542084,7.709139234487314,0.008012446623530511,0.007980517413746993,0.015513938936027741
2021-09-24,349.887451171875,351.2653656500242,339.3896414589132,340.2520632105395,18801900,366.91541290283203,,360.47682795393024,39.61998550873329,-3.684358034649051,0.18549443192344006,390.58416801720347,343.2466577884606,8.006752445674719,0.02023371087989201,0.02003172936391632,0.016227767113613456
2021-09-27,350.5020751953125,352.05841561645803,344.0586576510792,346.7649039103494,15205800,365.97120361328126,,359.5268515007286,40.30093473603112,-3.959050225051044,-0.6434144994714568,390.6552542700122,341.2871529565503,8.006252839939297,0.0017566335156604662,0.0017550924394797336,0.01523660036136535
2021-09-28,337.6846008300781,346.55670226470806,335.96968001839247,344.9408867412506,21710300,363.98811798095704,,357.44663715114285,32.15639595167204,-5.151624110198952,-1.5450564216169558,390.9643963908144,337.0118395710997,8.47240586400935,-0.03656889722576395,-0.03725430092450541,0.015932914131069523
2021-09-29,336.65362548828125,342.22472789071014,335.9299996176052,340.1628176861306,14452200,362.0169250488281,,355.4663503261084,31.603157501354787,-6.109511949358989,-2.457947527165363,390.8679481109066,333.16590198674965,8.316857464659035,-0.0030530718287495873,-0.003057741960466086,0.01593516220836879
2021-09-30,336.4355773925781,339.8158662468685,335.2063511936451,337.4863475250749,16547100,359.902490234375,,353.6538957610103,31.47979997388458,-6.807763956912481,-3.3279108131147863,389.7278513102214,330.07712915852863,8.052047292413631,-0.0006476927001360933,-0.0006479025436673058,0.015710532149452082
2021-10-01,340.0240478515625,342.0165298799602,335.69209430346353,338.63621089401767,14905300,358.3030349731445,,352.3558150077296,35.91328219095385,-6.990986388245858,-4.060525928141001,388.78279872212596,327.8232712241631,7.92864645556242,0.010666144427398327,0.010609662384373778,0.015856971026315787
2021-10-04,323.3901062011719,333.0155700215492,319.89083684616867,332.60913553248565,42885000,355.8233123779297,,349.5971760737717,27.14542487092679,-8.381791485894325,-4.924779039691666,389.06625142349577,322.58037333236365,8.800401066264664,-0.048919897741033225,-0.050156990479155374,0.01861122666254923
2021-10-05,330.0614929199219,332.262168484536,323.32070069147386,325.7196170557981,35377900,353.38373413085935,,347.73663482102415,34.095059518785675,-8.843744214625872,-5.708572074678507,386.66957588443796,320.09789237728074,8.810477261035912,0.02062953253925426,0.02041962567749995,0.01895418712057454
2021-10-06,330.73565673828125,331.46920530979725,322.96387782374825,326.86958228902955,26443000,351.20635681152345,,346.11749405123913,34.772189360039604,-9.051110130946597,-6.3770796859321255,384.43605579225266,317.97665783079424,8.788680848536846,0.0020425400503261137,0.002040456901525126,0.019006353138887957
2021-10-07,326.35406494140625,335.89031577540686,326.11616387754583,334.066337031341,28307500,348.78858642578126,,344.23526270744554,32.439387842483484,-9.459958440852404,-6.993655436916181,381.8624194536381,315.7147533979244,8.859071637774287,-0.013248017586269034,-0.013336555407774831,0.018994551378669115
2021-10-08,327.1768798828125,330.49772395211795,325.8485483054744,328.62419226348635,15946100,346.3777572631836,,342.6106548193853,33.34374832957137,-9.606837737437331,-7.516291897020412,378.35398782823694,314.4015266981302,8.558364781264947,0.0025212339290272556,0.002518060950859273,0.019011638799448977
2021-10-11,322.6169128417969,327.5832793428931,322.4781170454003,324.77792829946685,14708200,343.8469802856445,355.879619140625,340.7064889167578,30.876986978461275,-9.976192531624008,-8.008272023941132,374.9201295971354,312.7738309741536,8.311707460995505,-0.013937314405128243,-0.014035350746319725,0.019078712263293565
2021-10-12,320.95147705078125,321.5561825542825,314.6071969633952,320.21792864671414,31658700,341.23194274902346,355.3209240722656,338.82505921523625,30.00393167048469,-10.28473954137695,-8.463565527428296,370.72929890952446,311.73458658852246,8.290136633667373,-0.005162270559052495,-0.005175641112507713,0.019011545137740296
2021-10-13,321.7148742675781,324.15345139468826,319.85123490549086,324.12371375601333,14761500,338.78443603515626,354.7915740966797,337.19551779164976,30.967467810207708,-10.34837585888755,-8.840527593720147,366.1533049192459,311.4155671510666,8.005285194776661,0.00237854402108284,0.0023757197627813057,0.019135785730718547
2021-10-14,325.670166015625,327.64283351145923,324.25262133522074,325.5016325439759,14302200,336.5773208618164,354.1890661621094,336.0978652415522,35.891518199995616,-9.964781314541597,-9.065378337884436,360.48168444148627,312.67295728214657,7.856904769712693,0.012294401236658814,0.012219438871977366,0.019592446865390366
2021-10-15,321.93292236328125,326.2054007094238,319.70250897020327,325.8187812003698,21596400,334.5967132568359,353.4315185546875,334.74882306266926,33.462740518811344,-9.84881321571629,-9.222065313450807,356.36690640502377,312.8265201086481,7.760189553248969,-0.01147554809231266,-0.011541900301393083,0.019267150400791588
2021-10-18,332.4208068847656,332.96603719606185,324.6490589958284,326.0864486097068,21585000,333.5875762939453,352.87302368164063,334.52710723620226,44.759949623728666,-8.809077470299258,-9.139467744820498,353.7361640276528,313.43898856023776,7.993969930358371,0.03257785641957245,0.03205844874342346,0.02049552227258312
2021-10-19,337.0303649902344,339.4788647603777,334.3439641094444,336.6933283328445,18786300,332.72068786621094,352.4443884277344,334.7655127365863,48.86904518374852,-7.526367308407487,-8.816847657537895,350.58024699704015,314.8611287353817,7.927119069305063,0.013866635330882504,0.01377137317671323,0.02076580082951992
2021-10-20,337.8134460449219,340.9856015555601,336.4950372510375,340.46021651337685,13639500,332.600244140625,352.04093078613283,335.05579209928493,49.55554077509377,-6.373156387367317,-8.328109403503781,350.28747581074214,314.9130124705079,7.681650871820601,0.002323473301018897,0.002320778210768144,0.018792438092964638
2021-10-21,338.9039306640625,339.3301802425629,334.8594302277221,337.317852654751,16354400,332.3980239868164,351.68247985839844,335.4222814864066,50.55119189922489,-5.310024768645178,-7.7244924765320615,349.6955756423199,315.10047233131286,7.452300810607759,0.0032280675381868296,0.003222868513701455,0.01871287295722092
2021-10-22,321.7842102050781,326.7605297669298,318.31467819269096,323.5090838339694,35224500,330.99286193847655,350.9283020019531,334.12341755485147,37.902985477400115,-5.78224949408218,-7.3360438800420855,346.88820615283134,315.09751772412176,8.390654500662315,-0.05051496577640535,-0.05183551059851682,0.021132734823217772
2021-10-25,325.8287353515625,326.69115710668046,316.93681855417015,317.5117563069419,38409000,329.7591949462891,350.2445068359375,333.3334478212049,41.61937992591341,-5.763691367065974,-7.021573377446863,343.01762588676473,316.50076400581344,8.488060504365745,0.012569060315006597,0.012490725391041523,0.02142304185510974
2021-10-26,313.0608825683594,327.3355250212981,306.90494887183974,325.40251785429393,65654000,328.52800903320315,349.2383428955078,331.4027273209339,34.58300706124271,-6.7019866021997245,-6.957656022397436,343.12002848092385,313.93598958548245,9.341097336158075,-0.03918577890138164,-0.03997420701593243,0.021643011482149782
2021-10-27,309.5021057128906,316.4709078935472,309.3434948931129,311.4549579442683,29971800,327.1704330444336,348.3217919921875,329.31695383445356,32.91274389327236,-7.64463331218866,-7.09505148035568,343.44147640917487,310.8993896796923,9.182977026463517,-0.011367682944839586,-0.011432788925630329,0.021712659937681435
2021-10-28,314.1612243652344,322.6863371543177,305.4278875930732,310.265412028059,50806800,326.0567153930664,347.5579010009766,327.87355102786125,37.18975460246146,-7.924388268691757,-7.260918838022896,342.68394325229843,309.42948753383433,9.759796493233589,0.015053592742486188,0.014941411831354582,0.02211908570808603
2021-10-29,320.7533264160156,323.1621659755561,316.81788410494806,317.4027445174339,37059400,325.0931793212891,346.9323937988281,327.19543439816164,42.751011538646814,-7.527397392742159,-7.314214548966749,340.5644110422448,309.6219476003334,9.705592573025598,0.02098318168991309,0.020766066656958168,0.02257468188098797
2021-11-01,327.1075134277344,330.5473080610597,323.16214869712104,323.20180896504496,31518900,325.2790496826172,346.34971130371093,327.18706097240664,47.56986988058338,-6.6236956355193115,-7.1761107662772625,340.75329397972615,309.80480538550825,9.711906078169775,0.01981019833127906,0.019616529913762483,0.020277592819560476
2021-11-02,325.2240295410156,331.87564034805075,320.9812884217644,328.4953209834724,28353000,325.03717651367185,345.6504522705078,327.0001055979884,46.32512725156534,-5.990432909165406,-6.9389751948548914,340.35528601931173,309.71906700803197,9.796366495892386,-0.0057579964060803235,-0.005774637578004783,0.019769458460678
2021-11-03,328.73321533203125,329.2586004276397,320.3865290771259,324.6391624870448,20786500,324.9370544433594,344.97855285644533,327.1651636678973,49.002598312597094,-5.146084807933335,-6.58039711747058,340.13053943944345,309.7435694472753,9.73034541407963,0.01079005692158752,0.01073225964298537,0.019925979648494078
2021-11-04,332.9263916015625,334.3340133905241,329.7542358838118,331.1024126520275,22495300,325.2656707763672,344.3334185791016,327.71385204253204,52.07872067019911,-4.0914152848067715,-6.08260075093782,340.8468886185042,309.6844529342302,9.435377745823432,0.012755560052841064,0.01267489314023694,0.019872081698429134
2021-11-05,338.1604309082031,343.771163619852,336.6834112016594,337.3475618373604,26872800,325.8148483276367,343.8724670410156,328.7087643154531,55.672928155330375,-2.8009512375562053,-5.426270848261497,342.3705841685669,309.2591124867065,9.536048765285297,0.015721310892362617,0.015599011226288467,0.020136159277537122
2021-11-08,335.6722717285156,341.78857452736924,335.3947103686341,341.4218002573743,18342500,326.46761627197264,343.19818725585935,329.37195549764954,53.61428476711426,-1.9564698674340093,-4.732310652095999,343.49043525780957,309.4447972861357,9.311607007674573,-0.007357925269390608,-0.007385128322354718,0.019917260588867485
2021-11-09,332.4505615234375,338.3388555743292,331.55840217522467,337.04026169208083,17556700,327.04257049560545,342.3002722167969,329.66515607153406,50.9853750510858,-1.5295457349236017,-4.09175766866152,344.05808239452784,310.02705859668305,9.130810321348141,-0.009597784733568315,-0.009644140315179586,0.020027665805420532
2021-11-10,324.7878723144531,330.2895468537602,322.67640935822544,329.59562832992003,21872600,327.1962203979492,341.27447998046875,329.200652856574,45.296350717223994,-1.7888989499421086,-3.631185924917638,344.0714411482209,310.3209996476775,9.176763310195565,-0.02304910893779366,-0.023318893236249118,0.020791855374288175
2021-11-11,324.8869323730469,329.56584481304134,324.1533839371048,326.9488423984899,12376600,327.1570587158203,340.1977331542969,328.7898223343333,45.38119769903549,-1.9638073735595185,-3.297710214646014,344.0498895816593,310.26422784998135,8.907884564891347,0.0003049992534753798,0.0003049527506583789,0.020611522867643447
2021-11-12,337.92254638671875,338.88407343601807,326.9092438798421,327.3057558051871,25414300,327.9565399169922,339.5159210205078,329.6596055774176,55.22333535159542,-1.0385862756043593,-2.8458854268376834,345.29239520971436,310.62068462427004,9.271402886182765,0.040123540575968564,0.03933949511377929,0.022252492967666817
2021-11-15,344.53448486328125,350.5714677319461,340.21245322079113,341.34251378022515,25076600,328.56222381591795,338.94691955566407,331.0762607474999,59.23577444361317,0.22558587363738525,-2.2315911667426698,347.2716915423141,309.8527560895218,9.512654204685948,0.019566431856238964,0.019377470122066615,0.021509702992672127
2021-11-16,339.9744567871094,343.6323370262524,337.9026542813804,340.8368784244507,18181100,328.70942840576174,338.1693475341797,331.9237079893675,55.53935743830572,0.8497004360707479,-1.6153328461799863,347.7268792109589,309.6919776005646,9.306881088772725,-0.013235331371782455,-0.013323698952289588,0.021577241214683424
2021-11-17,337.80352783203125,344.27668185234273,337.13937723798097,341.24332209715345,13602800,328.7089324951172,337.4397540283203,332.4836908315259,53.81755380334933,1.1558163682151985,-1.0611030033009494,347.7254341603692,309.6924308298652,9.151911340600511,-0.006385564890945772,-0.006406039819631701,0.021629679405979662
2021-11-18,335.7416687011719,339.4788395456353,332.3811645032816,336.7627012277553,17487200,328.55081939697266,336.66039794921875,332.79397443815884,52.16350766653113,1.2180003004168611,-0.6052823425573873,347.2759793362934,309.8256594576519,9.005180176440026,-0.006103722906898201,-0.006122426771202406,0.02166206329804908
2021-11-19,342.29412841796875,349.0349521165506,336.94114182774706,339.2211383258241,26488500,329.57631530761716,335.9984112548828,333.69875100766455,56.716302421774955,1.7755428993459645,-0.12911729417671697,348.9423514503156,310.21027916491875,9.311473264935646,0.019516373234651718,0.0193283709668265,0.018544006221912025
2021-11-22,338.0414733886719,350.74985063397304,337.5458259535409,346.01146236419726,27116800,330.1869522094727,335.2945916748047,334.1123436153796,53.17879227949702,1.8528867805078448,0.2672835207601954,349.8102739297808,310.56363048916455,9.589512651756824,-0.012423978900695687,-0.012501801778228776,0.01872474118202628
2021-11-23,334.3141784667969,338.42804592460385,330.5968228871068,335.97954650603793,17225000,331.2496170043945,334.51583068847657,334.1315659821812,50.222120499602816,1.5950342516901515,0.5328336669461866,349.28580497521114,313.2134290335779,9.463920536452557,-0.011026146834916428,-0.011087385357961785,0.016375551402946126
2021-11-24,338.0910339355469,338.80476746889843,329.91285106468973,333.0750841949081,13566200,332.67906341552737,333.8643511962891,334.508658168216,53.06947382123703,1.6761236268849302,0.7614916589339353,347.9073580015861,317.45076882946864,9.423063098435138,0.011297323631534573,0.011233985459057107,0.016080206598144315
2021-11-26,330.22021484375,334.8099159410741,329.0108336264247,332.87687841888254,14750700,333.4820129394531,333.07250610351565,334.1002349944573,47.03178557957036,1.092682456231671,0.8277298183934826,346.2079376166297,320.75608826227653,9.398572899198498,-0.023280176939851516,-0.023555440778744375,0.01701941579679567
2021-11-29,335.0874328613281,337.7044660668301,332.3911093701691,333.95737234216773,16650900,334.19871826171874,332.54335327148436,334.1942538389212,50.76230391626459,1.011386310185003,0.8644611167517867,345.51269525109086,322.8847412723466,9.261835636618612,0.014739309705437353,0.014631741776659506,0.01671971506758275
2021-11-30,321.6355285644531,332.8867315122885,320.61449604727216,332.08378507896754,25390000,333.9251190185547,331.9239929199219,332.99818476516236,41.96534948137096,-0.13691940410581083,0.6641850125802673,346.14053382964454,321.7097042074649,9.634057149292707,-0.040144460751656785,-0.0409724857931412,0.018678820075764345
2021-12-01,307.896240234375,327.6230051442653,307.58894119735874,327.41484165994666,30329600,333.05872955322263,330.99455505371094,330.6075233812778,35.24679553173202,-2.131040392868613,0.10513993149049128,349.3857792168181,316.7316798896272,10.376914777693695,-0.042716948564110124,-0.04365616173488044,0.020903643176295058
2021-12-02,307.68804931640625,311.8613925211447,304.5258160544162,308.68923662919264,24396200,332.00647125244143,330.34386962890625,328.42471632748055,35.154950919173956,-3.6857083587985358,-0.6530297265673142,351.6822388123479,312.33070369253494,10.159676326910466,-0.0006761723293868815,-0.0006764010369993799,0.020675220619425498
2021-12-03,304.1689147949219,311.0187659884353,296.89281406704816,310.9989509816925,27471000,330.5685974121094,329.56828125,326.1146399910464,33.56291629492017,-5.1424793667675885,-1.5509196546073691,353.67016799862995,307.46702682558885,10.442981726515942,-0.011437345484502481,-0.011503254955226168,0.02040477822272917
2021-12-06,315.1029052734375,317.3135037928877,303.6732762774191,305.4477026203686,21758300,329.4157211303711,328.8725903320312,325.06590335127413,42.3052925662072,-5.352993259434129,-2.311334375572721,353.1786419983781,305.65280026236405,10.671356425726843,0.03594710026791392,0.03531608101615005,0.02189640810005466
2021-12-07,319.9998474121094,323.6973876230622,318.20560638194684,318.7706516350471,18794000,328.6320999145508,328.2625457763672,324.58342183325846,45.74848853184529,-5.0662837653109705,-2.862324253520371,352.5511929123601,304.7130069167415,10.523008277433831,0.015540771147198651,0.015421250072535135,0.022268402346950347
2021-12-08,327.68243408203125,329.85337229580705,320.25764508948055,322.1708369530798,19937700,328.3936935424805,328.06250244140625,324.87856585695107,50.71766293410398,-4.171062475558983,-3.124071897928094,352.2507659251484,304.53662115981257,10.475188035024106,0.0240080947914576,0.023724431655853955,0.022934918461423922
2021-12-09,326.9488830566406,333.2039513001033,325.1447191229976,326.6713217016124,16879200,328.50174407958986,327.86840759277345,325.0757389235882,50.244437661040095,-3.480661689595763,-3.195389856261628,352.3120424632699,304.6914456959098,10.302619759458505,-0.0022386034437444913,-0.002241112862194998,0.02232054755192631
2021-12-10,326.8795166015625,332.1135528369936,323.52893476015333,329.66505304918854,14528000,328.60137329101565,327.67728637695313,325.24752727387147,50.196740989354936,-2.905617239008677,-3.137435332811038,352.36696936736394,304.83577721466736,10.179905353557203,-0.00021216299755977275,-0.00021218550731242022,0.02232116877080302
2021-12-13,331.57818603515625,338.1207377273347,326.72084759390367,328.06902424502766,22948700,328.2841552734375,327.508369140625,325.85044715589856,53.42218335720798,-2.0471487575040896,-2.9193780177496484,351.7105608241864,304.85774972268854,10.267047123548192,0.014374315902213608,0.014271984883251378,0.02059380030454321
2021-12-14,330.8347473144531,332.7777070826221,324.7977650571663,325.19427696326966,20461000,327.5991683959961,327.65726196289063,326.3251424090942,52.839085050341446,-1.4105358137317126,-2.6176095769460614,349.85688864168435,305.3414481503079,10.103682473684447,-0.00224212192482498,-0.0022446392436489106,0.020031440977073975
2021-12-15,338.685791015625,339.1318555324003,321.1597059007008,329.59560422727736,24681300,327.53473510742185,327.8297479248047,327.5023470382876,58.04685265235124,-0.2693964222070804,-2.1479669459982653,349.655824402707,305.4136458121367,10.665715842114095,0.023731013035670045,0.023453809527849957,0.020620939565673926
2021-12-16,331.9846496582031,341.46142630217054,330.8347439657992,336.0291497145093,22635000,327.2437911987305,327.85472778320315,327.92923300208906,52.69790003740862,0.09316471839196083,-1.6997406131202202,348.96646887151326,305.5211135259477,10.662927734561041,-0.019785717426547444,-0.01998407553199364,0.021052963834267156
2021-12-17,330.8843078613281,334.17538368642465,327.8707631250314,329.9029054140039,40012600,327.0009231567383,327.94533264160157,328.210668702969,51.8529576047497,0.28838433229140037,-1.3021156240378962,348.444959009095,305.5568873043816,10.351620079334774,-0.0033144357668580815,-0.0033199406762290276,0.02102419999773437
2021-12-20,322.6169128417969,327.02815666114145,319.7223186424487,326.9092061224686,17901800,326.0170623779297,327.85413330078126,327.677930049524,45.89830753173367,-0.2214595539014681,-1.0859844100106106,346.3405027698693,305.69362198599003,10.409503589302247,-0.024985757326987157,-0.025303200221227003,0.02114693846238976
2021-12-21,331.29071044921875,333.0750288602041,320.9316684330092,323.5685160417155,16116800,325.67952423095704,328.02760925292966,328.02200437330447,52.111809219065854,0.07354073817936069,-0.8540793803726164,345.40847458638615,305.95057387552794,10.53335050629458,0.026885749823275074,0.026530678237401118,0.022008958948107584
2021-12-22,327.5733947753906,331.5980494399973,325.40245663710306,330.89420831620754,16764600,325.34248504638674,328.16004760742186,327.97927964969364,49.48858480276154,0.007290249582013075,-0.6818054543816906,344.69663185921615,305.98833823355733,10.223510670337413,-0.01122070603424885,-0.01128413306658486,0.02201377005473035
2021-12-23,332.3216552734375,333.7392298126932,325.5015422870748,327.2264157906652,13987700,325.05401611328125,328.37218322753904,328.3928392329073,52.75974142410806,0.3340801315840167,-0.4786283371885492,343.80199747680024,306.30603474976226,10.081666160000342,0.014495256860840744,0.014391204926169838,0.022117530111470413
2021-12-27,343.1664123535156,344.8417029161023,335.067551114895,335.9002350820877,17795000,325.70132598876955,328.72210815429685,329.79984619677475,59.25061093714597,1.4514137363316308,-0.09261992248451317,345.95187221733704,305.45077976020207,10.255836265904946,0.03263331446503215,0.03211215564396214,0.02263119021398258
2021-12-28,343.20611572265625,349.6396098349676,342.19500583233264,343.61255025505903,16637600,326.1072601318359,329.1475720214844,331.0766337706682,59.27267414845042,2.3134444505657825,0.38859295212554595,347.39315275399815,304.8213675096737,10.05503396138566,0.00011569713034664808,0.00011569043794985195,0.02243910616735372
2021-12-29,339.9546813964844,346.6459220889968,338.66601010462034,343.8901234286759,10747000,327.0232177734375,329.2982495117187,331.922162115984,56.57135135178715,2.703086922016837,0.8514917461038042,349.0251324540141,305.02130309286093,9.906810963027864,-0.009473707423090727,-0.009518868443783343,0.02040342508979801
2021-12-30,341.3623046875,344.20734652415706,340.23224420785385,341.00545303663915,10593300,328.69652099609374,329.38488830566405,332.8212233132712,57.47492425654626,3.0898469907046433,1.299162795023972,349.6926659675264,307.70037602466107,9.502943403359637,0.004140620406323903,0.004132071627689459,0.017341549371613682
2021-12-31,333.42205810546875,340.4503355784657,333.3427375694343,340.03397839408666,12870500,329.98322143554685,329.297060546875,332.87844567443284,51.025692026562396,2.72424222326714,1.5841786806726057,348.70248091099177,311.26396196010194,9.39698795441007,-0.023260466879318042,-0.023535261131318614,0.018451907025344317
2022-01-03,335.5929870605469,338.1108543487535,334.2547328826255,335.3550557110125,14537900,331.55442504882814,329.2308416748047,333.1369734254913,52.592001356233965,2.579933764018733,1.783329697341831,346.1679174697975,316.9409326278588,9.060688546472546,0.006511053789942656,0.006489948441717573,0.01808492909755516
2022-01-04,333.6004638671875,340.103355842502,328.9810261084693,336.9907056585959,15998000,332.47930297851565,329.46716674804685,333.18111537231954,50.980409716077624,2.278522907142815,1.8823683393020278,345.0028535287259,319.9557524283054,9.207948631298276,-0.005937320713438776,-0.0059550166812565855,0.0166943471600111
2022-01-05,321.3480529785156,332.8371562358702,321.0209087490122,330.12098787578486,20564500,332.5467132568359,329.37755310058594,332.0541570491001,42.380329740016535,1.0390084280764995,1.7136963570569224,344.8127119877545,320.28071452591735,9.448777666075204,-0.03672779931609982,-0.037419248055089484,0.01860747068367473
2022-01-06,329.56591796875,336.2175290132258,319.9107146206738,320.00985016827264,27962800,332.64088745117186,329.70765380859376,331.81718189859055,48.638649331507345,0.7115944801307137,1.5132759816716808,344.78436452667165,320.4974103756721,9.93863743225212,0.025573097188747562,0.025251575549999496,0.01871506624552962
2022-01-07,328.9017333984375,334.0663712007667,326.01706169641426,329.8434453738167,14722000,332.73852996826173,330.0956463623047,331.53952013667123,48.18314077643296,0.3939808574117478,1.2894169568196943,344.7277906226623,320.74926931386113,9.803685437402143,-0.0020153314833224467,-0.002017364996410922,0.01871344267203894
2022-01-10,325.2141418457031,325.4817805917903,312.6841591437298,322.4781581002386,24942400,332.65526123046874,330.31670471191404,330.93710315657904,45.62816521913074,-0.1535183823430657,1.0008298889871423,344.82786621485604,320.48265624608143,10.261820352923968,-0.011211833743263289,-0.011275160132751672,0.018895124831859293
2022-01-11,331.45928955078125,331.7170359199198,322.44842203223953,323.9353644660303,16226800,332.64931640625,330.53082397460935,330.98683519412214,50.42282712015643,-0.08253286000967819,0.7841573391877783,344.82413559170993,320.4744972207901,10.190877033977987,0.019203186151852902,0.01902113196102946,0.019119145539095644
2022-01-12,330.3589782714844,333.4418911715471,327.1570845609265,332.26224771249537,14104900,332.6255279541016,330.5958532714844,330.9270392967281,49.59304831590651,-0.11375099601713146,0.6045756721467964,344.81628495247344,320.43477095572973,9.911872003738178,-0.0033195970485186965,-0.0033251191349221057,0.019127773780522713
2022-01-13,323.6379699707031,332.7083122589069,322.92423643234406,332.06397662403594,14797100,331.87313690185545,330.56413208007814,330.2328422180591,44.748863490160424,-0.6730621522560227,0.3490481072662326,344.32946336824864,319.41681043546225,9.902743705368511,-0.020344560744034124,-0.02055436173664087,0.0187982997640899
2022-01-14,329.01080322265625,329.8335950106645,318.41385729202096,318.98882533095343,16868500,331.7244445800781,330.56968383789064,330.11645755183025,49.034631726956825,-0.6749965918628504,0.144239167440416,344.242740598722,319.20614856143425,10.011100420602443,0.016601368660295046,0.016465072341282555,0.018757516166958973
2022-01-18,315.3804626464844,321.3877072491284,314.8749228247817,320.4757328930127,22645600,330.9492523193359,330.21876525878906,328.71302946560684,40.46022976108771,-1.7561405253591715,-0.23583677111950152,345.3571677200393,316.54133691863257,10.305727561836163,-0.041428246254113454,-0.04231085884358283,0.02089596062301362
2022-01-19,316.80792236328125,324.25255648211686,316.5501760176956,316.7979997340146,20814700,330.65880279541017,329.7917150878906,327.5792097415758,41.61174126821055,-2.469306187865584,-0.6825306544687181,345.9349426494911,315.3826629413292,10.203325152821614,0.0045261513817898,0.004515939161732285,0.020232847633875794
2022-01-20,313.8043518066406,324.96634350833807,313.2294140009481,321.0804536857119,16925000,329.78448486328125,329.35435668945314,326.26731850967724,39.864680250341124,-3.239515042634082,-1.193927532101791,346.7266619260335,312.842307800529,10.312868321005068,-0.009480730577174357,-0.009525958794675193,0.01923137781217828
2022-01-21,300.53082275390625,315.539008543405,300.4019496046395,312.0694771483107,28710700,328.432356262207,328.7159619140625,323.81622367579433,33.22572297975505,-4.86489449667215,-1.9281209250158629,349.64324785348197,307.22146467093205,10.65745336513081,-0.04229874116249743,-0.04321938801718718,0.02113209117244142
2022-01-24,306.0226135253906,306.83548253324034,286.4941238429113,295.24724373871493,38878100,327.1174041748047,328.34065673828127,322.1215941376607,37.8383306708011,-5.6448079732311385,-2.671458334658918,350.363898763763,303.87090958584633,11.349160888359256,0.018273635699528334,0.0181086793560738,0.021322965842480102
2022-01-25,297.53717041015625,303.56426059087903,294.9895351520155,297.33892957316243,25108500,324.83594207763673,327.7936614990234,319.7802204493269,33.937457307924234,-6.8684244444202704,-3.5108515566111884,350.1946318442906,299.47725231098286,11.326583565860389,-0.027728157136761244,-0.02811983989549279,0.02011822012563586
2022-01-26,292.0652160644531,304.83309899106166,288.3181226187675,304.33745154982324,28348800,322.2788970947266,326.87651489257814,317.1406962221961,31.67004165541752,-8.18533485319233,-4.445748215927417,349.9230767938872,294.63471739556593,11.69718305203423,-0.01839082605430442,-0.0185620397186603,0.02020329057491231
2022-01-27,292.0751647949219,299.0835972488767,291.69846786561044,295.15807763400534,21629900,319.8849212646484,325.82732849121095,314.7535027529319,31.678979155727234,-9.123028467284712,-5.381204266198877,349.2318565215145,290.53798600778237,11.389179218550803,3.406338694755817e-05,3.406280680356741e-05,0.02027454565114927
2022-01-28,299.0835876464844,299.27193610509295,290.4791548343732,293.046605096765,21871600,317.77098541259767,325.00951110839844,313.2611298856512,37.84646373523184,-9.194646103075343,-6.14389263357417,346.71318999595206,288.82878082924327,11.203722222277154,0.023995271410643282,0.02371190884361047,0.021326317991994855
2022-01-31,310.5330810546875,311.0584661940592,296.7144263490374,298.0625730266996,21579500,316.6265365600586,324.46410217285154,313.0013157112737,46.364791664565445,-8.232624593105072,-6.561639025480351,344.8027391085173,288.45033401159986,11.42803062390177,0.038281918102896384,0.03756734526943367,0.023125192780621872
2022-02-01,316.2230224609375,316.8772806203968,309.402909800784,311.82167138960386,18023800,315.6580383300781,324.0737292480469,313.3081449255274,50.030042474027596,-6.9311864934206255,-6.635548519068406,342.4579217360561,288.8581549241001,11.145626352166843,0.018323140925677883,0.018157294994404855,0.023535981108239856
2022-02-02,320.1882629394531,325.1447375979586,314.11162016781816,324.96631177071333,58458300,314.98742828369143,323.63161193847657,313.96339426018704,52.467786953701214,-5.516237898590589,-6.411686394972842,340.60291850754015,289.3719380598427,11.137590000593532,0.01253937947862549,0.012461412554454602,0.023763889574654487
2022-02-03,235.6902618408203,245.84112671168012,233.6977646059621,242.52028286095725,188119900,310.7045387268066,321.5845877075195,306.50881022024737,24.754291986923704,-11.08537811394416,-7.346424738767107,353.5098816112433,267.8991958423699,16.519940595800495,-0.2639009947551113,-0.30639065130422244,0.06309372022521438
2022-02-04,235.026107788086,240.49805995464288,228.1068735160375,232.9245674084057,89342200,305.97754821777346,319.5988262939453,299.70093379813676,24.644107937469784,-15.375316462214869,-8.95220308345666,359.05498484438436,252.90011159116256,16.225029584572273,-0.002817910453945194,-0.0028218882380588025,0.0624934369937666
2022-02-07,222.9521484375,236.22558707024265,222.05997391651653,235.63080405625365,88613800,300.68006896972656,317.2960485839844,292.3915256685523,22.668684911568164,-19.524326837548188,-11.066627834274966,363.7554277226763,237.60471021677682,16.077928410940405,-0.051372843060791484,-0.05273943750736169,0.0629449949809731
2022-02-08,218.26329040527344,223.8046400513857,214.26837341391084,218.927471258292,94729700,295.33252639770507,315.05691009521485,285.3316937387162,21.93340102919194,-22.926516497858188,-13.438605566991612,366.7624708677007,223.90258192770943,15.610666855692866,-0.021030782008996773,-0.021255079243184847,0.06293555276716005
2022-02-09,229.9804229736328,231.33849218278192,220.27565229753864,222.24831952087897,86563300,290.25858306884766,312.95476989746095,280.0601441420416,28.200799031947867,-24.39607883027918,-15.630100219649126,365.04098905164057,215.47617708605475,15.429562207251124,0.0536834780901676,0.05229209960117091,0.06444845652780044
2022-02-10,226.08462524414065,232.9542913411008,224.72654100471263,226.28288119030293,49310400,285.0448654174805,311.0437518310547,274.9196185327177,27.41278329908606,-25.580203224924276,-17.62012082070416,362.4123512954543,207.6773795395067,14.915147073618057,-0.016939692862199873,-0.01708481062749172,0.06438164499571551
2022-02-11,217.6388092041016,228.41418046566048,216.8656003535109,226.47125083503389,46156900,279.7449073791504,309.23860321044924,269.4643033585638,25.73394182130663,-26.890164036174383,-19.474129463798207,360.2694340109989,199.2203807473019,14.674678004941738,-0.037356879225726836,-0.03807252696615147,0.06454764819540021
2022-02-14,215.80490112304688,219.07617738521267,212.91032177090045,217.4008865497604,38184000,274.0846122741699,307.400940246582,264.3538840980384,25.370606155806897,-27.75634065503081,-21.130571702044726,355.8665345304662,192.3026900178736,14.066904977039629,-0.00842638354694758,-0.008462086221210459,0.06409634108647574
2022-02-15,219.07614135742188,219.22482952062984,213.18784807906465,218.5507563461436,42685500,269.2693962097168,305.699084777832,260.0417181227416,27.341254662816965,-27.85770384877128,-22.47599813139004,352.0924274743997,186.44636494503385,13.493339010220026,0.015158322250104161,0.015044582842161357,0.06428314331414137
2022-02-16,214.65499877929688,215.56700343123345,210.5113932074076,210.5609609793981,45817500,264.16175003051757,303.6901266479492,255.7191734233659,26.329335280862466,-27.97233648430131,-23.575265801972293,347.2271850650133,181.09631499602182,13.141296805919618,-0.0201808492277209,-0.020387264375412228,0.0641102227441371
2022-02-17,205.90182495117188,215.60659322770132,205.35660985115192,212.156891971326,38747500,258.76662368774413,301.40816619873044,250.97466404506173,24.403597941674505,-28.441634193763036,-24.548539480330444,342.2495748591164,175.28367251637184,12.93477441810746,-0.04077787089936258,-0.04163260516314234,0.06429917952169556
2022-02-18,204.3653259277344,208.9153651251412,203.39384619802908,207.56720368228463,37128400,253.95834884643554,298.9418240356445,246.53567946245914,24.070786040750804,-28.607766119640928,-25.360384808192542,338.3382971952615,169.5784004976096,12.40525616875065,-0.007462289485786977,-0.007490271662286164,0.06409340494009468
2022-02-22,200.3208770751953,205.6738635347304,198.31845712325315,200.57860830625324,39852400,248.6732620239258,296.4092639160156,242.13426971129115,23.1748566469075,-28.73454612821348,-26.03521707219673,332.586939435625,164.75958461222655,12.044552614659693,-0.019790288955227386,-0.01998873934828525,0.06355987600982996
2022-02-23,196.7224578857422,205.13855651896256,196.32594600030123,202.3827580750589,44481400,243.63252639770508,293.8061227416992,237.80933525171505,22.37682685610247,-28.793469362257042,-26.586867530208796,327.31113833472347,159.9539144606867,11.813699607802667,-0.017963275930058753,-0.01812657410703032,0.06352443493926258
2022-02-24,205.79281616210932,206.53628729690607,188.56410689144704,189.3967909321892,49957200,239.31890640258788,291.2904153442383,234.76014295746688,29.01244850783729,-27.78794224024756,-26.82708247221655,321.44627379208043,157.19153901309534,12.25359109334955,0.04610738587678309,0.045076023735334175,0.06513212282346115
2022-02-25,208.64773559570312,209.48043476464565,201.4112801723448,203.15596878731105,37627600,235.14753494262695,288.84667510986327,232.27324701825128,31.01148677248446,-26.455721523283955,-26.752810282430033,314.5629156866746,155.73215419857928,11.954702771846073,0.013872784710545538,0.013777438433029969,0.06537324890348079
2022-02-28,209.1929473876953,211.29448759324583,205.0295121144904,205.872103646924,34239800,230.6530029296875,286.2568182373047,230.0751232439126,31.408736656699844,-25.066976470765695,-26.415643520097166,305.10542923414005,156.20057662523493,11.548293679482457,0.0026130731322608902,0.0026096649925181625,0.0648869913382156
2022-03-01,201.71859741210932,209.9066875471143,200.45964869899032,208.0430483616429,27094900,225.2122787475586,283.6514971923828,227.37450173612183,28.94782614330184,-24.28950924566834,-25.990416665211402,290.9087965578341,159.51576093728315,11.398204048671136,-0.03572945488326551,-0.03638337528466129,0.06376680618589725
2022-03-02,206.29837036132807,207.32931034252405,200.2613883982864,202.9973567193501,29452100,219.71604614257814,281.1597784423828,225.36725112899862,32.440721371215645,-23.03824096514819,-25.39998152519876,270.8057148911589,168.62637739399736,11.088898184068743,0.02270377153110137,0.02244987664067099,0.06390938079277643
2022-03-03,201.203125,207.25993738193364,199.66661489556296,207.20046210869705,27263500,213.76678924560548,278.7315026855469,223.0659057833797,30.636251429192654,-22.20181683156855,-24.760348586472723,236.5306202624975,191.00295822871345,10.839214205661738,-0.02469842758526808,-0.025008550768481894,0.06348770406420882
2022-03-04,198.3184356689453,204.0976861797488,197.0594870351308,200.60832424142328,32130900,211.89819793701173,276.0720571899414,220.70900386771928,29.631337124506103,-21.523604288004066,-24.112999726778995,233.24832824506092,190.54806762896254,10.5677131298729,-0.014337199439892867,-0.014440970132035626,0.0275016310157385
2022-03-07,185.83804321289065,199.1412180323185,185.6496947748115,199.0420824988162,38560600,209.43879470825195,273.2373501586914,217.3879599958308,25.703138517413322,-21.742544806913656,-23.638908742805928,230.89758538334095,187.98000403316294,10.776556710418193,-0.062931075539988,-0.06499844079372447,0.03004542013145635
2022-03-08,188.63351440429688,194.9877188332705,184.4899086633937,186.21476736768085,37508100,207.7228630065918,270.3635873413086,214.64944136806568,28.005394478893024,-21.44330056222168,-23.19978710668908,230.05561480123433,185.3901112119493,10.756646243236665,0.015042513056402695,0.014930496401240752,0.029029732563045436
2022-03-09,196.7720184326172,197.3668013649127,192.2318864189058,194.03605022116608,31894700,206.64829940795897,267.4356994628906,212.94682965992774,34.380539098848246,-20.315256453013262,-22.62288097595392,228.91704729459093,184.37955152132702,10.61212058019232,0.0431445284472467,0.04223973635854195,0.03098542006572809
2022-03-10,193.5106964111328,194.5713741561993,189.40673586874723,193.14390698911552,24853000,204.82481307983397,264.44179107666014,211.0957693505187,33.115075610341904,-19.46011075716484,-21.990326932196105,225.02972454627226,184.61990161339568,10.380203579026437,-0.016574114792653694,-0.016713002195598577,0.02783929897798958
2022-03-11,185.9768218994141,191.8750230568434,185.0450023478886,190.9630336369985,34694500,202.81942291259764,261.36223388671874,208.7034886408897,30.337147147735323,-19.169350007709397,-21.426131547298763,222.1275952789904,183.51125054620488,10.243452899327707,-0.03893259985852282,-0.039710737048245216,0.028624865240071424
2022-03-14,185.00537109375,190.61608870370827,184.2024246489553,185.40188300136523,31010500,201.18775100708007,258.23509521484374,206.44652506497164,29.987823992823806,-18.800586521747903,-20.901022542188592,220.72492976274657,181.65057225141356,9.969896553286656,-0.005223504712805083,-0.0052371949082243565,0.027860311815489702
2022-03-15,190.3583526611328,190.60617637861344,184.29163289751435,189.1390642063968,31721700,199.91542358398436,255.37382110595703,204.91431816936793,34.465785466419746,-17.87039908980168,-20.29489785171121,218.78203545917597,181.04881170879275,9.708799905273258,0.028934195454629386,0.02852350481152333,0.02903802111244576
2022-03-16,201.8573760986328,201.95649650852528,192.8266793674669,193.0051051808488,40640300,199.05448532104492,252.69910888671876,204.62318082929792,42.912667378382544,-16.020667476142364,-19.44005177659744,215.79700005670853,182.31197058538132,9.84375304399606,0.06040724389945762,0.058653026698968,0.03233650092949457
2022-03-17,206.03073120117188,206.22898715868908,199.35932066827604,199.9441810370378,29499700,198.62327194213867,250.14771423339843,204.75723324566687,45.6506563331007,-14.055958625623902,-18.363233146402735,214.1354096750593,183.11113420921805,9.631318290168702,0.020674771381650414,0.02046394914491896,0.032523109226116204
2022-03-18,214.60543823242188,214.9127372311052,204.2067492915965,204.9006526960362,52128000,199.05845260620117,248.01286193847656,205.6951575301197,50.86502045111656,-11.67245274166362,-17.025077065454912,215.8023873077161,182.31451790468626,9.7080804079787,0.04161858272918284,0.0407758328748383,0.03251063097983969
2022-03-21,209.6489715576172,212.84094246310048,205.8225724978369,212.632763871021,30142300,199.3226348876953,245.61452301025392,206.0717112470242,47.99839252687935,-10.06740185231547,-15.633542022827024,216.55282402244,182.0924457529506,9.641993645593434,-0.023095717963291906,-0.02336660304212297,0.03294961323246138
2022-03-22,214.76405334472656,217.54960496999047,208.35037355497568,209.5300170121947,31998800,200.04479370117187,243.33176940917969,206.89955335156728,51.06352906793239,-8.287114410665708,-14.164256500394762,218.54564631697298,181.54394108537076,9.610367771980675,0.02439831566597328,0.024105431126704987,0.032907740095046496
2022-03-23,211.601791381836,214.9127123322592,210.3131051366296,211.47291821952788,23717300,200.78876037597655,241.05952239990233,207.3473855449262,49.13530859292176,-7.0501224758069725,-12.741429695477205,219.8825514579695,181.6949692939836,9.252456302241313,-0.014724354069694745,-0.01483383337489415,0.03280175614834622
2022-03-24,217.6585998535156,218.7490150246612,212.92019693825017,213.12837549531812,31502300,201.38204956054688,238.78350860595702,208.32940595526804,52.810829418661925,-5.517461765845695,-11.296636109550905,221.7554408245,181.00865829659375,9.102082540854449,0.028623616237492433,0.028221613688240298,0.03184408875940368
2022-03-25,219.88902282714844,223.5369804809676,216.984521157618,218.59041391544503,40039000,201.94411392211913,236.5741094970703,209.43032184782808,54.125455697780545,-4.0758566787674795,-9.85248022339422,223.66403517873908,180.22419266549917,8.91996659674696,0.010247345958918741,0.010195197859823884,0.03179094640859917
2022-03-28,221.6436309814453,222.0897106771945,217.628883467782,220.1963488462626,26224100,202.56664810180663,234.53422271728516,210.59349414626783,55.18319455538272,-2.7599767528931523,-8.433979529294007,225.7465933417346,179.38670286187866,8.601456640508783,0.007979516811424281,0.007947848819123183,0.03180919031008227
2022-03-29,227.8590545654297,228.88008713930483,223.3288294480168,224.10205341388328,31417900,203.87367095947266,232.5111877441406,212.23783323380707,58.80654381769649,-1.2017467045211276,-6.987532964339431,229.53052098581026,178.21682093313507,8.503956606033835,0.028042419069125746,0.027656429867570883,0.03086513063627127
2022-03-30,225.8665313720703,229.1377921857716,224.7364558793833,226.91730146383705,25588000,204.85207901000976,230.72090911865234,213.53580448507023,57.20972193238039,-0.12616379652587284,-5.615259130776719,232.23831957727793,177.46583844274159,8.210912298916297,-0.00874454252941359,-0.008783000403255335,0.030800667517914847
2022-03-31,220.42434692382807,226.5009898417312,220.32521137788763,226.4613295729708,24192300,205.81314010620116,228.79323760986327,214.19185614590432,52.978326518054,0.2838327571322452,-4.435440753194927,233.9582595980127,177.66802061438963,8.065545596411102,-0.02409469174198864,-0.024389717503258645,0.030770317633316495
2022-04-01,222.8926544189453,225.30149365853208,220.7613614029989,222.5952629369576,19544800,207.04185104370117,226.97500366210937,215.02050360047966,54.6178204452448,0.798722589299615,-3.3886080846960187,235.90734379626133,178.176358291141,7.837802820574881,0.011197980302830146,0.011135747081355,0.030452862125593488
2022-04-04,231.85397338867188,232.3099757174328,223.8938762141684,224.01282676690585,28054800,209.34264755249023,225.6014666748047,216.6236911993551,60.06225330359597,1.9078871039468197,-2.329309046967451,238.41583112938545,180.26946397559502,7.95062556899721,0.0402046401802143,0.03941746320077347,0.02660133767624463
2022-04-05,229.8218231201172,234.798128124394,229.008969107014,232.0423293070124,29727200,211.40206298828124,224.07745086669922,217.8806561441896,58.3526457994069,2.5930394845526905,-1.344839340663423,240.1490788818165,182.65504709474598,7.796235101024552,-0.008764785174278922,-0.008803421830855383,0.02696262958432672
2022-04-06,221.35614013671875,226.9966101796424,219.4825934997473,224.9347151034795,28995100,212.63126907348632,222.55383026123047,218.21165461966856,51.74490155620022,2.424964336955128,-0.5908786051397128,240.86876581131375,184.3937723356589,7.977877566692075,-0.0368358533948876,-0.03753142832935928,0.027749271340795016
2022-04-07,221.0091857910156,223.5568208391309,216.6574019650015,221.9806505175765,21037200,214.00619354248047,221.13270965576172,218.47808615979685,51.487571747981605,2.237969338046753,-0.025109016502419645,241.0379006797473,186.97448640521364,7.9008448029375975,-0.0015674033053199032,-0.0015686329669657917,0.027298373506110803
2022-04-08,220.3945770263672,223.17020552086805,218.1145959371001,220.44414479208223,18375700,215.72708129882812,219.69909790039063,218.6606090994702,51.00369442696732,2.0169307412884905,0.3832989350557624,239.5996707235551,191.85449187410114,7.697613715854052,-0.002780919546165772,-0.002784793486671683,0.025212872983988263
2022-04-11,214.57568359375,218.68955105022263,213.3464725704528,216.5186129722344,20516600,217.20559692382812,218.00893981933595,218.2715685751159,46.54383322643892,1.3565821567102887,0.5779555793866678,236.50992130408554,197.9012725435707,7.651220197286934,-0.02640216248116234,-0.026756958429982235,0.02625707861695373
2022-04-12,212.27587890625,220.09719467995484,211.274676551528,218.3227835510992,20128800,218.30147323608398,216.04379577636718,217.70055051141438,44.87371591935442,0.6402952033317888,0.590423504175692,233.41963050664936,203.1833159655186,7.7348843352255,-0.010717918493757028,-0.010775769112306684,0.026070946182470647
2022-04-13,213.1184844970703,214.72437730811373,209.4903417286044,209.9760816487408,19231800,218.86452865600586,213.98170501708984,217.26416327195304,45.64329982719338,0.13902131031343856,0.5001430654032413,232.22796990272437,205.50108740928735,7.556252281245774,0.003969389245550792,0.003961532005492366,0.022681367714717765
2022-04-14,208.350341796875,213.1184826736091,208.1719159864897,213.01934713942245,18379500,218.98050918579102,211.7449465942383,216.41522789337418,42.06461259367685,-0.6356635940363446,0.27298173351532407,231.93026245219514,206.0307559193869,7.369846297626834,-0.02237320104564111,-0.022627277934849487,0.022952889349158324
2022-04-18,208.9351959228516,211.5224757910895,206.48669671273544,208.1718947402028,16580800,218.6969970703125,211.2098452758789,215.70284389618155,42.65849274546596,-1.1887113968645338,-0.019356892560647487,232.25162756040578,205.14236658021923,7.203127210535922,0.0028070706336866813,0.002803138168335203,0.02086689902759709
2022-04-19,215.41830444335932,216.528549953644,207.18064578010325,208.6874183483184,20089900,218.9854637145996,210.81768920898438,215.67574490067466,48.91033956112694,-1.091293338790706,-0.2337441818066592,231.9920684843399,205.9788589448593,7.356325565036267,0.031029279159369594,0.030557603428257422,0.02137206969930403
2022-04-20,198.67530822753903,212.2957046517589,197.18836598093705,211.75048946947976,43036500,218.18102645874023,210.33215240478515,214.05665569370936,37.530057528634266,-2.3381558878434134,-0.65462652301401,233.8500951139384,202.51195780354206,8.133012200563838,-0.07772318261943512,-0.08090986471660527,0.027071383217279622
2022-04-21,186.43283081054688,201.2031181131504,183.9645011739977,199.8450490008672,49954100,216.92257843017578,209.6955432128906,211.4258152286463,31.71857619460286,-4.265004734321764,-1.3767021652755609,237.71000889434526,196.1351479660063,8.78341253903447,-0.06162052811802399,-0.0636008575407404,0.029967911931217527
2022-04-22,182.5073089599609,191.0423588558357,181.6746248545,188.71280973536275,36426800,215.16501388549804,208.7460809326172,208.6716717744858,30.1086299266034,-6.039187143611429,-2.3091991609427343,240.78795169173378,189.5420760792623,8.8251497863417,-0.021055957974349893,-0.0212807963838454,0.029001110900137655
2022-04-25,185.3622283935547,185.5505617081789,180.07862505796282,181.139302675937,29281100,213.43867416381835,207.93163299560547,206.45172478582566,32.78084782838735,-7.1326505904478665,-3.2738894468437607,242.03573518419643,184.84161314344027,8.585634562332727,0.015642767677978897,0.015521680712028177,0.029207668540912928
2022-04-26,179.37478637695312,185.5604712136734,177.93741197946932,185.00534856024169,31747400,211.32523193359376,207.1663525390625,203.87296874688542,30.175117696845092,-8.385699655926686,-4.296251488660346,243.23966086028213,179.41080300690538,8.516879181752108,-0.032301305764889876,-0.03283450644500858,0.02942919092621657
2022-04-27,173.42701721191406,179.6325321607996,167.52881634793283,172.91153969557533,71062900,208.60363006591797,206.31879486083983,200.97335431498337,27.810226086831165,-9.746335641693264,-5.38626831926693,243.55336231762487,173.65389781421106,8.773081798260298,-0.03315833448598471,-0.03372053476986941,0.02841838751209668
2022-04-28,203.9390869140625,206.7147155418311,191.2207720699972,201.1535507830585,100890600,207.50725784301758,206.01605377197265,201.25580503870518,49.622506407257156,-8.267280376333929,-5.96247073068033,241.5869540934733,173.42756159256186,10.52412583623578,0.17593608073686173,0.1620644948843376,0.05097916546498349
2022-04-29,198.72488403320312,210.6303299905901,198.15983869617668,202.6801560145104,49193400,206.42228469848632,205.69745147705078,201.0147649429431,47.00852237867668,-7.430210180279516,-6.256018620600168,240.16799271459783,172.67657668237482,10.663151940391327,-0.025567452319998796,-0.025899979792902643,0.051010878966861795
2022-05-02,209.2921142578125,210.03558549384303,199.240383751718,199.418809587904,49915300,205.74225769042968,205.7652572631836,201.8030839253116,52.47270559002607,-5.846741260264878,-6.174163148533109,238.67120591499494,172.81330946586442,10.70940547755194,0.05317517368808122,0.05180957609488853,0.05251082429224666
2022-05-03,210.1842498779297,213.02926131184137,206.2785456736572,208.61800216969075,41556300,204.65877151489258,205.8816357421875,202.6012902065133,52.914137925742004,-4.468334663659874,-5.832997451558462,235.4354149573373,173.88212807244787,10.426641917597099,0.004262633703524088,0.004253574415638654,0.05160097748030558
2022-05-04,221.46519470214844,222.34744654800303,205.1583968091493,208.81626224243905,41375900,204.24094009399414,206.30452209472656,204.39785253943094,58.20087292680754,-2.437560852266273,-5.153910131700025,233.84429780981083,174.63758237817746,10.909671047686858,0.053671694386094426,0.052280916195329125,0.053144188792619944
2022-05-05,206.4669189453125,218.2534157507195,204.3653784105028,216.8358711779649,41129200,203.49647903442383,206.49941131591797,204.59490648284824,50.1403227885773,-2.0151639281896223,-4.526160890997944,232.07176347469743,174.92119459415022,11.3518242793982,-0.0677229475132981,-0.07012524185487934,0.05467980856177984
2022-05-06,201.99615478515625,207.55731947021067,199.27009396161893,205.53506951603143,34747200,202.54582748413085,206.4234780883789,204.3474063211633,48.00602016439848,-2.017903491296579,-4.024509411057671,229.96923249416486,175.12242247409685,11.13292436719774,-0.021653658527933106,-0.021891539252866174,0.054853219502094944
2022-05-09,194.5019989013672,200.80663571599845,193.87747821010933,198.10038947118863,36303200,201.25119857788087,206.1405633544922,203.4097484716589,44.58040532892807,-2.5948782224513423,-3.738583173336405,227.60577977231927,174.89661738344248,10.917620953472682,-0.03710048783730502,-0.037806221369431445,0.05537607090593673
2022-05-10,195.92941284179688,201.19320098052617,192.4995412750609,197.7732217905714,34452500,200.3188850402832,205.8752926635742,202.6973355545292,45.3798848319513,-2.9034849114704855,-3.5715635209632213,226.03353098964882,174.60423909091756,10.75876657861501,0.00733881373195322,0.007312015669246754,0.055198444402048755
2022-05-11,187.0970001220703,198.92314071841457,186.6310903208202,194.62092459185249,31153400,199.05994110107423,205.58286071777343,201.21158932286644,41.400100916130775,-3.8167625638543257,-3.620603329541442,224.77516936428202,173.34471283786644,10.86828685139925,-0.04507956509244626,-0.04612725620515831,0.0559754264783374
2022-05-12,189.5752410888672,196.3259569009474,183.1714694143216,185.4316205639354,38262200,197.88277893066407,205.2483981323242,200.10336568153318,42.91290574371034,-4.291103182315368,-3.7547033000962275,223.0659776930928,172.69958016823534,11.031586896772575,0.013245754689706235,0.013158796722000314,0.05609089287313461
2022-05-13,196.89100646972656,198.14995534482927,189.61490485871445,190.9035913735001,24549800,197.30981216430663,205.16215576171874,199.79742670898017,47.24272078073674,-4.030242289675698,-3.809811098012122,222.0315249750694,172.58809935354387,10.85609599385754,0.03859029976087425,0.037864312658752786,0.05671646351939977
2022-05-16,198.29861450195312,203.5822178506056,194.2243920764948,195.3346525905825,27112600,196.77798309326172,205.1617593383789,199.65468268926332,48.059017808052005,-3.6676475901401773,-3.781378396437733,220.92746242844606,172.6285037580774,10.749076692447058,0.007149173837165623,0.007123739644253794,0.056741576108823646
2022-05-17,200.856185913086,203.6714751787288,196.63327470356344,200.36053841838304,24872700,196.04987716674805,205.46212219238282,199.76911156772263,49.58536443945801,-3.1377440794719575,-3.6526515330445783,218.7415238862028,173.3582304472933,10.484014105498364,0.01289757579777584,0.012815110379461186,0.05634387782153452
2022-05-18,190.5665435791016,199.25028175658,189.96185306425463,198.2589868224676,23960000,195.64443893432616,205.50078277587892,198.8926765211873,43.9851313685375,-3.5076459130899593,-3.6236504090536545,218.42355485209157,172.86532301656075,10.513322587165007,-0.05122890433873373,-0.05258771530340519,0.05476036317347839
2022-05-19,189.6247711181641,193.58995022368103,187.9494956518878,189.53555821851984,24446900,195.80403594970704,205.35783782958984,198.01001886375653,43.50086878562961,-3.8326090170752423,-3.665442130657972,218.36645542200415,173.24161647740993,10.165260586067024,-0.00494196118190382,-0.004954213054251599,0.05287751153121891
2022-05-20,191.8551788330078,196.1871471665272,186.2345394281197,193.27273818785392,31465600,196.27142944335938,205.32472747802734,197.42384362273285,45.04403537245307,-3.8656090213830225,-3.7054755088029823,218.08764017093327,174.4552187157855,10.150071096948489,0.011762217044174239,0.011693579861965843,0.05262957719425368
2022-05-23,194.52178955078125,195.27518333819543,189.57523779332573,193.49084953374,25059200,196.7294075012207,205.4956268310547,197.1474575206422,46.910998097313936,-3.6346901182532463,-3.691318430693035,217.98777501487774,175.47103998756364,9.832204986085719,0.01389908124447592,0.013803374816085042,0.052610272685424855
2022-05-24,179.70191955566406,182.08102101762512,174.57692727127068,178.97827858926098,50406300,196.74576416015626,205.38955780029298,195.4859777144538,38.98448669107673,-4.594561631158058,-3.87196707078604,217.951131722601,175.54039659771152,10.55453764990178,-0.07618616931985589,-0.07924470958856333,0.05504771213206166
2022-05-25,182.2297515869141,183.83564455779268,177.75901682951374,178.82960205945918,28030200,197.18590087890624,205.2269857788086,194.22347998802147,40.82128490824934,-5.092587621611557,-4.116091180951143,216.73795612871794,177.63384562909454,10.234686941214434,0.014066805950100125,0.013968786578744086,0.05449448692490366
2022-05-26,189.9618225097656,191.15137321417453,180.6733801854834,181.2879932314284,23056500,196.4870376586914,204.98907470703125,193.8176078472352,46.16024365779618,-4.807940359641236,-4.254461016689161,216.02278905506785,176.95128626231497,10.252065947462768,0.0424303433194535,0.04155485549871013,0.037975394628408356
2022-05-27,193.43136596679688,193.62962190857732,188.14776268187097,189.69418020410123,22562700,196.22236175537108,204.73708740234375,193.78082290624107,48.40941565060264,-4.253362082498029,-4.254241229850935,215.77309585678978,176.67162765395238,9.911336895980167,0.01826442498388281,0.018099633892280705,0.03785993512426195
2022-05-31,191.954330444336,195.87986462999697,190.3385150297135,193.19344898292155,26131100,195.35547256469727,204.28406524658203,193.6068712432025,47.499683405994276,-3.8882182650750394,-4.181036636895756,214.0291103620877,176.68183476730684,9.599194946287545,-0.007635966975047981,-0.007665270238683766,0.03568864080756942
2022-06-01,186.9978790283203,197.7930804441008,183.38956601023835,194.79936545558363,36623500,194.1961540222168,203.8310433959961,192.97744341321373,44.47901205297698,-3.9532131847240635,-4.135471946461418,211.89700194764518,176.49530609678843,9.942360623971467,-0.025820992965058354,-0.026160206769261122,0.0359683148958937
2022-06-02,197.12887573242188,199.1907706394857,186.09576026067737,186.8094936948901,31951600,192.97933807373047,203.47833984375,193.372817919805,51.296700487858764,-3.1509135905638175,-3.9385602752818976,205.64415186921624,180.3145242782447,10.1675498921741,0.05417706744453099,0.05276043168740005,0.03601200353507606
2022-06-03,189.1192626953125,194.89851447671583,188.127967675366,194.27399377384188,19465000,192.11195526123046,203.02868927001953,192.96771742223427,46.44126640025777,-3.125366930400645,-3.7759216063056473,203.24681787971682,180.9770926427441,10.084218332522797,-0.04063135351099667,-0.041479870780683215,0.03398820703005145
2022-06-06,192.5589904785156,195.2057454437233,186.7599105836064,192.3012593085476,30574200,191.64009704589844,202.52669708251952,192.92879104664203,48.68752036474595,-2.7953407845426455,-3.5798054419530474,201.8182625428042,181.46193154899268,9.96719094163666,0.018188140828069965,0.01802471522525238,0.03405563996937677
2022-06-07,193.9468231201172,194.8191673913977,189.8230482148781,190.25920522456,18828700,191.61233825683593,202.0078530883789,193.0257464822111,49.605866174933176,-2.3942072597165236,-3.342685805505743,201.76212009050857,181.46255642316328,9.612114386985443,0.00720731157840393,0.007181463033013808,0.03306733311648902
2022-06-08,194.92822265625,200.27130140118285,192.7176393311409,192.97537055202795,22267200,191.5622787475586,201.473544921875,193.20693468926243,50.28347252590773,-1.9743561617741534,-3.069019876759425,201.63598902376305,181.48856847135414,9.465082078632337,0.005060147520565383,0.005047387999371802,0.033046030043725964
2022-06-09,182.39825439453125,197.713756969315,182.0810327786021,192.5887643538881,23501600,191.32734146118165,200.56432891845702,192.1775365659547,42.43766318193162,-2.622454836266712,-2.9797068686608825,202.00755599286188,180.6471269295014,9.905627943780948,-0.06427990821942176,-0.06643889447106026,0.03467174084927007
2022-06-10,174.04164123535156,181.50609012398724,173.49642605155532,181.44659972815228,27450800,190.55066146850587,199.52783111572265,190.45030843923058,38.16106908364824,-3.766963339393243,-3.1371581628073546,203.61967713592097,177.48164580109076,9.833927972294875,-0.045815203587991404,-0.046897919361789,0.03591525760898192
2022-06-13,162.83009338378906,171.0776741390652,162.60209979408089,169.1049918602242,31749300,188.84761581420898,198.37594604492188,187.81981176728377,33.310938816456456,-5.515098168014248,-3.6127461638487333,206.30738948266315,171.3878421457548,9.94861464865029,-0.06441876652037226,-0.06658730274644696,0.03691229476801507
2022-06-14,162.30471801757812,165.2984330034951,159.9553538250922,164.5846994290253,27244300,187.04792098999025,197.16418731689453,185.38980283874037,33.09864764472468,-6.863779636540272,-4.262952858387042,207.41772462580607,166.67811735417442,9.619647829346905,-0.0032265249948154606,-0.003231741450291384,0.03674899623032707
2022-06-15,167.8758087158203,170.6613451530027,162.55254445725058,165.74451546114324,30008300,185.39890213012694,195.8846240234375,183.72180339846224,37.63728304019913,-7.397801704197548,-4.889922627549144,206.36154006370657,164.4362641965473,9.52943206549531,0.03432488449065807,0.03374892837030665,0.03772980528397011
2022-06-16,159.46958923339844,163.64294698629192,158.22056323389432,162.29478545665458,26944100,183.84405441284179,194.47757934570313,181.41206871607523,33.90016054437888,-8.402471240655615,-5.592432350170438,207.48484402039975,160.20326480528382,9.538418738097501,-0.050074037151188966,-0.0513712312679071,0.03766137252298985
2022-06-17,162.31460571289062,164.4557908494942,158.50802242635217,160.2725258484744,31374200,182.47854614257812,193.29674865722657,179.5932627157719,36.20876137683668,-8.866897953298235,-6.247325470795998,207.72629014206277,157.23080214309348,9.281943715600685,0.017840495439718218,0.01768322160818078,0.03810646088151552
2022-06-21,155.682861328125,166.2996208450085,154.61226106049688,164.4855494298019,50724900,180.669930267334,191.99022216796874,177.3160816312341,33.2900536139327,-9.658745807819514,-6.929609538200701,208.06302626504163,153.27683426962636,9.453759149094322,-0.0408573483306619,-0.04171546472368212,0.03855360982195358
2022-06-22,154.49331665039062,159.39030076437285,154.08688211001586,157.00129154437553,47267800,178.66850662231445,190.6721969604492,175.1424849663919,32.77964400663575,-10.263960701661745,-7.596479770892911,207.53071618569882,149.80629705893008,9.157306256613083,-0.0076408197253468035,-0.00767016034151152,0.03815926787383772
2022-06-23,157.36805725097656,158.3593520998016,152.90723043126386,154.90965026115896,40499200,177.55181350708008,189.52804443359375,173.4496823268285,35.35902121165536,-10.3918396651477,-8.155551749743868,207.85968982747394,147.24393718668622,8.892650214607702,0.01860754020247568,0.018436537956652666,0.03539060662454915
2022-06-24,168.6787109375,168.7679238308814,159.89583923030838,160.3220886937685,68736000,176.87426147460937,188.65610107421875,172.9953040992734,44.3990531117686,-9.471329844849635,-8.418707368765022,207.33900878903452,146.40951416018422,9.07173709784321,0.07187388523507532,0.06940841135770297,0.03926518438246233
2022-06-27,168.01461791992188,170.2549394802541,166.54749022904906,169.82868983255634,29174600,175.7769012451172,187.75402374267577,172.52095303457327,44.00988418475194,-8.695173390521518,-8.47400057311632,205.8555620705616,145.69824041967277,8.688573680226197,-0.003937029242677803,-0.003944799744139748,0.03777464533466474
2022-06-28,159.28123474121094,169.8087953757403,159.21185197352423,168.4209736364718,27744500,174.06939468383788,186.7726416015625,171.26002748282448,39.14991458724141,-8.684663448930564,-8.51613314827917,203.8208467523452,144.31794261533057,8.824885803225472,-0.05197990083739856,-0.053379575303553264,0.03870872598785601
2022-06-29,162.51292419433594,164.88211892320186,158.9244407046299,162.1461498406924,28595200,172.5973243713379,185.8441961669922,170.42697002677795,41.71483076906767,-8.319660051720518,-8.47683852896744,201.56656931780535,143.62807942487044,8.620085261464508,0.02028920392521827,0.02008612036823909,0.039258431655047034
2022-06-30,159.84629821777344,163.79164757572488,157.11032981455412,160.7384575527912,35250600,171.23974533081054,184.73275604248047,169.41928699734893,40.20874511241625,-8.151600088484372,-8.411790840870825,199.92576297131515,142.55372769030592,8.481601868586383,-0.016408700968137735,-0.01654481472247301,0.039083977775405614
2022-07-01,158.63693237304688,159.2217927733983,153.6507198986701,158.9144937537547,31423900,169.3151481628418,183.93198852539064,168.39239608074874,39.51200859881276,-8.023507078252038,-8.334134088347067,195.8818204297042,142.74847589597942,8.318314472194738,-0.007565804514777841,-0.007594570396965315,0.03633192343660759
2022-07-05,166.7258758544922,166.78535112270356,155.65311468571062,156.76336002821185,28618600,168.1954788208008,183.53784942626953,168.23367986872432,46.22405414668964,-7.186441483929087,-8.104595567463472,193.16893900010234,143.22201864149923,8.519308898251753,0.05099029185980197,0.04973285480153568,0.03802597913578904
2022-07-06,168.29214477539062,170.09629368542892,164.0196660402876,166.7358044722956,23085900,166.98213653564454,183.25354614257813,168.2392479550735,47.44023554013054,-6.323779563246234,-7.748432366620024,189.32202561606752,144.64224745522156,8.344831665886721,0.009394276160620496,0.009350424371609475,0.037786637272730184
2022-07-07,170.6910400390625,171.21642502991526,166.31942669921327,167.9748870643852,24083400,165.8193473815918,182.96012237548828,168.47275196307245,49.33034889536054,-5.384474110757395,-7.2756407154475,184.55419881356838,147.08449594961522,8.098557856230668,0.014254350771234936,0.014153712739029701,0.037949083535310325
2022-07-08,169.39247131347656,170.89922861706972,166.686225442263,168.50029685970665,19249200,164.5425598144531,182.76047607421876,168.56034428215855,48.31742559214669,-4.69077903508483,-6.758668379374966,177.8678001945451,151.21731943436112,7.821018236128957,-0.007607714647990704,-0.0076368009230326755,0.037866042815031496
2022-07-11,161.46212768554688,166.03199804940502,160.5005703656967,165.61565598193803,21885600,163.4957534790039,182.5211782836914,167.88432365390983,42.568782396905235,-4.726449575346209,-6.352224618569215,174.0461782952964,152.9453286627114,7.897509858389737,-0.04681638780305564,-0.04794772631307889,0.036640486348210176
2022-07-12,161.8487091064453,164.46572681989724,160.6888959849567,163.36538896731187,16639700,162.8861068725586,181.67937072753907,167.30950322081796,42.925265641104644,-4.669695502654889,-6.01571879538635,172.2735553642616,153.4986583808556,7.60317564242908,0.0023942544697002077,0.0023913928092527226,0.03540953021653559
2022-07-13,162.06683349609375,163.54385344295133,158.22060385404325,158.76581915783322,16555100,162.84794387817382,180.9462097167969,166.8102013422728,43.13972646823054,-4.554613921712161,-5.723497820651513,172.24219625921552,153.45369149713213,7.440323781463294,0.001347705464273874,0.001346798124391112,0.03232804408256942
2022-07-14,156.67416381835938,161.17463606202577,155.91086250108654,159.81656687331278,23765200,162.5664161682129,179.89385070800782,165.84486443523343,39.21638664357826,-4.842730333479892,-5.547344323217189,172.33877717111656,152.79405516530923,7.348584296716431,-0.03327435701311676,-0.033840543550283944,0.033185450010128015
2022-07-15,163.26629638671875,163.54385779859277,158.4287866897981,159.14250523035813,23342800,162.3359405517578,178.9554916381836,165.59928652585108,45.71559444459662,-4.487406629742395,-5.33535678452223,171.8094087736438,152.8624723298718,7.314377845539071,0.04207542844142442,0.041214328850843016,0.03366444679534797
2022-07-18,165.77423095703125,170.19541257482624,164.198075800227,165.29841367168555,23574300,162.65117263793945,177.84167236328125,165.6159479002492,47.99385567159002,-3.95781741887194,-5.059848911392173,172.14170946599074,153.16063580988816,7.28685915572253,0.015361006072999395,0.01524422026569259,0.0317547573603249
2022-07-19,174.2498016357422,174.95362761088478,168.0343789009671,168.88689304820255,25933700,163.24793243408203,177.19733001708985,166.43821968458187,54.8849377794505,-2.821679864260034,-4.612215101965745,173.99636412127046,152.4995007468936,7.42204040558903,0.05112719045523906,0.04986310308383421,0.033433614251533905
2022-07-20,181.4961700439453,182.0017400969105,175.16179657187416,175.9449279721321,24784300,164.53859786987306,176.78733032226563,167.87231019499743,59.79058854609857,-1.3213298289181807,-3.9540380473562324,177.34559164948988,151.73160409025624,7.445604552416122,0.041586092725380386,0.04074464054487869,0.03267511299072364
2022-07-21,181.5754852294922,182.24957362777684,177.31291412933265,179.05760283598016,27195800,165.89270629882813,176.52880004882812,169.17737448399694,59.84206007995668,-0.12445688239398578,-3.1881218143637833,179.8409758096617,151.94443678799456,7.266394191418127,0.0004370074890707176,0.0004369120291080988,0.032518504959411894
2022-07-22,167.79649353027344,174.0713921211751,166.94397930324826,171.5634172107559,42583900,166.41412811279298,175.96614166259766,169.04586201221375,48.27963032044547,-0.2844964258537743,-2.607396736661782,179.81777136383678,153.01048486174918,7.792473601048542,-0.07588574901399037,-0.07891956673101089,0.037475784229135826
2022-07-25,165.1992950439453,169.08518450414397,163.37531599182617,167.52884419406948,26166300,166.24015731811522,175.52818756103517,168.67952230095008,46.45753488862269,-0.6138253328771839,-2.2086824559048623,179.611996602772,152.86831803345845,7.643716094710632,-0.01547826436468136,-0.015599303304801197,0.03407019734943096
2022-07-26,157.7645721435547,164.55494803766118,156.57502132751043,164.49547276575285,28468400,165.72765502929687,174.8919741821289,167.640003238341,41.61571257579431,-1.457934704133237,-2.0585329055505373,179.56574804080992,151.88956201778382,7.713755924833793,-0.0450045679578287,-0.04604872171476122,0.03549688555415406
2022-07-27,168.10377502441406,169.38253866879188,160.60958871085882,161.17461888480676,43846600,166.16878204345704,174.31622955322266,167.68417197987176,49.498250412064785,-1.2778795976227286,-1.9024022439649757,179.71619391306925,152.62137017384484,7.992628110576893,0.06553564428553349,0.06347762510401553,0.0365913619633271
2022-07-28,159.32090759277344,160.1040238594666,153.50201173331402,159.65794420750422,73214300,166.0091812133789,173.53667541503907,166.88767060967194,44.05677426753369,-1.8228756529078112,-1.8864969257535429,179.79816581127196,152.22019661548583,8.464709194899976,-0.0522466995780736,-0.0536610422156799,0.03837406218211384
2022-07-29,157.7150115966797,158.74595155199424,153.8192150963796,156.3172822730475,42065400,165.90261688232422,172.67385192871095,166.01408403700603,43.12329518337483,-2.357199016105511,-1.9806373438239366,179.91165314385663,151.89358062079182,8.253065145006682,-0.010079631232069342,-0.010130774676565656,0.03826006322818526
2022-08-01,158.53778076171875,163.7520014408737,153.87869791368956,155.88111777957656,40596700,165.8976593017578,172.0332766723633,165.30205515364534,43.78053502008268,-2.68333175739852,-2.121176226538853,179.91704326131588,151.87827534219974,8.368796458019357,0.005216809463534755,0.005203249053981458,0.038233303753308745
2022-08-02,158.7955322265625,160.8276897938803,156.63450148211984,156.9318929768912,27374500,165.50114212036132,171.41669189453125,164.68238630344698,43.998855347489005,-2.8877082126986977,-2.2744826237708224,179.84914115757007,151.15314308315257,8.070538733286579,0.001625804673216269,0.0016244844835185655,0.03636112879041969
2022-08-03,167.33058166503906,168.06413020831988,160.16352379387357,161.2737692383806,31721900,165.45306396484375,170.92619995117187,164.93459538550337,50.810740713400264,-2.3340652157739328,-2.2863991421714447,179.7697416863349,151.1363862433526,8.156114393891636,0.0537486749079259,0.05235397283176232,0.03837669766304059
2022-08-04,169.0851593017578,170.65139175643768,165.3479737145772,166.83491589703567,23938200,165.3727699279785,170.41746734619142,165.32988718705144,52.10062717867076,-1.733733993991791,-2.175866112535514,179.58869821592668,151.15684164003034,7.952350368746553,0.01048569615463979,0.010431102545756191,0.03831437476247098
2022-08-05,165.6553192138672,170.11614701435627,164.35672509654546,165.5363686461621,25832700,165.18591232299804,170.13653533935548,165.36088071341484,49.374953452266354,-1.5172368444045787,-2.044140258909327,179.2833348180503,151.08848982794578,7.795712622251143,-0.02028469028301627,-0.02049324980969405,0.038554920788909444
2022-08-08,168.76797485351562,175.9647711552269,165.67513927360025,166.5375610889317,27299100,165.55120468139648,169.8672998046875,165.68536586961494,51.83748585512244,-1.0820231081531233,-1.8517168287580863,179.62232713004545,151.48008223274752,7.975265430758898,0.018789952863692116,0.0186156023388605,0.037164333918945115
2022-08-09,167.0629119873047,168.05420679058827,165.14972027742735,167.47925398956878,18655100,165.81191482543946,169.4093215942383,165.81656073796637,50.39148782041542,-0.8647293484726504,-1.6543193327009993,179.79189926560557,151.83193038527335,7.6640503697109965,-0.0101030000963801,-0.010154381767483869,0.037277710667827015
2022-08-10,176.78753662109375,178.9089071954757,172.4357524234894,174.4580025790822,30262100,166.54794998168944,169.07644500732422,166.8614155839785,57.647813165992346,0.09112304768723334,-1.3052308566233528,181.19584067864335,151.90005928473553,7.962760715315284,0.058209356691496295,0.0565781935311094,0.039317876646812674
2022-08-11,175.94493103027344,181.50609582783787,174.8346704958459,178.14560684060112,24079100,167.51148834228516,168.75625701904298,167.72651229314943,56.87158032353287,0.7717554129586119,-0.8898336027069599,181.9686456391471,153.05433104542323,7.870522473649332,-0.004766204716264877,-0.004777599290295607,0.03835881790404944
2022-08-12,178.92872619628906,179.8803759384062,177.35257096418084,179.23602518954743,21274000,168.29460983276368,168.59487396240235,168.79338980773414,58.9780482415402,1.5342430011245085,-0.4050182819406662,183.42810292345067,153.1611167420767,7.589445504683863,0.016958687860704647,0.016816494668782673,0.03753572932675478
2022-08-15,179.31529235839844,179.86050745241545,176.6487072743522,177.40210090461437,15878700,168.97166290283204,168.23860229492186,169.79547576494025,59.25569825358411,2.1449864976492563,0.10498267397731831,184.7896791001254,153.15364670553868,7.27675655278239,0.0021604477398744493,0.0021581173285404203,0.03746478797677279
2022-08-16,177.90769958496094,179.41447209085894,175.49884507628477,177.8779619475911,21156700,169.15455780029296,168.01437103271485,170.56806850970412,57.72364795870684,2.4867583435109566,0.581337807884046,185.29378438844975,153.01533121213618,7.036675871481803,-0.007849820028869248,-0.007880792055810175,0.03589831591219921
2022-08-17,173.32791137695312,176.5892647931606,172.65382301032733,175.2212730535076,20118100,168.74614486694335,167.6297494506836,170.83091068753737,52.928666780585395,2.3608499515272285,0.9372402366126825,184.00483838336174,153.48745135052496,6.909333064564074,-0.025742495792435927,-0.02607963224480321,0.035104555857676106
2022-08-18,173.1395721435547,174.22998746603588,170.36394337785367,172.82235051275006,18844500,168.3243492126465,167.21360443115233,171.05078320715805,52.73466335321248,2.2202752901688143,1.1938472473239088,182.57419578555397,154.07450263973902,6.6919552805367974,-0.0010866064899890393,-0.0010871972748269503,0.035101296105206924
2022-08-19,166.4978790283203,170.81992490333863,165.59579714220007,168.71836966989872,26240800,168.25941848754883,166.64499755859376,170.61717328536398,46.29093673459784,1.555014491705009,1.2660806962001288,182.53011348456,153.98872349053767,6.7527995463094985,-0.03836034150371803,-0.039115473854997265,0.031777771335339385
2022-08-22,161.63064575195312,164.04940786700593,160.84751426544375,164.04940786700593,19499700,168.08098602294922,166.22964538574217,169.76131352027724,42.21954818944992,0.6278084823527479,1.1384262534306526,182.58755824446467,153.57441380143376,6.674054204635717,-0.029233004677130414,-0.0296688031088623,0.03227726784787209
2022-08-23,159.70750427246094,163.6132081664498,159.30106977820242,161.06557329488396,18111800,168.17813262939453,165.94296264648438,168.80380787762806,40.69648731019809,-0.259202480402422,0.8589005066640378,182.43086036917921,153.92540488960984,6.505345932036549,-0.011898371565275734,-0.011969723736100618,0.030690124369685868
2022-08-24,161.8387908935547,164.0196516525699,158.37918156631125,159.20195810249265,20891500,167.86488342285156,165.92313659667968,168.14047292676392,43.14438007100802,-0.7811830486230349,0.5308837956066234,182.38328873062886,153.34647811507426,6.443569085909558,0.013344937238877419,0.01325667790703229,0.026904101844527524
2022-08-25,167.3107452392578,167.40988077562878,162.5921871516085,163.742077693332,15550500,168.26437530517578,166.02325714111328,168.06145124223954,48.96856360484634,-0.7447306337697626,0.2757609097313462,182.25034065809427,154.27840995225728,6.381249142778453,0.0338111420351761,0.033252111469039176,0.025197839885525906
2022-08-26,160.3717041015625,169.4321398084809,160.26266104638017,167.01337758513512,24023600,168.39720993041993,165.87317504882813,167.3290943716989,42.958823243664774,-1.2612258338715492,-0.03163643898923288,182.02577124543865,154.76864861540122,6.580408401301473,-0.0414739718466518,-0.04235856177556548,0.026955525034507606
2022-08-29,157.78440856933594,161.6306376497114,157.62579775394812,159.2614434264603,20052700,168.3595413208008,165.83947143554687,166.42007667623577,40.94124383388957,-1.8579083170477872,-0.3968908146009438,182.1005984002274,154.61848424137418,6.396439222334458,-0.01613311741445389,-0.016264673006566654,0.027208709097086625
2022-08-30,155.79190063476562,160.25272741333785,154.55278208516222,158.9541335935069,19567900,168.20935974121093,165.70901733398438,165.40786943419099,39.406333556023206,-2.4631683505897684,-0.8101463217987087,182.42278635566214,153.99593312675972,6.34668965846597,-0.012628040708437482,-0.012708452090534828,0.0273532149172447
2022-08-31,161.5116729736328,166.3789346284713,160.72855664749912,165.61564843587365,40953000,167.9184143066406,165.82559356689453,165.036803104614,45.699758920007305,-2.4530264996877804,-1.138722357376523,182.42704107028322,153.409787542998,6.649571396697378,0.036714182929679096,0.03605627209609764,0.025792434186464527
2022-09-01,163.9205322265625,165.90312211071253,158.95415001211242,162.1560284397458,30145700,167.66018295288086,166.01413787841796,164.9304915924186,48.142561020812536,-2.2249661746768936,-1.3559711208365972,182.26011001732002,153.0602558884417,6.670957161119001,0.01491445917548595,0.014804332267874113,0.02591903924131161
2022-09-02,158.92440795898438,166.46814773768705,157.83397750261,165.99233041397824,22634200,167.32363739013672,166.04526489257813,164.35848362732963,43.746751859896015,-2.4194819166013417,-1.5686732799895462,182.39558735854249,152.25168742173096,6.811186666401719,-0.030478941226671608,-0.030953083263205665,0.026409030469127556
2022-09-06,157.15988159179688,160.2824694990789,156.31729003024532,158.70631429044778,19339800,166.74323272705078,165.81488830566406,163.67290248108844,42.278473028423726,-2.685067784533146,-1.7919521808982664,182.42951213940447,151.0569533146971,6.607900438003995,-0.011102928680677526,-0.011165026264503435,0.02602898734471654
2022-09-07,158.99380493164062,159.55885034383166,155.4449670056623,156.38669423335267,16831200,166.33977737426758,165.63447204589843,163.2272741430458,44.36835767103616,-2.716252938457643,-1.9768123324101419,182.38342235229675,150.29613239623842,6.429756359444378,0.011669157047389023,0.011601597501662066,0.02618156602060547
2022-09-08,160.64926147460938,160.8177798055024,156.3668750415445,157.32843237884535,22530800,165.53286361694336,165.6618325805664,162.98174912700424,46.25985035119315,-2.5776720905154207,-2.0969842840311976,181.00669199000367,150.05903524388305,6.288409816909629,0.010412082053640415,0.01035824967627835,0.022271618622832497
2022-09-09,167.67750549316406,168.06410985118802,161.60087879529817,161.828872358759,22086800,165.1194923400879,165.76512420654296,163.42896401901947,53.489936133302756,-1.8790645290746681,-2.053400333039892,179.88409627857237,150.35488840160343,6.368869714028845,0.04374899675256527,0.04281903598731919,0.02474970824784038
2022-09-12,167.48916625976562,169.8980052223089,165.82378322774733,165.93282625440304,23220400,164.54751434326172,165.9179815673828,163.81564994670958,53.28305905267306,-1.3253327940964823,-1.90778682525121,177.95158003628808,151.14344865023537,6.204966305495469,-0.0011232230157796064,-0.0011238543035134102,0.02434329842110538
2022-09-13,151.7969970703125,160.22300395305948,151.3409947482943,160.13377591386535,44444100,163.1715995788574,165.78118286132812,162.67101633943366,39.55595230033263,-2.1281908539520202,-1.951867630991372,175.85994446666783,150.483254691047,6.915195248779459,-0.09369065199784632,-0.09837458750680966,0.03161853591406207
2022-09-14,150.15142822265625,152.20340064312884,147.75249656335097,151.99523720059614,43064200,161.78378601074218,165.44969390869142,161.4786746140263,38.43763691596667,-2.864228263578326,-2.134339757508763,173.77396673263434,149.79360528885002,6.739174450993631,-0.010840588940596918,-0.010899776263853037,0.031625809016207165
2022-09-15,148.24813842773438,152.85765313710925,147.40553180836312,148.49596212449558,34606300,160.52979736328126,165.0488137817383,160.21862354866516,37.130105351832825,-3.560084357170183,-2.419488677441047,172.6732675689476,148.38632715761491,6.64724208511881,-0.01267580213822228,-0.012756825537377368,0.031373051799532384
2022-09-16,145.0165252685547,147.28659907579265,143.03393545484252,146.7612139852357,40122800,159.12364501953124,164.53532348632814,158.77080466484512,34.95583136773487,-4.322492496104985,-2.800089441173835,171.60907049068473,146.63821954837775,6.544882148531171,-0.02179867614833475,-0.022039777522996136,0.03149855963372775
2022-09-19,146.73146057128906,147.28658323928715,143.83688156961458,143.97566223661408,22169500,158.13532409667968,164.08210327148439,157.62420046545884,37.06209827296692,-4.733757680566754,-3.186823089052419,171.24318882920255,145.0274593641568,6.323797828612699,0.01182579226442293,0.011756414015931135,0.03097592080891256
2022-09-20,144.81825256347656,147.54431324204933,143.955830934562,144.51095359804532,23217400,157.29470443725586,163.74922576904297,156.40458637955575,35.67419760982607,-5.154648618525357,-3.580388194947007,171.50790169713375,143.08150717737797,6.128418148532317,-0.013038839798660495,-0.013124591689364808,0.030540619322968667
2022-09-21,140.88282775878906,148.29772457574842,140.76387720990476,145.11566125945427,38338600,156.35347061157228,163.32990814208983,154.92632365376846,32.94153319926687,-5.739601062957746,-4.012230768549156,172.20203239182987,140.50490883131468,6.228805949768841,-0.027174922601434726,-0.027550989526668478,0.03091044306142953
2022-09-22,141.57675170898438,143.32142537181252,139.64371445995508,140.3178028899763,34418500,155.34036865234376,162.92010650634765,153.65493584950332,33.90296614363314,-6.077132821822715,-4.425211179203868,172.21413363735832,138.4666036673292,6.046584875632313,0.004925539622070874,0.0049134488379570735,0.03069275176157811
2022-09-23,139.18771362304688,141.37846677265173,137.68094121464907,140.188915976952,31710700,153.9342170715332,162.5703775024414,152.2771051612694,32.191746344264445,-6.462904242924793,-4.8327497919480535,171.26449593452966,136.60393820853673,5.8929581341110975,-0.01687450839985538,-0.017018505131429024,0.02927434285166199
2022-09-26,135.18289184570312,141.00180367529504,135.00446600941672,138.90024802794656,30497000,152.67477645874024,162.00870941162108,150.6490848455012,29.503401401323686,-7.010968441206842,-5.268393521799812,171.5434805619165,133.80607235556397,5.900413814951613,-0.02877281099817297,-0.029194863803290727,0.028658167711024467
2022-09-27,133.2300262451172,138.2063307938041,132.95246488791165,136.71938846907756,30826500,151.4470573425293,161.3578253173828,148.99012688355987,28.26390173286964,-7.516250542571896,-5.717964925954229,171.95063780382657,130.94347688123202,5.854231821447388,-0.01444610019746384,-0.01455146103611708,0.028635772061102446
2022-09-28,140.3772735595703,140.79361560887784,133.10117251155577,133.44811665633205,32658500,150.67632598876952,160.68037475585936,148.169855138418,38.45494467170813,-7.256320773057439,-6.025636095374872,171.62276230637949,129.72988967115955,5.985532626867007,0.05364591988673473,0.05225645429249453,0.03174090715990503
2022-09-29,135.22254943847656,138.6226838987271,134.02307587866284,138.14686655208894,38985400,149.36186981201172,159.75490234375,146.93677840509022,34.633492180819786,-7.381182042806472,-6.296745284861192,170.71895077646047,128.00478884756296,6.011865845012755,-0.03672050318676623,-0.03741167376643364,0.030934204653598318
2022-09-30,134.49887084960938,139.76265892956278,134.32044504653885,134.86566021029577,33166400,147.89078674316406,158.81337005615234,145.75221578075872,34.12084214111499,-7.4526211353934855,-6.527920454967651,169.08652648282208,126.69504700350603,5.97117641915641,-0.005351759687066471,-0.005366131652745513,0.030459278038584156
2022-10-03,137.40338134765625,138.40458371235383,134.9152366908158,135.94617669127948,27723100,146.81473541259766,158.2055078125,144.9570886918918,38.08226910459964,-7.191962935890757,-6.660728951152273,167.8451137307917,125.78435709440362,5.823643307984127,0.02159505488558766,0.021365185166125004,0.03078589624961616
2022-10-04,139.05882263183594,141.1504551039004,138.12700317139624,139.26700117923596,34670700,145.9096824645996,157.68269836425782,144.39534906712458,40.28622870439665,-6.773725863059298,-6.683328333533678,166.63712214176186,125.18224278743733,5.675316911431272,0.012048038905178915,0.011976039012535682,0.03104928404122795
2022-10-05,137.77017211914062,138.98947583553354,133.60673622730505,137.03662351437458,27979300,144.8485008239746,157.28281036376953,143.76437983398327,39.11893100916142,-6.471652119112235,-6.64099309064939,164.95158027114041,124.74542137680878,5.659371875224102,-0.00926694537107553,-0.009310150637043511,0.030787107791768166
2022-10-06,137.85939025878906,140.2186618566196,135.41089062341658,136.5211360812192,36231100,143.7090072631836,156.67792266845703,143.20199987444096,39.250172983624175,-6.154116518052234,-6.54361777612996,162.65041024262177,124.76760428374541,5.598543257936883,0.00064758676189558,0.0006473771680703983,0.030578532704875226
2022-10-07,132.28829956054688,137.08616318033515,131.28709717066118,135.56948321426967,33214800,141.93954696655274,156.1372705078125,142.16259984454626,34.28068418322273,-6.279620173855903,-6.490818255675149,157.984531206799,125.89456272630648,5.66809681723624,-0.040411398075852256,-0.041250626031964,0.028950504674756624
2022-10-10,132.6253204345703,134.92513155816465,130.72203629398763,132.3874193707211,24024000,140.19635467529298,155.6354766845703,141.25428751978666,34.81833074680884,-6.279501769804426,-6.4485549585010045,151.68900431689914,128.70370503368682,5.563453849160581,0.002547624205186727,0.002544384511822214,0.029030445936207915
2022-10-11,127.42105102539062,131.50519665914558,125.88454833270391,130.47424140170796,38481400,138.97755737304686,155.01314208984374,139.93683642508228,30.64864966581115,-6.623003123831921,-6.4834445915671886,150.4608419294303,127.49427281666343,5.64754801006814,-0.03924039084035369,-0.040031047859752006,0.02276302001868324
2022-10-12,126.39010620117188,128.541214428853,125.15098751292508,127.20297532112282,34605200,137.78949127197265,154.36503356933594,138.64667164185272,29.88514688553971,-6.898892909986813,-6.5665342552511134,149.31934501817872,126.25963752576659,5.486310789058124,-0.008090851675782496,-0.008123760241954166,0.022756244257137292
2022-10-13,129.15582275390625,129.99842957946888,121.46337876939296,122.45467379901405,34325700,136.83487548828126,153.60153839111328,137.7427812715721,34.59257057892725,-6.815799052653716,-6.616387214731635,147.8948822053332,125.77486877122931,5.704077933416538,0.02188238174538948,0.0216463988037652,0.02370140081472508
2022-10-14,125.65653228759766,130.642736410999,125.4186160877497,129.85962016618188,23559400,135.8668758392334,152.73296585083008,136.59170993976502,31.69324506634105,-6.952169782224701,-6.683543728230248,147.27647039890329,124.4572812795635,5.669795246976021,-0.027093555611318765,-0.027467353126422824,0.023908728803341238
2022-10-17,132.8731689453125,133.61664016062548,129.04676981879663,129.16573549889992,29612200,135.17396125793456,152.07732284545898,136.2375631783886,42.412859928461735,-6.404099825207936,-6.6276549476257856,145.491080112609,124.8568424032601,5.83338900597972,0.057431448459819734,0.05584280568564917,0.027665204779437274
2022-10-18,131.64395141601562,136.6400705127759,130.25612963150132,135.89659941870124,25445000,134.51524620056153,151.334842376709,135.8000763438769,41.22609071578624,-5.99977633044972,-6.502079224190573,143.92784638827885,125.10264601284422,5.872714139929353,-0.009251059029101616,-0.009294115828743933,0.027617230733638202
2022-10-19,132.07020568847656,135.80739142500235,131.06900335762276,131.73316907721394,30691000,134.0746150970459,150.63498825073242,135.4448505671721,41.83389447724125,-5.580621954355081,-6.317787770223475,143.06943832250644,125.07979187158533,5.791690849032941,0.0032379328322795775,0.0032327020160792734,0.027130118735281195
2022-10-20,130.38502502441406,135.57941606596407,130.1669389228935,131.7728319195805,26356300,133.5150287628174,149.70693801879884,134.96296242024277,40.069657808702345,-5.323058186122324,-6.118841853403245,141.94832596067764,125.08173156495717,5.764604155749914,-0.012759733774000859,-0.012841838346384747,0.027150595034750192
2022-10-21,128.87826538085938,128.98730844256184,124.3480548195021,125.21047668190012,46348600,132.99955635070802,148.76560470581055,134.38346746411102,38.50600888509445,-5.180798929743503,-5.9312332686712965,141.24101851613779,124.75809418527824,5.784058873547203,-0.011556232345490192,-0.01162352453027441,0.027041236845426628
2022-10-24,128.59078979492188,132.3180535839191,123.48561898528632,126.14228991228433,63563400,132.66995124816896,147.7588459777832,133.8317838765692,38.19972403645046,-5.033234329125548,-5.7516334807621465,141.06168493446245,124.27821756187546,6.001799996767601,-0.00223059788311053,-0.0022330893722650735,0.026378634830848825
2022-10-25,136.31292724609375,137.1456262806238,129.45316981297384,129.74065374333438,38433200,132.82409629821777,146.8987986755371,134.06808324509535,49.759993058510815,-4.244251277503736,-5.450157040110465,141.36328065620566,124.28491194022988,6.184159745977195,0.06005202599258652,0.058317988044618393,0.029615135598330865
2022-10-26,128.68991088867188,134.37002641761245,127.411132000014,130.53370487759855,82791500,132.23972816467284,145.91444290161132,133.5558763540074,41.50602669269965,-4.185838496027401,-5.197293331293852,140.21217606287266,124.26728026647304,6.378276567413091,-0.05592291583365083,-0.05754745921450575,0.02960637685712134
2022-10-27,97.08740997314452,101.60771160079246,95.5409850244923,97.12706267059497,232316600,130.33297119140624,144.38963287353516,130.08268907963952,23.846330526762657,-6.613368857123291,-5.48050843645974,147.49032201157956,113.17562037123292,8.290465802896412,-0.24557092857781448,-0.28179401258593495,0.0614694883986279
2022-10-28,98.33645629882812,99.97209448364832,96.66117297131608,98.7131532212235,95928300,128.52485046386718,142.8935705566406,127.05923833860986,25.200927362233728,-8.340275058700911,-6.052461760907974,150.4925980490618,106.55710287867257,7.934784067856114,0.012865173002649,0.01278311966865481,0.061744431179688856
2022-10-31,92.34903717041016,98.45540986504903,91.7939068796394,97.36498697989708,121361400,126.27213325500489,141.41059371948242,123.75350489401941,23.081453014690155,-10.075847254697337,-6.857138859665847,152.88519820499016,99.65906830501962,7.843835419109937,-0.060887074374769035,-0.06281954542300282,0.06203409737522336
2022-11-01,94.37126922607422,96.64133540102044,92.73563873008624,93.50884752374888,110189600,124.03775558471679,140.06540618896486,120.9551967351675,25.364593105518253,-11.159483913733325,-7.717607870479343,153.348480445299,94.72703072413458,7.590154191359963,0.021897705895216557,0.021661394692921804,0.0623201172271204
2022-11-02,89.7518310546875,94.37126083616003,89.69235578753322,93.38988111321918,71821100,121.63683853149413,138.66629272460938,117.98344762274084,23.638499863626407,-12.249815578630162,-8.624049412109507,153.7841564984368,89.48952056455147,7.382208423301465,-0.04894962427940297,-0.05018824652464363,0.06268868830024803
2022-11-03,88.13602447509766,89.67252688039356,87.64037707410301,89.29583757831013,60664000,119.15067024230957,137.19223739624024,115.14083589439387,23.04768878518226,-13.09336124746386,-9.517911779180377,153.50984067755755,84.7914998070616,7.005725963107396,-0.01800304863535651,-0.018167075149146512,0.06251842650100248
2022-11-04,89.9996566772461,90.5944320504506,87.32315615335703,89.56348454083917,55638100,117.03623809814454,135.646015625,112.74643787371313,25.364701978708197,-13.456380940567158,-10.305605611457732,153.06547840907422,81.00699778721484,6.7389795298206945,0.021144954214210143,0.02092450189105657,0.06297437625589168
2022-11-07,95.87804412841795,96.0366473799833,92.28955386062118,93.95492959844655,81987300,115.19887428283691,134.35614242553712,111.13992418368503,32.29005598189504,-13.118517815804552,-10.868188052327097,151.6067370464935,78.79101151918033,6.688837470743302,0.06531566528362154,0.06327115457112986,0.06550893933349983
2022-11-08,95.63021850585938,96.94864251443768,93.96484280107092,95.08500329540075,52088300,113.60933265686035,133.11305862426758,109.66280935722544,32.15459524442551,-12.724081026228205,-11.23936664710732,150.516459849487,76.70220546423369,6.424191916644977,-0.002584800564210954,-0.0025881469288900104,0.06527165611335445
2022-11-09,100.58670043945312,103.98684244254156,99.86305179354484,100.83452417856168,107677300,112.31916236877441,132.00895462036132,108.79841803172332,37.77682762458327,-11.87465670890903,-11.366424659467663,149.15292453909115,75.48540019845768,6.562222775219063,0.05182966232885966,0.05053118326704721,0.06681524403533003
2022-11-10,110.89616394042967,111.76850073569403,103.69936079981404,106.18751313338272,80671000,111.40617942810059,130.99664443969726,108.99820335636201,47.51865694180478,-10.251422258408311,-11.143424179255794,147.42148509860917,75.390873757592,6.892192598149195,0.10249330633111087,0.09757425696543177,0.0710694837434064
2022-11-11,112.03614044189452,113.8997795972506,107.86279003756002,108.2791396217652,59961700,110.72515983581543,129.9589566040039,109.28753069784129,48.479197056532215,-8.771893754242072,-10.66911809425305,146.14707326029895,75.30324641133191,6.831106666830722,0.010279674796300542,0.010227198260761334,0.07094720574791019
2022-11-14,113.22569274902344,115.257842541956,109.83546636362014,110.02380723193426,53395000,109.74278602600097,129.0449822998047,109.66259375033484,49.51749921007254,-7.417861337540373,-10.018866742910516,143.7132936599752,75.77227839202675,6.730483060509661,0.01061757663587004,0.010561606002153388,0.06960605143214296
2022-11-15,116.06079864501952,117.70634410360653,113.41404330659984,115.05958876518682,50670500,108.96362838745117,128.22300064086915,110.27194659744767,52.000344600296124,-6.046313402979081,-9.22435607492423,141.57678968790955,76.35046708699278,6.56978079580062,0.025039421947105067,0.024731072286987954,0.06992775251273205
2022-11-16,112.24433135986328,115.06952047600194,111.67929353663554,113.50327262811444,33287800,107.9723346710205,127.28801116943359,110.45979276529678,48.53950775661818,-5.207282486648879,-8.420941357269161,138.87633856316629,77.06833077887472,6.413475389556574,-0.032883345020131904,-0.03343615483800425,0.07020546135935342
2022-11-17,110.47981262207033,111.35215696681516,108.84418210163332,109.44887259042972,35093800,106.97707405090333,126.28462219238281,110.46169941832282,46.98260526600773,-4.6313391610671175,-7.663020918028753,136.1641779345968,77.78997016720984,6.198237808747529,-0.015720337200243795,-0.015845212147587186,0.07022471371535052
2022-11-18,111.0746078491211,113.3248441729073,109.65705569565836,112.80937410027572,33357700,106.0868911743164,125.15256423950196,110.52007164982743,47.59282004264748,-4.079874666660658,-6.946391667755134,133.58494294555427,78.58883940307855,6.017491427926202,0.005383745798750006,0.005369305245662033,0.07025173773751234
2022-11-21,108.9036636352539,111.39181607334932,108.23949783494731,110.54920931683291,24351100,105.102534866333,123.98085418701172,110.36612802939186,45.532876594755834,-3.774502026660258,-6.312013739536159,130.6479605359798,79.5571091966862,5.812836200103044,-0.01954491900449562,-0.01973844674038118,0.0703251605061532
2022-11-22,110.46990203857422,110.64833541657184,107.37705934094218,108.90365433870404,29029000,103.81038360595703,123.15431228637695,110.3760112683616,47.30493365668011,-3.3672935953220247,-5.723069710693332,125.18406276274439,82.43670444916967,5.631296191212088,0.014381870646391182,0.014279432544264267,0.06880425743493059
2022-11-23,111.262939453125,111.68919657028628,109.7660895726345,110.74746942359464,21343100,102.93903503417968,122.37654251098633,110.46048061929145,48.22347073165245,-2.9466196904595563,-5.167779706646577,121.40812027227126,84.4699497960881,5.366425534529209,0.007178764531481807,0.007153119859614632,0.06792942614219835
2022-11-25,110.44015502929688,111.7486638358951,110.0535431072988,110.33111199849876,12007600,103.6066722869873,121.62038284301758,110.45854484881578,47.302204435540816,-2.649087386380259,-4.6640412425933135,122.1466077936656,85.06673678030901,5.104189476962573,-0.007394954940721843,-0.007422433170669469,0.03760367063336303
2022-11-28,107.83306884765624,111.06469266402416,107.43654933521556,109.81565884687916,23309400,104.08150291442871,120.8767137145996,110.20849951537201,44.407294584182985,-2.593761688142692,-4.249985331703189,122.54348553705087,85.61952029180655,4.998757609237289,-0.02360632490011494,-0.023889418259932488,0.038190308140974884
2022-11-29,108.50713348388672,109.974253191091,107.59514403607352,108.58643888708252,23899200,104.88940773010253,120.11222717285156,110.04646465523055,45.33875419441253,-2.4670852676801474,-3.893405318898581,122.62696822453917,87.1518472356659,4.811639862507303,0.006251001139388812,0.00623154467127288,0.03487298284531355
2022-11-30,117.07192993164062,117.13141277037444,108.427836916367,108.5567100978068,43348600,106.02444076538086,119.55730072021484,110.71555658631722,55.533556333400426,-1.6564908026230682,-3.446022415643479,123.82961906410391,88.21926246665781,5.089635290471599,0.07893302654636791,0.0759726144203564,0.03818735380398251
2022-12-01,119.3915557861328,120.1449344370856,117.36931335693296,118.16234470998532,36551400,107.50642700195313,119.12747528076171,111.5418422243949,57.82765756585969,-0.8174909022613406,-2.9203161129670514,124.56560719515278,90.44724680875348,4.945590234398268,0.019813680835761627,0.01961994476344937,0.03545541096533945
2022-12-02,122.4149932861328,122.96020845378192,116.5861825585328,116.80426862559248,39950500,109.22037544250489,118.74424011230468,112.57738042075088,60.67547047791653,0.09034723508486309,-2.3181834433566686,124.98983081534683,93.45092006966294,5.047621353030472,0.02532371305568648,0.025008380345789793,0.03465074910389519
2022-12-05,121.36422729492188,123.58472561396968,120.29362705497796,120.69014650269564,35474900,110.78860397338867,118.38777038574219,113.41422298019575,59.179763056288735,0.7167650444180822,-1.7111937458017186,124.7329856896141,96.84422225716325,4.922155439170561,-0.00858363802508133,-0.00862068962331949,0.035103350663441696
2022-12-06,113.12657165527344,119.5005978799502,112.74987476980014,118.8661697773399,43689200,111.65103034973144,117.94664398193359,113.38682761591743,48.984965406945996,0.5422450429332173,-1.2605059880547316,123.82062048365023,99.48144021581265,5.185883802452787,-0.06787548376697916,-0.07028887211198767,0.03771718674104032
2022-12-07,112.93824005126952,114.87126228290218,111.89737727240232,112.7697217157899,29461100,112.51643142700195,117.54080825805664,113.34410499071286,48.77807787137155,0.38430981361075567,-0.9315428277216342,122.21701631994567,102.81584653405822,5.027883888741863,-0.0016647866301280345,-0.0016661739273062868,0.037702915269056114
2022-12-08,114.32604217529295,116.31853947098588,113.59247850687862,115.37681234494076,30619400,113.20339851379394,117.0197836303711,113.43762281781574,50.43918997427595,0.36689964880886805,-0.6718543324155337,121.22866449548434,105.17813253210355,4.910199283811471,0.012288150792799879,0.012213264321225964,0.03635203394147116
2022-12-09,114.8910675048828,116.51679035305716,112.87874029421448,114.29629214435202,26033400,113.4031436920166,116.61315399169922,113.57604612134593,51.13401394146233,0.3941512593865326,-0.4586532140551205,121.38752097402023,105.41876641001296,4.819331482027986,0.004942227674806565,0.0049300549580288625,0.028584424185777627
2022-12-12,113.71143341064452,114.7126433450462,112.15510077026792,114.17734320872192,24747100,113.48690834045408,116.19740524291993,113.58894014889816,49.57146987671835,0.3169086190236925,-0.30354084743935794,121.44727789525605,105.52653878565211,4.6705197143556205,-0.010267413471357512,-0.010320486958558275,0.028646332593332265
2022-12-13,119.10408020019533,122.22666055478824,117.6072228281434,121.06683980846766,44701100,113.7808277130127,115.8314192199707,114.11419158235503,56.165854519816996,0.6829620364924835,-0.10624027065298963,122.10661934396829,105.4550360820571,4.945141673626199,0.047423962813628595,0.0463337809800324,0.0304155191928142
2022-12-14,120.5315399169922,123.05934486705796,118.35069422268502,118.35069422268502,36922000,114.00436477661133,115.46087356567382,114.72536761422523,57.74115063716035,1.075844411786676,0.13017666583494347,122.79035934574884,105.21837020747381,4.928249457250965,0.011984977461708679,0.011913726349668318,0.030054937265614465
2022-12-15,115.1388931274414,117.59730000887404,113.01752284952003,117.29991610512512,34531000,114.14909286499024,115.00824798583984,114.76475099643629,50.37578542727523,0.9412152535283553,0.2923843833736258,122.90967521325936,105.38851051672111,5.112947143695337,-0.04474054503298153,-0.04577229480615977,0.030891178082013807
2022-12-16,118.39034271240234,122.23656395816606,117.78565225665622,119.1833816073748,67064000,114.54461936950683,114.61886703491211,115.11004544557592,54.17158620247653,1.0843853641943326,0.4507845795377672,123.32111951313601,105.76811922587765,5.254713121340288,0.028239368093994743,0.027847988268467832,0.031147402012094625
2022-12-19,113.4834442138672,116.77454300063904,113.33474846530926,115.81298573134168,29769900,114.66506118774414,114.24276992797851,114.95513104255605,48.181846651669794,0.7927645123920115,0.5191805661086161,123.31294835147781,106.01717402401047,5.240490344608345,-0.041446780084547385,-0.04233019386940445,0.0327508221921777
2022-12-20,116.07071685791016,116.30863308058215,111.48102416799355,112.274063117607,28742500,115.02341384887696,113.91167785644531,115.061377310685,51.24305359746403,0.7616444033834426,0.5676733335635814,123.27136626743226,106.77546143032166,5.210998813749791,0.022798679243177133,0.02254267311921634,0.03268178299694609
2022-12-21,118.71747589111328,119.2924211685378,114.6135157294332,115.68410844245172,20392800,115.4357925415039,113.73760635375976,115.4095771754877,54.222397862900294,0.939720316029593,0.6420827300567837,123.55557205004276,107.31601303296505,5.1729921441322775,0.02280298687603688,0.022546884723978988,0.032880303743597135
2022-12-22,116.10045623779295,117.58739852154194,113.38430288746622,116.17975407839512,23618100,115.6776683807373,113.53181335449219,115.47537518142154,50.90984205330545,0.8597643172279135,0.6856190474910097,123.57086916161592,107.78446759985869,5.18443363409762,-0.022044097835441145,-0.02229069977518533,0.03338269335027551
2022-12-23,117.012451171875,117.15123185315484,114.53421391619224,115.01994630067168,17796600,116.00628318786622,113.28894592285157,115.62176337098853,52.01012462012815,0.8600745770994536,0.7205101534126985,123.53892466347132,108.47364171226111,5.001046798587976,0.007855222654888916,0.007824531015079596,0.03331506206434425
2022-12-27,115.86254119873048,117.5675695780818,115.0397722079334,116.9034038330725,21392300,116.40775680541992,113.09306610107421,115.64469459267825,50.47397537406563,0.7587855284049709,0.728165228411153,122.9453258612178,109.87018774962205,4.824386125128007,-0.009827244550714154,-0.009875850623110576,0.03286616358173104
2022-12-28,114.613525390625,117.12150041606034,114.50448234056432,115.23803848944328,19612500,116.71307640075683,112.72787322998047,115.54648800200651,48.788389894871045,0.5711442944119369,0.6967610416113099,122.23818386019654,111.18796894131712,4.666716978725723,-0.010780152024830292,-0.01083867886252371,0.0330280193094923
2022-12-29,119.21312713623048,119.97642088372568,114.76220757701915,115.38672820613152,22366200,116.82013626098633,112.47925674438477,115.89569172907547,54.7776524463526,0.784542962079243,0.7143174257048966,122.45087872964267,111.18939379233,4.7164440154667915,0.040131404473679355,0.039347055627195725,0.02927534679563741
2022-12-30,119.2924346923828,119.3717401061836,116.71506924770124,117.13141888866514,19583800,116.81518020629883,112.2237013244629,116.21919105891425,54.875645421883405,0.949121518581947,0.7612782442803068,122.43702818808684,111.19333222451083,4.569317361396474,0.000665258583995465,0.0006650373975956728,0.028949959259337486
2023-01-03,123.65412139892578,125.26993689605494,121.21553689802784,121.75083704158786,35528500,116.87713661193848,112.08908325195313,116.92727966272487,60.00823981070313,1.415189452334431,0.8920604858911316,122.76546934429668,110.98880387958029,4.669901992987595,0.036562978346367014,0.035910411632861655,0.029562624242313602
2023-01-04,126.26123809814452,127.92661388492844,124.75446556758855,126.27114560210994,32397100,117.1219871520996,112.03674270629882,117.81622808514578,62.73658479971679,1.972189998062973,1.1080863883254999,124.05149873662793,110.19247556757128,4.641515599631528,0.021083945037366103,0.02086475425269483,0.029803823929609386
2023-01-05,125.83497619628906,127.40122394307504,123.455866939383,125.03202218975812,25447100,117.7574073791504,111.98162643432617,118.57991838144514,61.99191363392224,2.3521075388924544,1.3568906184388907,125.39898195241146,110.11583280588933,4.59178998563585,-0.0033760313796710184,-0.003381743032378267,0.024881767586724408
2023-01-06,128.88815307617188,129.19545204150296,124.9427964767583,127.84729051950087,27584500,118.55490303039551,111.83313095092774,119.56165501903816,65.18001670226994,2.866517357152432,1.6588159661815989,127.27175394751129,109.83805211327973,4.567566098429336,0.024263340544684375,0.02397366205583375,0.02515555356447783
2023-01-09,128.3429412841797,131.79264301521917,128.15459284862445,130.01823194659175,26649100,119.25574798583985,111.82619155883789,120.39796799667067,64.14530541904625,3.1933854495088525,1.9657298628470499,128.72164683645522,109.78984913522447,4.501172103298292,-0.004230115638866883,-0.004239087889403715,0.025241325443614248
2023-01-10,131.8323211669922,132.27840087038675,126.04315471213992,126.16210526612232,28684400,120.10281066894531,112.52108978271484,121.48695401289177,67.68140792828545,3.691441917653407,2.310872273808321,130.80594720687898,109.39967413101164,4.625034535794616,0.027187937629434833,0.026824910922611758,0.025673957130234844
2023-01-11,131.73318481445312,132.6848346183648,129.20537967608695,129.81999282847258,25423000,121.00389823913574,113.18902435302735,122.46278551780237,67.47779326196093,4.031681072063762,2.655034033459409,132.41409001729443,109.59370646097703,4.54320742197199,-0.0007519882200472949,-0.0007522711050151729,0.025419855579276795
2023-01-12,135.5199432373047,136.4814854510704,130.61302099038485,132.27840442063882,30757700,121.8246913909912,114.05244247436524,123.70632434823116,71.05931672178407,4.554382721677555,3.034903771103038,134.82157261624627,108.82781016573614,4.637868639022957,0.028745668209458675,0.02834026226828093,0.024196919472801337
2023-01-13,135.78759765625,136.19403227476784,133.6662267614502,133.795099963898,22423800,122.58749427795411,114.88076904296875,124.8569218061377,71.2998984985248,4.933356358394221,3.414594288561275,136.91402738033074,108.26096117557748,4.48714984432972,0.001975018676598994,0.0019730708913989837,0.024186596721115183
2023-01-17,134.1816864013672,135.55958579083892,133.08134839064078,134.99454040313262,21147600,123.5396339416504,115.76936614990234,125.74499462473099,67.66533714190095,5.045945559325261,3.740864542714072,138.28453127448387,108.79473660881692,4.359942660135398,-0.01182664162708158,-0.011897132686065095,0.021505229190144217
2023-01-18,131.86203002929688,136.05520252766846,131.6439439772816,134.62773568755287,20215500,124.21321830749511,116.64388626098633,126.32756942516583,62.69397187388952,4.891609005481271,3.9710134352675124,139.18474291454072,109.2416937004495,4.363608080867645,-0.017287428965020668,-0.017438601353072528,0.021648186881928624
2023-01-19,134.9647979736328,136.25348440118418,130.98971077016242,131.3366700442586,28625200,125.2872859954834,117.54318908691407,127.15016262025793,66.2643099883042,4.96245947303791,4.169302642821592,140.1070615035421,110.46751048742472,4.427905620164368,0.02353041238366016,0.023257839780009094,0.018915285812872225
2023-01-20,138.1567840576172,138.72182948749708,133.4382251408043,134.70708157433316,28688600,126.39158935546875,118.38876388549805,128.19841228095882,69.49838133562685,5.216048222432448,4.3786517587437634,141.58644273437565,111.19673597656184,4.48902695777354,0.023650508368915357,0.023375167940090633,0.018949218855415253
2023-01-23,142.02284240722656,142.5085672886566,137.45297173886203,138.07747731869517,27470100,127.55685768127441,119.31661636352538,129.5150246739367,72.88843578003994,5.663690236628568,4.635659454320725,143.75997401804233,111.3537413445065,4.529496142917899,0.02798312349248855,0.027598750062115002,0.019182975489251006
2023-01-24,141.89395141601562,143.73776053550952,140.1294477036565,140.45657683585247,21970200,128.84653244018554,120.14276138305664,130.69397007794421,72.59873365977349,5.939581533504651,4.89644387015751,145.30097134379628,112.39209353657479,4.463697334984693,-0.0009075370484514789,-0.0009079491095246254,0.017912666346847468
2023-01-25,140.26821899414062,141.9236795516066,139.088575721669,139.9906576507307,26622000,130.00932083129882,120.73020248413086,131.60580330805817,68.87998136357257,5.9583600881896075,5.10882711376393,146.23960552125402,113.77903614134361,4.3473692274813285,-0.011457376481880832,-0.01152351790996266,0.018556534789964437
2023-01-26,146.01776123046875,146.22592471663827,142.05258110269477,143.14299656225555,25482100,131.51708183288574,121.40983489990235,132.97837072924014,73.96012494505575,6.363824033496684,5.359826497710481,147.81298702939563,115.22117663637586,4.462393262839638,0.04098962885219426,0.04017182690519659,0.019269825010660525
2023-01-27,150.4190673828125,151.8564417123682,146.10692926818828,146.94953583687118,35771900,133.3073589324951,122.15370239257813,134.6393894581518,77.04881447440967,6.9600743499954945,5.679876068167484,149.64893551698316,116.96578234800705,4.560699492772481,0.03014226567545375,0.029696914718580786,0.018914514566896468
2023-01-30,145.77980041503906,149.80445459430712,145.6707573898194,148.1093490783874,28040100,134.63569259643555,122.74808242797852,135.70038097785536,67.90570181376246,6.977820972615234,5.939465049057034,150.4904120609165,118.78097313195458,4.574100242788239,-0.03084227982857135,-0.03132791442151808,0.02032987258159241
2023-01-31,147.6731719970703,148.57525380019487,146.2357977138026,146.66204717240367,29842100,136.05472946166992,123.45665924072266,136.84064678920916,69.4966179179811,7.063243883233071,6.164220815892242,151.2280457768384,120.88141314650144,4.447054038671637,0.01298788705047449,0.012904267693055315,0.020208714545630325
2023-02-01,151.78704833984375,152.24305058345,145.77980453303962,146.74136165733216,55661000,137.46137580871581,124.28280395507812,138.2641136035553,72.66696829755779,7.377850329058191,6.4069467185254325,152.98751723565383,121.9352343817778,4.5910677537958335,0.02785798047904775,0.02747700620423259,0.01971509576409526
2023-02-02,187.1267547607422,195.44371891127253,178.59170450785547,181.7836755049325,150475700,140.5046516418457,125.80384689331055,142.91769847566832,86.06534014785514,10.359380673989335,7.197433509618213,166.43255770395882,114.57674557973257,7.38146795505533,0.23282425481899205,0.20930767940760536,0.053540607229625836
2023-02-03,184.9062347412109,195.05709986672147,181.29792194431568,181.87287479600263,76809700,143.45821456909178,127.32389831542969,146.91660669143428,83.3022356009151,12.400146376591124,8.237976083012796,174.90058117396634,112.01584796421722,7.837018667008935,-0.011866395173530386,-0.011937362819535668,0.0537777976918946
2023-02-06,184.44029235839844,189.03989923359487,183.90499986741287,184.90620208479183,42483800,146.23582153320314,128.80330612182618,150.49029104066895,82.7022393949514,13.820555481976811,9.3544919628056,181.60827999358276,110.86336307282353,7.644010145521297,-0.0025198846510751105,-0.0025230649041064067,0.05401598897455361
2023-02-07,189.9519500732422,192.093150982532,182.79479869890352,183.9645347075933,47080700,149.31627197265624,130.37708633422852,154.2485442818664,84.15599537453062,15.215588809808139,10.526711332206109,188.4499283834268,110.18261556188568,7.762177441100381,0.029883154295448966,0.029445353374862135,0.05377160963964721
2023-02-08,181.83322143554688,189.16881298045985,181.3276664674653,188.34603637486487,36139100,151.816316986084,131.80494766235353,156.87565639174073,74.25622806914855,15.487518747297912,11.51887281522447,192.51981630885783,111.11281766331015,7.823756452862989,-0.04274095967198477,-0.04368124460767723,0.055591809757396735
2023-02-09,176.37120056152344,185.0252014788401,175.72686487660647,184.50973898129087,37118800,154.0482177734375,133.17571029663085,158.73237488410098,68.42444671363721,15.088356563103702,12.232769564800316,194.99661645442058,113.09981909245444,7.929083606389463,-0.03003863007486518,-0.03049903309718636,0.056477065543410705
2023-02-10,172.6339874267578,177.33273033452983,171.84096366888724,174.8148481387777,33433600,155.90391998291017,134.45824737548827,160.05633798340165,64.6813860945598,14.305550310456226,12.6473257139315,196.68901048225524,115.1188294835651,7.754989539193258,-0.02118947494186829,-0.021417194449231385,0.05698792836122254
2023-02-13,177.8680419921875,179.42438229242248,174.2894818165588,176.66858359767645,31463200,158.00794219970703,135.67416961669923,161.75269074614317,67.37331496036,13.946745772314216,12.907209725608045,198.76658809750813,117.24929630190593,7.686089919655502,0.03031879552484007,0.029868264571429166,0.05703714440644894
2023-02-14,177.9176025390625,179.92992995474845,174.34895001230046,175.61780626083268,24034600,160.1947380065918,136.84469055175782,163.29220615499264,67.3986532908388,13.510647379819005,13.027897256450238,200.2931137057448,120.0963623074388,7.535724921283537,0.00027863660228066855,0.0002785977903120593,0.05680151018262096
2023-02-15,175.61781311035156,176.63884567632195,173.80374157662817,174.88424941813702,25308900,162.38252716064454,137.9087469482422,164.46607348407443,64.88064658846406,12.831548372812307,12.988627479722652,200.79814675796425,123.96690756332484,7.291306067080022,-0.01292614893574684,-0.013010418574508227,0.05667692497663721
2023-02-16,170.9388885498047,174.3192076619539,170.29453781345282,171.2461875370984,25827500,164.1812316894531,138.90024017333985,165.082532061763,59.971633456514105,11.780014731463552,12.746904930070832,200.6108126149602,127.75165076394602,7.150732440638502,-0.026642653599192823,-0.027004001732509032,0.05742214156159443
2023-02-17,171.3750762939453,171.6724526790404,168.2227504782921,168.7382280890579,24171300,165.84214630126954,140.06521026611327,165.68182198863752,60.27340098810122,10.856714009352942,12.368866745927255,200.35266241081757,131.3316301917215,6.8863731377892,0.0025517174461651138,0.0025484673429252568,0.05741557887260704
2023-02-21,170.58201599121094,176.6189978696537,170.3837600506006,172.79259922463552,34592600,167.27010498046874,141.21808578491212,166.14850713173976,59.39663455047538,9.946342946405963,11.884361986022999,200.03961647401326,134.50059348692423,6.839863472165192,-0.004627629173883485,-0.004638369798330294,0.05740784456823728
2023-02-22,169.63038635253906,171.25610945926005,168.2128418399416,169.58083370599772,22433200,168.65692672729492,142.32417266845704,166.48011467657778,58.300715353618074,9.0438271515944,11.31625501913728,199.2914193292852,138.02243412530464,6.568678054104709,-0.00557872196047271,-0.005594341146981028,0.05746661437020244
2023-02-23,170.54237365722656,172.17801937262993,167.90554063056828,170.50272851531994,20017800,170.1706344604492,143.4371987915039,166.8669964842586,59.07993259414434,8.306415448892693,10.714287105088363,197.89849282075502,142.4427761001434,6.4046638175302055,0.005376320388684075,0.005361919570771399,0.05725297067329104
2023-02-24,168.90672302246094,169.23385212671894,166.20049241118272,167.17195709518748,19791300,171.31508255004883,144.54110458374024,167.0612561545636,57.021873376802,7.503531979342853,10.072136079939263,196.75604009692478,145.87412500317288,6.257322205281179,-0.009590875274511634,-0.009637163922307424,0.056984888407147195
2023-02-27,168.0641326904297,171.61297028977367,167.58831536803652,170.3837742797613,19277000,172.19733581542968,145.52030563354492,167.15676820559847,55.940795153218374,6.7217667048686565,9.40206220492514,195.83869539200487,148.5559762388545,6.09784597074232,-0.0049884949334977335,-0.0050009790094870735,0.0568298311786184
2023-02-28,173.41714477539062,176.00442525665616,170.37386195170444,170.4035995907796,46051100,173.57920303344727,146.5780177307129,167.75299454557867,60.99963308605765,6.459692121048221,8.813588188149758,193.8768877794862,153.28151828740835,6.229449298991189,0.03185100829824927,0.0313542848327369,0.056364048739193734
2023-03-01,171.9103546142578,176.3017987557463,171.54358035250698,173.07016779754176,30998400,174.79106216430665,147.71344696044923,168.1489335997386,58.94789624343562,6.060548521200559,8.262980254759919,191.29724640037693,158.28487792823637,6.124361377866054,-0.008688818877074733,-0.008726786754474214,0.056513020684259875
2023-03-02,173.01068115234375,173.4864984236013,169.93766120564743,170.87940337141325,17352000,175.85224380493165,148.80585372924804,168.61195717617719,60.005797114978655,5.76653843294838,7.763691890397611,188.6094658003284,163.0950218095349,5.940395366443754,0.00640058326070525,0.0063801865154462555,0.05633912399578527
2023-03-03,183.63735961914065,184.99542863944524,175.50874537644046,177.3624617911287,45877700,175.67777404785156,150.20893203735352,170.04294788503086,68.45937392166984,6.318185353373394,7.474590582992768,187.8975793018187,163.45796879388442,6.3721348036335925,0.06142209484418837,0.059609607893870376,0.02418576192016332
2023-03-06,183.29042053222656,188.00899392583824,183.03268930417303,186.3634407654449,33209400,175.59698333740235,151.55332611083983,171.30461194666856,67.95436253020347,6.650709191748888,7.309814304743992,187.5909448111916,163.6030218636131,6.272432647778708,-0.0018892620087417322,-0.0018910489151882368,0.024045064333236006
2023-03-07,182.9037933349609,188.7028738141815,182.40814594788085,187.35471231628523,36701500,175.52015838623046,152.8370524597168,172.4092958884107,67.35803955331505,6.804599953181423,7.208771434431479,187.304409534359,163.73590723810193,6.2740251633874164,-0.0021093693611645703,-0.0021115972141767295,0.024043125215411996
2023-03-08,183.3598175048828,183.64728636833115,179.76141220423,181.2780921799188,19432400,175.1905517578125,154.1822396850586,173.4522027090271,67.71787706211265,6.884002335913721,7.1438176147279275,185.63424563325972,164.74685788236528,6.103442949152684,0.0024932461028119857,0.00249014312134151,0.023000053529431404
2023-03-09,180.10836791992188,187.2853331208001,178.7304686513036,184.7278056589579,26582800,175.10430908203125,155.44415802001953,174.08612320530278,62.433186702085194,6.608387115198099,7.036731514821962,185.35384378556353,164.85477437849897,6.278544486320099,-0.017732617915996562,-0.017891724508742855,0.021254416152030362
2023-03-10,177.94732666015625,183.16154706370955,177.24351581257753,179.43426888152695,25665000,175.1831153869629,156.68585372924804,174.45385686766977,59.130275977004914,6.144749253571234,6.8583350625718165,185.49445220087156,164.87177857305423,6.252793540949521,-0.01199856111475317,-0.01207112487374387,0.02028508356431584
2023-03-13,179.3252410888672,182.18017523686387,173.29818141681156,176.4108467930736,24728000,175.51767807006837,157.9800880432129,174.9177982220695,60.562893466185336,5.821393683891017,6.650946786835656,185.91035667227374,165.124999467863,6.440593560885435,0.007743383699955642,0.007713557575531225,0.019668954217411064
2023-03-14,192.3310394287109,192.62843092188567,184.93597286944848,185.9470978958589,41642600,176.24082794189454,159.4424462890625,176.57620214651155,70.92323515828407,6.539211339497882,6.628599697368101,188.94314928494947,163.5385065988396,6.9307790088949375,0.07252631174993662,0.07001690461927741,0.024523246358158758
2023-03-15,196.028564453125,196.05830208974152,189.1787131345453,191.2703459570102,42123600,177.14637603759766,160.97716888427735,178.4288080804747,73.08782964569194,7.322042423878145,6.76728824267011,192.50272608327384,161.79002599192148,6.927122576487887,0.01922479614001471,0.01904233456259336,0.02472913070633814
2023-03-16,203.14605712890625,203.9688337131776,194.38301382017207,196.5341219436941,50447100,178.52278823852538,162.56700759887696,180.78283179937296,76.68575687647534,8.419706735647196,7.097771941265528,197.57452902469316,159.4710474523576,7.117029527667718,0.03630844665744215,0.03566482795880077,0.02528039803176246
2023-03-17,193.90719604492188,200.14243431213572,193.728755097376,198.8141027760176,50141100,179.67120361328125,163.9199267578125,182.03277125133,64.61081701413679,8.44674590499858,7.367566734012138,199.50870066569226,159.83370656087024,7.281334706515041,-0.045478909187599226,-0.04654553987145165,0.02692097490005086
2023-03-20,196.0880279541016,197.6245379662004,191.95433032702127,196.7521936752625,25186300,180.90685119628907,165.32498779296876,183.37136712778442,65.97283992068199,8.545640723826722,7.603181531975055,201.584284985195,160.22941740738312,7.166254201705334,0.011246781726834465,0.011184006915126493,0.026921334269869215
2023-03-21,200.4001617431641,201.7780609193732,196.226803951734,201.4311016866613,31827000,182.39775848388672,166.75522796630858,184.9931570911539,68.55026243741047,8.869724081023804,7.856490041784806,204.15419285964603,160.6413241081274,7.060809827674353,0.021990806037744726,0.02175249569187454,0.02696920137372275
2023-03-22,198.0706329345703,205.5648200108469,197.93185225263773,200.7372186543796,28477800,183.81977081298828,168.1497817993164,186.23863098100307,65.6569128211733,8.83672470855791,8.052536975139427,205.76927196840344,161.87026965757312,7.101678251283983,-0.011624385870403375,-0.011692477238415787,0.02716759078476446
2023-03-23,202.501708984375,206.07037646367976,200.39024613195645,201.0742419926531,27389700,185.4177375793457,169.56316955566408,187.7874955527528,68.3899339989016,9.063643236000019,8.254758227311545,207.9146644260859,162.9208107326055,7.1658257711286595,0.022371191449004124,0.022124626866408918,0.02734234137800667
2023-03-24,204.2166748046875,205.7730151945724,201.7780976074665,203.39389815045016,27716400,187.18323516845703,171.01283935546874,189.35217929103231,69.40475296963416,9.274945415690468,8.45879566498733,209.76201012237973,164.60446021453433,6.939332329412748,0.00846889554124619,0.0084332356372854,0.026992948938080928
2023-03-27,201.07423400878903,204.0679485461173,199.6071219370876,203.02708597881872,18527200,188.833740234375,172.32392517089843,190.4685654546282,65.26978924697566,9.084119134969484,8.58386035898376,210.38341225908954,167.28406820966046,6.772919510711829,-0.01538777770671218,-0.015507398274502439,0.027391587611258244
2023-03-28,198.9330596923828,199.2800189689653,196.1772609915124,198.40767458850203,19127300,190.10953598022462,173.58683441162108,191.27470776298577,62.53589648352899,8.66028271161477,8.599144829509962,210.86387800366728,169.35519395678196,6.638923332609314,-0.010648675733921364,-0.01070577862325305,0.027202562471541444
2023-03-29,203.5624084472656,203.9291827103764,200.7768571452326,201.78798215208548,18851100,191.692138671875,174.97444885253907,192.44496497101244,65.86496110167106,8.598817235454362,8.599079310698842,211.4577174074493,171.9265599363007,6.5215804529939065,0.02327088701114488,0.02300424860437048,0.027156773760554715
2023-03-30,206.03073120117188,206.2785549295584,201.0544416258621,201.60956435729423,22608300,193.3431411743164,176.45782287597658,193.73884746912287,67.52210958102407,8.649571543783281,8.60917775731573,212.08065813450483,174.60562421412797,6.428904228044077,0.01212563150895174,0.012052704967581877,0.027159992243960703
2023-03-31,210.09506225585932,210.323055867916,204.970068981088,205.4359788357,25440300,194.66602630615233,177.96042816162108,195.29658221071682,70.09639327225989,8.914985840497138,8.670339373952013,214.1949631540791,175.13708945822557,6.352052989385787,0.01972681954285238,0.019534767447337592,0.024393040074834768
2023-04-03,211.21522521972656,211.63156728945145,206.38760845985527,207.02203663171613,17924600,196.06226654052733,179.42159698486327,196.8126434496701,70.78373097221412,9.110693963638454,8.758410291889302,216.12406463624689,176.00046844480778,6.272903406543672,0.005331695813503234,0.005317532643551151,0.02430734306532855
2023-04-04,212.8508453369141,214.35761784282732,210.68981455693785,211.5324212849849,21026400,197.559619140625,180.83815704345704,198.34009124845525,71.80287902218909,9.290677784979067,8.864863790507256,217.93729505760624,177.18194322364374,6.086824826496944,0.007743855186036042,0.0077140254386576235,0.024204258674576422
2023-04-05,209.6390380859375,213.31674876543607,208.11245061815816,212.2857936142951,19396600,198.87358016967772,182.19305877685548,199.41618142345357,66.87005187851041,9.06960153626514,8.905811339658833,218.80343969117038,178.94372064818506,6.023787206552727,-0.015089473785705354,-0.015204478266582843,0.024724138702060326
2023-04-06,214.2188262939453,215.0515103499927,206.8336674517872,207.4284504209406,26104400,200.5791030883789,183.67207092285156,200.82595712540515,70.0315894833111,9.158375596900015,8.95632419110707,219.6115160832875,181.5466900934703,6.1805054702422115,0.021846065741488507,0.02161085983189303,0.024218616089526433
2023-04-10,212.8805694580078,213.78265140351988,208.82617714372924,212.84092431935147,16106100,202.32576522827148,185.00932708740234,201.97401544279586,67.98984949286617,9.016803439865072,8.968420040858671,218.99475391967815,185.6567765368648,6.124230018811773,-0.00624714857741393,-0.006266743661650536,0.02398940752075854
2023-04-11,211.9884185791016,214.1395266783531,211.5522464067262,213.6042189664525,16710100,203.95892410278321,186.24071411132812,202.927768122444,66.59593009757997,8.73196075737664,8.921128184162265,217.37737796956148,190.54047023600495,5.87159075115571,-0.0041908516177762145,-0.0041996578487673965,0.02417713488516297
2023-04-12,212.1371154785156,214.9523894555701,210.7294784899884,212.96979959128493,18972200,204.94922790527343,187.56786041259767,203.80484882302224,66.71840469065927,8.421145750167966,8.821131697363406,217.69548696928382,192.20296884126304,5.753827909328996,0.0007014387880748263,0.0007011928948674218,0.018966587911319964
2023-04-13,218.43182373046875,219.224847500562,213.81238615247736,213.8520312905985,23310400,206.06939086914062,188.98303344726563,205.19789405230287,71.48471877132916,8.58380421475951,8.773666200842626,219.40687528773338,192.73190645054785,5.849106774523096,0.02967282852769193,0.02924110957644896,0.019512583586443796
2023-04-14,219.56190490722656,220.17650288269624,215.656200722299,215.9833298425856,21591200,206.89018325805665,190.33853057861327,206.56589508610512,72.25298804001004,8.703570977873056,8.759647156248713,221.37790568139246,192.40246083472084,5.754192159228393,0.005173610499870529,0.005160273358074927,0.018127054068058448
2023-04-17,216.954818725586,219.0563592312328,215.2398826549583,217.876715791416,15481900,208.04256439208984,190.93509185791015,207.5553163851033,67.72001361235638,8.490246655533468,8.705767056105664,221.86754026645906,194.21758851772063,5.651894308731241,-0.011874036995362047,-0.01194509644112677,0.0144862882406923
2023-04-18,215.9932403564453,218.5210453204677,214.32787222191163,217.9956602452189,12281000,209.03782501220704,191.55683197021483,208.35892819189777,66.07348733149833,8.1496501609424,8.594543677073013,222.12324607870949,195.9524039457046,5.547699936575872,-0.004432159538050762,-0.004442010675788568,0.01459587960639088
2023-04-19,213.8223114013672,215.438126962654,211.076420235354,211.61172796314864,15898100,209.70893249511718,192.14447235107423,208.8792504023234,62.385568318441905,7.616748031601958,8.398984547978802,222.32174820474094,197.09611678549342,5.502637092612689,-0.010050911553970532,-0.010101762987945297,0.014383528988797967
2023-04-20,211.21522521972656,214.86318342643628,210.91783370536288,211.6216446591975,16475400,210.366162109375,192.5697378540039,209.10172419445703,58.18543666191392,6.904458884077826,8.100079415198607,221.79940737411678,198.93291684463324,5.391402280359883,-0.012192769615827603,-0.012267711218080233,0.014415187760015264
2023-04-21,211.03677368164065,211.55225127229988,207.75558993575115,208.38011057201217,17717200,210.79291534423828,193.15380889892577,209.28601462180788,57.898098927393534,6.253478843702169,7.7307593008993205,221.64236894223032,199.94346174624624,5.277492212944801,-0.0008448800880725971,-0.0008452372004131133,0.013717864595644117
2023-04-24,210.9376373291016,212.05780541816344,208.87575722630933,211.8198891943213,15750900,211.12896347045898,193.84513763427734,209.4433120225025,57.72754615376017,5.664278717351152,7.3174631841896876,221.5507546296701,200.70717231124786,5.127817640009751,-0.00046975866248133435,-0.0004698690336483838,0.013646762092143917
2023-04-25,205.7432556152344,209.42095115389515,205.32691358025164,208.9847941119795,19198200,211.36241455078124,194.50732299804687,209.0909256980008,49.49975693751851,4.723737869475883,6.798718121246926,221.05660798032903,201.66822112123344,5.162310933498337,-0.024625200981856943,-0.024933472601218563,0.014391806165820056
2023-04-26,207.5771331787109,212.24613852452936,207.0616707532641,210.6501532291432,41992700,211.79461822509765,195.10150482177735,208.94675498187797,52.095703148438446,4.079307348489408,6.254835966695423,219.86915132361597,203.72008512657933,5.258066074626667,0.008913427358737236,0.008873937253076999,0.014204366121334815
2023-04-27,236.4833068847656,239.5860647353192,234.7088956844878,237.80173090551267,71196500,213.44066314697267,196.27281890869142,211.56928373453394,74.41807660024114,5.833829402917559,6.1706346539398504,226.19654975674246,200.68477653720288,7.168842180482498,0.1392550964713839,0.1303746246838951,0.03363530745586127
2023-04-28,238.22799682617188,238.3370247438833,233.69777188796772,236.92938780573903,39554000,215.05052642822267,197.52502258300783,214.1082087908804,75.170136721424,7.281150102961618,6.392737743744204,231.30620137454684,198.7948514818985,6.988157228727717,0.007377645231662955,0.007350563524992687,0.033621584763783255
2023-05-01,241.0630798339844,241.8759488898945,234.4015922066699,236.54277763553984,29143900,216.59892730712892,198.9275064086914,216.6753393664141,76.38503223530947,8.558275220679604,6.825845239131285,236.22228198307994,196.9755726311779,7.022885761191779,0.011900712953907044,0.011830456322858632,0.0335206909503855
2023-05-02,237.15737915039065,242.78792649051843,236.90955544437884,241.06306805133124,24350100,217.89603500366212,200.24315246582032,218.62600982203094,71.2154362734025,9.14977575443774,7.290631342192576,239.27544645575102,196.51662355157322,6.941134710116623,-0.01620198616181101,-0.016334673490399458,0.03393373691410515
2023-05-03,234.9666290283203,239.6455421682171,230.7238880647468,237.3853910054148,34463900,219.00182418823243,201.5308447265625,220.18225927024898,68.41838935381614,9.334170456283204,7.699339165010702,241.48244703260906,196.5212013438558,7.082600381070457,-0.009237537241803873,-0.009280467875699095,0.03410819021472652
2023-05-04,231.4871826171875,236.1264353551313,230.9023071473006,234.0050649352584,17889400,220.09423141479493,202.76798065185548,221.25891863662406,64.11150161025375,9.094704250216694,7.978412182051901,242.7713007046515,197.41716212493836,6.949852368696187,-0.014808257774823974,-0.014918994596728406,0.03409932583335837
2023-05-05,230.7536163330078,232.6370705168877,227.84912965326183,230.21832376395497,27000500,220.92097091674805,203.9722055053711,222.16317556008917,63.20810722873414,8.744926815384275,8.131715108718376,243.8847663143016,197.9571755191945,6.79543011833402,-0.003168928300418261,-0.0031739599865518208,0.03392588531591727
2023-05-08,231.23936462402344,233.56889855403583,228.2654799360384,229.4054630160488,16400500,221.83891067504882,205.21885833740234,223.0275745185591,63.57412988909323,8.409976531361423,8.187367393246987,244.91118156625828,198.76663978383937,6.688857868309979,0.002105051694247795,0.0021028391773609476,0.03384139706937077
2023-05-09,231.33848571777344,233.8266455946459,229.0684270546972,229.4451239565892,16865600,222.80641403198243,206.48434539794923,223.8190898708652,63.65359140292755,8.059618002567333,8.161817515111057,245.7678464652312,199.84498159873365,6.550955059141316,0.0004286514707871891,0.00042855962599081915,0.033793610359956594
2023-05-10,231.051025390625,234.68907598893915,228.7115687377137,234.1141231112111,19119000,223.7521095275879,207.6370230102539,224.50784563465186,63.22284914850109,7.6703417729696355,8.063522366682772,246.43421605391003,201.07000300126575,6.509994501433041,-0.00124259621677969,-0.00124336887959692,0.03380905753210079
2023-05-11,233.73741149902344,236.1363584030385,230.2778020721307,231.02127322703905,20449000,224.51738891601562,208.87356414794922,225.38685190744917,65.56780400984778,7.492240578678718,7.949266009081962,247.46113554121968,201.57364229081156,6.463463203538382,0.011626808856860515,0.01155973690267079,0.033347515296046834
2023-05-12,231.77468872070312,234.89727714315885,229.43523184308253,234.67919102631572,16161400,225.12802810668944,210.0488442993164,225.99521731823526,62.435504761115496,7.11075046888476,7.781562901042522,248.16161888310916,202.09443733026973,6.391933353291091,-0.008397127210970745,-0.00843258170042004,0.0334577253540212
2023-05-15,236.7806854248047,238.1684921465373,233.28141585947407,234.8575710204332,20653200,226.11932144165038,211.1117108154297,227.02240475695615,66.79283687870887,7.130166781266439,7.651283677087306,249.36609042895333,202.87255245434744,6.392066929901311,0.02159854784718962,0.02136860428568107,0.03350099967691769
2023-05-16,236.74107360839844,237.55392762383548,233.4697971599243,233.7374359129555,18163800,227.15671310424804,212.18072387695312,227.94799226661735,66.72687958872002,7.0609636129488536,7.533219664259615,250.35508293257988,203.9583432759162,6.227214325187731,-0.00016729327535813798,-0.00016730727043900504,0.03345216555721649
2023-05-17,240.3791046142578,241.71734364737932,236.0669657691824,236.37426476658152,21193100,228.48455276489258,213.33023010253908,229.1319077282974,69.68748921071949,7.216491084244922,7.469873948256677,251.51750315620316,205.451602373582,6.186011721831245,0.01536713063943096,0.015250252157722705,0.03332927582589235
2023-05-18,244.701171875,244.93907298959624,239.09043865770303,239.19948171054665,22943300,230.15885009765626,214.55705718994142,230.61469478988812,72.78559514940957,7.6008841713395725,7.496075992873257,252.7918686721768,207.5258315231357,6.1619133368356716,0.017980211997535855,0.017820479823038873,0.033127524761352375
2023-05-19,243.50167846679688,246.52513093495048,241.291095076556,245.31574994768903,21733600,231.78209533691407,215.8249234008789,231.84202656864133,70.62813337334154,7.719740999932128,7.540808994285031,253.32714771218534,210.2370429616428,6.095636374089873,-0.004901870305777933,-0.004913923878190327,0.033196044030317
2023-05-22,246.1583404541016,251.36263833291363,242.9861848843443,243.2736688567585,27738500,233.54313049316406,217.18914367675782,233.20548503392328,72.5676095340511,7.936815642404355,7.620010323908897,253.69806292602007,213.38819806030804,6.258551879409834,0.010910240964383977,0.010851153668043094,0.03314673459501162
2023-05-23,244.59210205078125,249.4197032349068,244.5028740166129,244.66148482629063,17748100,235.4855728149414,218.4944808959961,234.28992474981453,69.647722382258,7.8914982316273665,7.674307905452591,251.6403961977508,219.33074943213202,6.162714546472981,-0.006362727342209995,-0.00638305576718628,0.03243780767240075
2023-05-24,247.0406036376953,247.4172854063476,242.81767776935007,243.1448068947824,17724300,237.45874633789063,219.5886721801758,235.5042751200889,71.57336590887098,7.9613835978479415,7.731723043931661,248.244487406553,226.67300526922827,6.05106405293902,0.010010550489507386,0.009960776827823934,0.03243831642923261
2023-05-25,250.4903106689453,253.3947974651112,247.00094838612523,251.19412157731733,22371400,238.15909652709962,220.6779071044922,236.93151660093238,74.06946904065573,8.200599376179184,7.825498310381166,250.3305502696758,225.98764278452344,6.075548697656658,0.013964129703590178,0.013867529497510677,0.01104304196915156
2023-05-26,259.7589111328125,260.0265498517954,250.510128361206,250.7281993124649,25727200,239.23564224243165,221.8101641845703,239.10555417539717,79.32290304866207,9.033940557161088,8.067186759737151,254.62453213900525,223.84675234585805,6.3227408751704735,0.037001832282913316,0.036333696153170975,0.013404080424325672
2023-05-30,260.23468017578125,266.31132167705607,259.0154070259148,262.940925664259,23816500,240.1942222595215,223.1367138671875,241.11785188971945,79.55191138515457,9.621845388342024,8.378118485458126,258.10138403483523,222.28706048420776,6.392253287739818,0.0018315792936378639,0.0018299039975965266,0.01329699834477984
2023-05-31,262.41558837890625,262.6931497421419,256.2001802172078,257.7366752187053,25473700,241.45713272094727,224.46326507568358,243.1462077458325,80.61195014409729,10.146779510019769,8.731850690370454,261.73519995481837,221.17906548707614,6.399447304682266,0.008380544059891859,0.008345622273911762,0.012448497136291242
2023-06-01,270.2369079589844,271.6148224918179,263.57543478497155,263.5853271633908,25609500,243.22064666748048,225.86,245.72627443279936,83.84618442247421,11.066342796810318,9.198749111658426,266.80008368146616,219.6412096534948,6.599432076698652,0.029805087526983298,0.02936954892356908,0.013117502965353576
2023-06-02,270.2369079589844,272.95307675520934,268.7598881304285,270.28649085876737,19416900,245.15813293457032,227.30332550048828,248.0606204829122,83.84618442247421,11.660686194759478,9.691136528278637,270.83721541167864,219.479050457462,6.427557544418806,0.0,0.0,0.012201897451012326
2023-06-05,269.0275573730469,273.17116310172264,267.21347063050644,267.94701923026497,20742900,247.07182998657225,228.63384246826172,250.05747161530599,81.410835929728,11.896982129946736,10.132305648612258,273.8527596966974,220.29090027644713,6.393995753475763,-0.004475149582902516,-0.004485193039980216,0.012267236812550202
2023-06-06,268.7598571777344,274.1624262569552,267.3423127906372,267.7884075776989,19419000,248.9478546142578,229.92470611572264,251.83865119268012,80.85102100422493,11.925181127633266,10.49088074441646,276.28063777517264,221.61507145334298,6.424432732964493,-0.0009950660739981299,-0.0009955614809129495,0.01236184879376924
2023-06-07,261.30535888671875,271.8626442161029,260.5123047633767,269.3051165166383,26163600,250.4461982727051,231.12932861328125,252.74024240163618,67.02879246162865,11.216714027077188,10.636047400948605,277.02860802480694,223.86378852060324,6.776283212947475,-0.027736650738305224,-0.02812857576366163,0.01462172321633291
2023-06-08,262.2767639160156,265.3200462013696,256.6264017277857,258.35124499287787,20899400,252.00748519897462,232.3962026977539,253.64848254586278,67.80129093933596,10.61131240901193,10.63110040256127,277.4953637145958,226.5196066833535,6.9132375887072195,0.0037175090225303187,0.0037106161634262937,0.014530445525972912
2023-06-09,262.6436462402344,265.6175315107322,259.4219371971951,260.1951461574475,16949800,253.45279693603516,233.57782745361328,254.50516480246958,68.10523475663882,10.045335230875537,10.513947368224125,277.88930063228264,229.0162932397877,6.861977354766495,0.001398836552430005,0.0013978590920118604,0.014518933780863932
2023-06-12,268.6904602050781,269.38437870914413,263.0202523851898,264.8442615526915,15442500,255.2985855102539,234.8310220336914,255.85614531700372,72.68226735964966,9.969795989008333,10.405117092380967,278.44948554189136,232.14768547861644,6.853317005776728,0.0230228831018926,0.022761855342866427,0.014584943025345297
2023-06-13,268.9581604003906,273.3198522484866,266.74756171115075,272.48716809809827,16164000,256.9074592590332,236.00828399658204,257.1039562773263,72.86790018137386,9.818351914932066,10.287764056891188,279.14131960396077,234.67359891410564,6.83324368660238,0.000996314476919613,0.0009958184850663912,0.014262056250078413
2023-06-14,270.9704284667969,272.5961361408235,265.9842170382982,269.5231465889594,19175100,258.6189270019531,237.20338806152344,258.4245726763235,74.28258366192006,9.748331908745996,10.179877627262151,279.6152327970972,237.62262120680907,6.81743478773973,0.0074817141201837245,0.007453864917350704,0.014176513197657436
2023-06-15,279.37664794921875,281.5178487136144,269.0572939381977,269.9296080997618,25973500,260.56880416870115,238.53390411376952,260.4200084165992,79.16895535006742,10.252962439149542,10.194494589639628,281.67034782833787,239.46726050906443,7.220514786859515,0.03102264527530152,0.030551169173145327,0.015074195151758984
2023-06-16,278.5538330078125,285.3442082969982,277.69141139005217,282.2711884305146,43127700,262.2614372253418,239.91220001220702,262.14703933004813,77.61446524937628,10.465847703380291,10.248765212387761,283.4310149185538,241.09185953212983,7.251392081151409,-0.0029451815226726463,-0.0029495271042217874,0.015045819344972317
2023-06-20,281.8548889160156,282.3207987676239,273.8155011330665,276.30366121845566,20701600,264.17909774780276,241.26492126464845,264.02397738585455,79.3650080879214,10.77670132810863,10.354352435531936,285.15137211865994,243.20682337694558,7.340956763537551,0.01185069281782436,0.011781023239377911,0.014836278656604467
2023-06-21,279.1883544921875,281.5277963067708,275.9368776620084,281.06188641970726,20556200,265.83059844970705,242.59107696533204,265.4682037769339,74.30989456486174,10.684721207369762,10.420426189899501,286.0551501858773,245.60604671353676,7.2393177985711,-0.009460664081731296,-0.009505700438471447,0.015278453760090358
2023-06-22,282.4000549316406,282.7767517792298,275.37177874177934,276.6505271956497,17563100,267.72099609375,243.9993096923828,267.0807610297631,76.27038638582853,10.747097829227357,10.485760517765073,286.6797068010349,248.76228538646507,7.251150315633913,0.011503704892329214,0.011438040389424,0.01501136898130172
2023-06-23,286.216552734375,287.1483722477748,276.5216909955678,279.0594032123411,51092000,269.679793548584,245.4808984375,268.90321738258325,78.38162297422298,10.977944319741596,10.584197278160378,287.7620101845025,251.5975769126654,7.492259668246276,0.013514508004108583,0.013424001562379748,0.015064790611906052
2023-06-26,276.0458984375,287.2673642271181,275.183476694736,286.18685639120184,24232700,270.9575729370117,246.63317993164063,269.58347272114673,62.43867950340522,10.222367930282758,10.511831408584854,286.9229694388239,254.99217643519958,7.820233087113121,-0.03553482214676085,-0.03618155112093852,0.017769157837680592
2023-06-27,284.5511779785156,286.8311743118034,278.2068969133884,279.555073656432,26108300,272.1971862792969,247.9329653930664,271.0089684599438,68.25393203211718,10.192381743177691,10.447941475503423,288.3409942213688,256.05337833722496,8.032021857626713,0.030811106374548425,0.0303459742573806,0.017228390839423728
2023-06-28,282.8065185546875,287.02941407913994,281.5872149884615,282.3406087612761,16722100,273.3257781982422,249.24999938964845,272.13254465944317,65.99679802400397,9.913560682511672,10.341065316905073,289.11878081975374,257.5327755767306,7.8470345171304094,-0.006131267620195335,-0.006150141026325753,0.017389653170587428
2023-06-29,279.0792541503906,284.0753889556589,278.2465700581659,282.0234012362909,15395700,274.1589614868164,250.51171966552735,272.7941360395334,61.33052070951233,9.284804449652597,10.129813143454578,289.306773307711,259.0111496659218,7.702876258584881,-0.013179556197450704,-0.013267177271014941,0.017787831030582374
2023-06-30,284.4818725585937,286.53383037991404,281.9441595774312,282.28119627393755,19694900,274.8712097167969,251.9249108886719,273.9072538032534,65.17420329362776,9.117357536817394,9.927322022127141,290.5448503475158,259.197569086078,7.6851405422233485,0.019358724548159012,0.019173728157192583,0.017106855343521413
2023-07-03,283.5302124023437,286.8807946663651,282.37041408136747,284.2043160589329,8629300,275.53587493896487,253.37121063232422,274.8237260507858,63.96804434968352,8.80634951530186,9.703127520762086,291.4919460761795,259.57980380175024,7.458371973850083,-0.003345240059378418,-0.0033508478847465266,0.017151054256868404
2023-07-05,291.8074951171875,295.52485125008354,283.8672127367066,285.14599171696096,33865500,276.67487182617185,254.98662506103517,276.4412278666336,69.29133660606816,9.122621059568644,9.5870262285234,293.81804643406423,259.5316972182795,7.782391036270781,0.029193653278465792,0.028775634751235856,0.018054431473535696
2023-07-06,289.4481811523437,295.5248235823149,288.7741078971482,293.3142553701415,47600500,277.7092880249023,256.5568359375,277.6799853224155,66.28531277996741,9.078243280136917,9.485269638846104,295.30787782634155,260.1106982234631,7.708699939763347,-0.008085172602904978,-0.008118034862135155,0.01823111320599514
2023-07-07,288.0009155273437,293.6215711054286,286.1471988438877,289.6365461155744,25586000,279.04406585693357,258.20198913574217,278.6629310562182,64.43856935452027,8.824567211862643,9.353129153449412,295.4742081768128,262.61392353705435,7.691962248461744,-0.005000085401256182,-0.005012627653956189,0.016809810073170447
2023-07-10,291.53985595703125,295.53477346549835,284.5512082858447,292.97721550858023,37058300,280.50722045898436,259.8812435913086,279.88930485629567,66.86926201791266,8.807561925276786,9.244015707814889,295.88209484100895,265.1323460769598,7.927076743546878,0.012287948540745441,0.012213064524286244,0.016884216033858694
2023-07-11,295.6933898925781,297.5669216854234,289.35900041008506,291.3415903824076,27585900,282.1597076416016,261.06544525146484,281.3944558121321,69.50391884326118,9.025203659416661,9.200253298135243,296.5738117881515,267.7456034950517,7.947137067246267,0.014246882032345587,0.014146348938832192,0.01696666276831024
2023-07-12,306.6471252441406,306.7561834015163,297.48757110889034,299.12320145419704,36677100,284.0575408935547,262.4338278198242,283.7994719485139,75.12252306546175,9.966671614101983,9.353536961328592,300.7009153412345,267.41416644587486,8.169683955938547,0.03704423475797647,0.036374584806265896,0.017963948654371616
2023-07-13,310.6817626953125,313.48711417229805,307.58892720415946,310.8899261701611,30281000,286.14372100830076,263.8262014770508,286.35969011487566,76.81680125358727,10.91256007482815,9.665341584028504,305.0054521636165,267.281989852985,8.074705739668467,0.013157264878839614,0.013071459889131096,0.017963637210490227
2023-07-14,306.1812438964844,312.13893578938223,304.68437895122,309.0758382489042,23054100,287.90426177978514,265.20667877197263,288.2474571416955,71.00748195090385,11.17026537406798,9.9663263420364,307.3367497916703,268.4717737679,8.030409389560877,-0.014485944587747879,-0.014591890276706224,0.01861741267570729
2023-07-17,307.9159851074219,308.9964928062854,302.05742922495097,304.86281044247795,25323100,289.3312286376953,266.66566589355466,290.1206502812885,71.88992725738731,11.383258678059292,10.249712809240979,310.1885157876937,268.4739414876969,7.952456117544702,0.005665733109125437,0.005649743211192998,0.01768459003789493
2023-07-18,309.33355712890625,311.4648653357093,304.9421280436291,308.17375905316084,20731900,290.87021484375,268.22259338378905,291.95045093344254,72.62322322481765,11.533492696540577,10.506468786700898,312.8324708933739,268.90795879412605,7.850333344297236,0.004603762357416441,0.004593197456613578,0.017585848625842577
2023-07-19,313.2590637207031,315.905803762913,307.81683497029235,310.3049944741406,21763700,292.4404235839844,269.872702331543,293.97984262746735,74.59927661161035,11.832907422655978,10.771756513891914,316.03015353852106,268.85069362944773,7.867378733463196,0.012690206094132295,0.012610360226224858,0.017603047726156243
2023-07-20,299.886474609375,312.79315151790587,299.58909828739195,310.7709017726767,23836900,293.47532958984374,271.24564453125,294.54237900669665,58.98100417449239,10.865884416598817,10.790582094433296,316.45698544175974,270.49367373792774,8.281849212023767,-0.04268859439371531,-0.04362654275181842,0.02042545910167753
2023-07-21,291.698486328125,302.8009725555887,288.66512594483504,301.9187357065024,42139300,293.940251159668,272.45284454345705,294.2715320849279,51.82625228471899,9.331244712304965,10.49871461800763,316.37662765133814,271.5038746679978,8.699991883361617,-0.02730362645369544,-0.027683297348189497,0.021469842909325455
2023-07-24,289.07147216796875,294.9300282701008,285.79028868592326,293.2051849386824,24915700,294.08299713134767,273.6132534790039,293.7762882833128,49.741422967656206,7.8129903134035885,9.961569757086824,316.35673464275953,271.8092596199358,8.731402433419898,-0.00900592318192961,-0.009046721644713174,0.021415875513142606
2023-07-25,291.9065856933594,295.7032315280009,289.3192904924628,292.6203191709946,19585600,294.87603149414065,274.7766369628906,293.5982213699839,51.986231075155814,6.760600734370655,9.32137595254359,315.6000208836418,274.1520421046395,8.581427928177918,0.009807655885681,0.009759873000075052,0.019708384236618602
2023-07-26,295.970947265625,299.1430730271776,289.3589964867336,298.56813525384524,47256900,295.44701995849607,276.06056213378906,293.8241952648068,55.08351729565104,6.183257676968651,8.693752297428603,315.62371128774913,275.270328629243,8.66733140048264,0.013923500775467668,0.013827459300802245,0.018793879835467358
2023-07-27,308.9965209960937,322.5177977861909,307.14280439627186,322.28978907131307,64229200,296.7565200805664,277.5048788452148,295.2691786677865,63.26273197919557,6.699536004489119,8.294909038840707,316.8811579963845,276.63188216474833,9.944439909060018,0.044009636252502204,0.04306871954476744,0.02086317000829557
2023-07-28,322.6466369628906,323.36037041695147,311.51438565561364,314.12149577602924,39220300,298.9348892211914,279.2229901123047,297.87655564827264,69.52550350981159,8.116577722781074,8.259242775628781,320.3260642023449,277.54371424003784,10.260112017045572,0.04417562994817503,0.04322770323142516,0.02218423902381278
2023-07-31,315.8265686035156,322.8251083416329,314.8253510504006,320.87225613271846,25799600,300.5021240234375,280.7319393920898,299.58608069162915,63.683969522058064,8.590247943797294,8.325443809262485,322.0206113242221,278.9836367226529,10.09865810805891,-0.021137887639471664,-0.021364491763989187,0.022883207646288057
2023-08-01,319.9007873535156,321.3183621345962,311.92087504418333,314.77580936288706,22817900,302.3206527709961,282.23593170166015,301.52081465942786,65.54630887285523,9.188471430988898,8.498049333607767,323.94169759947613,280.6996079425161,10.048574463941335,0.012900177360045673,0.012817678811838781,0.022841457643009704
2023-08-02,311.5738830566406,315.6183830009451,307.945740261748,315.2317634870685,20461100,303.30897216796876,283.59737579345705,302.4782497448767,58.89836147279516,8.888198647345689,8.576079196355352,324.7234914464042,281.89445288953334,10.18475108021464,-0.026029646146738306,-0.026374413325151322,0.02326224899389379
2023-08-03,310.463623046875,313.1996063950057,307.23199229520856,307.23199229520856,15180200,304.3597442626953,284.8834814453125,303.2387614879242,58.05290913425468,8.463084429782498,8.55348024304078,324.99899444942207,283.72049407596853,9.883527010184817,-0.0035633924091249547,-0.003569756414652907,0.023165099114024788
2023-08-04,308.0250549316406,315.6381920030264,307.4996698792332,312.218212721938,17612800,305.36095123291017,286.1521405029297,303.6945989587543,56.146553609972834,7.839042678285068,8.410592730089638,324.6257801089459,286.09612235687445,9.758883804013989,-0.007854601744650136,-0.007885611615792433,0.023230645398704536
2023-08-07,313.8043518066406,314.3099219517989,307.75744608231275,310.5033526725311,16236500,306.47417602539065,287.4874154663086,304.6574325633149,59.53776292348765,7.7218137897525025,8.272836942022211,324.9736414661346,287.9747105846467,9.52985466583343,0.018762424622511986,0.01858858144704346,0.023402238676586747
2023-08-08,309.9184265136719,315.12272430973746,307.41042158153704,311.6630848225731,15183500,307.1854278564453,288.6759777832031,305.1584796062061,56.38068472825623,7.231981574058523,8.064665868429474,325.05535251441415,289.31550319847645,9.400029527431071,-0.01238327407060047,-0.012460585719530492,0.023542461981256053
2023-08-09,302.5530700683594,310.8997853919067,300.21362891825964,310.156314310015,19955800,306.98072509765626,289.53186096191405,304.9103453645064,50.87420016158158,6.178244348757005,7.687381564494981,324.96406150107555,288.997388694237,9.491895737875069,-0.02376546799158319,-0.0240524222473186,0.022776132107375332
2023-08-10,303.0784606933594,309.6210123853604,301.224744268541,305.2593213413318,14358900,306.6005599975586,290.3887365722656,304.7358801577305,51.24003135277479,5.32417091042953,7.214739433681891,324.5763293502614,288.6247906448558,9.41363662208538,0.0017365238597026877,0.0017350178453794992,0.022559790425037907
2023-08-11,299.0142517089844,302.0674271348413,297.74536501032554,299.9361488398,14046300,306.2422103881836,291.1207098388672,304.1909631626118,48.24694457847401,4.270140338508497,6.625819614647213,324.52033599073775,287.96408478562944,9.122169412153127,-0.013409758565743113,-0.01350048133798766,0.02252718370889312
2023-08-14,303.52459716796875,303.5444121758859,295.6537130002151,298.3599590509755,15641900,306.02264099121095,291.78646362304687,304.12749973455055,51.62414644533498,3.755469980158807,6.051749687749533,324.320559250488,287.7247227319339,9.034207252404391,0.015084048446540432,0.014971415416765364,0.02276974946850542
2023-08-15,299.32147216796875,304.5555074180836,297.4181728716015,303.4749997336149,11623600,305.52203674316405,292.36815490722654,303.6697828234476,48.45113140205154,2.9741488164357293,5.436229513486773,323.97739081063946,287.06668267568864,8.898716344838515,-0.013847724498169844,-0.013944498675133527,0.022926514435553002
2023-08-16,291.72821044921875,298.45908163543555,291.718287818725,297.58676745772937,18547700,304.4454940795898,292.82216796875,302.53249021637816,43.276151942273714,1.7223788921776304,4.6934593892249445,323.4729986139519,285.4179895452277,8.806178345153175,-0.02536824927310566,-0.025695570889872028,0.023272727669818225
2023-08-17,282.6082763671875,293.47286065252206,282.4695108038598,290.4989757740898,23950100,303.58158416748046,293.09913635253906,300.6349460402648,38.023221707051704,-0.005496888553352619,3.753668133669285,324.8013026207969,282.361865714164,8.963119166832394,-0.031261748968287595,-0.03176082635538931,0.02237785470497567
2023-08-18,280.78424072265625,283.2030023568016,271.99146104324524,276.60097562608496,35347900,303.035871887207,293.4887139892578,298.744402676683,37.054453857296814,-1.5046901939483632,2.701996468145756,325.9441108951047,280.1276328793093,9.12372074874125,-0.006454289548694314,-0.006475208535529595,0.021646355379099185
2023-08-21,287.3763427734375,287.97112567547384,279.39643211452176,280.98250976931354,20181500,302.9511154174805,293.99070556640623,297.66173030494537,42.73315897346327,-2.136258686216081,1.7343454372733884,326.07690098933926,279.8253298456217,9.084504521042025,0.023477464525128333,0.02320610782612566,0.022277516663715212
2023-08-22,285.0964050292969,290.35025563572106,284.2537983560618,290.0032963876927,12980200,302.61060638427733,294.4397607421875,296.4650326596455,41.34391147628638,-2.7886078527821496,0.8297547792622809,326.5626414116524,278.65857135690226,8.87107257522897,-0.007933630590942875,-0.00796526928905334,0.022217056984641655
2023-08-23,291.6785583496094,294.8110533983258,285.1657748159202,285.98853614980663,18287000,302.39598693847654,294.89952270507814,296.0091779634516,46.72835044576553,-2.7428565605479207,0.11523251130024059,326.65708040374756,278.1348934732055,8.931327989071823,0.02308746516686555,0.02282498201152244,0.022630533465745586
2023-08-24,284.2537536621094,296.8531007592996,284.1447257666273,295.90146632306767,18360900,301.15884857177736,295.2054345703125,294.8896137442761,42.04027462087759,-3.268046018221469,-0.5614231946041013,326.44903098430353,275.8686661592512,9.201117060757571,-0.02545543535840078,-0.025785030303744273,0.02068896222970675
2023-08-25,283.0146789550781,285.8795355852113,273.6271155393811,283.6391995492964,23701400,299.17725067138673,295.4463195800781,293.7586675738763,41.295686659185094,-3.741120116751972,-1.1973625790336755,323.61868217060896,274.7358191721645,9.41906727397704,-0.004359044308361648,-0.00436857264170273,0.01731711784453205
2023-08-28,287.7332458496094,288.9128891125971,283.3120491446648,285.4929098624364,14239300,297.77258453369143,295.61345153808594,293.18481788585086,45.27094812074224,-3.692718474535468,-1.696433758134034,321.4420652556838,274.10310381169904,9.167577479944322,0.016672516464349973,0.016535055834017577,0.017682248628357915
2023-08-29,295.3959655761719,296.54587132156684,285.67136476377044,286.0678766841328,20844500,296.5473434448242,295.95029418945313,293.3954033801671,51.06607854350845,-3.001443608861905,-1.9574357282796084,317.93513543633577,275.15955145331264,9.289500985505185,0.02663133244799809,0.02628289127835881,0.01863428602176946
2023-08-30,292.5311279296875,295.69336104721475,290.8756521534468,294.5831156113279,17717000,295.59520568847654,296.16381896972655,293.3130914325024,48.97799417338245,-2.6541760635794844,-2.096783795339584,315.88998333977446,275.3004280371786,8.97008726466681,-0.009698296457422817,-0.009745631227563114,0.017954878724025188
2023-08-31,293.31427001953125,298.478908110715,293.0862612959808,293.2250268545487,17229900,294.73773803710935,296.44633728027344,293.3132036788861,49.58487251339903,-2.289380457532218,-2.1353031277781107,313.86268413845886,275.61279193575984,8.754208187264002,0.0026771239539060687,0.002673546840402355,0.017998655514582698
2023-09-01,293.7999572753906,299.1132828754372,291.906580579667,296.7639190428538,12842300,294.0264831542969,296.6743353271484,293.3595611642675,49.982218980509906,-1.9387378459732076,-2.0959900714171305,312.1539583741529,275.8990079344409,8.643672052157305,0.0016558596205600296,0.001654490196526088,0.017980458243516267
2023-09-05,297.53717041015625,298.76639670796936,292.9375776161612,294.4344124053595,14956000,293.21312408447267,296.90074768066404,293.757428711495,53.04864478223431,-1.343798708263705,-1.9455517987864455,309.0305610847092,277.39568708423616,8.44261112641808,0.012720264391538283,0.012640041417120437,0.01765743382277717
2023-09-06,296.565673828125,300.6596958742699,293.0862194558126,299.0835407980036,15418100,292.5454864501953,297.31114318847654,294.0248806273645,52.153548007368386,-0.9398626586731211,-1.7444139707637807,306.50409831958143,278.5868745808092,8.380530075849453,-0.0032651267762344727,-0.0032704689343855745,0.017506150620734115
2023-09-07,296.0700988769531,304.3771257874454,289.67623385522955,295.4059178983488,33748700,292.221337890625,297.5415216064453,294.2196633178015,51.674559344971655,-0.6522109047149911,-1.5259733575540229,305.5208412175295,278.92183456372055,8.831984494161336,-0.0016710462299122097,-0.001672443985022765,0.0167444933047665
2023-09-08,295.2968444824219,302.59276023279784,294.19649144148667,296.6152533537549,17548000,291.83225708007814,297.791328125,294.32225200014636,50.889206560277245,-0.4810942297563656,-1.3169975319944915,304.26558239080276,279.3989317693535,8.800861943957752,-0.002611727416798715,-0.002615143926806946,0.016736014683994625
2023-09-11,304.8826904296875,306.34981793313096,298.6573589856579,298.7862321770856,19489300,292.1256790161133,298.3073968505859,295.32800804105506,59.17298328144297,0.42313696413555135,-0.9689706327684829,305.4669587637503,278.78439926847625,8.961727051582848,0.03246172834683381,0.03194597818962127,0.01806062928329411
2023-09-12,299.03399658203125,305.9730602651931,297.6164522615025,303.66332641243866,13480400,291.9011489868164,298.5984393310547,295.68095933067184,53.26907360422938,0.66019566137021,-0.6431373739407444,304.6033532711231,279.19894470250966,8.918504262447687,-0.01918342376017923,-0.019369813209094016,0.018290846843145088
2023-09-13,302.4044189453125,304.5059592872475,298.69698571008445,299.7279106218778,13210900,292.05529632568357,298.9759234619141,296.3212888177805,55.9939023954075,1.1072674142645837,-0.2930564162996788,305.1816989103067,278.92889374106045,8.696394927784498,0.011271034069053387,0.011207989242531151,0.018194461052733063
2023-09-14,309.0064392089844,310.1464222632418,302.37467408444013,304.06977984776057,19343100,292.91920776367186,299.31990234375,297.52939837884753,60.8138728969629,1.9715757611925255,0.15987001919876204,307.9778904716232,277.86052505572053,8.630348731428581,0.02183175856588848,0.021596858431642864,0.017693593152951256
2023-09-15,297.6957397460937,309.2839784085415,296.1493222742044,308.89735891461083,28131100,293.6735809326172,299.484853515625,297.54524041382336,50.59042978218705,1.7239943007921852,0.4726948755174467,308.088420497797,279.2587413674374,8.952084974493475,-0.036603442607359815,-0.03729015818596549,0.018269411764135657
2023-09-18,299.9161682128906,300.9570456908566,295.20751887727715,295.5941382910129,14234200,294.6301773071289,299.72315856933596,297.77104306135357,52.28621331770202,1.6875017602139906,0.7156562524567556,307.99783432605716,281.2625202882007,8.723330820142474,0.007458717644702517,0.007431038956722118,0.018164572040975456
2023-09-19,302.4143371582031,303.504767579674,297.2001163940275,299.84688704196486,15924400,295.3820770263672,299.9406481933594,298.21326154676785,54.19114109209695,1.8389640814928612,0.9403178182639766,308.72478466962764,282.03936938310676,8.55056798910705,0.008329557423323752,0.008295058103541938,0.017592714141816027
2023-09-20,297.0613098144531,305.3782570015516,296.82337850413523,302.3944501357823,19379500,295.980322265625,299.9680065917969,298.103551857976,49.61971951114939,1.509652162406553,1.054184687092492,308.47036680731475,283.4902777239352,8.550875882557715,-0.01770097077424493,-0.017859506568364575,0.018033506091294862
2023-09-21,293.1556396484375,297.64620415124955,290.7170325130372,293.1259020127335,21319600,296.0541763305664,299.6981768798828,297.63232212373424,46.53521447289697,0.922876803298891,1.0279231103337718,308.45877736330834,283.64957529782447,8.435039865104473,-0.01314769051700182,-0.013234886527376102,0.01764184210793846
2023-09-22,296.4764099121094,302.7215847648245,295.6734636134896,296.6944959593835,25369600,296.6653091430664,299.41406982421876,297.52223524643665,49.41450277419541,0.7175401549085905,0.9658465192487355,307.82621657624924,285.50440170988355,8.515818811624655,0.011327669724021883,0.011263992101503705,0.016696465907090324
2023-09-25,298.21124267578125,298.3302234798701,291.1433351844772,293.06644978298425,18987000,297.4251373291016,299.2546697998047,297.5878550016123,50.902094509121234,0.6868779852671878,0.9100528124524261,306.6699488704243,288.1803257877788,8.420895203322385,0.005851503545210024,0.005834449991952903,0.016640080945126527
2023-09-26,296.35748291015625,297.6858143028395,293.43318142131056,295.0688117797383,19417200,297.8563491821289,299.02349975585935,297.4706767071879,49.23592065037254,0.5071489766348236,0.8294720452889056,305.99048656032807,289.7222118039297,8.160692778404407,-0.006216263843682235,-0.0062356652564255,0.016417790409895848
2023-09-27,295.1481628417969,298.67717061234566,284.29350077154777,297.8345940661036,36429800,297.84395904541014,298.7397918701172,297.24948491048406,48.12913078644447,0.26408619830289126,0.7163948758917028,305.9937893490769,289.6941287417434,8.605191140003942,-0.004080612564542507,-0.004088960982840313,0.015355845275801005
2023-09-28,301.31396484375,303.66332872549503,294.11718502598364,296.33767574089586,22167100,298.2831008911133,298.50088989257813,297.6365782374618,53.82807130601336,0.562501717448697,0.6856162442031017,306.1831834787347,290.3830183034919,8.672402037111617,0.02089053153028786,0.020675316519876773,0.015847145779190726
2023-09-29,297.5966186523437,307.93584693640213,296.75401197888146,304.704216042569,25373700,298.4972183227539,298.4550927734375,297.6327725626886,50.2439516145187,0.4933523372092168,0.6471634628043248,306.072461904307,290.9219747412008,8.851647245712263,-0.012337118836606153,-0.012413852858180653,0.01614622887161355
2023-10-02,304.1491394042969,304.5059910836601,299.0043159300185,300.10463885997774,16265600,299.0146774291992,298.70410583496096,298.2533789285561,55.82721992231426,0.956261431625137,0.7089830565684873,306.6494170924406,291.3799377659578,8.712913330398273,0.02201812904201006,0.02177923041284179,0.016827391334351512
2023-10-03,298.3202514648437,304.0994866817158,297.03158036045915,301.61135737230416,17362300,299.05383148193357,298.88908142089844,298.2597477415359,50.40836850406607,0.8430594171897496,0.7357983286927398,306.6658586529189,291.4418043109482,8.598959452786804,-0.019164571535101427,-0.01935059244513265,0.01725013114448397
2023-10-04,302.9198913574219,304.2284079253051,295.9015365648199,296.1295452893803,16880500,299.3715423583984,299.1093475341797,298.7035709430488,54.18730739260415,1.1116837059467457,0.8109754041435411,307.0715615101833,291.67152320661353,8.579524589050974,0.015418463446556396,0.015300806787700247,0.017551711433326116
2023-10-05,302.1368103027344,303.54443225598413,296.8928513033326,301.978199473143,19130000,299.6748779296875,299.2326647949219,299.0305461201617,53.44068492165152,1.2470075664969613,0.8981818366142252,307.3084669028492,292.0412889565258,8.441814329308158,-0.002585109387100437,-0.0025884565521416586,0.01756078808006761
2023-10-06,312.6841125488281,313.55645681605097,298.290522895401,298.8159079310807,21803900,300.5442413330078,299.30641662597657,300.3308857800347,61.19599839871485,2.180199857881462,1.1545854408676726,309.7780439844152,291.3104386816004,8.92925144297543,0.03490902758762027,0.034313526803639735,0.019075361896488886
2023-10-09,315.5885925292969,317.5414444614772,309.10554643120525,309.7796196230452,22503700,301.0795364379883,299.1652557373047,301.7840007085358,63.022587939140585,3.118184245779844,1.547305201850107,312.28752557422655,289.87154730175,8.89401191349661,0.009288863309341311,0.00924598712802832,0.01785904154687122
2023-10-10,319.0383605957031,321.833819593416,315.3904024685447,316.34203714260326,19038000,302.0797546386719,299.22949157714845,303.4272730787422,65.12256788954622,4.092732609165353,2.056390683313156,315.69167224961865,288.4678370277251,8.718969428594802,0.010931219150723814,0.01087190523215376,0.017248869092715523
2023-10-11,324.9662475585937,325.97735729844595,320.1386470354326,320.1981222994289,22036300,303.2078460693359,299.33080078125,305.4786039815852,68.43936611205869,5.282506695932568,2.7016138858370384,320.0877503995084,286.3279417391634,8.591828519605375,0.018580483399620373,0.018409975064525453,0.017500368110371162
2023-10-12,321.33819580078125,327.6626628389175,319.8809909181639,325.14476502943165,20530500,303.8244338989258,299.5260870361328,306.9890412976991,64.4025771963896,5.8650491399738485,3.334300936664401,322.329234027175,285.3196337706766,8.533960191115964,-0.011164395641299008,-0.011227185282653044,0.017259699282318006
2023-10-13,311.9506225585937,322.2204241253581,309.6508109232836,320.7136666325285,21341000,304.5371780395508,299.5558270263672,307.46157284635575,55.311595270998794,5.505752629347683,3.7685912752010573,323.140683649225,285.93367242987654,8.822221120470145,-0.02921399747948894,-0.029649223733317884,0.016447562596683115
2023-10-16,318.3543701171875,319.01855105073963,312.77337465622486,315.86624034074185,16536100,305.45908813476564,299.7624133300781,308.49898211024447,59.510320325952186,5.672349155561449,4.149342851273136,324.86534900833396,286.0528272611973,8.696914504161272,0.020528080713770658,0.02032021951218628,0.016909354518762923
2023-10-17,321.1795349121094,321.57604680606164,314.5378472437151,315.4101915615611,16387800,306.39734802246096,299.9099169921875,309.70665380566015,61.24051453450871,5.9636006152319965,4.512194404064909,326.90719985760495,285.88749618731697,8.578434865460222,0.008874276781191792,0.008835131805437458,0.016918618038945735
2023-10-18,314.21075439453125,323.1026711047013,312.81302491646005,318.5922912851323,16851000,307.2548202514648,299.9957635498047,310.135615766505,54.997541315998625,5.567913704851037,4.723338264222134,327.5646831202351,286.94495738269455,8.700664245658867,-0.02169746126410299,-0.021936312473672705,0.01719912918123007
2023-10-19,310.08697509765625,319.08795030688776,309.03620485654955,317.09543774973184,18709200,308.1013870239258,300.1464416503906,310.13098332185274,51.64260636258929,4.865488133663916,4.751768238110491,327.3749614206618,288.82781262718976,8.797170045993107,-0.013124246192086297,-0.013211130139297457,0.017197975010216405
2023-10-20,305.96319580078125,312.5553015025764,303.8021799605282,311.4054259238881,22312300,308.5757263183594,300.2041363525391,309.73405117698877,48.45913346413993,3.9307450996935245,4.587563610427098,327.1352799965284,290.01617264019035,8.79402372428276,-0.013298782690167155,-0.013388003401491053,0.017446513626408075
2023-10-23,311.2765197753906,314.5973334733408,304.5852792316508,306.80577011666287,17796800,309.22899017333987,300.4493817138672,309.88095294826513,52.52034943294358,3.5774566568115915,4.385542219703996,327.1935210856681,291.2644592610116,8.881025904097564,0.01736589252410936,0.017216828688997043,0.017776865890362634
2023-10-24,309.8292236328125,315.5787524774694,307.9259542753489,314.02241214997355,19525500,309.90257720947267,300.5754742431641,309.8760263467935,51.333806040496924,3.1444411570623743,4.137322007175673,326.8686141396149,292.9365402793304,8.793295353956344,-0.004649551285212494,-0.004660394071237309,0.01774079627510597
2023-10-25,296.9225769042969,308.17378070314754,296.2385809646329,307.3014363017255,42192500,309.99129791259764,300.5274963378906,308.64236449512714,42.18170423762182,1.7397598594620263,3.6578095776329436,326.6638039203985,293.3187919047968,9.135963019258005,-0.04165729293441878,-0.04254983318080851,0.020269899719303274
2023-10-26,285.8398132324219,292.43191648587367,276.96771417386555,292.43191648587367,66684100,309.21759033203125,300.4097283935547,306.4706929462981,36.211570375860624,-0.2646953516218673,2.873308591781982,328.6386506407029,289.7965300233596,9.9087415700561,-0.037325432735440534,-0.03803986067893616,0.02133878699896885
2023-10-27,294.1469421386719,296.70446963131815,290.41966369017985,291.9165286472556,29596300,309.0451065063477,300.6405017089844,305.2970023931908,42.752020939070256,-1.1694440475379793,2.0647580639179894,328.9316364115411,289.15857660115427,9.97702120068754,0.029062182808996306,0.02864788535551623,0.0223114519295972
2023-10-30,300.0253601074219,306.70667898907504,296.44676928594816,296.4864295580433,28435100,308.8389175415039,301.0253240966797,304.7949412231176,46.90104476359148,-1.3960321160901117,1.3726000279163695,329.0077321412907,288.6701029417171,10.161500889952944,0.019984630559166883,0.01978755910340691,0.02220857300165389
2023-10-31,298.6473999023437,301.0364242117363,294.2757858177128,300.6696499436243,19434200,308.8552749633789,301.2507452392578,304.2094610973296,46.05837906668307,-1.6675719341233162,0.7645656355084323,328.990441991516,288.72010793524186,9.918582140243696,-0.004592812436204796,-0.004603391804372593,0.021797408981641158
2023-11-01,309.13531494140625,310.0175516552152,299.222366123352,299.222366123352,20434600,309.1660461425781,301.7315234375,304.67859003486075,52.98256747165471,-1.0246703418980019,0.4067184400271455,329.1161981499083,289.21589413524794,10.022265684002823,0.035118052400563426,0.03451548050335151,0.022932922557244113
2023-11-02,308.163818359375,316.0446243432361,305.64592102556026,314.53783684335446,21631800,309.46739654541017,302.0612286376953,305.0105165419574,52.31270010674364,-0.586793661178092,0.20801601978609807,329.16420282617275,289.7705902646476,10.049154086408038,-0.0031426256887389092,-0.003147574106919016,0.02293818920809765
2023-11-03,311.8613586425781,312.8030705771321,308.31250622063965,309.82918609596044,16764300,309.42625885009767,302.6133807373047,305.66297769439745,54.66218535894528,0.05791969999677349,0.17799675582823316,329.0994428058582,289.75307489433715,9.662732524361541,0.011998619120467735,0.011927206358876199,0.021707257279934992
2023-11-06,313.0509338378906,315.5589088571514,311.7127098538126,313.22938992076604,12887700,309.2993759155273,303.21410583496095,306.36659256520636,55.42311306131009,0.657271839574662,0.2738517725775189,328.8442614951238,289.7544903359308,9.247265844288487,0.0038144360060838878,0.003807179492213078,0.021619539397822133
2023-11-07,316.0445861816406,318.2056013854188,312.3767836599217,314.2998978143044,14055600,309.1496871948242,303.78033264160155,307.288306242962,57.36251805125755,1.3581693229098164,0.49071528264397846,328.4381016774553,289.8612727121931,9.003090978660527,0.009562828345690999,0.009517393927412202,0.021584660594102245
2023-11-08,316.9963073730469,318.53280249069024,312.1389680232896,315.37059933746826,13609700,308.7511901855469,304.21233947753905,308.2128777791606,57.98829865992694,1.9677485935220602,0.7861219448195949,327.0183439617723,290.48403640932145,8.816715513570538,0.0030113510340572525,0.003006825998569606,0.021146131818163022
2023-11-09,317.759521484375,321.35792628385803,316.0247556638353,316.63938382329235,16103100,308.57225646972654,304.7169073486328,309.122081941562,58.51413672341717,2.483797881731391,1.1256571322019542,326.407735226181,290.7367777132721,8.56789087831712,0.0024076435389828177,0.002404749809060143,0.021021101403251162
2023-11-10,325.90802001953125,326.2351642842686,316.67906673273416,317.1548991851157,19096200,309.27012634277344,305.3687823486328,310.7207427108924,63.73335032559754,3.5098272883268464,1.6024911634269328,328.60867026722593,289.93158241832094,8.638477069261215,0.025643601479167444,0.025320319423324467,0.020631829083347243
2023-11-13,326.3243713378906,329.43702160039675,322.86476180916407,323.36040926035906,16908900,309.6686264038086,306.01927062988284,312.20680258013033,63.9826853593785,4.306911660333981,2.1433752628083425,330.040391899305,289.2968609083122,8.490890120830606,0.001277511729641967,0.0012766964058488792,0.02018552637240028
2023-11-14,333.3824157714844,335.1568422746801,330.4283458096643,331.6278345293252,17179400,310.27877044677734,306.7361755371094,314.2235276459736,67.99917104626383,5.4453612324172695,2.803772456730128,332.6280049904574,287.9295359030973,8.515288750541956,0.0216289221814987,0.02139833600645799,0.020629637995994606
2023-11-15,329.81378173828125,335.45425323447205,327.14719551943847,334.9883433309438,14531200,311.05892181396484,307.4011376953125,315.7083137500029,64.10657128666578,5.990576145418856,3.4411331944678736,334.93956195915945,287.17828166877024,8.5004151051485,-0.010704325916365165,-0.01076202936682165,0.0201027882692296
2023-11-16,331.2808532714844,331.667442561079,323.5388423305294,326.5028044744622,18932600,312.1186157226563,308.1053527832031,317.19141275204873,64.99375910647608,6.466501499901597,4.046206855554618,337.5624663611595,286.674765084153,8.473856899820005,0.004448181411555785,0.004438317492803592,0.01975957511200625
2023-11-17,332.1234130859375,332.57940021629366,326.4829433416986,327.38502522586845,14494400,313.42662658691404,308.8418841552734,318.6135080219429,65.52085693008412,6.832897913827139,4.603545067209122,340.1288083377872,286.7244448360409,8.304042612303936,0.002543339906706521,0.002540111091257367,0.019364396563488626
2023-11-20,337.0105285644531,338.89398282519466,331.2808452491062,331.97476378028864,16960500,314.7133270263672,309.48444091796875,320.3656052164677,68.48500273458174,7.431948214603892,5.169225696688077,343.2912837904563,286.1353702622781,8.254692252574257,0.014714757484595165,0.014607545889459771,0.019279060256766584
2023-11-21,334.04656982421875,336.94113402174503,332.9759543798253,335.3847937518308,12027900,315.9241943359375,310.1846923828125,321.6685542267297,64.84403074411568,7.580153898731055,5.651411337096673,345.6027855502952,286.2456031215798,7.953255247720941,-0.008794855023846915,-0.008833758026768288,0.0194006223643186
2023-11-22,338.5173645019531,339.93493953031765,335.6326920413864,336.25721281403537,10702700,318.0039337158203,310.9069512939453,323.27320282437006,67.63878682469607,7.966530532681531,6.114435176213645,347.8936558212938,288.11421161034684,7.805763423319367,0.013383746703601762,0.013294975548977725,0.016236412136823513
2023-11-24,335.28564453125,338.8840191731996,333.83833237020224,337.16909856399684,5467500,320.4762252807617,311.43253540039063,324.41724489169195,63.69696274425103,7.9206595726415685,6.47568005549923,347.3420392766491,293.6104112848743,7.608615093296366,-0.009546688913456003,-0.009592550666723276,0.013170587879137602
2023-11-27,331.7864074707031,336.9411226805428,331.2907600321463,333.25350452760324,15684500,322.35819854736326,312.1143487548828,325.1190698992168,59.64382605321207,7.515315441596329,6.68360713271865,346.7414403793156,297.97495671541094,7.46873991866066,-0.010436584797535953,-0.010491427865266948,0.01281711568821521
2023-11-28,336.0390319824219,336.4256514953736,330.4976973935413,330.4976973935413,12637200,324.1588821411133,312.83680603027346,326.15906628809347,62.746314190868496,7.45133421232083,6.837152548639086,346.9460395495073,301.37172473271926,7.358683788887206,0.012817356033773875,0.012735908945159304,0.012505348772451193
2023-11-29,329.30810546875,336.94105636917806,327.9004537094359,336.73289295648885,16024500,325.6919174194336,313.3746813964844,326.4589747814893,55.476671950330804,6.779350972198756,6.825592233351021,345.31306695426946,306.07076788459773,7.478820851091131,-0.02003019254627525,-0.020233516512806863,0.013605833663413417
2023-11-30,324.3021240234375,330.5968527575102,319.5934731970562,329.0008824720162,23146400,326.4502578735352,313.91949768066405,326.25356042357964,50.76586130792388,5.77627326453171,6.6157284395871585,344.56796402262336,308.332551724447,7.73057504461705,-0.015201512997035982,-0.015318240462622612,0.012333571781601953
2023-12-01,321.99237060546875,324.0145901307329,317.9677163074989,322.6466287760831,15276400,327.14168548583984,314.49623229980466,325.84773282185483,48.71058752769524,4.740305861769116,6.24064392402355,343.3723590790838,310.91101189259587,7.630848806854303,-0.007122227228465006,-0.007147711363436632,0.012460333847864007
2023-12-04,317.2342224121094,318.0669066013097,310.9296005859111,314.52800636018907,19037100,327.4103286743164,314.9113885498047,325.02739849711713,44.69614691347911,3.4950625323649547,5.691527645691831,342.7752229422134,312.0454344064194,7.8759860363331144,-0.014777207871143783,-0.014887478483604584,0.012794108608938943
2023-12-05,315.519287109375,319.0780324511932,312.6445377227283,316.2032830645465,16952100,327.53374633789065,315.2575494384766,324.1218640792369,43.310695538552004,2.342810811019717,5.0217842787574085,342.4689389403007,312.5985537354806,7.77295094291396,-0.005405896279710221,-0.005420561011560942,0.012850772916913542
2023-12-06,314.6865539550781,319.4447570091409,314.2801194470397,319.12753540502547,11294300,327.4658447265625,315.624130859375,323.22326311503133,42.619857888653286,1.3469219365629215,4.286811810318511,342.6200997646964,312.3115896884286,7.586642844284479,-0.0026392464369641155,-0.0026427353879947347,0.012684993990630618
2023-12-07,323.7469787597656,325.38260919838507,315.0037509944529,315.0037509944529,15905100,327.8033782958984,316.19610717773435,323.2731407954822,51.65543478832233,1.2740865129429153,3.6842667508433924,342.29611718320194,313.3106394085949,7.808743729928941,0.028791903215479975,0.02838520434532603,0.014236940427255398
2023-12-08,329.8533630371094,330.26972018709864,320.18823819980867,320.27745110653814,14087400,328.40807037353517,316.76689514160154,323.89982862801816,56.6140830362751,1.6896211916277366,3.2853376390002613,342.16457959565594,314.6515611514144,7.971082176883301,0.01886159463398407,0.018685920318801136,0.014778548096904265
2023-12-11,322.4483337402344,327.0182179664361,317.214299016538,326.5324629997662,25802500,328.23508605957034,317.26392944335936,323.76159101965777,49.92643331463581,1.4052130194320398,2.909312715086617,342.198448601592,314.27172351754865,8.304509451432448,-0.022449458234087838,-0.022705283327912506,0.014636253728810453
2023-12-12,331.3106384277344,331.5584621944282,321.7347244524535,321.7743847256634,18485500,328.4843994140625,317.8071594238281,324.48054791566506,56.54274439454117,1.8733367568065091,2.7021175234305956,342.48041681935877,314.4883820087663,8.413025757899751,0.027484417688570018,0.027113502006660278,0.01591464850745891
2023-12-13,331.8260192871094,335.4244243340028,329.74432436086573,331.02307290083434,16353300,328.4065795898438,318.47727478027343,325.18011661770737,56.899406469557235,2.2598648047074903,2.6136669796859744,342.3097968914925,314.50336228819504,8.217816773273848,0.0015555819813719562,0.001554373317010221,0.015151807590663641
2023-12-14,330.2697448730469,331.786424904649,325.779180053839,330.94381816444326,19607300,328.429377746582,319.02427185058593,325.6648431182159,55.420277951245204,2.41279947809835,2.57349347936845,342.3432415417417,314.51551395142235,8.062746948987884,-0.0046900312923199294,-0.004701063998422006,0.014989612859120824
2023-12-15,332.00445556640625,335.71188830199964,328.33665283998147,329.0999389173344,31776900,328.46555786132814,319.6216247558594,326.26861573232924,56.76929082987245,2.6435052806173758,2.587495839618235,342.4126157395037,314.5184999831526,8.013638985632905,0.005252405708631169,0.005238659937004689,0.015002751412632145
2023-12-18,341.6200561523437,344.53446568560287,334.08620858508846,334.54222603722934,18993900,328.9403900146484,320.20034362792967,327.7306576770925,63.38365076085869,3.561188730692834,2.782234417833155,343.95873696931346,313.92204305998337,8.336236923744599,0.028962263682675626,0.028550783373496993,0.016323416955728864
2023-12-19,347.31011962890625,350.5219361662081,342.1157432410635,342.5717304940917,17729400,329.4553695678711,320.8347741699219,329.59536833916997,66.63669458937854,4.693496340925776,3.1644868024516795,346.1572824962553,312.75345663948696,8.3766400016103,0.01665611656601662,0.016518924749187217,0.016411441368036545
2023-12-20,346.23944091796875,351.8699880301821,344.7624213705391,345.6149203637917,16369900,330.0650131225586,321.3787957763672,331.18051810857935,65.45825843325866,5.441734527661083,3.61993634749356,348.2196935292882,311.910332715829,8.285991905755496,-0.003082774300044888,-0.0030875358370848404,0.01626949544910736
2023-12-21,351.007568359375,353.3073795313147,346.17004494664536,349.90724566402645,15289600,330.6895233154297,321.8996221923828,333.0688086086551,68.15882604269936,6.346310401168012,4.16521115822845,350.72604107545385,310.65300555540557,8.203944954249344,0.013771185133515607,0.01367722401804786,0.016284088768039516
2023-12-22,350.313720703125,354.0905518678329,348.1625974502464,352.4846287114761,11772800,331.44092712402346,322.4791326904297,334.71118118908083,67.33384270266558,6.927351396138761,4.717639205810512,353.1665012657953,309.7153529822516,8.041374201630573,-0.0019767313266009223,-0.001978687638463461,0.016089900219408485
2023-12-26,351.7411499023437,353.8724581015916,350.3731883758891,351.8997607137992,9898600,332.4386642456055,323.2749432373047,336.33308297129634,68.1869497361146,7.4175077653995345,5.257612917728316,355.8995805101164,308.9777479810946,7.72118585854743,0.004074716789150168,0.004066437613272031,0.015809254862355505
2023-12-27,354.7150573730469,355.8748857712245,352.2170049987148,352.9703988386223,13207900,333.3724655151367,324.00215698242187,338.0837472000345,69.94786463813374,7.954238191795014,5.796937972541657,358.74137683021047,308.0035542000629,7.464939430714101,0.00845481818527305,0.008419276402359892,0.015696987684193302
2023-12-28,355.2008361816406,358.7496590159659,354.6952660445902,356.56882813936073,11798800,334.66710205078124,324.6825830078125,339.7139461506637,70.23766297204106,8.32285847992091,6.3021220740175075,361.6646774039106,307.66952669765186,7.221328969332787,0.0013694902387040297,0.0013685533422299126,0.014758398811291668
2023-12-29,350.8786926269531,356.86612158180657,348.757337524102,355.86490417120007,14987100,335.99593048095704,325.41594177246094,340.7772553388817,64.29672891142923,8.17202977844994,6.676103614903994,363.4346351672381,308.55722579467596,7.284718618502199,-0.012168168299235838,-0.01224280655096247,0.014566161389930391
2024-01-02,343.2755126953125,350.08570368516,337.0501820548259,348.2617247349704,19042200,337.0600875854492,326.07971252441405,341.0151846109227,55.41684584072838,7.3542091228823665,6.811724716499668,363.88789627521385,310.23227889568454,7.752132329475416,-0.021668970192282866,-0.021907189931485774,0.015487247904075956
2024-01-03,341.4713134765625,344.92103019558954,340.1925347420734,341.9768834940871,15451100,338.2719421386719,326.78987487792966,341.0586254552693,53.52767743650764,6.485733069042908,6.746526387008316,363.55307641030095,312.9908078670428,7.536158266906896,-0.005255834313912744,-0.005269694798016595,0.015041640659911018
2024-01-04,344.0982666015625,345.11929909621364,340.41064851615806,341.5010789113967,12099900,339.7008911132813,327.4463098144531,341.3481150882496,55.885766087293995,5.940949138609824,6.585410937328619,362.8141063492653,316.5876758772973,7.334193432131802,0.0076930419081318036,0.007663601356426851,0.014904486569625834
2024-01-05,348.88623046875,350.42272536747254,343.24576041821206,343.96938628900244,13920700,341.41087493896487,328.2274499511719,342.06603083877343,59.881475748571866,5.828366833361088,6.434002116535114,361.76413558512894,321.0576142928008,7.3229628262124224,0.013914524808494866,0.013818606555307174,0.01494966152660211
2024-01-08,355.53790283203125,355.85512452327623,348.9854265151717,351.6123827216327,13890200,343.00042114257815,329.3997564697266,343.3490662667027,64.66924070306177,6.20435892707917,6.388073478643925,362.5365550530885,323.4642872320678,7.297672199663409,0.01906544822460976,0.018885980072676983,0.01428802492118238
2024-01-09,354.31854248046875,357.500621013295,352.266554698049,353.2975099042569,13463900,344.2236801147461,330.7693310546875,344.3937782870614,63.180708390141156,6.330963771011966,6.376651537117533,363.37377214782936,325.0735880816629,7.150271779347881,-0.003429621263583149,-0.003435515896019097,0.013999183511427527
2024-01-10,367.2449645996094,369.69346382456473,355.9541029574476,357.03464084885644,22117200,346.46351165771483,332.2312915039063,346.5700817453993,70.84265928768278,7.389175441477505,6.579156317989528,365.3796795950284,327.5473437204013,7.73774674825846,0.03648248840900892,0.035832757824791034,0.01440681460523498
2024-01-11,366.4520263671875,369.53493921555446,359.77067767079683,368.8906035328076,17205400,348.2205810546875,333.55982482910156,348.4636002808077,69.8819878164307,8.070797199609387,6.8774844943135,367.70027480492195,328.74088730445305,7.882497805151258,-0.002159153450303597,-0.0021614877828412932,0.013652786855255027
2024-01-12,371.2300109863281,373.7776460956339,366.3231194675248,366.9377174545656,19310000,350.19078063964844,335.01147705078125,350.63182987180966,72.31793874923832,8.894006213922182,7.280788838235237,370.5883825827746,329.79317869652226,7.851928435362531,0.013038499654394187,0.012954230126182893,0.013735269013285223
2024-01-16,364.2612609863281,372.34030938016446,364.03328249207794,370.3973796039946,15306900,351.8903564453125,336.1139959716797,351.9298709303352,64.16631458032714,8.881702664293414,7.600971603446872,370.9883690012786,332.79234388934634,7.884435467699959,-0.018772054504657576,-0.01895048606641978,0.014628623540313794
2024-01-17,365.1632995605469,365.3318330053551,355.48825160061466,363.1113118453537,12724800,353.54829864501954,337.2539855957031,353.19019746654584,64.72065121084196,8.842804639430312,7.849338210643561,371.1518036162595,335.9447936737796,8.024374463202852,0.0024763505506357752,0.0024732894471463387,0.014639379523119741
2024-01-18,372.8557434082031,373.5694769229854,367.7208432542545,368.2561207014023,16354300,355.1100830078125,338.47387329101565,355.06310660384656,69.1093259433271,9.325198520738866,8.144510272662622,373.71722133031835,336.5029446853066,8.051646098862545,0.021065763884031252,0.020846948356040042,0.01405010043690704
2024-01-19,380.1119689941406,381.01402055937257,374.67966308773725,375.7006954298844,21670800,356.7501754760742,339.8150939941406,357.44871254577936,72.5750204014996,10.175716582514212,8.55075153463294,377.9236720736435,335.57667887850494,8.059262602598752,0.019461214462219933,0.01927426662278852,0.014191363078578866
2024-01-22,378.45654296875,386.9519470116833,377.8419450079911,384.5728454450382,17680500,358.3610305786133,341.06333312988284,359.449458300348,70.62820513745841,10.594057528232838,8.95941273335292,380.94588637352587,335.7761747837007,8.134315416962567,-0.0043551010239726295,-0.004364612100949849,0.014230497046071938
2024-01-23,381.84674072265625,384.9990506922529,378.7538757645781,381.2717728402533,15506100,359.90298919677736,342.360341796875,361.5825328167583,72.26881722135244,11.071530653785658,9.381836317439468,384.39923790200805,335.40674049154666,8.020614867429735,0.008957957833975572,0.008918073341801318,0.014106577004056247
2024-01-24,387.2989196777344,392.70145859414,384.4340629686961,386.60500116462015,15698500,361.7522491455078,343.7511297607422,364.03171251780367,74.71489331786537,11.754379649951204,9.856344983941817,388.5497068333447,334.95479145767086,8.223050796290735,0.01427844832395242,0.01417747134202529,0.014193101673347922
2024-01-25,389.7573547363281,392.04724373031695,382.3028273437507,386.7735774043585,15091100,363.653059387207,345.02811645507813,366.48177368147265,75.75343770912205,12.351536735382354,10.355383334229924,392.6438197506558,334.66229902375824,8.3317197670247,0.006347642437627643,0.006327581005811341,0.014193339049292592
2024-01-26,390.7090148925781,393.33594051871705,388.18119456212906,390.9171783662173,13163700,365.45275726318357,346.31580932617186,368.7891299872922,76.1616113912354,12.754552507254175,10.835217168834774,396.40329694074694,334.5022175856202,8.10479306627922,0.002441673376231135,0.0024386973351554664,0.014185337763261549
2024-01-29,397.5290832519531,399.42246020474215,389.6780443214767,391.5515760143711,18742400,367.56916961669924,347.59874267578124,371.5262683934504,78.90264500624059,13.469005616365962,11.361974858341013,401.1068627685409,334.0314764648576,8.221908981778236,0.017455620677833794,0.017305021341964818,0.014426278467959028
2024-01-30,396.5774230957031,402.8225686731587,396.091698290233,400.0766927751704,18614700,369.8541061401367,348.9340155029297,373.9120926508078,77.56245354223546,13.799353474386749,11.84945058155016,404.73210023145316,334.97611204882026,8.115406224717338,-0.0023939384471319824,-0.0023968084991765524,0.013945091923540352
2024-01-31,386.7438049316406,394.5353682869388,383.7302599797155,385.6137142301989,20180800,372.02752075195315,350.0432745361328,375.1341604870776,65.23264313361778,13.116467259185697,12.102853917077269,405.3943846544383,338.660656849468,8.45338885980807,-0.024796212773033788,-0.025108817283889567,0.014287728090171321
2024-02-01,391.3434143066406,397.0136225605282,389.6284631736777,390.5107301891786,29727100,374.52112579345703,351.22767456054686,376.67789894608364,67.81023943184165,12.79888744232801,12.242060622127418,405.7678813118589,343.27437027505516,8.583133771885176,0.011893168853249092,0.011823000918703292,0.014085032057286844
2024-02-02,470.8551635742188,481.7296700383125,449.0665206306807,455.5991505122071,84707600,380.85897064208984,353.90456726074217,385.64716224400127,86.47595912520326,18.747032684741157,13.543055034650168,430.72505045464845,330.99289082953123,14.426213911869942,0.2031764081387506,0.1849650664237589,0.04609456643811168
2024-02-05,455.4108276367188,467.792092181395,455.2224791715045,465.7896872246018,40832400,386.1852005004883,356.3318524169922,392.29132085283146,77.12137716518694,21.961592242218785,15.226762476163891,443.459066017717,328.91133498325956,14.512390375501681,-0.032800608620841,-0.03335060894234041,0.04740841858323675
2024-02-06,450.76165771484375,463.0537095036991,449.0566291270659,459.960873984456,21655200,390.9463882446289,358.57673828125,397.8599243634993,74.50846113197173,23.858973300694515,16.953204641070016,452.8801628005322,329.0126136887256,14.47558251843965,-0.010208738219952274,-0.010261204771609574,0.047706847491740874
2024-02-07,465.5021667480469,467.4153586375469,452.20889855772646,454.0130625295491,23066000,396.5055694580078,361.18106872558593,404.3020426858372,77.15164492132584,26.249509342881765,18.812465581432367,464.000513359564,329.0106255564516,14.63116240445847,0.032701337349611226,0.032178026697395445,0.047739705075604454
2024-02-08,465.9085998535156,466.49346021033546,460.9818630237112,464.24323169322327,18815100,401.4387512207031,363.8635125732422,410.1693338446637,77.22177631020445,27.855718747961816,20.621116214738258,473.8979938978049,328.97950854360136,13.979764888898885,0.0008731067962757244,0.0008727258602526346,0.04754878356285444
2024-02-09,464.0350341796875,469.4673410411531,463.4006211841716,468.8329280456372,18413100,406.3179016113281,366.4234326171875,415.29940054323737,76.0627480089873,28.647242601346306,22.22634149205987,481.77624879746054,330.8595544251957,13.414547386619072,-0.004021315928525837,-0.004029423161219424,0.04758170583904151
2024-02-12,464.8181457519531,474.9789178909464,462.5183344561305,464.1143348840818,19382000,410.9973083496094,369.1336334228516,420.015471515496,76.22338431023176,29.003388508180535,23.581750895284003,488.744324173845,333.2502925253738,13.346407104347415,0.0016876130347571738,0.001686190615983083,0.047646876465620214
2024-02-13,456.1145935058594,463.8169740536251,451.1283814896447,452.892885158852,20916600,415.58997497558596,371.7698828125,423.4534831336258,70.55626242672128,28.257596791531114,24.516920074533427,492.59965217248106,338.58029777869086,13.370932615630343,-0.018724639572781143,-0.01890216519812614,0.0476452515995055
2024-02-14,469.1600646972656,469.98282618084056,462.0326517085822,463.8566307551382,16858400,420.78981323242186,374.71323669433593,427.8064909015915,73.71121446771551,28.391927515504506,25.291921562727644,497.52128066434295,344.0583458005008,13.406454048441118,0.028601301903396825,0.0281999200621329,0.04772051186390864
2024-02-15,479.8164978027344,484.3665380343901,468.1093067569019,471.142666911339,24212300,426.1378509521484,377.96488220214843,432.75982489217654,75.97578478075359,29.02370348696826,26.038277947575768,503.6659552288524,348.60974667544446,13.610080993373051,0.02271385377258195,0.022459735010283078,0.04773553564565664
2024-02-16,469.1997680664063,474.7906562713174,465.1255297863644,473.9480494504496,23324600,430.59224090576174,381.0384918212891,436.2302956706746,69.54797036956182,28.34101159405509,26.498824676871635,507.26316089771575,353.92132091380773,13.687287209301404,-0.02212664588430413,-0.022375112101718372,0.04837129836274981
2024-02-20,467.6433410644531,472.034769947958,462.4985184214602,465.63101374806274,18015500,435.05158081054685,384.0976275634766,439.2220142796059,68.63125866587775,27.35900511832284,26.670860765161876,509.41432502823267,360.68883659286104,13.39078466052972,-0.0033171947385380873,-0.0033227088265842045,0.04835385045835344
2024-02-21,464.447998046875,465.41057550181085,458.25576468630754,462.9297088946584,12921800,439.1816436767578,386.9116479492188,441.6244889241077,66.68783126089389,26.022944133160877,26.54127743876168,510.37340526460156,367.98988208891404,13.104841211787996,-0.0068328632891572205,-0.0068563141850810335,0.048528500294500884
2024-02-22,482.4094543457031,486.2398976603028,472.416516880951,476.5645183736356,21625800,443.9371704101562,389.9627697753906,445.50877134521204,71.56251348856225,26.1124376628332,26.455509483575987,513.3141989791744,374.56014184113803,13.725345383333694,0.03867269613468194,0.03794364433126003,0.04892422308232301
2024-02-23,480.3255615234375,490.57648938610384,478.65842637192833,484.3147842682666,18374300,448.46558074951173,393.1203143310547,448.82465612409067,70.2775856115889,25.718739574471726,26.308155501755135,514.8649678591278,382.0661936398957,13.59625378553668,-0.004319759497856457,-0.004329116615637847,0.049047849922750374
2024-02-26,478.0530700683594,482.41941959747976,476.9218106241904,479.7698406915825,12101400,452.8327835083008,396.0551629638672,451.6083145949734,68.8262795043852,24.935914237322265,26.033707248868563,514.8046198027697,390.8609472138319,13.017779156090441,-0.004731148281741482,-0.004742375589809883,0.049143960677779396
2024-02-27,483.3224182128906,483.5407356847416,476.2470121182993,476.3065504938936,10809600,457.12245025634763,399.0850909423828,454.62870541572744,70.3550163157054,24.458766440688237,25.718719087232497,514.9249350035133,399.319965509182,12.608918042544145,0.011022517110449215,0.010962211907474895,0.04912173796749588
2024-02-28,480.3155822753906,487.2917775435945,479.0553130170317,481.2880928291256,12715500,461.30935821533205,402.0860076904297,457.0750746404573,68.296841646158,23.566338759528435,25.288243021691684,512.7433028600138,409.8754135706503,12.296599934259762,-0.006221180363654377,-0.006240612542193009,0.0491834776314593
2024-02-29,486.37884521484375,487.9368366492081,478.9163793809535,484.7017770336008,17732000,466.2911102294922,405.1734954833984,459.865909933256,70.19058846764064,23.082260112655547,24.84704643988446,505.7863091474992,426.79591131148516,12.062589743830818,0.012623498306529424,0.012544486196456482,0.04847018590093323
2024-03-01,498.4556579589844,500.3907458373548,488.085654723343,488.3436442321826,16273600,471.6467224121094,408.3102075195313,463.5411240309444,73.57625631015752,23.403342985861514,24.55830574907987,494.63847335609455,448.65497146812424,12.20182623516512,0.024830053492162163,0.024526797372726804,0.048547457885319625
2024-03-04,494.377197265625,500.5595280134549,492.62075453598,499.1503823962354,12324100,472.8228240966797,411.2515490722656,466.4778929104378,70.65762902559356,23.062851586357567,24.259214916535413,497.84875734830763,447.7968908450518,11.897322466758677,-0.008182193597840448,-0.008215851466409102,0.019062648585890976
2024-03-05,486.46820068359375,491.7871644614326,484.15604619661946,491.211616700166,15325300,474.3756927490234,414.0561242675781,468.3817317459765,65.25201917879147,21.902343194602906,23.787840572148916,498.73252889833896,450.0188565997079,11.777595938347739,-0.015997899227099266,-0.016127247000352903,0.01774448219629629
2024-03-06,492.2933044433594,499.1206550518149,490.507092374784,493.82152694541975,11757900,476.45227508544923,416.8818389892578,470.65902438382244,67.23993224926434,21.208194262302356,23.271911310179604,499.44554197059375,453.4590082003047,11.840085826195837,0.011974274477920765,0.011903150065805137,0.01753773388778441
2024-03-07,508.2700805664063,515.871429965554,497.5428147005372,499.428267454864,18586400,478.5906707763672,420.04096618652346,474.2410297345447,71.97553546373825,21.69715721960557,22.9569604920648,504.83744109449134,452.343900458243,12.678517233052888,0.032453774972852845,0.03193827484876474,0.017516902315097255
2024-03-08,502.0778198242188,519.5629636532714,495.52832561465306,510.2547468573878,18597100,480.39913177490234,423.0476995849609,476.892152600228,67.87994283826188,21.33901728683844,22.633371851019525,507.8577019652859,452.9405615845188,13.489668719164703,-0.012183012494630718,-0.012257833710901882,0.017900187589113006
2024-03-11,479.888916015625,493.51384651254926,472.3570085263561,493.2062214717345,20428300,481.1918258666992,425.5511767578125,477.1775586397896,55.658219403216684,19.04518863356509,21.91573520752864,507.61066284357236,454.7729888898261,14.649036046214562,-0.0441941526442301,-0.0452004750959955,0.02084682305639785
2024-03-12,495.9252624511719,498.4656675759742,481.02022594568126,489.4849420704056,15448200,482.74718170166017,428.3656652832031,478.9630542408736,61.1082917666427,18.310242952684405,21.194636756559795,508.78703136971575,456.7073320336046,14.929587154367036,0.03341678855325925,0.032870582677883335,0.022005900121205794
2024-03-13,491.7772521972656,497.1458513780241,487.27198978393096,491.59863706276775,12090700,484.53031463623046,431.1836364746094,480.18345404624426,59.08532907472202,17.194871667321763,20.39468373871219,507.76401865249164,461.2966106199693,14.568463900061756,-0.008364184218815907,-0.008399360291068029,0.021573535466755375
2024-03-14,488.06585693359375,497.5130167599525,484.4239615573876,496.4313625069967,12620000,485.47560424804686,434.079443359375,480.9341590831347,57.25885928646477,15.82898660314271,19.481544311598295,507.6449932279993,463.30621526809443,14.462791850240553,-0.007546903088927581,-0.007575525057793425,0.020907213301391933
2024-03-15,480.3950500488281,488.0658707621986,477.6164610806942,485.2674760460602,29153600,485.50453186035156,436.8579180908203,480.8828153655817,53.572773101888906,13.966545201902704,18.378544489659177,507.645800332591,463.3632633881121,14.176121695330826,-0.015716745549380517,-0.015841563139641534,0.020685967399853764
2024-03-18,493.1764526367188,493.6130875886428,483.0842738072249,488.1452478161507,11755300,486.7033660888672,439.83948181152346,482.0536379628328,58.3805199543887,13.367803624444946,17.376396316616333,507.7530588356614,465.653673342073,14.10768711279396,0.02660602474274354,0.026258239763844716,0.02077978789240897
2024-03-19,492.4421081542969,492.8291378968957,477.59661025996246,484.4338934404012,10903100,487.94330444335935,442.7105993652344,483.04301607630555,58.00884008922534,12.687784268870928,16.438673907067255,507.20127675497935,468.68533213173936,14.212841060219844,-0.0014890096201791714,-0.0014901192966864539,0.0207559345468567
2024-03-20,501.6510925292969,504.310604699282,491.3803284187274,495.6771763017406,11711100,489.80345916748047,445.6328631591797,484.8152138337333,61.33339634676841,12.745035273548012,15.699946180363408,506.6617983939077,472.94511994105324,14.121229290243756,0.018700643634062653,0.018527936432730506,0.020917464506207895
2024-03-21,503.87396240234375,511.098214772846,502.1373557038148,510.7707839758228,9712500,490.8766845703125,448.6239715576172,486.63033274502953,62.11313923820217,12.82197043490794,15.124351031272315,508.4339594501941,473.31940969043086,13.787364501194139,0.004431107409413437,0.00442131895811037,0.019272653624953985
2024-03-22,505.6799621582031,506.06699186474566,500.48007571593536,503.1197212802052,8120600,492.14440460205077,451.3926715087891,488.4445831653318,62.77003484589416,12.880196306128482,14.67552008624355,510.12749696268236,474.1613122414192,13.201618190309578,0.0035842291735990184,0.003577821131577287,0.019209500719597736
2024-03-25,499.1701965332031,503.33806453967446,496.4114740821437,501.91901611098194,8380600,493.200260925293,454.0470349121094,489.4660701527481,58.81177439186131,12.259734459578965,14.192362960910632,510.2029515715868,476.19757027899914,12.920680325005998,-0.012873291631364636,-0.01295687051512563,0.019461043134018318
2024-03-26,492.0947570800781,506.0967527018354,491.4199383939583,501.2640297322621,11205400,493.63887786865234,456.4643298339844,489.7164212886843,54.76917291886266,11.069483034146117,13.56778697555773,510.04168318791784,477.23607254938685,13.046118466639646,-0.014174402843488587,-0.014275819176074789,0.019683942519418764
2024-03-27,490.080322265625,496.0642018848251,484.3346567294072,495.4786906872178,9989700,494.1271148681641,458.9807110595703,489.7510785245834,53.638702011556056,9.850106256552692,12.824250831756725,509.4610361987904,478.7931935375378,12.952077515838093,-0.004093591296127741,-0.004101992977516327,0.019648101927611024
2024-03-28,481.86370849609375,489.11779090352536,481.4370066733091,489.06815539695725,15212800,493.90135803222654,461.31471923828127,488.99990042663205,49.17973998555599,8.127045788144471,11.884809823034274,509.8072176261982,477.99549843825486,12.64430880701508,-0.016765851221175576,-0.016907989052315994,0.01984602043347277
2024-04-01,487.5895690917969,493.6230238511937,478.0928036711039,483.4713362423317,9247000,493.35805358886716,463.6093957519531,488.86558315664774,52.164040695644324,7.141217539468812,10.936091366321183,509.3466450500178,477.36946212771653,12.850445333663272,0.011882738821675565,0.01181269342217261,0.0191839873873832
2024-04-02,493.5634460449219,493.7222251422253,480.9407955074551,481.3873636113719,11081000,493.317366027832,465.87842529296876,489.3129986698167,55.12485871073611,6.764012172357241,10.101675527528394,509.299516741879,477.335215313785,12.845515640885194,0.01225185551908381,0.012177408992502598,0.01932088030453468
2024-04-03,502.8617858886719,503.35795926711006,494.9329449921156,495.1115601401886,12099200,494.1370452880859,468.3665301513672,490.6033593573267,59.34304628161086,7.133146049792742,9.507969631981265,510.31043769664404,477.9636528795278,12.62758689669255,0.018839198725635997,0.018663938771341416,0.019363973564046903
2024-04-04,507.009765625,525.9437264523161,506.672341112813,512.4676419362434,26476300,494.872868347168,470.8697906494141,492.16587423996225,61.09971062106248,7.67195706037046,9.140767117659104,511.957200040801,477.78853665353495,13.374326444331958,0.008248747176120563,0.008214912197913447,0.019279055955876943
2024-04-05,523.30419921875,526.6384700008692,510.4731015237669,512.9043633487449,19263300,495.6245742797852,473.5898962402344,495.13142899984683,67.11128448851946,9.306513585419964,9.173916411211277,516.0055751913684,475.2435733682019,13.82106772515605,0.032138303240892396,0.031632672848500736,0.019252638259107762
2024-04-08,515.2760620117188,527.4223768254514,514.9188317096773,525.2293292201076,13260600,496.2844863891602,476.1002703857422,497.049965477168,62.02541473725959,9.840670702941566,9.307267269557334,518.2515203399208,474.31745243839947,13.72695896734305,-0.015341243618943956,-0.015460138056603722,0.01938443990687636
2024-04-09,512.9439697265625,521.845289446962,502.86169458913326,518.2331333714253,10863800,497.937239074707,478.5449694824219,498.5636801675865,60.58900244141159,9.960989621808437,9.438011740007555,519.6942826761402,476.1801954732737,14.102432959520602,-0.004525908453909877,-0.00453618138552731,0.016239773963573432
2024-04-10,515.8516235351562,518.5607107573752,501.92896968081385,505.3922804013936,11418500,498.9335571289063,480.91142028808594,500.21015096449787,61.777531533493296,10.173690621357764,9.585147516277598,522.0154498534382,475.8516644043744,14.283097825023514,0.005668560272077627,0.005652554442485076,0.014653666435244987
2024-04-11,519.156005859375,519.8506605732492,513.3309363282792,517.1217075007655,10369500,500.30249481201173,483.36299194335936,502.0145180973433,63.13804555933014,10.487994659730248,9.765716944968128,524.7324918791883,475.8724977448352,13.728571140733978,0.006405683676196761,0.0063852544800837895,0.014471020649398274
2024-04-12,507.9822387695313,516.2088008915841,505.4319006375196,513.787472668167,11984500,501.2983139038086,485.7877606201172,502.5828724470755,55.89307975285636,9.723368316134554,9.757247219201414,525.2713563929256,477.32527141469166,13.728252146528364,-0.021522946790045183,-0.021757943407234356,0.01531064444476568
2024-04-15,496.4015502929688,514.5615112314049,493.4741157112928,512.7653057412805,13512900,502.0986389160156,487.88892333984376,501.99417509906533,49.54730450057445,8.089678871413469,9.423733549643826,524.2244396133519,479.97283821867927,14.253905244641485,-0.02279742792703543,-0.023061307517524613,0.015818076678510647
2024-04-16,495.9351501464844,500.9067860558404,493.3054074099732,494.29775401725584,9847900,502.23657379150393,488.39052307128907,501.41712510358144,49.30451921778747,6.68032697145469,8.875052234005999,524.1717416627713,480.30140592023656,13.778724773300466,-0.0009395622278156601,-0.0009400038930752974,0.014700467142614016
2024-04-17,490.3879699707031,499.30915689281545,483.41177405310106,499.2496185150052,12193700,502.13386688232424,489.09006591796873,500.36672937664065,46.39278931519353,5.057494705653028,8.111540728335404,524.2698323182541,479.99790144639445,13.930057492330032,-0.01118529342826935,-0.011248319238292843,0.014923594628117032
2024-04-18,497.9595031738281,508.2898650196688,495.2206471982187,495.99467632150186,14808700,501.9492874145508,490.0340228271484,500.13746973827756,50.67463406331425,4.3324066081301,7.355713904294344,524.1597159498123,479.73885887928924,14.213760174946865,0.015439883656969355,0.01532190152377015,0.014723825465824342
2024-04-19,477.3882141113281,498.95188761147057,472.089086590812,498.95188761147057,25215400,500.625,490.27174377441406,497.97087396428236,41.075126148414746,2.07393097564767,6.29935731856501,525.2460596176147,476.0039403823852,15.117263092497703,-0.0413111687424087,-0.042188728849604916,0.017285547388065484
2024-04-22,478.0431213378906,488.24444280786287,469.7768574979575,485.9719606960188,17271100,499.2431579589844,490.5144342041016,496.07299276176883,41.45535797327284,0.3330787805151658,5.106101610955041,525.6142851113597,472.87203080660913,15.356571822312535,0.0013718546189533942,0.0013709144861244415,0.017251246258307214
2024-04-23,492.30316162109375,494.9428072503399,485.2277254126733,487.4902744828821,15079200,498.8998062133789,491.07979675292967,495.7139612245617,49.14966133538507,0.10292054446443899,4.105465397656921,525.4440415717756,472.35557085498215,15.466794257322304,0.029830029231032062,0.02939376846017248,0.018517380974998908
2024-04-24,489.7230529785156,506.0967720750617,480.8713078752949,504.1716172252314,37772700,498.7812210083008,491.57789489746096,495.143398534462,47.922439723811756,-0.28439637600286005,3.2274930429249653,525.4668164148848,472.09562560171685,16.163842110354054,-0.0052408939119589215,-0.005254675569683505,0.018277091781106838
2024-04-25,438.0019836425781,442.35836983181287,411.3276999669504,418.17488602057387,82890700,496.17730407714845,491.2156427001953,489.70135902094927,31.13798704898886,-4.7105060883411625,1.63989321667174,533.7097098064944,458.64489834780244,20.60895003186914,-0.10561289492370807,-0.11161659408651768,0.029870145867243045
2024-04-26,439.8973388671875,443.0232246435437,428.65403477490287,438.0813276050655,32691400,494.0789855957031,490.63038818359377,484.95811900630525,32.07683227166183,-7.973378453727378,-0.2827611174080835,538.616394716006,449.5415764754003,20.16325287735283,0.00432727543571132,0.004317939701867987,0.029811056121265146
2024-04-29,429.3090515136719,436.3944219336963,425.2801260809591,436.1959404676039,21502600,491.1649597167969,489.6202392578125,479.65820781653065,29.645248854209328,-11.283544928270828,-2.4829178795806324,543.8927606451819,438.43715878841186,19.76710715655822,-0.024069905448353746,-0.024364319568985555,0.029880233404696494
2024-04-30,426.8777770996094,436.2554348890997,426.43120898791216,427.7510167239678,18429500,487.83067626953124,488.77379943847654,474.6315001292048,29.099767188178518,-13.94234061026549,-4.7748024257176045,547.5062075093489,428.1551450297136,19.056901352603173,-0.0056632265392267955,-0.005679323408891866,0.02957435855529198
2024-05-01,435.8287353515625,446.5162980590152,423.8411706483012,425.31978777610783,20344900,484.4790237426758,488.13750732421875,470.93599872181034,33.92048944585038,-15.152519012125254,-6.850345742999135,547.8184920912656,421.13955539408596,19.31534607103966,0.020968433430219147,0.020751621398231182,0.02967516161523892
2024-05-02,438.2996520996094,440.562201203768,428.9715998380439,435.4813913055884,15221300,481.04351806640625,487.61454040527343,467.82777523398164,35.22971218937174,-15.730876036391976,-8.626451801677703,546.5389947101517,415.54804142266084,18.763578592088546,0.005669467264598049,0.005653456322236769,0.029612358490887582
2024-05-03,448.5009765625,450.694084429791,440.4530598909977,442.5171275663126,16489100,477.30335693359376,486.9363708496094,465.9871277414596,40.47344554979649,-15.190954647693502,-9.939352370880863,541.2432709686351,413.36344289855236,18.30863957338091,0.02327477198310035,0.023008045218375548,0.02905980179443619
2024-05-06,462.115966796875,462.592304076786,449.8704131384758,452.093259876696,15094600,474.6453521728516,486.57217895507813,465.6184457467372,46.678077554342394,-13.508726935313632,-10.653227283767418,536.433690451356,412.85701389434706,18.00740299773127,0.030356656832112083,0.029905011073390907,0.03016665124921137
2024-05-07,464.6563720703125,467.9212009325345,457.7794172557727,462.7213143300044,13406800,472.23097229003906,486.3042449951172,465.5268196823158,47.77198149687124,-11.834143242145615,-10.889410475443059,531.569669189596,412.8922753904821,17.445573046233445,0.005497332825451062,0.00548227764172195,0.03025767553870699
2024-05-08,468.9830627441406,471.94023656788784,459.4565282400275,459.95270159665824,11683900,469.8875442504883,486.0174578857422,465.8559856882039,49.66595015876198,-10.042136326313766,-10.719955645617201,525.7505183040179,414.0245701969587,17.091154137778222,0.009311592251603606,0.009268506633758779,0.03033283658884286
2024-05-09,471.7814636230469,472.4363857703792,464.05107464244514,466.4029313871889,9437700,467.51881713867186,485.84677551269533,466.4203169200937,50.90599242790911,-8.300467745777041,-10.23605806564917,518.640921182236,416.39671309510777,16.46930820850364,0.005966955101815552,0.005949223326729747,0.030324848614267326
2024-05-10,472.5555114746094,473.8455500732435,466.00601718642696,473.4386842914545,10750000,465.74748077392576,485.57030883789065,467.00462116338093,51.26365225248221,-6.779572958100516,-9.544761044139438,513.4814828240796,418.01347872377187,15.85289568552599,0.0016406915303923686,0.0016393470664096445,0.03007440674342447
2024-05-13,464.4281311035156,469.72725818959685,459.3076191330967,469.1318441867083,14668800,464.1488098144531,484.88975830078124,466.75924115767947,47.3620779533644,-6.159066667351681,-8.867622168781887,509.76378210943926,418.53383751946694,15.666824018096467,-0.017198784425838665,-0.017348401487931892,0.029907577965463186
2024-05-14,468.23876953125,468.9234911376046,456.55883016199584,459.8236590968153,10478600,462.7639907836914,484.36698974609374,466.90014862182903,49.31005570354044,-5.29874366848594,-8.153846468722698,506.0574784029255,419.4705031644573,15.430955229347347,0.008205012083742691,0.008171533972963937,0.030008509174256633
2024-05-15,477.8546142578125,478.8072585621629,467.59375353224107,471.34482265738814,13100500,462.1373229980469,484.1947180175781,467.9434310633513,53.94201342676296,-3.797240957073541,-7.282525366392867,504.1573629590603,420.1172830370335,15.129708786531237,0.020536199375777553,0.020328174834403356,0.03035718622729802
2024-05-16,469.6082153320313,474.0340729044409,469.1318780385458,471.3646579974812,16608200,460.71975860595705,483.74101623535154,468.10198194608273,49.74398898148586,-3.2354089355782207,-6.473102080229937,499.60629780715436,421.83321940475975,14.672067888869487,-0.017257129427512674,-0.017407769275306764,0.030314990014440196
2024-05-17,468.2983093261719,469.18148209338233,464.8350292226781,467.22655798949256,10807300,460.26526336669923,482.9415808105469,468.1206797918055,49.09044435221743,-2.862850321648125,-5.751051728513575,498.57004207344926,421.9604846599492,13.965004904618326,-0.0027893592213528162,-0.0027932567331799417,0.028908416315637363
2024-05-20,465.2518005371094,469.5784476860999,463.4655886777014,466.3533210681569,11745100,459.62569732666014,482.2050604248047,467.84745319612017,47.52651337536339,-2.781360936965484,-5.157113570203957,497.14079504313173,422.11059961018856,13.40413734060262,-0.006505487481785033,-0.0065267403892990536,0.028934593722889097
2024-05-21,461.0740051269531,467.0975562508918,458.7320514056856,463.5449384675149,11742200,458.0642395019531,481.8287622070313,467.20236290381854,45.39091786176601,-3.0190909852525465,-4.729509053213675,492.48060391014036,423.6478750937659,13.044235019502876,-0.008979643722674902,-0.009020203715461562,0.02805044007684575
2024-05-22,464.199951171875,470.0944931584009,462.0862477959769,464.28925874330497,10078600,456.78808441162107,481.19425598144534,466.91641892934774,47.299101031254935,-2.921577908557765,-4.367922824282494,488.17351334304317,425.402655480199,12.756824520356082,0.006779705665820757,0.006756826811084611,0.028125829468379653
2024-05-23,462.2152404785156,470.7295617615154,458.0077001999628,469.26090804074687,11747900,457.99874725341795,480.6030157470703,466.4686876483161,46.19539284442744,-2.9702089390100923,-4.088380047228013,488.23927666871214,427.75821783812376,12.754327166155832,-0.004275551275584988,-0.004284717581611367,0.014220872790838203
2024-05-24,474.56005859375,476.1775886232784,462.7312721434458,464.04117710669794,12024300,459.7318832397461,480.33289978027346,467.2392944050241,53.46850888281712,-1.9896898233171783,-3.6686420024458464,489.594866805996,429.8688996734962,12.84061437891347,0.02670794260798104,0.026357511348163307,0.015195398302365257
2024-05-28,476.2470703125,477.1798484054614,471.2059318134076,472.9326054846614,10175800,462.0787841796875,480.24994018554685,468.0971778247837,54.37614366398889,-1.064225879631067,-3.1477587778828906,489.2671374610748,434.89043089830017,12.350135965566354,0.0035548961363269793,0.0035485924279919307,0.013700296136311328
2024-05-29,470.7295227050781,476.17752617925936,470.0746005933551,471.0272448580583,9226200,464.27137145996096,479.8010015869141,468.3478773371927,50.88049210564945,-0.767165608906339,-2.6716401440875805,486.34220456031414,442.2005383596078,11.908874090821964,-0.011585473069265162,-0.01165310755487177,0.014009994967930624
2024-05-30,463.47552490234375,468.11973058222674,461.1534372044116,468.06019220156327,10719600,465.6537109375,479.221669921875,467.883843771969,46.63571952233338,-1.1043499439252287,-2.3581821040551105,483.48088650203334,447.8265353729667,11.742246334382289,-0.015410118662302685,-0.015530088637822964,0.014187259589969975
2024-05-31,463.2571411132813,465.52962326344255,450.98181875095815,462.2350253461456,16919800,466.9015853881836,478.4537908935547,467.44320542352256,46.509920755271025,-1.3733614494757376,-2.161217973139236,479.6718331709454,454.13133760542183,11.942643347103868,-0.0004711873169752634,-0.0004712983606020383,0.014196877145759517
2024-06-03,473.8355712890625,475.9294383757683,464.6563651819933,467.2563084447153,11279400,468.1683151245117,477.85302307128904,468.0520021726216,53.108325543907476,-0.7246112309761088,-1.8738966247066107,478.096072303104,458.2405579459194,11.994761483916948,0.022834899318248114,0.02257808520420982,0.014163901672788477
2024-06-04,473.3394470214844,475.224929995745,469.60824398888354,473.34938017946,7088700,468.7294891357422,477.2062127685547,468.5555683487038,52.77948542599886,-0.24765033206125509,-1.5486473661775397,478.4928202515518,458.9661580199326,11.539184664127271,-0.001047038883611906,-0.0010475874117440859,0.012608921938260713
2024-06-05,491.2711181640625,492.8489456650612,480.2064593427849,480.7423350002612,15690500,470.0602264404297,477.04823120117186,470.7189540454046,61.949968017936264,1.5593059087422034,-0.9270567111935912,483.71841587772076,456.4020370031386,12.108492805516525,0.03788332296286345,0.03718337280226573,0.015027276755189447
2024-06-06,489.9810791015625,498.97173709860135,487.133049134123,489.20704994565904,10667300,471.1101272583008,477.0059576416016,472.553442145991,61.031670289679234,2.8543333983034245,-0.17077868929418805,487.2740682882308,454.9461862283708,12.089221031156656,-0.0026259208302760184,-0.002629374607935523,0.014996045636421053
2024-06-07,489.1872253417969,495.091700375797,486.4185998273159,492.1146602478679,9380700,471.9804153442383,476.988095703125,474.137611974163,60.43796003668805,3.7731006939235954,0.6179971873493687,489.9667863158961,453.99404437258045,11.84521242525126,-0.0016201722752666736,-0.0016214861737204494,0.014994318062984674
2024-06-10,498.75341796875,498.8129563433123,489.6337500954303,490.0802879046476,11220900,473.2903106689453,477.3258898925781,476.48197444983794,64.87251143937729,5.213049403537639,1.5370076305870226,494.736495049341,451.84412628854966,11.686678037841558,0.01955527890220199,0.01936653114380137,0.015503279606037488
2024-06-11,503.5861511230469,503.71516103182034,494.4565499121785,496.332099600009,9673700,475.2482116699219,477.6458215332031,479.06332460919117,66.89156590317184,6.667323551258562,2.563070814721331,499.9962472201128,450.50017611973095,11.51324468654158,0.009689624131256958,0.009642980785634981,0.01482754301640513
2024-06-12,504.9457092285156,510.0761551757221,500.6091588400746,510.056288859241,11983200,477.0835586547852,477.873466796875,481.5283136205554,67.45823775682989,7.83918601100595,3.6182938539782548,504.7521886498461,449.41492865972424,11.367084090049143,0.0026997527680949762,0.0026961149815358633,0.014799552429599693
2024-06-13,500.241943359375,505.4616660517263,497.52289299395886,501.8396069009231,9954600,478.20292510986326,477.8210699462891,483.31056407187157,63.41422692593574,8.292747230523275,4.553184529287259,507.6594084681518,448.7464417515747,11.12220473060045,-0.009315389324383583,-0.009359048912420762,0.014534648724677551
2024-06-14,500.79827880859375,503.7683318714167,497.41101295586674,499.29833774600206,10243300,479.7624282836914,477.69684020996095,484.97606071346416,63.69147063323638,8.59797725623065,5.362143074675938,510.50803619379013,449.0168203735927,10.78185574381113,0.0011121327521692592,0.0011115147906677488,0.01378896175332599
2024-06-17,503.2517395019531,507.3442620321648,492.70255969673593,498.3248218231231,11266600,481.51009979248045,477.295791015625,486.7166015504631,64.95280374316319,8.934852605115793,6.076684980763909,513.4027216125539,449.6174779724069,11.057559071783826,0.004899099691788367,0.004887138154162234,0.013716964679240048
2024-06-18,496.1593627929688,502.62596344611273,491.7191677926502,501.195563022246,13060400,483.05547790527345,476.91345703125,487.6159121449875,58.61383449640145,8.531190960304912,6.56758617667211,514.6409219399595,451.4700338705874,11.091488545892334,-0.01409309924294222,-0.01419334997634462,0.014113115498029061
2024-06-20,498.3546447753906,500.31150990328194,493.45749528868265,498.652632230771,11801200,484.9195098876953,476.6216705322266,488.6386485859783,59.91776915392222,8.29283249689638,6.912635440716965,515.479576743405,454.3594430319856,10.78881183651426,0.004424550148694584,0.0044147906038264715,0.013813645181514714
2024-06-21,491.4807739257813,500.09297514636967,489.1067263628177,500.09297514636967,22359200,486.28355102539064,476.1342535400391,488.90932718976904,54.16334518840258,7.4632362256314195,7.022755597699856,515.4250209231836,457.14208112759763,10.80291447558838,-0.013793130899196093,-0.013889139995516695,0.014350138272264753
2024-06-24,495.583251953125,504.413957316906,490.9940631467727,495.87132670955725,13525300,487.9519515991211,475.66279846191406,489.54493907199344,56.82821389063198,7.055479716415562,7.029300421442998,515.1462745151117,460.75762868313046,10.989841596627304,0.00834717906577409,0.008312534025321514,0.014292803002626524
2024-06-25,507.1952819824219,507.3045339423374,492.1959639995384,493.7356163425208,12063200,489.5837127685547,475.64705932617187,491.2259241110819,63.327300835969886,7.581923824450598,7.139825102044519,517.2797993873822,461.8876261497271,11.284036478496713,0.023431038041606733,0.023160745286987888,0.014030180686140876
2024-06-26,509.6985168457031,510.3839183587047,501.3147922442551,503.2716575193011,8882300,491.2562850952148,475.9129986572266,492.9852186572363,64.5656825587628,8.107664595344374,7.33339300070449,519.5623106632497,462.95025952718,11.12582859535049,0.004935445876974809,0.004923306489780247,0.014034256617921442
2024-06-27,516.095458984375,519.3933277808096,510.47322776643625,510.8208696393797,10121200,493.5245819091797,476.3162048339844,495.1861939264876,67.57867425399797,8.937472098185424,7.654208820200677,522.1563425740118,464.89282124434754,11.023613048190203,0.012550442913312088,0.012472338918870023,0.013703282048491841
2024-06-28,500.8578186035156,518.4000638324243,500.48034762615777,513.7016232829023,15855100,495.3936965942383,476.5256018066406,495.72634865763314,55.47765529208612,8.270216383725256,7.7774103329055935,520.6121316493252,470.17526153915145,11.516191845195653,-0.029524848776708024,-0.02996948079844944,0.015087049518471484
2024-07-01,501.3147583007813,503.2020829318588,489.8815282371348,501.5829773267176,10328200,497.2965774536133,476.5927069091797,496.2585781474568,55.73363877911317,7.68964123988485,7.759856514301445,517.8378967656278,476.7552581415988,11.645074905876251,0.0009123141943550017,0.0009118982886989245,0.01506866126801641
2024-07-02,506.10260009765625,507.0959319918616,496.11962668652535,497.4208890428077,7739500,498.909928894043,477.16699462890625,497.1961040474758,58.430591617985485,7.529079532753315,7.713701117991819,516.7132890405899,481.10656874749617,11.597305648694824,0.00955057021082606,0.009505251830911972,0.014478888523786738
2024-07-03,506.5595397949219,507.87074521081,502.6458095867641,502.9934818232005,6005600,500.57093353271483,477.73732299804686,498.08785983294683,58.68927357721742,7.353932877286752,7.641747469850807,514.2405087864266,486.90135827900303,11.142136361219903,0.0009028598098042018,0.0009024524770439365,0.014453921556798139
2024-07-05,536.309814453125,537.2634349299381,508.1886203167893,508.1886203167893,21354100,502.82286834716797,478.6174560546875,501.7280459872495,71.23857339141271,9.506145494572365,8.014627074795118,522.9407373867344,482.7049993076015,12.539404845062494,0.05873006492039878,0.05707013792412123,0.01749583942186452
2024-07-08,525.7904663085938,539.190504390823,523.1382870220716,538.733549875278,14917500,504.6133377075195,479.33880432128905,504.01970506547275,63.852446909309386,10.244869539382535,8.460675567712602,526.1638674826676,483.0628079323715,12.790320025325984,-0.019614312214774277,-0.019809225777019403,0.018257772582038694
2024-07-09,526.4658813476562,533.8959841966067,524.667953121388,530.1908757911539,8753200,506.4772705078125,481.10808227539064,506.1574361399664,64.10974975793394,10.760770551516543,8.920694564473392,528.8030873085107,484.15145370711423,12.535870814604037,0.0012845707222581826,0.0012837463671740252,0.01822484019261904
2024-07-10,531.1245727539062,535.2866353441332,524.8367656001964,527.2505545542191,10983300,508.0958282470703,482.932626953125,508.53525867462736,65.9121183223993,11.41397013985204,9.419349679549121,532.5402448118017,483.6514116823389,12.386870738127806,0.00884899016499352,0.008810067301683315,0.017892979985321588
2024-07-11,509.28131103515625,531.8895562792189,504.9801666469837,527.3500219197413,16458300,508.3805862426758,484.5320721435547,508.60631128039205,52.57934443523965,10.053180048991237,9.546115753437544,532.7407748515814,484.02039763377024,13.424193516278336,-0.04112643782510694,-0.041996056195504144,0.020373707080189034
2024-07-12,495.5434875488281,504.70200901700827,490.93444322689584,494.4409036740209,19750500,507.9104751586914,485.90538635253904,507.3622328297669,46.24367242244923,7.776573060957446,9.192207214941524,532.8731135587273,482.94783675865546,13.77581310856277,-0.02697492169584015,-0.027345422920511543,0.021285022422510524
2024-07-15,492.8515625,503.30140324613546,490.0801579921721,495.3050935222818,12539200,507.5409561157227,487.0458428955078,505.980264226932,45.09696004057869,5.689544242381089,8.491674620429437,533.1569673723465,481.9249448590989,13.736201118948529,-0.005432268037954713,-0.005447076459196193,0.02122015683399634
2024-07-16,486.5240478515625,500.58963142634576,482.55072018571695,498.1559561053816,14075800,506.8272445678711,488.01033081054686,504.12729123880155,42.43338612032972,3.4848105892919534,7.490301814201941,533.9084528708354,479.7460362649068,14.043537556211406,-0.012838580882935768,-0.01292170771598886,0.021391879903591475
2024-07-17,458.9093933105469,475.9748583365877,456.0585356169319,475.9748583365877,28076600,504.6101272583008,488.2184991455078,499.82082476944396,33.213538020963014,-0.4851362030303221,5.895214210755489,538.8211876484654,470.3990668681362,15.216535747527061,-0.05675907421834325,-0.05843354034656032,0.02465614483599192
2024-07-18,472.6770324707031,476.04441214611455,461.442450113497,471.8326942182321,19267200,503.4360107421875,488.4297204589844,497.2357016933734,40.19085156257251,-2.491691549446614,4.217833058715069,540.240139303789,466.631882180586,15.353570253815677,0.030000778717640175,0.029559558277802468,0.02568540595238182
2024-07-19,473.6106872558594,483.464521940826,472.5378719136713,472.8855441137152,15149400,502.1988128662109,488.60880676269534,494.9857003183721,40.64372616703399,-3.960904142273762,2.582085618517303,541.2009560513839,463.196669681038,15.037361666197032,0.001975248893046455,0.001973300654034501,0.025658448886973547
2024-07-22,484.1499633789063,488.77889368380687,480.6733017189841,483.3354239432015,12023100,501.8322723388672,488.91214477539063,493.95372537175626,45.646881159659365,-4.226118145159944,1.2204448657818534,541.364622218698,462.2999224590365,15.046707720607781,0.022253036949213323,0.022009051106050365,0.026066200544765532
2024-07-23,485.431396484375,491.9178529509269,484.4678632735356,486.5737221720912,9455500,501.3246795654297,489.18514343261717,493.14207500152946,46.24022252938809,-4.283523419404844,0.11965120874451385,541.4216093722039,461.2277497586555,14.526792138565838,0.0026467689815061757,0.0026432724567886662,0.025996277065991277
2024-07-24,458.1942138671875,473.12399173942754,457.5088124022394,469.1606069922724,17649700,498.87462615966797,488.8979174804688,489.81370727444926,36.99573660485947,-6.4524506844218195,-1.1947691698887528,543.0210569654173,454.72819535391864,15.483634420249391,-0.05610923152982383,-0.05774483089805179,0.02810683577820751
2024-07-25,450.3866882324219,460.45905945171774,439.6984256785594,460.1710149834866,18240500,495.9090347290039,488.61708862304687,486.0587530799705,34.8452238231435,-8.701043028910192,-2.6960239416930407,544.4941469108539,447.3239225471538,15.860562945457175,-0.017039773525007296,-0.017186621021821592,0.028140285231868435
2024-07-26,462.5946960449219,466.6375339973092,456.3565726815499,461.1046981366571,14222400,493.23399658203124,488.5042071533203,483.82408098139445,40.654161083393966,-9.389745319134306,-4.034768217181294,542.9568333566955,443.51115980736694,15.888440289702187,0.027105614201013095,0.026744763245185176,0.02881953070955122
2024-07-29,462.6046447753906,470.7996339090199,461.91924325908735,466.74685262113263,11339600,491.321337890625,488.1992077636719,481.80318229510834,40.65880425004919,-9.821527609966097,-5.192120095738255,542.6412594593161,440.0014163219339,15.38786531543293,2.1506365191381605e-05,2.1506133932825412e-05,0.028251139412053504
2024-07-30,460.1014099121094,469.5778048233908,453.6546955153981,463.8860020648565,11390400,489.2606704711914,488.00907165527343,479.7363468300608,39.81471907776704,-10.247580589199003,-6.203212194430405,542.097324786737,436.42401615564586,15.4260970291872,-0.005411175377403876,-0.005425868816708924,0.028233559998783526
2024-07-31,471.6637878417969,473.3226655061121,463.6376791709923,467.8791956067384,24285800,487.5387298583984,488.0763812255859,478.9675316883214,45.448131474937746,-9.542246301167722,-6.871019015777868,540.3123185018715,434.76514121492545,15.268608355245453,0.025130064113248807,0.02481949635808949,0.028832741685518023
2024-08-01,494.4210510253906,523.6548039805784,488.8186744101764,517.5259626274621,43083100,486.9318054199219,488.6597662353516,480.4392954347089,54.47936582368027,-7.065496205572572,-6.909914453736809,539.0920705267566,434.77154031308714,17.89163748264089,0.04824890901149037,0.04712106629689872,0.031039653378364073
2024-08-02,484.8850402832031,497.80826747717975,472.9749703834954,485.73929115246585,24044700,484.3605667114258,489.13598693847655,480.8626997059941,50.69223503477489,-5.805211418308431,-6.688973846651134,531.3440582411043,437.37707518174733,18.387470312001135,-0.01928722638813729,-0.01947565167443516,0.02791593345195787
2024-08-05,472.5578002929688,480.2561225927905,447.79401274658,448.3403634853405,21396200,481.69893341064454,489.30314392089844,480.07175690475356,46.21936727020309,-5.735022123595286,-6.498183502039964,524.8693521242442,438.5285146970449,19.723438685188423,-0.025423015696740103,-0.025751764382815723,0.028109319426051046
2024-08-06,490.7953796386719,499.2089024694643,475.4583319023931,475.80600414778166,20955000,479.9154083251953,489.87474670410154,481.0930543079839,52.84809109625049,-4.159824499036347,-6.0305117014392415,518.212854013683,441.6179626367076,20.218271791710357,0.03859333045480673,0.03786723073868409,0.029735388274296858
2024-08-07,485.6598510742188,506.7482681354804,483.6135594494023,499.77508903606014,20105300,477.6421722412109,490.09674255371095,481.5279873333396,50.94394938632105,-3.287961692924796,-5.482001699736353,508.1076930358825,447.1766514465393,20.42658871273662,-0.010463685636637243,-0.010518814902613399,0.029641085969408083
2024-08-08,506.2317504882813,506.5595366831975,491.4211679453795,494.1826294663164,16156800,477.4896942138672,490.6964361572266,483.8807266814292,57.54315428943115,-0.9263454477791129,-4.570870449344905,507.34468936107567,447.63469906665875,20.460381348182484,0.04235865774895742,0.041486085402083955,0.03002015249438819
2024-08-09,514.3174438476562,514.8836502692486,502.3279213182623,504.3244976939632,13696600,478.4283920288086,491.5681945800781,486.7794616496413,59.83045618600703,1.57949290911165,-3.3407977776535938,511.50201987260965,445.3547641850076,19.895763319811326,0.01597231574585356,0.015846100503408782,0.02951099895105782
2024-08-12,512.5096435546875,514.5658480140165,505.7053134773553,513.4135489736507,9767400,479.41129608154296,492.548876953125,489.22995516440756,59.06429759320247,3.380544670665472,-1.9965292879897807,515.1981823538712,443.62440980921474,19.107532692443463,-0.0035149503766476187,-0.0035211423285833217,0.02948774211970171
2024-08-13,525.0157470703125,527.9560320287349,514.6950722205842,516.5426554488862,13743800,481.3358810424805,493.78404907226565,492.6381258221128,62.629479991259196,5.750738272323986,-0.4470757759270274,522.2225544511856,440.4492076337753,18.846022391129456,0.02440169404205661,0.02410872903383826,0.02965196614774611
2024-08-14,523.2474975585938,530.4392104871642,519.6416980752537,524.538816844259,11444200,484.5527862548828,494.77228759765626,495.55330408273,61.80980237968301,7.401135141379996,1.1225664075343773,527.9238987060111,441.18167380375445,18.27112882118525,-0.0033679932870317453,-0.0033736777434853313,0.02605716588088039
2024-08-15,533.7469482421875,536.1706800557524,523.1878272447614,528.2438517303515,13482100,487.60628204345704,495.9804376220703,499.19079400267833,64.75910233435314,9.447400718489746,2.787533269725451,535.5600562250916,439.6525078618226,17.893394820457093,0.02006593578102689,0.01986726812949141,0.02568574568331706
2024-08-16,523.9031372070312,530.1015190770014,521.1615312349661,528.3533057155574,14776700,490.12090454101565,496.63307800292966,501.54435049833097,60.07484174230785,10.157676279306997,4.26156187164176,540.1067841201893,440.135024961842,17.514253548083115,-0.01844284275081165,-0.018615032372102703,0.0262703106081857
2024-08-19,525.7506713867188,528.1147452351695,519.2741288076174,523.3567078553176,9879700,492.20093994140626,497.3484698486328,503.8497143924631,60.65014555785177,10.74578463012972,5.558406423339353,544.431655020368,439.97022486244447,16.894708039473752,0.003526480466478743,0.003520277014196172,0.02596953219322998
2024-08-20,523.2177124023438,527.5486857302659,522.3734045061494,524.8269052919596,7944400,494.0902557373047,498.0290795898438,505.6942856314994,59.38668966681203,10.882034790794137,6.623132096830309,547.9141559305139,440.2663555440955,16.057606124091087,-0.004817795054248952,-0.004829438039571819,0.026050334211454824
2024-08-21,531.5914306640625,535.803208512871,523.4163291780279,523.6348937052984,13423300,497.76011657714844,498.68583984375,508.16068039650537,62.19083305045775,11.532760620844556,7.6050578016331585,551.3017188828553,444.21851427144156,15.809598265979387,0.01600427138307481,0.015877553264652487,0.021949210081221308
2024-08-22,528.3829345703125,540.6009026012845,525.0652405771165,533.41913366634,15708300,501.659928894043,499.1817755126953,510.0866093654394,60.46806907795077,11.655212672569519,8.415088775820431,552.1036806059881,451.2161771820979,15.790031391564288,-0.0060356429932325595,-0.0060539311105666325,0.021428607756793668
2024-08-23,524.4793090820312,536.2701553658752,521.5589105040611,533.3398137671492,11323900,504.75415954589846,499.57244750976565,511.4573426717815,58.35022842411434,11.306927629441986,8.993456546544742,552.766672210728,456.741646881069,15.712975210867842,-0.007387872001308526,-0.007415297488478653,0.021216776850957277
2024-08-26,517.6450805664062,524.4792084356696,511.5162401255344,524.0818514507407,9584000,507.50618133544924,499.92051025390623,512.0466510426982,54.735760529359396,10.360020233956675,9.266769284027129,551.6969691372445,463.31539353365395,15.516553335555628,-0.013030501675245443,-0.013116143445877545,0.021623641780909066
2024-08-27,515.638671875,520.5159664663109,511.8739650201228,515.5194768725571,6282700,510.2830444335938,500.2173181152344,512.3887482648221,53.68436952785419,9.340022917564454,9.281420010734594,548.8286909013248,471.7373979658628,15.02551391488652,-0.0038760316029872177,-0.0038835628807603103,0.021584230742745698
2024-08-28,513.3341674804688,517.6154262040186,509.03302271484114,514.2181869302751,9106100,512.3665634155274,500.41896667480466,512.4787881901218,52.43846183710712,8.250605604957627,9.075257129579201,546.6006857301393,478.1324411009154,14.56529174162159,-0.004469223353926188,-0.004479240188743121,0.021210172519454062
2024-08-29,514.764404296875,523.684565573268,512.2413632137636,515.5888867116108,8317400,513.3837310791016,500.7910675048828,512.6964659145744,53.164942671858284,7.417142492344112,8.743634202132185,546.6189271161054,480.1485350420979,14.34228535718464,0.0027861710889538482,0.002782296908703077,0.018537141969416245
2024-08-30,517.8338623046875,520.0489730917525,511.7646188064961,517.8735737554629,9157500,515.0311721801758,501.18065185546874,513.1857417612518,54.76196301395437,6.9244755358787415,8.379802468881497,545.6129913716655,484.449352988686,13.90957599490405,0.005962840441551265,0.0059451330644617415,0.01784508896495062
2024-09-03,508.3475341796875,521.9859615332059,505.2284575160921,516.1749942685213,12459100,516.8206588745118,501.5179870605469,512.7249600868171,49.180437558710956,5.7028273801195155,7.8444074511291015,540.7073780723143,492.93393967670926,14.11299942506189,-0.018319250276101817,-0.018489125598976405,0.01730277584861479
2024-09-04,509.3209838867188,513.1453480424364,500.7088133710869,502.6954771522908,8335200,517.746939086914,501.79274169921877,512.4007718772839,49.746468985190106,4.758360256024389,7.227198012108159,538.7928262630569,496.70105191077124,13.99325194265386,0.0019149295345795014,0.001913098394315356,0.015241648240790332
2024-09-05,513.41357421875,518.1517873635855,507.74165686241577,508.3078633902029,8640900,519.1346252441406,501.9171075439453,512.4972292431378,52.15903387279164,4.290641250744102,6.639886659835349,534.4011259019971,503.86812458628407,13.737314696833566,0.008035385270797057,0.008003273468345146,0.01500732392936943
2024-09-06,496.9341430664063,521.0820696565472,494.9276235238455,518.4000613773472,14744500,518.6697448730469,501.66182006835936,511.01503055963957,43.17154034664329,2.56070004356269,5.824049336580817,535.9172674108006,501.4222223352931,14.624252656538433,-0.03209777064702679,-0.03262419954121153,0.013894542615672459
2024-09-09,501.4240417480469,507.9204108518389,498.7320903469637,502.7849016644613,11047800,518.0250747680664,501.36839172363284,510.1016030537736,45.906393412344045,1.5343197898213816,4.966103427228931,536.773647671765,499.2765018643677,14.364396594316586,0.009035198615927165,0.008994625417057308,0.01353483574628613
2024-09-10,501.4240417480469,510.751412962104,496.69577198232815,504.77156555740726,9899000,517.4707946777344,501.3797161865234,509.27516864370443,45.906393412344045,0.7126905905673766,4.11542085989662,537.4536609241867,497.48792843128206,14.342342621849388,0.0,0.0,0.013525756981902583
2024-09-11,508.4170837402344,509.6984904565573,492.29532543071457,503.6292467318183,10782500,516.6408615112305,501.5217626953125,509.1934462719454,50.23264375036312,0.6186916835135889,3.416075024620014,536.6800347029282,496.6016883195327,14.560972793563197,0.013946363576442522,0.013850007888734568,0.01266686694623416
2024-09-12,522.0952758789062,523.1979204782829,511.7844848502824,513.6022993894097,11970500,516.5832504272461,501.8416162109375,510.42219194879885,57.40796494581139,1.6291330331117706,3.0586866263183654,536.5526216067616,496.61387924773055,14.576677361026432,0.026903486480128747,0.02654795036692697,0.014156472970203041
2024-09-13,521.1218872070312,524.0621720816487,513.6619533531348,516.8704572987319,10321400,515.9519973754883,502.1328631591797,511.441210544821,56.780573173311566,2.324574503751535,2.9118642018049994,534.4555971298898,497.44839762108677,14.278358887275536,-0.0018643889666236646,-0.0018661291029300876,0.013345307030307133
2024-09-16,530.2294311523438,531.0446869851908,514.4402669362904,521.5393768501115,9527600,516.2683120727539,502.0112554931641,513.2305648883946,61.067789529983074,3.569472899420134,3.0433859413280264,535.5065001903135,497.0301239551943,14.444506113105879,0.017476801817180698,0.017325838877833354,0.013307045972955331
2024-09-17,533.2520751953125,538.9989800805172,527.5349671432173,534.5247216049645,11690800,516.6433822631836,502.1604876708984,515.1373753938153,62.40083514495696,4.7452654931931875,3.383761851701059,536.8733547244706,496.41340980189676,14.231613743405452,0.005700634226206036,0.005684447099704705,0.013340321999260127
2024-09-18,534.8726196289062,541.0868659284195,530.8458001640214,533.9976488950548,10323500,517.2261276245117,502.32862243652346,517.0169224638239,63.1297398780633,5.741667616997802,3.8553430047604076,538.8064444153113,495.6458108337121,13.94657460204778,0.0030389838295523663,0.003034375452356109,0.013281943872427614
2024-09-19,555.9016723632812,558.8547141847413,543.3936793129712,546.8537527288971,15647000,518.4416397094726,502.82416442871096,520.720231978058,70.98924289040778,8.134423714264926,4.711159146661311,545.2313272806447,491.65195213830054,14.663397455889726,0.0393160015350289,0.038562805948086816,0.015490106210969032
2024-09-20,558.1387939453125,561.2707987619654,553.1176944195414,556.7965408444652,22066800,519.9294326782226,503.8013140869141,524.2839045463679,71.6808409974698,10.094850028191672,5.787897322967384,551.6191816622764,488.2396836941688,14.198376519213598,0.004024311660226987,0.004016235777386787,0.01536625192021299
2024-09-23,561.1812133789062,570.6964745858071,559.1926545649918,566.2421222621582,12830700,521.7645278930664,505.11406860351565,527.7979339589906,72.63623979678488,11.758455670236458,6.982008992421198,558.1921479089232,485.33690787720974,14.081183956447955,0.005451008721482742,0.0054362057431858795,0.015182916821950746
2024-09-24,560.1074829101562,564.5021812702805,551.0197537936696,563.4382949321094,12993000,523.8876480102539,506.45918701171877,530.8750338591017,71.71666868165836,12.842197196607799,8.154046633258519,563.8824403528166,483.8928556676912,14.038415636459598,-0.0019133400105912912,-0.001915172783774664,0.014743130100979822
2024-09-25,565.0590209960938,573.580004208347,560.4952510598988,560.8233803106601,16543400,526.3586654663086,508.0298864746094,534.1306516816724,73.38972608689915,13.939927103650348,9.311222727336885,569.9541580624938,482.7631728701234,13.997994612297536,0.008840335537405597,0.008801488550259369,0.014657154870006378
2024-09-26,564.5917358398438,574.0970460697704,559.1330900425771,572.436555499505,14400800,528.9215438842773,510.14353332519534,537.0317073157839,72.95115600215158,14.60383602572199,10.369745387013907,575.1029212570212,482.74016651153335,14.06699185621866,-0.0008269669873179897,-0.0008273091131478953,0.014559687171723318
2024-09-27,564.114501953125,567.5746364892888,561.2808291532298,566.8388185533927,9398400,531.3890487670899,511.97228271484374,539.6110210907688,72.47480752587946,14.919497167142595,11.279695743039644,579.5137745733183,483.2643229608615,13.511764390492969,-0.0008452725330966304,-0.0008456299773636429,0.014609607233464456
2024-09-30,569.1654052734375,571.392581823153,561.5690947166503,564.4525297734127,12792300,533.9556259155273,513.8833770751953,542.425724346261,74.38145142630792,15.399708330079534,12.103698260447622,584.3371896771056,483.57406215394906,13.248316013065095,0.008953684584999788,0.0089138380235783,0.014638610924743197
2024-10-01,573.1723022460938,579.7047261626475,566.8387463764593,574.6736740742251,15259300,537.1968643188477,515.663823852539,545.3539698605308,75.81280999925256,15.920085400511766,12.866975688460453,588.8951634158817,485.4985652218137,13.221006282573885,0.007039951717956683,0.007015286949389905,0.013587726383209904
2024-10-02,569.5332641601562,572.705018338464,566.0831432657689,571.5715250916941,6524700,540.2074783325195,517.3458612060547,547.6567597938284,71.88461548343756,15.856069122336748,13.464794375235712,592.0743709667929,488.34058569824606,12.783017189556102,-0.006348942668159663,-0.006369182919605451,0.013845108427166531
2024-10-03,579.436279296875,580.0228702133212,565.4765563823341,566.8884769556879,11581000,543.5086135864258,519.7707025146484,550.6833806988805,75.59111433103736,16.415202087694865,14.054875917727545,596.525419234876,490.4918079379756,12.908966949658312,0.01738794862372428,0.0172385080677698,0.014084257618168816
2024-10-04,592.5309448242188,593.4357124935896,578.1039391514795,580.3907699305325,14169500,548.2884536743164,522.6135876464843,554.6688629965317,79.44911292619227,17.710790098772577,14.786058753936551,600.8830895914502,495.6938177571826,13.082024549119152,0.02259897420167345,0.022347400535616836,0.01129941193190989
2024-10-07,581.434814453125,599.5008565761534,580.698996622439,594.7978731184487,12014200,552.2889923095703,524.9903900146485,557.218001230493,69.43415577175841,17.638858167891385,15.35661863672752,602.1152917437446,502.462692875396,13.490584220875954,-0.018726668147915126,-0.01890423248455013,0.012876537902468826
2024-10-08,589.4983520507812,590.1645022838451,582.6178946285061,586.3166457039373,7857400,556.692707824707,527.5282641601563,560.2923203562348,72.1787343778093,18.024733777778806,15.89024166493778,603.2174101375203,510.1680055118936,13.150520193007678,0.0138683432729092,0.013773057757829322,0.0128242708432384
2024-10-09,587.1318969726562,590.989705628623,578.2827866596821,590.5919696221545,9529700,560.6284484863281,530.0688739013672,562.8484705101797,70.18690246031065,17.93287085874863,16.29876750369995,603.3108731845762,517.9460237880801,13.118834391288626,-0.00401435401794159,-0.004022433165987845,0.013028016528807725
2024-10-10,580.490234375,586.8535869486327,579.1877306195246,584.2088301034865,7740400,563.5481964111328,532.2454028320312,564.5286384973055,64.78345700493124,17.126716047060086,16.464357212371976,603.1667109698947,523.929681852371,12.749215245705985,-0.011312045269387894,-0.011376513089833503,0.012802501013923506
2024-10-11,586.5753173828125,587.8281195065246,579.376742110834,581.4846102064073,8587100,566.8208679199219,534.0884881591796,566.6283222006871,67.26967600468404,16.785356750240112,16.528557119945603,602.4977021143615,531.1440337254822,12.442226827847739,0.010482662149112976,0.010428100019255121,0.012731658869506156
2024-10-14,587.0425415039062,596.6671607014488,586.5852117292404,590.8207918278077,8252000,569.6615234375,536.1316381835937,568.5725335628985,67.45963441197486,16.363895330764763,16.495624762109436,602.1354479096616,537.1875989653385,12.274342291475492,0.0007965287785691721,0.0007962117178757681,0.012484886694202633
2024-10-15,582.9163208007812,587.2314602827565,576.821381994876,586.7840223253323,9564200,572.1447357177734,538.33880859375,569.9386085379349,63.93080804108657,15.518050170177162,16.300109843722982,600.4272169398351,543.8622544957117,12.141180576932994,-0.007028827404150784,-0.007053645976841165,0.012777747240228515
2024-10-16,573.490478515625,578.7502561624128,570.7463179400054,578.074153352245,11268400,574.0756286621094,539.9927105712891,570.2768818691435,56.64169111757703,13.9265880510128,15.825405485180946,596.6035098543903,551.5477474698284,12.1432393114932,-0.016170146466661817,-0.016302309956948893,0.013592411355248798
2024-10-17,573.629638671875,581.6236236428501,571.9095546343025,579.9930514580655,8701200,574.962026977539,541.7521063232422,570.5961920408322,56.72014779540464,12.532109559277046,15.166746300000167,595.8986902031601,554.025363751918,11.969727146997089,0.00024265469343132118,0.00024262525754294043,0.010681893836103584
2024-10-18,573.1723022460938,580.6293988605148,571.9593103260983,577.7758214109436,7694300,575.7137023925782,543.0909173583984,570.8415358699048,56.35921356417742,11.260270689230538,14.38545117784624,595.2103737058133,556.2170310793431,11.734038674669907,-0.0007972677751452162,-0.0007975857621229394,0.010679302384504711
2024-10-21,571.8698120117188,573.937930513858,565.8544327374575,572.7348910706112,8171900,576.2481323242188,544.2419647216797,570.9394669310299,55.28030530488554,10.031591206090297,13.514679183495053,594.6789267225756,557.8173379258619,11.473285753364948,-0.00227242354396906,-0.0022750094165585673,0.010664124433583791
2024-10-22,578.6805419921875,580.1918660440482,568.8471045236925,571.0046737501541,8544500,577.1767852783203,545.5653826904297,571.6767121749497,59.63202060465056,9.49793655299959,12.71133065739596,594.0683159246202,560.2852546320204,11.464105451007148,0.011909581232326216,0.011839220265254522,0.01091061203288478
2024-10-23,560.4653930664062,581.6534860008076,559.2821980776996,576.6522311713827,14248400,576.9471038818359,546.2743756103515,570.6089674979455,46.57748500337234,7.5185321491997,11.67277095575671,594.5992674062169,559.294940357455,12.243189913300062,-0.03147703716297956,-0.031983086723828,0.013037089734714317
2024-10-24,564.5320434570312,565.6257266322763,558.3078440792799,563.885737507838,7184700,576.9441192626953,547.1000665283203,570.0302128273822,49.24875272471969,6.206440614429539,10.579504887491277,594.6046561356042,559.2835823897864,11.891382244706941,0.007255845661362947,0.00722964865784788,0.013145603927273285
2024-10-25,569.9707641601562,577.9647500652169,568.4494872870167,570.6468669862153,11337900,577.2369323730469,547.8245428466797,570.0245510495512,52.65818884506674,5.541578065050771,9.571919523003176,594.2180196404811,560.2558451056127,12.001476842098276,0.009634033649923213,0.009587922270241892,0.01331466014246363
2024-10-28,574.8526611328125,580.410710743533,570.8357934356153,578.67072146079,10925100,577.5212951660156,548.8435333251953,570.4843710574809,55.54509121862683,5.346961546233047,8.72692792764915,594.1387834213921,560.9038069106392,11.889938966475304,0.00856517084670072,0.00852869788765785,0.013302110134954798
2024-10-29,589.88623046875,590.2739533915471,572.1085063582906,576.8313344603039,13019100,578.3569915771484,550.126244506836,572.3321671918875,63.022955851643225,6.332809274285637,8.248104196976449,595.6816254571445,561.0323576971523,12.338189542673964,0.026152039213512834,0.025815922138008766,0.014429221480838224
2024-10-30,588.4146118164062,597.7608636426235,586.0084723536592,597.5420905900066,26864900,579.301058959961,551.4301824951172,573.8638285846988,61.92485870708222,6.915634248222091,7.981610207225577,596.6572508825083,561.9448670374137,12.296346810266131,-0.0024947499641996274,-0.0024978670381842513,0.014343837948590833
2024-10-31,564.3331298828125,586.525453807229,559.7892656536117,581.6534603775302,26838400,578.5459014892579,552.0850164794922,572.9561429940429,47.37743348889,5.372422956766286,7.459772757133719,597.0866800622808,560.0051229162349,13.462703906875307,-0.040926043388445854,-0.0417870886034012,0.01672299108413794
2024-11-01,563.9156494140625,570.3884199876283,559.341987056596,564.3630874174274,15303200,577.11513671875,552.7956707763672,572.0951436054734,47.17054817200712,4.068826802628337,6.781583566232643,595.5342758549954,558.6959975825047,13.290113122886513,-0.0007397766436939568,-0.0007400504134625483,0.015762654186168706
2024-11-04,557.47265625,565.4368452329544,554.6986381254013,560.87307535209,12064600,575.9170288085937,553.4555377197265,570.702525762095,43.97873773832422,2.4871514231633682,5.922697137618789,596.090187235328,555.7438703818594,13.107834121791269,-0.011425455510513105,-0.011491227490470053,0.015444817965281289
2024-11-05,569.1553955078125,570.1993768247104,563.4283359927113,564.0547369200507,9775400,574.8998809814453,554.4857440185547,570.5551800235919,50.517020589366034,2.1515598681013444,5.1684696837152995,594.2666419620048,555.5331200008859,13.080611725571206,0.02095661397349935,0.02074004461999933,0.015902364864242773
2024-11-06,568.7775268554688,569.722104436324,551.994085485955,559.53074043899,18305400,573.9821624755859,555.5485211181641,570.3858797218659,50.31248567527702,1.8339694425170592,4.501569635475652,592.6710576494868,555.2932673016851,13.412569384485336,-0.0006639112188449037,-0.0006641317054925981,0.015893605092854424
2024-11-07,588.3152465820312,591.3974890420855,571.9195858236583,573.5899682554951,14653700,574.3734130859375,557.0481427001953,572.0934384704531,59.45360992544914,3.1228096349329917,4.22581763536712,593.8997787153002,554.8470474565748,14.070240298923292,0.03435037216498049,0.03377356991251267,0.017593521630459463
2024-11-08,585.96875,589.707190216614,581.1763151778936,588.1561165108458,9415700,574.3430847167969,558.4722296142578,573.4148967113623,58.071799829761346,3.909812227747125,4.162616553843121,593.7952915167401,554.8908779168536,13.674571351765943,-0.003988502075483846,-0.003996477363251606,0.017472262880144772
2024-11-11,579.833984375,583.6420920185832,573.2121093173138,583.0057385461188,10209100,573.9826568603515,559.7122320556641,574.0262383936135,54.50507344854394,3.992470423225541,4.128587327719605,592.7348159814424,555.2304977392607,13.609004875403105,-0.010469441629779697,-0.010524631778457031,0.017629318605199246
2024-11-12,581.4745483398438,596.2296222338206,577.059944903041,585.1732389751623,16287700,573.9105682373047,561.1747723388672,574.7356012456355,55.29581143037111,4.142604078722002,4.131390677920084,592.5354521814373,555.285684293172,14.006195765072851,0.002829368421052525,0.002825373292241579,0.017573994664438562
2024-11-13,576.68212890625,582.2898800347385,571.8797417717248,579.2771839216865,10757600,574.0701507568359,562.5219952392578,574.9209848323607,52.42907251036789,3.8307197334401053,4.071256489024089,592.7325581643418,555.4077433493301,13.749334514925774,-0.008241838696597226,-0.008275990427301785,0.017276388637267343
2024-11-14,573.8583374023438,577.4377800631241,569.7321138322568,573.6992793820006,11053700,574.0815856933593,563.7308905029297,574.8197803152162,50.7592377816629,3.3174512548199573,3.9204954421832623,592.7431796770645,555.4199917096541,13.317643923207314,-0.004896616979031321,-0.0049086446874017945,0.0173173360767102
2024-11-15,550.9104614257812,569.2946816423462,548.3452030486293,567.9523677618081,17712900,572.9684936523438,564.8104168701171,572.5427023257462,39.69479737952829,1.0469123260918423,3.3457788189649786,594.1938095541811,551.7431777505064,14.188750382529252,-0.03998874718879142,-0.04081027291061119,0.019510259619179973
2024-11-18,551.2286376953125,556.6971755268692,546.943295022024,553.8534897330912,14327300,571.9364349365235,565.8065087890625,570.512791408562,39.890441982261486,-0.7185489820498105,2.532913258762021,595.1858715210558,548.6869983519912,13.871973962694671,0.000577546247184646,0.0005773795315384029,0.01951700781448992
2024-11-19,557.8804321289062,558.2184532479198,547.4503869397267,548.7031890906989,9522400,570.8964294433594,566.9356365966797,569.3097095724042,43.98206754431311,-1.5629290950701034,1.7137447879955963,594.7003682515659,547.0924906351528,13.650266273087412,0.01206721490633167,0.011994986551335381,0.019522804575332203
2024-11-20,562.2849731445312,563.1101814515828,551.0297217043255,559.7097624878369,9797300,570.9874084472656,568.0129943847656,568.6406870554639,46.575297236926126,-1.8553099106335367,0.9999338482697697,594.6446383359506,547.3301785585805,13.538137235528113,0.007895134444520613,0.007864130948172843,0.018303447418073455
2024-11-21,559.868896484375,566.7393414481576,545.9091728138703,566.2621066854078,11154700,570.7542510986328,568.768466796875,567.8052784296459,45.33551002947619,-2.255975526365205,0.3487519733427748,594.7508548339861,546.7576473632796,14.058996621153765,-0.004296889967812079,-0.004306148129897272,0.018255352124210183
2024-11-22,555.9414672851562,560.6046406773982,551.4175075908335,560.32621328156,9164000,570.0527862548828,569.4648583984375,566.6753916539802,43.31699416846379,-2.857477406134194,-0.2924939025526189,594.9049435380625,545.200628971703,13.711006368683117,-0.007014908711451051,-0.0070396288577806105,0.018160014345939286
2024-11-25,561.8773193359375,569.3145718667378,553.207230520728,558.8845280879963,13599800,569.404019165039,570.0978161621093,566.2184323855952,47.14719123156224,-2.822660454253878,-0.7985272128928708,594.3981388490815,544.4098994809965,13.882173152777879,0.01067711692701745,0.010620519025923989,0.01822512170728072
2024-11-26,570.2590942382812,574.1964632618979,561.9668364413141,562.7622479761632,10356600,568.4226623535156,570.8379565429688,566.6032573239463,52.072059548501315,-2.094583528756175,-1.0577384760655317,591.5979899393849,545.2473347676464,13.7705282080052,0.014917446591810934,0.014807275778926923,0.01750363874968925
2024-11-27,565.9439086914062,571.6908126970225,560.8730467836217,571.6013615253704,7200200,567.2991271972656,571.4593823242187,566.5404622160853,49.514044373195915,-1.8445143170342817,-1.2150936442592817,588.5909030508941,546.0073513436372,13.559616615533454,-0.0075670613418957755,-0.007595836806284423,0.017554814813654836
2024-11-29,571.03466796875,575.1510000832634,563.6571303183109,565.7450932068846,7130500,567.6342041015625,571.7620422363282,566.9684818115772,52.47985803292833,-1.2214705841075784,-1.216369032228941,588.9396503027385,546.3287579003866,13.412063269063383,0.00899516577378634,0.008954950253737175,0.015071903490009713
2024-12-02,589.438720703125,591.0991504414684,572.2774471807156,574.1963992934365,12522400,568.9103576660157,572.3880407714844,569.1085045631531,61.325238450485784,0.7487185482394807,-0.8233515161352567,592.1424394755246,545.6782758565067,13.887236069324455,0.03222930894868559,0.03172084097060726,0.016628841678634012
2024-12-03,610.1395874023438,610.6864289434953,587.867704227812,591.5962520347538,14907200,571.5437042236329,573.3672082519531,573.0162267383141,68.44100503122895,3.9351328068736393,0.12834534846652257,600.2803923248645,542.8070161224013,14.525199544064373,0.03511962477545638,0.034516999531731964,0.0178146633882284
2024-12-04,610.2689208984375,614.2460390304662,601.6385211482492,609.4536043990507,14697000,573.5993804931641,574.3704370117188,576.5641023726116,68.48002501503959,6.397083598291033,1.3820929984314247,606.8812329194446,540.3175280668835,14.38822228250385,0.00021197361843761087,0.00021195115520450657,0.017416214570216942
2024-12-05,605.4466552734375,616.353933785045,603.5774048146206,613.5500580968196,8081200,575.4328369140625,575.1781896972657,579.3148216964998,65.24103536522986,7.868379027768583,2.6793502042988564,611.3832914149552,539.4823824131697,14.27310133164103,-0.0079018699131862,-0.00793325513118744,0.017584676422752285
2024-12-06,620.2017822265625,626.1873039273537,605.0489714012239,606.6099369109293,16935500,577.0271636962891,576.290390625,583.2088179374582,69.92793269037134,10.108482394386101,4.165176642316306,617.6464702434806,536.4078571490976,14.76347498839023,0.024370647396608547,0.02407842147372288,0.016779637219173027
2024-12-09,610.0601196289062,622.8167434326103,602.7024265777296,620.350888846341,11426000,578.2317321777343,577.2093029785157,585.7660847652152,63.58189075956912,10.939331236288922,5.5200075611108295,621.2011278666739,535.2623364887947,15.145677978853836,-0.016352198410728658,-0.01648737121455699,0.017262768716533816
2024-12-10,615.7772216796875,622.0113739130567,609.234845211511,614.0272799520044,10938900,580.0288940429688,578.1415393066407,588.6242882808792,65.48353814055572,11.921681561075388,6.800342361103741,626.0166001910338,534.0411878949037,14.976453030474682,0.009371374831482093,0.00932773592421279,0.017067907945375223
2024-12-11,629.060791015625,634.7481017123007,617.9746102226054,619.804050647096,10837200,582.4082061767579,579.2593090820312,592.4753837794265,69.4722358111285,13.615127585229743,8.163299405928942,633.129326163594,531.6870861899217,15.261769244913149,0.021572037529584476,0.021342654110207353,0.017556910579444297
2024-12-12,627.1815185546875,633.017934128409,623.6220417827839,627.887478818055,7474700,584.9331756591797,580.4122741699218,595.7807299484989,68.27025912183544,14.636829913991164,9.458005507541387,639.1687952946845,530.6975560236749,14.84277803782115,-0.002987425838293589,-0.0029918971021297867,0.01740133316660607
2024-12-13,616.80126953125,627.469929936179,613.3611012669363,623.6319649076017,8453300,587.080322265625,581.1595739746094,597.782686099237,61.899720360440746,14.442453412843633,10.454895088601837,642.772746848989,531.387897682261,14.79035308292269,-0.016550629628497848,-0.016689121510648833,0.017914806877400546
2024-12-16,621.169677734375,628.0457250425881,615.5375430599308,626.8814359361309,10885600,590.5932830810547,581.7323486328125,600.0100186359168,63.44562977585059,14.474054775295372,11.258727025940546,645.5755315420894,535.61103462002,14.627340861475158,0.007082359292880369,0.007057397177451149,0.01466015844019115
2024-12-17,616.3933715820312,629.2597698587709,613.5076105410767,623.0902515630854,12897800,593.8515197753907,582.4315197753906,601.5703379641182,60.552667410175,13.952851308934783,11.797551882539395,646.8024128034435,540.9006267473378,14.707685036919377,-0.007689213307649934,-0.007718927726636691,0.014938569784922452
2024-12-18,594.2527465820312,624.2743396016706,593.3870305020766,617.9456355913278,17075500,595.6701354980469,582.5266076660156,600.8734244991574,49.32497832854314,11.619290458550495,11.761899597741614,645.987289503191,545.3529814929027,15.86337246996756,-0.03591963512387231,-0.036580621792273435,0.01749780165492197
2024-12-19,592.6408081054688,608.5123731732531,592.0736042552132,607.3879260072148,14958100,597.1879272460938,582.6367858886719,600.0893657949966,48.618174303722526,9.530000791787984,11.315519836550887,645.1621158461296,549.2137386460579,15.904472216258437,-0.0027125469521745993,-0.002716232574115616,0.0175122058658595
2024-12-20,582.3714599609375,600.143601343373,577.1472819775203,587.6752614717944,48989400,598.3130554199219,582.6744104003906,598.4019461917529,44.26622619452231,6.965281676193285,10.445472204479367,643.7203527119348,552.9057581279089,16.411032726943745,-0.017328115114718323,-0.017480004091942176,0.01802421463330187
2024-12-23,596.8995971679688,598.1335492116074,583.366513431805,586.7000120717197,10205800,600.3609619140625,582.8808959960937,598.2588653323448,50.95479711511156,6.035449648568033,9.5634676932971,641.4264734774637,559.2954503506613,16.36467962149561,0.024946513017663596,0.02464042880702995,0.018579425373792927
2024-12-24,604.7608032226562,604.9996130735921,596.3324917694366,599.7555139461255,4726100,602.5051361083985,583.2352612304687,598.8780975123746,54.160468403490476,5.865273475747699,8.82382884978722,639.5950252906704,565.4152469261265,15.814854027399885,0.013170064265390025,0.013084092977938111,0.01863680037783012
2024-12-26,600.3825073242188,603.318010427164,595.9942238388753,602.5020361613814,6081400,604.0113067626953,583.5845849609375,599.0213746373121,52.11729633653406,5.315838072372117,8.1222306943042,638.0631106316091,569.9595028937815,15.311405838569959,-0.007239715066033381,-0.00726604898015339,0.01860273538178686
2024-12-27,596.85986328125,598.8898077827639,586.8990872280444,596.4618063664631,8084200,605.5571044921875,584.05197265625,598.8155164129251,50.46767537440274,4.543780746386574,7.406540704720674,635.0591494015667,576.0550595828082,15.18083542839884,-0.005867332908595979,-0.00588461333281378,0.0185569907540051
2024-12-30,588.3319091796875,594.0038852291777,582.6997752560201,585.8541662451341,7025900,606.4219665527344,584.3460180664063,597.8170776288073,46.62051629713525,3.206818915972576,6.566596346971055,632.6585908460337,580.1853422594351,15.10792489960106,-0.014288034136991312,-0.014391090927179054,0.018877169865833616
2024-12-31,582.6301879882812,591.048538740922,580.9783186606066,589.3569487521584,6019500,606.0815399169921,584.53517578125,596.3707071868523,44.194779792498906,1.6679585957814425,5.586868796733133,633.3472786868253,578.8158011471589,14.748088841080655,-0.00969133426632629,-0.00973860087853076,0.017587768351037668
2025-01-02,596.2926635742188,601.9347590067932,584.9288491785778,586.8194676993116,12682300,605.389193725586,585.0236328125,596.3632744618396,50.80070336101162,1.5331748179197575,4.776130000970458,632.9096226430631,577.8687648081088,15.07355185375432,0.02344965274304034,0.023178933646981634,0.01650648597253436
2025-01-03,601.6561889648438,606.5022314682295,593.4765866809927,601.7855544308446,11436800,604.9585571289062,585.4831457519531,596.8673615573638,53.1455538273732,1.8379624895831057,4.188496498692987,632.4295770178868,577.4875372399257,14.927272777574501,0.008994786819069178,0.008954574677320973,0.01665706410343793
2025-01-06,627.1004028320312,627.8864953892827,602.641281410124,608.8207596792694,14560800,606.0412445068359,586.8158459472656,599.7466988216179,62.32018136046164,4.085548666307773,4.167906932215945,635.1612153889628,576.9212736247091,15.734632323779104,0.04229028859648998,0.04142049243727152,0.01909786381288843
2025-01-07,614.8510131835938,628.9910845111622,605.2384904660217,628.5930882935072,12071500,605.7737060546875,587.8222253417969,601.1852049513299,56.57657843446123,4.822759759691849,4.298877497711126,634.4635062632572,577.0839058461179,16.307343875304912,-0.0195333786952111,-0.019726676449633603,0.018905095417100157
2025-01-08,607.7161865234375,613.4080846789525,599.8251969713253,610.3830585744919,10085800,605.6565093994141,588.5771337890625,601.8072031962924,53.484588856218835,4.776226611992342,4.39434732056737,634.2944156355909,577.0186031632372,16.21580618508802,-0.01160415532734238,-0.01167200897136183,0.018721354257673514
2025-01-10,612.8309326171875,626.811816790901,594.4020628949343,607.0296506844576,19256600,605.5091949462891,589.33669921875,602.8570821887587,55.36769996929535,5.093353018145194,4.534148460082935,633.9670861838559,577.0513037087222,17.372516735865073,0.008416340073167827,0.008381120160249595,0.018697323856078515
2025-01-13,605.337890625,605.9746965682851,595.5064814439484,604.1138991919983,10785000,604.3230499267578,589.645732421875,603.093349658877,52.04366398143911,4.686034425091634,4.564525653084676,630.6535293605093,577.9925704930063,17.36908348139179,-0.01222693175781342,-0.012302295630582195,0.01815749916164317
2025-01-14,591.3272094726562,602.5119163465189,585.6552325061541,602.0939991024484,13598000,602.5303344726562,589.703984375,601.9727648792369,46.430608024091455,3.1958468950184624,4.290789901471434,627.2227480572492,577.8379208880633,17.534338812638513,-0.02314522412908593,-0.02341728090396499,0.01877782406164313
2025-01-15,614.084716796875,619.3984789584875,603.5169556717734,607.2087300599234,15524300,602.3945068359375,590.6990161132812,603.1262841094882,54.93298614265218,3.8073148344142282,4.194094888059993,626.7996359020688,577.9893777698062,18.28697671786657,0.03848547294908666,0.0377633757422918,0.02059693515146495
2025-01-16,608.2933349609375,613.2190007447427,606.7111893194766,608.4923634164871,8355300,601.7506896972657,591.5865698242187,603.6183841905787,52.64313306271069,3.781006380254439,4.111477186498883,624.7813247058555,578.7200546886759,17.507444629261702,-0.009430916740846285,-0.009475669430981612,0.020628176571061047
2025-01-17,609.7561645507812,621.8961113451103,600.7008856525179,620.9806532892833,17280600,601.4188293457031,592.6322399902343,604.2029347010742,53.174087047188024,3.8339989104558754,4.055981531290282,623.7773964441889,579.0602622472173,17.770857562356756,0.0024048094985911206,0.0024019225716420942,0.020575354292101108
2025-01-21,613.4280395507812,618.443229069153,606.0146693079478,614.7912965163201,11674000,602.3775939941406,593.5176928710938,605.0815161153321,54.5515250838396,4.124738084710998,4.069732841974425,625.0668487551043,579.688339233177,17.3892648622745,0.006021874338417055,0.006003815316318896,0.018820887969118114
2025-01-22,620.433349609375,630.5831936184607,616.3833603918935,620.2343211513619,12274000,603.767221069336,594.5508093261719,606.5435954957171,57.14178899003861,4.864347777650892,4.2286558291097185,627.2899566724604,580.2444854662115,17.372542662660567,0.011419937803501368,0.011355222543898112,0.018909395076550543
2025-01-23,633.3196411132812,633.468866899262,618.0949061109532,624.2743234364817,9910200,606.3146301269531,595.4508972167969,609.0936950783423,61.48975601966272,6.416346172400836,4.6661938977679425,631.0224286131887,581.6068316407176,17.229786814492588,0.020769824046401597,0.02055707208838042,0.018728920508948376
2025-01-24,644.3053588867188,648.7931865048288,631.0807466276091,633.2699382382675,19065300,608.6849182128906,596.6176293945313,612.4471868696163,64.77099422667098,8.435532131155583,5.4200615444454705,637.9924730206693,579.3773634051119,17.26426203325881,0.017346245182174203,0.017197516530218733,0.018362913113689233
2025-01-27,656.6344604492188,660.6048263723562,622.025492753922,623.5280757089856,28399200,611.2786010742187,598.1536389160157,616.6554986391022,68.06013349198881,10.904902085238064,6.5170296526039895,647.1781273957978,575.3790747526397,18.786767146485627,0.019135494362181316,0.018954713371868014,0.018567235602718585
2025-01-28,671.0133666992188,679.222789585596,656.2264085295512,662.7243202820943,20950100,614.8101440429688,599.9444152832032,621.8324384543514,71.41240096432273,13.862356512678957,7.986095024618983,658.7281617601453,570.8921263257922,19.08745385431128,0.021897885530045125,0.021661570478435112,0.018757489403484002
2025-01-29,673.1626586914062,677.7002277973523,662.3958698215398,671.6799970081955,21377800,618.6252838134766,601.8740258789062,626.7210308578805,71.88736569489072,16.1929283567722,9.627461691049627,668.4964357112074,568.7541319157458,18.8172327201328,0.0032030539164369376,0.0031979350669623977,0.0185707409873624
2025-01-30,683.6210327148438,707.294001197109,672.774619401076,693.3927409364592,29322900,623.3897399902344,604.0692797851563,632.1400786537818,74.1389264057037,18.668626409065155,11.435694634652734,678.6860634365078,568.093416543961,19.938814796982808,0.01553617671510188,0.015416725938575942,0.01802886270211828
2025-01-31,685.7903442382812,701.8310551092019,682.2080746968453,687.6014000766061,19303900,628.5477478027344,606.7668774414062,637.2496277570674,74.59346420841706,20.568578492827328,13.262271406287653,686.8380735397207,570.2574220657482,19.916255198080933,0.0031732662098218345,0.0031682420265108265,0.01760061368009787
2025-02-03,694.0296020507812,700.5374135449807,671.9288188867163,672.5855459885331,21415700,633.4345947265625,609.6228967285156,642.6572443564687,76.29746249247583,22.48000791679692,15.105818708389506,696.2974099556869,570.5717794974381,20.53713658809404,0.012014251704945522,0.011942653478510099,0.017266162491515597
2025-02-04,700.7265014648438,704.2292080677055,688.2083581609453,699.0448111623289,13826300,638.3881103515625,612.4798181152344,648.1876497953616,77.61181813396252,24.255609750181975,16.935776916748,705.8955247464719,570.8806959566532,20.214544682284476,0.009649299387625376,0.009603042226369584,0.017269249112389518
2025-02-05,701.4031372070312,714.6078889974233,695.5719738179728,700.0896222542642,17778200,642.1032470703125,615.2621813964844,653.2557914536159,77.74609159689845,25.424310223006614,18.633483577999726,714.7030975428845,569.5033965977404,20.130356860653478,0.0009656203108816541,0.0009651543994941374,0.015282128796228533
2025-02-06,708.4880981445312,715.3641456188349,700.0398655613205,702.4081644926629,13080700,646.7851013183594,618.2345654296874,658.516011138465,79.15578332382435,26.615405081652625,20.229867878730307,723.7000679497372,569.8701346869815,19.787065660429253,0.010101125246904541,0.010050449847930439,0.014094760994476131
2025-02-07,711.0057373046875,721.4441337624995,708.2493417869568,713.2744918121093,16427100,651.9495788574219,621.3358508300781,663.5150326781053,79.64911817357978,27.446126911525653,21.67311968528938,731.5033768531631,572.3957808616807,19.316188968651637,0.003553537690682118,0.003547238793457825,0.013421494604337267
2025-02-10,713.8714599609375,717.6527573421523,707.8313082421628,715.025727725116,12904300,657.0016052246094,624.3757336425781,668.3108828955179,80.22289665277654,28.012805629314585,22.94105687409442,738.7788946699932,575.2243157792257,18.6379932637472,0.004030519735485516,0.00402241895043713,0.01344952474634425
2025-02-11,716.2596435546875,720.1006435254067,706.5476385055467,709.8115349418778,12998000,662.5476928710938,627.2957446289063,672.8774315297245,80.71097499335431,28.328060801678475,24.018457659611233,744.6023323280067,580.4930534141808,18.274779817755253,0.003345397214620016,0.003339813822336202,0.012660028040217482
2025-02-12,721.812255859375,723.523766963731,709.0950845634602,711.7818168815365,12016500,669.0719451904297,630.4131115722656,677.5378909896912,81.83353995959368,28.69517212283131,24.953800552255252,748.1332291240691,590.0106612567903,18.000058573649216,0.007752233920552465,0.007722339753492326,0.010247413968375323
2025-02-13,724.9766235351562,725.4144618537392,714.5083460221898,717.9712711727863,12569100,674.6165405273438,633.4919506835937,682.0558655178307,82.4600162879936,28.908212634932624,25.744682968790727,753.0261319197209,596.2069491349666,17.493348377784944,0.004383920680335107,0.0043743392925591025,0.007819819917840008
2025-02-14,733.0467529296875,737.2658892402018,722.0511132817282,722.5685751543255,16901200,680.8542114257813,636.364111328125,686.9121405094361,83.97756014106827,29.389457402268818,26.473637855486345,756.9823553301651,604.7260675213975,17.330593204976985,0.011131571877696311,0.0110700719048378,0.006616227783954357
2025-02-18,712.8465576171875,733.3750946365709,702.9654052178096,732.3800130970368,21938700,686.0087310791016,638.4182507324218,689.3820849958886,68.09599239739455,27.820166840041907,26.742943652397457,755.8867218342668,616.1307403239364,18.26481436310444,-0.02755648972151925,-0.027943292293901068,0.01052112954754066
2025-02-19,700.3085327148438,703.5226265523086,691.9697448143099,700.6368658835008,17535500,690.3527557373047,640.21904296875,690.4226990643605,60.45389374024255,25.27344242625793,26.44904340716955,751.9543539298286,628.7511575447809,18.451385680231088,-0.017588672861456045,-0.017745191587993644,0.011967424276061282
2025-02-20,691.4225463867188,702.1594553078776,690.2284362839436,693.8505479928752,12587400,693.9022155761719,641.9385607910157,690.5179226188708,55.68426299170749,22.281275472744824,25.61548982028461,746.5030374236725,641.3013937286713,17.9856452047813,-0.01268867351034153,-0.012769862244112053,0.012662385594422426
2025-02-21,680.1880493164062,700.4081157208864,679.0038997241937,693.1539923611765,15660400,696.2456359863281,643.1382861328125,689.5341251614932,50.282786447823554,18.786868258853474,24.249765507998383,741.5053972283777,650.9858747442786,18.229828832774967,-0.016248381151326985,-0.01638183366237562,0.013014702835235535
2025-02-24,664.8438110351562,683.8896856241412,659.1917553729045,682.9045646514273,15677000,697.27255859375,644.2339599609375,687.1826666732707,44.00434356798763,14.610947664179548,22.322001939234617,738.5264572281429,656.018659959357,18.691836076950803,-0.022558817810267473,-0.02281716060591185,0.013838371195788029
2025-02-25,654.26611328125,664.7144694629277,638.703023401866,662.6944247816905,20579700,697.1541412353515,645.0037377929688,684.0477568264115,40.27133378965303,10.328903529417744,19.923382257271243,738.8848005325179,655.4234819381851,19.223904045260763,-0.01591004921507333,-0.016037972708518082,0.013727665717440154
2025-02-26,670.3864135742188,679.650619839028,654.7636219966097,656.4055307530449,14488700,697.1227935791015,645.8302502441406,682.7466765166788,47.570982457549576,8.142267224648435,17.56715925074668,738.932818989669,655.312768168534,19.663947081869136,0.02463875167265317,0.024340113077183992,0.013970267999063224
2025-02-27,655.0025024414062,685.2629678985895,654.3358147754243,679.0934498337167,12500000,696.2147857666016,646.386669921875,680.1043742237957,42.26269267520421,5.10909467641784,15.075546335880913,740.7657283427086,651.6638431904946,20.46846179910457,-0.022947826539013394,-0.023215226665085693,0.014855045214073792
2025-02-28,664.9135131835938,666.3364725318584,639.4393887052988,654.8034504822056,17534200,695.279409790039,647.3489147949218,678.6576255533002,46.411470783554236,3.465076076167634,12.753452283938257,741.5991699516253,648.9596496284528,20.927649086779926,0.015131256300924045,0.015017920685720563,0.01483120392921622
2025-03-03,651.828125,677.8992724698688,647.638870751695,670.3664982200642,10843800,693.581298828125,647.9620837402343,676.1024350244145,42.109233449238246,1.0936906388055831,10.421499954911724,743.5170597119132,643.6455379443368,21.594274274736637,-0.019679834932126994,-0.01987606162318344,0.015341502657644281
2025-03-04,636.8522338867188,646.5542796373367,620.5826737681288,642.3351433054311,21495200,690.7224304199219,648.3712609863281,672.3643206303482,37.79151711709071,-1.9713541161850117,7.942929140692376,746.4403347901559,635.0045260496879,22.283644057389107,-0.022975214690653667,-0.02324325846958463,0.015601187772703699
2025-03-05,653.2411499023438,656.256276123591,634.523668550264,637.847267619745,13770000,688.3481628417969,649.5510290527344,670.5430662753001,44.49845222754225,-3.0428989672396938,5.745763519105962,746.1658873874195,630.5304382961743,22.244284308527522,0.025734252223005072,0.02540869977093623,0.016725355604119415
2025-03-06,624.841552734375,647.3602531536812,621.040333910999,644.812846805576,13446500,684.5200836181641,650.1950439453125,666.1905411761644,37.045096370109555,-6.113246428419757,3.373961529600818,748.2131283231839,620.8270389131443,22.955465143014465,-0.043474905358020344,-0.04444825454219006,0.018926358560519805
2025-03-07,622.5826416015625,631.667740220239,597.6558630930216,622.29408984179,21375700,680.2248107910157,650.999267578125,662.0374078833452,36.52110693198512,-8.62932072423041,0.9733050788345721,748.3083085698594,612.141313012172,23.745208856171818,-0.0036151743156761507,-0.003621724850658482,0.01857301314349917
2025-03-10,595.0487670898438,607.1091498209839,583.9834658430217,605.0792054575583,21999900,674.4269622802734,650.9622509765625,655.6575373315831,30.802051419590086,-12.698698601094065,-1.7610956571511558,750.3374429604568,598.5164816000901,24.806206492055317,-0.044225252475541654,-0.0452330134377192,0.020239951198471273
2025-03-11,602.7308349609375,611.9054572036264,590.4117211785095,592.1232321992892,17401500,668.8699310302734,650.9216516113281,650.6168990105692,33.911625751855254,-15.129428576428836,-4.434762241006692,748.5930264725895,589.1468355879573,24.56960145870257,0.012909980317518777,0.012827356873167507,0.02062680572176874
2025-03-12,616.5126953125,630.2149870827395,606.352891273559,626.8018648059933,15747000,663.8825836181641,651.2442553710938,647.3688796107531,39.19108415156794,-15.762023844427745,-6.700214561690903,743.603198680018,584.1619685563102,24.77778364892396,0.022865696513528544,0.022608194395501553,0.02163991077371423
2025-03-13,587.7349853515625,617.4481060645986,583.6252936627146,617.1993356753703,16480300,657.1787200927735,651.0617578125,641.6894611098778,33.22298507447633,-18.373680488952687,-9.03490774714326,738.8128507020444,575.5445894835025,25.42385713127825,-0.046678211462215846,-0.047802773835075446,0.023032287144814104
2025-03-14,605.1494140625,606.4043419789234,592.381172955088,600.3687854957838,12364500,651.1873596191406,651.3981079101562,638.2094566291752,39.25164710465433,-18.821278356138578,-10.992181868942325,729.562382898201,572.8123363400802,24.94139280956987,0.029629729631495128,0.029199251816371563,0.02450494448914303
2025-03-17,602.4603881835938,610.6272679434014,595.5881924170304,605.01006095703,15473900,644.6580413818359,651.7947119140625,634.8047834438818,38.6710823096108,-19.17198213010147,-12.628141921174155,716.1198338435366,573.1962489201352,24.23408443219852,-0.004443573465359951,-0.004453475482378999,0.02408524875030205
2025-03-18,580.01123046875,597.8290917063831,572.34227369431,597.6298861819188,20297700,638.0162750244141,651.4690832519532,629.5863498272025,34.132219151494255,-21.019081917380845,-14.306329920415493,707.5593754975991,568.473174551229,24.65437229341889,-0.0372624626533995,-0.03797445121992977,0.02456163180083083
2025-03-19,581.7044067382812,589.9311027976759,572.4518964146898,581.9235510596104,20537500,632.086068725586,651.0700476074219,625.0261647711147,34.754232793782705,-22.09163798087195,-15.863391532506785,699.5672784419033,564.6048590092686,24.141860442673686,0.002919212905865498,0.0029149602780776857,0.024654704332466575
2025-03-20,583.6365356445312,607.7389439842362,577.172720940167,580.4096129893901,24336500,626.6967681884765,650.2007702636719,621.0842953304877,35.50272426732354,-22.526073183611516,-17.195927862727732,691.526108448646,561.867427928307,24.600743485630513,0.0033214960792264936,0.0033159920953973374,0.024786283561333344
2025-03-21,593.84521484375,595.1299901540924,578.6069346961235,581.0669435562578,25015900,622.3796264648438,649.780654296875,618.4900971888936,39.454860797408,-21.795367686291797,-18.115815827440546,683.7952107086815,560.9640422210061,24.023765769368968,0.017491501261045928,0.01734028573073347,0.025347459277745458
2025-03-24,616.35400390625,620.0291236750295,609.7308614385815,612.4896480218807,15741300,619.9551361083984,649.9534106445312,618.2866597334037,47.14514997804304,-19.178924449089322,-18.328437551770303,678.2216067862876,561.6886654305092,24.178061702362577,0.03790346120482324,0.03720277579886829,0.026884855799081547
2025-03-25,623.7839965820312,631.3234729455945,618.674681768664,624.2321938231848,15312500,618.4310302734375,650.1724719238281,618.8102156237492,49.42858889620676,-16.317735323878765,-17.926297106191996,674.5841549813892,562.2779055654858,23.520305083575572,0.012054748778611568,0.011982668985552374,0.02692897686659027
2025-03-26,608.5158081054688,624.2222248223229,604.163437823038,622.3697410659778,12609800,615.3375,650.2360302734374,617.8297958601034,45.11526676479369,-15.108080983751506,-17.3626538817039,666.2755373748133,564.3994626251866,23.27305379184053,-0.024476723609812345,-0.024781258219336827,0.02660603404626288
2025-03-27,600.1497192382812,611.7726353131792,597.67968012305,599.5720414465346,10436500,612.5948608398437,650.41248046875,616.1459790389775,42.905887781537984,-14.655554547316228,-16.821234014826366,660.5121502717849,564.6775714079025,22.61733246314686,-0.013748350915047225,-0.013843734747453228,0.026348425005449712
2025-03-28,574.4139404296875,599.3230823357646,571.605306475786,597.8888875675808,17602800,608.0698822021484,649.6190649414062,612.171499171426,36.9166862791944,-16.18699277646624,-16.694385767154344,652.3222624757348,563.817501928562,23.040695341671743,-0.042882264181107965,-0.04382886916219593,0.02730385571677559
2025-03-31,574.035400390625,576.365989409716,551.0684088090011,561.2272821521618,21124700,604.1802459716797,648.93390625,608.5394897637307,36.835239349157426,-17.232567314939615,-16.8020220767114,645.971016576458,562.3894753669014,23.2019014316034,-0.0006590021801687884,-0.000659219417550704,0.02716736468805869
2025-04-01,583.6365356445312,587.5307390242879,567.70106709451,568.537705940541,12836600,601.5194610595703,648.411513671875,606.1677798476164,40.42535874929847,-17.089464584771804,-16.85951057832348,641.3825574054916,561.6563647136489,22.96102789575872,0.01672568494446991,0.016587351031382477,0.02731029785291163
2025-04-02,581.5748901367188,590.2696609066593,571.0475136953103,572.5912500878843,13470800,597.936148071289,647.7744506835937,603.8255998751499,39.900922071733255,-16.947057077887166,-16.87701987823622,630.8335109580895,565.0387851844886,22.693964989729455,-0.0035324133804196522,-0.003538667084018957,0.026402475905534538
2025-04-03,529.4759521484375,550.3315027907909,528.1612684622463,544.0170454965238,34777500,593.1678680419922,645.955302734375,596.7446810440345,29.489569228015483,-20.798396026511114,-17.6612951078912,635.4037536405776,550.9319824434067,24.88822618149681,-0.0895825092724234,-0.09385200365976121,0.03143079180091871
2025-04-04,502.6943664550781,515.9108358048159,492.2068365877987,504.5767280238223,38589800,587.173454284668,643.342797241211,587.7875082260387,25.767468760342254,-25.715230858931704,-19.272082258099303,642.8886511728426,531.4582573964933,25.772575422864097,-0.05058130701628394,-0.05190538379846377,0.03282793751432698
2025-04-07,514.1679077148438,537.1946573822175,479.9564389143852,483.1435451248476,36606100,583.129411315918,640.7400482177734,580.776117701163,29.85234317741468,-28.359132568921723,-21.089492320263787,647.1006852268815,519.1581374049545,28.02012135464754,0.022824089596776842,0.022567516755089074,0.03258362378035199
2025-04-08,508.3912658691406,545.2220987278512,500.8318511003004,541.0589647931961,28034200,578.4124328613282,637.7751843261718,573.8823222885894,28.987460395013684,-30.568199268782905,-22.985233709967613,649.4310167532199,507.39384896943653,29.189416088426338,-0.011234932711721934,-0.011298521292459406,0.03226218525583363
2025-04-09,583.4075317382812,585.5189766353849,500.0849095170737,507.21603593950647,39216600,576.7571746826172,636.0230676269531,574.789485093322,49.46359091049703,-25.96639043986761,-23.58146505594761,645.6581466804444,507.8562026847901,33.20689116198954,0.14755616570417196,0.1376346079021661,0.047147927357228184
2025-04-10,544.0867309570312,578.9555415344041,533.141064552052,573.1689763297147,28173500,574.5747619628906,633.4415490722656,571.8654132708181,42.53958145688572,-25.20177343748537,-23.905526732255165,644.7008010236927,504.4487229020886,34.425432306578095,-0.06739851414686471,-0.06977730137185434,0.04839858859744149
2025-04-11,541.3777465820312,545.1923169106578,526.4581815568449,533.3502556297472,17642300,571.3861785888672,630.5966833496094,568.9618259671241,42.10231434939889,-24.531616152855577,-24.030744616375248,641.460707445376,501.31164973235843,33.30462538138058,-0.004978956884750696,-0.00499139318763122,0.047794172913317765
2025-04-14,529.33642578125,555.520432371149,526.149380590007,553.9268489865372,14130900,567.72998046875,627.4676049804688,565.1879783303742,40.12783915830118,-24.68756277546879,-24.162108248193956,638.5641777009937,496.8957832365063,33.0236558385064,-0.02224199438710528,-0.022493077588783297,0.04795850159915439
2025-04-15,519.4166259765625,535.7703838427552,515.4128199804695,529.9638803667925,15558700,564.7002502441406,623.9753454589844,560.8288019157254,38.524957908145225,-25.319726492414702,-24.39363189703811,638.3034883573227,491.0970121309585,32.11893498306206,-0.018740066471047867,-0.018917886595152273,0.04748713106640569
2025-04-16,500.2840881347656,511.29947867102186,493.6310371089192,506.459094542153,18735100,560.6292343139648,619.9664971923828,555.0626386984911,35.573500413742806,-27.05270989914061,-24.92544749745861,638.8801390914534,482.37832953647626,31.666553117675004,-0.03683466582500228,-0.03753019534206695,0.04799118952941195
2025-04-17,499.45745849609375,505.2539623659762,496.0014523688267,503.21224251554713,14593500,556.420280456543,615.927583618164,549.7669072506437,35.447143595955794,-28.16810940665016,-25.57397987929692,638.2424839018133,474.59807701127266,30.06555003763747,-0.0016523204680641834,-0.0016536870550960523,0.04795075466648482
2025-04-21,482.7052917480469,491.50963495584347,477.8648771062618,489.3483735420339,16166000,550.8632843017579,611.4119274902343,543.3800867265869,32.89695403227087,-30.057348996062842,-26.470653702650107,636.7586096743494,464.96795892916634,29.460337991365645,-0.033540727970083783,-0.03411612086995328,0.047953521062200896
2025-04-22,498.2622985839844,504.8356859267328,484.3984265448332,489.886213659528,17399400,544.9586990356445,607.1570587158203,539.0831545225295,37.40095684589885,-29.95397378152711,-27.16731771842551,628.2300403304594,461.6873577408296,28.936770576174236,0.03222878866647605,0.03172033693304879,0.047675814614436436
2025-04-23,518.1716918945312,533.1809196011152,514.4368162114096,526.398387792126,18173900,539.6780838012695,603.2430633544922,537.0915866531964,42.70145491283404,-27.943412266374025,-27.322536628015218,615.331239291862,464.024928310677,29.364045607671134,0.03995765557042463,0.039179996526702086,0.04873729069598837
2025-04-24,530.999755859375,531.7467310045646,515.4128501808216,516.6378699664548,13910000,535.8022811889648,599.537865600586,536.51141229188,45.88114891514173,-25.026421221507235,-26.863313546713623,604.5819930946043,467.0225692833253,28.43331955167627,0.024756396703073502,0.024454922591242614,0.04911061540541921
2025-04-25,545.0628051757812,547.6423253119987,534.0872308807745,544.5946691393716,17098900,533.0479354858398,596.0028765869141,537.3258306617754,49.208767570409314,-21.33398930388978,-25.757448698148856,595.4124766371496,470.68339433453013,27.591123116029653,0.026484097518362226,0.026139465411756976,0.049584342171465505
2025-04-28,547.5227661132812,556.2374754096683,538.409706579595,553.3989944115831,15179000,531.7033767700195,592.4537994384766,538.2969673714426,49.790342445434256,-18.0016997289315,-24.206298904305385,591.5513467588836,471.85540678115547,26.89374066703277,0.0045131697010707406,0.004503015889815195,0.04873679690403526
2025-04-29,552.2039184570312,554.3253329246786,541.9255322333729,543.7979549633997,11835000,530.6118026733399,588.8369427490235,539.6214389034035,50.941514580863505,-14.81235870997341,-22.32751086543899,588.0806444302683,473.1429609164115,25.85845924019512,0.008549694430023846,0.00851335278565737,0.048786610796928254
2025-04-30,546.7858276367188,546.8854000110363,527.3644731031741,536.2286028212618,29244000,528.7692672729493,585.515728149414,540.3037616399097,49.52615809952004,-12.576997820843417,-20.377408256519878,581.4862795312902,476.0522550146084,25.785672534028123,-0.00981175728606154,-0.009860209773116767,0.04864450368835842
2025-05-01,569.9022216796875,590.5585647326062,568.1990964565776,589.6920784232152,31159000,528.1856338500977,582.907601928711,543.122662596079,55.24016725041813,-8.838276256748827,-18.06958185656567,578.7664414355467,477.6048262646488,27.070462859875217,0.04227687126215551,0.04140761942018383,0.04964482793535122
2025-05-02,594.6121826171875,601.9026676753685,575.9975586829169,581.1068737819331,24739300,531.4424453735352,580.9713946533203,548.0264264076131,60.40074407231409,-3.8371923781077157,-15.223103960874079,589.7361423120427,473.14874843502764,27.422604512432777,0.0433582463754425,0.04244459391399034,0.04574812637039336
2025-05-05,596.8530883789062,600.7772002962906,585.6783084359005,588.8355064073843,13887700,536.1503814697265,579.3046954345704,552.6765846905935,60.841674552867374,0.30352613319382726,-12.1177779420605,599.3952744571462,472.90548848230685,26.542339323001162,0.003768684576652026,0.0037616008768414744,0.04373158612659523
2025-05-06,584.9413452148438,593.6262086030198,584.2143087960085,590.1403242884969,10600700,539.6890533447265,577.706646118164,555.7494190262364,57.19594264720985,2.5939952998076024,-9.17542329368688,605.4864202570368,473.8916864324163,25.54922791299378,-0.01995757983998303,-0.020159422376757677,0.044089979843984335
2025-05-07,594.4029541015625,600.6476855016655,584.3038359796805,587.9789559689339,13139100,543.9896377563476,576.5093829345703,559.4307080810294,59.282996858967124,5.113733443533192,-6.317591946242866,612.2400976412428,475.73917787145245,24.89170088506458,0.016175312215695126,0.016045885664411473,0.043907415024544184
2025-05-08,595.5982055664062,608.8345844494372,594.2137969163823,603.8447803031055,14622800,544.5991714477539,575.0136187744141,562.8752316510652,59.55130403848059,7.124958790444907,-3.629081798905312,614.4459604240751,474.75238247143267,24.158064217063888,0.0020108437493389086,0.00200882470924315,0.029326400535495657
2025-05-09,590.1004638671875,604.5220462267766,589.3236412362096,601.2851535548689,10427300,546.8998580932617,573.7155780029296,565.4681109097435,57.66892081741784,8.180942743894548,-1.26707689034534,619.5044192272287,474.2952969592948,23.5180885580284,-0.009230621663795069,-0.009273487843518525,0.024651195180214643
2025-05-12,636.85107421875,637.8072242767122,618.5253206919152,628.3753866174048,21965100,551.6735244750977,573.1543292236328,572.2664883677442,67.17173665323239,12.644443900779947,1.5152272678797178,634.089640908342,469.25740804185347,25.24585083313528,0.07922483240427436,0.0762430356580564,0.029655812772937218
2025-05-13,653.3841552734375,658.254386921773,640.2373808266427,642.9364120582926,18570800,557.8759109497071,573.1854498291016,579.9919804540007,69.75735234673179,17.316271000699317,4.675436014443638,650.6539209730092,465.0979009264049,24.97138382384154,0.02596067075017383,0.025629413411695067,0.028971188759233015
2025-05-14,656.7007446289062,659.9973927569988,651.6711237576287,658.543319934739,12348200,564.7401168823242,573.5824200439453,587.2975770420869,70.2633296039773,21.043769207047262,7.949102652964363,665.1230640484523,464.35716971619604,23.782447050665006,0.005076017422064316,0.00506317787647171,0.028163735741782978
2025-05-15,641.2831420898438,654.6589696292252,636.0045299274248,651.6412216753015,14341800,571.7900695800781,573.3432598876954,592.4390594275876,64.83310452190644,22.49446453133146,10.858175028637783,672.8780498883127,470.70208927184353,23.562001882866184,-0.023477364180201743,-0.02375734837103908,0.02707805095678921
2025-05-16,637.7574462890625,637.8570186595293,623.6246741050281,635.3870402976211,18519000,578.7050689697265,573.6015777587891,596.7550962715376,63.622198459165965,23.093449926291328,13.305230008168493,677.9595324929875,479.45060544646554,23.140320890148285,-0.005497876942923474,-0.005513045891920741,0.027199707186342733
2025-05-19,637.8470458984375,640.4066880114517,625.2679796518272,625.7161768945482,9592400,586.4621566772461,573.9068658447266,600.6686152836232,63.640783953092445,23.306714806551327,15.305526967845061,678.4791232223708,494.4451901321213,22.568777137968016,0.0001404916710834314,0.00014048180305284942,0.025155755646385038
2025-05-20,634.530517578125,636.7714432087338,629.7100715967877,633.4449476478025,6743500,593.2755676269531,574.6965008544922,603.8935583592901,62.37056206223118,22.94363272642761,16.83314811956157,678.0558856700782,508.49524958382807,21.537934078231007,-0.005199566795266786,-0.005213131583809354,0.025145965851004023
2025-05-21,632.9369506835938,644.0021281038256,627.6284302053292,629.2418916838421,11464600,599.0138305664062,575.3006231689453,606.6595957235095,61.73298509126266,22.270578663787774,17.92063422840681,678.0231864201985,520.004474712614,21.16906006539282,-0.00251141095721219,-0.0025145698396531976,0.024485652273915404
2025-05-22,634.0026245117188,640.6556757699244,628.1662733645643,631.492768599171,8228400,604.1639739990235,575.6504217529297,609.263693703339,62.012645314895366,21.574472354119507,18.651401853549352,678.0290040986848,530.2989438993621,20.54908451824763,0.0016836966572641998,0.0016822808290414093,0.024313129935212067
2025-05-23,624.531005859375,629.8992820739184,620.1388185495641,621.4833495575277,8454100,608.1373840332031,576.3863421630859,610.7177234324853,57.958425592352896,20.02765626625353,18.926652736090187,677.2551407135994,539.0196273528069,20.071564621383846,-0.014939399753492122,-0.015052116609614632,0.024524630543936755
2025-05-27,639.7294311523438,640.4863756807556,630.1980211513535,632.8472662118028,9508400,612.7477172851562,577.0779425048828,613.480743215329,62.22598208238006,19.799937915754867,19.101309772023125,677.2227411694032,548.2726934009092,19.7775507070979,0.0243357417812351,0.024044345712002008,0.02481319793672917
2025-05-28,640.9843139648438,648.254859263292,639.9584390080566,640.0082251890005,9042900,617.1867370605469,577.8484210205078,616.100130905759,62.563876055065414,19.49599039638133,19.180245896894768,676.3860603819429,557.9874137391508,18.973827664515788,0.001961583681150403,0.0019596622881198327,0.024850570615595462
2025-05-29,642.448486328125,650.6851526800369,636.9208817638153,649.0219048494392,8858800,621.9698699951172,579.0971661376954,618.6094980888414,62.97997601715316,19.15247842133465,19.174692401782742,672.4616517492138,571.4780882410205,18.60171646820907,0.002284256153203712,0.0022816512062734887,0.02454554248787355
2025-05-30,644.8786010742188,646.790840509364,630.227966818394,639.9087359485001,16241000,625.7186889648438,580.3606500244141,621.1113174207821,63.70111560349281,18.85893855258098,19.11154163194239,671.0613779206534,580.3760000090341,18.456084841263426,0.003782583036319176,0.0037754470583976716,0.023220492995290866
2025-06-02,668.1942138671875,670.5446811489596,641.6616412070963,641.791121766507,15766300,629.3977905273438,582.0518035888672,625.5954027966303,69.7830065429971,20.27397541892151,19.344028389338217,675.9716821859666,582.8238988687209,19.200867348449133,0.03615504182357787,0.035516786910071,0.022667127276171886
2025-06-03,664.1605224609375,672.8553550898889,662.3479161440031,668.7420068089284,11585000,632.7631622314453,583.4581097412109,629.2682713360882,67.67056041430492,20.82980412887298,19.64118353724517,679.1709466658845,586.3553777970062,18.57990817683747,-0.006036705081453708,-0.006054999648669737,0.02282540447048612
2025-06-04,685.1753540039062,686.2211069583093,665.8735130698844,666.6204881500277,14031900,637.7748626708984,584.8345367431641,634.59275539969,72.36425723481712,22.704302595893637,20.253807348974863,684.0915575406636,591.4581678011332,18.828527914018498,0.0316411934047236,0.031150925795008933,0.022700709085727605
2025-06-05,681.85888671875,691.5795338523676,679.4984499163488,688.8704721449504,13083100,642.1476593017578,585.9960345458984,639.094291715791,70.62169036122131,23.649626767012705,20.932971232582435,687.7679022517958,596.5274163517198,18.34656762987566,-0.004840319001225057,-0.00485207128377587,0.022797177796748527
2025-06-06,694.8960571289062,699.9754637799698,689.0795839414949,693.3622292653906,11728000,647.1125518798829,587.7236395263672,644.4087455646591,73.33953923441433,25.160756144431616,21.778528214952274,693.0006145936819,601.2244891660838,18.330139732114528,0.019120041791775844,0.018939550827101987,0.022915823843892742
2025-06-09,691.2607421875,702.3458579741853,691.1412310298801,695.6430205968694,12773200,652.1705657958985,589.5458599853515,648.8708404811201,71.35719242161949,25.767960520081488,22.576414675978118,693.9212207141296,610.4199108776673,17.821174532985285,-0.0052314513863069845,-0.005245183341083723,0.022774742238096862
2025-06-10,699.567138671875,700.3937473880201,688.7708312874433,698.5213248498013,10850100,655.3063690185547,592.0489239501953,653.6990593564302,73.14346117185542,26.61265699525495,23.383663139833487,701.1990023962271,609.4137356408824,17.378441787813248,0.012016300040545325,0.011944677494993484,0.015554325661063073
2025-06-11,691.3404541015625,706.0110265671628,689.1991010267074,700.871864292101,9582500,657.2041839599609,594.395025024414,657.2839540940619,68.5816626832902,26.31491834774181,23.969914181415152,705.6879860854922,608.7203818344296,17.33797634157341,-0.01175967840046177,-0.011829370327077208,0.015137456439181355
2025-06-12,690.5635375976562,692.575410020333,684.2292032313352,690.5037820202001,7322700,658.8973236083984,596.5335650634765,660.4534382372614,68.14939103335047,25.719785972908767,24.31988853971388,709.5108671107477,608.2837801060492,16.69570708781801,-0.0011237827893579855,-0.0011244147067064033,0.015154778673000826
2025-06-13,680.1158447265625,691.7686684593297,678.2633610655403,685.175373097979,9274400,660.8389587402344,598.5043841552734,662.3260483790996,62.44899618237779,24.126977006067364,24.28130623298458,711.5799111110579,610.0980063694109,16.467821395387396,-0.015129227510967902,-0.015244841859530055,0.014498767294349334
2025-06-16,699.8262329101562,704.8398295585073,691.2443755981594,697.0453694874415,13720300,663.9423980712891,601.9113897705079,665.8974945249146,67.90355206683977,24.176437106451772,24.26033240767802,716.2259439610378,611.6588521815403,17.057547355141498,0.028980927788144983,0.028568921974744317,0.015448539695702958
2025-06-17,694.9522705078125,703.6637089538638,693.7861096962511,699.7067073456836,10066100,666.7976593017578,605.7565478515625,668.6646160470954,65.37472349257197,23.55086682700528,24.118439291543474,719.3056402258943,614.2896783776213,16.544693919603727,-0.006964532298361914,-0.006988897849109123,0.015641011405475098
2025-06-18,693.4970703125,699.2980647722242,692.6299173050131,695.8991705300261,10068300,669.7459869384766,609.3431311035156,671.0296116914196,64.6011661586927,22.67627736938539,23.83000690711186,721.2887414242165,618.2032324527366,15.839226315861392,-0.0020939570342710656,-0.0020961524275432543,0.015555758970274287
2025-06-20,680.120849609375,699.5272759324512,676.4528788689065,698.4607641474819,22538600,672.1051818847657,612.7777227783204,671.895443874082,57.827658650082135,20.66558964855767,23.197123455401023,720.9410177216206,623.2693460479107,16.356024226410195,-0.019288070960555737,-0.019476512857041155,0.01638761331808243
2025-06-23,696.2481079101562,696.7663678330139,676.5326949790629,681.4565596787132,11080100,675.2174560546875,615.0345343017578,674.214745210851,62.8810275518938,20.141264151691644,22.585951594659146,721.8265652458044,628.6083468635707,16.632999128377396,0.023712342166901434,0.023435571300431664,0.01697283884972671
2025-06-24,709.8733520507812,710.8601081222891,699.8162879347926,702.5872352556954,13823200,679.4845733642578,618.3502667236328,677.61080300513,66.53005191781571,20.58785180893551,22.18633163751442,722.2158134332401,636.7533332952755,16.48864206293136,0.01956952411909918,0.019380503036915825,0.01660755706333021
2025-06-25,706.3649291992188,714.2391463968028,703.0757215627262,710.989786190386,9320400,682.8163482666016,621.6500103759765,680.3492912140908,64.76454090493903,20.423248842162252,21.833715078443987,722.9408098996056,642.6918866335976,16.10826940372744,-0.00494232223456037,-0.004954575900143967,0.016244120384754396
2025-06-26,723.7180786132812,725.8410644855094,708.7271714667934,712.026356119824,13964800,686.9530364990235,625.5376434326172,684.4796519187756,69.12832997912285,21.445839646613763,21.75613999207794,726.0187523316462,647.8873206664008,16.348831252481954,0.024566833228449214,0.024269921540753102,0.016792129417129445
2025-06-27,731.2333984375,733.0275060697373,723.4887618360168,724.1466398304902,18775700,691.3922821044922,629.7739788818359,688.9323896824636,70.81414559446182,22.602130437826872,21.92533808122773,729.3833552774137,653.4012089315707,15.862396465427567,0.010384319593921054,0.010330772925331572,0.016789865577285713
2025-06-30,735.6788330078125,745.4567832484664,731.851350759088,742.1176905331245,15402100,695.9322937011718,634.4818737792968,693.3844319039255,71.79526837363748,23.60510369651945,22.261291204286074,732.2700156058764,659.5945717964672,15.74532420439463,0.006079364782587193,0.00606095999976524,0.01677724395769575
2025-07-01,716.8704223632812,735.3399177465482,713.0330238804761,734.4727647300622,13431200,698.3661041259766,638.8301330566406,695.6211929000547,62.25905364789714,22.62151889112772,22.333336741654403,733.4451168299714,663.2870914219817,16.238215984604757,-0.025566061983370303,-0.0258985529772242,0.016758505119508084
2025-07-02,711.2389526367188,717.9469479430355,710.4714485666279,712.9932128907722,9336700,700.7200256347656,643.4008062744141,697.1085985892607,59.70209271990018,21.143874875768688,22.09544436847726,732.4613398601765,668.9787114093548,15.612307655447816,-0.007855631298048893,-0.007886649320482447,0.01681869493459974
2025-07-03,716.6611328125,726.6484187341657,712.0861007528597,724.23628063908,8601700,702.2943145751954,647.7687829589844,698.9707447057597,61.348091081693056,20.17775932361792,21.711907359505393,733.9185758704825,670.6700532799082,15.597818972733469,0.007623570328481044,0.007594657767854753,0.015515358162118912
2025-07-07,716.0032348632812,724.6250009558648,711.1790804792781,715.2556849998467,9457100,704.0015319824219,651.7254138183594,700.5928866255236,61.022400302608744,19.138403321583496,21.197206551921013,734.7017126680187,673.301351296825,15.444111937294414,-0.0009180042269585353,-0.0009184258508936781,0.015444142316367492
2025-07-08,718.3157348632812,720.5484076114845,712.4748926138262,719.2128191233631,7770700,705.1725158691406,655.4717333984376,702.2807769338815,61.79026781802066,18.290464535698106,20.615858148676434,736.1791865617153,674.165845176566,14.917640727320407,0.003229734011525265,0.0032245296234812357,0.014948097205286308
2025-07-09,730.3861694335938,735.1206520424314,720.3589752323313,720.3589752323313,11418000,707.1287872314454,659.1782006835938,704.957480981473,65.59969238670774,18.380570358226464,20.168800590586443,739.2931123865875,674.9644620763032,15.052446188165389,0.016803800869835905,0.016664178956376285,0.015214995679675759
2025-07-10,724.8641967773438,733.3962299961528,717.2491410105094,729.1601141641413,9913600,708.3936401367188,662.725029296875,706.8533586763178,62.52841640433833,17.801201655626414,19.695280803594436,741.2511757375861,675.5361045358515,15.130634959413813,-0.007560346686920738,-0.007589070976576033,0.015225074370921778
2025-07-11,715.1660766601562,722.791049443565,707.3815924903404,720.1397657932962,10873900,709.5849212646484,665.9842724609375,707.6450461033501,57.44186365222052,16.37077839887786,19.030380322651123,741.5997926740747,677.5700498552221,15.298632768527353,-0.013379223529461304,-0.013469531747693289,0.015305573341628626
2025-07-14,718.5648803710938,725.6217684499236,714.2091611608587,715.2557188520466,8939400,710.9849884033204,669.419853515625,708.6850303193257,58.70957020392375,15.334644480658085,18.291233154252517,741.9829974551976,679.9869793514431,15.021059519994322,0.004752467744009836,0.0047412104217983255,0.015302763803873382
2025-07-15,708.0693359375,722.1032960553172,707.501190694441,721.5352116480268,11529500,712.3826629638672,672.1831958007813,708.6263927591518,53.41796933768586,13.510853456231644,17.335157214648344,740.0265047385647,684.7388211891698,14.991134222914456,-0.01460625855827169,-0.01471398017950666,0.015272189813476568
2025-07-16,700.6136474609375,711.6375132851348,696.985585155631,711.0394977501286,13067600,712.4220336914062,674.3032250976562,707.8632741593219,49.97228973222572,11.333231738607765,16.13477211944023,739.9963867371379,684.8476806456746,14.966905216242262,-0.010529602255252346,-0.010585430764233456,0.014128195704488311
2025-07-17,699.1185913085938,703.5939743779064,694.8326508122145,702.0888975460598,11803300,712.6303497314453,676.34853515625,707.0304472211574,49.285753670460146,9.378700480583348,14.783557791668851,739.7325480612653,685.5281514016253,14.523649384060093,-0.0021339238220121626,-0.0021362038816777947,0.014041173840955525
2025-07-18,701.9791870117188,702.4077749261983,689.3904436272979,699.8959881535893,12779800,713.0544555664062,678.6892919921875,706.5493748202584,50.68187862890716,7.968688462943533,13.42058392592379,739.194131701807,686.9147794310054,14.41605523512011,0.004091717397717298,0.004083369086956801,0.014051645718301994
2025-07-21,710.6409301757812,714.6577946803866,703.4545218308364,704.4911025889082,9404400,714.5804595947266,681.0140515136719,706.9390467588796,54.74443851713544,7.464132194826789,12.22929357970439,735.9862638538872,693.174655335566,14.291951837516377,0.012339031305094617,0.012263525932603448,0.013450392939188182
2025-07-22,702.5075073242188,714.258969568067,699.1185901916039,713.8503357336546,8921100,714.8934295654296,683.1522375488281,706.51699538415,50.53487398886371,6.334943185267889,11.05042350081709,735.3813007779078,694.4055583529515,14.352553804584002,-0.011445193354611138,-0.011511193654127842,0.012783206469782609
2025-07-23,711.2488403320312,712.2953979460707,702.627074466955,704.0623726003058,8771600,714.9622039794922,685.575205078125,706.9676472839483,54.57744555186965,6.075372170592686,10.05541323477221,735.3913575993658,694.5330503596185,14.026506434388853,0.012443045685173404,0.01236626724126309,0.012315173074891491
2025-07-24,712.46484375,721.2560374369583,711.6674693968201,714.7074933384354,10920800,715.2671997070313,687.08748046875,707.4911898045247,55.12684349696527,5.899772677672672,9.224285123352303,735.3530893548113,695.1813100592512,13.739412910855867,0.0017096736739861118,0.0017082138456002817,0.012259569113369598
2025-07-25,710.351806640625,718.2958018452817,709.5743863825453,714.5779456568456,8271700,714.5988861083985,688.2268334960937,707.763629503201,53.90668811683639,5.526399485860111,8.484707995853864,734.4030558112705,694.7947164055264,13.380984521704478,-0.0029658124578515466,-0.002970219194812888,0.010883646432466856
2025-07-28,715.2855834960938,722.3723412768968,710.3517424558249,712.8635293495823,8715700,713.8014953613281,689.3985302734375,708.4800060739526,56.336791348777254,5.564469361248257,7.900660268932743,732.0885049632597,695.5144857593965,13.283814114516435,0.00694553995547853,0.006921530799767533,0.010722376000459503
2025-07-29,697.7132568359375,722.1032896273051,697.6235240780348,717.6479213169642,13267000,711.9032165527344,690.5271325683593,707.4546013846178,46.86068566046984,4.129102386326281,7.1463486924114505,728.5177756414014,695.2886574640675,14.083524931284567,-0.02456686820705678,-0.024873668892307767,0.011787260443915776
2025-07-30,692.9388427734375,706.1854038178556,688.9419332947481,705.7767700131621,27077300,710.7066375732422,691.6307604980469,706.072148183553,44.66253887028021,2.576606883765521,6.232400330682265,729.0726724351674,692.340602711317,14.309235330700488,-0.006842945888904994,-0.00686646620336128,0.01054343086573075
2025-07-31,770.913330078125,782.1863801577031,763.0092430876867,772.667590247117,38831100,713.6903564453125,694.2920861816406,712.2474988401789,69.67845805913674,7.551088233600126,6.496137911265837,745.7311650482401,681.649547842385,19.661971191669426,0.11252722822204664,0.1066342095650891,0.02751441754816749
2025-08-01,747.559814453125,763.4975672525204,742.8751566383397,758.2447642610286,19028700,715.2352905273438,696.5526721191407,715.6105765176023,60.811629703737225,9.499463107589122,7.096802950530495,750.5160085665503,679.9545724881372,20.26027135224913,-0.030293308876412017,-0.030761633495805775,0.028565106686546455
2025-08-04,773.8338012695312,774.3122137700193,755.9324499017634,757.5172825632864,15801700,718.1268188476563,699.3706091308594,721.1556455415956,66.0465708706476,13.013642220911038,8.280170804606604,761.6919937674611,674.5616439278515,20.723994778295214,0.03514633385641108,0.034542802091876296,0.029463491666671494
2025-08-05,760.9659423828125,780.571667176634,760.507423214992,773.913496774336,11640300,720.2593292236328,701.9098754882813,724.9471023836162,61.69945772083647,14.592116974334886,9.54256003855226,767.6593822508027,672.8592761964629,20.67686971996285,-0.01662871131450716,-0.01676852039807741,0.029833160635969396
2025-08-06,769.468017578125,771.1126516160077,757.9757159507556,767.4845283360178,9733900,722.2134216308593,704.8086157226562,729.1871895449981,63.41294716537488,16.340750007847646,10.902198032411338,774.1295033572464,670.2973399044722,20.138303001769227,0.011172740751957955,0.011110786721109735,0.029725290564867588
2025-08-07,759.3412475585938,772.4682063669705,757.0686667309535,770.9631295472946,9019700,723.9372741699219,707.2008520507812,732.0590045939119,59.97141753053767,16.716708764650207,12.065100178859112,778.3218550855067,669.5526932543371,19.7998199042155,-0.013160741951829147,-0.013248111932036307,0.029856184984600284
2025-08-08,766.786865234375,767.3849416766147,756.101914160301,760.2582747146965,7320800,726.5183135986329,709.7169030761719,735.3664198930037,61.6206637725827,17.414711949789762,13.135022533045241,783.8146162102385,669.2220109870273,19.191477590793944,0.009805364452043275,0.00975760381918282,0.029647205267241315
2025-08-11,763.3680419921875,770.9332736584846,762.171949999175,767.5643106154529,7612000,728.7584716796875,712.1352941894531,738.033241045307,60.39027350224656,17.49039564589509,14.006097155615212,788.1025711046769,669.4143722546982,18.44646659568792,-0.004458635635526287,-0.004468604995590724,0.029704558765563573
2025-08-12,787.4192504882812,791.077244402737,769.9066403638383,770.4747856043563,14563100,732.7259674072266,714.9861071777344,742.7366705160665,65.59484494233456,19.268986163661566,15.058674957224484,796.4548256561026,668.9971091583506,19.10809058246375,0.03150670079576101,0.03102054967458523,0.030019087222302173
2025-08-13,777.5316162109375,792.8613769942957,775.6876233736197,788.5654595317508,8811800,736.5718658447265,717.1728552246094,746.050474867959,61.98875763236348,19.654122026811137,15.977764371141816,801.3597709583885,671.7839607310646,18.96992365662177,-0.012557013650875803,-0.012636519216268209,0.0300802554001901
2025-08-14,779.5748901367188,785.2363270315518,769.986322264654,775.3387743217048,8116200,740.5946807861328,719.481142578125,749.2432763221266,62.44818445690323,19.894884260944423,16.76118834910234,805.5719302951837,675.6174312770819,18.704215164498635,0.0026278981885501373,0.0026244513014970303,0.030034364172079945
2025-08-15,782.664794921875,793.6488143059948,778.269228256533,781.5883668624648,13375400,744.6289611816406,721.4309313964844,752.4262780935312,63.17307581022539,20.10328144421294,17.42960696812446,809.5341913970378,679.7237309662435,18.466741656281723,0.003963576590588103,0.003955742315237159,0.030034777108067238
2025-08-18,764.8631591796875,773.2755899130946,754.0884756033142,772.5579712024165,16513700,747.3400726318359,723.0910168457032,753.6107429588794,56.416208745236986,18.617384859713525,17.667162546442274,810.8549190185353,683.8252262451366,19.18885434644451,-0.022744904150140632,-0.02300755984340562,0.030654806164396153
2025-08-19,749.0250244140625,764.6637703117248,746.9119549568848,764.613945820292,12286700,749.6659484863281,724.1735961914062,753.1740078593731,51.17205936347836,15.977615989019228,17.329253234957665,809.7581522040596,689.5737447685967,19.100450766184387,-0.02070714816832242,-0.020924547545095932,0.030970485475464594
2025-08-20,745.2772827148438,747.7492222984731,728.6119336256934,745.1278092436016,11898200,751.3673706054688,725.2539270019531,752.4219387979894,49.987963401303794,13.42837476116972,16.549077540200077,808.8840711054655,693.850670105472,19.19421076776901,-0.005003493310721474,-0.005016052694754091,0.030955365648955003
2025-08-21,736.6854858398438,743.0646026719377,730.7150636889187,742.2772053426181,8876300,752.578402709961,725.9962939453125,750.9232289924516,47.28655224856543,10.592690575405527,15.357800147241168,807.7393913729646,697.4174140469573,18.863354214780156,-0.011528322510653277,-0.011595288790696042,0.031120406239115543
2025-08-22,752.3242797851562,754.42743321116,731.9909576644918,736.8151126028864,10612700,754.6770263671875,727.2159704589844,751.0566624012806,52.335745466966344,9.497825381906864,14.185805194174309,806.3346842489864,703.0193684853887,19.11857716705787,0.021228589738650605,0.021006402212116686,0.03138178442417137
2025-08-25,750.839111328125,756.40089964729,747.6794841015795,752.354165267511,6861200,756.454702758789,728.4214819335938,751.0359432514563,51.82802766355473,8.41331271371132,13.031306698081712,804.9158402660335,707.9935652515446,18.375922765533055,-0.001974106774083384,-0.001976057891092868,0.031390951542205135
2025-08-26,751.636474609375,752.4039786334924,745.4966249237331,748.3472672479323,7601800,759.1508636474609,729.85189453125,751.0931367141153,52.09671947591711,7.531352421022916,11.931315842669953,799.5728413950203,718.7288858999016,17.55673926154922,0.0010619629015322651,0.0010613994178273922,0.030727839862604234
2025-08-27,744.9384765625,751.6863799088018,740.4133296583533,749.8423869559551,8315400,761.750845336914,730.7541394042969,750.5069786044377,49.59427188634099,6.220217277188453,10.789096129573654,789.5085237983485,733.9931668754796,17.107904332184884,-0.0089112200819631,-0.008951162470971545,0.030770259571944944
2025-08-28,748.65625,750.5899148175357,738.3799332684189,741.5694916361576,7468000,760.6379913330078,731.8282189941406,750.3307187373484,51.00117082975987,5.418663495384521,9.715009602735828,788.6208145914507,732.6551680745649,16.75805270482288,0.004990712058069002,0.004978299735069319,0.01723753880603803
2025-08-29,736.2868041992188,744.6992345800578,732.9477115811937,742.8453254860702,9070500,760.0743408203125,732.684013671875,748.9932030670503,46.364360899885625,3.7421779500866705,8.520443272205997,789.5048676721386,730.6438139684864,16.683087398678836,-0.016522196670075595,-0.016660210467266654,0.01626714783782284
2025-09-02,732.7085571289062,733.595664312695,719.3722615167949,723.6681793458474,9350900,758.0180786132812,733.7357678222656,747.4422844062747,45.087338506067354,2.1006020106964343,7.236475019904085,789.0205902334388,727.0155669931236,16.699619918946336,-0.004859854950414522,-0.0048717024458092605,0.013927126524708977
2025-09-03,734.6421508789062,737.8317091036498,731.5921498947655,733.5955932459119,7699300,756.7018890380859,734.5036486816406,746.2232240703348,45.95362275169508,0.9447753258669991,5.978135081096668,789.2867801088626,724.1169979673093,15.952472725370479,0.0026389670643083285,0.0026354911046774492,0.013570010485971413
2025-09-04,746.2042846679688,758.673365064992,743.3835128663812,746.1245289832817,11439100,755.5387023925781,735.2302673339843,746.2214203177286,50.93778857268775,0.9507818969844948,4.972664444274233,787.8776610234207,723.1997437617355,16.529525686850143,0.015738456846275284,0.015615891653048934,0.013833309931782618
2025-09-05,749.9918823242188,755.4739147328357,742.596139272426,750.1613099282893,9663400,755.0712341308594,736.1028063964844,746.5805119373945,52.483680813785575,1.2467973210423224,4.227491019627851,787.4470848787658,722.6953833829529,16.268686384961548,0.005075818692109602,0.005062980150159553,0.013619683101163033
2025-09-08,749.8423461914062,764.0059463353695,749.5632925404257,753.5302710608411,13087800,754.224008178711,736.6252917480468,746.891162818729,52.41346386574112,1.4525809125324258,3.6725089982087664,786.2137189585957,722.2342973988262,16.138255485674566,-0.00019938366845928535,-0.00019940354802539393,0.013402033476948778
2025-09-09,763.1986083984375,763.7966239723705,750.9686728075005,755.0154070864886,10999000,754.2155364990234,737.2645959472657,748.4442528739393,57.839103835229075,2.6627105587048163,3.4705493103079768,786.1956448110293,722.2354281870175,15.98225707819526,0.01781209380194415,0.017655317399057856,0.014013564921467256
2025-09-10,749.5234375,763.1986490989516,748.5466583985636,762.6305038555339,12478300,752.3207458496094,737.5414880371094,748.5470323621355,51.3797196204299,2.489576727668691,3.27435479378012,780.4680767229694,724.1734149762493,15.887238051209025,-0.017918233534433003,-0.01808070885414391,0.012451085861473154
2025-09-11,748.4469604492188,754.6266574243845,745.9251963321232,752.1847098305358,7923300,750.8665130615234,738.1730187988281,748.5375017037625,50.89785423210384,2.2396865058241247,3.0674211361889214,776.551074748987,725.1819513740597,15.373968268427044,-0.0014362153295323088,-0.0014372476753343373,0.012219280728063461
2025-09-12,753.1216430664062,755.095155276553,741.330272625368,746.2840072815898,8248600,749.5438507080078,739.0106726074218,748.9740865954428,52.96097364031108,2.391289230185066,2.93219475498815,771.6545247294151,727.4331766866004,15.25903358148118,0.006245843545655827,0.006226419104247403,0.012315206189724434
2025-09-15,762.201904296875,771.5412896866574,749.5334031898147,754.995481759339,10533800,748.5207061767578,739.9214880371094,750.233878757484,56.76135247305955,3.207166457340577,2.987189095458636,765.7642696646718,731.2771426888438,15.741094504006997,0.012056832138693574,0.011984727528274671,0.012638186570666754
2025-09-16,776.4552001953125,778.8074760600178,762.6005837137456,764.4944012192615,11782500,749.100308227539,741.13052734375,752.7311474658486,61.957055625976864,4.946852659034903,3.3791218081738896,769.0664987704691,729.1341176846089,15.802842879659556,0.018700157816564422,0.01852745953344011,0.012321699927853315
2025-09-17,773.1859130859375,780.731191338524,763.8066796606671,777.4419836717854,9400900,750.3083526611329,742.2279309082031,754.6792203820476,60.17105223190906,5.99268244754569,3.90183393604825,772.8656888986173,727.7510164236484,15.882962079530795,-0.004210528963619065,-0.004219418201733733,0.011315558539348788
2025-09-18,777.7010498046875,786.2032128794,770.8335437165625,778.1994163857863,10955000,751.929541015625,743.174228515625,756.8717755651561,61.80847576343879,7.103953929526597,4.54225793474392,777.2934927938239,726.565589237426,15.846298299766985,0.005839652071167656,0.005822667394003494,0.0112395361138961
2025-09-19,775.8372192382812,788.2166289656076,766.6772383880447,783.8509325355676,23696800,753.8871276855468,744.1936889648438,758.67800829593,60.69913516902151,7.744969843963304,5.182800316587797,780.265919156821,727.5083362142726,16.252947748180983,-0.0023965900095856973,-0.0023994664280722745,0.010830912809436263
2025-09-22,763.175048828125,783.6916948825968,762.4868363426395,779.8217552362186,11706900,754.4296661376953,745.1538684082032,759.1062978704248,53.65376978973807,7.1488408570967295,5.576008424689585,781.1022708982907,727.7570613771,16.60665566187929,-0.016320653477527203,-0.016455302391398183,0.010694174093156102
2025-09-23,753.4404907226562,768.6010126974617,749.1217058463387,767.2545389947088,10872600,754.5597351074218,745.8513806152343,758.5666971896849,48.94979815756913,5.823774014447736,5.625561542641215,781.1863655701678,727.9331046446758,16.81184503253955,-0.012755341150652688,-0.012837388959820796,0.011103691241699134
2025-09-24,758.6867065429688,759.1355513505183,750.5778529948334,755.5349308449814,8828200,754.9122467041016,746.8637280273438,758.5781266519024,51.42164658753356,5.137749983628623,5.527999230838697,781.5614057969236,728.2630876112795,16.222263127049935,0.006963012852256867,0.00693888302438013,0.011204861578922896
2025-09-25,746.9672241210938,754.8068807440363,742.6185490172081,751.4954858581857,10591100,755.0136840820312,747.7907995605469,757.472326410873,46.056713823652494,3.6068294245906145,5.143765269589081,781.5253038135636,728.5020643504988,16.211255584100698,-0.015447064408543487,-0.015567613337329273,0.011583515379092694
2025-09-26,741.8206787109375,749.9794521140951,735.4372562509625,748.0544659269957,9696300,754.6719055175781,748.6448413085938,755.9816932965934,43.89107236607554,1.9557361399236015,4.506159443655985,781.6742464339461,727.6695646012101,16.092037032602978,-0.006889921329830573,-0.006913766428148829,0.011629436262160002
2025-09-29,741.4716186523438,748.832479543402,737.2326433015477,746.7777648139662,9246800,754.9311462402344,749.4346899414063,754.5997814257125,43.74084473923614,0.6120116969500486,3.727329894314798,781.3149427169028,728.547349763566,15.7711655475495,-0.0004705450638020636,-0.0004706558048710693,0.010994363597930493
2025-09-30,732.4749755859375,741.0426584785586,724.4159185837501,740.3245554260684,16226800,754.919467163086,749.8713708496093,752.4926570600197,39.94585702072301,-1.165419284431664,2.748780058565506,781.3427787959545,728.4961555302175,15.86291801333837,-0.012133496198759475,-0.012207707973556308,0.011294019972925657
2025-10-01,715.4791870117188,719.9774365591268,708.3576941566364,719.618385039583,20419600,753.9613189697266,750.1308044433594,748.9675646744672,33.952848009475474,-3.9005016856291377,1.418923709726577,784.3486919123133,723.5739460271399,16.452515400192848,-0.023203234432170317,-0.023476667444369954,0.012405188174069987
2025-10-02,725.1640014648438,725.8821654223162,716.2771410193245,720.7056259804448,11415300,752.9093048095704,750.4091076660156,746.7005586545031,39.521016153483785,-5.22634455998616,0.08987005578402951,785.6627516822712,720.1558579368696,16.02040561522175,0.013536123242906317,0.013445328349649247,0.01225534383331968
2025-10-03,708.7167358398438,729.1037149276121,708.3377167266436,727.7372737109582,16154300,750.8455474853515,750.3341455078125,743.0830517197736,34.24145797976027,-7.517583448043752,-1.4316206449815267,788.8540500144823,712.8370449562208,16.359376514203664,-0.022680753032108925,-0.022941917809076794,0.013035262133652295
2025-10-06,713.8035278320312,715.0203947681905,688.718804278428,703.3607165744016,21654700,749.0436065673828,750.4031799316406,740.2945256352267,37.042699352285936,-8.821259187765918,-2.9095483535384052,790.3458978071151,707.7413153276505,17.069534655315007,0.007177468422781885,0.007151832988227419,0.013214233795086225
2025-10-07,711.230224609375,716.636147605649,703.9192222306009,715.8581417735932,12062900,746.4451873779296,750.3220727539062,737.526496966098,36.202526007767986,-9.947408139067534,-4.317120310644231,790.3173845894686,702.5729901663907,16.758633992438796,-0.0036050581460025377,-0.00361157202811533,0.012330313209581022
2025-10-08,715.9779663085938,717.783268775081,705.9739546774089,711.5993392573523,10790600,744.7679138183594,750.6873669433594,735.4742559510976,38.95362946802156,-10.337620564918097,-5.5212203614990045,790.5638949626515,698.9719326740673,16.405111142812604,0.006675393613687186,0.006653211833761082,0.012033988698571469
2025-10-09,731.6072387695312,731.6072387695312,710.5918883665408,716.4167658258609,12717200,743.925927734375,751.4607348632812,735.1059686004722,47.048631962404855,-9.278755339684494,-6.2727273571361035,790.038504364093,697.813351104657,16.73441394711102,0.021829264581308516,0.021594417728853392,0.013183132346527526
2025-10-10,703.4703979492188,733.3626856542741,702.6824691715568,729.0239332852144,16980100,741.4433654785156,750.1118762207032,732.0930571098767,37.4267414566942,-10.587953586609729,-7.135772603030829,790.5568565370902,692.329874419941,17.73054269965432,-0.03845894262560201,-0.03921801348755149,0.01547149929880295
2025-10-13,713.8433837890625,718.072374881022,705.8042950194317,711.1603595995662,9251800,739.025439453125,749.4375476074218,730.3549929840849,42.12580690873657,-10.665543615220372,-7.841726805468738,788.5725680276506,689.4783108785995,17.507073716236388,0.014745447527121813,0.01463779042685272,0.015622803248965159
2025-10-14,706.8117065429688,713.6937706407739,697.5158763660478,705.9439682909708,8829800,735.5432647705078,748.0971057128907,728.1127752277881,39.93637620566193,-11.165720385299323,-8.506525521434856,783.852304376542,687.2342251644736,17.422818981006266,-0.00985044815960856,-0.00989928479724481,0.014803583990557461
2025-10-15,715.6885986328125,722.0221626881838,707.6694770310874,715.1998794771447,10246800,732.6683990478516,747.1915588378906,726.9295203139809,43.90034184811194,-10.722223951438536,-8.949665207435594,778.4521478569231,686.8846502387801,17.264793064164035,0.012559062063729476,0.012480851199708425,0.0152926197034474
2025-10-16,710.2228393554688,723.6080097298942,702.0540824517458,715.6886043056783,9017000,729.2944885253906,746.0066552734374,725.3384078417416,42.05974274390091,-10.688579634196799,-9.297448092787835,771.0771556171555,687.5118214336258,17.57115979373435,-0.007637063504693287,-0.007666375206432122,0.01514428790574306
2025-10-17,715.0602416992188,716.6760344343375,704.2882698394852,705.2458014471516,12232400,726.2556396484375,745.12103515625,724.3595348757871,44.286131561597905,-10.154523305412567,-9.468863135312782,762.5341520133693,689.9771272835058,17.200917279528483,0.00681110501619453,0.006788014230305782,0.015347570287157409
2025-10-20,730.2706298828125,731.866515781436,718.3117433877071,719.3191330444083,8900200,724.6104187011719,744.3907104492188,724.9224963050276,50.70078721460088,-8.40701774194281,-9.256494056638788,756.7961131325832,692.4247242697605,17.172728479720536,0.02127147797708462,0.021048398037838523,0.016040125552313517
2025-10-21,731.367919921875,736.5843338414116,726.859625303898,734.1107864324557,7647300,723.5067901611328,743.7507080078125,725.5363461732987,51.13785458761614,-6.854549872952134,-8.776105219901458,753.0693525705617,693.9442277517039,16.640727055277186,0.0015025799945407314,0.0015014522507628874,0.01585639910453613
2025-10-22,731.5075073242188,738.6788588958609,722.1518950553793,731.9264616753367,8734500,722.1478302001954,742.6324731445312,726.105028187672,51.19712845329213,-5.548979187111968,-8.13068001334356,747.2841584763731,697.0115019240176,16.632601111363215,0.00019085797796369874,0.00019083976689693728,0.01574108012053001
2025-10-23,732.095947265625,740.4841042897723,731.1982575844598,732.7941435868839,9856000,721.4042663574219,741.723759765625,726.6755919093818,51.464423869150146,-4.41591886314086,-7.387727783303021,744.3436646530179,698.4648680618259,16.107832939502448,0.0008044209191491181,0.00080409754604864,0.01541028641245132
2025-10-24,736.444580078125,739.2872233202683,729.2533227506186,734.8786455644157,9151300,721.1354614257813,740.8611535644532,727.6059717349764,53.49169539545171,-3.130970192785867,-6.53637626519959,743.2217286179659,699.0491942335966,15.673980627370103,0.005939976622930443,0.005922404512736598,0.015414474609734533
2025-10-27,748.872314453125,753.7895182960361,746.069606274355,747.7851152228061,11321100,721.5054962158204,740.1853039550781,729.6313377081334,58.78936581621471,-1.0971772366069672,-5.4485364594810655,745.1362016755526,697.8747907560881,15.793334740980177,0.016875315144123437,0.016734508905436467,0.01588228415462196
2025-10-28,749.4906616210938,756.4326283200122,743.5860359773924,750.677577029167,12193800,722.3562805175782,739.8778540039062,731.5227018903201,59.039369357201046,0.5580805770646293,-4.247213052171927,748.5876149448234,696.124946090333,15.582853141097294,0.0008257044038546546,0.0008253636975089695,0.015596475820276439
2025-10-29,749.7200317382812,757.1905917498632,740.5838210171188,752.7920587752158,26818600,724.0683227539063,739.8917541503906,733.2557809234593,59.13839357993768,1.8668724281549203,-3.0243959561065576,752.6454927417508,695.4911527660618,15.65599011192923,0.0003060346565111338,0.00030598783745756594,0.014502851782079315
2025-10-30,664.7410888671875,679.1935516668058,648.4833846789722,667.414190282622,88440100,721.0471771240234,738.2810302734375,726.7305721561953,30.102454130425556,-3.9079427600313466,-3.201105316891516,759.5679428823601,682.5264113656867,21.768894179599215,-0.11334756879053076,-0.12030222103029971,0.029446841511187743
2025-10-31,646.6681518554688,673.139345897249,643.8953948481166,672.7603267493847,56953200,717.9447479248047,736.48068359375,719.1055797466023,27.05954525599971,-9.829551426809871,-4.526794538875187,768.1581828839016,667.7313129657077,22.3028268131373,-0.02718793424146171,-0.02756436472365517,0.029614877896594137
2025-11-03,636.0557250976562,657.619635334369,634.5296648817072,654.298256711345,33003600,714.0573577880859,734.1553125,711.196069780036,25.433742104308877,-15.203546090273221,-6.662144849154794,775.6907441402641,652.4239714359078,22.359051358817627,-0.016410931522392924,-0.016547082490382888,0.02961061738742137
2025-11-04,625.6926879882812,640.0752642850032,624.3860886703497,626.410791028598,27356600,709.7804809570313,731.6523840332031,703.0528905617737,23.92224790558194,-20.067362008090186,-9.343188280941874,782.4824207446903,637.0785411693722,21.8826316628059,-0.016292655974103454,-0.016426840774208088,0.0297079617368239
2025-11-05,634.30029296875,640.5639703518489,624.9146693781357,630.6697208898194,20219900,705.6965972900391,729.3056604003906,696.5050241243429,27.76232496386396,-22.962709557703192,-12.067092536294137,785.3874350098105,626.0057595702677,21.43739375644213,0.013756921162278335,0.013663153711260779,0.02990779215304759
2025-11-06,617.3344116210938,634.3501538797125,616.3968476378337,634.2005186436334,23628800,699.9829559326172,726.7535791015625,688.9649657907,25.07566050869029,-26.322864588037078,-14.918246946642725,787.4320824525358,612.5338294126985,21.188530362544746,-0.02674739636056278,-0.02711161729408456,0.029534135310147175
2025-11-07,620.0972900390625,620.516183502649,599.6404837711106,614.8907991985972,29946800,695.8143005371094,724.1823999023437,682.4061395286393,26.32603943459705,-28.43508846064833,-17.62161524944385,789.8980422279998,601.730558846219,21.16618531747287,0.004475497179419419,0.004465511923489457,0.02875507961206614
2025-11-10,630.1212158203125,633.3528014765299,616.5065997528014,629.4529708548182,19245000,691.6281921386719,722.0590881347656,677.4266229849892,30.835871626943018,-28.96628871492328,-19.890549942539735,789.5044565943851,593.7519276829587,20.85761506077684,0.01616508561199903,0.016035821795477793,0.028810347539468872
2025-11-11,625.4533081054688,627.9268552540688,617.7832543081277,626.3709044869131,13302200,687.5602722167969,719.9139831542968,672.476783472654,29.91745422779897,-29.424739800625616,-21.797387914156914,789.2622214963951,585.8583229371986,20.249068378734556,-0.007407951990264117,-0.007435527134576465,0.028797445993459243
2025-11-12,607.43017578125,627.3583261459861,606.1934022078184,626.5005716840028,24493300,682.1473510742187,717.3697436523438,666.2818684544251,26.620636058348197,-30.88634320359938,-23.61517897204541,788.6931794657969,575.6015226826405,20.314486632979783,-0.02881611159562303,-0.029239448183971926,0.028904382671012536
2025-11-13,608.3079223632812,616.0478021853295,601.4357808374693,611.4796659420805,20973800,677.0516052246094,714.61181640625,660.7605402552686,27.042298637948633,-31.609473285384183,-25.214037834713164,787.4189585616252,566.6842518875935,19.907167684042665,0.0014450164266244236,0.0014439733950654045,0.028977436336864868
2025-11-14,607.8790283203125,612.088052043071,593.6560102918138,600.2288811530552,20724100,671.6925445556641,711.7695593261719,655.7242057852727,26.96077397264743,-31.850020044792927,-26.541234276729117,784.5380688239675,558.8470202873607,19.80180154598656,-0.0007050607549257126,-0.0007053094271526698,0.028833286372443936
2025-11-17,600.4483642578125,610.1032465254069,593.855525554584,607.4600964135232,16501300,665.2014312744141,708.7816796875,650.4598399255146,25.525039464825667,-32.268278940542814,-27.68664320949186,778.7551294529044,551.6477330959237,19.547938647760585,-0.012223919096258973,-0.012299245682110145,0.02802535183644131
2025-11-18,596.1395874023438,602.0940719298206,582.2656968950795,590.065358149623,25500600,658.4400146484375,705.4404992675782,645.2864825423554,24.703531305229646,-32.571965073084584,-28.663707582210407,771.5323758523074,545.3476534445675,19.567969818259197,-0.00717593237312697,-0.00720180321507563,0.027915565505058294
2025-11-19,588.7886962890625,593.7857099116716,579.7422168855177,592.1798400423816,24744700,651.3040740966796,702.2258044433594,639.9057409944228,23.324337055774336,-33.02510119082967,-29.535986303934262,763.0568597670526,539.5512884263067,19.3414984395854,-0.012330821956167193,-0.012407477342317758,0.027820508406511343
2025-11-20,587.6217041015625,605.1460720070379,581.8367012414765,601.9344542639864,20603000,644.0803619384766,699.0092993164062,634.9263089093885,23.10380961466042,-33.09686133005073,-30.248161309157556,752.6417755775755,535.5189482993777,19.624917891440834,-0.0019820220647155384,-0.0019839888697116806,0.02776835911088577
2025-11-21,592.70849609375,596.5684523172222,580.3506215479276,586.9734117815261,21052600,636.8935577392579,695.8010363769531,630.9055648317087,26.371637576040968,-32.37012747587505,-30.672554542501057,738.8767125957918,534.9104028827239,19.381554525573243,0.00865657608744197,0.008619322769074808,0.027859718160046856
2025-11-24,611.4596557617188,615.1002115339802,596.0796743085915,597.1668126146857,23554900,630.0229248046875,692.78619140625,629.0535734917097,36.99994535963212,-29.936039753638852,-30.52525158472862,718.5286860280631,541.5171635813118,19.59656601947731,0.03163639426724685,0.031146273839784452,0.028800142079906006
2025-11-25,634.5695190429688,635.3973829418613,616.6960233021972,622.3812488080194,25213000,624.2768676757812,689.9484777832031,629.5789016394486,47.129421215118484,-25.8443176610333,-29.589064799989558,693.9247488742868,554.6289864772756,19.90664895952483,0.03779458393286994,0.03709786914126634,0.03063689177299206
2025-11-26,631.9663696289062,636.7040478933542,629.9915253276793,636.0358029520913,15209500,618.3891845703125,687.1240869140624,629.8062795432065,46.22777647086741,-22.551688992894015,-28.18158963857045,658.0980791922299,578.6802899483952,18.96421135996412,-0.0041022288905216975,-0.0041106661136424095,0.030591179323538394
2025-11-28,646.2691650390625,646.3688812783262,633.8514494094911,634.4299618769652,11033200,617.4655883789062,684.49544921875,631.3741733999548,51.69584956123859,-18.574031126243653,-26.26007793610509,653.509215391093,581.4219613667194,18.63837566635382,0.02263220971482216,0.022379901030830283,0.018788527378054035
2025-12-01,639.2074584960938,643.6459265392308,636.1055410281542,637.8908755177382,13029900,617.0925537109375,681.7628540039062,632.1202005519681,49.0440768160236,-15.809289660059449,-24.169920280895965,652.0578260430331,582.127281378842,18.033036262393423,-0.010926881437306246,-0.01098701827961399,0.01793925331452139
2025-12-02,645.4213256835938,646.1893476978298,636.4147821721649,640.6737247939117,11640900,617.5608337402343,679.4077795410157,633.3869743740278,51.40617888680236,-12.967325719629457,-21.929401368642665,653.7585769710159,581.3630905094527,17.44314549548424,0.009721205697630353,0.009674258786039332,0.017663411869827863
2025-12-03,637.9407958984375,647.1668005690203,635.8961259576193,642.7383158920676,11134300,618.1732391357422,677.0977856445312,633.8206716620667,48.491918038349624,-11.189677421873512,-19.781456579288836,655.3030063628537,581.0434719086306,17.002254718049723,-0.011590149701411367,-0.01165783901427715,0.01745285081405173
2025-12-04,659.81396484375,674.3461154685141,658.3377626918029,674.2463992276428,29874600,619.4489227294922,675.1203308105469,636.2962233936556,56.29411716438994,-7.9245471596536845,-17.410074695361807,660.2764107032265,578.621434755758,18.38818792176593,0.03428714558771495,0.03371244119687967,0.018788277270109895
2025-12-05,671.673095703125,672.9398207362489,660.6717397649775,662.2775487290173,21207900,622.1658569335938,673.6144482421874,639.6654493278908,59.845531707647545,-4.330060906629228,-14.794071937615293,668.8770490129901,575.4546648541974,18.012307062532567,0.01797344629130926,0.017813833594919608,0.01780476448850798
2025-12-08,665.0702514648438,674.9545781663558,663.344758713728,667.603701448277,13161000,624.4145050048828,672.0794396972656,642.0849542933148,57.0652056331232,-1.9912451672092857,-12.233506583534092,674.7037823222539,574.1252276875117,17.55498651896794,-0.009830443232759278,-0.009879081056581996,0.0180857198156714
2025-12-09,655.2557983398438,662.7562492699393,651.6451938720459,662.0481300460407,12997100,625.6712341308594,670.3551232910156,643.3393203929842,53.115158983578695,-0.9190667583510503,-9.970618618497484,677.6944761094942,573.6479921522246,17.25999159567008,-0.014757017177333132,-0.014866985162616196,0.018281187880335805
2025-12-10,648.4435424804688,652.812185461044,641.7310198416047,648.2640167126568,16910900,626.8207458496094,668.6744946289062,643.8254367822684,50.50209661364388,-0.6119950620349073,-8.09889390720497,679.7814700172873,573.8600216819314,16.993190660139287,-0.010396330527153719,-0.010450749874308557,0.018375089611302346
2025-12-11,651.016845703125,653.5801862453618,639.1377070000864,641.6212380225077,13056700,629.0000793457032,667.3852478027344,644.510332869969,51.4732705276524,-0.15915977152360483,-6.510947080068696,682.1765001967269,575.8236584946794,16.810996987649013,0.003968430640565401,0.0039605771900833465,0.016886616269747506
2025-12-12,642.5587158203125,709.1555202318053,636.9533001226623,648.1142734035774,14016900,630.7126190185547,665.7331420898438,644.3244645795255,48.1305569777953,-0.4772831126691699,-5.304214286588791,683.3161818113347,578.1090562257748,20.767512924898586,-0.012992182826970233,-0.013077319445237639,0.01728761240847583
2025-12-15,646.3570556640625,651.8372704406642,637.5627451568915,644.5502809809109,15549100,632.6365203857422,664.4859484863281,644.5180446828148,49.7099972605862,-0.418084453806955,-4.326988320032424,684.5692108549197,580.7038299165647,20.30372809338959,0.005911272775906307,0.005893869751993565,0.017278643280894828
2025-12-16,655.9798583984375,661.3602142938313,642.054686531657,642.3541401459643,14309100,635.4130950927735,663.3294750976562,645.6096459890646,53.56749915619121,0.40069174438349364,-3.38145230714924,686.0878785445489,584.7383116409981,20.232428069731355,0.014887750740940842,0.0147780159751672,0.017065958429465927
2025-12-17,648.343505859375,660.0526000253047,648.0440522221027,654.4426118233187,15598500,638.023291015625,662.0717407226563,645.8700135957607,50.272010556116584,0.4284490561531129,-2.6194720344887696,685.6220158947459,590.424566136504,19.645008050693548,-0.011641138735122958,-0.011709427278928071,0.017255849196355186
2025-12-18,663.2669067382812,669.366012780715,655.2911433094866,655.8601356908653,20260300,641.747201538086,661.01751953125,647.526860561715,55.97246328999434,1.6357843527953264,-1.7684207570319503,684.7914524338094,598.7029506423626,19.743400827168294,0.023017737887457423,0.022756825907592853,0.01726810930304163
2025-12-19,657.5969848632812,669.8051880946751,657.0080086354003,665.2333263832898,49977100,645.2459655761719,659.537314453125,648.485920019007,53.46479379211573,2.110759443010238,-0.9925847170235127,680.8573593671784,609.6345717851653,19.24724215803305,-0.008548476966659946,-0.008585224770929767,0.01749111575414114
2025-12-22,660.3220825195312,672.380589007267,655.4807431709672,660.4718397886508,15659400,648.6266448974609,658.6743481445312,649.6131735904855,54.51945083224743,2.676223392902102,-0.25882309503838974,675.3825062653802,621.8707835295415,19.079570992194956,0.004144023952324716,0.004135461133266147,0.01748122757378533
2025-12-23,663.7559814453125,664.8140915262984,657.0778915122911,658.8746741689592,8486800,651.2414611816406,657.6726000976563,650.9601076718976,55.876482132339476,3.3626816908238197,0.4654778621340522,672.6430828335546,629.8398395297266,18.269330208038692,0.005200339374807461,0.0051868643064307525,0.016369825660559743
2025-12-24,666.3613891601562,666.9902722948509,661.0209394131572,661.3503688947783,5627500,652.8310546875,656.86359375,652.4268963850651,56.92661921696127,4.070022776809083,1.1863868450690584,673.7607917321042,631.9013176428958,17.390758970442622,0.003925249320044566,0.003917565629303555,0.014341927575617766
2025-12-26,662.10888671875,667.7588423243637,660.1424238558649,666.8704124858896,7133800,654.3381805419922,655.7919995117187,653.3489907025589,54.64077678653111,4.238594398402597,1.7968283557357663,673.2885577496454,635.387803334339,16.692591791732355,-0.006381675935284714,-0.006402125878858422,0.014406437316305738
2025-12-29,657.5171508789062,659.0743707339258,653.2248195668056,656.8383689858442,8506500,654.9005798339844,654.7378857421875,653.7459583384016,52.203271185132714,3.956070793926642,2.2286768433739415,673.5245158492608,636.276643818708,16.134840031747498,-0.006935016176265574,-0.006959175161038796,0.013725197431258504
2025-12-30,664.7642211914062,671.0230153954109,656.6686764849229,657.5171386037911,9187500,656.17841796875,653.7319653320312,654.7953167053545,55.5719259705344,4.267750834791059,2.636491641657365,673.8000803252617,638.5567556122382,16.00766138022896,0.011021872665698318,0.010961574488480381,0.013602346771356228
2025-12-31,658.9146728515625,663.8159033150052,658.2658058687088,663.5663484641349,7940400,656.8530853271484,652.3048461914062,655.1876363383267,52.363920987035755,3.996678625055779,2.908529038337048,673.7958327814259,639.9103378728709,15.328429518976714,-0.008799433172501425,-0.008838376807502482,0.013682757432422692
2026-01-02,649.2518920898438,663.2070415689074,642.3542224297569,661.5499631466852,13726500,657.4186401367188,650.6625256347656,654.6223273622807,47.487274186333444,2.967933800253604,2.9204099907203593,672.4452156537162,642.3920646197213,15.723028777560556,-0.014664692045635364,-0.014773281570937108,0.013849368661510169
2026-01-05,657.616943359375,663.3567049684374,646.5966230035071,649.8508280292294,12213700,657.3087890625,649.1847143554687,654.9075288858133,51.682405972505556,2.7954120724054974,2.895410407057387,672.2957851416747,642.3217929833252,15.797104005229818,0.012884138454499316,0.012801844050535239,0.01181721702540491
2026-01-06,659.4437255859375,664.3350252422523,650.7392812609531,658.3956073528642,11074400,656.6973205566406,647.731669921875,655.3395476191586,52.57346262697086,2.7741151461830214,2.871151354882514,670.2161742906374,643.1784668226439,15.639864003520485,0.002777881934170612,0.0027740307505908102,0.011058111517927209
2026-01-07,647.5349731445312,657.9763704555172,643.6618768302103,654.4726104611178,12846300,655.820556640625,645.9534777832031,654.5962548120513,46.547080860031684,1.775829722663616,2.6520870284387343,669.3280758075484,642.3130374737016,15.65000577153525,-0.01805878497187141,-0.018223834916316,0.011551469502266156
2026-01-08,644.9096069335938,645.9477331499952,634.5879917891143,644.7299347572825,11921700,655.3032470703125,643.8742236328125,653.6737169188648,45.31389161674786,0.7640289697727667,2.274475416705541,669.6255587410191,640.980935399606,15.45693259895537,-0.004054400642158895,-0.004062642007850624,0.011134245522875359
2026-01-09,651.8970947265625,653.7837438291153,641.7052537227476,644.2906685217797,11634900,655.4759246826172,641.9223522949219,653.5045148053122,49.17350078816191,0.5200071329609273,1.9235817599566183,669.5442794800865,641.407569885148,15.215615278056259,0.0108348328476493,0.010776556610534293,0.011176831389729008
2026-01-12,640.826904296875,652.8055375702352,640.0882316599212,651.3681600668523,14797200,654.9664276123046,639.7444897460938,652.2971233283182,43.88860095118918,-0.5601961880829549,1.4268261703487037,670.3229356864779,639.6099195381314,15.037164608931807,-0.016981499870513894,-0.01712733894137801,0.011782681877753012
2026-01-13,629.96630859375,641.1263941859123,622.9887038024194,641.1263941859123,18030400,654.3368072509766,639.048994140625,650.1703790678832,39.41321278317897,-2.2664976360094897,0.6881614090770649,672.4599300735007,636.2136844284524,15.25863073568617,-0.016947783606310107,-0.01709304082186101,0.012030075806268858
2026-01-14,614.4240112304688,627.3309804807691,613.7252454803604,625.3844405077801,15527900,652.7401550292968,638.404111328125,646.7659630833676,34.06047548991829,-4.817355851985553,-0.4129420431354588,677.7225760034428,627.7577340551509,15.3288044769507,-0.02467163267504846,-0.024981077684351052,0.013019046683888858
2026-01-15,619.694580078125,623.0585745209008,613.1362714280776,617.378703801015,13076100,650.9258911132813,638.0768884277344,644.1877361304875,37.17637910577335,-6.340548610535848,-1.5984633566155366,679.6879844426669,622.1637977838957,14.942625806655878,0.008578064579704892,0.008541482039797271,0.012647970127205648
2026-01-16,619.1455688476562,627.9598630097294,618.9758886129073,623.0685636897582,17012500,649.4659942626953,637.9459460449219,641.8027678178369,36.98035130948532,-7.505472053875678,-2.7798650960675655,681.3939890536674,617.5379994717232,14.517007848810607,-0.0008859384092072542,-0.0008863310845809698,0.012478220096735134
2026-01-20,603.0443115234375,610.3113781504126,598.9316523845154,606.7976262932837,15169600,646.4548645019531,637.3208264160156,638.1114862659892,31.70093523786879,-9.617059699975584,-4.147304016849169,683.549752697839,609.3599763060672,14.923929892691342,-0.026005608590861984,-0.026349733663020885,0.012066371515231404
2026-01-21,611.8685913085938,617.169133937088,599.0115204374271,605.659634898437,14494700,644.1684448242188,637.2115100097657,635.6121629367135,37.008563884569135,-10.457910212491925,-5.4094252559777205,683.7857713360645,604.5511183123731,15.154907293189169,0.014632887860037913,0.01452686023188949,0.012768031460791519
2026-01-22,646.476806640625,659.3937675491238,625.4343255489129,628.2293275614567,21394700,643.4761810302734,637.7391003417969,636.6468909085146,52.574690658090425,-8.236748448375465,-5.97488989445727,682.4183605789499,604.534001481597,17.467069360856378,0.05656151635110929,0.05501978292985349,0.018511780550510414
2026-01-23,657.5870361328125,665.3032527677875,643.3025186421843,643.6219561683764,22797700,643.1677337646485,638.2884167480469,638.6411904536858,56.30748930038415,-5.516369802487247,-5.883185876063266,681.5562994386726,604.7791680906244,17.790902558338296,0.017185812975907266,0.017039807335167065,0.01890933762482667
2026-01-26,671.1627807617188,674.0776252750454,660.1124846991261,663.9456740004919,16327400,643.4078033447265,639.2026062011719,641.7384847687366,60.408164237681284,-2.239189014912995,-5.154386503833212,682.4283984458814,604.3872082435716,17.698023028616483,0.02064478750789167,0.020434572192515477,0.019467281297512816
2026-01-27,671.7716674804688,675.6148486525956,663.4764668627315,673.3888389297905,13297400,643.8909423828125,640.4894360351562,644.5987878841397,60.58683241508564,0.40249275365556514,-4.043010652335457,684.0484921412019,603.733392624423,17.300905797277025,0.0009072116872437253,0.0009068004194401657,0.019399052841299273
2026-01-28,667.5392456054688,676.4733214975852,664.9139236867763,673.2989910894674,25709600,644.3920471191407,641.6740625,646.7835933814092,58.607001053622476,2.1299705395296087,-2.8084144139624443,685.4570944981075,603.3269997401738,16.89079808395787,-0.006300387586862688,-0.0063203187890362176,0.019386075035062022
2026-01-29,736.995361328125,742.6752321400184,711.2812198864386,736.1169233837337,59852900,648.0036041259766,644.2563891601562,655.3751903287155,73.76047366068464,8.999793186799138,-0.44677289381012786,705.154583167405,590.8526250845482,21.051168687571565,0.10404798845895336,0.09898341471722878,0.030121518382845335
2026-01-30,715.2241821289062,730.8662626744616,712.3193905555435,726.2045952530067,23744600,650.8190795898438,646.5519055175781,661.075094309686,65.64784007302617,12.542838878177463,2.1511494605873906,714.9629626521124,586.6751965275752,21.310083122215133,-0.029540456211264776,-0.029985563188647524,0.030987396917175117
2026-02-02,705.152099609375,720.0156002559207,702.2672920108814,713.3275184694113,14365200,653.6140899658203,648.7321557617188,665.2729043382278,62.23739114638045,14.372320072107527,4.595383582891418,721.9742655057888,585.2539144258518,21.05567063098829,-0.014082413278520778,-0.014182511319568216,0.030968664410864235
2026-02-03,690.4683227539062,715.7232596178901,685.1877035052055,706.1104025957663,13760700,655.2566589355469,650.7657482910156,667.6724679968639,57.54392415820732,14.470531741877267,6.570413214688588,725.4760565148179,585.0372613562758,21.732805308252313,-0.020823559716553253,-0.021043427681574568,0.031406861730426776
2026-02-04,667.7987670898438,687.603466213174,666.2715231343633,686.5053883494637,16882800,655.6744110107422,652.3692895507812,667.6844964819096,51.13283029445688,12.574174259328743,7.771165423616619,726.0876222652665,585.2611997562179,21.908804901915932,-0.03283214438230253,-0.033383214706848977,0.03240707329090801
2026-02-05,669.0166015625,680.2864759062725,652.3363345630947,662.3984025060512,17131800,656.7484924316407,653.8954516601563,667.811363632442,51.445790764077806,11.042277850485902,8.425387908990476,727.2875485322699,586.2094363310115,22.34032893343463,0.0018236548683121523,0.0018219940286651028,0.032091509056396315
2026-02-06,660.2822265625,670.7934451675868,645.3488423980709,664.3050190645899,18159300,657.517123413086,654.8719030761719,667.0943029591142,49.02095504564044,9.019476927882693,8.544205712768921,727.8581560657243,587.1760907604477,22.562062778869006,-0.013055542985929924,-0.013141515687274487,0.03224517815761978
2026-02-09,676.0140991210938,682.0932819515241,657.6069922476072,661.9991209626965,14837500,658.7229736328125,655.7007946777344,667.9438073554933,53.29130508547509,8.586839521082766,8.552732474431691,729.463027726734,587.9829195388909,22.69950755922957,0.023825982172041238,0.02354657289088363,0.03256906560997701
2026-02-10,669.5256958007812,679.4380681924739,668.597359057372,676.3934502400131,10455800,660.1579132080078,656.4519812011719,668.0944633979017,51.37966915202456,7.632429441529894,8.368671867851331,730.5511298455891,589.7646965704265,21.85245052893473,-0.009598029580667466,-0.009644387535072315,0.03238025550695913
2026-02-11,667.4993286132812,678.0605068549233,655.9299390360635,672.7998711552045,14323800,662.0345642089844,656.8765844726563,668.0377838946046,50.76718214861706,6.636045478871324,8.02214659005533,731.0967850743856,592.9723433435832,21.87231604964367,-0.0030265711984009958,-0.003031160527303545,0.03208455260674604
2026-02-12,648.6529541015625,674.7963229561075,644.1310518439949,668.7770306530766,14960100,663.7460113525391,657.0654943847657,666.1916096286005,45.35218596224179,4.276363832219772,7.272990038488219,729.6272278895017,597.8647948155765,22.50038426839145,-0.028234297330113844,-0.028640550214027307,0.03225785134844363
2026-02-13,638.630859375,650.2700710327099,633.4401061931457,643.9513250294082,12336400,664.6928253173828,656.9296850585938,663.5667762711148,42.74135501113633,1.5793935743798784,6.1342707456665515,728.5269644434036,600.858686191362,22.095354309189506,-0.015450626815450064,-0.015571231642879678,0.03249326933504982
2026-02-17,638.151611328125,641.4557148619026,627.6803003409905,638.3612593202278,12674700,665.6431274414062,656.9339013671874,661.1462843717825,42.61501825014911,-0.5898467119903898,4.789447254135164,727.2642416399779,604.0220132428346,21.50107289574112,-0.0007504304557784947,-0.0007507121696595759,0.0324926522758396
2026-02-18,642.0746459960938,643.8515057528024,627.0315334227189,632.67143641335,14649200,667.5946441650391,656.5791149902344,659.3299378598122,44.0723371615805,-1.9697234105681218,3.4376131211945067,723.3557449221461,611.8335434079321,21.16670856962272,0.006147496297633781,0.006128677528430023,0.03182278138870408
2026-02-19,643.6318969726562,646.0375787806976,635.5861905818066,637.432932921519,10035700,669.1828094482422,656.018291015625,657.8348863467496,44.672977917510096,-2.9041512485248404,2.1692602472506377,720.1040755262427,618.2615433702417,20.401328543141883,0.0024253425770248693,0.0024224061806033905,0.03171700860559542
2026-02-20,654.4924926757812,662.1688021543367,637.6426055733327,638.5509584025834,14183500,669.58359375,655.8067358398438,657.5165631399907,48.80264788330066,-2.7367847834437953,1.1880512411117512,719.9063658858386,619.2608216141614,20.69596197441775,0.016873923983892203,0.016733140830941864,0.029341728660054023
2026-02-23,636.1152954101562,656.5288937722072,634.8675211939732,651.3780476889771,8605900,668.5100067138671,655.42392578125,655.4783471657207,42.9594916684401,-4.040456026766947,0.14234978753601157,720.6925033842964,616.3275100434379,20.764919874690342,-0.028078545546783795,-0.028480285962558003,0.029770872141973572
2026-02-24,638.16162109375,639.9683956881865,627.8599900449855,631.9527259539814,10135600,666.8599487304688,655.2182873535156,653.8291351588664,43.7668689741445,-4.8525661369270665,-0.856633397356604,720.6644062900864,613.0554911708512,20.146597429583966,0.0032169100450167853,0.003211746859935899,0.029348220806263058
2026-02-25,652.5260620117188,652.7157261405878,640.9966397738364,641.3859599741169,11330700,665.8976684570313,655.2484716796876,653.7050329543762,49.202321097539425,-4.287653515967463,-1.5428374210787759,720.0038860799946,611.791450834068,19.747133687959238,0.022509095569472448,0.022259504317722664,0.0298587598209518
2026-02-26,655.8401489257812,659.823034651462,646.3470725216666,649.3916295582877,10637700,665.3127136230469,655.5141003417968,653.9083773326053,50.39367371870161,-3.531824403655378,-1.9406348175940964,719.5879923560915,611.0374348900023,19.2991928623761,0.005078857546080728,0.0050660036527855465,0.029861766054235912
2026-02-27,647.02587890625,648.2836451675449,636.983793627941,642.3043203814821,15703000,660.8142395019531,655.5274768066406,653.2529012919999,47.22159300026086,-3.6025345376908717,-2.2730147616134517,704.4497992241203,617.178679779786,19.267561607766392,-0.013439662140185216,-0.013530791821899224,0.01700675065670158
2026-03-02,652.396240234375,658.764884603327,633.3701817354564,636.0254184162494,9816100,657.6728424072265,655.4558044433594,653.171314524607,49.3149806907515,-3.188474798435891,-2.4561067689779397,693.5430632100017,621.8026216044514,19.70521455491669,0.008300071918611929,0.008265815743631213,0.016384581241764427
2026-03-03,653.91357421875,657.866484005116,637.7025010942567,647.1356255764312,12263800,655.1109161376953,655.5672058105469,653.2420059240492,49.91938204514589,-2.7066922370358952,-2.506223862589531,683.6133602814308,626.6084719939598,19.737983723198308,0.002325785911687417,0.0023230854579415765,0.016287841327134185
2026-03-04,666.541015625,671.5720803574089,656.4989309709863,656.788453587829,10810100,653.91455078125,655.6326879882813,654.5085782765207,54.75483185117593,-1.2910645085227088,-2.2631919917761665,678.0550635395874,629.7740380229126,19.589449610016924,0.0193105662645654,0.019126483335465395,0.016529633265631477
2026-03-05,659.393798828125,669.5057662619517,649.1520579976961,660.751362594833,13341400,653.4943023681641,655.6686242675781,654.9738373766735,51.71142520301583,-0.7373898274323665,-1.9580315589074067,676.9358906388361,630.0527140974921,19.644039513891112,-0.010722846200504565,-0.010780750218416239,0.015001884081209478
2026-03-06,643.7117309570312,648.3135076492586,634.9773114336934,646.7463568472266,13159400,652.2290588378906,655.3364172363281,653.9012558128981,45.70822351452765,-1.5461869892017148,-1.8756626449662686,674.9018637396927,629.5562539360886,19.98492864821543,-0.02378255285227726,-0.024069923175256292,0.015858982808463745
2026-03-09,646.2373046875,646.596649067328,625.6640164348609,633.6497720389343,13489700,651.5268127441407,654.9860437011719,653.1713557057172,46.77977861975348,-1.9607693455453727,-1.8926839850820896,674.0277683969573,629.025857091324,20.052621789947697,0.003923454566710838,0.0039157778916814375,0.015678527230358653
2026-03-10,652.9053344726562,659.1242214972237,647.8443550809549,652.3962328583322,9859300,650.3713745117187,654.7169226074219,653.1460203501877,49.607696729673336,-1.7313170282462806,-1.860410593714928,669.9010309568291,630.8417180666083,19.5407857199317,0.010318237181279333,0.010265367541997234,0.014822301315123926
2026-03-11,653.6939086914062,657.9463328691638,647.2054829186618,653.5941111270305,8977200,649.57978515625,654.548623046875,653.1982001922086,49.9464277396082,-1.4689103801116516,-1.782110550994273,667.1220560440049,632.037514268495,18.912218879258152,0.0012077925805078493,0.0012070637858119435,0.014713214876728073
2026-03-12,637.0436401367188,652.336368433984,635.7659510050273,647.5948263527883,11617500,648.0570007324219,654.1391528320313,651.6596706631143,43.32445738980101,-2.5748079578147554,-1.9406500323583695,664.3562263932313,631.7577750716125,18.84191450833821,-0.02547104743261075,-0.025801050298959908,0.01569191018392204
2026-03-13,612.6171875,628.0496188589474,608.4645611002024,622.7790526456299,18957600,646.2552124023438,653.0962121582031,647.9413389332939,35.82124389942594,-5.360458316405129,-2.624611689167722,668.7007917600365,623.809633044651,19.53742626035093,-0.0383434526266937,-0.03909791142548357,0.01670430762535371
2026-03-16,626.8690185546875,634.1622468505053,622.5230098937741,631.4147932406764,15134900,645.6671203613281,652.4552990722656,645.9344512781885,42.1197756845939,-6.344961865736991,-3.3686817244815757,669.4570210393535,621.8772196833027,19.680828623933387,0.023263844608812034,0.02299736633433219,0.017380874375803927
2026-03-17,622.0834350585938,635.9605885584036,621.1243629754691,627.4085169382369,10348800,644.8637115478516,651.9119299316407,643.6629259239414,40.676207185437946,-7.42574524606141,-4.180094428797543,670.6186912347017,619.1087318610015,19.33478554957632,-0.0076341043414897,-0.007663393274436528,0.017448193563676554
2026-03-18,615.1099243164062,622.0735023862151,614.04090772979,615.769347359454,11726300,643.5154754638672,651.0617895507812,640.9435924375096,38.60013962615073,-8.744180429498101,-5.092911628937655,672.3520808485138,614.6788700792207,18.528195676663994,-0.011209928361989974,-0.011273233148284706,0.01749884106829625
2026-03-19,606.1382446289062,612.4323990135786,601.7023533616688,611.5832104537112,13247700,641.6407928466797,649.9956799316407,637.6287974081188,36.05082625890485,-10.39318323570069,-6.1529659502902625,674.7602861494689,608.5212995438904,18.162436767954958,-0.014585490060935902,-0.014692904057745948,0.017685027653473274
2026-03-20,593.1102905273438,603.400802317344,586.7062525156723,602.9712077810872,21214900,638.5716827392578,648.9071862792969,633.3889396099497,32.67600733341378,-12.605963160505894,-7.44356539233339,677.2657621649461,599.8776033135695,18.253119292617743,-0.021493370888580943,-0.02172771740000326,0.017513329046455566
2026-03-23,603.5006713867188,608.0764476338709,598.4553596033379,605.2290499891692,13638000,636.940951538086,648.0790075683594,630.5424378744038,37.68625331028887,-13.367102655141025,-8.628272844894918,678.550842733755,595.331060342417,18.018336279325556,0.017518463303236143,0.01736678392254706,0.017285106567326958
2026-03-24,592.3709716796875,600.443507118967,590.4527665679026,598.5452420228083,10739700,634.6514190673828,646.8884851074218,626.9070601415737,34.70677576321006,-14.69894465571349,-9.842407207058631,680.557996195944,588.7448419388215,17.663305460717744,-0.01844190111911148,-0.018614073048194207,0.017584919789294755
2026-03-25,594.3391723632812,603.1110107561809,592.850561795072,598.1855830392399,12585000,631.742074584961,645.95873046875,623.8053565436411,35.67528911439629,-15.417893807833025,-10.95750452721351,680.060513686197,583.4236354837249,17.168786433273148,0.00332258125007856,0.0033170736732061044,0.01658217503475215
2026-03-26,547.032958984375,582.460145169462,542.8468364624507,581.9506076701073,35780100,626.3017150878907,644.3000634765625,616.4936996332348,25.77793493992067,-19.579185591909663,-12.681840740152742,685.7598089618946,566.8436212138868,19.620468538098674,-0.07959464154247431,-0.08294109895877108,0.023405662614818405
2026-03-27,525.233154296875,543.0966023049141,519.7782492802263,539.599843303006,30133000,620.2120788574218,642.5162463378906,607.8022191250101,22.658336262081164,-24.355348069127444,-15.016542205947683,693.3147658964863,547.1093918183574,20.165771478530818,-0.03985098946866683,-0.04066678726205274,0.024407153615146115
2026-03-30,535.8833618164062,539.0504095872608,528.0505941707193,535.8833618164062,22795200,614.3864349365234,640.8400219726562,600.9528041432383,27.287973914219023,-26.97021267998639,-17.407276300755427,694.5322570285581,534.2406128444887,19.71230603652046,0.02027710442953401,0.02007426140964033,0.02502112310416822
2026-03-31,571.6002197265625,573.1587727471259,546.2637174010383,549.4707059552647,32898300,610.2707672119141,639.8891149902344,598.1573199130787,40.213212510128585,-25.862334890191278,-19.0982880186426,690.328565145418,530.2129692784101,20.966813528963257,0.06665043264096115,0.06452330162265603,0.03021420074483644
2026-04-01,578.6936645507812,592.0013387220274,573.2887005646345,579.5928556215499,23608100,605.8783996582031,639.4021020507812,596.3036384500027,42.40299440328889,-24.13375316132351,-20.10538104717878,682.6783602718282,529.078439044578,20.92640677657052,0.012409800730328824,0.012333430331749967,0.029944942506458638
2026-04-02,573.9281005859375,577.9643377947169,559.1817578546791,565.5158531822124,13518500,601.6051147460937,638.6432922363281,594.1726348439013,41.30834454676461,-22.88458165970451,-20.661221169683927,675.4737469724472,527.7364825197402,20.82537105653707,-0.008235037389847877,-0.008269132622956196,0.029932131513536304
2026-04-06,572.4894409179688,582.2503530791108,571.4703658572956,577.1550997330287,9515700,598.0440002441406,637.163544921875,592.1075687557172,40.964537163398624,-21.75985795918905,-20.880948527584952,670.2991021245908,525.7888983636905,20.10784363977122,-0.002506689716882615,-0.0025098367236974298,0.029661967527046265
2026-04-07,574.5175170898438,574.6973431004155,564.2370671243236,571.9498894780604,9580800,594.4580108642579,635.5021545410157,590.4323257399197,41.701165059214425,-20.46890473328881,-20.798539768725725,663.8521217938711,525.0638999346446,19.418731663794127,0.003542556468156155,0.0035362963950763718,0.029655771782641786
2026-04-08,611.8529052734375,629.3667024291958,591.2820049792073,605.4388670235439,32036600,592.4053894042969,634.31595703125,592.4723809335882,53.26279400423189,-16.245888707088397,-19.88800955639826,657.0272754428844,527.7835033657094,21.94947835490541,0.06498563938087054,0.06296131492105914,0.03346023473498137
2026-04-09,627.8081665039062,636.9097166035551,622.4231426572783,626.3894374266143,19012900,591.1111022949219,633.4366870117187,595.837693845047,57.171722207794964,-11.479335212824594,-18.20627468768353,651.6809152770489,530.5412893127949,22.17143071027771,0.026076955903867605,0.02574274969004378,0.03407001002142448
2026-04-10,629.2767333984375,637.9886903650855,623.7518859014353,633.882449891805,13294800,590.7227569580078,632.6714367675781,599.0223642787033,57.52386148934884,-7.496886709061755,-16.064397091959176,650.199327717218,531.2461861987977,21.60467169266146,0.002339196864400872,0.002336465202516237,0.0336030314989795
2026-04-13,633.9425048828125,634.4120404303904,623.8218795800174,628.9171329935918,9538900,591.7890228271484,630.6103796386719,602.3480919552852,58.68609794193094,-3.9191018460034,-13.635338042768021,653.519330472953,530.0587151813438,20.817920918212288,0.0074144986406494695,0.007387146364669433,0.032396459138780996
2026-04-14,661.8765258789062,665.6430543798978,638.7779398291946,642.624350345733,17818000,593.5393981933594,629.5434265136719,608.0174666146777,64.88162854480501,1.157023033243604,-10.676865827565697,660.8796240848156,526.1991723019031,21.59525153098893,0.04406396602363416,0.04312075772108938,0.03342535817977052
2026-04-15,670.9581909179688,677.8717665104965,663.6049593103575,666.3824145357423,14952600,595.9831359863281,628.8595483398437,614.0118213102292,66.63352842223483,5.8453218103196605,-7.372428299988626,670.458635922775,521.5076360498812,21.195250752460453,0.013721086462468168,0.013627804672031613,0.03340037015507793
2026-04-16,676.2432250976562,676.9525896021297,667.131674939706,675.3640350842893,9544800,599.0398010253906,628.5750463867188,619.9386216709365,67.64506693795406,9.873475182074344,-3.9232476035760326,681.0422208714328,517.0373811793484,20.38279817460068,0.007876845757642137,0.007845985357244307,0.03320538871331765
2026-04-17,687.9124145507812,690.8796961433965,674.5048580761284,677.9716157075654,16283500,603.1285095214844,628.9773193359375,626.4123162309218,69.82057489761064,13.847793077207598,-0.36903946741930627,693.83196821293,512.4250508300388,20.09651530979121,0.01725590589309034,0.017108713626815247,0.03296552976497818
2026-04-20,670.2887573242188,682.7472426832454,667.381478611767,680.7290935491282,12534000,606.9874328613281,629.0027624511719,630.5910249064739,62.937682957993985,15.397889506008255,2.784346327266206,702.116708564666,511.85815715799015,20.12754535473572,-0.02561904227018652,-0.02595292477717801,0.03316464113784378
2026-04-21,668.220703125,675.5738733736962,666.7120915784461,670.3786762058809,8660100,610.2234344482422,629.1615319824218,634.1748037844287,62.16327117331476,16.271905011187755,5.481858064050516,708.9916654088113,511.45520348767315,19.3228479576296,-0.003085318344700272,-0.0030900877519639235,0.03312959251073782
2026-04-22,674.09521484375,677.7518600207422,669.1298460769134,673.7355628200382,9215600,614.3096466064453,629.123154296875,637.9767476948404,63.53580292267068,17.239862196386184,7.83345889051765,716.4886743404713,512.1306188724193,18.623441453209075,0.00879127463617535,0.008752856380746823,0.032644234603380465
2026-04-23,658.5396728515625,668.9400066983026,652.4452846667049,663.0854475032797,11667000,617.5196716308594,628.9034338378906,639.9351215192901,57.57952503404404,16.560869607676068,9.578941033949334,721.0128199164866,514.0265233452322,18.839619219197363,-0.023076179224611693,-0.023346602573655204,0.03332696933668869
2026-04-24,674.4049682617188,680.0396994180859,653.2345872360809,659.7085674039201,13348300,623.8882720947265,629.0415466308593,643.217964066188,61.53972001634731,17.105775109551814,11.08430784906983,724.8937547043948,522.8827894850582,19.408583002255053,0.024091631930780233,0.023806006921236807,0.02678807535734383
2026-04-27,677.9916381835938,681.8680504402118,670.2188736545023,670.3786986745525,12805200,631.5261962890625,629.6283203125,646.52974255356,62.394434565196406,17.62387388559216,12.392221056374296,724.3034799532549,538.7489126248701,18.85433970107323,0.005318273278916763,0.005304181205167543,0.024052417241913343
2026-04-28,670.7183837890625,677.5520159823654,665.0136491453696,673.6156618787633,10606800,638.2679473876954,630.2700708007812,648.8334226712269,59.50645076102357,17.248747232662936,13.363526291632025,721.3553392568394,555.1805555185513,18.43460036801258,-0.010727646160971882,-0.010785602217771114,0.0245602867607818
2026-04-29,668.5004272460938,673.6256820299297,663.1953464496755,668.290599742094,18947500,643.1129577636718,630.8770471191406,650.7064707259761,58.61546643674383,16.581346658049483,14.007090364915518,721.2378678168769,564.9880477104667,17.862867168886982,-0.0033068372607277796,-0.003312316930648197,0.021029964605032633
2026-04-30,611.3433837890625,620.2751083620838,599.4444385151393,618.7465567527638,52765000,644.7454437255859,630.262421875,646.957605303413,41.408706857118126,11.309957024295159,13.467663696791448,718.6692803931587,570.8216070580131,21.51951870903466,-0.08550038433407037,-0.08937823141819438,0.02961108861653134
2026-05-01,608.1863403320312,618.3069655430758,605.548770151405,614.120842749119,21404000,646.4583557128906,629.5535107421875,643.2651038775671,40.698056428594796,6.799218579347894,12.133974673302736,715.140898968549,577.7758124572322,20.89370990065152,-0.005164108323973515,-0.005177488415403541,0.029556742404479763
2026-05-04,609.8447875976562,613.4314904063681,602.1919069095087,607.3771038685389,16203900,648.326123046875,628.660556640625,640.0822166128137,41.26827700630124,3.3199780572954296,10.371175350101275,710.5930334539918,586.0592126397581,20.204129443237797,0.0027268735840393354,0.002723162409339637,0.029525549536788598
2026-05-05,604.3998413085938,613.7811000159977,599.8040642277598,612.7420849871345,17171300,649.8202392578125,628.0262475585937,636.6838951552689,39.91137868398369,0.12188816587843121,8.321317913256706,706.0750184454238,593.5654600702013,19.759337039309234,-0.008928413261531043,-0.008968510390804464,0.029657911256833536
2026-05-06,612.3125,619.3759607512419,597.5461564796674,600.4934370812971,19915500,649.8432189941407,627.5092651367188,634.3628099023862,42.85204134215814,-1.7539176160127,6.306270807402826,706.0362833352492,593.6501546530321,19.907227555899613,0.0130917616958246,0.013006805266546462,0.025989215976073846
2026-05-07,616.2388305664062,624.4012480600104,612.9718390781961,614.150739078972,12307400,649.2647521972656,626.7835205078125,632.6367166322929,44.30847657510144,-2.890366800333595,4.466943285855542,706.5802323171647,591.9492720773665,19.34876473476467,0.006412298567163521,0.006391827246250566,0.025328989486349558
2026-05-08,609.0654907226562,616.1988937552933,605.4987892063378,614.6303402495529,13557000,648.2541900634766,625.84802734375,630.3918379742322,42.19280578531641,-4.320040800652464,2.7095464685539405,707.6197631137713,588.8886170131818,18.73385592228637,-0.011640519045443387,-0.011708800290584477,0.02543583629699625
2026-05-11,598.3054809570312,604.3498668649182,597.5262348938886,604.010215830275,15940600,646.4723388671875,624.8736193847657,627.3359944487845,39.17141775312914,-6.249272881343586,0.9177825985744352,709.476950845875,583.4677268885001,18.21995591560646,-0.017666424923957313,-0.017824338822277564,0.025600581776324637
2026-05-12,602.441650390625,603.1909559259367,592.0512559095129,594.2692320029287,11351600,643.5005950927734,623.8745275878906,624.9651045384836,40.92271147597489,-7.359611874289612,-0.7376962959983744,708.880550709059,578.1206394764879,17.71422335137913,0.006913139801055568,0.006889353612012059,0.023281718727544407
2026-05-13,616.0590209960938,619.3260125714435,596.1074810052941,598.275515544453,14634400,640.7556365966797,623.1174365234375,624.116906105875,46.39462533855979,-7.059379391696666,-2.0020329151380327,705.9033417894726,575.6079314038867,18.10738822386272,0.022603634055911037,0.022351957398803673,0.023726584858306022
2026-05-14,617.8573608398438,623.152441138389,614.4305441468357,615.429618202359,10651200,637.8363433837891,622.1437634277344,623.5207589376815,47.091583414917125,-6.600248434702735,-2.9216760190509734,701.5790042902809,574.0936824772973,17.436995992983476,0.0029191031743067697,0.002914850865910365,0.02362183774203095
2026-05-15,613.6612548828125,620.6248329546977,608.7458274653094,613.421486859321,13272600,634.1237854003906,621.2291125488281,622.5817585515035,45.60174508035263,-6.500046041211931,-3.637350023483165,694.3181279287483,573.929442872033,17.039996671298105,-0.006791382967951565,-0.0068145493567160825,0.02307636951798521
2026-05-18,610.64404296875,615.0199919776213,603.1309869574205,608.5459509764945,13772400,631.1415496826172,620.5677587890625,621.444833257908,44.51128435519261,-6.5881545632031475,-4.227510931427162,689.7628988226425,572.520200542592,16.672068696219725,-0.004916738493843331,-0.00492886541882719,0.02258221672393222
2026-05-19,602.052001953125,613.361527578881,599.9939118379299,608.3561568042173,11749900,627.8331146240234,619.684052734375,619.5978969431668,41.470125367479916,-7.267511753323674,-4.835511095806464,685.1650188159259,570.501210432121,16.43603634227197,-0.014070457436796246,-0.014170384779384529,0.022682012086277216
2026-05-20,604.499755859375,607.4370360716302,597.2564688338498,600.2037495434126,11329700,624.3533416748047,618.7159411621094,618.1599787447104,42.671817632438525,-7.5216885934800075,-5.372746595341173,678.384487341512,570.3221960080974,15.989217120522573,0.004065685187175205,0.004057442622716455,0.02255563933325917
2026-05-21,606.8175659179688,609.0354809096541,594.2591985256718,599.4443949814065,13476100,621.767236328125,617.7784143066406,617.0797489516874,43.84747225882579,-7.45021621464366,-5.788240519201671,673.9244273665026,569.6100452897474,15.902578925055412,0.0038342613642559087,0.0038269293201572126,0.022232362827114546
2026-05-22,609.6949462890625,614.2407210713809,606.3880135859368,607.3171451453314,11688600,618.5317352294921,617.2314404296875,616.3764344123898,45.34590887877543,-7.07978197125567,-6.046548809612472,664.9375600827541,572.1259103762302,15.327588107940315,0.004741755236997713,0.004730548527984734,0.021356810957455136
2026-05-26,611.7730102539062,613.9009818092591,604.7394901495815,608.3261927003538,12234200,615.2208038330078,617.2145568847657,615.9380130639628,46.4571714713944,-6.543102951790274,-6.145859638048033,652.7932881035424,577.6483195624733,14.88715264735012,0.0034083667209183766,0.0034025714037103465,0.021313392262280212
2026-05-27,634.6718139648438,637.908804248614,608.4361186960156,608.8357727220844,23143600,613.4184753417969,617.3706127929687,617.7221845783324,56.86504361262953,-4.221377464421607,-5.760963203322748,642.7164292828597,584.1205214007341,15.928976426296432,0.037430228740286786,0.036746721454421066,0.023252460831150887
2026-05-28,634.7017211914062,642.4046039468743,628.7272779804616,638.9078448274123,16772400,611.7285400390625,617.622978515625,619.339283303387,56.876833762037634,-2.351869141835209,-5.079144391025241,629.9147327545386,593.5423473235865,15.768144250590451,4.712234875481336e-05,4.712123853181468e-05,0.023258367902011683
2026-05-29,631.92431640625,633.9124639439917,622.7727642602187,632.9133899267435,19806500,612.7575866699219,617.9592663574218,620.537857884612,55.36341016717435,-1.0819120726209803,-4.2796979273443885,632.9577367970329,592.5574365428109,15.49391658491882,-0.004375921306693065,-0.004385523673373945,0.012638613505524768
2026-06-01,599.9139404296875,635.1613007084701,598.974869401479,629.8162791560948,29138800,612.3439666748047,617.8347802734374,618.5736752698573,41.61835997771908,-2.6281362464652602,-3.949385591168563,633.2287537287561,591.4591796208533,16.97195335078112,-0.05065539518815376,-0.051983422142678065,0.017211329936203005
2026-06-02,597.0765991210938,608.3161816139932,596.1274666259658,602.68138962268,18252000,611.7055572509765,617.9141064453125,616.5263346842607,40.65488221990914,-4.035955789091872,-3.966699630753225,633.6124828023004,589.7986316996527,16.630293467727284,-0.004729580557107038,-0.0047408004140199285,0.01721753975283089
2026-06-03,622.4031372070312,623.5720977596394,599.7142043737263,602.4416570391962,23020100,612.6057220458985,618.2921557617187,617.0860301626199,51.45747542621538,-3.0726038935353017,-3.7878804833096407,634.7164693597337,590.4949747320633,17.334950979928596,0.04241756940938335,0.041542601453710186,0.0196202694574855
2026-06-04,626.9888916015625,641.8051764288737,621.8536364911718,623.0924785224576,21469200,613.3395416259766,618.9845141601562,618.0291598234716,53.12141357269562,-1.9170104180394674,-3.4137064702556064,636.319730910045,590.3593523419082,17.52185019119812,0.007367820180195883,0.007340810380850341,0.019485903029350316
2026-06-05,592.450927734375,628.567480013855,582.3702434655938,622.8827460758752,30091600,612.150146484375,618.9467492675781,615.5931377197481,41.565205051290825,-3.744949850654052,-3.4799551463352953,636.8081293522131,587.4921636165369,19.570092073845476,-0.055085447812264654,-0.05666077654197565,0.023154488806656104
2026-06-08,584.8479614257812,591.4518261333767,578.6836307521693,591.4518261333767,19512400,610.9392700195312,619.7030493164062,612.6650256917513,39.52671994950798,-5.740923073466092,-3.9321487317614547,638.3131640322435,583.565376006819,19.155606710156924,-0.012833073513225268,-0.012916128735448184,0.02318292831318435
2026-06-09,584.0487060546875,597.0766092757164,580.4720040020986,590.4527436689563,16977400,610.226431274414,620.8793603515625,609.9396619167928,39.3084716074643,-7.30305439645781,-4.606329864700726,639.5521107715265,580.9007517773016,18.973392321832698,-0.0013666036710554552,-0.0013675383254841552,0.02287915367291041
2026-06-10,570.4512939453125,590.7724873942649,570.0716409197756,580.192266144374,17064000,608.6269134521484,621.5707189941406,606.1788649671281,35.697278867110015,-9.52841461098592,-5.5907468139577645,642.5982748634962,574.6555520408007,19.09678190416531,-0.023281298234914316,-0.023556588800602806,0.023324598796842975
2026-06-11,567.9036254882812,571.6401524850257,556.4942175026772,565.3060574843756,17628000,606.2191436767578,621.496787109375,602.5336040643808,35.047606774734106,-11.366577338473576,-6.745912918860927,644.3176209033332,568.1206664501823,18.81457855260697,-0.004466057810845303,-0.004476060439686304,0.02256652263611556
2026-06-12,566.4549560546875,575.5365655300229,560.3806300495169,572.4194595335534,14326400,603.6490234375,621.2520129394532,599.0975423491719,34.661315225337574,-12.792763050285089,-7.955282945145759,645.052168227582,562.245878647418,18.553246904599764,-0.0025509071761044,-0.002554166283448287,0.022513671593558167
2026-06-15,593.47998046875,601.27001953125,579.2999877929688,579.9000244140625,17653300,602.6399597167969,621.6430505371094,598.5625364557984,46.50644408379274,-11.608516141320024,-8.685929584380613,644.0015420295648,561.2783774040289,19.71480523116853,0.04770904398522635,0.046605917567477714,0.025295959969554513
2026-06-16,600.2100219726562,605.8099975585938,592.0,593.6500244140625,11344400,602.1182586669922,622.1974621582032,598.7194398383563,48.98666000686232,-10.011527176533605,-8.951049102811211,643.3257780441841,560.9107392898004,19.293033254556043,0.011339963815781395,0.011276148415824264,0.025436638636729306
2026-06-17,567.5800170898438,593.8099975585938,566.1900024414062,592.0,20478300,600.3946594238281,622.0587121582031,595.7537805289742,39.43898137600583,-11.249196870825244,-9.410678656414017,644.2666735567049,556.5226452909513,20.344960845748467,-0.05436431197128366,-0.05589789189536283,0.028027442874361732
2026-06-18,577.219970703125,580.219970703125,563.0999755859375,572.8200073242188,28824600,599.0306701660156,621.3660534667969,593.9886557836553,42.975101214661,-11.32168597987095,-9.792880121105405,643.9901478476445,554.0711924843868,20.114606150851255,0.016984307627157635,0.01684168688558637,0.028335526207294563
2026-06-22,563.8499755859375,575.8099975585938,559.8099975585938,572.02001953125,15405500,596.882290649414,620.0868896484375,591.1183052886345,39.527813123699225,-12.316009695965818,-10.297506036077488,644.1929828907291,549.5715984080989,19.921418078971254,-0.02316273829005122,-0.023435210199502732,0.02868775949543457
2026-06-23,562.2000122070312,572.2000122070312,561.02001953125,562.25,13103300,594.5075439453125,618.7453552246094,588.3641821380056,39.11086138260523,-13.086305871896343,-10.85526600324126,643.7364294841989,545.2786584064261,19.297030550171968,-0.002926245367292357,-0.0029305351940348474,0.028626206336657942
2026-06-24,557.6699829101562,569.0399780273438,555.5499877929688,561.8900146484375,13963600,591.802392578125,617.2199047851562,585.4409250686866,37.92794590068979,-13.902052439434328,-11.464623290479874,642.8513270523753,540.7534581038748,18.88224195618647,-0.00805768267256246,-0.008090321243322048,0.028592104993461202
2026-06-25,542.8699951171875,556.3400268554688,540.1799926757812,555.5499877929688,16968600,587.2123016357422,614.8397741699218,581.3865507875914,34.28004715368935,-15.563367979372629,-12.284372228258425,638.5254229378758,535.8991803336086,18.782795404628505,-0.026538971518130117,-0.026897487347296307,0.027232367023345062
2026-06-26,550.25,556.8499755859375,540.4000244140625,543.3400268554688,18867700,582.9897155761719,612.4256103515625,578.4211649982971,37.50772204354036,-16.09888981654285,-13.04727574591531,631.8150045168535,534.1644266354903,18.616163673717544,0.013594423985837434,0.013502848811789085,0.027594126041803738
2026-06-29,562.5999755859375,570.9000244140625,558.0,560.0,15011400,579.5234985351562,610.1527453613281,576.9143850542628,42.58909494353684,-15.349811838051096,-13.50778296434247,623.5698317030075,535.477165367305,18.761439440885038,0.022444299111199495,0.022196132254121426,0.028356688632771868
2026-06-30,563.2899780273438,565.5399780273438,551.4299926757812,560.9400024414062,18111100,577.6923004150391,607.6602966308594,575.6168224802705,42.86860584130487,-14.532957821536002,-13.712817935781176,621.2378826570704,534.1467181730078,18.42919272021914,0.001226453024082641,0.00122570154494565,0.026297930172737894
2026-07-01,612.9099731445312,628.280029296875,595.0999755859375,607.9099731445312,45536300,578.4839691162109,606.5127209472656,579.1685511149619,58.511650441111186,-9.769064519231051,-12.92406725247115,623.9440335981171,533.0239046343047,21.754968330884292,0.08808961112881497,0.08442350821195795,0.03322099804570704
2026-07-02,582.9000244140625,610.0,580.4199829101562,607.9000244140625,21705900,576.5088134765625,604.8063073730468,579.5239295244,49.65615663998702,-8.319297135306101,-12.003113229038142,617.3638516874919,535.6537752656332,22.521755609705057,-0.04896306153496388,-0.05020237548230075,0.03362609885617958
2026-07-06,600.2899780273438,603.5800170898438,581.760009765625,594.8400268554688,17674100,575.1738677978516,603.3302026367187,581.5016484294424,54.00065772770963,-5.701399926495583,-10.74277056852963,610.7472697624247,539.6004658332785,22.471630732170322,0.02983350983860711,0.029397148242849627,0.0343490573294196
2026-07-07,615.5800170898438,625.3699951171875,603.6599731445312,607.5900268554688,18560800,576.330322265625,602.4710095214843,584.7472073494807,57.47544465318883,-2.365649425416109,-9.067346339906926,615.4065221793869,537.2541223518631,22.65794404343271,0.025471088344246162,0.0251521053920136,0.03241831769740252
2026-07-08,603.1199951171875,616.0,598.010009765625,614.3900146484375,13606500,577.2439239501953,601.0453100585937,586.4969966606908,53.902082773603084,-0.7191725870568462,-7.39771158933691,617.8965746199157,536.5912732804749,22.32451877135716,-0.02024110859147288,-0.020448766762634237,0.03264317699728176
2026-07-09,631.47998046875,633.27001953125,577.0700073242188,583.989990234375,26579700,579.6154876708985,600.1150769042969,590.7810903566965,59.99811183764367,2.84133285664916,-5.349902700139697,626.6175057338261,532.6134696079708,24.74419687390531,0.04702212757189739,0.04595006592667653,0.034136570655553436
2026-07-10,669.2100219726562,677.8599853515625,658.010009765625,660.3400268554688,40608900,584.5534240722657,600.0849096679688,598.2505124153593,66.36988173564339,8.608326667765596,-2.5582568265586385,645.3834862487406,523.7233618957907,26.289611731684396,0.05974859484207107,0.058031705316322596,0.03560282840442591
2026-07-13,656.72998046875,676.6199951171875,654.2000122070312,661.3800048828125,19840700,588.994741821289,599.8495007324219,603.8199855633012,62.80622617429052,12.032967207015304,0.35998798015614986,656.8758375039328,521.1136461386453,26.013209673003814,-0.018648916026568707,-0.018824999676927696,0.03601583211281929
2026-07-14,661.0399780273438,666.5,649.0499877929688,652.0,16748200,593.7239929199219,600.8434326171875,609.2695086551148,63.53443066713246,14.92277977426943,3.272546338978806,667.5811165491087,519.866869290735,25.401552711148632,0.00656281529208913,0.0065413737798066165,0.03593420014279821
2026-07-15,681.3099975585938,686.0800170898438,656.6599731445312,663.5999755859375,19003400,598.1154937744141,602.3059057617188,616.1305075983032,66.82420614096395,18.633799386157875,6.34479694841462,681.2538322534506,514.9771552953775,25.688587799303196,0.030663833058537815,0.030203092756913113,0.035145205483542996
2026-07-16,664.5399780273438,681.9000244140625,660.1599731445312,677.280029296875,15816000,601.3319915771484,603.3998095703125,620.7409333534499,61.852508992556416,19.99116305809423,9.074070170350542,689.3783708586033,513.2856122956936,25.406549475748058,-0.02461437464787497,-0.024922372997344264,0.035851122223653296
2026-07-17,646.010009765625,652.2000122070312,626.0,647.7000122070312,22267900,605.2534912109375,604.2320129394532,623.1475120593714,56.8219868680339,19.34863099604877,11.128982335490187,693.9216262570421,516.5853561648328,26.34465151514775,-0.02788390296205223,-0.028280040257188097,0.033954710744402365
2026-07-20,645.8499755859375,653.2999877929688,636.010009765625,646.7000122070312,10225200,608.6849914550781,604.9027624511718,625.3096514428538,56.77903653683307,18.611959206652728,12.625577709722695,698.0571160307068,519.3128668794495,25.69788912316175,-0.0002477270897792705,-0.0002477577792032815,0.033907429843494166
2026-07-21,643.8099975585938,655.8800048828125,643.2000122070312,654.1799926757812,9140500,612.682992553711,605.4541857910157,627.0715891681623,56.19592404734461,17.659959310139584,13.632454029806073,700.820147495201,524.5458376122209,24.768039376920285,-0.0031585942625343977,-0.003163593150473268,0.033286019648088215
2026-07-22,627.1699829101562,649.0,624.0,647.7000122070312,11019600,615.9314910888672,605.8162756347656,627.0809600007332,51.54574137982904,15.38542877185489,13.983048978215837,701.1266519093593,530.7363302683751,24.78460799285455,-0.025846157579935802,-0.02618603871567201,0.03403793142148665
2026-07-23,606.0999755859375,614.6500244140625,597.219970703125,608.4099731445312,15494800,618.3529907226563,605.9721655273438,625.0827710088478,46.319118690633566,11.747258349650338,13.535890852502737,699.4406707837423,537.2653106615702,25.153565436724314,-0.033595369514419327,-0.03417266033378101,0.03505767134816545
2026-07-24,595.1900024414062,609.97998046875,594.4500122070312,605.2999877929688,11503500,620.9689910888671,605.8271325683594,622.2358406690915,43.84029571827424,7.892656789673765,12.407244039936945,695.2361191209477,546.7018630567866,24.466165638509633,-0.01800028639497009,-0.018164262272286083,0.03470686717304245
2026-07-27,593.8699951171875,611.260009765625,593.1300048828125,607.219970703125,11195300,623.1499908447265,605.3833520507812,619.5343315689103,43.53671219532863,4.677425276196914,10.86128028718894,691.291132916183,555.0088487732701,24.01358272738841,-0.002217791493143717,-0.0022202544348985716,0.03468502158375988
2026-07-28,593.4099731445312,601.0,587.0,596.8200073242188,12009300,624.6904907226562,604.894404296875,617.0462974332552,43.4238573942419,2.068368345868521,9.102697898924857,688.5446647780811,560.8363166672314,23.29832681828924,-0.0007746173008209567,-0.0007749174718241008,0.03443633605665534
2026-07-29,585.6099853515625,599.969970703125,582.219970703125,593.25,22371100,625.8064910888672,604.33337890625,614.0523629492844,41.46136476361568,-0.6215569744360891,7.157846924252668,686.0047161888945,565.60826598884,22.90201775984001,-0.0131443490099028,-0.013231500507594106,0.03462953775340664
2026-07-30,539.030029296875,539.8800048828125,524.489990234375,526.0,42271500,622.1124938964844,602.9010986328125,606.9073787919122,32.124420409523296,-6.437745022063723,4.438728534989391,693.1196109579021,551.1053768350666,25.631873285364833,-0.07954091839250976,-0.08288273165174885,0.03307563202640408
2026-07-31,556.7100219726562,558.3300170898438,540.219970703125,543.5999755859375,24202500,620.8029937744141,601.9942590332031,602.1266781424592,37.84578293327222,-9.510853107782964,1.6488122064349202,695.5233030969972,546.0826844518309,25.17959575019368,0.03279964327561391,0.03227321515481961,0.03251838034026917
