Date,Close,High,Low,Open,Volume,SMA_20,SMA_50,EMA_20,RSI,MACD,MACD_SIGNAL,BB_UPPER,BB_LOWER,ATR,Daily_Return,Log_Return,Volatility
2021-08-02,236.55667114257807,242.31333923339844,232.8000030517578,233.3333282470703,100847400,,,,,,,,,0.0,,,
2021-08-03,236.5800018310547,240.88333129882807,233.6699981689453,239.6666717529297,64860900,,,,,,,,,0.0,9.862621233192037e-05,9.862134908680057e-05,
2021-08-04,236.97332763671875,241.63333129882807,236.3099975585937,237.0,51007800,,,,,,,,,0.0,0.001662548831768751,0.001661168327351945,
2021-08-05,238.2100067138672,240.3166656494141,237.1366729736328,238.6666717529297,38758800,,,,,,,,,0.0,0.005218642492307302,0.005205072568156722,
2021-08-06,233.0333404541016,238.77667236328125,232.5433349609375,237.3000030517578,46869000,,,,,,,,,0.0,-0.021731523084098203,-0.02197113034608947,
2021-08-09,237.9199981689453,239.6766662597656,235.0433349609375,236.72332763671875,44145900,,,,,,,,,0.0,0.020969779282746792,0.020752939609055845,
2021-08-10,236.663330078125,238.8633270263672,233.9600067138672,237.9966735839844,40296900,,,,,,,,,0.0,-0.005281893495678203,-0.005295892009324611,
2021-08-11,235.94000244140625,238.3933258056641,234.73666381835932,237.57000732421875,29401800,,,,,,,,,0.0,-0.0030563570472872392,-0.003061037245157465,
2021-08-12,240.75,240.933334350586,233.13333129882807,235.44667053222656,52377300,,,,,,,,,0.0,0.020386528392057013,0.020181504916966016,
2021-08-13,239.05667114257807,243.3000030517578,238.1133270263672,241.23666381835932,50194500,,,,,,,,,0.0,-0.007033557040174165,-0.007058409103322423,
2021-08-16,228.72332763671875,236.5,225.46665954589844,235.02333068847656,68032200,,,,,,,,,0.0,-0.04322549735370618,-0.044187544712866594,
2021-08-17,221.90333557128903,224.8600006103516,216.27999877929688,224.22000122070312,71163900,,,,,,,,,0.0,-0.02981764971635037,-0.030271235169467253,
2021-08-18,229.663330078125,231.92333984375,223.11666870117188,223.25,61048200,,,,,,,,,0.0,0.03497015710402862,0.03437259258571844,
2021-08-19,224.4900054931641,228.8500061035156,222.52999877929688,226.07000732421875,42940500,,,,36.407026284645,,,,,7.357381548200341,-0.022525688289902868,-0.022783267048393733,
2021-08-20,226.7533264160156,230.7100067138672,224.5666656494141,227.61666870117188,44525700,,,,40.19749540107072,,,,,7.276140096236253,0.010082056516856452,0.010031571629142373,
2021-08-23,235.433334350586,237.3766632080078,226.9166717529297,228.47999572753903,60794700,,,,52.0111187779765,,,,,7.5152255745045355,0.03827951753459846,0.03756503320848838,
2021-08-24,236.163330078125,238.4066619873047,234.2133331298828,236.8933258056641,39249300,,,,52.8546239156392,,,,,7.27794723757006,0.0031006472789956163,0.0030958501857260845,
2021-08-25,237.0666656494141,238.9900054931641,234.6666717529297,235.6766662597656,37936800,,,,53.933680209457414,,,,,7.066903416331798,0.0038250458739308435,0.003817748987326931,
2021-08-26,233.72000122070312,238.46665954589844,232.5399932861328,236.10333251953125,39642900,,,,49.42071713854035,,,,,6.9854579051485,-0.014116975997208181,-0.014217568331421201,
2021-08-27,237.30667114257807,238.3333282470703,234.0333404541016,235.0,41501400,234.14533386230468,,234.07398926138143,53.87522669673649,,,244.1524357895146,224.13823193509475,6.81601998523555,0.015346011908018209,0.015229452832627464,
2021-08-30,243.6366729736328,243.6666717529297,237.57666015625,238.2400054931641,55812600,234.49933395385742,,234.9847210435006,60.4889093732299,,,245.29261977661267,223.70604813110216,6.78344717274384,0.026674352644943333,0.026324794631828158,0.02129058731981604
2021-08-31,245.2400054931641,246.79666137695312,242.14666748046875,244.3333282470703,62566200,234.93233413696288,,235.9614148006114,61.9761117897268,,,246.6776153799739,223.18705289395186,6.6310576530110215,0.006580834075438302,0.006559274920001271,0.021314393257482064
2021-09-01,244.69667053222656,247.3300018310547,243.7566680908203,244.69332885742188,39612900,235.3185012817383,,236.7933439179081,61.136305757314766,,,247.79209151780807,222.8449110456685,6.412648802098404,-0.0022155233598405433,-0.0022179812627514755,0.02133540136843646
2021-09-02,244.1300048828125,246.9900054931641,243.51333618164065,244.8333282470703,38331900,235.61450119018554,,237.49207353361328,60.219794398560374,,,248.61820635462675,222.61079602574432,6.202935981343049,-0.002315788147756681,-0.00231847373209337,0.021338777465071873
2021-09-03,244.52333068847656,244.6666717529297,241.3999938964844,244.0833282470703,45738300,236.1890007019043,,238.16171707217168,60.66062963544504,,,249.69148638805405,222.68651501575454,5.993203258136065,0.0016111325842673718,0.0016098361025145228,0.02063105775973057
2021-09-07,250.97332763671875,253.3999938964844,246.4199981689453,246.6666717529297,60119400,236.84166717529297,,239.3818704592714,67.09942369687465,3.016149668723415,,251.7992478533188,221.88408649726713,6.199164683126907,0.02637783858939624,0.026035942688487673,0.02091777959490357
2021-09-08,251.2899932861328,254.8166656494141,246.92333984375,253.8600006103516,56379000,237.57300033569337,,240.51597739516296,67.38169366030588,3.56765188872987,,253.80057845538323,221.3454222160035,6.320176191879563,0.0012617502122473923,0.0012609548743898497,0.020834369695617812
2021-09-09,251.6199951171875,254.0333404541016,250.5433349609375,251.1366729736328,42233100,238.35699996948242,,241.57350289249862,67.69276573095004,3.9854084534489402,,255.6719052819936,221.04209465697124,6.118021141971314,0.001313231087076927,0.001312369553312357,0.020788064600192273
2021-09-10,245.42333984375,254.20333862304688,244.83999633789065,253.1999969482422,45552600,238.5906669616699,,241.94015403071305,56.74864702552834,3.7729727663483743,,256.1528105364958,221.02852338684406,6.349829795055951,-0.024627038366134335,-0.024935356375548032,0.02128615105117804
2021-09-13,247.6666717529297,248.259994506836,236.2833404541016,246.73666381835932,68857500,239.0211669921875,,242.48553667092418,59.313207092403694,3.742492961331209,,257.0244696462164,221.01786433815857,6.751745813461555,0.00914066245943812,0.009099139444443169,0.021265022990436214
2021-09-14,248.163330078125,251.4900054931641,245.46665954589844,247.52333068847656,55574700,239.9931671142578,,243.0262789001814,59.88038435349751,3.715582747315324,,257.7652378884561,222.22109634005952,6.699717251590419,0.0020053498586631857,0.002003341828722264,0.018418321018700633
2021-09-15,251.94332885742188,252.2866668701172,246.1199951171875,248.3333282470703,46073100,241.49516677856445,,243.87552175325192,63.99429874223576,3.9536947871349355,,257.9248764450121,225.0654571121168,6.661642573114653,0.015231899000174076,0.015117058319369686,0.01670834377296966
2021-09-16,252.3300018310547,252.97000122070312,249.20333862304688,250.94332885742188,41770200,242.62850036621094,,244.68071033209029,64.39648589483403,4.126039160535413,,258.7616289475486,226.49537178487327,6.454858289153338,0.0015347617076681974,0.0015335851645735571,0.01532526634110901
2021-09-17,253.163330078125,253.67999267578125,250.0,252.38333129882807,84612600,244.062166595459,,245.48857887933167,65.2961725188309,4.280522741620729,3.8212842801001017,258.50002552794365,229.62430766297436,6.256653602483903,0.0033025333532406,0.0032970919669145526,0.013923001384025973
2021-09-20,243.38999938964844,247.3333282470703,239.5399932861328,244.85333251953125,74273100,244.8940002441406,,245.2887141660285,49.498265511775244,3.573137085081271,3.7716548410963355,256.9710509502121,232.81694953806914,6.782845258877352,-0.03860484330594227,-0.03936976129858423,0.01708986294599612
2021-09-21,246.4600067138672,248.2466735839844,243.47999572753903,244.92999267578125,48992100,245.4453338623047,,245.40026583725125,53.31889120974517,3.2230989118318405,3.661943655243437,256.72491338220266,234.16575434240673,6.645261611410111,0.012613531089680885,0.012534643183807646,0.015216368666924461
2021-09-22,250.64666748046875,251.22332763671875,246.3733367919922,247.8433380126953,45378900,246.16950073242188,,245.8999231366053,57.98684491111621,3.2461006445210785,3.5787750530989655,256.8142599572322,235.52474150761157,6.517027985218428,0.0169871810945057,0.01684451236014587,0.015562806635297662
2021-09-23,251.2133331298828,252.7333374023437,249.30667114257807,251.6666717529297,35842500,246.8768341064453,,246.4059621835841,58.590418209983206,3.2723334425126893,3.5174867309817106,256.8680975244122,236.88557068847842,6.296287861971799,0.00226081461648886,0.002258262820491851,0.015562882078000665
2021-09-24,258.1300048828125,258.26666259765625,248.1866607666016,248.6300048828125,64119000,248.0973342895508,,247.5225376787487,65.16815081917764,3.8073519461015053,3.5754597740056697,257.29370216426685,238.90096641483473,6.566553145477718,0.027533059916662994,0.027160841972020323,0.015931597229202014
2021-09-27,263.78668212890625,266.3333435058594,256.4366760253906,257.7066650390625,84212100,249.42133483886718,,249.07150381685895,69.4431226653089,4.63438226972869,3.787244273150274,259.59506164684274,239.2476080308916,6.804418455119935,0.02191406322043732,0.021677401377557137,0.016219006547107555
2021-09-28,259.1866760253906,265.2133178710937,255.3933258056641,262.3999938964844,76144200,250.19883499145507,,250.03485355100483,62.70357538576589,4.8625749734897,4.00231041321816,260.85090551004663,239.5467644728635,7.019816570142054,-0.01743835612317879,-0.017592195347548873,0.016177178264566085
2021-09-29,260.4366760253906,264.5,256.8933410644531,259.9333190917969,62828700,250.95866851806642,,251.02550331047016,63.733587582004695,5.08565957075561,4.21898024472565,262.23705041393254,239.6802866222003,7.061733881956684,0.004822778775393388,0.0048111864344248965,0.01616274433948101
2021-09-30,258.49334716796875,263.0433349609375,258.3333435058594,260.3333435058594,53868000,251.64850234985352,,251.73672653499384,60.91692943271931,5.047461331317635,4.384676462044046,262.9979590788611,240.29904562084593,6.893752280036787,-0.0074618094773734045,-0.0074897880450971975,0.016296180734002783
2021-10-01,258.4066772460937,260.260009765625,254.52999877929688,259.4666748046875,51094200,252.3623359680176,,252.37195993605098,60.78789972831829,4.953099168972329,4.498361003429703,263.5248159370561,241.1998559989791,6.8106279019147395,-0.00033528879108346565,-0.0003353450129375683,0.01626898494936051
2021-10-04,260.510009765625,268.989990234375,258.7066650390625,265.5,91449900,253.161669921875,,253.14701230077233,62.84472048169461,4.990510334858442,4.59679086971545,264.2536551764603,242.0696846672897,7.080105408083781,0.008139621398127517,0.008106673348889787,0.016305692780695696
2021-10-05,260.1966552734375,265.7699890136719,258.0666809082031,261.6000061035156,55297800,253.62283630371093,,253.8184068695976,62.32025341334516,4.9379522251661,4.66502314080558,265.0736823226274,242.17199028479448,7.124619886468421,-0.001202850103416031,-0.0012035741082394261,0.015391749477546
2021-10-06,260.9166564941406,262.2200012207031,257.739990234375,258.7333374023437,43898400,254.10416946411132,,254.49443064336361,63.08261730691873,4.897937253979876,4.711605963440439,265.9256194339273,242.28271949429535,6.935719250744114,0.0027671424905384434,0.002763320999873195,0.015392044223206334
2021-10-07,264.53668212890625,268.3333435058594,261.1266784667969,261.82000732421875,57587400,254.75000381469727,,255.45083554674864,66.72764614662245,5.099546518029143,4.78919407435818,267.3441100163423,242.15589761305222,6.970074090813731,0.013874260399496352,0.01377889392912291,0.01561738739987735
2021-10-08,261.8299865722656,265.4599914550781,260.3033447265625,265.4033203125,50215800,255.57033615112306,,256.05837373965505,61.813313635033275,4.983469270039137,4.828049113494372,267.75834786155684,243.38232444068925,6.840543564935295,-0.010231834522373306,-0.010284539562274665,0.014593577745881343
2021-10-11,263.9800109863281,267.0799865722656,261.8333435058594,262.54998779296875,42600900,256.386003112793,245.59653503417968,256.81281538219537,64.07652805606449,5.007245803703938,4.863888451536286,268.53249738345215,244.23950884213386,6.726933310297061,0.008211528565575943,0.008177997401230774,0.014575616900527211
2021-10-12,268.5733337402344,270.7733459472656,265.5233459472656,266.9766540527344,66060000,257.40650329589846,246.23686828613282,257.93286474962764,68.38719976254869,5.33523042094717,4.958156845418463,270.0380263936799,244.77498019811702,6.7316762853428065,0.01740026730336086,0.01725061613832015,0.01490660839348564
2021-10-13,270.3599853515625,271.8033447265625,268.59332275390625,270.1566772460937,42360300,258.3273361206055,246.91246795654297,259.11640004505,69.90016303164562,5.673922994096131,5.101310075153997,271.8828858287432,244.77178641246778,6.481557335413187,0.006652379022320076,0.006630349593761303,0.01469024529411847
2021-10-14,272.7733459472656,273.4166564941406,271.1166687011719,271.8299865722656,36741600,259.349503326416,247.62846832275392,260.4170615595467,71.85931071089796,6.067139126059885,5.294475885335174,273.98225634727726,244.7167503055548,6.23692260735354,0.008926471099504285,0.008886865672994949,0.014727508887451913
2021-10-15,281.010009765625,281.07000732421875,274.1166687011719,274.5799865722656,56773800,260.741837310791,248.48446838378905,262.3782947220304,77.291806752788,6.963129059677669,5.6282065202036735,277.8457796990935,243.63789492248856,6.384046805182082,0.030195999501915205,0.02974907491710917,0.015845172739058954
2021-10-18,290.03668212890625,291.7533264160156,283.8233337402344,283.92999267578125,72621600,263.0741714477539,249.62453521728514,265.0124268560186,81.50554257808353,8.305840004629374,6.163733217088813,282.62426213428967,243.5240807612181,6.695423222696978,0.03212224493643445,0.03161711443997285,0.01318842936890452
2021-10-19,288.0899963378906,292.6499938964844,287.5033264160156,292.510009765625,52143300,265.1556709289551,250.62793518066405,267.21029061619686,78.13809826032292,9.107876892648676,6.752561952200786,286.0081933307333,244.30314852717686,6.584797812537819,-0.006711860640270406,-0.006734486474692475,0.01360252346781474
2021-10-20,288.6000061035156,289.8299865722656,285.7933349609375,288.45001220703125,42096300,267.05333786010743,251.6666687011719,269.2474063768939,78.39000240624338,9.673144442711987,7.336678450303026,289.14967840627247,244.9569973139424,6.40278736959427,0.0017703140411262641,0.0017687488821671587,0.013493879197659271
2021-10-21,298.0,300.0,285.1666564941406,285.3333435058594,94444500,269.3926712036133,252.90786865234375,271.98574862671353,82.41242053228885,10.755639678034242,8.02047069584927,294.0445752500226,244.740767157204,7.004969950756063,0.03257101073349511,0.03205181901693134,0.014573526242152813
2021-10-22,303.2266540527344,303.3333435058594,296.9866638183594,298.5,68642400,271.6475036621094,254.15740173339844,274.96107295300123,84.17612642623008,11.89811815233071,8.796000187145559,299.7714693143073,243.5235380099115,6.957949217666345,0.01753910755951127,0.017387072543931938,0.014055036240052042
2021-10-25,341.6199951171875,348.3399963378906,314.7333374023437,316.84332275390625,188556300,275.53916931152344,256.20866821289064,281.3095417305428,91.17610993569363,15.720347946139498,10.180869738944347,316.7368465148503,234.3414921081966,9.683334436772766,0.12661598362581983,0.11921843486746743,0.029951235129593978
2021-10-26,339.4766540527344,364.9800109863281,333.8133239746094,341.5633239746094,187245000,279.5536682128906,258.4237347412109,286.84926671360864,88.81407630401961,18.364844389752534,11.817664669105984,328.511848171965,230.59548825381617,11.217859620697478,-0.006274050392506725,-0.0062938149592970775,0.029445785724743156
2021-10-27,345.9533386230469,356.9599914550781,343.59332275390625,346.5533447265625,115579500,283.8295013427734,260.9047348022461,292.47822594307894,89.68378081744241,20.74411593506113,13.602954922297014,339.79791883999053,227.86108384555632,11.665393747957925,0.019078438805710585,0.018898727534898532,0.029385197829852622
2021-10-28,359.0133361816406,360.3333435058594,351.3999938964844,356.10333251953125,81639600,288.85550079345705,263.4917349243164,298.81490310865627,91.17396676179723,23.41364055859458,15.565092049556528,352.3658049792459,225.34519660766819,11.859294543304681,0.03775074872979922,0.03705562944417333,0.02933103734855131
2021-10-29,371.3333435058594,371.7366638183594,357.7366638183594,360.6199951171875,89755200,294.5018341064453,266.4286016845703,305.7214212417232,92.30342450991071,26.221118946957688,17.69629742903676,365.7838595747263,223.21980863816432,12.012202075925774,0.03431629436179362,0.03374062327713504,0.029280083080350593
2021-11-01,402.86334228515625,403.25,372.88665771484375,381.6666564941406,168146100,301.6195007324219,269.95080200195315,314.9730327696692,94.31020107444502,30.637107684371756,20.284459480103763,385.2606204560126,217.9783810088312,13.433948820083979,0.0849102277797451,0.08149724419582528,0.03266293636061029
2021-11-02,390.6666564941406,402.86334228515625,382.0,386.4533386230469,128213400,308.143000793457,273.0554684448242,322.181949314857,85.07001797759835,32.77483210004965,22.78253400409294,397.9668365003412,218.3191650865729,13.964619781874855,-0.03027499529203259,-0.03074274797958024,0.03437595218722286
2021-11-03,404.6199951171875,405.1300048828125,384.2066650390625,392.4433288574219,103885500,315.3281677246094,276.42460174560546,330.03319177222176,86.67810284240359,35.18927189308829,25.26388158189201,411.6469692815013,219.00936616771747,14.461671214865936,0.03571673801973452,0.03509368755165895,0.034242395497740274
2021-11-04,409.9700012207031,414.4966735839844,405.6666564941406,411.4700012207031,76192200,322.5998336791992,279.88266845703123,337.6462212435057,87.24535840834294,37.10669077175402,27.632443419864412,424.2918361082601,220.9078312501383,14.134171732861002,0.013222297879683653,0.01313564628546233,0.0342515567286042
2021-11-05,407.36334228515625,413.2900085449219,402.6666564941406,409.3333435058594,64886400,329.8765014648437,283.3555352783203,344.28594705699624,85.33869813132826,37.97813515451975,29.701581766795478,433.93340607256306,225.8195968571244,13.883398898426734,-0.006358169933862068,-0.006378469186125081,0.03406613207038353
2021-11-08,387.6466674804688,399.0,377.6666564941406,383.2633361816406,100337100,336.0598342895508,286.3623352050781,348.41553947827936,72.44257897859664,36.65525130868281,31.092315675172944,438.40197566871666,233.71769291038493,15.01291939075451,-0.048400709533862996,-0.04961124617557858,0.037524598253225294
2021-11-09,341.1666564941406,391.5,337.17333984375,391.2000122070313,177317400,339.6895004272461,288.3129348754883,347.72516967026615,52.35630959474529,31.49327304527236,31.172507149192832,437.2371624818332,242.14183837265904,17.821043731147046,-0.11990303254359858,-0.12772318728902385,0.04887570655062469
2021-11-10,355.9833374023437,359.3666687011719,329.10333251953125,336.8033447265625,128408100,343.97066802978514,290.5278015136719,348.51166183522594,56.49718470801105,28.272047833906868,30.59241528613564,436.35039676233845,251.59093929723184,18.7097789061823,0.043429451929624774,0.04251283809069096,0.049307384873387636
2021-11-11,354.5033264160156,368.3233337402344,351.5599975585937,367.5899963378906,67189800,348.05716705322266,292.7239346313477,349.0822965572059,55.9738606557601,25.308043753911647,29.535540979690843,434.5186730996577,261.5956610067876,18.57074728300076,-0.004157528824601409,-0.004166195376866496,0.049478877345266487
2021-11-12,344.47332763671875,351.5,339.7333374023437,349.1666564941406,76719300,351.23033294677737,294.7308010864258,348.6433471362071,52.4294822516118,21.89729371734569,28.007891527221815,432.09330730209484,270.3673585914599,18.29926454947727,-0.02829310201599211,-0.028701065279561472,0.05021650157500722
2021-11-15,337.7966613769531,343.99334716796875,326.20001220703125,339.2099914550781,104326800,353.6183319091797,296.5962677001953,347.61032944484964,50.15284486405669,18.442900297976905,26.094893281372833,429.79687607810087,277.4397877402585,18.297411040920856,-0.01938224449936754,-0.01957254315692035,0.050419916102496055
2021-11-16,351.57666015625,352.3999938964844,334.0599975585937,334.4366760253906,79627200,356.7926651000977,298.60833435058595,347.98807522688776,54.5403586502613,16.625550367213293,24.201024698540927,426.8277003255409,286.75762987465447,18.300452847847275,0.04079376842602822,0.03998366090579434,0.050765612578561096
2021-11-17,363.0033264160156,373.21331787109375,351.8333435058594,354.5033264160156,94336200,360.51283111572263,300.8426010131836,349.4180991496619,57.85317971794438,15.923764677311851,22.545572694295114,423.1803213549624,297.84534087648285,18.53875319548988,0.032501208284666294,0.031984216103858806,0.05092892024882346
2021-11-18,365.4599914550781,370.6666564941406,358.3399963378906,368.8500061035156,62696700,363.8858306884766,303.1194009399414,350.9458984168444,58.55250835501033,15.38843845982359,21.11414584740081,419.60862581469144,308.1630355622617,18.095032264115602,0.006767610267700563,0.006744812791821567,0.05072734394099294
2021-11-19,379.0199890136719,379.5733337402344,364.23333740234375,366.2900085449219,64926900,367.6754974365234,305.79133392333983,353.61962133082795,62.27352080733303,15.875365719060142,20.066389821732677,416.2294365975255,319.12155827552135,17.898243983670962,0.03710391800920432,0.03643213445735007,0.05103803647215406
2021-11-22,385.6233215332031,400.6499938964844,377.4766540527344,387.4433288574219,99217500,369.8756637573242,308.5504669189453,356.66759277867317,63.96987627710489,16.602707154845632,19.373653288355268,417.48626256086834,322.2650649537801,18.275036545105177,0.017422122080461122,0.017272096909531555,0.04346154115888616
2021-11-23,369.6766662597656,393.5,354.2333374023437,389.1700134277344,108515100,371.38566436767576,310.9807336425781,357.9065521578248,57.27245650595041,15.711259059590304,18.641174442602274,416.9140804707629,325.85724826458863,19.774438406001686,-0.041352932727292124,-0.04223229344871564,0.04471510762841974
2021-11-24,372.0,377.5899963378906,354.0,360.1300048828125,67680600,372.68799743652346,313.3818670654297,359.248785285651,57.96299900313915,15.019122541906484,17.916764062463116,416.6967150986485,328.6792797743984,20.046978258279466,0.006284772484400847,0.006265105659810634,0.04459814529007494
2021-11-26,360.6400146484375,369.5933227539063,360.3333435058594,366.489990234375,35042700,372.76933135986326,315.54806732177735,359.38128332020216,53.41715917818503,13.399482592121785,17.013307768394853,416.6825671231447,328.85609559658184,19.448383846555263,-0.030537595031082,-0.031013582803841335,0.044540973947703115
2021-11-29,378.9966735839844,380.8900146484375,366.7300109863281,366.9966735839844,58393500,373.15249786376955,318.06473419189456,361.24941572627665,59.01123859082379,13.442182118150413,16.299082638345965,417.14259396430754,329.16240176323157,19.50564214322989,0.050900227900227524,0.04964715675134432,0.04533736663215382
2021-11-30,381.586669921875,389.3333435058594,372.6666564941406,381.4566650390625,81276000,372.08866424560546,320.82866760253904,363.18629707823845,59.74576004064627,13.529058296629614,15.745077770002695,414.13960696370395,330.03772152750696,19.30285963383623,0.006833823403773698,0.006810578672784683,0.04097597757857093
2021-12-01,365.0,390.9466552734375,363.586669921875,386.8999938964844,68450400,370.8053314208984,323.19946746826173,363.3590306898348,53.17397229548895,12.119793219942324,15.020020859990622,412.0693046164715,329.5413582253253,19.87836861367382,-0.04346763456194869,-0.044440653310942796,0.041559105676252234
2021-12-02,361.5333251953125,371.0,352.2166748046875,366.3533325195313,73114800,368.6509979248047,325.4172006225586,363.1851539760708,51.88929862393958,10.601006999144545,14.136218087821407,407.0262320784388,330.2757637711706,19.800151226648012,-0.00949773919092467,-0.009543130353379798,0.0405866795037791
2021-12-03,338.3233337402344,363.5266723632813,333.4033203125,361.5966796875,92322000,365.06866455078125,327.15940063476563,360.8173615726578,44.19131166793773,7.43875628843756,12.796725727944638,400.6190173344147,329.5183117671478,20.537522714086105,-0.06419876077133224,-0.0663521763056877,0.04242720871189802
2021-12-06,336.336669921875,340.5466613769531,316.8333435058594,333.836669921875,81663000,361.5173309326172,328.72353393554687,358.48586712972605,43.59513973027777,4.717956979285873,11.180971978212886,393.4659968094728,329.5686650557616,20.764365225300935,-0.005872086315763081,-0.005889394805839068,0.04242874532186106
2021-12-07,350.5833435058594,352.5566711425781,342.2699890136719,348.0666809082031,56084700,359.6641647338867,330.45946716308595,357.73324583221495,48.91723682438599,3.668997498994429,9.678577082369195,389.569721441529,329.7586080262444,20.439767796401092,0.04235837141187604,0.04148581070093519,0.04280548713408538
2021-12-08,356.32000732421875,357.4599914550781,344.3333435058594,350.9033203125,41906400,360.4218322753906,332.4021337890625,357.59865168859625,50.9251985317931,3.262976814772003,8.395457028849757,389.15945912801095,331.6842054227703,19.917402093030923,0.016363195584229162,0.016230761245708623,0.033164267506242066
2021-12-09,334.6000061035156,354.163330078125,334.1199951171875,353.5466613769531,59438400,359.35266571044923,333.885400390625,355.40830449001714,43.89062268892113,1.1750348500998484,6.951372593099776,390.18595977009494,328.5193716508035,20.080445672602373,-0.06095644581905246,-0.06289341727027524,0.034599913412509835
2021-12-10,339.010009765625,340.32666015625,327.510009765625,336.25,59664300,358.5779998779297,335.4957336425781,353.84656213531315,45.535680098482366,-0.1224126631371405,5.536615541852393,390.6147460582097,326.5412536976497,19.561603152461135,0.013179927022311633,0.013093827482800639,0.03477346276847499
2021-12-13,322.1366577148437,335.0,317.1400146484375,333.6966552734375,78595500,357.46116638183594,336.7703332519531,350.8265712381256,40.62757744380729,-2.4835587398023904,3.9325806855214367,392.7764571991394,322.1458755645325,19.72648829279873,-0.04977243020772959,-0.05105377592462954,0.035951296985157005
2021-12-14,319.5033264160156,322.1366577148437,310.0,315.0,70806300,356.54649963378904,337.95019958496096,347.8434050645913,39.904683645553355,-4.515223162853431,2.243019915846463,394.68629874216845,318.40670052540963,19.184357537230515,-0.008174578197676308,-0.00820817327099987,0.03576487933253307
2021-12-15,325.3299865722656,326.25,309.4166564941406,317.7366638183594,75169200,355.23416595458986,339.2528662109375,345.6992699700841,42.34901011866146,-5.590722705054645,0.6762713916662413,395.70279175214876,314.76554015703096,19.016427963561146,0.018236618133556703,0.018072325435531507,0.03467798202878824
2021-12-16,308.97332763671875,331.6600036621094,307.2833251953125,331.5,82771500,352.532666015625,340.21399963378906,342.2015611764303,37.71181268603345,-7.674443313261065,-0.9938715493192201,397.52664703288224,307.5386849983678,19.399302999506556,-0.050277132790258694,-0.051585055672323236,0.03511800005815043
2021-12-17,310.8566589355469,320.2200012207031,303.0133361816406,304.92333984375,100437300,349.80249938964846,341.14039916992186,339.2163323915843,38.54621930198665,-9.06929265125683,-2.6089557697067423,397.85036982303143,301.7546289562655,19.242686002331983,0.006095449446181567,0.006076947341899706,0.03510401377150735
2021-12-20,299.9800109863281,307.2300109863281,297.7966613769531,303.5666809082031,56480100,345.8505004882812,341.9033996582031,335.47953987679796,35.58171582219005,-10.926422394624126,-4.272449094690219,396.56389518900437,295.1371057875581,18.801065399207825,-0.03498927121736173,-0.03561605979548491,0.033969538296158695
2021-12-21,312.84332275390625,313.1666564941406,295.3733215332031,305.6233215332031,71517900,342.2115005493164,342.8806658935547,333.3237096746178,41.32867943426348,-11.230787808741923,-5.6641168375005595,391.4090453810622,293.0139557175706,18.72908465361709,0.04288056302579579,0.04198665654283043,0.03553439622760458
2021-12-22,336.2900085449219,338.5533447265625,319.01666259765625,321.8866577148437,93634200,340.5421676635742,344.23499938964846,333.60621432893254,50.07217840506088,-9.47087366486437,-6.425468202973322,388.1383594896971,292.94597583745133,19.22772303354846,0.07494705523716627,0.07227140942458773,0.03940407525347245
2021-12-23,355.6666564941406,357.6600036621094,332.5199890136719,335.6000061035156,92713200,339.7255004882812,345.9411328125,335.7072088208571,55.91867746629338,-6.438377862004188,-6.428050134779496,385.6663394517148,293.78466152484765,19.650029577469105,0.05761886305530961,0.05602002567418564,0.041712401011248866
2021-12-27,364.6466674804688,372.3333435058594,356.9066772460937,357.8900146484375,71145900,339.9258331298828,347.7785992431641,338.4633477408201,58.35269166535084,-3.272764856728543,-5.796993079169305,386.2629638603714,293.58870239939415,19.43693367991551,0.02524839149906688,0.02493491640225309,0.04152737566883237
2021-12-28,362.8233337402344,373.0,359.47332763671875,369.8299865722656,60324000,339.11716613769534,349.41486572265626,340.783346407431,57.65656029532715,-0.9007383862124811,-4.817742140577941,383.208740244316,295.02559203107467,19.014772157298776,-0.00500027534279357,-0.0050128185500082694,0.03986645114023458
2021-12-29,362.0633239746094,368.0,354.7133178710937,366.21331787109375,56154000,338.14099884033203,350.8553985595703,342.8100109376385,57.349447974012655,0.9073241764635327,-3.6727288771696465,379.1876647023759,297.09433297828815,18.60562286955646,-0.0020947102761840197,-0.002096907250306926,0.03981909680008486
2021-12-30,356.7799987792969,365.1833190917969,351.04998779296875,353.77667236328125,47040900,337.72999877929686,352.22919860839846,344.1404859701774,55.15022797229721,1.8920956937321876,-2.5597639629892797,377.84675798633566,297.61323957225807,18.28617347164729,-0.014592268383646134,-0.014699782732613053,0.038740277878193924
2021-12-31,352.260009765625,360.6666564941406,351.5299987792969,357.8133239746094,40733700,337.2663330078125,353.5023986816406,344.9137739506962,53.26821631467024,2.2815090615132476,-1.5915093580887745,376.47601293055646,298.0566530850685,17.63263663187561,-0.012668840823859995,-0.012749774874751605,0.038785827977776466
2022-01-03,399.9266662597656,400.3566589355469,378.6799926757813,382.5833435058594,103931400,340.34649963378905,355.54093200683593,350.15309702775045,66.32084921265303,6.363073225985204,-0.0005928412739788502,388.14283125461964,292.55016801295847,19.808637527450344,0.1353166841897706,0.1269116289226746,0.04646111787019334
2022-01-04,383.1966552734375,402.6666564941406,374.3500061035156,396.51666259765625,100248300,342.6894989013672,357.14033203125,353.30010257495877,59.98777286167291,8.153778481565496,1.6302814232939162,393.93930041260853,291.43969739012584,20.41635273196282,-0.041832696836128,-0.04273287830059682,0.0477605972908559
2022-01-05,362.7066650390625,390.11334228515625,360.336669921875,382.2166748046875,80119800,343.29566497802733,357.5620654296875,354.1959656667782,53.277520428275956,7.829302996653212,2.8700857379657756,395.1873525320134,291.4039774240413,21.08494699134271,-0.05347121367683638,-0.054953895352910696,0.04888316562032214
2022-01-06,354.8999938964844,362.6666564941406,340.1666564941406,359.0,90336600,343.22466430664065,357.8705322265625,354.26301597436924,50.93954471286793,6.863107092580094,3.6686900088886394,395.04871725542637,291.4006113578549,21.18887995945551,-0.02152337383085412,-0.021758379841487693,0.049063774762895716
2022-01-07,342.32000732421875,360.30999755859375,336.6666564941406,360.1233215332031,84164700,343.6106643676758,357.79786560058596,353.1255865791168,47.3347922840094,5.0243722606318215,3.9398264592372763,395.28680213818933,291.93452659716223,21.364198609812483,-0.035446567451716815,-0.03609004895021842,0.04768300303907826
2022-01-10,352.7066650390625,353.0333251953125,326.6666564941406,333.3333435058594,91815000,344.29549713134764,357.6717321777344,353.08568928958783,50.45241259635215,4.35507553182066,4.022876273753953,396.0725332797175,292.5184609829778,21.721517902052437,0.03034195341380186,0.029890740749494566,0.04804435430935543
2022-01-11,354.79998779296875,358.6166687011719,346.2733459472656,351.22332763671875,66063300,345.9286636352539,357.34106506347655,353.24895581371936,51.080937662657426,3.948055972159807,4.007912213435124,396.8605649638555,294.9967623066523,21.05164682004199,0.005935024657598653,0.005917481776156395,0.046408238155290917
2022-01-12,368.739990234375,371.61334228515625,357.5299987792969,359.6166687011719,83739000,348.3904968261719,356.6585980224609,354.72429242521036,55.1601436959538,4.696196899692495,4.145569150686598,398.7316104125742,298.0493832397696,20.74891165376667,0.039289748931841784,0.03853754612843837,0.04686587196471893
2022-01-13,343.85333251953125,371.8666687011719,342.17999267578125,369.6900024414063,97209900,349.31666412353513,355.72233154296873,353.6889629103838,47.538760782215036,3.243568841165768,3.9651690887824325,398.5970488523826,300.03627939468765,21.38732339459695,-0.06749107331435766,-0.06987655465675016,0.049732363810875375
2022-01-14,349.8699951171875,350.6666564941406,337.7933349609375,339.9599914550781,72924300,351.3614974975586,354.62733154296876,353.32525169198414,49.360440726239446,2.548467876136897,3.6818288462533255,397.03835400250165,305.6846409926156,20.779180404497392,0.017497758575059086,0.017346435457551865,0.048128652840414926
2022-01-18,343.5033264160156,356.92999267578125,338.6866760253906,342.2033386230469,66743400,352.993830871582,353.297998046875,352.38983023713,47.4815576008034,1.466948330495029,3.238852743101666,394.94545720906495,311.0422045340991,20.598047279204053,-0.01819724123253097,-0.018364847454341894,0.0484660910008998
2022-01-19,331.8833312988281,351.5566711425781,331.6666564941406,347.2366638183594,75442500,354.58899688720703,351.78839782714846,350.4368303382441,44.17641937530466,-0.3240645802022186,2.526269278440889,390.32131212939635,318.8566816450177,20.547473519863583,-0.0338278969185718,-0.03441330009854252,0.048414952969384265
2022-01-20,332.0899963378906,347.2200012207031,331.3333435058594,336.57666015625,70488600,355.55133056640625,350.67726440429686,348.6895128144009,44.25074686674944,-1.7071006799948236,1.6795952867537465,387.579361281728,323.5232998510845,20.21455810521931,0.0006227038828787723,0.000622510083264904,0.04764340119196514
2022-01-21,314.6333312988281,334.8500061035156,313.5,332.11334228515625,103416000,354.46849670410154,350.14659790039065,345.44606695577494,39.47017564521399,-4.163776309102332,0.510920967582531,390.27019306638886,318.6668003418142,20.29566153366905,-0.05256606712507206,-0.0539980722931419,0.04616321419713974
2022-01-24,310.0,311.1700134277344,283.8233337402344,301.586669921875,151565700,352.1851638793945,349.22693115234375,342.07025105522496,38.28785048269795,-6.410682204074817,-0.8733996667489388,392.880487317253,311.489840441536,21.046685535449388,-0.014726129872195681,-0.014835635717323473,0.04400129680695479
2022-01-25,306.1333312988281,317.086669921875,301.07000732421875,304.7333374023437,86595900,349.2594970703125,348.25953125,338.64768726890145,37.284113364283634,-8.406474557162937,-2.3800146448317383,394.14788852073804,304.3711056198869,20.68739818274988,-0.012473124842489969,-0.012551567227813773,0.04339750915696952
2022-01-26,312.4700012207031,329.2300109863281,302.0,317.4766540527344,104867400,346.74183044433596,347.61946472167966,336.15457431193016,40.05745262772455,-9.368839916302818,-3.7777796991259542,393.8959498187918,299.58771106988013,21.154727668719755,0.02069905258271132,0.02048773822340817,0.04386414401538893
2022-01-27,276.3666687011719,311.7966613769531,276.3333435058594,311.1199951171875,147109500,342.4569976806641,346.39086486816404,330.4604880632865,31.508327491525648,-12.89610038537728,-5.60144383637622,398.07763101044134,286.8363643508868,22.22486552915718,-0.11554175561970448,-0.12277997465910719,0.0501422598315012
2022-01-28,282.1166687011719,285.8333435058594,264.0033264160156,277.1866760253906,134789100,338.7238311767578,345.0016650390625,325.8563147907041,33.926949180804485,-15.053969979263286,-7.4919490649536336,399.75718362931735,277.6904787241983,22.19666206920622,0.020805692766870276,0.02059221036289143,0.050676476394650574
2022-01-31,312.239990234375,312.663330078125,287.3500061035156,290.9033203125,104436000,336.7228302001953,343.9863983154297,324.55952197581564,44.9036683238086,-14.170053328186043,-8.827569917600115,398.4697915183029,274.9758688820877,22.79309059118814,0.10677611383930952,0.10145138741776683,0.05704142430727644
2022-02-01,310.4166564941406,314.5666809082031,301.6666564941406,311.7366638183594,73138200,332.24732971191406,342.8855316162109,323.2125824061323,44.422607233834334,-13.46149507282297,-9.754354948644686,387.6731791868572,276.8214802369709,22.086443007107736,-0.0058395266373975074,-0.005856643341232021,0.04661163226930173
2022-02-02,301.8866577148437,310.5,296.4700012207031,309.3933410644531,66792900,328.18182983398435,341.3428649902344,321.1815419593429,42.14771947244681,-13.433405230384722,-10.490165004992694,379.8645054494861,276.4991542184826,21.510982705121247,-0.027479191598914543,-0.02786380690498876,0.04622974219898389
2022-02-03,297.0466613769531,312.3333435058594,293.50665283203125,294.0,78855600,324.8988296508789,339.5713317871094,318.8829819038772,40.86884179350772,-13.644406853942826,-11.12101337478272,375.72671069809616,274.07094860366163,21.31924756002888,-0.016032495024878912,-0.01616240587443527,0.045157827766237495
2022-02-04,307.7733459472656,312.1666564941406,293.72332763671875,299.0733337402344,73625400,322.542497253418,338.33326538085936,317.82492133658087,44.861953521465004,-12.798539763042356,-11.456518652434648,371.9379094845043,273.1470850223317,21.11382479555695,0.03611110968421327,0.035474386816493036,0.046142059017517126
2022-02-07,302.4466552734375,315.92333984375,300.9033203125,307.92999267578125,60994500,320.54882965087893,336.94219848632815,316.36032456866246,43.298292892419795,-12.414892269644668,-11.648193375876652,369.80881848053696,271.2888408212209,20.6785529909636,-0.01730718642133755,-0.017458706575610557,0.04571064588754823
2022-02-08,307.3333435058594,308.7633361816406,298.26666259765625,301.84332275390625,50729100,318.28016357421876,335.8760650634766,315.5006120864907,45.185844715051644,-11.583012211893163,-11.635157143079955,365.54604615211645,271.0142809963211,19.95127589046508,0.0161571905234128,0.016028052271245364,0.045238250034789415
2022-02-09,310.6666564941406,315.42333984375,306.6666564941406,311.6666564941406,52259400,316.07349700927733,334.5094647216797,315.04023536340975,46.49427076737799,-10.533348883115082,-11.41479549108698,360.3390562214943,271.8079377970604,19.151662137546815,0.010845920427172029,0.010787525285489406,0.04531900703806695
2022-02-10,301.51666259765625,314.60333251953125,298.8999938964844,302.7900085449219,66126900,312.7123306274414,332.90806457519534,313.75227605238564,43.429680060665625,-10.320838963329209,-11.196004185535427,350.15399670250224,275.2706645523806,18.905353315082532,-0.029452771017468238,-0.0298952129692807,0.044328542709893885
2022-02-11,286.6666564941406,305.32000732421875,283.5666809082031,303.2099914550781,79645800,309.8529968261719,331.3413977050781,311.17269323731466,38.94329778225912,-11.221342060491565,-11.201071760526656,346.05932538584517,273.6466682664986,19.108779965149182,-0.04925102969626416,-0.050505215210130634,0.043237573306267665
2022-02-14,291.9200134277344,299.6266784667969,284.3833312988281,287.19000244140625,67756500,306.9554977416992,329.9491314697266,309.33910468402127,41.255223432884705,-11.379914679685498,-11.236840344358423,338.9142613639363,274.99673411946213,18.83267762249344,0.01832566437213501,0.018159773032297852,0.043263817984037695
2022-02-15,307.4766540527344,307.6666564941406,297.7933349609375,300.0,57286200,305.15416412353517,329.3321978759766,309.1617284334225,47.58462708027068,-10.133481272447796,-11.016168529976298,332.38078575871015,277.9275424883602,18.61224658277293,0.053290764282768466,0.05191932445845771,0.04529276397207267
2022-02-16,307.7966613769531,308.8099975585937,300.4033203125,304.6833190917969,51294300,303.94983062744143,328.76139770507814,309.0317220470921,47.70943600607056,-9.015921964304539,-10.616119216841946,328.3218254525605,279.57783580232234,17.8832773444387,0.0010407532409399955,0.0010402120327626255,0.04477431547593262
2022-02-17,292.1166687011719,306.1666564941406,291.3666687011719,304.4200134277344,55178400,301.95116424560547,327.59206420898437,307.42076458557585,42.38395254295223,-9.28842138688367,-10.35057965085029,323.10882057905735,280.7935079121536,17.779471296677453,-0.05094269900666093,-0.05228610180162916,0.046033815692232076
2022-02-18,285.6600036621094,295.6233215332031,279.2033386230469,295.3333435058594,68501700,300.5024978637695,326.1788641357422,305.3483111642933,40.38491471532603,-9.911128728067354,-10.262689466293704,321.9539499073793,279.05104582015974,17.68236498335451,-0.022103035296720752,-0.022350967561475237,0.044879806735703416
2022-02-22,273.84332275390625,285.57666015625,267.0333251953125,278.0433349609375,83288100,298.69466400146484,324.96373046875,302.34783607758976,36.95007253122183,-11.228698726195375,-10.455891318274038,322.59431997862555,274.79500802430414,17.749815946457538,-0.04136624223452856,-0.04224617718140919,0.04560885179879276
2022-02-23,254.67999267578125,278.4333190917969,253.5200042724609,276.8099975585937,95256900,296.1219970703125,323.2771301269531,297.8080414678937,32.1712997602485,-13.661719229807659,-11.097056900580762,326.4718010140197,265.77219312660526,18.261494437377426,-0.06997917599526948,-0.07254830168258311,0.047849979085679915
2022-02-24,266.92333984375,267.49334716796875,233.3333282470703,233.4633331298828,135322200,293.8446640014648,322.17286376953126,294.86664131321334,37.71381251824743,-14.435565500095436,-11.764758620483697,325.7417874551905,261.94754054773915,19.397103329057497,0.04807345500262783,0.04695367409397792,0.049091386602100114
2022-02-25,269.9566650390625,273.1666564941406,260.79998779296875,269.74334716796875,76067700,293.5241638183594,321.1819305419922,292.49426262043704,39.0428024488154,-14.635372784596939,-12.338881453306346,326.23573421928734,260.81259341743146,18.89492942706567,0.011364031324829549,0.011299945777284081,0.04196626373057114
2022-02-28,290.1433410644531,292.28668212890625,271.57000732421875,271.6700134277344,99006900,293.9254974365234,320.47819763183594,292.2703653293909,47.12792844830086,-13.014798948097223,-12.474064952264523,326.2622005296269,261.5887943434199,19.140292831549818,0.07477746853358713,0.07211363413565586,0.04502215978191053
2022-03-01,288.1233215332031,296.6266784667969,284.59332275390625,289.8933410644531,74766900,292.7196640014648,320.06119750976563,291.875408777373,46.46380018070587,-11.75794295392393,-12.330840552596406,324.0165512203754,261.42277678255425,18.632654465931303,-0.006962143345558558,-0.006986492144572377,0.037730407583440075
2022-03-02,293.2966613769531,295.49334716796875,281.42333984375,290.7099914550781,74643300,291.8636642456055,319.7099975585937,292.01076616780927,48.46671094490039,-10.226544988572527,-11.90998143979163,322.0959993158937,261.63132917531726,18.306751098666123,0.01795529711451649,0.01779600470296842,0.038021360494342855
2022-03-03,279.7633361816406,295.4800109863281,277.5333251953125,292.92333984375,61623600,290.7574981689453,319.3056640625,290.8443442643646,43.845485691720164,-9.989771441685946,-11.525939440170493,321.0608177639962,260.45417857389435,18.281032148119657,-0.04614210448825773,-0.04724057511561311,0.03889479596122984
2022-03-04,279.42999267578125,285.2166748046875,275.0533447265625,283.0333251953125,66999600,289.87666473388674,318.6373974609375,289.75726316069,43.734870799222286,-9.717013057080578,-11.16415416355251,320.4207225796719,259.33260688810157,17.701196285977183,-0.0011915196265851469,-0.0011922300504741562,0.038776064438729364
2022-03-07,268.1933288574219,288.7133178710937,268.19000244140625,285.4333190917969,72494100,287.89766387939454,317.2754638671875,287.7035551318073,40.06551737580009,-10.288950318958825,-10.989113394633774,318.6750722078097,257.1202555509794,17.90277622481363,-0.04021280504200253,-0.04104369101185902,0.0385479938168199
2022-03-08,274.79998779296875,283.3299865722656,260.72332763671875,265.1766662597656,80399100,286.5153305053711,315.65813049316404,286.47464395667987,43.08886526963232,-10.092769394586696,-10.809844594624359,317.03713705155116,255.99352395919104,18.238767847008862,0.02463394210323222,0.024335419149005895,0.03904690857708433
2022-03-09,286.3233337402344,286.85333251953125,277.336669921875,279.82666015625,59184000,285.46483001708987,314.0916638183594,286.4602334598755,48.01463242630635,-8.904807803976666,-10.42883723649482,314.45613749420767,256.47352253997207,17.796951909834124,0.04193357517885765,0.04107819387010212,0.04015880073174138
2022-03-10,279.4333190917969,284.8166809082031,270.1199951171875,283.8166809082031,58648500,283.90316314697264,312.42386352539063,285.79100352005844,45.47995394192455,-8.42222017298684,-10.027513823793225,310.5675609243913,257.238765369554,17.68312238934932,-0.024063755330148706,-0.024358017786858904,0.04029436624785938
2022-03-11,265.1166687011719,281.26666259765625,264.5899963378906,280.0666809082031,67037100,282.0831634521484,310.48493041992185,283.8220192515931,40.67506372067529,-9.09021371066018,-9.840053801166617,308.6590908190031,255.50723608529373,17.611232665807627,-0.0512345859010529,-0.05259370365966602,0.04128606764867221
2022-03-14,255.4566650390625,266.8999938964844,252.01333618164065,260.2033386230469,71152200,280.52266387939454,308.4584637451172,281.1205569456378,37.77511819418847,-10.28057687463911,-9.928158415861116,309.4040018261949,251.6413259325942,17.416620169310203,-0.036436802368687404,-0.03711720154932235,0.040667848029717055
2022-03-15,267.2966613769531,268.5233459472656,252.19000244140625,258.42333984375,66841200,279.29149627685547,306.75919677734373,279.80399546290596,43.12722732311387,-10.151538883569913,-9.972834509402876,308.2237291673295,250.35926338638143,17.339243264778002,0.046348355546253384,0.04530634609366675,0.041974163034255586
2022-03-16,280.07666015625,280.6666564941406,267.4200134277344,269.6666564941406,84028800,277.92149658203124,304.36219665527346,279.8299635289387,48.29666565665747,-8.91526660750543,-9.761320929023388,303.82148067597643,252.02151248808602,17.05572553995011,0.047812040425278646,0.046704219074345354,0.04159981260423817
2022-03-17,290.5333251953125,291.6666564941406,275.239990234375,276.9966735839844,66582900,277.0583297729492,302.5089300537109,280.8493313066886,52.13059458554257,-7.01092881992281,-9.211242507203274,299.88672214286476,254.22993740303366,17.010792734222647,0.037335010469022656,0.03665493442277862,0.04260322585008822
2022-03-18,301.7966613769531,302.6166687011719,289.1300048828125,291.4966735839844,100414200,277.5423294067383,301.29072998046877,282.8443151229043,55.92204577834521,-4.540529902683943,-8.277099986299408,301.9809212538001,253.10373755967655,16.759069240232414,0.03876779427650434,0.03803519751155836,0.0418980544987682
2022-03-21,307.0533447265625,314.2833251953125,302.36334228515625,304.99334716796875,81981600,278.61199645996095,300.3337969970703,285.14993698991935,57.60955018260514,-2.1339516814859962,-7.0484703253367265,306.0650235977174,251.15896932220448,16.45389742438434,0.017417963888751054,0.017268009913468576,0.04160931384026356
2022-03-22,331.32666015625,332.6199951171875,307.25,310.0,105868500,281.4861633300781,300.11393005371093,289.54772014861754,64.38919894378249,1.7121954683335048,-5.29633716660268,317.14909173166745,245.82323492848877,17.10480835054439,0.07905243778179138,0.0760832835953988,0.043309642322600324
2022-03-23,333.03668212890625,346.8999938964844,325.4666748046875,326.64666748046875,120676200,285.40399780273435,299.7205303955078,293.6895260515022,64.81611281271756,4.842458430046861,-3.268578047272772,325.38178907504664,245.42620653042206,17.41398768920528,0.005161136057840299,0.005147863044765912,0.03900993568903709
2022-03-24,337.97332763671875,341.4966735839844,329.6000061035156,336.57666015625,68920800,288.9564971923828,299.3839971923828,297.90703096437994,66.08033949566536,7.633565424262656,-1.0881493529656865,334.0357910142498,243.8772033705158,17.01989338858124,0.014823128420135223,0.014714339594958641,0.038191151796886764
2022-03-25,336.8800048828125,340.6000061035156,332.44000244140625,336.0,62031600,292.3026641845703,298.7467974853516,301.6187427661354,65.51884116699493,9.646121334812278,1.0587047845899065,341.031394835182,243.57393353395855,16.38704412240468,-0.003234937980317265,-0.003240181703986614,0.038354318243565035
2022-03-28,363.9466552734375,365.9599914550781,351.20001220703125,355.0333251953125,102506100,295.99282989501955,299.1486639404297,307.5547344334975,71.88748202344253,13.272145839084033,3.501392995488732,353.8345073905634,238.15115239947576,17.29368286882332,0.0803450783611821,0.07728050710253655,0.03885224153335925
2022-03-29,366.5233459472656,371.5899963378906,357.7033386230469,369.3299865722656,73614900,299.91283111572267,299.48173095703123,313.170792672904,72.40991478433423,16.167346677219655,6.034583731834918,365.2329575987994,234.59270463264596,17.050323929253352,0.007079858095940583,0.007054913567225325,0.038615693563991346
2022-03-30,364.663330078125,371.3166809082031,361.3333435058594,363.7233276367188,59865000,303.4811645507813,299.9049310302734,318.0748438543536,71.37872526133725,18.103045820930447,8.448276149654024,374.5132530215822,232.44907607998033,16.54553917733124,-0.00507475414515135,-0.005087674440050588,0.038797054946313116
2022-03-31,359.20001220703125,367.71331787109375,358.8800048828125,364.8566589355469,48992700,307.45299835205077,300.4512646484375,321.99152655460864,68.3019344965139,18.97749647861167,10.554120215445554,381.5533806578294,233.35261604627217,15.994665878113382,-0.014981813142339484,-0.01509517416561853,0.03693481095030881
2022-04-01,361.5299987792969,364.9166564941406,355.5466613769531,360.3833312988281,54263100,311.55799865722656,301.0400646972656,325.75709533791223,68.91729499473566,19.632207501321943,12.369737672620833,388.0515877575937,235.0644095568594,15.52147510947582,0.006486599368272561,0.006465651918934319,0.036816913081438266
2022-04-04,381.8166809082031,383.3033447265625,357.510009765625,363.1266784667969,82035900,317.2391662597656,302.3837316894531,331.0961034874638,73.7039270141034,21.539739697474147,14.203738077591495,396.8213507051726,237.65698181435863,16.255179384580224,0.05611341298759176,0.05459557817973847,0.035690380308523326
2022-04-05,363.7533264160156,384.2900085449219,362.4333190917969,378.76666259765625,80075100,321.686833190918,303.45879821777345,334.2063151949449,64.22065838972723,21.347826504798206,15.632555763032839,401.2273496702686,242.14631671156735,16.655287246619135,-0.047308971544201106,-0.048464637280470575,0.03854206202445372
2022-04-06,348.586669921875,359.6666564941406,342.5666809082031,357.8233337402344,89348400,324.8,304.30786499023435,335.5758727879859,57.527666322646326,19.74431135995195,16.45490688241666,403.42907449555736,246.17092550444266,16.978955693847233,-0.041694894294368345,-0.042589069768463106,0.03995584819979977
2022-04-07,352.4200134277344,358.86334228515625,340.5133361816406,350.7966613769531,79447200,328.4493347167969,305.106865234375,337.1800766584381,58.69925722273746,18.56878346220708,16.877682198374746,405.0666086277847,251.83206080580905,17.076887865966405,0.010996816105212748,0.01093679078037125,0.03911356493730813
2022-04-08,341.8299865722656,349.4800109863281,340.8133239746094,347.7366638183594,55013700,332.2850006103516,306.4161315917969,337.6229252216598,54.24729036727125,16.591387286475424,16.820423215994882,403.31288514909835,261.2571160716048,16.686159407906306,-0.03004944796541842,-0.030510186068030958,0.03755570183021155
2022-04-11,325.3099975585937,336.1566772460937,324.8800048828125,326.79998779296875,59357100,335.7776672363281,307.2799981689453,336.4502654442249,48.116571927351615,13.535235748427283,16.163385722481365,397.62729945505833,273.9280350175979,16.705003856588224,-0.04832808607380468,-0.0495349318175134,0.038470017624874855
2022-04-12,328.9833374023437,340.39666748046875,325.5333251953125,332.5466613769531,65976000,338.8620010375977,307.6148651123047,335.7391294402362,49.48367453683244,11.279597285942998,15.186628035173694,392.3281351458145,285.3958669293809,16.589408575537284,0.011291813566499442,0.01122853693277581,0.03765352912061576
2022-04-13,340.7900085449219,342.0799865722656,324.3666687011719,327.02667236328125,55121100,341.8976684570313,308.22233215332034,336.22016554544433,53.70596873221427,10.325659467325522,14.21443432160406,388.0643942650697,295.7309426489928,16.669687810934175,0.035888356035912894,0.03525937358618689,0.03713245775788021
2022-04-14,328.3333435058594,337.57000732421875,327.39666748046875,333.0966796875,58422300,343.7876693725586,308.75126586914064,335.46903963691244,49.04799534935989,8.46690687734582,13.064928832752413,384.11405265356325,303.4612860915539,16.435663043328386,-0.03655231880843268,-0.03723709338922126,0.03798825589854312
2022-04-18,334.7633361816406,338.3066711425781,324.4700012207031,329.6766662597656,51715200,345.43600311279295,309.5055993652344,335.4018297840294,51.39157321919991,7.427064157026962,11.937355897607324,381.1989439798477,309.6730622457382,16.250020677510285,0.019583733431163042,0.01939443951963136,0.037376117331583136
2022-04-19,342.7166748046875,344.9800109863281,331.77667236328125,335.0199890136719,49847700,347.2191696166992,310.2044659423828,336.0984816907587,54.19783266711522,7.1621880223531775,10.982322322556495,378.4137599276567,316.0245793057417,16.0324005307629,0.023758093445249484,0.023480261839117743,0.03750604959557248
2022-04-20,325.7333374023437,344.6666564941406,325.0833435058594,343.3333435058594,70711200,346.9395034790039,310.6701995849609,335.11132509186206,47.84572768737425,5.518247462836598,9.889507350612515,378.79234382131534,315.0866631366925,16.286037134871354,-0.049555036713700984,-0.05082502163771987,0.03531305973796746
2022-04-21,336.260009765625,364.0733337402344,332.1400146484375,358.24334716796875,105416400,347.10066986083984,311.24873291015626,335.2207236322204,51.62985620280629,5.007108381507464,8.913027556791505,378.70212818729243,315.49921153438726,17.86131993508702,0.032316840662455215,0.03180563608534816,0.03604701873730796
2022-04-22,335.01666259765625,344.95001220703125,331.3333435058594,338.3033447265625,69696600,346.95283660888674,311.73573303222656,335.20128924797626,51.157713696544896,4.450397835653746,8.020501612563953,378.7507566787447,315.15491653902876,17.558130561235938,-0.003697576672395231,-0.003704429607069112,0.03591343870946383
2022-04-25,332.67333984375,336.2066650390625,325.1000061035156,326.3233337402344,68341200,346.7425033569336,312.35886657714843,334.9605321618595,50.225488707627264,3.7765800904635967,7.171717308143881,378.8582187971712,314.62678791669595,17.097311159401006,-0.006994645387893739,-0.007019222592886596,0.03594202335176939
2022-04-26,292.1400146484375,333.3333435058594,291.6666564941406,331.8099975585937,136133700,343.1521713256836,312.46833374023436,330.8823876367717,37.49712907005912,-0.027805396026224116,5.73181276730986,382.10017548326385,304.2041671681033,18.852266577423702,-0.12184121881948873,-0.1299278575282087,0.04031658702222874
2022-04-27,293.836669921875,306.0,292.4533386230469,299.52667236328125,76956300,339.51783752441406,312.5066668701172,327.35422404487673,38.203090677305696,-2.872786705269334,4.010892872794021,382.4279164598576,296.6077585889705,18.495675061290758,0.005807678470473254,0.005790878918745771,0.04028900250044912
2022-04-28,292.5033264160156,300.0,273.8999938964844,299.99334716796875,124948500,335.9098373413086,312.2072003173828,324.0350909373662,37.84136360213712,-5.175385939983926,2.173637110238432,381.78813182529564,290.0315428573216,19.038841564306818,-0.004537702888526063,-0.004548029513557434,0.04029277127974127
2022-04-29,290.2533264160156,311.4666748046875,290.0,300.75,88133100,332.46250305175784,311.85633361816406,320.81778003057093,37.201238196490216,-7.099925101769145,0.31892466783691664,381.10094873891836,283.8240573645973,19.21225822433401,-0.007692220213591394,-0.007721957937068309,0.04027987337558598
2022-05-02,300.9800109863281,302.1199951171875,282.6766662597656,286.92333984375,75781500,329.43500366210935,312.0336004638672,318.92846869302394,42.21943559862906,-7.671154164775146,-1.279091098685496,377.99713899820676,280.87286832601194,19.228763269554573,0.03695628471433299,0.03628977282780161,0.041486458968434704
2022-05-03,303.0833435058594,308.02667236328125,296.1966552734375,301.0599975585937,63709500,325.4983367919922,312.3820672607422,317.4194091513892,43.17825830857909,-7.8634905326403555,-2.595970985476468,368.93110760610944,282.06556597787494,18.70028139957523,0.006988279761963367,0.006963974902024329,0.03884357516026945
2022-05-04,317.5400085449219,318.5,295.09332275390625,301.3133239746094,81643800,323.1876708984375,313.2560009765625,317.4308948079161,49.394133211142645,-6.7713307546876536,-3.431042939318705,363.0000687736708,283.37527302320416,19.036452531469404,0.04769864576468552,0.04659599279666411,0.039929422328283885
2022-05-05,291.09332275390625,315.20001220703125,285.8999938964844,313.00665283203125,92519100,320.31300354003906,313.984267578125,314.9225546122961,40.63641559719565,-7.948190983156849,-4.3344725480863335,360.6733774379116,279.9526296421665,19.936706968395697,-0.08328615317548016,-0.08695990905101429,0.042862557058657186
2022-05-06,288.54998779296875,296.0,281.03668212890625,295.6666564941406,72903000,317.11950225830077,314.4168005371094,312.410881581884,39.90368295491444,-8.982541917067522,-5.264086421882571,356.91613272514087,277.32287179146067,19.581464890016985,-0.008737180698190294,-0.00877557365586079,0.04262721363312708
2022-05-09,262.3699951171875,281.8766784667969,260.3833312988281,278.8166809082031,90810300,313.14650268554686,314.2650671386719,307.6450828709605,33.256248732943845,-11.778998139514954,-6.567068765409047,357.84564130729916,268.44736406379457,20.1946928617401,-0.09072948807249681,-0.0951126361970946,0.04620952064013211
2022-05-10,266.67999267578125,275.1199951171875,258.0833435058594,273.10333251953125,84401700,310.2150024414062,313.7958001708984,303.74364570951485,35.170958080702405,-13.491902803259563,-7.952035572979151,358.85526773461,261.5747371482025,19.969118486710673,0.016427173986372612,0.016293707630266798,0.04580309690937911
2022-05-11,244.6666717529297,269.92333984375,242.3999938964844,265.0,97224600,305.99916915893556,312.92666717529295,298.11726723745915,30.377609005138723,-16.436216641312456,-9.648871786645813,361.5297828643402,250.46855545353094,20.5087061624646,-0.08254582843646041,-0.08615264955046516,0.04836621995325815
2022-05-12,242.6666717529297,253.22000122070312,226.6666717529297,233.6666717529297,140313000,301.09300231933594,311.9140673828125,292.83625814369447,29.97786253593607,-18.71525207977203,-11.462147845271057,360.6537923641881,241.53221227448373,20.94046496998666,-0.008174386751047313,-0.008207980246495447,0.04698002379538237
2022-05-13,256.5299987792969,262.45001220703125,250.52333068847656,257.82666015625,92150700,297.5028350830078,311.44940063476565,289.37851915660895,36.24103621039902,-19.181635500054085,-13.006045376227664,358.69675248447845,236.3089176815372,20.857813218852012,0.05712909369145702,0.05555683158900242,0.049403461285957045
2022-05-16,241.4566650390625,256.586669921875,239.69667053222656,255.72000122070312,86098500,292.8375015258789,310.68993408203124,284.81453305017595,32.80522965735922,-20.530872660464127,-14.511010833074959,356.14784684981186,229.52715620194599,20.57439794533747,-0.05875856161837267,-0.06055559591829793,0.04994900511815646
2022-05-17,253.8699951171875,254.82666015625,242.9499969482422,249.1199951171875,80236200,288.3951675415039,310.4034674072266,281.86743419941513,38.01676855080095,-20.36376008577298,-15.681560683614563,349.5128362295968,227.27749885341095,20.059797743326758,0.05141017778952928,0.050132289582274676,0.05143804541644366
2022-05-18,236.60333251953125,253.5,233.60333251953125,248.17333984375,87811800,283.9386672973633,309.6395343017578,277.5565673727595,34.059679297595466,-21.378163374522842,-16.82088122179622,346.49727100173516,221.3800635929914,20.07457380435029,-0.06801379812405906,-0.07043726926027942,0.05227607797551743
2022-05-19,236.47332763671875,244.6666717529297,231.3699951171875,235.6666717529297,90296700,278.94933319091797,308.6425341796875,273.64387787408896,34.030957556608726,-21.9396687523772,-17.844638727912418,339.91729359982077,217.98137278201517,19.590438292306853,-0.0005494634476534976,-0.0005496144580126333,0.05123263093708925
2022-05-20,221.3000030517578,240.52667236328125,211.0,237.9966735839844,144973200,273.26350021362305,307.47986785888673,268.65874693862884,30.769604005533992,-23.339977562289874,-18.94370649478791,333.46115280553727,213.06584762170885,20.30016929737645,-0.06416505716141863,-0.06631616117599509,0.05223307185487502
2022-05-23,224.96665954589844,226.65333557128903,212.6866607666016,218.33999633789065,88903500,267.87816619873047,306.67686767578124,264.4975957583688,32.454201736829276,-23.878606139614305,-19.93068642375319,325.0477493919827,210.70858300547823,19.84777683361295,0.01656871415985961,0.016432950581559483,0.05278522916295063
2022-05-24,209.3866729736328,217.97332763671875,206.856674194336,217.8433380126953,89092500,263.74049911499026,305.75546783447265,259.2489364455368,29.202565604408434,-25.271335650238825,-20.99881626905032,325.1115312458558,202.3694669841247,19.723648870609342,-0.06925464690507588,-0.07176955888757142,0.04847426737963668
2022-05-25,219.6000061035156,223.106674194336,207.6699981689453,207.9499969482422,92139300,260.02866592407224,304.8015347290039,255.4728478415348,33.87940910336056,-25.25977424050683,-21.851007863341625,322.63707979529806,197.42025205284642,19.417436524522294,0.048777379117957986,0.04762508488803092,0.05037734500054212
2022-05-26,235.91000366210932,239.55667114257807,217.8866729736328,220.47332763671875,106003200,257.19899978637693,303.9182015991211,253.60971982444664,40.62486084961247,-23.66177305452692,-22.213160901578682,318.7880142671701,195.60998530558373,19.578333784838218,0.07427138936829292,0.07164265445291076,0.05404149356901442
2022-05-27,253.2100067138672,253.26666259765625,240.1766662597656,241.0833282470703,89295000,255.34683380126953,303.1717352294922,253.57165190915336,46.8218981780388,-20.760070764464842,-21.922542874155916,315.0473307902271,195.64633681231194,19.419642724174555,0.073333062537426,0.07076881859385181,0.05711666965041257
2022-05-31,252.7533264160156,259.6000061035156,244.7433319091797,257.9466552734375,101914500,252.9354995727539,302.19086853027346,253.49371614790215,46.683384524190295,-18.286505623481645,-21.19533542402106,308.84398813927635,197.02701100623148,19.093716400614653,-0.001803563389055407,-0.001805191767721895,0.056260997022635525
2022-06-01,246.7899932861328,257.32666015625,243.63999938964844,251.72000122070312,77247900,250.12083206176757,300.9856015014648,252.85526635154318,44.81886925759735,-16.61584149633751,-20.27943663848435,301.0979041655999,199.14375995793523,18.70749814104229,-0.02359349020027346,-0.023876273341224562,0.05627150554227189
2022-06-02,258.3333435058594,264.2099914550781,242.0666656494141,244.1566619873047,93473100,247.16049880981444,299.525735168457,253.37698798528757,49.06007548659882,-14.196725236786733,-19.062894358144828,288.0019922416096,206.31900537801926,18.952914402800985,0.04677398003874078,0.04571303469577831,0.05622308816920822
2022-06-03,234.51666259765625,247.79666137695312,233.4166717529297,243.22666931152344,112393800,244.33166580200196,297.55533477783206,251.58076651979889,41.90381123308992,-14.039526356747047,-18.05822075786527,280.13631795624684,208.5270136477571,19.378897070667318,-0.09219359988526965,-0.09672413884722543,0.05687612439913061
2022-06-06,238.27999877929688,244.86666870117188,234.3500061035156,244.35333251953125,84204600,241.81816635131835,295.5614682006836,250.31402673498917,43.31094010150796,-13.45616108459933,-17.137808823212083,271.3643155546156,212.27201714802115,18.7458803225951,0.0160472016783606,0.01591980642197778,0.05715585555425124
2022-06-07,238.8866729736328,239.9966735839844,230.0933380126953,234.0,72808500,240.6440002441406,293.6016015625,249.2257073291457,43.548312571058055,-12.797366293658001,-16.269720317301267,268.6565593224341,212.63144116584715,18.114269983216097,0.0025460558898939833,0.002542820180630796,0.05374998632548094
2022-06-08,241.86666870117188,249.9633331298828,239.1766662597656,240.086669921875,76210500,239.40333404541016,291.1600018310547,248.5248465074339,44.771627129349184,-11.897657139656303,-15.395307681772275,264.7661189654316,214.04054912538874,17.611583567004235,0.012474516432601446,0.012397350726358317,0.053680901242184415
2022-06-09,239.7066650390625,255.54666137695312,239.32666015625,249.33999633789065,96491400,239.15533370971679,288.6236682128906,247.6850197009223,44.02689042572105,-11.229478953416873,-14.562141936101195,264.4041495117878,213.90651790764574,17.51218482798273,-0.008930555308462429,-0.008970671737446728,0.050398087039901576
2022-06-10,232.22999572753903,239.5,227.913330078125,235.1566619873047,97536600,238.63349990844722,285.9750015258789,246.2131126558382,41.45632284441704,-11.174435716075436,-13.884600692096043,264.00158260314566,213.26541721374878,17.103695551765213,-0.031190911234383334,-0.03168770531986072,0.050859923401040355
2022-06-13,215.73666381835932,226.63333129882807,214.683334350586,223.1666717529297,102767400,236.59383316040035,283.1057345581055,243.31059371893542,36.406513176288485,-12.31967406457639,-13.571615366592114,262.4336230986547,210.75404322214598,17.135335967850057,-0.07102153990705973,-0.07366972655880127,0.051228102010413154
2022-06-14,220.88999938964844,226.3300018310547,211.73666381835932,218.2866668701172,97988700,235.56549987792965,280.2929345703125,241.17529902090808,38.91040845460325,-12.665453134614495,-13.390382920196592,262.1748500943032,208.9561496615561,16.953764685339006,0.023887157055640706,0.02360632235719876,0.050186865623688966
2022-06-15,233.0,235.663330078125,218.1499938964844,220.9166717529297,119131800,234.52200012207027,277.31660095214846,240.39669911415496,44.44594488779366,-11.825987079435492,-13.077503752044374,259.7808085006861,209.26319174345443,16.99373407793198,0.05482367080362738,0.0533736162801124,0.05038787156866146
2022-06-16,213.1000061035156,225.1666717529297,208.69332885742188,222.73666381835932,107390700,233.3468338012695,274.30353454589846,237.79701406552263,38.30370544302863,-12.620980571200704,-12.98619911587564,260.2428802359764,206.4507873665626,17.516086725406705,-0.08540769912654256,-0.08927688581957352,0.051700967727452106
2022-06-17,216.759994506836,220.97000122070312,213.19667053222656,213.433334350586,92641800,232.36116714477535,271.66700103759763,235.79348839326678,39.947461695039195,-12.808044994726828,-12.950568291645878,260.1565051280103,204.5658291615404,16.82708018196248,0.017174980283869656,0.017029157609637944,0.0519134445117613
2022-06-21,237.0366668701172,243.57666015625,224.3333282470703,224.60333251953125,122793000,233.14800033569333,269.3593341064453,235.911886343443,48.183986183102554,-11.191132488512864,-12.598681131019276,260.5342482904378,205.76175238094885,17.54062200106616,0.09354434802147837,0.08942411634475661,0.05407356968750893
2022-06-22,236.086669921875,246.8333282470703,233.82666015625,234.5033264160156,101107500,233.70400085449214,267.2444677734375,235.92853239853176,47.852831822410714,-9.872569654860115,-12.053458835787445,260.8537765275014,206.55422518148288,17.216768150334314,-0.004007805884153504,-0.004015858661335937,0.05403443031712947
2022-06-23,235.07000732421875,239.3166656494141,228.6366729736328,237.9066619873047,104202600,234.98816757202144,265.43966796875,235.84676810574007,47.476779458000436,-8.808100979248792,-11.404387264479716,259.73934310255146,210.23699204149142,16.749855616437667,-0.004306310889948484,-0.0043156097521520964,0.05129423216201105
2022-06-24,245.7066650390625,246.0666656494141,236.086669921875,237.47000122070312,95770800,236.2935005187988,263.77413452148437,236.78580590891363,51.749057436821374,-7.025230022765243,-10.528555816136821,260.4062201631975,212.1807808744001,16.338912952777502,0.04524889345059324,0.04425503260828766,0.051149057484046426
2022-06-27,244.9199981689453,252.07000732421875,242.5666656494141,249.36666870117188,89178300,236.74400024414058,261.85673431396486,237.5604908860595,51.41595605779324,-5.6110882542160425,-9.545062303752665,261.14615848912,212.34184199916118,15.850657861493728,-0.0032016505127857586,-0.003206786761701394,0.0486495377130056
2022-06-28,232.663330078125,249.97000122070312,232.3433380126953,244.4833374023437,90391200,235.71666641235348,259.94333404541015,237.09409461863717,46.40412083307683,-5.41693830314793,-8.719437503631719,258.96205666061184,212.47127616409512,15.977515386244734,-0.0500435578248114,-0.05133914578061633,0.047059307487101375
2022-06-29,228.4900054931641,231.17333984375,222.27333068847656,230.5,82897200,234.50350036621094,257.81786743164065,236.27465755906832,44.8027284697742,-5.5360098091951215,-8.0827519647444,256.5683241625589,212.43867656986296,15.578407100773571,-0.0179371823809088,-0.018100003611393377,0.04717299237237447
2022-06-30,224.47332763671875,229.4566650390625,218.8633270263672,224.509994506836,94600500,233.38766708374024,255.45300048828125,235.15072137598742,43.255508206023464,-5.886629766194204,-7.6435275250343615,255.1087491205366,211.66658504694388,15.222330737339409,-0.017579227799377484,-0.017735577471772915,0.04706032081012795
2022-07-01,227.26333618164065,230.22999572753903,222.1199951171875,227.0,74460300,231.83416671752929,253.4836004638672,234.39954183366868,44.68446152219718,-5.871683127596384,-7.289158645546766,250.413619956692,213.25471347836657,14.714307156840276,0.012429131666980009,0.012352524133575366,0.04573076625133178
2022-07-05,233.0666656494141,233.14666748046875,216.1666717529297,223.0,84581100,231.76166687011724,251.41973358154297,234.27260124469205,47.638156440154425,-5.330115369127867,-6.8973499902629865,250.309974384518,213.21335935571648,14.876142054747332,0.025535704813974602,0.025215114905161356,0.04133397092222182
2022-07-06,231.7333374023437,234.56333923339844,227.1866607666016,230.77999877929688,71853600,231.43433380126947,249.35406707763673,234.03076659303983,47.0169760728056,-4.951430457055551,-6.508166083621499,249.74044082141532,213.12822678112363,14.34046608417944,-0.005720802000385716,-0.005737228466480965,0.041189499169801906
2022-07-07,244.5433349609375,245.3633270263672,232.2100067138672,233.9199981689453,81930600,231.71716690063477,247.59146697998048,235.03196358045864,53.31541506820547,-3.576433293839756,-5.921819525665151,250.63951576216604,212.7948180391035,14.289717765596873,0.05527904488059332,0.05380522947187836,0.04304635249883411
2022-07-08,250.76333618164065,254.97999572753903,241.16000366210932,242.3333282470703,101854200,232.1620002746582,246.76393341064454,236.53018954247597,56.04756917074928,-1.9622168059782723,-5.129898981727775,252.39100457569188,211.93299597362451,14.256165929870647,0.025435169687600512,0.025117078284842168,0.04330826615462934
2022-07-11,234.3433380126953,253.06333923339844,233.6266632080078,252.10333251953125,99241200,231.89383392333986,245.57406677246092,236.32191796821115,48.05261412548603,-1.9850132371596203,-4.500921832814144,251.85610372983606,211.93156411684365,14.62620236526493,-0.06548005948146862,-0.0677223141456021,0.04587737213278012
2022-07-12,233.07000732421875,239.77333068847656,228.3699951171875,236.8466644287109,87930900,231.93583450317382,244.385400390625,236.01221219259284,47.48691438382894,-2.08182869272531,-4.017103204796378,251.9042905139572,211.96737849239045,14.395997594266655,-0.005433611636988744,-0.005448427397798375,0.04531756388768672
2022-07-13,237.0399932861328,242.0599975585937,225.0333404541016,225.5,97954500,233.0010009765625,243.32113372802735,236.1100961062633,49.48370665232214,-1.817262677272538,-3.5771350992916098,251.62702519515642,214.37497675796857,14.583901844997044,0.017033448479672808,0.016890005886123306,0.042098814648248065
2022-07-14,238.31333923339844,238.65333557128903,229.3333282470703,234.89666748046875,78557400,233.87216796875,242.06780029296874,236.3199287850381,50.138602025441635,-1.487694610372131,-3.159247001507714,251.76635602358783,215.97797991391218,14.207909379227164,0.005371861218914864,0.005357484236889209,0.04187766642070904
2022-07-15,240.0666656494141,243.6233367919922,236.88999938964844,240.0,69683100,234.22550125122075,240.80746673583985,236.6767608673596,51.079053401961374,-1.0726657314902752,-2.7419307475042265,252.31485760842438,216.13614489401712,13.67401138087835,0.0073572315408600986,0.007330299130864308,0.04019503217756014
2022-07-18,240.54666137695312,250.51666259765625,239.60333251953125,244.9366607666016,82537500,235.5978340148926,239.26759979248047,237.04532282065423,51.34958483032854,-0.6969862870755605,-2.3329418554184933,251.038874413156,220.15679361662922,13.47681985925311,0.001999426810217919,0.001997430616818738,0.034510723306792
2022-07-19,245.52999877929688,247.13999938964844,236.97666931152344,245.0,80890200,237.03633422851567,238.35633331298828,237.85338719766784,54.182428103697475,0.002823512434360964,-1.8657887818479224,250.41188419992335,223.660784257108,13.24014201774396,0.020716718219316865,0.020505045463666282,0.034576678473493695
2022-07-20,247.5,250.663330078125,243.4833374023437,246.7833404541016,88864200,237.5595008850098,237.5353335571289,238.7721122264614,55.29074590222157,0.7082264611385369,-1.3509857332506305,251.6913154850211,223.42768628499852,12.80727420760377,0.008023464466653252,0.007991447618970264,0.027936648403048586
2022-07-21,271.7066650390625,273.26666259765625,254.86666870117188,255.106674194336,142032300,239.34050064086915,237.72206695556642,241.90873630385198,66.13191327859252,3.1838376467306944,-0.4440210572543656,259.8293332359972,218.85166804574115,13.732944806893233,0.09780470722853529,0.09331246499887616,0.03505160638890674
2022-07-22,272.24334716796875,280.78668212890625,270.7133178710937,276.2200012207031,103472700,241.19916763305665,237.83333404541017,244.7977468623393,66.32686587425353,5.129948259438095,0.6707728060841265,266.0757777004162,216.32255756569708,13.471546196244613,0.0019752262198982073,0.0019732780255828208,0.03496709552908571
2022-07-25,268.4333190917969,274.14666748046875,267.3999938964844,272.2166748046875,64073400,242.33550033569335,238.3086669921875,247.04875374133525,63.530978772883735,6.292283984007838,1.795075041668869,269.8665194770477,214.80448119433902,12.991198152511739,-0.013994935471540293,-0.014093787954092982,0.03413983357483592
2022-07-26,258.8599853515625,267.3099975585937,256.2633361816406,266.5133361816406,66820800,243.03249969482422,238.63253326416014,248.17363294230927,57.026310738793576,6.367554193677563,2.709570872070608,271.4805150514888,214.58448433815965,12.932539920914918,-0.0356637312112531,-0.0363152186530825,0.03530112835984135
2022-07-27,274.82000732421875,275.9266662597656,261.7900085449219,263.8099975585937,88110000,245.1403335571289,238.99833343505858,250.71138288344352,63.699158966768046,7.62712600598195,3.6930818988528764,276.31889856449413,213.9617685497637,13.227835705721219,0.061655036992220635,0.05982904612856656,0.03524410624276564
2022-07-28,280.8999938964844,283.29998779296875,272.79998779296875,280.0666809082031,84723000,247.7608329772949,239.78720001220702,253.58648869420932,65.87315414871654,9.01206437744412,4.7568783945711255,281.59777763345176,213.92388832113807,13.032990298169704,0.02212352234272652,0.021882347827174065,0.03477139346652821
2022-07-29,297.1499938964844,298.32000732421875,279.1000061035156,280.70001220703125,95313000,251.3946662902832,240.65279998779297,257.7353939515689,70.89087473451102,11.290724761040508,6.063647667865002,289.75501180150525,213.03432077906115,13.474919649779235,0.05784976985791013,0.056238328890716484,0.03559578767020474
2022-08-01,297.27667236328125,311.8766784667969,295.0,301.27667236328125,117042900,254.89533309936525,241.86626678466797,261.50122999077956,70.92676179164395,12.95743616706659,7.4424053677053195,296.4533036104666,213.33736258826386,13.717902422423352,0.00042631152414229767,0.0004262206792024022,0.03573725427974777
2022-08-02,300.586669921875,307.8333435058594,292.6666564941406,294.0033264160156,95577600,258.2713333129883,243.1485336303711,265.2236528413601,71.90152905788094,14.379646490797484,8.829853592323753,303.0342298996653,213.50843672631132,13.821387035944452,0.011134400598203698,0.011072869479979633,0.03563997442807893
2022-08-03,307.39666748046875,309.54998779296875,301.1499938964844,305.0,80091000,262.0544998168945,244.8704669189453,269.2401304260371,73.84453422060722,15.873290891661895,10.238541052191382,309.8904085222497,214.21859111153935,13.474382095597974,0.02265568716125621,0.022402858626649376,0.03540298462297625
2022-08-04,308.6333312988281,313.6066589355469,305.0,311.0,72256200,265.2589996337891,246.5438003540039,272.99186384249344,74.19352133952712,16.961284149739186,11.583089671700943,316.4428663779414,214.07513288963676,13.126687584165753,0.004023022853486102,0.004014952135593356,0.03415264762139293
2022-08-05,288.1700134277344,304.6066589355469,285.5433349609375,302.6700134277344,113172900,267.12933349609375,248.11946716308594,274.4374018982307,59.941310138932,15.988008106951952,12.464073358751145,318.78931490033824,215.46935209184926,13.8383524951461,-0.0663030068235908,-0.0686033118290163,0.03820836997704141
2022-08-08,290.42333984375,305.20001220703125,289.086669921875,295.0,98994000,269.9333335876465,249.53593383789064,275.9598721787563,60.83351302925373,15.223022908815608,13.01586326876404,320.2408067801119,219.6258603951811,14.0663272297283,0.007819434052879659,0.007789020718917544,0.03411982099196196
2022-08-09,283.3333435058594,292.39666748046875,279.35333251953125,290.2933349609375,86244600,272.44650039672854,250.48440063476562,276.6621075432423,56.5645919204627,13.884610035357753,13.189612622082784,320.08796256877355,224.80503822468353,13.9932563533861,-0.024412625864385085,-0.0247155543645267,0.03486631507438606
2022-08-10,294.3566589355469,297.510009765625,283.3699951171875,297.0666809082031,94918800,275.31233367919924,251.30733367919922,278.347302913938,61.1315155241586,13.55711958432903,13.263114014532034,320.9428473357803,229.6818200226182,14.006357060984637,0.03890581776676605,0.03816806100817755,0.035424555479522196
2022-08-11,286.6300048828125,298.2366638183594,285.8333435058594,296.5133361816406,70155000,277.7281669616699,251.98486724853515,279.13613167287843,56.63641400175611,12.529670393882384,13.116425290402105,320.2796838918946,235.17665003144523,13.891854436092876,-0.026249292544206493,-0.026599955270312267,0.03640333941297216
2022-08-12,300.0299987792969,300.1600036621094,285.0333251953125,289.4166564941406,79657200,280.72633361816406,253.04966735839844,281.12602377825164,61.87253940372815,12.650845949874395,13.023309422296565,320.60705808661476,240.8456091497134,13.980056152571732,0.046750143628413676,0.045690263130780645,0.03731328431777745
2022-08-15,309.32000732421875,313.1333312988281,301.2300109863281,301.78668212890625,89359200,284.16500091552734,254.06940063476563,283.8111650683437,65.02559334974183,13.342698181658193,13.087187174168891,321.3646363427745,246.96536548828024,13.917433035925983,0.03096359891583922,0.030493897831355556,0.03747209468816809
2022-08-16,306.5633239746094,314.6666564941406,302.8833312988281,311.6666564941406,88136400,287.21666717529297,255.5103338623047,285.97803734513093,63.35140158634078,13.512787746401386,13.172307288615391,321.1042239658707,253.32911038471528,13.764996761596448,-0.008912075793144236,-0.008952025876518947,0.03774852895040002
2022-08-17,303.9966735839844,309.6566772460937,300.0333251953125,303.39666748046875,68766000,290.0415008544922,256.8246673583984,287.6940979393075,61.75709352326612,13.287309878541748,13.195307806600663,319.3208238775169,260.7621778314675,13.469164996538215,-0.008372333511224461,-0.008407578354357605,0.038012628738515956
2022-08-18,302.8699951171875,306.5,301.85333251953125,306.0,47500500,291.59966735839845,258.10433380126955,289.139421480058,61.03101338465016,12.86935361003492,13.130116967287517,320.1171714112586,263.0821633055383,12.838986602533254,-0.0037062197211366055,-0.0037131047703819653,0.03213626005140293
2022-08-19,296.6666564941406,300.3599853515625,292.5,299.0,61395300,292.82083282470705,259.2003335571289,289.8563010052087,57.053683827818475,11.900382471217824,12.88417006807358,319.977498793451,265.6641668559631,12.6626300678657,-0.020481852686155544,-0.02069451464936621,0.03266974042366675
2022-08-22,289.913330078125,292.3999938964844,286.2966613769531,291.913330078125,55843200,293.89483337402345,260.2044668579102,289.8617323454864,53.00395270009706,10.466873261223384,12.400710706703542,318.70634576339444,269.08332098465246,12.498870428531545,-0.022764022407583906,-0.023027123255798403,0.03299265665938295
2022-08-23,296.4533386230469,298.82666015625,287.92333984375,291.4533386230469,63984900,295.77450103759764,261.48893371582034,290.48950437192076,56.243125036230765,9.74618298619339,11.869805162601512,314.6768717771751,276.8721302980202,12.38490256310072,0.0225584954757323,0.02230781558771273,0.031822022088730674
2022-08-24,297.0966796875,303.64666748046875,296.5,297.5633239746094,57259800,296.8883346557617,263.11613403320314,291.11875916388067,56.5603060045767,9.121792650656857,11.320202660212582,313.16311846938794,280.61355084213545,12.014075869837944,0.002170125887066332,0.0021677745650455194,0.029139504496397527
2022-08-25,296.07000732421875,302.9599914550781,291.6000061035156,302.3599853515625,53230000,297.64683532714844,264.6197341918945,291.59030660772237,55.86436730253757,8.446746100665223,10.74551134830311,312.1924813761781,283.1011892781188,11.967355118532554,-0.003455684406709514,-0.0034616690754643124,0.028876615232532363
2022-08-26,288.0899963378906,302.0,287.4700012207031,297.42999267578125,57163900,297.19383544921874,265.72153411865236,291.25694372488124,50.64789463096612,7.185022188222092,10.033413516286906,312.32566440139465,282.06200649704283,12.150401094301433,-0.026953121859416895,-0.02732301898385137,0.026534506382375846
2022-08-29,284.82000732421875,287.739990234375,280.70001220703125,282.8299865722656,41864700,296.5710021972656,267.1559341430664,290.6439021629134,48.64345068764867,5.853757638200534,9.197482340669632,312.63467283947864,280.5073315550526,11.810371311198429,-0.01135058160727187,-0.011415491099770154,0.02662679290088756
2022-08-30,277.70001220703125,288.4800109863281,272.6499938964844,287.8699951171875,50541800,295.4266693115234,268.37473449707034,289.41115073854365,44.512651624488896,4.176057794639348,8.193197431463576,313.3375949904307,277.51574363261614,12.09748886681595,-0.0249982267189629,-0.02531598923616216,0.026927181049949556
2022-08-31,275.6099853515625,281.25,271.8099975585937,280.6199951171875,52107300,293.83733520507815,269.14620086669925,288.09675403502166,43.34894089206997,2.6473044040097307,7.084018825972807,312.8263148635164,274.8483555466399,11.90766840785812,-0.007526203685978228,-0.007554668468041173,0.026214253798577867
2022-09-01,277.1600036621094,277.5799865722656,266.1499938964844,272.5799865722656,54287000,292.2636688232422,269.9676675415039,287.05515876141095,44.507623643835494,1.5430426167051792,5.975823584119282,311.30357487187763,273.22376277460677,11.873548712709773,0.005623955563764049,0.005608200169827373,0.026246049963161336
2022-09-02,270.2099914550781,282.3500061035156,269.0799865722656,281.07000732421875,50890100,291.36566772460935,270.67046722412107,285.4508571131888,40.50706444235957,0.10587878829369402,4.801834624954164,312.6544848040213,270.0768506451974,11.973296628319789,-0.02507581222110289,-0.025395567131662106,0.022537807976859243
2022-09-06,274.4200134277344,275.989990234375,265.739990234375,272.67999267578125,55860000,290.5655014038086,271.2447341918945,284.40030057171697,43.80231325511072,-0.6854686553871261,3.704373968885906,313.1022738350978,268.0287289725194,11.850204012011233,0.015580556255471167,0.015460425583855752,0.022798723505628643
2022-09-07,283.70001220703125,283.8399963378906,272.2699890136719,273.1000061035156,50028900,290.5838348388672,272.02033447265626,284.3336064417469,50.332735922023055,-0.5573738023112469,2.8520244146464755,313.09762914303525,268.0700405346991,11.830189962883198,0.03381677109982606,0.03325755641840769,0.023569601116768972
2022-09-08,289.260009765625,289.5,279.760009765625,281.29998779296875,53713100,290.3290023803711,273.15226806640624,284.80278771068765,53.7969510405523,-0.007130179958721783,2.2801934957254364,312.78150419809265,267.87650056264954,11.68088998227547,0.01959815762903916,0.019408586563541073,0.022265595443197846
2022-09-09,299.67999267578125,299.8500061035156,291.25,291.6700134277344,54338100,290.9815017700195,274.5760678100586,286.2196643740299,59.49838439218975,1.2552773367112309,2.0752102639225956,313.7227309246718,268.24027261536725,11.602969007676553,0.03602289482946186,0.035389242849343666,0.022842385360308692
2022-09-12,304.4200134277344,305.489990234375,300.3999938964844,300.7200012207031,48674600,291.2010025024414,276.1750015258789,287.9530309505732,61.807217971590404,2.6081592136117138,2.181800053860419,314.36810073825416,268.0339042666286,11.189185332742067,0.01581694096302666,0.015693156705112052,0.020626448696636716
2022-09-13,292.1300048828125,297.3999938964844,290.3999938964844,292.8999938964844,68229600,290.3415023803711,277.47233489990236,288.35083799173884,53.31997146648033,2.6579872479005644,2.2770374926684482,311.9811054443524,268.70189931638976,11.391387775492634,-0.04037188096320543,-0.041209445573060305,0.02131546223597978
2022-09-14,302.6099853515625,306.0,291.6400146484375,292.239990234375,72628700,290.1438354492187,278.86320129394534,289.7088520260078,58.547231801009886,3.5027456910995056,2.52217913235466,311.2528327636297,269.0348381348077,11.603430459497625,0.03587437200418364,0.035245873940170286,0.022914333886965118
2022-09-15,303.75,309.1199951171875,300.7200012207031,301.8299865722656,64795500,290.13150177001955,280.30353454589846,291.0461042140071,59.08398054321828,4.215617483895983,2.8608668026629247,311.2083724348081,269.054631105231,11.374613562139535,0.003767273730617582,0.0037601953268899466,0.022852731189351706
2022-09-16,303.3500061035156,303.7099914550781,295.6000061035156,299.6099853515625,87087800,290.15550231933594,281.47966796875,292.2179043939603,58.79631013763524,4.694185700368564,3.2275305822040528,311.29135105380874,269.01965358486314,11.144283586021308,-0.0013168523341049454,-0.0013177201460770078,0.022837435908199803
2022-09-19,309.07000732421875,309.8399963378906,297.79998779296875,300.0899963378906,60231200,290.77566986083986,282.64580139160154,293.8228665777944,61.670318885606406,5.471933708653978,3.676411207494038,313.32025556975697,268.23108415192274,11.208263940228491,0.018856110452001085,0.018680537647816527,0.022644141087416768
2022-09-20,308.7300109863281,313.3299865722656,305.5799865722656,306.9100036621094,61642800,291.71650390625,284.1335348510742,295.2425946167024,61.396189121428925,5.991800004901677,4.139488966975566,315.5710761525219,267.8619316599781,10.961245087355028,-0.0011000625419275156,-0.001100668054834369,0.02188793080878705
2022-09-21,300.79998779296875,313.79998779296875,300.6300048828125,308.2900085449219,62555700,291.93383636474607,285.4881344604492,295.7718701572992,55.22970492341768,5.698225594743349,4.4512362925291225,316.0350002109123,267.83267251857984,11.119012074697974,-0.025685948599634356,-0.026021592607865372,0.022316956386289628
2022-09-22,288.5899963378906,301.2900085449219,285.82000732421875,299.8599853515625,70545400,291.5085021972656,286.5191345214844,295.08788217449836,47.3448370580688,4.429263697550539,4.446841773533406,315.5303198868915,267.4866845076397,11.429797013698343,-0.040591728559117746,-0.041438568478665415,0.02416710900524656
2022-09-23,275.3299865722656,284.5,272.82000732421875,283.0899963378906,63748400,290.471501159668,287.25946746826173,293.2061778314286,40.57078840519431,2.326808284571257,4.022835075740977,315.3900414111903,265.5529609081457,11.739810727982166,-0.04594757245188685,-0.04703665354268194,0.026163623918233063
2022-09-26,276.010009765625,284.0899963378906,270.3099975585937,271.8299865722656,58076900,289.8675018310547,287.97833435058595,291.56844753944733,41.036719705713,0.7073159133646527,3.359731243265712,315.56121742720086,264.17378623490856,11.88553844593322,0.0024698479153155706,0.0024668028538151034,0.02558431844719246
2022-09-27,282.94000244140625,288.6700134277344,277.510009765625,283.8399963378906,61925200,289.77350158691405,288.826201171875,290.7466908634434,45.708154151817865,-0.016757792656449055,2.68443343608128,315.55400364469904,263.99299952912907,11.940857389945803,0.02510775852537339,0.024797737333229056,0.026162351826494873
2022-09-28,287.8099975585937,289.0,277.57000732421875,283.0799865722656,54664800,290.27900085449215,289.67180114746094,290.46700578679105,48.77926079602449,-0.19537139580154417,2.108472469704715,315.4827586847441,265.0752430242402,11.904367053219763,0.0172121123742337,0.017065662059063694,0.025739075809820634
2022-09-29,268.2099914550781,283.6499938964844,265.7799987792969,282.760009765625,77620600,289.909001159668,290.0860009765625,288.34729013615174,39.17468536782494,-1.8966176242349775,1.3074544509167767,316.1588400482889,263.6591622710471,12.627626462225267,-0.06810050474193585,-0.07053030781738909,0.030122798555928317
2022-09-30,265.25,275.57000732421875,262.4700012207031,266.1499938964844,67726600,289.3135009765625,289.95686767578127,286.147548218423,37.9591207908721,-3.4440136443615756,0.35716083186110625,317.1835824261419,261.4434195269831,12.66136786517458,-0.011036096899372572,-0.011097446407076914,0.030162575628505127
2022-10-03,242.3999938964844,255.16000366210932,241.009994506836,254.5,98363500,287.9230010986328,289.36000061035156,281.98111447347645,30.175131404947876,-6.439905444520605,-1.002252423415236,321.63047941527816,254.21552278198746,13.488413410030967,-0.08614516909902203,-0.09008354847845322,0.03530109814143335
2022-10-04,249.44000244140625,257.5,242.009994506836,250.5200042724609,109578500,286.6740005493164,288.9801342773437,278.8819609466126,34.62329419848389,-8.152128760782261,-2.432227690888641,323.9523613890942,249.3956397095386,13.6313842731119,0.029042940273044104,0.02862918608137619,0.03583465812841272
2022-10-05,240.8099975585937,246.6699981689453,233.2700042724609,245.009994506836,86982700,284.52949981689454,288.6191345214844,275.25605967156315,31.93737865780149,-10.089145950661418,-3.9636113428431967,326.84040959285943,242.21859004092966,13.812713837100004,-0.03459751763288155,-0.03521018442372986,0.035282216541892175
2022-10-06,238.1300048828125,244.5800018310547,235.3500061035156,239.44000244140625,69298400,281.9729995727539,287.88533447265627,271.7202449297774,31.12975883275763,-11.705564578399276,-5.512001989954413,328.77233069221813,235.1736684532897,13.485376829274225,-0.011129075632041019,-0.0111914671326154,0.03470177956475339
2022-10-07,223.07000732421875,234.57000732421875,222.0200042724609,233.94000244140625,83916800,278.14250030517576,286.7287347412109,267.0868889673432,26.998162456772064,-14.039960008470302,-7.2175935936575915,330.70381186500697,225.58118874534452,13.672849956494037,-0.06324275500689214,-0.06533110715825653,0.03500691884523314
2022-10-10,222.9600067138672,226.9900054931641,218.3600006103516,223.92999267578125,67925000,274.0694999694824,285.2449349975586,262.88432875272645,26.97000599679052,-15.717677730195362,-8.917610420965147,330.3478628326746,217.79113710629025,13.312646736945355,-0.0004931214719139376,-0.0004932430962923407,0.03446009493362429
2022-10-11,216.5,225.75,215.0,220.9499969482422,77013200,270.2879997253418,283.629401550293,258.46677363341917,25.301193976553535,-17.368338273049744,-10.607755991382067,331.1786250134578,209.39737443722586,13.129600541449259,-0.02897383620084637,-0.02940186584357689,0.034108629076937645
2022-10-12,217.2400054931641,219.3000030517578,211.509994506836,215.3300018310547,66860700,266.0195007324219,281.96246826171875,254.54041476291866,25.867073758037733,-18.404629276993234,-12.167130648504301,329.175369033116,202.86363243172775,12.748201113125871,0.003418039229395431,0.0034122110102537424,0.03232097803365795
2022-10-13,221.72000122070312,222.9900054931641,206.22000122070312,208.3000030517578,91483000,261.91800079345705,280.2489349365234,251.41466109223146,29.356163449217277,-18.649420241680986,-13.46358856713964,325.3935512851142,198.4424503017999,13.035472767364093,0.020622332969329582,0.020412571604412393,0.03307245691519664
2022-10-14,204.9900054931641,226.259994506836,204.16000366210932,224.009994506836,94124500,257.00000076293946,278.17606842041016,246.9932653208917,24.68398720823859,-19.96326558268811,-14.763523970249334,322.09405371708976,191.90594780878916,13.682938344318563,-0.07545550981161042,-0.07845410579918485,0.03551328963955331
2022-10-17,219.3500061035156,221.8600006103516,209.4499969482422,210.0399932861328,79428800,252.5140007019043,276.79966827392576,244.3605739668559,34.34322345420702,-19.61960287430165,-15.734739751059799,314.94785567434604,190.0801457294626,13.910585256666343,0.07005219876844371,0.06770743117966105,0.039938888134872126
2022-10-18,220.19000244140625,229.82000732421875,217.25,229.5,75891900,248.0870002746582,275.3950015258789,242.05861477395592,34.86942004588242,-19.059757991781936,-16.399743399204226,306.36661185399,189.80738869532644,13.814829690062941,0.0038294794370521412,0.0038221656467326303,0.04005221633394653
2022-10-19,222.0399932861328,222.92999267578125,217.77999877929688,219.8000030517578,66571500,244.1490005493164,274.16913452148435,240.15207939416325,36.084353606591485,-18.25635024730218,-16.77106476882382,298.1345473417826,190.1634537568502,13.195912847664472,0.008401793106927569,0.008366694500343838,0.04034178892504629
2022-10-20,207.27999877929688,215.5500030517578,202.0,208.27999877929688,117798100,240.08350067138673,272.4276013183594,237.0214050498903,31.099797934619403,-18.59628561901235,-17.136108938861526,292.2868563338276,187.88014500894587,13.684775736126497,-0.0664744863679374,-0.06878698522005931,0.041625089295005614
2022-10-21,214.44000244140625,214.66000366210932,203.8000030517578,206.4199981689453,75713800,237.03900146484375,270.9838012695312,234.8707952776537,35.737241292409564,-18.07952488455419,-17.32479212800006,287.745700108778,186.3323028209095,13.483006084285424,0.03454266549727758,0.03395945997966481,0.04241721137333022
2022-10-24,211.25,213.5,198.58999633789065,205.82000732421875,100446800,233.8010009765625,269.2082012939453,232.621195727401,34.619250471575484,-17.723094020865204,-17.404452506573087,282.365363635133,185.236638317992,13.652077514230438,-0.014875967194030837,-0.014987724107085643,0.042292669066789905
2022-10-25,222.4199981689453,224.3500061035156,210.0,210.1000061035156,96507900,230.77500076293944,267.47020111083987,231.64965310278617,41.518224819613934,-16.35081250426009,-17.193724506110488,273.95888390527375,187.59111762060516,13.701929556322236,0.05287573097725584,0.051525211920993325,0.04401021516990403
2022-10-26,224.63999938964844,230.6000061035156,218.1999969482422,219.3999938964844,85012500,227.6165008544922,265.8317346191406,230.9820670348683,42.80986210587554,-14.91223500778392,-16.737426606445176,261.99487709651584,193.23812461246854,13.608935241961605,0.009981122376490958,0.009931639962148882,0.04379519963296312
2022-10-27,225.08999633789065,233.8099975585937,222.8500061035156,229.7700042724609,61638800,225.46050109863282,264.25360107421875,230.42091744467993,43.08426797192891,-13.579307184100571,-16.105802721976254,254.35669050892676,196.56431168833888,13.419724971469927,0.00200319154854367,0.0020011878357876823,0.04177612277664552
2022-10-28,228.5200042724609,228.8600006103516,216.3500061035156,225.3999938964844,69152400,223.62400131225587,262.7666012573242,230.23987809494477,45.24100863728747,-12.106621707128198,-15.305966519006644,246.13466776049515,201.1133348640166,13.354744223996075,0.01523838460338034,0.015123446596271505,0.0420837308114067
2022-10-31,227.5399932861328,229.8500061035156,221.94000244140625,226.19000244140625,61554300,222.8810012817383,261.3840679931641,229.98274620839126,44.71959312475832,-10.8930186148811,-14.423376938181535,243.7874913478824,201.9745112155942,12.965834183861308,-0.004288512900427088,-0.004297734947230934,0.0376881750973104
2022-11-01,227.82000732421875,237.3999938964844,227.27999877929688,234.0500030517578,62688800,221.8000015258789,260.14220153808594,229.7767710765653,44.91494563437095,-9.795715714898506,-13.49784469352493,239.0107462109526,204.58925684080523,12.76255996481318,0.0012306146011606955,0.0012298580156588981,0.03697024646425599
2022-11-02,214.97999572753903,227.8699951171875,214.82000732421875,226.0399932861328,63070300,220.50850143432618,258.51273468017575,228.36755437665803,38.24146270344424,-9.848647807070108,-12.768005316233968,235.560556066634,205.45644680201835,12.783090523967148,-0.05636033352596037,-0.05801089494975568,0.038221444844929994
2022-11-03,215.3099975585937,221.1999969482422,210.13999938964844,211.3600006103516,56538800,219.36750106811525,256.87700103759767,227.12397753684238,38.49439946622362,-9.751558584418774,-12.16471596987093,232.1994234908625,206.535578645368,12.660012455011906,0.0015350350619267594,0.0015338580999041211,0.03821867686094114
2022-11-04,207.47000122070312,223.8000030517578,203.0800018310547,222.6000061035156,98622200,218.58750076293944,255.10500091552734,225.25217026863862,34.84333984613289,-10.189775470157059,-11.769727869928156,232.2912601437679,204.883741382111,13.235725938275564,-0.03641259777431849,-0.03709208198225584,0.0364726428932357
2022-11-07,197.0800018310547,208.8999938964844,196.66000366210932,208.6499938964844,93916500,217.29350051879882,253.28480102539064,222.56910660791635,30.68911426399852,-11.245816850805397,-11.664945666103606,233.71866459843966,200.86833643915799,13.164601959425529,-0.05007952633400592,-0.05137700982212229,0.03795013447193275
2022-11-08,191.3000030517578,195.1999969482422,186.75,194.0200042724609,128803400,216.03350067138672,251.4144009399414,219.59109674542506,28.643194230355405,-12.406124765607018,-11.813181486004288,235.99451442521084,196.0724869175626,12.962130521684754,-0.02932818513088775,-0.029766854567743133,0.03796177111712025
2022-11-09,177.58999633789062,195.88999938964844,177.1199951171875,190.77999877929688,127062700,214.05100021362304,249.4122006225586,215.5909919447075,24.475216030966223,-14.267493328274554,-12.30404385445834,240.08963136295833,188.01236906428775,13.376978646740197,-0.07166757185130745,-0.07436539035358274,0.04065319879296883
2022-11-10,190.72000122070312,191.0,180.02999877929688,189.8999938964844,132703000,212.50100021362306,247.7144009399414,213.222326161469,34.33070642001715,-14.51583020776664,-12.746401125120002,240.1687558082379,184.8332446190082,13.379337576409425,0.07393437216942544,0.07132888823212645,0.044298135817492146
2022-11-11,195.97000122070312,196.5200042724609,182.58999633789065,186.0,114403600,212.05,246.09060089111327,211.57924759568178,37.824422997241555,-14.126170153718931,-13.02235493083979,240.47644670153517,183.62355329846486,13.418671173420913,0.027527264924482875,0.027155202242509627,0.041782939051106575
2022-11-14,190.9499969482422,195.72999572753903,186.33999633789065,192.7700042724609,92226600,210.62999954223633,244.50540100097658,209.61455705783038,35.8598710531011,-14.06035512280988,-13.229954969233809,240.26749732476833,180.99250175970434,13.148052152663167,-0.02561618738169713,-0.02594999483044167,0.0385190608368674
2022-11-15,194.4199981689453,200.82000732421875,192.0599975585937,195.8800048828125,91293800,209.34149932861328,242.90540069580078,208.1674562112699,38.247442505709806,-13.571749458505252,-13.2983138670881,239.44157310635597,179.2414255508706,12.913906311471267,0.018172303095892017,0.018009160285334423,0.038847733189558434
2022-11-16,186.9199981689453,192.57000732421875,185.66000366210932,191.509994506836,66567600,207.58549957275392,240.96980041503906,206.14388877866756,35.19773889912369,-13.632565539651154,-13.365164201600711,238.6012164586814,176.56978268682644,12.61719832542589,-0.03857627852399581,-0.03934004993858786,0.039380604072459774
2022-11-17,183.1699981689453,186.16000366210932,180.8999938964844,183.9600067138672,64336000,206.37999954223633,238.84800018310546,203.95589919678926,33.748741828963276,-13.824001893373378,-13.456931739955245,239.1727799712669,173.58721911320578,12.145970178785534,-0.020062058831236462,-0.020266034660649707,0.03704103713466548
2022-11-18,180.19000244140625,185.19000244140625,176.5500030517578,185.0500030517578,76048900,204.66749954223633,236.45820037841796,201.69248045818136,32.600212141873214,-14.054169614374018,-13.576379314838999,239.13235531660425,170.2026437678684,11.89554369384717,-0.016269016527425406,-0.016402810087859467,0.035873347717819415
2022-11-21,167.8699951171875,176.77000427246094,167.5399932861328,175.85000610351562,92882700,202.4984992980957,233.72720001220702,198.4712913780867,28.31063693255004,-15.057131579889102,-13.87252976784902,240.32908796968076,164.66791062651066,11.949434083949045,-0.06837231343190053,-0.07082202204033466,0.03831993759255871
2022-11-22,169.91000366210938,170.9199981689453,166.19000244140625,168.6300048828125,78452300,199.8729995727539,231.28279998779297,195.75116873846983,29.95418258606911,-15.508601024160583,-14.199744019111332,239.07260709781298,160.67339204769485,11.433759915634045,0.012152311933396831,0.012079065403443036,0.03575883589785058
2022-11-23,183.1999969482422,183.6199951171875,172.5,173.57000732421875,109536700,197.8009994506836,228.89460021972656,194.55581904416243,39.65957064378897,-14.625409802127223,-14.284877175714511,235.91075462455757,159.69124427680964,11.596347882737193,0.07821783885404354,0.07530952893106566,0.04092521050447951
2022-11-25,182.8600006103516,185.1999969482422,180.6300048828125,185.0599975585937,50672700,195.68949966430665,226.4768002319336,193.44193157427569,39.50875091425081,-13.793901745697752,-14.18668208971116,232.16179782425942,159.21720150435388,11.094465324358085,-0.0018558752377416665,-0.0018575995078744564,0.04087793019479918
2022-11-28,182.9199981689453,188.5,179.0,179.9600067138672,92905200,193.40949935913085,224.0682000732422,192.43984267852994,39.55243597821808,-12.980453728200558,-13.945436417409041,226.97255277542308,159.8464459428386,10.980574944046793,0.00032810652079984237,0.0003280527056264311,0.04053671107369974
2022-11-29,180.8300018310547,186.3800048828125,178.75,184.9900054931641,83357100,191.07399978637696,221.5033999633789,191.33414355019895,38.5091555764111,-12.36193486135275,-13.628736106197785,221.12946434906675,161.01853522368717,10.741248511101487,-0.011425739989130657,-0.011491515256992131,0.040512509898873277
2022-11-30,194.6999969482422,194.759994506836,180.6300048828125,182.42999267578125,109186400,189.41799926757812,219.2227996826172,191.65470101667924,48.26240850450269,-10.63002520007123,-13.028993924972475,214.41674636209066,164.4192521730656,10.983301447738773,0.07670184691003823,0.07390252318127676,0.044949013160296085
2022-12-01,194.6999969482422,198.9199981689453,191.8000030517578,197.0800018310547,80046200,188.40399932861328,217.10079986572265,191.9447292006376,48.26240850450269,-9.151976032969486,-12.253590346571878,210.668799801252,166.13919885597457,10.707350995556538,0.0,0.0,0.04342401733784783
2022-12-02,194.8600006103516,196.25,191.1100006103516,191.77999877929688,73645900,187.38149948120116,215.22619995117188,192.22237409680085,48.371967385235756,-7.876900455693345,-11.378252368396172,206.22529842658903,168.5377005358133,10.309683023705958,0.0008217959148295595,0.0008214584254523483,0.043419477699482824
2022-12-05,182.4499969482422,191.2700042724609,180.5500030517578,189.44000244140625,93122700,186.13049926757813,213.3686001586914,191.29167151122383,41.10202073793753,-7.778116173543367,-10.658225129425613,202.65269995559734,169.60829857955892,10.595419776197945,-0.06368676805520934,-0.0658052089735389,0.04489143295840618
2022-12-06,179.82000732421875,183.6499938964844,175.3300018310547,181.22000122070312,92150800,185.26749954223632,211.44480010986328,190.1991320648424,39.73894309852128,-7.821881322224954,-10.090956367985482,201.20456896880742,169.33043011566522,10.432889225428784,-0.01441485156488942,-0.01451975486845227,0.04371850640599509
2022-12-07,174.0399932861328,179.3800048828125,172.22000122070312,175.02999877929688,84213300,184.40449905395508,209.2667999267578,188.66016646687004,36.846818767127274,-8.22811574862078,-9.718388244112543,200.80401923486107,168.00497887304908,10.230540431006416,-0.032143331123685615,-0.03267127201155782,0.043809897201459336
2022-12-08,173.44000244140625,175.1999969482422,169.05999755859375,172.1999969482422,97624500,184.19699935913087,206.97940002441408,187.2106270358735,36.549459132100885,-8.500485400805161,-9.474807675451068,201.0353064418041,167.35869227645765,9.938358928052276,-0.003447430865732959,-0.003453386948248274,0.040801089876452895
2022-12-09,179.0500030517578,182.5,173.36000061035156,173.83999633789062,104872300,183.6134994506836,205.19620025634765,186.433424751672,41.31804451021606,-8.169487382735781,-9.21374361690801,200.3154484500722,166.911550451295,9.881333246737716,0.0323454827685834,0.03183338116095202,0.03775961185809188
2022-12-12,167.82000732421875,177.3699951171875,167.52000427246094,176.10000610351562,109794500,182.20599975585938,203.24760040283203,184.6607183300098,35.55723423117648,-8.712898994904066,-9.113574692507221,199.24657281916035,165.1654266925584,9.999095070491942,-0.0627198857086465,-0.06477309340338366,0.039344050416730295
2022-12-13,160.9499969482422,175.0500030517578,156.91000366210938,174.8699951171875,175862700,180.70599975585938,201.61860046386718,182.4025543888891,32.565871971118796,-9.587391553006626,-9.208338064607101,199.58596702323314,161.82603248848562,10.580588236145976,-0.04093677795344208,-0.04179828130131225,0.0398713509675
2022-12-14,156.8000030517578,161.6199951171875,155.30999755859375,159.25,140682300,178.825,199.76580047607422,179.96421616630514,30.876062657423986,-10.494330915877697,-9.465536634861222,199.29412574780392,158.35587425219606,10.275546044892247,-0.025784367661833008,-0.02612261140486262,0.039577160492843454
2022-12-15,157.6699981689453,160.92999267578125,153.27999877929688,153.44000244140625,122334500,177.3625,198.10300048828125,177.84095730941374,31.676448616403064,-11.015901109167658,-9.775609529722509,199.42673588757947,155.29826411242055,10.088006605720256,0.005548438139381551,0.005533102257132837,0.03912505659358079
2022-12-16,150.22999572753906,160.99000549316406,150.0399932861328,159.63999938964844,139032200,175.7154998779297,196.34500030517577,175.21134192066376,28.62403873620117,-11.89250585867606,-10.19898879551322,200.54429804290157,150.8867017129578,10.149578434385328,-0.047187179094365206,-0.04833680500131505,0.04003389331746111
2022-12-19,149.8699951171875,155.25,145.82000732421875,154.0,139390600,174.19949951171876,194.88100006103517,172.7978803203327,28.48102530459343,-12.47249531671008,-10.653690099752591,201.3448486254233,147.0541503980142,10.098179451627894,-0.00239632976495896,-0.0023992055582815475,0.040023439625929885
2022-12-20,137.8000030517578,148.47000122070312,137.66000366210938,146.0500030517578,159563300,172.69599990844728,193.17779998779298,169.464749151897,24.12830160092095,-13.747614682876929,-11.27247501637746,204.07752437123293,141.31447544566163,10.249023166160054,-0.08053641461716088,-0.08396483835074355,0.041061516185459175
2022-12-21,137.57000732421875,141.25999450683594,135.88999938964844,139.33999633789062,145417400,171.07900009155273,191.59920013427734,166.4271546921181,24.052867138369436,-14.608319091240048,-11.939643831349978,206.00114263701516,136.1568575460903,9.900521162662015,-0.0016690545895901021,-0.0016704490129968075,0.0408018999645475
2022-12-22,125.3499984741211,136.6300048828125,122.26000213623048,136.0,210090300,168.18650016784667,189.76139999389648,162.51504457611838,20.403025258851855,-16.09099910188857,-12.769914885457696,207.87194361448687,128.50105672120648,10.286912878756747,-0.08882756559936855,-0.09302311928148893,0.03890846564035161
2022-12-23,123.1500015258789,128.6199951171875,121.0199966430664,126.37000274658205,166989700,165.20100021362305,187.79,158.76599285704796,19.819923419729065,-17.24476810779049,-13.664885529924257,208.81150927495082,121.59049115229527,10.094990421282771,-0.017550833466474902,-0.017706675474399133,0.038722181494822386
2022-12-27,109.0999984741211,119.66999816894533,108.76000213623048,117.5,208643400,161.51000022888184,185.87219985961914,154.0358981539121,16.56412588516865,-19.07299457400441,-14.746507338740289,210.64302861677677,112.3769718409869,10.401776776166031,-0.1140885333144338,-0.12113825810398889,0.043852011017302406
2022-12-28,112.70999908447266,116.2699966430664,108.23999786376952,110.3499984741211,221070500,158.10400009155273,183.7393997192383,150.10009824253692,20.19172176143718,-20.000032416804885,-15.797212354353208,210.72801229872886,105.47998788437663,10.23236406210395,0.03308891531476843,0.032553261278161744,0.04564719892362562
2022-12-29,121.81999969482422,123.56999969482422,117.5,120.38999938964844,221923300,154.46000022888182,181.77199966430663,147.40675552370715,28.6252012007741,-19.771699824249538,-16.592109848332477,206.53325690210545,102.38674355565819,10.277195244121637,0.0808269069678893,0.07772640277207259,0.04612510176489594
2022-12-30,123.18000030517578,124.4800033569336,119.75,119.9499969482422,157777300,150.8840003967285,179.7947998046875,145.09944550289464,29.817521480849464,-19.25899817370947,-17.125487513407876,201.20605493753368,100.56194585592334,9.880967252179634,0.011164017515666869,0.011102159833173808,0.046473350785968204
2023-01-03,108.0999984741211,118.8000030517578,104.63999938964844,118.47000122070312,231402800,146.546000289917,177.81119979858397,141.57568864301146,24.858748094340243,-19.840796192729897,-17.66854924927228,195.9054232874157,97.18657729241832,10.499469656704472,-0.12242248574195735,-0.13058999220665155,0.05127000763538932
2023-01-04,113.63999938964844,114.58999633789062,107.5199966430664,109.11000061035156,180389000,143.1055004119873,175.79519973754884,138.91514680935782,29.497492162708014,-19.62857751701746,-18.06055490282132,191.5590458431253,94.6519549808493,10.254507516570168,0.05124885285593783,0.04997884108534127,0.053425135116308545
2023-01-05,110.33999633789062,111.75,107.16000366210938,110.51000213623048,157986300,139.6314998626709,173.77699966430663,136.19370390731333,28.373846477298542,-19.50186993741697,-18.34881790974045,187.0086672902939,92.2543324350479,9.984899531639375,-0.029039097760312105,-0.02946907696009933,0.05341600384361359
2023-01-06,113.05999755859376,114.38999938964844,101.80999755859376,103.0,220911100,136.58250007629394,171.5897996520996,133.99049377886385,30.716528657851242,-18.963373930808757,-18.47172911395411,182.53715661597818,90.6278435366097,10.170263981597612,0.024651090365942707,0.02435215499827936,0.05438981136163083
2023-01-09,119.7699966430664,123.5199966430664,117.11000061035156,118.95999908447266,190284000,133.89899978637695,169.49239959716797,132.63616071831171,36.255422448404474,-17.790097942473324,-18.335402879657956,177.1177771947675,90.68022237798638,10.190959346088688,0.05934901140427806,0.057654579278002285,0.05713218642006672
2023-01-10,118.8499984741211,122.76000213623048,114.91999816894533,121.06999969482422,167642500,130.8889995574951,167.36759963989257,131.32319288553165,35.832443254183204,-16.7415186267136,-18.016626029069084,169.21906848633614,92.55893062865408,10.023033961888435,-0.007681374256751861,-0.007711027963739906,0.05601206204243558
2023-01-11,123.22000122070312,125.9499969482422,120.51000213623048,122.08999633789062,183810800,128.65899925231935,165.2615995788574,130.5514603460242,39.44626244789075,-15.380591381001125,-17.489419099455493,163.13051530267825,94.18748320196046,9.8142457127622,0.036769060182475055,0.036109204525613114,0.056318367595973744
2023-01-12,123.55999755859376,124.12999725341795,117.0,122.55999755859376,169400900,126.78949928283691,163.18199966430663,129.8856067472213,39.730659159984796,-14.111938231269292,-16.813922925818254,157.94978739898684,95.62921116668699,9.622513679951895,0.0027592625752508315,0.002755462798387791,0.05605610426206478
2023-01-13,122.4000015258789,122.62999725341795,115.5999984741211,116.5500030517578,180714100,125.06949920654297,161.07359954833984,129.1726919642363,39.05668088409496,-13.049694697977785,-16.06107728025016,153.04908864689133,97.0899097661946,9.503762637417665,-0.009388119582672938,-0.009432465746952078,0.05595738013351074
2023-01-17,131.49000549316406,131.6999969482422,125.0199966430664,125.6999969482422,186477000,123.7604995727539,159.40379974365234,129.39338849080085,46.68858015024918,-11.34360962239073,-15.117583748678275,147.67053049622206,99.85046864928576,9.48920783634235,0.07426473736900463,0.07163646233055776,0.0590368887777692
2023-01-18,128.77999877929688,136.67999267578125,127.01000213623048,136.55999755859375,195680300,122.6879997253418,157.6731997680664,129.33497042303856,44.88394854342225,-10.09384424835163,-14.112835848612947,143.47262828083123,101.90337116985236,9.502120886571523,-0.020609982513142944,-0.020825332244057446,0.058388151935213656
2023-01-19,127.16999816894533,129.99000549316406,124.30999755859376,127.26000213623048,170291900,121.5529998779297,156.06719970703125,129.1287825893154,43.800770129776154,-9.128086875803746,-13.115886054051108,138.37837871135847,104.72762104450092,9.229112818571435,-0.012501946153228083,-0.012580752996881195,0.05839901011546554
2023-01-20,133.4199981689453,133.50999450683594,127.3499984741211,128.67999267578125,138858100,121.33399963378906,154.79399963378907,129.5374697873754,48.951088617061146,-7.768840081063317,-12.04647685945355,137.4048936886441,105.26310557893402,9.022747355665661,0.049146812062518475,0.04797727392320404,0.05692804477881638
2023-01-23,143.75,145.3800048828125,134.27000427246094,135.8699951171875,203119200,121.64299926757812,153.8429995727539,130.89104409333964,56.11038805575049,-5.791323613406888,-10.795446210244219,139.12629237747316,104.15970615768308,9.232551595537199,0.07742468874848996,0.07457364612008015,0.059497140753724864
2023-01-24,143.88999938964844,146.5,141.10000610351562,143.0,158699100,122.56999931335449,153.16899963378907,132.12903983584525,56.20004174506098,-4.16482131719809,-9.469321231634993,142.53160385532064,102.60839477138833,8.958797474176283,0.0009739087975544347,0.0009734348560736818,0.05537432027697588
2023-01-25,144.42999267578125,146.41000366210938,138.07000732421875,141.91000366210938,192734300,123.63399887084961,152.24319946289063,133.3005591539344,56.56855877912969,-2.7999574176597832,-8.13544846883995,145.7573317369484,101.51066600475083,8.914597393013022,0.003752820129427681,0.0037457958683397114,0.055052429487802285
2023-01-26,160.27000427246094,161.4199981689453,154.75999450683594,159.97000122070312,234815100,126.1924991607666,151.52919952392577,135.8690777366512,65.68822385328784,-0.4351205893102019,-6.595382892934001,152.44988111367928,99.93511720785393,9.491412257309523,0.10967259156647335,0.1040650092615062,0.05122117648748083
2023-01-27,177.89999389648438,180.67999267578125,161.1699981689453,162.42999267578125,306590600,129.45199890136718,151.26819946289064,139.8720221328258,72.58751280777297,2.8290113754363233,-4.710504039259937,163.29472623668468,95.60927156604967,10.27131055345315,0.11000180416824756,0.10436164069972145,0.05495373634349361
2023-01-30,166.66000366210938,179.77000427246094,166.5,178.0500030517578,230878800,131.69399909973146,150.71299957275392,142.42325846894806,63.78194343139619,4.457502880396561,-2.876902655328638,168.98289255625727,94.40510564320564,10.485502961953705,-0.06318150994943417,-0.06526572943550507,0.05659736664222023
2023-01-31,173.22000122070312,174.3000030517578,162.77999877929688,164.57000732421875,196813500,134.1959991455078,150.43899963378905,145.35628158816283,66.34779473176975,6.205893433054996,-1.0603434376519112,175.37616055402253,93.0158377369931,10.55939591270422,0.03936155894904236,0.03860663902242871,0.05678689839082684
2023-02-01,181.41000366210932,183.8099975585937,169.92999267578125,173.88999938964844,213806300,137.86149940490722,150.40379974365234,148.78996940472916,69.27444676376359,8.158326186924569,0.7833904872633849,182.03948395960626,93.68351485020818,10.796582267711951,0.04728092820511609,0.046197213190127394,0.04629554573062279
2023-02-02,188.2700042724609,196.75,182.6100006103516,187.3300018310547,217448300,141.59299964904784,150.56539978027342,152.54997272546552,71.50947406785085,10.142274106173204,2.655167211045349,189.4141790889753,93.77182020912039,11.121111844153289,0.0378148970391341,0.03711744228973287,0.0460251197939213
2023-02-03,189.97999572753903,199.0,183.69000244140625,183.9499969482422,232662000,145.57499961853028,151.00759979248048,156.1147368209011,72.05515563780574,11.717477360050367,4.467629240846353,195.53848771438334,95.61151152267722,11.420317966613322,0.009082654784473565,0.009041655543147504,0.04436149360804713
2023-02-06,194.759994506836,198.1699981689453,189.9199981689453,193.009994506836,186188100,149.65999946594238,151.504599609375,159.79523755289492,73.57855548018767,13.19938890192023,6.2139811730611285,201.6406585646112,97.67934036727357,11.1938666832838,0.025160537355481516,0.024849222136682166,0.04435934540481086
2023-02-07,196.8099975585937,197.5,189.5500030517578,196.42999267578125,186010300,153.51199951171876,151.77679962158203,163.3204527915329,74.22746005767682,14.373543328859682,7.845893604220841,207.4432456793948,99.5807533440427,10.962161702209398,0.010525791279408558,0.010470780820742084,0.04391189172068648
2023-02-08,201.2899932861328,203.0,194.3099975585937,196.1000061035156,180673600,157.63399925231934,152.14539947509766,166.93659950530432,75.63572861833406,15.48704240140674,9.374123363658022,212.92298785211136,102.34501065252731,10.799864612152035,0.02276304955598274,0.022507837028282126,0.043203688233572325
2023-02-09,207.32000732421875,214.0,204.7700042724609,207.77999877929688,215431400,161.83899955749513,152.63339965820313,170.78263834520092,77.42387500769746,16.66397820884606,10.83209433269563,218.78651379334192,104.89148532164833,10.936303333703117,0.029956849516678652,0.029516907690852447,0.0431540365289157
2023-02-10,196.88999938964844,206.1999969482422,192.88999938964844,202.22999572753903,204754100,165.50549964904786,152.954599609375,173.26905368276735,68.11224264913047,16.56415260212944,11.978505986582395,221.55819454409186,109.45280475400385,11.185853662336488,-0.05030873801899527,-0.05161833459581209,0.04625670792999434
2023-02-13,194.63999938964844,196.3000030517578,187.6100006103516,194.4199981689453,172475500,169.11749954223632,152.95339965820312,175.30438184532744,66.26088339404424,16.117689205389894,12.806342630343895,222.85636307153908,115.37863601293355,11.0497211706908,-0.011427700782035255,-0.011493498714308886,0.04633766682674041
2023-02-14,209.25,209.82000732421875,189.44000244140625,191.94000244140625,216455700,173.00549926757813,153.2443997192383,178.53729786005815,71.6495141625435,16.749688710133228,13.595011846301762,226.5438700205239,119.46712851463234,11.716170007270922,0.0750616556523096,0.07237801403011461,0.046383070637767664
2023-02-15,214.2400054931641,214.66000366210932,206.1100006103516,211.759994506836,181006400,177.27849960327148,153.63199981689453,181.93755572987774,73.2225869220128,17.452028490111786,14.366415175063768,229.64452807068847,124.91247113585452,11.490015224734265,0.02384709913101113,0.023567198213512965,0.0451566332778428
2023-02-16,202.0399932861328,217.6499938964844,201.83999633789065,210.77999877929688,229586500,181.02199935913086,154.02379974365235,183.85207359237825,63.8888172815862,16.83019083694026,14.859170307439069,229.04907199992743,132.99492671833428,11.798585391438513,-0.056945537220967624,-0.05863124321363247,0.04818065943198509
2023-02-17,208.3099975585937,208.44000244140625,197.5,199.9900054931641,213738500,184.7664993286133,154.59359954833985,186.18139968439877,66.2686067826301,16.651370328846127,15.217610311720481,228.8828392951521,140.65015936207448,11.737258037864779,0.031033480898908783,0.030561678706295104,0.0478621344652451
2023-02-21,197.3699951171875,209.7100067138672,197.22000122070312,204.9900054931641,180018600,187.44749908447267,155.06019958496094,187.24698020180722,58.96667551953759,15.448802837676169,15.263848816911619,227.6071727766636,147.28782539228175,11.791025713243299,-0.05251789433835974,-0.05394722804913001,0.048976653414746496
2023-02-22,200.8600006103516,201.9900054931641,191.77999877929688,197.92999267578125,191828500,190.2959991455078,155.60859954833984,188.54345833595428,60.46333601957608,14.608970593762109,15.132873172281718,225.4651825903335,155.1268157006821,11.678095784716435,0.017682553475729224,0.017528035977254008,0.04882946798619687
2023-02-23,202.07000732421875,205.13999938964844,196.3300018310547,203.91000366210932,146360000,193.1779998779297,156.06899963378908,189.83170109674137,60.99453641444316,13.881023125206184,14.88250316286661,221.6496541170383,164.7063456388211,11.47323162570767,0.006024129792842281,0.006006057267467722,0.048797388557097025
2023-02-24,196.8800048828125,197.6699981689453,192.8000030517578,196.3300018310547,142228100,195.00849990844728,156.65019958496094,190.50296812398625,57.43031997536003,12.738488325453801,14.45370019538405,219.16188283758947,170.85511697930508,11.315858243332903,-0.025684180003413215,-0.02601977738759486,0.04462882631700387
2023-02-27,207.6300048828125,209.4199981689453,201.259994506836,202.02999877929688,161028300,196.49500045776367,157.58379974365235,192.1341144819697,62.33925842763346,12.555721877494477,14.074104531806137,219.90156905208386,173.08843186344347,11.403296460675753,0.0546017865369246,0.05316324215501689,0.0396164872790771
2023-02-28,205.7100067138672,211.22999572753903,203.75,210.58999633789065,153144900,198.44750061035157,158.56199981689454,193.42705659929328,60.98656796234245,12.116281394790008,13.682539904402912,217.72381476212496,179.17118645857818,11.12306069402313,-0.009247209573726933,-0.009290230436857878,0.0361651370381915
2023-03-01,202.7700042724609,207.1999969482422,198.5200042724609,206.2100067138672,156852800,199.92500076293945,159.46399993896483,194.31686113959498,58.87971580078696,11.3993830281739,13.22590852915711,215.39418700414546,184.45581452173343,10.948555835577283,-0.014291975817664948,-0.014395089751065942,0.035955828537982834
2023-03-02,190.8999938964844,193.75,186.009994506836,186.7400054931641,181500700,200.3995002746582,160.27739990234375,193.99144521167966,51.19057264181505,9.760907605212424,12.532908344368174,214.04223644002457,186.75676410929185,11.363659687723542,-0.05853928157947286,-0.06032265409146769,0.03769572167831059
2023-03-03,197.7899932861328,200.47999572753903,192.8800048828125,194.8000030517578,154193300,200.8754997253418,161.23579986572267,194.35321169496092,54.87431162398769,8.915595956138105,11.809445866722161,213.41164422278433,188.33935522789926,11.236255555104334,0.036092192823141245,0.035456129089512615,0.03761441497816401
2023-03-06,193.8099975585937,198.6000061035156,192.3000030517578,198.5399932861328,128100100,201.06699981689454,162.3559997558594,194.30147701530692,52.41351063427949,7.8342199798102286,11.014400689339775,213.03571288141978,189.0982867523693,10.883666090579581,-0.020122331071529276,-0.020327542733145184,0.0379372173144787
2023-03-07,187.7100067138672,194.1999969482422,186.1000061035156,191.3800048828125,148125800,200.7145004272461,163.35879974365236,193.6737179389793,48.80132329004378,6.411100273081615,10.093740606088144,213.7712710424009,187.65772981209128,10.684832144447226,-0.03147407730028129,-0.03198003067013687,0.038205306848108425
2023-03-08,182.0,186.5,180.0,185.0399932861328,151897800,199.9740005493164,164.49179977416992,192.56193527812414,45.63116673784276,4.767560363021829,9.02850455747488,215.3129501658296,184.6350509328032,10.472344613691508,-0.03041929843714275,-0.03089156736881823,0.038641352352828305
2023-03-09,172.9199981689453,185.17999267578125,172.50999450683594,180.25,170023800,198.55550079345704,165.48719970703124,190.6912746010595,41.063077242826154,2.701224841688287,7.7630486143175625,217.87575572684733,179.23524586006675,10.629319867638207,-0.04989011995084991,-0.05117763786639216,0.039478512329764355
2023-03-10,173.44000244140625,178.2899932861328,168.44000244140625,175.1300048828125,191488900,196.86150054931642,166.77399978637695,189.04829630014012,41.42473100000225,1.0929996334132,6.42903881813669,218.60059068509295,175.12241041353988,10.573653508858802,0.0030071956856769777,0.0030026831172517087,0.038607181184432515
2023-03-13,174.47999572753906,177.35000610351562,163.91000366210938,167.4600067138672,167790300,195.74100036621093,168.00939971923827,187.66083910274955,42.18878825581825,-0.09649928054002999,5.123931198401347,219.56855052292505,171.9134502094968,10.778392718326476,0.005996271168666301,0.005978365078895034,0.037407385593896586
2023-03-14,183.259994506836,183.8000030517578,177.13999938964844,177.30999755859375,143717900,195.1720001220703,169.23819961547852,187.24171104599588,48.31793568670846,-0.3269444041715417,4.033756077886769,219.61314907586686,170.73085116827374,10.674222333033068,0.050320947926932647,0.049095782155814074,0.03937667315854489
2023-03-15,180.4499969482422,182.33999633789065,176.02999877929688,180.8000030517578,145995600,193.73199996948242,170.38359954833984,186.59488113192413,46.61457774178293,-0.7279260652046275,3.0814196492684904,218.07917269654254,169.3848272424223,10.428206146926357,-0.015333393227232595,-0.01545216538549687,0.03497461150134378
2023-03-16,184.1300048828125,185.8099975585937,178.83999633789062,180.3699951171875,121136800,192.22649993896485,171.90419967651368,186.36013101296112,49.14314519247836,-0.7402281459889934,2.317090090216994,214.98705138770532,169.46594849022438,10.181191509338978,0.020393505108375454,0.020188342220549882,0.03482357012393114
2023-03-17,180.1300048828125,186.22000122070312,177.3300018310547,184.5200042724609,133197100,191.13100051879883,173.23399978637696,185.76678566723268,46.56162284331357,-1.0605191990708533,1.641568232359425,214.00557886521094,168.25642217238672,10.088963500789655,-0.02172378153438792,-0.021963216854791676,0.03300615989678421
2023-03-20,183.25,186.44000244140625,176.35000610351562,178.0800018310547,129684400,189.87800064086915,174.69219985961914,185.5270917941629,48.819976874995774,-1.0504852945693983,1.1031575269736602,211.56589463098683,168.19010665075146,10.089037274868295,0.017320796272765726,0.01717250122413543,0.03234966771926913
2023-03-21,197.5800018310547,198.0,188.0399932861328,188.27999877929688,153391400,189.8885009765625,176.38259994506836,186.6749879881526,57.668645718790835,0.11248141821039326,0.9050223052210069,211.59109236373266,168.18590958939237,10.421963183806273,0.07819919143822474,0.07529223411697607,0.035486140527462164
2023-03-22,191.1499938964844,200.66000366210932,190.9499969482422,199.3000030517578,150376400,189.40300064086915,177.81019989013672,187.10117902704135,53.22213160397155,0.5094207292464148,0.8259019900260886,210.5288886139034,168.2771126678349,10.371109150239192,-0.032543819591966616,-0.03308514667181837,0.03599064733206114
2023-03-23,192.22000122070312,199.3099975585937,188.6499938964844,195.259994506836,144193900,188.91050033569337,179.27759994506835,187.58868590262819,53.85969055939101,0.8999644121411166,0.8407144744490942,209.27786155989108,168.54313911149566,10.391744472515628,0.0055977366381616545,0.005582127533771847,0.03598585366601543
2023-03-24,190.41000366210932,192.3600006103516,187.1499938964844,191.6499938964844,116312400,188.5870002746582,180.6213999938965,187.8573828321026,52.554817170791424,1.0513026557503906,0.8828321107093535,208.6408751017052,168.5331254476112,10.021620346897882,-0.009416281069083987,-0.009460894526444835,0.03560145135635339
2023-03-27,191.8099975585937,197.38999938964844,189.94000244140625,194.4199981689453,120851600,187.79599990844724,181.9863999938965,188.23382232986364,53.4933562397941,1.269572272477177,0.9601801430629182,205.9400211457226,169.6519786711719,9.837932961279618,0.007352522816861606,0.007325624786097459,0.03319910424103315
2023-03-28,189.19000244140625,192.3500061035156,185.42999267578125,192.0,98654600,186.9699996948242,183.32220001220702,188.3248871023915,51.4424722881773,1.2171107118752502,1.0115662568253847,203.17748937998303,170.76251000966536,9.629510137454956,-0.01365932511618484,-0.013753472002494641,0.033254364394000396
2023-03-29,193.8800048828125,195.2899932861328,189.44000244140625,193.1300048828125,123660000,186.52549972534177,184.57,188.85394593862208,54.78432660214151,1.5362693909246161,1.116506883645231,201.4088463386538,171.64215311202975,9.377401616545784,0.024789906342217005,0.0244876221590413,0.03374122129883431
2023-03-30,195.27999877929688,197.3300018310547,194.4199981689453,195.5800018310547,110252200,186.7444999694824,185.9,189.4659509710673,55.76303656954878,1.8804955683503977,1.2693046205862644,202.0030442273964,171.4859557115684,8.954015568809814,0.007220929756684091,0.0071949836717746535,0.03100418253236667
2023-03-31,207.4600067138672,207.7899932861328,197.1999969482422,197.52999877929688,170222100,187.2280006408691,187.50580017089842,191.17967056561966,63.22172514740245,3.1003828580559514,1.6355202680802017,204.3544112597785,170.10159002195974,9.208014064383109,0.06237201971890638,0.060504162532241994,0.03303402413163454
2023-04-03,194.7700042724609,202.69000244140625,192.1999969482422,199.91000366210932,169545900,187.2760009765625,188.73280029296876,191.52160710912835,53.16411937027781,3.008495122664044,1.9101152389969702,204.48113252588195,170.07086942724305,9.640299471614671,-0.0611684277968263,-0.06311918518816914,0.03570650689271888
2023-04-04,192.5800018310547,198.7400054931641,190.32000732421875,197.32000732421875,126463800,187.51950073242188,189.70940032958984,191.62240660645466,51.63739660489271,2.727517413026419,2.07359567380286,204.8794602923362,170.15954117250755,9.553135092852576,-0.011244043709844886,-0.011307735857578445,0.035022708112492404
2023-04-05,185.5200042724609,190.67999267578125,183.759994506836,190.5200042724609,133882500,187.69550094604492,190.54200042724608,191.0412254317886,46.95598186192393,1.9131046738723398,2.041497473816756,204.8987248059125,170.49227708617732,9.500768823664442,-0.036660076287606036,-0.03734894534323159,0.03535168443052263
2023-04-06,185.0599975585937,186.38999938964844,179.74000549316406,183.0800018310547,123857900,188.30250091552733,191.35460052490234,190.4715846819605,46.659161280927776,1.2165345600514286,1.8765048910636908,204.1834075168127,172.42159431424196,9.297142043151581,-0.00247955316555315,-0.002482632348555329,0.03324801305563053
2023-04-10,184.509994506836,185.1000061035156,176.11000061035156,179.94000244140625,142154600,188.85600051879882,191.83940032958984,189.90381418909152,46.28245308724819,0.6130502153500856,1.6238139559209699,203.33617993857143,174.3758210990262,9.27520371815247,-0.0029720256079845964,-0.0029764508462144105,0.03328348874234531
2023-04-11,186.7899932861328,189.19000244140625,185.6499938964844,186.69000244140625,115770900,189.47150039672852,192.01720031738282,189.60725981738116,48.15124385261691,0.31512876283167657,1.3620769173031113,202.42063202998108,176.52236876347595,8.946975447896598,0.012357047570191959,0.012281322445656238,0.03333775453189063
2023-04-12,180.5399932861328,191.5800018310547,180.3099975585937,190.7400054931641,150256300,189.33550033569333,192.29480010986327,188.74371062392893,43.66663734179869,-0.42045219014238455,1.0055710958140123,202.59611226569814,176.0748884056885,9.112906078222625,-0.03346003653646468,-0.03403263254550459,0.03245456875749635
2023-04-13,185.8999938964844,186.5,180.94000244140625,182.9600067138672,112933000,189.60800018310545,192.5483999633789,188.47288045941042,48.12849003672101,-0.5643921793658819,0.6915784407780335,202.34051411005308,176.8754862561578,8.887698980768665,0.029688716127604264,0.029256539212836878,0.03291168981190464
2023-04-14,185.0,186.27999877929688,182.009994506836,183.9499969482422,96438700,189.65149993896483,192.62019989013672,188.14212993946657,47.44891834852528,-0.7425282403931419,0.40475710454379843,202.3146112715075,176.98838860642218,8.557863644460966,-0.00484127986031857,-0.004853036816821199,0.0326520421238374
2023-04-17,187.0399932861328,189.69000244140625,182.69000244140625,186.32000732421875,116662200,189.99699935913083,192.59559967041017,188.03716454391096,49.19986051993741,-0.7108971629264715,0.18162625104974445,201.9598221448165,178.03417657344514,8.44658766985661,0.011026990735853115,0.010966636750077955,0.032285535161236764
2023-04-18,184.3099975585937,187.69000244140625,183.5800018310547,187.1499938964844,92067000,190.04999923706052,192.48219970703124,187.68219625959503,46.945605720769,-0.8957910245106859,-0.033857204062341634,201.90166118291938,178.19833729120165,8.136831451320536,-0.014595786064656169,-0.014703352511067034,0.032296648430213924
2023-04-19,180.58999633789065,183.5,177.64999389648438,179.10000610351562,125732700,189.20049896240232,192.19879974365233,187.00674864800413,43.98800721986257,-1.3271946769816338,-0.2925246986462001,201.20605730717284,177.1949406176318,8.031343752091162,-0.020183393575925912,-0.02038986113166723,0.026930536700530368
2023-04-20,162.99000549316406,169.6999969482422,160.55999755859375,166.1699981689453,210970800,187.7924995422363,191.52239990234375,184.7194397761146,33.29914654848112,-3.0540521395854228,-0.8448301868340448,204.31041312663095,171.27458595784165,8.888390539748716,-0.09745828230593878,-0.102540365251667,0.033615891290892735
2023-04-21,165.0800018310547,166.0,161.32000732421875,164.8000030517578,123539000,186.43549957275388,190.79820007324219,182.84901711468032,35.30942360385836,-4.205475775473616,-1.5169593045619592,205.53331698067635,167.33768216483142,8.587790692322468,0.012822849668400638,0.012741333042302827,0.03380108531954514
2023-04-24,162.5500030517578,165.64999389648438,158.61000061035156,164.64999389648438,140006600,185.0424995422363,189.90279998779297,180.9157776801163,33.97455720835296,-5.261485925296029,-2.265864628708773,206.67370121172056,163.41129787275204,8.477233734737492,-0.015325895028073244,-0.015444550452118741,0.03384888244605706
2023-04-25,160.6699981689453,163.47000122070312,158.75,159.82000732421875,121999300,183.4854995727539,189.1783999633789,178.9876082028619,32.97690222213821,-6.178856250705536,-3.048462953108126,207.31522573156565,159.65577341394214,8.208859983735037,-0.011565701922588656,-0.011633104865311444,0.03368117206479534
2023-04-26,153.75,160.6699981689453,153.13999938964844,160.2899932861328,153364100,181.7134994506836,188.36059997558593,176.584026469256,29.53857079861055,-7.379202014851558,-3.9146107654568127,208.65097571417277,154.77602318719443,8.16036989770374,-0.04306963495243776,-0.04402465397224694,0.034559572685874854
2023-04-27,160.19000244140625,160.47999572753906,152.3699951171875,152.63999938964844,127015200,180.02899932861328,187.37940002441405,175.02269084755602,36.204944217746636,-7.721817994114787,-4.6760522111884075,207.90954592685432,152.14845273037224,8.1567720914643,0.041886194740853755,0.041032719267455574,0.03565268111686385
2023-04-28,164.30999755859375,165.0,157.32000732421875,160.89999389648438,122515800,178.48049926757812,186.38079986572265,174.00243434384532,40.1088235559811,-7.57359081189162,-5.25555993132905,206.24076359162248,150.72023494353377,8.12271641891551,0.025719427270091355,0.025394246651119615,0.036326025044230624
2023-05-01,161.8300018310547,163.27999877929688,158.8300018310547,163.1699981689453,109015000,176.1989990234375,185.5766000366211,172.84315505691288,38.578464909612734,-7.5689840939775195,-5.718244763858744,201.44373598969605,150.95426205717894,7.933950655245765,-0.015093395194377579,-0.015208459761728233,0.032344079457968807
2023-05-02,160.30999755859375,165.49000549316406,158.92999267578125,161.8800048828125,128259700,174.47599868774415,184.6166000366211,171.6495210094539,37.63075634679826,-7.60037251513603,-6.094670314114201,199.11209923524336,149.83989814024494,7.835812238255554,-0.00939259874721976,-0.009436987371174365,0.03018744782061666
2023-05-03,160.61000061035156,165.0,159.91000366210938,160.00999450683594,119728000,172.87749862670898,183.88140014648437,170.59813811430132,37.95472584061228,-7.514418783822094,-6.37862000805578,196.74418744145288,149.0108098119651,7.63968253108663,0.0018713932775662467,0.001869644402715088,0.030283969473780196
2023-05-04,161.1999969482422,162.9499969482422,159.64999389648438,162.7100067138672,95108500,171.66149826049804,183.08820007324218,169.70307705086714,38.629873836424885,-7.314376479811983,-6.56577130240702,195.3048995958995,148.01809692509656,7.329705425420286,0.003673471985857102,0.0036667412660127767,0.029652441809792447
2023-05-05,170.05999755859375,170.7899932861328,163.50999450683594,163.97000122070312,107607300,170.91149826049804,182.44799987792967,169.73706948017445,47.813560568704055,-6.3675127857610505,-6.526119599077827,193.7450137786632,148.07798274233286,7.491154776311025,0.05496278398315546,0.05350549046047228,0.032695243956891815
2023-05-08,171.7899932861328,173.8000030517578,169.19000244140625,173.72000122070312,112249400,170.2754981994629,181.9461996459961,169.93258603312287,49.40561647955524,-5.415098405766344,-6.303915360415531,192.25098402520567,148.30001237372014,7.285358050171063,0.010172855182730478,0.01012145995502574,0.032842383162759774
2023-05-09,169.14999389648438,169.82000732421875,166.55999755859375,168.9499969482422,88965000,169.39349822998048,181.17659942626952,169.85805344868112,47.04690310903333,-4.817792521973018,-6.00669079272703,190.02158403275013,148.76541242721083,7.138546455697349,-0.015367597024416146,-0.015486902413259212,0.03274324071225515
2023-05-10,168.5399932861328,174.42999267578125,166.67999267578125,172.5500030517578,119840700,168.79349822998046,180.43319915771485,169.7325239093908,46.494556009946386,-4.343575225559334,-5.674067679293491,188.77786080717803,148.80913565278289,7.1822217088618245,-0.0036062703657255835,-0.003612788634512576,0.03202255567739282
2023-05-11,172.0800018310547,173.57000732421875,166.7899932861328,168.6999969482422,103889900,168.10249862670898,179.81939910888673,169.95609323526358,50.15207700641155,-3.6401441809045707,-5.267282979615707,186.57135371294427,149.63364354047368,7.153492589520689,0.021003967520705658,0.020786425091438347,0.031613167658754826
2023-05-12,167.97999572753906,177.3800048828125,167.22999572753906,176.07000732421875,157849600,167.25149841308593,179.3609991455078,169.76789347262317,46.21196834417412,-3.374605881459445,-4.888747559984455,184.01752637447257,150.48547045169929,7.3675294870744565,-0.023826162598143963,-0.024114596337054404,0.031943041234006785
2023-05-15,166.35000610351562,169.75999450683594,164.5500030517578,167.66000366210938,105592500,166.21699905395508,178.73219940185547,169.44238038985102,44.70816468421563,-3.25813366949194,-4.562624781885952,180.311841008179,152.12215709973117,7.213419627646147,-0.009703474612936969,-0.009750860107846383,0.03175471644488527
2023-05-16,166.52000427246094,169.52000427246094,164.35000610351562,165.64999389648438,98288800,165.32749938964844,178.18639953613283,169.16405885486148,44.909517327335074,-3.1161896760460763,-4.273337760717977,176.73130465622765,153.92369412306923,7.067460952024659,0.001021930644472091,0.0010214088288270423,0.031707476389826725
2023-05-17,173.86000061035156,174.5,167.19000244140625,168.41000366210938,125473600,164.9909996032715,177.9093994140625,169.6112914030034,52.887117849686845,-2.383941088118064,-3.8954584261979948,174.86853972874664,155.11345947779634,7.132642007418545,0.04407876621166107,0.04313493317739194,0.03326032089169599
2023-05-18,176.88999938964844,177.05999755859375,172.4499969482422,174.22000122070312,109520300,165.6859992980957,177.80719940185546,170.3045016874458,55.73663594427724,-1.5413653278531285,-3.424639806529022,176.78330276896884,154.58869582722258,6.952453336199475,0.01742780840135616,0.01727768584344739,0.024577308741799007
2023-05-19,180.13999938964844,181.9499969482422,176.30999755859375,177.1699981689453,136196700,166.4389991760254,177.95159942626952,171.24121575432224,58.62713562818239,-0.6044029478409811,-2.8605924347914136,179.1901672089279,153.68783114312288,6.858706625731544,0.018373000232992265,0.018206255962432197,0.024708585532304244
2023-05-22,188.8699951171875,189.32000732421875,180.11000061035156,180.6999969482422,132001400,167.75499877929687,178.26019927978516,172.92014712221416,65.20087123823137,0.8329820853949172,-2.1218775307541473,183.66945522592573,151.840542332668,7.026656632026947,0.04846228354123516,0.0473245988875953,0.026072032345921314
2023-05-23,185.7700042724609,192.9600067138672,185.259994506836,186.1999969482422,156952100,169.00999908447267,178.4859994506836,174.1439430412853,61.46610519125345,1.7023530601697132,-1.3570314125693752,186.38349783347812,151.63650033546722,7.074753458812965,-0.01641335799687582,-0.016549549453013596,0.026283721893799045
2023-05-24,182.8999938964844,184.22000122070312,178.22000122070312,182.22999572753903,137605100,170.46749877929688,178.47879943847656,174.97785264654235,58.145379867413304,2.1351374342296765,-0.6585976432095648,187.3599264942219,153.57507106437185,7.1086998583090235,-0.015449266889003166,-0.015569850375931848,0.024117102739636218
2023-05-25,184.47000122070312,186.77999877929688,180.5800018310547,186.5399932861328,96870700,171.6814987182617,178.55919952392577,175.88186679646242,59.43641046040316,2.5751242097501574,-0.01185327261762037,188.93106565270932,154.4319317838141,7.043792507589964,0.00858396597381672,0.008547333224801211,0.022842270856127403
2023-05-26,193.1699981689453,198.6000061035156,184.52999877929688,184.6199951171875,162061500,173.1244987487793,178.73999938964843,177.52835549860367,65.7423867848965,3.5845138991516308,0.7074201617362299,192.37811864044397,153.87087885711463,7.549950534391571,0.047162123329924865,0.04608376548838008,0.0242131656286194
2023-05-30,201.16000366210932,204.47999572753903,197.52999877929688,200.1000061035156,128818700,175.09099884033202,179.16059936523436,179.77898865703278,70.30771711495882,4.971876471223965,1.560311423633777,197.15722107062265,153.02477661004139,7.818525321834582,0.04136255924264187,0.04053000876950061,0.02461794758612425
2023-05-31,203.92999267578125,203.9499969482422,195.1199951171875,199.77999877929688,150711700,177.2719985961914,179.57419921875,182.07908427786597,71.7150170838471,6.223149672984107,2.4928790735038433,201.57288411681407,152.97111307556872,7.890773643921733,0.013770078361724059,0.013676132280176504,0.024137354680327797
2023-06-01,207.5200042724609,209.8000030517578,199.3699951171875,202.58999633789065,148029900,179.61749877929688,179.77299926757811,184.50202903925594,73.4700376513947,7.418955531956016,3.478094365194278,205.9991493484505,153.23584821014327,8.072147521825203,0.017604137329555236,0.017450979367424006,0.024033060937634552
2023-06-02,213.97000122070312,217.25,209.75,210.1499938964844,164398400,182.25599899291993,180.2293994140625,187.30850258034613,76.31366392212853,8.785823633495141,4.539640218854451,211.17524454500438,153.33675344083548,8.190565250804767,0.031081326211683136,0.03060808282755737,0.024243866282471556
2023-06-05,217.6100006103516,221.2899932861328,214.5200042724609,217.8000030517578,151143100,184.6334991455078,180.73719940185546,190.19435953558474,77.76227788871437,10.046978665687249,5.641107908221011,216.78851945766738,152.47847883334825,8.128381451849403,0.017011727666879528,0.016868648629117584,0.022322110646706774
2023-06-06,221.3099975585937,221.91000366210932,212.52999877929688,216.13999938964844,146911600,187.10949935913087,181.35519927978515,193.15775363301418,79.15763845258746,11.215724060960355,6.75603113876888,222.40064558110856,151.81835313715317,8.217783125489621,0.017002881015874216,0.01685994991971048,0.022334661747343974
2023-06-07,224.57000732421875,230.8300018310547,223.1999969482422,228.0,185710800,189.88050003051757,182.01039947509764,196.1493968417003,80.32883159472657,12.263651015073634,7.857555114029832,227.70774400738736,152.05325605364777,8.310798921701862,0.01473051286244731,0.01462307267215519,0.021314866732583433
2023-06-08,234.8600006103516,235.22999572753903,223.009994506836,224.22000122070312,164489700,193.1965003967285,182.92379943847655,199.83612101014327,83.48366330171905,13.765773865024016,9.03919886422867,234.43319039521924,151.95981039823778,8.590027657344804,0.04582087077762287,0.044802099330861545,0.02196258066826761
2023-06-09,244.3999938964844,252.4199981689453,242.0200042724609,249.07000732421875,200242400,196.8125,183.93419921875,204.080299380271,85.76333346110582,15.546800931371507,10.340719277657238,242.45613084253137,151.16886915746863,9.230739793148299,0.0406199151040636,0.03981660778824774,0.02258216308819194
2023-06-12,249.8300018310547,250.97000122070312,244.58999633789065,247.94000244140625,150337900,200.90500030517578,185.02519927978517,208.43741389939325,86.87386814703764,17.198184013103855,11.712212224746562,250.01971542248776,151.7902851878638,9.040687473939043,0.02221770896144193,0.02197449156261295,0.02033582931568955
2023-06-13,258.7099914550781,259.67999267578125,251.33999633789065,253.509994506836,162384300,205.52299957275392,186.05019897460937,213.2252784285061,88.45931625592954,19.004387206541537,13.170647221105558,258.02467047593586,153.021328669572,9.098494857566722,0.035544128242966044,0.03492701634188564,0.01932106382192041
2023-06-14,256.7900085449219,261.57000732421875,250.5,260.1700134277344,170575500,210.03649978637696,187.29059906005858,217.37430034435522,86.03949812523632,20.049768425586592,14.546471462001765,263.8542777433315,156.21872182942244,9.239317176613296,-0.007421371317580694,-0.007449046704933148,0.01989868314600733
2023-06-15,255.8999938964844,258.95001220703125,247.2899932861328,248.3999938964844,160171200,214.13849945068358,188.5569989013672,221.04341401598657,84.88037146548083,20.569313586209972,15.751039886843408,268.8010260947307,159.47597280663646,9.412224444062234,-0.0034659239799891273,-0.003471944208969137,0.01997192011546687
2023-06-16,260.5400085449219,263.6000061035156,257.2099914550781,258.9200134277344,167915600,218.32099990844728,190.0573989868164,224.80499444731373,85.94357130061968,21.1121001246226,16.82325193439925,273.7389431820797,162.90305663481485,9.289923569988591,0.01813214052015355,0.01796971375181672,0.01996832099654792
2023-06-20,274.45001220703125,274.75,261.1199951171875,261.5,165611200,223.0365005493164,191.84519927978516,229.53309137681063,88.54426552974911,22.406396421215334,17.939880831762466,280.66236362921325,165.41063746941958,9.641356990352127,0.05338912722001776,0.05201270640767318,0.021331072860812494
2023-06-21,259.4599914550781,276.989990234375,257.7799987792969,275.1300048828125,211797100,226.56600036621094,193.34419921875,232.38327233664563,72.8926932840796,21.96931754606848,18.74576817462367,284.0357727612437,169.09622797117817,10.3248308806897,-0.054618400747766804,-0.05616662426467672,0.026336307560192628
2023-06-22,264.6099853515625,265.0,248.25,250.7700042724609,166875900,230.50799942016602,194.9005990600586,235.45248309997106,74.55671818997968,21.78733996274056,19.354082532247048,287.0519965571586,173.96400228317344,10.783771532069007,0.019848894111198723,0.019654473293680905,0.025186350859050965
2023-06-23,256.6000061035156,262.45001220703125,252.8000030517578,259.2900085449219,177460800,234.19300003051757,196.42179931640624,237.46653290983244,67.60544309514232,20.75750345501561,19.634766716800762,287.3508857935845,181.03511426745064,10.857072301192984,-0.030270888067223778,-0.03073851253541729,0.026414980564368567
2023-06-26,241.0500030517578,258.3699951171875,240.6999969482422,250.07000732421875,179990600,237.02200012207032,197.52479949951172,237.807815780492,56.57727260203371,18.473642660446842,19.40254190552998,285.07068614662,188.97331409752064,11.343709863175294,-0.060600166336257755,-0.06251408245574486,0.031643560941198655
2023-06-27,250.2100067138672,250.38999938964844,240.8500061035156,243.2400054931641,164968200,239.8740005493164,198.82899963378907,238.98897682176585,60.649414123626045,17.204479735634465,18.962929471550876,283.76392754232234,195.98407355631045,11.214872964815118,0.03800042956291749,0.03729619858071868,0.031200618412750025
2023-06-28,256.239990234375,259.8800048828125,248.88999938964844,249.6999969482422,159770800,242.62799987792968,200.21299957275392,240.6319304801096,63.10247412983991,16.49508319805122,18.469360216850944,283.2457552925404,202.01024446331894,11.198811002554327,0.0240996896954786,0.023813875097039847,0.03062232521390887
2023-06-29,257.5,260.739990234375,253.6100006103516,258.0299987792969,131283400,245.30650024414064,201.67679962158203,242.2384132915277,63.61291646428166,15.851823633407065,17.94585290016217,282.2636744234071,208.34932606487416,10.908180904087832,0.004917303362650394,0.004905252914132209,0.03066884688228844
2023-06-30,261.7699890136719,264.45001220703125,259.8900146484375,260.6000061035156,112620800,248.01899948120118,203.30039947509766,244.09856336030336,65.36172868629566,15.507823683469866,17.45824705682371,281.2612549973627,214.77674396503966,10.625454568583791,0.016582481606492783,0.016446493545468958,0.03066019028831395
2023-07-03,279.82000732421875,284.25,275.1099853515625,276.489990234375,119685900,251.31149978637694,205.63699951171876,247.50060564258104,71.57983448831389,16.501468218309498,17.266891289120867,283.4374905449683,219.1855090277856,11.472208598422672,0.06895373445427366,0.06668035183063045,0.03297437712246441
2023-07-05,282.4800109863281,283.8500061035156,277.6000061035156,278.82000732421875,131530900,254.55500030517578,207.9849996948242,250.83197758008077,72.36709366866287,17.30410775320047,17.274334581936788,285.49260054341784,223.61740006693373,11.09919369853534,0.009506123909958086,0.009461225032650612,0.03298130289578649
2023-07-06,276.5400085449219,279.9700012207031,272.8800048828125,278.0899963378906,120332100,257.3165008544922,210.2647998046875,253.2803614814942,67.84735695020018,17.261912233892247,17.271850112327883,285.6405832456672,228.99241846331716,10.992108870319646,-0.021028045208104085,-0.02125228365266279,0.033862358240428825
2023-07-07,274.42999267578125,280.7799987792969,273.7699890136719,278.42999267578125,113879200,259.8095001220703,212.53999969482422,255.29461207142631,66.2641616384731,16.863815763575275,17.190243242577363,284.7394262083488,234.8795740357918,10.707673219984313,-0.007630056425625198,-0.007659314226953743,0.03412680445294661
2023-07-10,269.6099853515625,277.5199890136719,265.1000061035156,276.4700012207031,119425400,261.54699935913084,214.85719940185547,256.65798095524883,62.666787148830466,15.975234574203228,16.947241508902536,284.00006144967466,239.093937268587,10.829981054996594,-0.01756370459810941,-0.01771977662648564,0.03362621911467157
2023-07-11,269.7900085449219,270.8999938964844,266.3699951171875,268.6499938964844,91972400,262.8165000915527,217.04919952392578,257.9086502495034,62.74813020129385,15.111359599958007,16.58006512711363,284.0880526823614,241.544947500744,10.379982321018044,0.000667717084456676,0.0006674942605875906,0.032727365240200056
2023-07-12,271.989990234375,276.5199890136719,271.4599914550781,276.3299865722656,95672100,263.92449951171875,219.2027993774414,259.24973024806263,63.78654379169426,14.43782236630392,16.15161657495169,284.6770669584058,243.17193206503168,10.119267902998898,0.008154422401772665,0.008121354742896705,0.032498715969104516
2023-07-13,277.8999938964844,279.45001220703125,270.6000061035156,274.5899963378906,112681500,264.8839996337891,221.52419921875,261.0259458336266,66.48902520288837,14.2170419498338,15.764701649928112,286.34585331648515,243.422145951093,10.02860634589295,0.02172875427149612,0.021496049775542363,0.031952179588337314
2023-07-14,281.3800048828125,285.29998779296875,276.3099975585937,277.010009765625,120062400,266.1134994506836,223.9455993652344,262.9644276478348,68.00320273448266,14.159655981994945,15.443692516341478,288.38198803397796,243.84501086738922,9.954419480784528,0.012522529912772917,0.012444771516691934,0.03188584481624229
2023-07-17,290.3800048828125,292.2300109863281,283.57000732421875,286.6300048828125,131569600,267.8375,226.5409994506836,265.57543500354694,71.57975175026915,14.671280582896202,15.289210129652423,291.93949971464025,243.73550028535973,10.01838995383675,0.03198521516746822,0.03148434056863512,0.03236829532338946
2023-07-18,293.3399963378906,295.260009765625,286.010009765625,290.1499938964844,112120300,269.4774993896484,229.18379943847657,268.2196789401511,72.66207227425292,15.141056661695188,15.259579436060978,295.73721732106895,243.21778145822785,9.963504957134123,0.010193509901870401,0.010141906463636843,0.03227104680820239
2023-07-19,291.260009765625,299.2900085449219,289.5199890136719,296.0400085449219,142355400,270.3179992675781,231.60779968261718,270.4139961616248,70.62666426558468,15.17064233405847,15.241792015660478,298.1872906215159,242.44870791364033,9.949684569570973,-0.007090702250741598,-0.00711596075110357,0.030420899612224005
2023-07-20,262.8999938964844,280.92999267578125,261.20001220703125,279.5599975585937,175158300,270.48999938964846,233.42999969482423,269.6983768982781,50.0431689677102,12.758599730718629,14.745153558672108,298.13064262399735,242.8493561552996,11.386135497358314,-0.09737009860008494,-0.1024426640636013,0.0357489920386886
2023-07-21,260.0199890136719,268.0,255.8000030517578,268.0,161796100,270.26049957275393,235.24739959716797,268.7766256711728,48.497414695505135,10.493681635105872,13.894859173958862,298.16755581632304,242.3534433291848,11.444268458135735,-0.010954754468143868,-0.011015199637560409,0.035570006850796226
2023-07-24,269.0599975585937,269.8500061035156,254.1199951171875,255.8500061035156,136508500,270.8834991455078,237.2577996826172,268.8036134699748,53.366566807405825,9.320727322923233,12.980032803751737,298.0904412552655,243.67655703575014,11.750392924435191,0.03476659075024613,0.03417588510139714,0.03565475874443281
2023-07-25,265.2799987792969,272.8999938964844,265.0,272.3800048828125,112757300,272.0949989318848,239.12179962158203,268.46803111848163,51.18737877823459,7.993988545253046,11.982823952052,295.8145924669732,248.37540539679637,11.475364422438703,-0.014048906614122947,-0.014148526638195588,0.032680307893413744
2023-07-26,264.3500061035156,268.0400085449219,261.75,263.25,95856200,272.8019989013672,241.04919982910155,268.07583825991344,50.63949635279356,6.7892338074690315,10.944105923135407,294.63834767006426,250.96565013267016,11.104981859758931,-0.0035057022016762307,-0.003511861575139069,0.03180182079890214
2023-07-27,255.7100067138672,269.1300048828125,255.3000030517578,268.3099975585937,103697300,272.7754997253418,242.8363998413086,266.89814001743287,45.741140472389965,5.078736739005649,9.771032086309456,294.69331284374533,250.85768660693822,11.299626143422914,-0.032683938680391544,-0.03322998965193553,0.03237155421954562
2023-07-28,266.44000244140625,267.25,258.2300109863281,259.8599853515625,111446000,273.2224998474121,244.8347998046875,266.8545078673351,51.956498235345684,4.5366804415346,8.724161757354484,294.22132891600324,252.22367077882097,11.31679522504505,0.04196157931177735,0.041105070589749985,0.03367679057771843
2023-07-31,267.42999267578125,269.0799865722656,263.7799987792969,267.4800109863281,84582200,273.50550003051757,246.7061996459961,266.90931594433,52.4971666882767,4.139265977123841,7.807182601308355,294.0264428164777,252.98455724455744,10.88702326561103,0.00371562162326855,0.0037087357528333273,0.03351122143791814
2023-08-01,261.07000732421875,266.4700012207031,260.25,266.260009765625,83166000,272.56800003051757,248.3897998046875,266.3531913138432,48.70506162859196,3.2733809871944004,6.900422278485564,293.55721543085804,251.5787846301771,10.622235366337474,-0.023781870118334214,-0.02406922380883306,0.029927413964461334
2023-08-02,254.1100006103516,259.5199890136719,250.4900054931641,255.57000732421875,101752900,271.1494995117188,249.86919982910158,265.18717315160586,44.884079182888414,2.002463368483177,5.920830496485087,293.08095054706763,249.21804847636992,10.619218685245844,-0.02665954157355055,-0.027021352113565888,0.030221704388367802
2023-08-03,259.32000732421875,260.489990234375,252.0,252.0399932861328,97569100,270.2884994506836,251.27820007324217,264.6283954537595,48.162454580462764,1.3995231672545856,5.016569030638987,292.65363123323544,247.92336766813182,10.467130938755071,0.020502958173047592,0.020295602012260324,0.030475966881902485
2023-08-04,253.8600006103516,264.7699890136719,253.1100006103516,260.9700012207031,99539900,269.25999984741213,252.64,263.6028340401016,45.13266694555719,0.47562904761025493,4.108381034033241,292.6376942486537,245.88230544617056,10.552335043366872,-0.021055092394165698,-0.02127991218642005,0.030735745636067888
2023-08-07,251.4499969482422,253.6499938964844,242.759994506836,251.4499969482422,111097900,268.3520004272461,254.01100006103516,262.44542098373404,43.82225598506734,-0.4458909000584299,3.197526647214907,292.98193112980425,243.7220697246879,10.591454404806067,-0.00949343597382446,-0.009538785882980405,0.030593010949866096
2023-08-08,249.6999969482422,250.9199981689453,245.009994506836,247.4499969482422,96642200,267.3474998474121,255.31559997558594,261.23157107559194,42.84936114401979,-1.3023992248693617,2.2975414727980534,293.26589628778095,241.4291034070433,10.294922121706076,-0.006959634206558429,-0.00698396541730477,0.030592131997991986
2023-08-09,242.19000244140625,251.1000061035156,241.8999938964844,250.8699951171875,101596300,265.85750045776365,256.29600006103516,259.4180883485266,38.862024996713714,-2.55769848018258,1.326493482201927,293.87806920758635,237.83693170794098,10.21671427065787,-0.03007606967809695,-0.030537632908455258,0.031023288874772466
2023-08-10,245.33999633789065,251.8000030517578,243.0,245.3999938964844,109498600,264.229500579834,257.1795999145508,258.077317680847,41.32819343661847,-3.2607659223160113,0.40904160129833933,293.034708512964,235.42429264670398,10.173377580635991,0.013006292021680244,0.012922436522360333,0.030682536626111864
2023-08-11,242.6499938964844,243.7899932861328,238.0200042724609,241.7700042724609,99038600,262.2930000305176,257.95399993896484,256.60804874900293,39.84988057585061,-3.98902960111036,-0.4705726391834006,291.43140988299393,233.15459017804122,9.96956432954983,-0.01096438608281991,-0.011024937980288016,0.030394429856852093
2023-08-14,239.759994506836,240.66000366210932,233.75,235.6999969482422,98595300,259.7619995117187,258.59879974365236,255.00347215451083,38.266208961363056,-4.744688792489711,-1.3253958698446628,287.46027334778535,232.06372567565208,9.893166441473728,-0.011910156448968645,-0.011981650600334282,0.028989161711129367
2023-08-15,232.9600067138672,240.5,232.6100006103516,238.72999572753903,88197600,256.7430000305176,258.9785998535156,252.90409449349715,34.76531217368486,-5.825108110616441,-2.2253383179990185,282.21671062484,231.26928943619515,9.750083080629063,-0.028361644764614558,-0.028771606269164137,0.028919063860174732
2023-08-16,225.6000061035156,233.97000122070312,225.3800048828125,228.0200042724609,112484500,253.45999984741212,259.1383999633789,250.30370512302272,31.41520871984885,-7.192330039768109,-3.2187366623528364,277.15577990570443,229.7642197891198,9.66721974186203,-0.03159340830287449,-0.032103247149655095,0.029259600508547506
2023-08-17,219.22000122070312,226.7400054931641,218.8300018310547,226.0599975585937,120718400,251.27600021362304,259.0966000366211,247.34335237042086,28.8224022363445,-8.690497695256425,-4.313088868933555,278.8271050668136,223.72489536043247,9.541704307593985,-0.02828016272253575,-0.028687749322523545,0.021815543711204283
2023-08-18,215.4900054931641,217.5800018310547,212.3600006103516,214.1199951171875,136276600,249.04950103759765,258.915,244.30970028687258,27.398659640518986,-10.062788278872802,-5.463028750921405,280.3555739294121,217.7434281457832,9.35015404350524,-0.017014851321818014,-0.017161267109647226,0.021888735293944063
2023-08-21,231.27999877929688,232.1300048828125,220.5800018310547,221.5500030517578,135702700,247.1605010986328,258.8433999633789,243.06877633377013,40.74305387810382,-9.763668465104388,-6.323156693758001,277.9641366751058,216.3568655221598,9.870857282515468,0.073274828918382,0.07071456218373605,0.027040015561214343
2023-08-22,233.19000244140625,240.82000732421875,229.5500030517578,240.25,130442800,245.55600128173828,258.6192001342773,242.12794072497357,42.128706453020754,-9.265683493065069,-6.911662053619415,275.75431271441425,215.3576898490623,9.97079635322586,0.008258403978685713,0.00822448994977978,0.027202069033974267
2023-08-23,236.8600006103516,238.97999572753903,229.2899932861328,229.33999633789065,101077600,244.18150100708007,258.3598001098633,241.62623214262862,44.799700102966156,-8.477169105562126,-7.2247634640079585,273.31674034798647,215.0462616661737,9.950739645238743,0.01573823118710882,0.015615669490355368,0.02763486478504019
2023-08-24,230.0399932861328,238.9199981689453,228.17999267578125,238.66000366210932,99777400,242.89800033569335,257.78640014648437,240.52278082296235,41.01161111165191,-8.306827430612174,-7.441176257328802,272.15014273443285,213.64585793695383,10.007115777233409,-0.02879341090367593,-0.029216074210292504,0.027443648398033323
2023-08-25,238.58999633789065,239.0,230.3500061035156,231.3099975585937,106612200,241.50550003051757,257.4223999023437,240.3387061100984,47.05569433288852,-7.396652627811875,-7.4322715314254175,268.72310855103996,214.28789150999518,9.932322272707252,0.037167463490241914,0.036493404628287436,0.02703039685462913
2023-08-28,238.82000732421875,244.3800048828125,235.3500061035156,242.5800018310547,107673700,240.07500076293945,257.08080017089844,240.1940681304908,47.21239212479472,-6.580911918699286,-7.261999608880192,264.5625366003914,215.58746492548747,9.867870594606513,0.0009640428763089126,0.0009635784854130897,0.026989794792044258
2023-08-29,257.17999267578125,257.4800109863281,237.7700042724609,238.5800018310547,134047600,239.88050003051757,257.01359985351564,241.81177523004226,57.91872894369402,-4.402188464213481,-6.690037379946849,263.7519511555935,216.00904890544163,10.57088031741085,0.07687791972402569,0.07406603958973092,0.03223748982249624
2023-08-30,256.8999938964844,260.510009765625,250.58999633789065,254.1999969482422,121988400,240.0199996948242,256.6625994873047,243.24874843637008,57.72644093876747,-2.6673800937857663,-5.885505922714633,264.2523176840707,215.7876817055777,10.524389825291099,-0.0010887269121663268,-0.001089320005828064,0.03163721646649275
2023-08-31,258.0799865722656,261.17999267578125,255.0500030517578,255.97999572753903,108861700,239.95799865722657,256.63499938964844,244.66124730645535,58.353942659083266,-1.1836717827754057,-4.9451390947267875,263.9980574117521,215.91793990270102,10.210504096629123,0.004593198535678855,0.004582681990043304,0.03131971162119093
2023-09-01,245.009994506836,259.0799865722656,242.009994506836,257.260009765625,132541600,239.51549835205077,256.2429995727539,244.6944613255392,49.575904750582815,-1.0503535638952712,-4.166181988560484,262.8305707215004,216.20042598260116,10.700467522972016,-0.050643183297631955,-0.05197055872941719,0.033029409738668296
2023-09-05,256.489990234375,258.0,244.8600006103516,245.0,129469600,239.76749801635742,256.2407992553711,245.8178450311426,55.8570607641333,-0.01814899176218887,-3.336575389200825,263.6940273897026,215.84096864301225,10.874719799163186,0.04685521401135628,0.04579063580383233,0.03465391159196281
2023-09-06,251.9199981689453,255.38999938964844,245.0599975585937,255.13999938964844,116959800,239.87849807739258,256.45819915771483,246.3990024728381,53.025383911326315,0.4262073486127633,-2.5840188416381076,264.0080498507824,215.74894630400271,10.914382147493052,-0.017817428513501543,-0.017978069897591802,0.034878602441773335
2023-09-07,251.4900054931641,252.8099975585937,243.2700042724609,245.07000732421875,115312900,240.34349822998047,256.4837991333008,246.88385990334535,52.7543931167047,0.7351913066947873,-1.9201768119715288,264.98628984589544,215.70070661406552,10.816211514538749,-0.0017068620153484204,-0.0017083203640210316,0.03411639557730975
2023-09-08,248.5,256.5199890136719,246.6699981689453,251.22000122070312,118367700,240.50149841308593,256.3289993286133,247.03777800778863,50.809864387044385,0.7303755501055775,-1.3900663395561077,265.310368358135,215.69262846803684,10.747195752409308,-0.011889162304087542,-0.01196040362366727,0.03416425926229765
2023-09-11,273.5799865722656,274.8500061035156,260.6099853515625,264.2699890136719,174667900,242.047998046875,256.6505990600586,249.56560739488168,63.09714329522279,2.7189618428718916,-0.5682607030705079,270.75039259318567,213.34560350056432,11.861682206059758,0.10092549928477124,0.09615118904304938,0.040621299333529544
2023-09-12,267.4800109863281,278.3900146484375,266.6000061035156,270.760009765625,135999900,243.43399887084962,256.7647994995117,251.27174107025752,59.22234770435591,3.7593779874103745,0.29726703502566865,274.16596795755976,212.70202978413946,11.856562658835625,-0.022296863386701782,-0.022549196320499374,0.04093795766576802
2023-09-13,271.29998779296875,274.9800109863281,268.1000061035156,270.07000732421875,111673700,245.3509979248047,256.5943991088867,253.17919313908718,60.84398921121659,4.83640442155388,1.2050945123313108,277.95645985736564,212.74553599224376,11.545379611775937,0.014281354305895722,0.01418033641106544,0.04014270958685199
2023-09-14,276.0400085449219,276.7099914550781,270.4200134277344,271.32000732421875,107709800,247.872998046875,256.4655990600586,255.35641365392857,62.81981383612456,6.0032341445109125,2.1647224387672312,281.75539684560533,213.99059924814472,11.169993784316494,0.017471511114000693,0.017320639037477315,0.039055074987438584
2023-09-15,274.3900146484375,278.9800109863281,271.0,277.54998779296875,133692300,250.63149871826172,256.4225991821289,257.1691375581675,61.65355524083256,6.71738060642997,3.075254072299779,283.70733934258186,217.5556580939416,10.942137870174466,-0.005977372284481253,-0.0059953082833390835,0.03818795149753626
2023-09-18,265.2799987792969,271.44000244140625,263.760009765625,271.1600036621094,101543300,253.12099838256836,256.2395993041992,257.9416005316084,55.524362576596374,6.473620806618271,3.754927419163478,282.53445789145326,223.70753887368346,10.91984265679147,-0.033200974462619715,-0.03376463807907184,0.03899724183410937
2023-09-19,266.5,267.8500061035156,261.20001220703125,264.3500061035156,103704000,254.88199844360352,256.17739959716795,258.7566861952647,56.15301514959967,6.306189484695153,4.265179832269814,283.0447539824846,226.71924290472242,10.614853459626676,0.004598918977371191,0.004588376260533905,0.036159349396374905
2023-09-20,262.5899963378906,273.92999267578125,262.4599914550781,267.0400085449219,122514600,256.35199813842775,256.03339935302733,259.1217633517053,53.54099492207478,5.791236567297176,4.570391179275287,282.85240023589495,229.85159604096052,10.675935442560709,-0.014671683535119606,-0.014780377139554338,0.03650313039736598
2023-09-21,255.6999969482422,260.8599853515625,254.2100067138672,257.8500061035156,119951500,257.29399795532225,255.7075994873047,258.7958808370897,49.19810765411437,4.772156848027123,4.610744313025655,282.2503455304548,232.3376503801897,10.51193931266519,-0.026238620989897266,-0.026588996104119158,0.037149262724714506
2023-09-22,244.8800048828125,257.7900085449219,244.47999572753903,257.3999938964844,127524100,258.03599853515624,255.04719970703124,257.47055931763475,43.26332936712219,3.0562157425473515,4.299838598929994,280.4610362285059,235.61096084180656,10.711801705859306,-0.042315182614647506,-0.043236555785455495,0.037901922073007036
2023-09-25,246.9900054931641,247.1000061035156,238.3099975585937,243.3800048828125,104636600,258.45599899291994,254.35939971923827,256.4724113343518,44.66515853672511,1.8453079081106125,3.808932460766118,279.69158483780785,237.22041314803204,10.574530765792348,0.00861646752809131,0.008579557642105126,0.037108159318306466
2023-09-26,244.1199951171875,249.5500030517578,241.66000366210932,242.97999572753903,101993600,258.7209983825684,253.43419952392577,255.29599074224092,43.10508413205151,0.646615097199259,3.1764689880527466,279.0841753236032,238.3578214415336,10.382778524639216,-0.011619945391094122,-0.011687984544271047,0.03723965087801961
2023-09-27,240.5,245.3300018310547,234.5800018310547,244.259994506836,136597200,257.8869987487793,252.37739959716797,253.8868487667894,41.15261974801963,-0.5886750642556535,2.423440177591067,279.7456988535223,236.02829864403634,10.409008630022129,-0.014828753029631048,-0.014939798128788435,0.032892912466852386
2023-09-28,246.3800048828125,247.5500030517578,238.6499938964844,240.0200042724609,117058900,257.36099929809575,251.47979949951173,253.17191125402968,45.47298746819366,-1.0807262250087035,1.722606897071113,279.7882910300727,234.9337075661188,10.301222953254364,0.02444908475181906,0.0241549898062297,0.03345565644299944
2023-09-29,250.22000122070312,254.7700042724609,246.3500061035156,250.0,128522700,256.9680000305176,251.2261996459961,252.89077696514144,48.150174336232624,-1.1475959311230213,1.1485663314322863,279.60560155766956,234.33039850336564,10.166849754375146,0.015585665483353939,0.015465456415727708,0.03365196826074842
2023-10-02,251.6000061035156,254.27999877929688,242.6199951171875,244.8099975585937,123810400,257.29750061035156,251.05779998779298,252.76784640689138,49.117056841369795,-1.0768228506050264,0.7034884950248238,279.4151635274153,235.17983769328782,10.273503604927592,0.005515166158101215,0.005500013317317833,0.03157224778946636
2023-10-03,246.52999877929688,250.0200042724609,244.4499969482422,248.6100006103516,101985300,256.7995010375977,250.60720001220704,252.17376568045378,45.742194630239624,-1.4135473991328524,0.2800813161932885,279.4104807410491,234.1885213341462,10.050396858523722,-0.020151062008054055,-0.020356864105244107,0.0300569160072788
2023-10-04,261.1600036621094,261.8599853515625,247.6000061035156,248.13999938964844,129721600,257.26150131225586,250.5248001098633,253.02959786918288,55.28901074352679,-0.49418820975927247,0.12522741100277635,279.8323567039639,234.69064592054784,10.427510409505286,0.05934371052307452,0.05764957536105983,0.032696976928264634
2023-10-05,260.04998779296875,263.6000061035156,256.25,260.0,119159200,257.6895004272461,250.43879974365234,253.69820643335296,54.505391313333,0.14319095143969207,0.1288201190901595,280.1306206915362,235.24838016295604,10.207688673363167,-0.00425032873937603,-0.0042593870629195184,0.032718298724208464
2023-10-06,260.5299987792969,261.6499938964844,250.6499938964844,253.97999572753903,118121800,258.29100036621094,250.53519958496094,254.34885332344285,54.80370684595407,0.6792217581096338,0.23890044689405437,280.35637986820825,236.22562086421362,10.26428233955151,0.001845841218459432,0.0018441397469999051,0.03255144841196784
2023-10-09,259.6700134277344,261.3599853515625,252.0500030517578,255.3099975585937,101377900,257.5955017089844,250.3997998046875,254.8556304762325,54.119022441406074,1.0228456753690125,0.395689492589046,278.5377034700536,236.65329994791517,10.196118050998166,-0.003300907210654902,-0.0033063672235030548,0.02295197636044886
2023-10-10,263.6199951171875,268.94000244140625,257.6499938964844,257.75,122656000,257.40250091552736,250.32359985351562,255.69033187060916,56.78932379485394,1.5955085866212642,0.6356533113954896,278.0457811008697,236.75922073018504,10.274253086278431,0.015211543440507347,0.015097007960672728,0.022768627538876124
2023-10-11,262.989990234375,268.6000061035156,260.8999938964844,266.20001220703125,103706300,256.9870010375977,250.36199951171875,256.38553742906305,56.22723124623617,1.9757368758780274,0.9036700242919973,276.813005054853,237.16099702034236,10.090378737760775,-0.002389822071472425,-0.0023926822540326844,0.02250332342637234
2023-10-12,258.8699951171875,265.4100036621094,256.6300048828125,262.9200134277344,111508100,256.1285003662109,250.45719940185546,256.62215244697967,52.563190313853084,1.922460433601259,1.1074281061538498,273.96744809322274,238.2895526391991,9.996780169299068,-0.015665976919941982,-0.015789985181823882,0.02226595498606392
2023-10-13,251.1199951171875,259.6000061035156,250.22000122070312,258.8999938964844,102073800,254.96499938964843,250.29319915771484,256.0981374631899,46.43354750537888,1.2405776320043742,1.1340580113239547,270.81219352953065,239.1178052497662,9.952724791692885,-0.02993780718577166,-0.030395093236742683,0.02306636821718421
2023-10-16,253.9199981689453,255.3999938964844,248.47999572753903,250.0500030517578,88917200,254.39699935913086,250.29439910888672,255.89069562564282,48.758513762554024,0.9155633997594634,1.0903590890110564,269.5225284076306,239.27147031063114,9.736101461496634,0.01115006015531006,0.011088356477393282,0.022245834923879302
2023-10-17,254.8500061035156,257.17999267578125,247.0800018310547,250.1000061035156,93562900,253.81449966430665,250.36239929199218,255.79158233782118,49.54188500284553,0.7246775157184402,1.0172227743525333,267.89174810065396,239.73725122795935,9.762093560298771,0.0036626021631880334,0.003655911168542643,0.022232302677998635
2023-10-18,242.67999267578125,254.6300048828125,242.0800018310547,252.6999969482422,125147800,252.81899948120116,250.22199920654296,254.542859512865,40.76030907012303,-0.40396266704715345,0.732985686072596,267.0877913670714,238.55020759533093,9.976944325453209,-0.04775363208267336,-0.048931487841958825,0.024354148179231216
2023-10-19,220.1100006103516,230.6100006103516,216.77999877929688,225.9499969482422,170772700,251.03949966430665,249.78039916992188,251.26353961738752,30.103232262235778,-3.0840765628431086,-0.03042676371054498,271.1205264217857,230.95847290682755,11.114305009098292,-0.09300310180733773,-0.09761624872658325,0.03122055862072675
2023-10-20,211.9900054931641,218.8600006103516,210.4199981689453,217.009994506836,138010100,249.39499969482426,249.11339935302735,247.52320303412813,27.33426933104552,-5.796483623737004,-1.1836381357158368,275.6593260491751,223.13067334047346,11.012569111406005,-0.036890623300491754,-0.037588294506417,0.030919649279086404
2023-10-23,212.0800018310547,216.97999572753903,202.509994506836,210.0,150683400,247.64949951171874,248.50199951171874,244.14766006240686,27.413960622549652,-7.848352882397791,-2.516581085052228,278.5518096030951,216.7471894203424,11.259528547784365,0.0004245310418349302,0.00042444095402800134,0.03075962967249684
2023-10-24,216.5200042724609,222.0500030517578,214.1100006103516,216.5,118231100,246.2694999694824,248.03719970703125,241.51645474907866,31.410481005735278,-9.012314609585161,-3.8157277899588147,280.0134296243593,212.52557031460552,11.167419452992847,0.020935507370200668,0.020719371046622158,0.03136497709670325
2023-10-25,212.4199981689453,220.1000061035156,212.1999969482422,215.8800048828125,107065100,244.8654998779297,247.62639953613282,238.7453636462088,29.779915071200875,-10.148612009689487,-5.082304633904949,281.6522944104015,208.07870534545788,10.934033003155745,-0.018935922882932776,-0.019117503387764197,0.03144260358779367
2023-10-26,205.759994506836,214.8000030517578,204.8800048828125,211.32000732421875,115112600,242.83449935913086,247.2295993041992,235.6038999186495,27.30071043901404,-11.454502150797708,-6.356744137283501,283.3580451631275,202.3109535551342,10.861601943569285,-0.03135299745559916,-0.031855023921114146,0.031099718114955037
2023-10-27,207.3000030517578,212.41000366210932,205.7700042724609,210.6000061035156,94881200,240.6884994506836,246.99119934082032,232.90829069323124,28.777236398981998,-12.224250130694458,-7.5302453359656925,283.87839942874183,197.4985994726254,10.56077388726243,0.007484489628865498,0.00745661981088352,0.03082104068594879
2023-10-30,197.3600006103516,210.8800048828125,194.6699981689453,209.27999877929688,136448200,237.97649917602538,246.62859924316408,229.52273925676653,25.217190025423534,-13.480956006216417,-8.720387470015838,284.74836299413784,191.20463535791296,10.964290517734199,-0.04794984223383947,-0.04913755884950848,0.03180751999592481
2023-10-31,200.83999633789065,202.8000030517578,194.07000732421875,196.1199951171875,118068300,235.69199905395507,246.01979919433595,226.79104945496883,28.549817836028893,-14.03431900157986,-9.783173776328644,284.9659574833914,186.41804062451877,10.804698032720259,0.017632730628176496,0.017479077618859314,0.032388188124384536
2023-11-01,205.66000366210932,205.9900054931641,197.8500061035156,204.0399932861328,121661700,232.91699905395507,245.46919921875,224.77856890326794,33.0032269178367,-13.923428239871924,-10.6112246690373,282.3920511206764,183.44194698723373,10.61436241535799,0.023999240251476373,0.023715784675123197,0.029234048524477627
2023-11-02,218.509994506836,219.1999969482422,211.4499969482422,212.97000122070312,125987600,230.83999938964843,245.1021990966797,224.18156181789348,43.17245420500623,-12.652805971833402,-11.01954092959652,279.0561544313408,182.62384434795604,10.823336048984768,0.06248172039245259,0.06060741733192334,0.03358409028846521
2023-11-03,219.9600067138672,226.3699951171875,218.3999938964844,221.1499938964844,119534800,228.81149978637694,244.90059936523437,223.77950895084336,44.20167547030147,-11.397442184383806,-11.095121180553978,275.2411670242128,182.38183254854107,10.61952641839322,0.006635907937775576,0.006613987223154421,0.033675838647704175
2023-11-06,219.2700042724609,226.32000732421875,215.0,223.97999572753903,117335800,226.79149932861327,244.51419952392578,223.35003231480692,43.7951947379476,-10.33905260624482,-10.943907465692146,271.1440736272529,182.4389250299736,10.66956076880933,-0.0031369449915678027,-0.003141875517400063,0.03367703151502971
2023-11-07,222.17999267578125,223.1199951171875,215.72000122070312,219.97999572753903,116900100,224.71949920654296,244.18139923095703,223.23859996823305,46.04855000317966,-9.159870213919532,-10.587100015337624,265.74343962192637,183.69555879115958,10.436020277928975,0.013271256198382986,0.013183964542986846,0.03360976810896783
2023-11-08,222.1100006103516,224.1499938964844,217.63999938964844,223.1499938964844,106584800,222.6754997253418,243.47999938964844,223.13111431510146,46.00077907908589,-8.13720679251469,-10.097121370773039,259.75228156479966,185.59871788588396,10.155589865708047,-0.0003150241594066516,-0.00031507378994064173,0.03363108370359207
2023-11-09,209.97999572753903,220.8000030517578,206.67999267578125,219.75,142110500,220.2309997558594,242.54159942626953,221.87862683057168,38.538962757319545,-8.210878783005768,-9.719872853219584,253.7125214683671,186.74947804335167,10.532334013483924,-0.05461260118625755,-0.05616048965858237,0.035197733113161864
2023-11-10,214.6499938964844,215.3800048828125,205.69000244140625,210.02999877929688,130994000,218.40749969482422,241.6729995727539,221.19018559875386,42.41200090343479,-7.802492268825006,-9.336396736340669,248.79031070185232,188.02468868779613,10.472167472621233,0.022240205086035747,0.021996498496030515,0.035559247978745295
2023-11-13,223.7100067138672,225.3999938964844,211.6100006103516,215.6000061035156,140447600,216.89700012207032,241.24699981689454,221.430168562098,49.11185430750644,-6.670877968649165,-8.803292982802368,242.73078759921225,191.0632126449284,10.709155030729203,0.04220830689495392,0.04134183399945281,0.037049801702766054
2023-11-14,237.41000366210932,238.13999938964844,230.72000122070312,235.02999877929688,149771600,216.025,240.8654000854492,222.95205761924194,57.21731477651276,-4.615386917441924,-7.96571176973028,237.48224979590293,194.56775020409708,10.97492914823292,0.06123998273248854,0.05943801947754124,0.039935940295564645
2023-11-15,242.83999633789065,246.6999969482422,236.4499969482422,239.2899932861328,150354000,216.03300018310546,240.68380004882812,224.84614702101803,59.94081040207375,-2.519200644867425,-6.876409544757709,237.53007885912757,194.53592150708334,10.923148494787712,0.022871793909365,0.02261415546906551,0.03885686392146443
2023-11-16,233.58999633789065,240.8800048828125,230.9600067138672,239.4900054931641,136816800,216.7069999694824,240.32579986572264,225.6788945750059,53.6726661289263,-1.5860723612849483,-5.818342108063157,239.48050486122045,193.93349507774437,10.991494289733124,-0.038090924639652135,-0.03883534904080814,0.033446117075527096
2023-11-17,234.3000030517578,237.38999938964844,226.5399932861328,232.0,142532800,217.8224998474121,240.04179992675782,226.49995252517277,54.06969411201932,-0.7802753373003384,-4.810728753910594,241.7203639623501,193.92463573247412,10.98138799071759,0.0030395424675639937,0.003034932397664385,0.032071251828510325
2023-11-20,235.6000061035156,237.1000061035156,231.0200042724609,234.0399932861328,116320100,218.99850006103514,239.2822003173828,227.36662429453875,54.83295340987869,-0.03635690882688891,-3.8558543848938527,243.94221053662125,194.05478958544904,10.631288979313096,0.005548455120893081,0.005533119144943252,0.03204900159224828
2023-11-21,241.1999969482422,243.6199951171875,233.33999633789065,235.0399932861328,122288000,220.2324996948242,238.75660003662108,228.68408835679622,58.06568707537778,0.993622404899213,-2.88595902693524,246.94299157417447,193.52200781547396,10.606196822169078,0.02376906069461704,0.023490974516940342,0.032125790426935544
2023-11-22,234.2100067138672,244.009994506836,231.3999938964844,242.0399932861328,117950600,221.3220001220703,238.01480041503908,229.2103662955649,52.9694713208979,1.231656863852436,-2.0624358487777052,248.44338349733468,194.20061674680593,10.749325664182114,-0.028980059381488954,-0.029408274734311717,0.03260936385017965
2023-11-24,235.4499969482422,238.75,232.3300018310547,233.75,65125200,222.80650024414064,237.20300018310547,229.8046168339151,53.74502711496845,1.5030317223117606,-1.3493423345598121,249.60648772265841,196.00651276562286,10.440087985950914,0.00529435207219775,0.005280386261856706,0.031444333499853
2023-11-27,236.0800018310547,238.3300018310547,232.1000061035156,236.88999938964844,112031800,224.24550018310546,236.4367999267578,230.4022725479284,54.15864656359898,1.7487755852912983,-0.72971875058959,250.6482145017401,197.8427858644708,10.139367110350069,0.0026757481035388775,0.0026721746625813217,0.03146067849821228
2023-11-28,246.72000122070312,247.0,234.009994506836,236.67999267578125,148549900,226.71350021362304,236.06559997558594,231.9563419453355,60.571294668270795,2.7701557644604122,-0.02974384757958959,251.79723695102695,201.62976347621913,10.342984137693922,0.04506946504203557,0.04408335693193017,0.0297396848880947
2023-11-29,244.13999938964844,252.75,242.759994506836,249.2100067138672,135401300,228.87850036621094,235.61839996337892,233.11669027336532,58.436636770460964,3.333001562022048,0.642805234340738,252.05810088506075,205.69889984736113,10.317771377370358,-0.010457205813430348,-0.010512266581044115,0.03010295345019805
2023-11-30,240.0800018310547,245.22000122070312,236.91000366210932,245.13999938964844,132353200,230.5995002746582,235.1682000732422,233.77986280266907,55.14323932528482,3.412120241340375,1.1966682357406655,251.64044908044326,209.55855146887313,10.174358961743462,-0.016629792613843564,-0.01676961998268328,0.030493750502342425
2023-12-01,238.8300018310547,240.19000244140625,231.8999938964844,233.13999938964844,121331700,231.61550064086913,234.83080017089844,234.26082842442008,54.13170743018855,3.3355081497369383,1.6244362185399202,252.18026421604876,211.0507370656895,10.03976250339906,-0.005206597761023168,-0.005220199323597404,0.027789138417097882
2023-12-04,235.5800018310547,239.3699951171875,233.2899932861328,235.75,104099800,232.39650039672853,234.64480010986327,234.3864639869567,51.48720103751739,2.9782136830990282,1.895191711451742,252.30737693768842,212.48562385576864,9.756922455374463,-0.01360800559009756,-0.01370144313218934,0.028086672092390255
2023-12-05,238.72000122070312,246.66000366210932,233.6999969482422,233.8699951171875,137971100,233.36900024414064,234.47940002441408,234.79918181874206,53.83384646104232,2.914826645641284,2.099118698289651,252.5052572775984,214.23274321068288,9.985714188123938,0.013328802806870987,0.013240755825754019,0.028113649198644793
2023-12-06,239.3699951171875,246.57000732421875,239.1699981689453,242.9199981689453,126436200,234.22850036621094,234.38440002441405,235.23449737097496,54.32636335473597,2.88379840409749,2.256054639451219,252.81357451810806,215.64342621431382,9.833163610651914,0.002722829646282676,0.002719129460769398,0.028041914635259534
2023-12-07,242.63999938964844,244.0800018310547,236.97999572753903,241.5500030517578,107142300,235.25500030517577,234.42720001220704,235.93978327751532,56.82201267334823,3.087479770444986,2.4223396656499725,253.30961823606654,217.200382374285,9.637938074427895,0.01366087788429815,0.013568409275163597,0.028100038211027738
2023-12-08,243.83999633789065,245.2700042724609,239.2700042724609,240.2700042724609,103126800,236.94800033569337,234.3763998413086,236.6921845213606,57.73469261020923,3.307600486155991,2.5993918297511764,251.14234753144527,222.75365313994146,9.378085354825902,0.0049455858525417895,0.004933396614923965,0.02438176005466218
2023-12-11,239.7400054931641,243.44000244140625,237.4499969482422,242.7400054931641,97913900,238.20250091552734,234.16679992675782,236.98245318534185,53.56837824223339,3.1153014867929016,2.7025737611595213,248.06674167807998,228.3382601529747,9.164650643027514,-0.01681426716823431,-0.016957231787828677,0.024724394281387632
2023-12-12,237.009994506836,238.9900054931641,233.8699951171875,238.5500030517578,95328300,238.86750030517578,233.87499969482423,236.9850761683413,50.932782643574384,2.7113592121797865,2.7043308513635744,246.20318607670382,231.53181453364775,8.92931919538102,-0.011387381846063804,-0.011452714531076665,0.023445328712319073
2023-12-13,239.2899932861328,240.3000030517578,228.1999969482422,234.19000244140625,146286300,238.96149978637695,233.73019958496093,237.20459208432143,53.01205614711528,2.5458617861199,2.6726370383148397,246.26819417574455,231.65480539700934,9.15579683167635,0.00961984233635782,0.009573866272891193,0.01916428449687702
2023-12-14,251.0500030517578,253.8800048828125,240.7899932861328,241.22000122070312,160829200,239.37200012207032,233.5279995727539,238.5232026526487,61.96492492268236,3.3253063277909973,2.803170896210071,248.2563445512673,230.48765569287335,9.543955029176589,0.04914543063053567,0.04797595720291628,0.021528300472261265
2023-12-15,253.5,254.1300048828125,248.3000030517578,251.2100067138672,135932800,240.36750030517578,233.39699981689452,239.9495643047774,63.52420141378904,4.09352837394249,3.061242391756555,250.76948357936232,229.96551703098925,9.278672657882169,0.009758999874367902,0.009711688394547188,0.019406443329050525
2023-12-18,252.0800018310547,258.739990234375,251.3600006103516,253.77999877929688,116416500,241.25650024414062,233.22799987792968,241.10484406918476,61.93926506484462,4.5354856402257155,3.3560910414503877,252.4419196053106,230.07108088297065,9.143052441177971,-0.005601570686174839,-0.0056173183184346845,0.019531181454877596
2023-12-19,257.2200012207031,258.3399963378906,253.009994506836,253.47999572753903,106737400,242.3375,233.17899963378906,242.63962094075794,65.31291759294464,5.240090450986827,3.732890923357676,255.18299928534208,229.49200071465793,8.937119731582111,0.0203903496997484,0.020185249870892544,0.019878279742572676
2023-12-20,247.13999938964844,259.8399963378906,247.0,256.4100036621094,125097000,242.6345001220703,232.84939971923828,243.06822841208083,55.01425873174815,4.928312416473489,3.9719752219808386,255.63480908142384,229.63419116271677,9.21589663203272,-0.03918825045959673,-0.0399767793773106,0.02159147000378155
2023-12-21,254.5,254.8000030517578,248.5500030517578,251.8999938964844,109594200,243.64899978637695,232.67959991455078,244.15696856331124,59.97671042134759,5.215001327962909,4.220580443177253,257.02266025749685,230.27533931525704,9.104761419895338,0.029780693649462897,0.029345860784192233,0.021229536405945534
2023-12-22,252.5399932861328,258.2200012207031,251.3699951171875,256.760009765625,93370100,244.50349960327148,232.5529998779297,244.95535187024663,58.13745592655996,5.223831121009795,4.421230578743762,257.85637712922437,231.1506220773186,8.943707468725359,-0.007701401626197146,-0.007731210565404946,0.02139813170510187
2023-12-26,256.6099853515625,257.9700012207031,252.91000366210932,254.4900054931641,86892400,245.52999877929688,232.6627996826172,246.0653169637053,60.82403468933536,5.495889942764478,4.636162451547905,259.28524768582645,231.7747498727673,8.692728930571427,0.01611622781987765,0.01598774007390915,0.021573771186650624
2023-12-27,261.44000244140625,263.3399963378906,257.5199890136719,258.3500061035156,106494400,246.26599884033203,232.8131997680664,247.52957272348635,63.793639253556314,6.0317107254627444,4.915272106330873,261.67322150584727,230.8587761748168,8.552534791696905,0.018822405072142834,0.018647455510860632,0.01968506528324148
2023-12-28,253.17999267578125,265.1300048828125,252.7100067138672,263.6600036621094,113619900,246.71799850463867,232.7797994995117,248.06770795703824,55.97881535646319,5.723857730883481,5.076989231241394,262.3775637252027,231.05843328407465,8.828782175786078,-0.03159428430420175,-0.032104151730159784,0.02097548894531546
2023-12-29,248.47999572753903,255.19000244140625,247.42999267578125,255.1000061035156,100891600,247.13799819946288,232.89579956054686,248.1069734589907,52.07011772359021,5.042504685346131,5.070092322062342,262.51085449871607,231.76514190020967,8.752441289346,-0.018563856087400077,-0.0187383270737913,0.021070278356795796
2024-01-02,248.4199981689453,251.25,244.41000366210932,250.0800018310547,104654200,247.61749801635742,233.46199951171874,248.13678533612924,52.020183197153635,4.446430503281249,4.945359958306123,262.51478550612336,232.7202105265915,8.615838078527764,-0.00024145830499577858,-0.00024148746074566403,0.02101091748912915
2024-01-03,238.4499969482422,245.67999267578125,236.32000732421875,244.97999572753903,121082600,247.7609977722168,233.99119934082032,247.21423406109238,44.400355669573415,3.1334215110856007,4.582972268862019,262.24116207092396,233.28083347350966,8.86470613325625,-0.04013364984377277,-0.04096122279932548,0.022819307856746275
2024-01-04,237.92999267578125,242.6999969482422,237.72999572753903,239.25,102629300,247.72149734497071,234.50819915771484,246.33002059582466,44.03803130133233,2.027520432660964,4.071881901621808,262.3040460074945,233.13894868244694,8.586512925216743,-0.0021807686270334248,-0.0021831499656647054,0.02263583018555764
2024-01-05,237.4900054931641,240.1199951171875,234.8999938964844,236.8600006103516,92488900,247.62749786376952,234.92759918212892,245.48811439557127,43.712989363565015,1.1028693802088014,3.4780793973392066,262.44649071401386,232.80850501352518,8.346047803465769,-0.0018492295892124089,-0.0018509415250830851,0.022630798288303514
2024-01-08,240.4499969482422,241.25,235.3000030517578,236.13999938964844,85166600,247.51799774169922,235.48819915771483,245.00829368630184,46.570124489503485,0.6019840349011645,2.902860324851598,262.5140926887602,232.5219027946383,8.174901313806942,0.012463646412957274,0.012386614576639058,0.022593895043560828
2024-01-09,234.9600067138672,238.9600067138672,232.0399932861328,238.1100006103516,96705700,247.07399826049806,236.07219940185547,244.0513139746414,42.283106721158525,-0.23525565929173808,2.275237128022931,262.9777528602703,231.17024366072584,8.191694338685688,-0.02283214932024613,-0.023096839566935645,0.023108170440196394
2024-01-10,233.94000244140625,235.5,231.2899932861328,235.1000061035156,91628500,246.78399810791015,236.60499938964844,243.0883319238571,41.518384978021004,-0.9698995706728795,1.626209788283769,263.40735183899267,230.16064437682766,7.907288079770081,-0.004341182513256769,-0.004350632806278706,0.022842726483038735
2024-01-11,227.22000122070312,230.92999267578125,225.3699951171875,230.57000732421875,105873600,246.29449844360352,237.20219940185547,241.57706233308056,36.79669559319452,-2.0704907716039713,0.8868696763062209,264.5378867019571,228.0511101852499,7.9546251686592715,-0.028725319101363445,-0.029145966144498332,0.02357587385000915
2024-01-12,218.88999938964844,225.33999633789065,217.1499938964844,220.0800018310547,123043800,245.2744987487793,237.56319946289062,239.4163896718013,31.94668012462293,-3.5736835591799547,-0.0052409707910141545,266.93202198701465,223.61697551054397,8.105723894056375,-0.036660513098772496,-0.03734939877742937,0.024638869951916272
2024-01-16,219.91000366210932,223.4900054931641,212.17999267578125,215.1000061035156,115355000,243.71749877929688,237.84819946289062,237.55863862325924,33.10931020629512,-4.62930510538439,-0.9300537977096893,267.8287316263419,219.60626593225183,8.33460167429398,0.004659894354721805,0.004649070658851077,0.02136409066874024
2024-01-17,215.5500030517578,215.6699981689453,212.009994506836,214.8600006103516,103164400,241.81999893188475,237.78899963378908,235.46257809264006,30.695329568312957,-5.751409726109557,-1.8943249833896632,268.3999090861023,215.2400887776672,8.30355935150679,-0.019826295019532703,-0.020025473044372487,0.021211430284009125
2024-01-18,211.8800048828125,217.4499969482422,208.7400054931641,216.8800048828125,108595400,239.80999908447265,237.62739959716797,233.21661873932314,28.792388560894423,-6.857771778888605,-2.8870143424894517,268.94002385434516,210.67997431460012,8.332590216047597,-0.017026203279914,-0.017172815629643214,0.02130104484657092
2024-01-19,212.19000244140625,213.19000244140625,207.5599975585937,209.9900054931641,102260300,237.55849914550782,237.48579956054687,231.21408385380724,29.191702331307354,-7.62169925968081,-3.8339513259277234,267.8938340411149,207.22316424990075,8.139548406530809,0.0014630807600990448,0.0014620115002590317,0.020352479233749884
2024-01-22,208.8000030517578,217.8000030517578,206.2700042724609,212.259994506836,117952500,235.6414993286133,237.2181997680664,229.07940949170728,27.383281934535972,-8.403788271331194,-4.747918715008418,268.08502225948337,203.19797639774325,8.381723433156958,-0.015976244642273096,-0.016105240597581734,0.01919181230050405
2024-01-23,209.13999938964844,215.6499938964844,207.75,211.3000030517578,106605900,233.3734992980957,236.95879974365235,227.18041805341596,27.865940095322216,-8.893644190583615,-5.577063810123458,266.5600051988474,200.18699339734403,8.34731418053749,0.0016283349277841364,0.0016270106278732431,0.017185745407754808
2024-01-24,207.8300018310547,212.72999572753903,206.7700042724609,211.8800048828125,123369900,231.13799972534179,236.91579986572265,225.33752127033395,27.11804221972652,-9.280583599907573,-6.317767768080281,264.87784997326884,197.39814947741473,8.176791128718964,-0.006263735117226887,-0.006283434610725192,0.01719721739607414
2024-01-25,182.6300048828125,193.0,180.05999755859375,189.6999969482422,198076800,227.4390007019043,236.2754000854492,221.27013875723668,17.427925897914193,-11.488235787130463,-7.351861371890317,265.1813883056458,189.69661309816283,9.576306353271962,-0.12125293136804816,-0.12925817170128795,0.02946324624091442
2024-01-26,183.25,186.77999877929688,182.1000061035156,185.5,107343200,223.52950057983398,235.4661999511719,217.6491731613094,18.2023589881169,-13.037499448260178,-8.48898898716429,262.55091764741155,184.5080835122564,9.226569662022627,0.0033948152034783963,0.003389065826718794,0.02868359789093355
2024-01-29,190.92999267578125,191.47999572753903,183.6699981689453,185.6300048828125,125013100,220.417000579834,234.5365997314453,215.1044893055448,27.29839044568307,-13.49008552830503,-9.489208295392439,259.41232865606304,181.42167250360495,9.155385809559514,0.04190991910385411,0.041055489597857625,0.03132833532337508
2024-01-30,191.58999633789065,196.3600006103516,190.6100006103516,195.3300018310547,109982300,217.57250061035157,233.5115997314453,212.86501378481583,28.038981900019635,-13.63829272876103,-10.319025182066158,256.26311687383554,178.88188434686762,8.912143966019547,0.0034567835721344142,0.0034508226289791306,0.03152797497986178
2024-01-31,187.2899932861328,193.97000122070312,185.8500061035156,187.0,103221400,214.51600036621093,232.58559967041015,210.42929754684604,26.168632275066855,-13.94200752836096,-11.043621651325118,252.6301373854485,176.40186334697336,8.855561905388688,-0.02244377647032414,-0.022699471099276638,0.031467536563303714
2024-02-01,188.8600006103516,189.8800048828125,184.27999877929688,188.5,91843300,212.0365005493164,231.67679962158203,208.37507879098942,28.0556452083339,-13.895834692743904,-11.614064259608877,250.05195253360938,174.02104856502342,8.623022205254898,0.008382761388752824,0.008347821172369478,0.031177185731454126
2024-02-02,187.91000366210932,188.69000244140625,182.0,185.0399932861328,110612700,209.5355010986328,230.7229995727539,206.42602401681035,27.596038956669872,-13.777085536006325,-12.046668514888367,246.9851683878067,172.0858338094589,8.497092091333233,-0.005030164911427049,-0.005042858776995002,0.031140767072499746
2024-02-05,181.0599975585937,184.67999267578125,175.00999450683594,184.259994506836,134294400,206.7140007019043,229.52019958496095,204.01021197317067,24.481733133556688,-14.073483856950986,-12.452031583300892,243.81540390040666,169.61259750340193,8.811586167328958,-0.03645365318513316,-0.03713468972636423,0.03154998662472586
2024-02-06,185.1000061035156,186.4900054931641,177.11000061035156,177.2100067138672,122676000,203.94650115966797,228.5379995727539,202.20923998558447,29.532739383087886,-13.823043297333243,-12.726233926107364,238.75580118690166,169.13720113243429,8.852187504149212,0.02231309289405292,0.022067797990272177,0.03204099265265416
2024-02-07,187.5800018310547,189.7899932861328,182.67999267578125,188.17999267578125,111535200,201.57750091552734,227.58059967041015,200.81597920896257,32.516584517033266,-13.271467207716995,-12.835280582429291,233.98804973009763,169.16695210095705,8.727745583163665,0.013398139631352501,0.013309178288648946,0.03244659053238645
2024-02-08,189.5599975585937,191.6199951171875,185.5800018310547,189.0,83034000,199.3585006713867,226.65019958496094,199.74398095654647,34.88715864953262,-12.530130530091839,-12.774250571961801,228.51610006694622,170.2009012758272,8.53576327623289,0.010555473441792085,0.010500153377802282,0.032768891414426536
2024-02-09,193.57000732421875,194.1199951171875,189.47999572753903,190.17999267578125,84476300,197.6760009765625,225.58719970703126,199.15598346775334,39.52085914902303,-11.486630866545397,-12.516726630878521,223.94939189006516,171.40261006305985,8.257494427191146,0.02115430374167171,0.020933657774970457,0.03315851853422342
2024-02-12,188.1300048828125,194.72999572753903,187.27999877929688,192.1100006103516,95498600,196.13800125122071,224.46699981689454,198.10589026918754,35.7989175431226,-10.972132682550921,-12.207807841213002,220.81689425766268,171.45910824477875,8.199816035837646,-0.028103539988478476,-0.02850600281752684,0.032814939973040726
2024-02-13,184.0200042724609,187.259994506836,182.1100006103516,183.9900054931641,86759500,194.34350128173827,223.34579986572265,196.76437731711832,33.251054519368665,-10.77186056221231,-11.920618385412865,216.98228194440435,171.7047206190722,8.04411519559645,-0.021846598116614824,-0.02208876860591097,0.03285435576529369
2024-02-14,188.7100067138672,188.88999938964844,183.3500061035156,185.3000030517578,81203000,193.00150146484376,222.3433999633789,195.99729440252298,38.61954457869753,-10.11806471121136,-11.560107650572565,213.53719343280525,172.46580949688226,7.865249344920478,0.025486372853585237,0.025167010147113134,0.033574217443295626
2024-02-15,200.4499969482422,200.8800048828125,188.8600006103516,189.16000366210932,120831800,192.43000106811525,221.64079986572267,196.42136131163912,49.55641441932159,-8.554002476360637,-10.958886615730181,211.40958569270447,173.45041644352602,8.172731403779395,0.06221180550417671,0.06035334314528131,0.03673848421906719
2024-02-16,199.9499969482422,203.1699981689453,197.3999938964844,202.0599975585937,111346700,191.81800079345703,220.86539978027344,196.75742184845845,49.15470227687177,-7.271002121690003,-10.221309716922146,208.90439865638143,174.73160293053263,8.001108037256646,-0.0024943876658132247,-0.0024975038337594173,0.03672893518281962
2024-02-20,193.759994506836,198.6000061035156,189.1300048828125,196.1300048828125,104545800,191.06600036621094,219.9531997680664,196.47195257782775,44.36049341275621,-6.6767313591207085,-9.512394045361859,206.3224600189681,175.8095407134538,8.202456896411864,-0.03095775211743812,-0.031447068575791784,0.03717265819679504
2024-02-21,194.7700042724609,199.44000244140625,191.9499969482422,193.3600006103516,103500300,190.34750061035157,218.99579986572266,196.3098622630309,45.29800041135028,-6.054475921569377,-8.820810420603364,203.31301773799382,177.38198348270933,8.151567510465592,0.005212684735028006,0.005199145723306438,0.03720501548680757
2024-02-22,197.41000366210932,198.32000732421875,191.3600006103516,194.0,92739500,189.8265007019043,218.06720001220702,196.4146376343717,47.77503648097497,-5.287358736603409,-8.114120083803373,200.59065839554736,179.06234300826125,8.066456024994276,0.013554445406056326,0.013463405650618309,0.037373364169201825
2024-02-23,191.97000122070312,197.57000732421875,191.5,195.3099975585937,78841900,190.29350051879882,217.1117999267578,195.99133892830804,43.4126386968592,-5.06004650739348,-7.503305368521395,200.5675330288542,180.01946800874344,7.923852546367452,-0.027556873210525912,-0.027943686650054637,0.025658289250743628
2024-02-26,199.3999938964844,201.77999877929688,192.0,192.2899932861328,111747100,191.10100021362305,216.35959991455078,196.31597273480102,50.1128283176678,-4.231582564418574,-6.8489608077008315,201.5705267265564,180.6314737006897,8.058577190097902,0.03870392576202164,0.037973710740030475,0.02688621425842759
2024-02-27,199.72999572753903,205.6000061035156,198.259994506836,204.0399932861328,108645400,191.54100036621094,215.5683999633789,196.64111778172847,50.39377021991768,-3.5079530320957986,-6.180759252579826,202.66406868696413,180.41793204545775,8.007251076282309,0.001654974128163511,0.0016536061675660274,0.025410233965012283
2024-02-28,202.0399932861328,205.3000030517578,198.44000244140625,200.4199981689453,99806200,192.06350021362306,214.5881997680664,197.15529640119556,52.4139371816906,-2.716756835065098,-5.48795876907688,204.091630361382,180.03537006586413,7.925304614430112,0.01156560160219966,0.011499231283567918,0.02548986425351166
2024-02-29,201.8800048828125,205.27999877929688,198.4499969482422,204.17999267578125,85907000,192.79300079345703,213.55579986572266,197.60526863754,52.25521327840804,-2.078676190533116,-4.8061022533681275,205.33344375111213,180.25255783580192,7.8470687013318665,-0.0007918650199801869,-0.0007921787106965236,0.02480448119867795
2024-03-01,202.63999938964844,204.5200042724609,198.5,200.5200042724609,82243100,193.48200073242188,212.56699981689454,198.08476680440748,52.983582718089714,-1.494440497656086,-4.143769902225719,206.58401600081652,180.37998546402724,7.716564099269655,0.003764585340074067,0.0037575170226514664,0.024783490551629105
2024-03-04,188.13999938964844,199.75,186.72000122070312,198.72999572753903,134334900,193.49350051879884,211.18539978027343,197.13764609823994,40.33925233497842,-2.1763704761979454,-3.7502900170201645,206.57632286383677,180.4106781737609,8.302523675675058,-0.07155546804023882,-0.07424463938175002,0.02995757200270511
2024-03-05,180.7400054931641,184.58999633789065,177.57000732421875,183.0500030517578,119660800,193.47750091552734,209.85739990234376,195.57596604061368,35.66183384433724,-3.2761570610862236,-3.6554634258333767,206.6217446923331,180.3332571387216,8.464485703514674,-0.03933237971984116,-0.040126798433230214,0.030150713305138833
2024-03-06,176.5399932861328,181.5800018310547,173.6999969482422,179.99000549316406,107920900,193.04950027465821,208.2981997680664,193.76301625447263,33.30163895244465,-4.435521802957453,-3.811475101258192,207.72525427041123,178.3737462789052,8.42273707346452,-0.02323786698783814,-0.023512123304642838,0.030124497117023922
2024-03-07,178.64999389648438,180.0399932861328,173.6999969482422,174.35000610351562,102129000,192.60299987792968,206.82039978027345,192.32368079180708,35.60731065343937,-5.124989608407333,-4.07417800268802,208.41648712991943,176.78951262593992,8.273969878066385,0.011951969472048907,0.01188110874296599,0.030087479264011303
2024-03-08,175.33999633789062,182.72999572753903,174.6999969482422,181.5,85544600,191.89199981689453,205.195,190.70618703429122,33.64258702861191,-5.870811886771179,-4.433504779504652,209.37898298561907,174.40501664816998,8.256543371011418,-0.018527834714126334,-0.018701625030085045,0.03015131402792691
2024-03-11,177.77000427246094,182.8699951171875,174.8000030517578,175.4499969482422,85391500,191.10199966430665,203.5216000366211,189.47416962840262,36.41636899634358,-6.194394954677193,-4.785682814539161,209.61202908544405,172.59197024316924,8.24321827775558,0.013858834181150304,0.013763678693560029,0.02988080779860894
2024-03-12,177.5399932861328,179.42999267578125,172.41000366210938,177.77000427246094,87391700,190.57249908447267,202.00880004882814,188.3375814053293,36.26185831663898,-6.39567151157928,-5.107680553947185,209.97659036747976,171.16840780146558,8.155844758892458,-0.0012938683737420131,-0.0012947061441473569,0.029330466881115094
2024-03-13,169.47999572753906,176.0500030517578,169.14999389648438,173.0500030517578,106524500,189.84549865722656,200.42880004882812,186.54162086458737,31.257115420470896,-7.123444442469264,-5.510833331651602,211.1714533124013,168.51954400205182,8.172570089660743,-0.04539820808488959,-0.04646099727496628,0.030594420777375952
2024-03-14,162.5,171.1699981689453,160.50999450683594,167.77000427246094,126325700,188.5349983215332,198.7104000854492,184.25194268700764,27.69260087389287,-8.169266831631546,-6.042520031647591,212.97316700101788,164.09682964204853,8.350243916264217,-0.04118477639544138,-0.042056898779332184,0.03088247961760608
2024-03-15,163.57000732421875,165.17999267578125,160.75999450683594,163.16000366210938,97146800,186.69099884033204,197.21280029296875,182.28223455721823,29.028735790465902,-8.81018957982235,-6.596053941282543,212.76549727663112,160.61650040403296,8.069512077170009,0.006584660456730784,0.006563076277915342,0.026518309632703758
2024-03-18,173.8000030517578,174.72000122070312,165.89999389648438,170.02000427246094,108214400,185.3834991455078,195.93020050048827,181.47440298526962,40.373166456390344,-8.395867976010663,-6.956016748228167,211.28941729591878,159.47758099509684,8.28954649283532,0.06254200201423088,0.060664152342604714,0.031057092041865995
2024-03-19,171.32000732421875,172.82000732421875,167.4199981689453,172.36000061035156,77271400,184.26149978637696,194.60680053710936,180.50731768421716,38.7558407474201,-8.173412042730973,-7.199495807128729,210.55987027776013,157.9631292949938,8.153150663547976,-0.014269250195585559,-0.014372034891457558,0.03058664165883665
2024-03-20,175.66000366210938,176.25,170.82000732421875,173.0,83846700,183.30599975585938,193.31100067138672,180.0456687297307,43.05499867459723,-7.559768375255828,-7.27155032075415,209.3955337317111,157.21646578000764,7.958639378707495,0.025332688257929448,0.025017133837829976,0.03128688737302067
2024-03-21,172.82000732421875,178.17999267578125,171.8000030517578,176.38999938964844,73178000,182.07649993896484,192.06820068359374,179.3575105006343,41.02551365706728,-7.219394629968775,-7.261119182597075,207.70507239425245,156.44792748367723,7.845878681944348,-0.016167575308454918,-0.016299696542812377,0.031080297890363283
2024-03-22,170.8300018310547,171.1999969482422,166.3000030517578,166.69000244140625,75580600,181.0194999694824,190.80600067138673,178.5453668178172,39.61636104854852,-7.029194616677557,-7.214734269413172,206.67247641998176,155.36652351898306,7.751173366981248,-0.01151490226146512,-0.01158171211632812,0.030703974021112163
2024-03-25,172.6300048828125,175.24000549316406,168.72999572753906,168.75999450683594,74228600,179.68100051879884,189.7142007446289,177.98199901448342,41.571302939880546,-6.656482743255879,-7.103083964181714,204.12311769006064,155.23888334753704,7.66251882402723,0.010536808713131895,0.010481683435756076,0.029184560458566995
2024-03-26,177.6699981689453,184.25,177.3800048828125,178.5800018310547,113186200,178.57800064086913,188.88980072021485,177.95228464824172,46.768014762081265,-5.886563916544446,-6.859779954654261,201.22677635182188,155.9292249299164,7.945195702110106,0.029195349264770964,0.0287772826285837,0.030234052634325072
2024-03-27,179.8300018310547,181.91000366210932,176.0,181.41000366210932,81804000,177.46750106811524,188.08820068359375,178.13111485612868,48.86701641062797,-5.043959826655907,-6.496615929054591,197.42382050882017,157.5111816274103,7.799824842110049,0.012157391142962881,0.012084083617363902,0.030251811784167866
2024-03-28,175.7899932861328,179.57000732421875,175.3000030517578,177.4499969482422,77654800,176.16300048828126,187.29300048828125,177.90815089708147,45.27137570623505,-4.648598787430416,-6.127012500729756,192.68015934019965,159.64584163636286,7.566265837623393,-0.022465709302040393,-0.02272190773999231,0.03046671643344939
2024-04-01,175.22000122070312,176.75,170.2100067138672,176.1699981689453,81562100,174.792000579834,186.55980041503906,177.6521366421883,44.7708492855328,-4.331336955223264,-5.767877391628458,185.98438767565872,163.59961348400927,7.492960655374065,-0.003242460249155976,-0.0032477284143495326,0.030383231625100822
2024-04-02,166.6300048828125,167.69000244140625,163.42999267578125,164.75,116650600,173.71650085449218,185.64860046386718,176.60240980796206,37.959506665260946,-4.718651900474185,-5.558032293397604,183.63277790650207,163.8002238024823,7.799892647484623,-0.049024062767074494,-0.05026651935105258,0.028194774690725247
2024-04-03,168.3800048828125,168.82000732421875,163.27999877929688,164.02000427246094,82950100,173.0985008239746,184.8402005004883,175.8193236246145,39.96343855867309,-4.828728830223781,-5.41217160076284,182.72318621055214,163.47381543739706,7.638472354444427,0.01050231020055925,0.010447544054431742,0.027249981540080973
2024-04-04,171.11000061035156,177.19000244140625,168.00999450683594,170.07000732421875,123162000,172.82700119018554,184.07960052490233,175.37081667087517,43.05360959702763,-4.642165753269808,-5.258170431264234,182.3538985409764,163.3001038393947,7.748582038739133,0.016213301154368365,0.016083269202606634,0.02714957130286885
2024-04-05,164.89999389648438,170.86000061035156,160.50999450683594,169.0800018310547,143157600,172.13950119018554,183.22100036621094,174.37359545426654,38.23282346659174,-4.938481077522994,-5.194232560515986,181.8686937696271,162.41030861074398,7.952255186223168,-0.036292482565110196,-0.03696743555877544,0.028046941552236606
2024-04-08,172.97999572753906,174.5,167.7899932861328,169.33999633789062,104423300,172.02150115966796,183.02800018310546,174.24087167076868,46.609576891380314,-4.469799421084247,-5.049345932629639,181.64928099691076,162.39372132242516,8.069951680315485,0.04899940648952894,0.04783676362708771,0.03014433687889552
2024-04-09,176.8800048828125,179.22000122070312,171.9199981689453,172.91000366210938,102951700,171.97700119018555,182.90060028076172,174.49221769096332,50.12546989472065,-3.7405489665182756,-4.787586539407367,181.5058089688789,162.44819341149218,8.014955349704223,0.02254601255405486,0.022295607975213145,0.030419613796051966
2024-04-10,171.75999450683594,174.92999267578125,170.00999450683594,173.0399932861328,84532400,171.6880012512207,182.51720031738282,174.23200595914167,45.85614030914517,-3.5350054327736586,-4.537070318080625,180.86864044425124,162.50736205819015,7.933173565866533,-0.028946236061948905,-0.02937344256551801,0.031111066710882138
2024-04-11,174.60000610351562,175.8800048828125,168.50999450683594,172.5500030517578,94516000,171.94400177001953,182.1774005126953,174.2670535919392,48.477531548786125,-3.1071284577938627,-4.251081946023272,181.1495917947569,162.73841174528215,7.892947623731535,0.01653476762638495,0.016399556773736196,0.029521340113465046
2024-04-12,171.0500030517578,173.80999755859375,170.36000061035156,172.33999633789062,64722700,172.37150192260742,181.8526007080078,173.96066782620764,45.51136335219891,-3.0196794649124,-4.004801449801098,180.5160629934644,164.22694085175044,7.632023185833859,-0.020332204625772565,-0.020541749097701737,0.028260847695651365
2024-04-15,161.47999572753906,170.69000244140625,161.3800048828125,170.24000549316406,100245300,172.26700134277343,181.30500061035156,172.7720323882392,38.64647617407888,-3.680172382792904,-3.9398756363994596,180.89960891861782,163.63439376692904,7.777592827484677,-0.05594859487563397,-0.05757465973833702,0.031148590431960013
2024-04-16,157.11000061035156,158.19000244140625,153.75,156.74000549316406,97000000,171.43250122070313,180.6890005493164,171.28041031415466,35.97776768745949,-4.50431690178786,-4.05276388947714,182.25900883563418,160.60599360577208,7.774193034631418,-0.027062145360474688,-0.02743506868222295,0.027929634163563435
2024-04-17,155.4499969482422,158.3300018310547,153.77999877929688,157.63999938964844,82439700,170.6390007019043,180.1768005371094,169.77275189835348,34.98935137204104,-5.2311048723163935,-4.288432086044991,183.51456874495852,157.7634326588501,7.543893750140446,-0.010565868854054306,-0.01062208397137564,0.02787481252742709
2024-04-18,149.92999267578125,152.1999969482422,148.6999969482422,151.25,96098800,169.35250015258788,179.47340026855468,167.88296530572757,31.85532409918318,-6.181254137373372,-4.666996496310667,184.84089665828458,153.86410364689118,7.4871870537018435,-0.03550983840996058,-0.036155647217109545,0.027770110392594357
2024-04-19,147.0500030517578,150.94000244140625,146.22000122070312,148.97000122070312,87074500,168.06399993896486,178.66280029296874,165.89887366249235,30.328951808387558,-7.084974196672022,-5.150592036382939,186.23884654918672,149.889153328743,7.289530922773364,-0.0192088959161848,-0.01939578390268632,0.027828225802857928
2024-04-22,142.0500030517578,144.44000244140625,138.8000030517578,140.55999755859375,107097600,166.625,177.71260040283204,163.6275526519462,27.83528785809996,-8.111136930348465,-5.742701015176045,187.9758224554428,145.2741775445572,7.358135856860981,-0.03400203941675628,-0.0345935559693179,0.0284392605289987
2024-04-23,144.67999267578125,147.25999450683594,141.11000061035156,143.3300018310547,124545100,165.22749938964844,176.73480010986327,161.82302313040668,31.04675829556504,-8.612876231109084,-6.316736058362653,188.40400128841625,142.05099749088063,7.271840002548366,0.018514534090260826,0.018345226676437152,0.02877861138109171
2024-04-24,162.1300048828125,167.97000122070312,157.50999450683594,162.83999633789062,181178000,164.45049972534179,176.2148001098633,161.85225948777867,47.68279769113989,-7.5158006213879105,-6.556548970967705,186.93807553109883,141.96292391958474,8.415994898432189,0.12061109407252757,0.11387415621830609,0.04009724988250626
2024-04-25,170.17999267578125,170.8800048828125,158.36000061035156,158.9600067138672,126427500,163.96799926757814,175.93799987792968,162.6453769342551,53.282431796407444,-5.928454030612983,-6.43092998289676,185.50910972508711,142.42688881006916,8.709138425148527,0.04965143743002587,0.04845814470471284,0.04172723666482778
2024-04-26,168.2899932861328,172.1199951171875,166.3699951171875,168.85000610351562,109815700,163.59299926757814,175.529599609375,163.18295944395774,51.878475877029025,-4.768014869144594,-6.098346960146327,184.5510754599899,142.63492307516637,8.497771394780775,-0.011105884774887609,-0.011168015552988686,0.04151004847860145
2024-04-29,194.0500030517578,198.8699951171875,184.5399932861328,188.4199981689453,243869700,164.53449935913085,175.40159973144532,166.12267788279584,65.29924491329342,-1.749572982199055,-5.228592164556874,188.91038188706563,140.15861683119607,10.07507356880034,0.1530691710339953,0.14242723171122051,0.05398297505446126
2024-04-30,183.27999877929688,190.9499969482422,182.83999633789065,186.97999572753903,127031800,165.36699905395508,175.0681997680664,167.75670844436738,58.01427990525997,-0.22390434627334344,-4.227654600900168,191.0732618525511,139.66073625535907,10.156140222019399,-0.05550118063944742,-0.05710084205665045,0.05435135164231789
2024-05-01,179.99000549316406,185.8600006103516,179.00999450683594,182.0,92829700,165.94749908447267,174.79279998779296,168.9217843537766,55.960450660787934,0.7115220931937074,-3.239819262081393,192.41285093492127,139.48214723402407,9.919987784983418,-0.017950640048260635,-0.018113707174260838,0.05460208580947619
2024-05-02,180.00999450683594,184.6000061035156,176.02000427246094,182.8600006103516,89148000,166.3924987792969,174.49759979248046,169.97780436835367,55.97064954691348,1.4378921070497483,-2.304276988255165,193.48203957928698,139.3029579793068,9.824274502559934,0.0001110562423569661,0.00011105007606901516,0.0545418453166906
2024-05-03,181.19000244140625,184.77999877929688,178.4199981689453,182.1000061035156,75491500,167.20699920654297,174.1731997680664,171.04563275626344,56.60947618250669,2.0847308749990248,-1.4264754156043271,195.03750918626446,139.3764892268215,9.576826367402193,0.006555235656792835,0.006533843535574036,0.05371608010018348
2024-05-06,184.759994506836,187.5599975585937,182.1999969482422,183.8000030517578,84390300,167.7959991455078,174.02899963378906,172.35176244679417,58.56806366401644,2.8525414605206265,-0.5706720403793364,196.57282372806227,139.01917456295334,9.347766992386854,0.019703030064168292,0.01951143790875135,0.0528753167990387
2024-05-07,177.80999755859375,183.259994506836,177.39999389648438,182.3999938964844,75045900,167.84249877929688,173.59719970703125,172.87159436220367,53.504668682484315,2.8671791546105965,0.11689819861865025,196.6808271807095,139.00417037788424,9.205783679384338,-0.0376163517800121,-0.03834210509362053,0.05350569677393709
2024-05-08,174.72000122070312,176.05999755859375,170.14999389648438,171.58999633789062,79969500,167.99049911499023,173.09699981689454,173.0476331106322,51.37792319365873,2.5994775927739795,0.6134140774497161,196.93790352370215,139.0430947062783,9.095370821007554,-0.017378079862311324,-0.017530851194269642,0.05322044142509301
2024-05-09,171.97000122070312,175.6199951171875,171.3699951171875,175.00999450683594,65950300,167.8589988708496,172.49559997558595,172.94500150206753,49.492442286661344,2.1407430062322135,0.9188798632062156,196.7088381012557,139.0091596404435,8.7492729052213,-0.01573946875450305,-0.015864649448707812,0.05324992229047199
2024-05-10,168.47000122070312,173.05999755859375,167.75,173.0500030517578,72627200,167.72999877929686,171.82739990234376,172.51881099908044,47.12220808575649,1.4777373557367355,1.0306513617123196,196.54466210829634,138.9153354502974,8.50361038046219,-0.02035238689978358,-0.020562350450525728,0.053250338332734355
2024-05-13,171.88999938964844,175.39999389648438,169.0,170.0,67018900,168.25049896240233,171.21239990234375,172.45892417913456,49.65917729593256,1.214268539273121,1.06737479722448,196.9706966355968,139.53030128920787,8.391209115842122,0.020300339194899042,0.020097034145307512,0.05170218160610631
2024-05-14,177.5500030517578,179.49000549316406,174.07000732421875,174.5,86407400,169.27249908447266,171.00059997558594,172.94378883367008,53.6247311095257,1.445519547405496,1.1430037472606833,197.78821110336673,140.75678706557858,8.334694614961657,0.03292805679333921,0.03239754278801776,0.05152521004852367
2024-05-15,173.99000549316406,180.0,173.11000061035156,179.89999389648438,79663000,170.19949951171876,170.86559997558595,173.04342851552664,50.908352791221255,1.3262375457136386,1.1796505069512744,198.05532786159975,142.34367116183776,8.231502098867855,-0.02005067585133169,-0.020254418706909572,0.05174174591440488
2024-05-16,174.83999633789062,175.7899932861328,171.42999267578125,174.10000610351562,59812200,171.44499969482422,170.8316000366211,173.21453021289463,51.53954531133021,1.2854747052698485,1.2008153466149893,197.74858026701804,145.1414191226304,7.9549662782595485,0.004885285464054867,0.004873391179277019,0.05078062096752947
2024-05-17,177.4600067138672,179.6300048828125,172.75,173.5500030517578,77445800,172.9654998779297,170.80780029296875,173.61886130822535,53.52319049953432,1.447892399242022,1.2502307571403959,196.8578324835039,149.07316727235548,7.878183321441902,0.014985188920464187,0.01487402019069651,0.05035933321608396
2024-05-20,174.9499969482422,177.75,173.52000427246094,177.55999755859375,61727400,174.6104995727539,170.8000003051758,173.7456361310841,51.35443042981206,1.3584138317430927,1.2718673720609353,193.83687516135896,155.38412398414883,7.617598493305985,-0.014144086952910362,-0.014245067870223688,0.04962446156703702
2024-05-21,186.6000061035156,186.8800048828125,174.7100067138672,175.50999450683594,115266500,176.7065002441406,170.97660034179688,174.96986184274425,59.54755926439926,2.202174501140462,1.4579287978768405,190.90731880380787,162.50568168447336,7.942769898708794,0.0665905079079252,0.06446711975223281,0.0511202182152397
2024-05-22,180.11000061035156,183.8000030517578,178.1199951171875,182.8500061035156,88313500,177.6055000305176,171.02800048828124,175.45939886823066,54.08282165143751,2.3204233110296855,1.6304277005074095,190.18533964975614,165.02566041127903,7.981144262110172,-0.03478030697149992,-0.035399542384592496,0.045567508665346576
2024-05-23,173.74000549316406,181.8999938964844,173.25999450683594,181.8000030517578,71975500,177.78350067138672,171.11320068359376,175.2956471182243,49.30053404313057,1.8784770608706367,1.6800375725800551,190.0344763730106,165.53252496976285,8.028205342648622,-0.03536724832380789,-0.036007818288810785,0.04526606800345664
2024-05-24,179.24000549316406,180.0800018310547,173.72999572753906,174.83999633789062,65584500,178.33100128173828,171.44800079345703,175.67130029678998,53.152406590495275,1.9495621690267058,1.7339424918693855,189.78902566349086,166.8729768999857,7.908333968424836,0.03165649721483632,0.03116576011599187,0.04562507665467454
2024-05-28,176.75,178.25,173.16000366210938,176.39999389648438,59736600,177.46600112915038,171.71160064697267,175.7740336018576,51.25387626323022,1.7844054803036897,1.7440350895562466,186.3753182386893,168.55668401961148,7.77773881575554,-0.01389201861667555,-0.013989415788236143,0.0292788749595613
2024-05-29,176.19000244140625,178.14999389648438,173.92999267578125,174.19000244140625,54782600,177.11150131225585,171.75940063476563,175.8136496818146,50.81428310877772,1.590001939105207,1.7132284594660387,185.62257478583436,168.60042783867735,7.523614701823225,-0.0031683030189180172,-0.0031733327174769638,0.02668100792872759
2024-05-30,178.7899932861328,182.6699981689453,175.3800048828125,178.5800018310547,77618400,177.0515007019043,171.90880035400392,176.09711097746396,52.836825363734405,1.6269784692086944,1.6959784614145699,185.497226317685,168.6057750861236,7.506927457845338,0.014756744473008343,0.014648923152829736,0.026630737811185107
2024-05-31,178.0800018310547,180.32000732421875,173.82000732421875,178.5,67314600,176.95500106811522,171.9572003173828,176.28595772542496,52.20551780066206,1.580770124933622,1.6729367941183804,185.30689057023014,168.6031115660003,7.435004067999243,-0.003971091681523098,-0.003978997402597566,0.026645474422196905
2024-06-03,176.2899932861328,182.63999938964844,174.49000549316406,178.1300048828125,68568900,176.71000061035156,172.0266000366211,176.28634206454,50.56514631860361,1.3837598274031393,1.6151014007753322,184.83498412430302,168.5850170964001,7.486074770033895,-0.0100517100545634,-0.010102569596006488,0.026682453979256813
2024-06-04,174.77000427246094,177.75999450683594,174.0,174.77999877929688,60056300,176.21050109863282,172.10540008544922,176.14192894148488,49.152790860258854,1.092385002578908,1.5105581211360475,183.4775221433713,168.94348005389435,7.219926179805469,-0.008622094682395387,-0.008659479988969872,0.026272337782739366
2024-06-05,175.0,176.14999389648438,172.1300048828125,175.35000610351562,57953800,176.07000122070312,172.15279998779297,176.0331738042006,49.383174508705125,0.8699982890009039,1.3824461547090188,183.3165189222444,168.82348351916184,6.991359239367355,0.0013159908560766986,0.0013151256990527008,0.024938159753316397
2024-06-06,177.94000244140625,179.72999572753906,172.72999572753906,174.60000610351562,69887000,176.2310012817383,172.1582000732422,176.2147765315535,52.35494309011156,0.920379283215766,1.2900327804103684,183.49345373481668,168.9685488286599,6.991976436555402,0.01680001395089281,0.016660454613497404,0.024892057612302537
2024-06-07,177.47999572753906,179.35000610351562,175.5800018310547,176.1300048828125,56244900,176.5065010070801,172.11119995117187,176.33527359783784,51.842077405910366,0.9126672270560903,1.2145596697395127,183.51509490027087,169.4979071138893,6.761835567691512,-0.0025851787543875737,-0.0025885260992180074,0.024592791086664092
2024-06-10,173.7899932861328,178.57000732421875,173.1699981689453,176.05999755859375,50774600,176.77250061035156,172.07119995117188,176.09286594910404,47.79728407604512,0.6018650825788256,1.0920207523073753,182.88774241098506,170.65725880971806,6.664562252518793,-0.020791089307163446,-0.02101026729322036,0.024613833998383662
2024-06-11,170.66000366210938,174.75,167.41000366210938,173.9199981689453,64761900,176.71100082397462,171.98,175.57545049319978,44.617346423468746,0.1018144856152503,0.8939794989689503,183.0423366656227,170.37966498232652,6.712807544331066,-0.018010183238054034,-0.01817434057762428,0.024592271635976107
2024-06-12,177.2899932861328,180.5500030517578,169.8000030517578,171.1199951171875,90389400,176.69800033569337,172.1931997680664,175.73874028300293,51.914947426478165,0.2377647345189473,0.7627365460789497,183.02345676156162,170.3725439098251,7.001178434021704,0.03884911216309472,0.03811347747393242,0.025042025479756824
2024-06-13,182.47000122070312,191.0800018310547,181.22999572753903,188.38999938964844,118984100,177.12200012207032,172.47499969482422,176.37981275326007,56.71400558247285,0.7547888988449358,0.761147016632147,183.79199617529594,170.4520040688447,7.486094870514573,0.029217711832219218,0.028799010597446485,0.02536422021731614
2024-06-14,178.00999450683594,186.0,176.9199981689453,185.8000030517578,82038200,177.28050003051757,172.6129995727539,176.53506815836255,51.91016994997742,0.7954792168106906,0.7680134566678558,183.87629846720495,170.6847015938302,7.59994536769601,-0.024442410719736185,-0.024746085007725318,0.026068232466287415
2024-06-17,187.44000244140625,188.8099975585937,177.0,177.9199981689453,109786100,177.77949981689454,173.06379974365234,177.57363332817624,59.68552238271071,1.5705451505466215,0.9285197954436091,185.72589567839606,169.83310395539303,7.900663381331559,0.052974598199923895,0.051619109593938894,0.028403674108365678
2024-06-18,184.8600006103516,187.1999969482422,182.3699951171875,186.5599975585937,68982300,178.275,173.30139984130858,178.2675730693358,56.971477871591446,1.9540804779131804,1.1336319319375234,186.67670259306684,169.87329740693318,7.698473662966358,-0.013764414198944364,-0.013860022086213543,0.028391654946860093
2024-06-20,181.57000732421875,185.2100067138672,179.66000366210938,184.67999267578125,55893100,178.02350006103515,173.39519989013672,178.5820906174199,53.622917837416885,1.9698527887463229,1.3008761032992835,185.6815590131303,170.36544110894,7.545011476451462,-0.017797215597047944,-0.017957490517488288,0.024463995851482602
2024-06-21,183.009994506836,183.9499969482422,180.69000244140625,182.3000030517578,61937300,178.1684997558594,173.62019989013672,179.00379574974525,54.873131105100065,2.0746323199070673,1.4556273466208403,186.08456542833267,170.2524340833861,7.238938835764638,0.007930754665036455,0.00789947152070144,0.023199178870462262
2024-06-24,182.5800018310547,188.8000030517578,182.5500030517578,184.97000122070312,61992100,178.6104995727539,173.7797998046875,179.34438680510806,54.401525589061094,2.0987806015813817,1.5842579976129485,186.47514185345025,170.74585729205754,7.168300347495736,-0.00234955843225948,-0.0023523229758261356,0.021590131434352195
2024-06-25,187.3500061035156,187.97000122070312,182.009994506836,184.3999938964844,62905700,179.0159996032715,174.10579986572264,180.10682673828973,58.64737520856844,2.4742956291683242,1.762265523924024,187.7562179325695,170.27578127397348,7.081993659379407,0.026125557150967094,0.02579011465212662,0.021232201490714676
2024-06-26,196.3699951171875,197.759994506836,186.3600006103516,186.5399932861328,95737100,179.99699935913085,174.80359985351564,181.65569991723237,65.23882141666544,3.459848741568777,2.1017821674529746,191.47512009289264,168.51887862536907,7.390422247744049,0.0481451226037759,0.047022052078928164,0.023166240144186348
2024-06-27,197.4199981689453,198.72000122070312,194.0500030517578,195.1699981689453,72746500,181.05849914550782,175.6097998046875,183.15706165549076,65.91982390308762,4.276338189982027,2.536693371958785,194.66194212116463,167.45505616985102,7.196106242115568,0.0053470646120412635,0.005332819818052439,0.0230760737751737
2024-06-28,197.8800048828125,203.1999969482422,195.259994506836,199.5500030517578,95438100,182.01299972534179,176.4583999633789,184.5592467247595,66.23194173793374,4.904000393805433,3.0101547763281147,197.40691939031228,166.6190800603713,7.249241684922041,0.002330091774560339,0.0023273813203096337,0.022993727890642243
2024-07-01,209.8600006103516,213.22999572753903,200.8500061035156,201.0200042724609,135691400,183.60199966430665,177.65700012207031,186.96884233291112,73.13296729304462,6.295541661176685,3.667232153297829,203.0665951288443,164.13740419976898,7.827866624908077,0.06054171938510833,0.0587798336030084,0.025954330295812206
2024-07-02,231.259994506836,231.3000030517578,218.0599975585937,218.88999938964844,205047900,186.3504997253418,179.3411999511719,191.18704730185635,80.71478955533883,9.021158501586825,4.738017422955629,214.4968542545394,158.2041451961442,8.80016204037223,0.10197271435359379,0.09710195030947986,0.032888478575333585
2024-07-03,246.38999938964844,248.3500061035156,234.25,234.5599975585937,166561500,189.93149948120117,181.4279998779297,196.44447131021752,84.12562412892397,12.260760022456282,6.2425659428557605,227.81355018174594,152.0494487806564,9.392294151537044,0.06542422054051023,0.06337304899541396,0.03432532336014931
2024-07-05,251.5200042724609,252.3699951171875,242.4600067138672,249.8099975585937,154501200,193.75749969482422,183.56480010986328,201.6897601637645,85.08860558801369,15.068416759971996,8.007736106279008,239.47987391000748,148.03512547964095,9.429272312378705,0.02082067005771493,0.02060688228437289,0.03410687600540029
2024-07-08,252.94000244140625,259.44000244140625,244.57000732421875,247.7100067138672,157219600,197.50749969482422,185.38100006103517,206.57073561877803,85.35346226764294,17.209704180221024,9.848129721067412,249.32217508964573,145.6928243000027,9.817895369865047,0.005645666924397386,0.005629789876539415,0.034232902785826365
2024-07-09,262.3299865722656,265.6099853515625,250.3000030517578,251.0,160210900,201.74999923706054,187.22399993896485,211.88114047149114,86.99806975003406,19.44028759763316,11.766561296380562,259.8269839622554,143.6730145118657,10.210187293432165,0.03712336538398886,0.0364508858978897,0.03411040826323742
2024-07-10,263.260009765625,267.5899963378906,257.8599853515625,262.79998779296875,128519400,206.22350006103517,189.1234002685547,216.7743661185515,87.1519483286318,21.040543833564413,13.621357803817332,268.6192628079698,143.82773731410055,10.175888985781878,0.003545241645880992,0.0035389720904070512,0.03298423060935235
2024-07-11,241.02999877929688,271.0,239.6499938964844,263.29998779296875,221707300,209.74199981689452,190.06300018310546,219.08442637195583,66.80102773875865,20.28119335473147,14.953324914000161,271.6536938821147,147.83030575167433,11.688325922762857,-0.08444127539962887,-0.08822077208547265,0.039809160263464524
2024-07-12,248.22999572753903,251.83999633789065,233.08999633789065,235.8000030517578,155955800,213.28899993896485,191.3620001220703,221.86019488201137,69.30139028645942,20.02949466371379,15.968558863942889,275.485234895999,151.0927649819307,12.192731213994081,0.029871787680814554,0.029434316513726,0.039613734615605585
2024-07-15,252.63999938964844,265.6000061035156,251.72999572753903,255.97000122070312,146912900,216.7974998474121,192.815,224.79160483511964,70.75427788215322,19.95583364905383,16.766013820965078,279.55792887362736,154.03707082119686,12.562536868421404,0.01776579679334911,0.017609829570940913,0.039521316246228316
2024-07-16,256.5599975585937,258.6199951171875,245.8000030517578,255.3099975585937,126332500,220.725,194.34600006103517,227.81716604687907,72.0218254915571,19.98341152683946,17.409493362139955,283.11480327343236,158.3351967265676,12.580926525350566,0.015516142251486453,0.015396997777534508,0.03829977458891892
2024-07-17,248.5,258.4700012207031,246.17999267578125,252.72999572753903,115584800,223.7779998779297,195.69220001220702,229.7869597567001,65.71514099907468,19.1343241725462,17.754459524221204,285.3240495641925,162.2319501916669,12.56014666960566,-0.03141564404151875,-0.03191970033228875,0.039017527918835296
2024-07-18,249.22999572753903,257.1400146484375,247.1999969482422,251.08999633789065,110869000,226.99649963378906,196.9816000366211,231.63867746820856,66.0054870308994,18.309263093487147,17.865420238074393,286.7720795508215,167.22091971675664,12.372994600362063,0.002937608561525362,0.002933302220995548,0.038547250768539994
2024-07-19,239.1999969482422,249.44000244140625,236.8300018310547,247.7899932861328,87403900,229.87799911499025,198.20940002441407,232.35880313297366,58.655485850760016,16.65408128455408,17.62315244737033,286.0650049616036,173.69099326837684,12.389923601075598,-0.0402439471622098,-0.04107613843938718,0.039879240977848666
2024-07-22,251.509994506836,253.2100067138672,243.75,244.2100067138672,101225400,233.30299911499023,199.74519989013672,234.18272612096055,63.95987552729498,16.149490427134793,17.328420043323224,285.87983621788135,180.7261620120991,12.505644041400556,0.051463201152370575,0.050182719021710745,0.04067444854402677
2024-07-23,246.3800048828125,255.759994506836,245.6300048828125,253.6000061035156,111928200,236.4929992675781,201.2333999633789,235.3443717173274,60.47765952204242,15.160885991318537,16.89491323292229,283.8560283211238,189.1299702140324,12.335954440159338,-0.020396762498772425,-0.020607648987956816,0.04131690081838858
2024-07-24,215.9900054931641,225.9900054931641,214.7100067138672,225.4199981689453,167942900,237.92499923706055,202.18380004882812,233.50109874359754,44.88691796949374,11.789291271304592,15.873788840598749,280.7749913116776,195.07500716244354,13.71695756364405,-0.12334604589403686,-0.1316429436033912,0.05160764010693065
2024-07-25,220.25,226.0,216.22999572753903,216.8000030517578,100636500,239.11899948120117,203.15100006103515,232.2390893394454,46.9513892365756,9.353206180428089,14.569672308564618,278.4577427324566,199.78025622994573,13.452174488157754,0.01972310939623889,0.01953112906763447,0.05084211567412447
2024-07-26,219.8000030517578,222.27999877929688,215.3300018310547,221.19000244140625,94604100,240.2379997253418,203.99600006103515,231.0544144549037,46.75216549651106,7.3021060685661325,13.116159060564922,275.86680067236944,204.60919877831418,12.98773323530664,-0.0020431189477511102,-0.0020452089625195087,0.050881671489634316
2024-07-29,232.1000061035156,234.2700042724609,224.6999969482422,224.8999938964844,129201800,241.94899978637696,205.1582000732422,231.15399461191438,52.66451146728185,6.593100742107225,11.811547396873383,272.15010596991436,211.74789360283958,13.093609519977816,0.055959976710561854,0.054450283723543685,0.0520425186571048
2024-07-30,222.6199951171875,232.41000366210932,220.0,232.25,100560300,242.58699951171874,206.11380004882812,230.34123275527372,48.220474400327554,5.206236994637663,10.49048531642624,270.50222744895177,214.67177157448572,13.044780530130067,-0.04084450985365362,-0.04170207944562903,0.0517276033449913
2024-07-31,232.07000732421875,234.67999267578125,226.7899932861328,227.8999938964844,67497000,242.62750015258788,207.20600006103516,230.5058779523161,52.521434502631465,4.814179625020017,9.355224178144995,270.47915371280385,214.77584659237192,12.974438889306045,0.04244907202543402,0.04157282172336867,0.047335125701323935
2024-08-01,216.8600006103516,231.8699951171875,214.3300018310547,227.69000244140625,83861900,241.15100021362304,208.04420013427733,229.2062705864147,45.911321820533246,3.2388158554097117,8.13194251359794,271.100222644085,211.20177778316102,13.314836503867332,-0.06554059651757438,-0.0677870949965208,0.047051747144866096
2024-08-02,207.6699981689453,216.1300048828125,205.77999877929688,214.8800048828125,82880100,238.95849990844727,208.46559997558595,227.15519702284618,42.43612868527527,1.234541301495625,6.752462271177477,271.8282419881351,206.08875782875938,13.155205455809286,-0.04237758192170549,-0.043301714320780456,0.04732847271007625
2024-08-05,198.8800048828125,203.8800048828125,182.0,185.22000122070312,100308800,236.25550003051757,208.84100006103515,224.4623215809382,39.36677728487444,-1.051024167290933,5.191764983483795,272.77064457511693,199.7403554859182,14.049119221033289,-0.04232673647438423,-0.04324862022379944,0.04779080856918004
2024-08-06,200.63999938964844,202.8999938964844,192.6699981689453,200.75,73783900,233.1710006713867,209.37899993896485,222.19352899129157,40.29790209607267,-2.6893334580479973,3.6155452951774367,270.76110899024974,195.5808923525237,13.776324685783704,0.008849529684359148,0.008810602088580683,0.04670342898333168
2024-08-07,191.759994506836,203.4900054931641,191.47999572753903,200.7700042724609,71159800,229.59599990844725,209.62939971923828,219.29509713562913,37.19433841459235,-4.650637896352123,1.962308656871525,268.63185924651276,190.56014057038175,13.650159334343801,-0.044258397676563144,-0.04526769292244079,0.047074569558722766
2024-08-08,198.83999633789065,200.6999969482422,192.0399932861328,195.6999969482422,65033900,227.48649978637695,210.0711996459961,217.34699229774927,41.08992320290309,-5.569487234468085,0.45594947860360313,268.3403543938907,186.63264517886319,13.313719556276828,0.0369211620456229,0.03625590132901241,0.04539472904060703
2024-08-09,200.0,200.8800048828125,195.1100006103516,197.0500030517578,58648300,225.075,210.54739959716798,215.6948977932017,41.727668021008014,-6.13337759488104,-0.8619159360933255,266.43704928122133,183.71295071877864,12.774882750289976,0.005833854775063152,0.0058169037389324395,0.04463531166534833
2024-08-12,197.4900054931641,199.259994506836,194.6699981689453,199.0200042724609,64044900,222.31750030517577,210.92139984130858,213.96109852653146,40.70092969588344,-6.7055034778595655,-2.0306334444465737,263.312920154136,181.3220804562155,12.24310554177317,-0.012549972534179554,-0.01262938858524463,0.044163300382197714
2024-08-13,207.8300018310547,208.4900054931641,197.0599975585937,198.47000122070312,76247400,219.88100051879883,211.51639984130858,213.37718455553366,46.53700927991777,-6.2524912455140225,-2.8750050046600633,258.1477762195804,181.61422481801725,12.185027141258686,0.052357061371637315,0.051032468678537876,0.046067259118439625
2024-08-14,201.3800048828125,208.44000244140625,198.75,207.38999938964844,70250000,217.52500076293944,212.01820007324218,212.2345960152745,43.65103987468546,-6.340843341450466,-3.568172672018144,254.22365366436136,180.82634786151752,12.006811091269226,-0.0310349655555765,-0.03152675190710158,0.04605778013417289
2024-08-15,214.13999938964844,215.8800048828125,204.82000732421875,205.0200042724609,89848500,215.77050094604493,212.80559997558595,212.41606300331011,50.22704763505735,-5.319913446365916,-3.9185208268876988,249.4710699630139,182.06993192907598,12.184896013321424,0.06336276788880446,0.061436309145650216,0.04881087841140404
2024-08-16,216.1199951171875,219.8000030517578,210.8000030517578,211.1499938964844,88765100,214.6165008544922,213.62799987792968,212.768818442727,51.17914258728832,-4.301465425554511,-3.9951097466210617,246.56392109265863,182.66908061632574,11.957403440941322,0.009246267550119258,0.00920378250292453,0.048256265668242364
2024-08-19,222.72000122070312,222.97999572753903,214.08999633789065,217.07000732421875,76435200,213.17700119018554,214.52359985351563,213.71655013586758,54.31614175117984,-2.9280203021249065,-3.781691857721831,240.62251797529598,185.7314844050751,11.738303151563255,0.030538618603692225,0.0300815962441386,0.04720758323311758
2024-08-20,221.1000061035156,228.22000122070312,219.5599975585937,224.8800048828125,74001200,211.9130012512207,215.39600006103515,214.41973641850072,53.4089951876484,-1.9478219349727794,-3.414917873172021,235.12792142656858,188.6980810758728,11.518424616602266,-0.007273684933138069,-0.007300267158314843,0.047072941710053454
2024-08-21,223.2700042724609,224.66000366210932,218.8600006103516,222.6699981689453,70146000,212.27700119018556,216.3856002807617,215.26261907125883,54.50507417768877,-0.9845575832998463,-2.928845815197586,235.95978915386576,188.59421322650536,11.109965933399083,0.009814554993405888,0.00976670507756732,0.03786872320092045
2024-08-22,210.66000366210932,224.8000030517578,210.32000732421875,223.82000732421875,79514500,211.79750137329103,217.18560028076172,214.82427474657794,47.51038038015919,-1.2245692358542328,-2.5879904993289156,235.20185907932364,188.3931436672584,11.350682347266225,-0.056478704568677096,-0.0581363437538179,0.03981136063919431
2024-08-23,220.32000732421875,221.47999572753903,214.2100067138672,214.4600067138672,81525200,211.82350158691406,218.04620056152345,215.34767784921038,52.53551198201857,-0.6280587656832495,-2.1960041525997824,235.26448856488582,188.3825146089423,11.312775898563617,0.0458558981020607,0.0448355914315171,0.041191860871754346
2024-08-26,213.2100067138672,219.08999633789065,211.009994506836,218.75,59301200,210.87900161743164,218.66100067138672,215.14409012203484,48.83008289607534,-0.7207294287319144,-1.900949207826209,232.4212554907637,189.33674774409957,11.169721392764984,-0.0322712435275504,-0.032803441227522996,0.039684648387602724
2024-08-27,209.2100067138672,215.66000366210932,206.94000244140625,213.25,62821400,210.20850219726563,219.28500091552735,214.57893932125697,46.82895414168452,-1.1042095273742518,-1.7416012717358176,231.07132432608321,189.34568006844805,10.994741380474848,-0.018760845523390857,-0.018939062709292416,0.038889756511573836
2024-08-28,205.75,211.83999633789065,202.58999633789065,209.72000122070312,64116400,208.8925018310547,219.6512008666992,213.73808795732774,45.10695582390395,-1.6680852453384034,-1.7268980664563347,227.24244696472346,190.54255669738592,10.870116996155216,-0.01653843794670573,-0.01667672472989858,0.03752362779482165
2024-08-29,206.27999877929688,214.88999938964844,205.97000122070312,209.8000030517578,62308800,208.36350173950194,220.07960083007814,213.02779374989623,45.43792818517404,-2.0485795918868064,-1.7912343715424293,226.3709987643711,190.35600471463277,10.746537167119017,0.002575935743848623,0.0025726237078790366,0.03476071530717171
2024-08-30,214.1100006103516,214.57000732421875,207.02999877929688,208.6300048828125,63370600,208.68550186157228,220.73040069580077,213.13086106993958,50.21382416068199,-1.6987265310996804,-1.7727328034538796,226.86140550349003,190.50959821965452,10.571070836962079,0.03795812428442069,0.03725544123667223,0.034480749807703506
2024-09-03,210.6000061035156,219.8999938964844,209.63999938964844,215.259994506836,76714200,209.27150192260743,221.28220092773438,212.88982726361348,48.17799205900706,-1.6852659850898704,-1.7552394397810778,226.8923248322373,191.65067901297755,10.548851099095927,-0.01639341692041585,-0.01652927582030035,0.03318578445010565
2024-09-04,219.41000366210932,222.22000122070312,210.57000732421875,210.58999633789065,80651800,210.21000213623046,222.01880096435548,213.5107964444226,53.29627421010847,-0.9527228348514711,-1.5947361187951565,227.89127883554542,192.5287254369155,10.627504156052245,0.041832845694521836,0.04098151366314106,0.03427323018570064
2024-09-05,230.1699981689453,235.0,222.25,223.4900054931641,119355000,212.13050231933593,222.87520080566406,215.09738708485335,58.66584962870399,0.49041136414106745,-1.1777066222079118,229.72237527035406,194.5386293683178,10.98196788332642,0.04904058305110981,0.04787601603580388,0.03355239421420332
2024-09-06,210.72999572753903,233.6000061035156,210.509994506836,232.6000061035156,112177000,212.72500228881836,223.1624008178711,214.6814450508234,47.94153991961794,0.06471390233764396,-0.9292225172988007,229.25149759072895,196.19850698690777,11.846828148565933,-0.08445932396079381,-0.08824048544582787,0.03891844871384134
2024-09-09,216.2700042724609,219.8699951171875,213.6699981689453,216.1999969482422,67443500,213.53850250244142,223.5394009399414,214.83273640526508,50.707003872358264,0.1723907731425811,-0.7088998592105243,229.0499881739216,198.02701683096123,11.653483237214685,0.026289605928169646,0.025949973905266994,0.03924674431764211
2024-09-10,226.1699981689453,226.3999938964844,218.63999938964844,220.07000732421875,78891100,214.97250213623047,224.10520080566405,215.91247562085368,55.27891893723147,1.044531529496851,-0.35821358146904925,229.55951187918097,200.38549239327997,11.544662264843884,0.04577608406578748,0.044759273955983725,0.04005956080686366
2024-09-11,228.1300048828125,228.47000122070312,216.8000030517578,224.5500030517578,83548600,215.98750228881835,224.4706008911133,217.07604983627832,56.14613659567421,1.8722830106014214,0.08788573694504492,231.25448842182104,200.72051615581566,11.553614829422557,0.008666077418469476,0.008628742512625562,0.038655455164526176
2024-09-12,229.8099975585937,231.4499969482422,223.8300018310547,224.66000366210932,71894900,217.40900192260742,224.44160095214843,218.2888067622131,56.91731191934443,2.633486202006651,0.5970058299573662,232.25941268302572,202.55859116218912,11.272641992834338,0.007364189890953554,0.007337206636804795,0.03769282992756527
2024-09-13,230.2899932861328,232.6699981689453,226.32000732421875,228.0,59515100,218.21650161743165,224.11960083007813,219.4317769073483,57.14916837176489,3.2381494874753116,1.1252345614609554,233.99538589084997,202.43761734401332,10.921024053683782,0.0020886633855723424,0.002086485160728214,0.03531179271224771
2024-09-16,226.77999877929688,229.9600067138672,223.52999877929688,229.3000030517578,54323000,218.7495018005371,223.62480072021484,220.13160756181958,54.82560985834048,3.3949869785367923,1.5791850448761229,234.9243112572296,202.57469234384462,10.623807657480365,-0.015241628421408637,-0.0153589759450266,0.03555292235162936
2024-09-17,227.8699951171875,234.57000732421875,226.5500030517578,229.4499969482422,66761600,219.00700149536132,223.12340057373046,220.868596852807,55.43161165775782,3.5661273192453677,1.976573499749972,235.58538932794855,202.4286136627741,10.437821701407549,0.004806404196833203,0.004794890315022082,0.03496536899747233
2024-09-18,227.1999969482422,235.67999267578125,226.8800048828125,230.08999633789065,78010200,219.31200103759767,222.42080078125,221.47158733808655,54.94370937271395,3.606124856816308,2.3024837711632395,236.25365814323092,202.3703439319644,10.320833565090492,-0.0029402649901351108,-0.0029445960609886415,0.03492001934060329
2024-09-19,243.9199981689453,244.2400054931641,232.1300048828125,234.0,102694600,220.34450073242186,222.0340005493164,223.60953122673976,63.56290059848295,4.93015579010526,2.8280181749516435,240.36281908455754,200.32618238028618,10.80077463507845,0.07359155565707187,0.07100962175825201,0.03841335312462698
2024-09-20,238.25,243.9900054931641,235.9199981689453,241.5200042724609,99879100,221.7240005493164,221.97840057373048,225.00386158609786,59.412230323470645,5.459010305101202,3.3542166009815553,242.66402143687702,200.78397966175578,10.605719827159902,-0.02324531900421767,-0.023519752638904136,0.03626647930546575
2024-09-23,250.0,250.0,241.9199981689453,242.6100006103516,86927200,223.20800018310547,222.01380065917968,227.38444619694567,64.57480563871133,6.748466004256386,4.033066481636522,247.48118795708606,198.93481240912487,10.68745412521991,0.04931794333683115,0.048140375327935025,0.03647039715672425
2024-09-24,254.2700042724609,257.19000244140625,249.0500030517578,254.0800018310547,88491000,225.26100006103516,222.04640075683594,229.94497553747092,66.2546176889233,8.022444844369119,4.830942154183042,252.5612941188479,197.9607060032224,10.50549307267909,0.017080017089843746,0.016935793509053217,0.035327031161415466
2024-09-25,257.0199890136719,257.04998779296875,252.27999877929688,252.5399932861328,65034300,227.6514991760254,222.0556005859375,232.52354824949006,67.3290926624404,9.148524543535558,5.6944586320535455,257.19211375901176,198.110884593039,10.095814211321434,0.010815214909361659,0.010757148762662677,0.034697811122400196
2024-09-26,254.22000122070312,261.75,251.52999877929688,260.6000061035156,67142200,230.07499923706055,222.17000061035156,234.5898771038913,65.05770517516282,9.703163178559805,6.496199541354798,259.98146052396845,200.16853795015263,10.104684711991554,-0.01089404681602335,-0.010953821465680538,0.03448502821806535
2024-09-27,260.4599914550781,260.70001220703125,254.1199951171875,257.3800048828125,70988100,232.78399887084962,222.39460052490233,237.05369751829005,67.67492646287558,10.524908758274677,7.301941384738775,263.3854833397876,202.18251440191165,9.852922738980997,0.024545630573566513,0.024249227064234113,0.034545667715297615
2024-09-30,261.6300048828125,264.8599853515625,255.7700042724609,259.0400085449219,80705700,235.15999908447264,222.84320068359375,239.39429821967315,68.15654240851643,11.142118944499941,8.06997689669101,266.94905559774355,203.37094257120174,9.798426906132468,0.004492104223754234,0.004482044837533062,0.034044306750433136
2024-10-01,258.0199890136719,263.9800109863281,248.52999877929688,262.6700134277344,87397600,237.53099822998047,222.97340057373046,241.16817353338732,64.94150074822733,11.210733990363195,8.698128315425446,268.70686619030556,206.35513026965535,10.202111570482382,-0.013798172234708361,-0.013894251852425751,0.033940685724270205
2024-10-02,249.0200042724609,251.16000366210932,241.5,247.5500030517578,93983900,239.01149826049806,223.02620056152344,241.9159669371086,57.641369169008485,10.418787064143913,9.04226006516914,269.40709966697204,208.61589685402404,10.653388530710203,-0.03488095932262858,-0.03550382703625739,0.03457273549629005
2024-10-03,240.66000366210932,249.7899932861328,237.8099975585937,244.47999572753903,80729200,239.53599853515624,223.51960052490233,241.79635138710867,51.81481801185331,9.012688573953824,9.036345766926077,269.66407965471683,209.40791741559565,10.748146187626554,-0.03357160254966762,-0.034148067454407176,0.034208734708574426
2024-10-04,250.0800018310547,250.9600067138672,244.5800018310547,246.69000244140625,86573200,241.50349884033204,224.11620056152344,242.5852704770083,57.079490261438984,8.55978860139652,8.941034333820166,268.8621370318366,214.1448606488275,10.716135963635935,0.03914235030998836,0.03839570976808356,0.028265346423984632
2024-10-07,240.8300018310547,249.8300018310547,240.6999969482422,249.0,68113300,242.73149871826172,224.53680053710937,242.41810203453653,51.167574170166176,7.3695132542203226,8.626730117900198,267.5348859650838,217.92811147143965,10.620698029291404,-0.03698816351676526,-0.03768957599969925,0.02972830562114009
2024-10-08,244.5,246.2100067138672,240.5599975585937,243.5599975585937,56303200,243.64799880981445,224.78480041503906,242.61637803124734,53.23704322603007,6.6457416737078745,8.230532429061734,267.2619139555977,220.03408366403116,10.265648824004412,0.015238957526229946,0.015124010919583781,0.02831815186009719
2024-10-09,241.0500030517578,247.42999267578125,239.509994506836,243.82000732421875,66289500,244.29399871826172,225.15340057373047,242.46719946177217,51.04697233381451,5.727735787991236,7.7299731008476344,266.8580412256114,221.7299562109121,10.098102348643042,-0.014110416966225725,-0.014210915403026646,0.028589143074240323
2024-10-10,238.7700042724609,242.7899932861328,232.33999633789065,241.8099975585937,83087100,244.74199905395508,225.2874005126953,242.1150856342187,49.594920785857255,4.761346820628404,7.136247844803789,266.47857748937474,223.00542061853542,10.123237677185838,-0.009458613360014523,-0.009503630132407265,0.028705578801452525
2024-10-11,217.8000030517578,223.33999633789065,214.3800048828125,220.1300048828125,142628900,244.11749954223632,225.30620056152344,239.79936348350813,38.69319679516456,2.277123494454713,6.164422974733974,268.08249441167976,220.15250467279287,11.142292085218878,-0.08782510719719294,-0.09192353886888893,0.035074633047395914
2024-10-14,219.16000366210932,221.91000366210932,213.7400054931641,220.1300048828125,86291900,243.73649978637695,225.53600067138672,237.83371016718445,39.62018685466752,0.4133346295380136,5.014205305694782,268.99907822597646,218.47392134677747,10.929985376913619,0.006244263504570746,0.00622484886936322,0.03498296132562335
2024-10-15,219.57000732421875,224.259994506836,217.1199951171875,220.009994506836,62988800,243.3215003967285,225.94980072021485,236.0943098964258,39.91514793713264,-1.0189023329439522,3.8075837779670354,269.85381369475266,216.78918709870436,10.659272092108967,0.0018707960177877236,0.0018690482583790414,0.03496293116865975
2024-10-16,221.3300018310547,222.82000732421875,218.92999267578125,221.3999938964844,49632800,243.02800064086915,226.36360076904296,234.68818531877142,41.242076829966244,-1.9890154644521374,2.648263929483201,270.38423772974244,215.67176355199587,10.17575370327529,0.008015641700267029,0.007983687088569507,0.03502114222770643
2024-10-17,220.88999938964844,222.0800018310547,217.8999938964844,221.58999633789065,50791800,241.8765007019043,226.94620086669923,233.37407237314065,40.99830862906421,-2.761508677176664,1.5663094081512279,270.875103895622,212.87789750818663,9.74748614836779,-0.001987992760882462,-0.0019899714413276278,0.030346056073803803
2024-10-18,220.6999969482422,222.27999877929688,219.22999572753903,220.7100067138672,49611900,240.9990005493164,227.38340087890626,232.16701757076936,40.88592601181349,-3.3504251078031757,0.5829625049603472,271.41112842444403,210.58687267418878,9.269094498609936,-0.0008601676940163117,-0.0008605378505268966,0.03002944191855029
2024-10-21,218.8500061035156,220.47999572753903,215.72999572753903,218.8999938964844,47329000,239.44150085449218,227.76040100097657,230.89873076436425,39.74358614248303,-3.921223004223208,-0.3178745968763639,271.0184907912386,207.86451091774575,8.96201640733088,-0.008382378207102748,-0.008417707909120924,0.02735246871560384
2024-10-22,217.97000122070312,218.22000122070312,215.259994506836,217.3099975585937,43268700,237.6265007019043,228.17000091552734,229.66742318877746,39.18277469601751,-4.393942850996325,-1.133088247700356,269.75370954162804,205.49929186218054,8.578301777998647,-0.004021041161845984,-0.0040291472851928115,0.026806076947996513
2024-10-23,213.6499938964844,218.72000122070312,212.1100006103516,217.1300048828125,80938900,235.45800094604493,228.28640075683595,228.1419537323686,36.4626889496155,-5.058849949391629,-1.9182405880386109,267.9095198782137,203.00648201387614,8.437708837452425,-0.019819274670942244,-0.02001831071853799,0.026589600001828816
2024-10-24,260.4800109863281,262.1199951171875,242.6499938964844,244.67999267578125,204491900,235.77100143432617,229.46840087890624,231.22176870893617,64.90472107558352,-1.7864099885526343,-1.8918744681414157,269.05052772621025,202.49147514244208,11.297158293398903,0.21919035070290405,0.19818699146920754,0.05748478997718441
2024-10-25,269.19000244140625,269.489990234375,255.32000732421875,256.010009765625,161611900,236.20750198364257,230.5694009399414,234.8377909691714,67.79251806534259,1.4926395553993075,-1.214971663433271,270.96698154400536,201.4480224232798,11.502360051738714,0.03343823359841336,0.032891334056112616,0.05769704501717845
2024-10-28,262.510009765625,273.5400085449219,262.239990234375,270.0,107653600,236.2515022277832,231.49720123291016,237.47324037835745,63.47844793033871,3.511808419910153,-0.26961564676458616,271.1415771433509,201.36142731221548,11.487907070225011,-0.024815158866218545,-0.02512824530239814,0.058030933122820295
2024-10-29,259.5199890136719,264.9800109863281,255.509994506836,264.510009765625,80521800,236.3265022277832,232.23320098876954,239.57293072457787,61.58918335706706,4.815237545283793,0.7473549916450897,271.40934589367583,201.24365856189058,11.343772028029806,-0.01139012091242797,-0.01145548515134625,0.057999725366591426
2024-10-30,257.54998779296875,263.3500061035156,255.82000732421875,258.0400085449219,53993600,236.75300140380858,232.96220062255858,241.28503139775796,60.3154686480905,5.624417104021489,1.7227674141203697,272.64089048316714,200.86511232445005,11.071359653120311,-0.007590942139718337,-0.007619899978935549,0.057410572430272415
2024-10-31,249.8500061035156,259.75,249.25,257.989990234375,66575300,237.2125015258789,233.4938006591797,242.10074327449678,55.485389594766865,5.580050217788113,2.4942239748539183,273.5215829548433,200.90342009691452,11.030548249326003,-0.029897037679701866,-0.030353066395916374,0.05729274235537298
2024-11-01,248.97999572753903,254.0,246.6300048828125,252.0399932861328,57544800,237.15750122070312,234.26020050048828,242.75591017478652,54.94994783440434,5.412296983848876,3.07783857665291,273.3917055753922,200.92329686601403,10.769080168458967,-0.003482130697311736,-0.0034882074251497285,0.05667876437588905
2024-11-04,242.83999633789065,248.8999938964844,238.8800048828125,244.5599975585937,68802400,237.25800094604492,234.71060028076172,242.76391838079644,51.1951142335467,4.7293872682396625,3.4081483149702607,273.54350579912585,200.97249609296398,10.72128807390665,-0.024660613282231014,-0.02496977961188871,0.0563077906001342
2024-11-05,251.44000244140625,255.27999877929688,246.2100067138672,247.33999633789065,69282500,237.60500106811523,235.4752001953125,243.5902121008545,55.75546416914891,4.826488265484528,3.691816305073114,274.2914120308611,200.9185901053693,10.844053385870904,0.03541429020427689,0.034801627017114346,0.05674056930708374
2024-11-06,288.5299987792969,289.5899963378906,275.6199951171875,284.6700134277344,165228700,239.9790008544922,237.0616000366211,247.87019178451567,69.14580868776434,7.806307976713384,4.514714639401168,282.87010389495885,197.08789781402555,12.794477708057581,0.14751032444224466,0.13759466024737685,0.06509970646931633
2024-11-07,296.9100036621094,299.75,285.5199890136719,288.8900146484375,117309200,242.8860008239746,238.88480010986328,252.5406500585722,71.26202671255699,10.720454202923747,5.755862552105684,292.42164058290734,193.35036106504185,12.89701579936262,0.02904379065700735,0.028630012464395397,0.06503602926354869
2024-11-08,321.2200012207031,328.7099914550781,297.6600036621094,299.1400146484375,204782800,248.05700073242187,241.1836001586914,259.0815406454418,76.33322555658452,14.820705846903223,7.568831211065193,306.77841346150666,189.33558800333708,14.247228084620202,0.08187665372925301,0.07869717552417867,0.06222638084655823
2024-11-11,350.0,358.6400146484375,336.0,346.29998779296875,210521600,254.5990005493164,243.90140014648438,267.7404415363521,80.67987792871605,20.16009714185202,10.087084397222558,326.630111872689,182.56788922594382,15.902427037699786,0.08959591143118995,0.08580690404849912,0.06393381855611374
2024-11-12,328.489990234375,345.8399963378906,323.3099975585937,342.739990234375,155726000,260.04499969482424,246.25919982910156,273.5261128409257,70.28930269248576,22.397738008250997,12.549215119428247,336.96323530747543,183.12676408217308,16.67296813796454,-0.06145717075892854,-0.06342678815128278,0.0666727266130979
2024-11-13,330.239990234375,344.6000061035156,322.5,335.8500061035156,125405600,265.49049911499026,248.47579956054688,278.92743449744466,70.62081241174315,24.03523170120451,14.8464184357835,346.01067200026415,184.97032622971636,17.060613706932475,0.005327407385385952,0.005313266949669512,0.06670571139740328
2024-11-14,311.17999267578125,329.9800109863281,310.3699951171875,327.69000244140625,120726100,270.0049987792969,250.0959994506836,281.9991067049053,62.44800167457135,23.52380693515545,16.581896135657892,350.14013752514654,189.86986003344722,17.261283807664977,-0.05771559508909463,-0.059448133931949705,0.06889510048979502
2024-11-15,320.7200012207031,324.67999267578125,309.2200012207031,310.57000732421875,114440300,275.0059989929199,252.29579956054687,285.68681094450505,64.65296958046292,23.61606676664752,17.98873026185582,354.6916696162149,195.3203283696249,17.132620068194488,0.030657525449785616,0.030196972790488486,0.06876846784688516
2024-11-18,338.739990234375,348.54998779296875,330.010009765625,340.7300109863281,126085600,281.00049819946287,254.74519927978517,290.7394946863974,68.42444013185445,24.856713145498077,19.362326838584274,360.92405693009937,201.07693946882637,17.896717675628143,0.056186046847983784,0.054664350493325395,0.06883497445107603
2024-11-19,346.0,347.3800048828125,332.75,335.760009765625,88852500,287.40199813842776,257.14179931640626,296.00239995435953,69.82152393870899,26.124608231080458,20.714783117083513,366.6123306164635,208.19166566039203,17.66338104756988,0.021432396454288627,0.02120595242401374,0.06852091805378506
2024-11-20,342.0299987792969,346.6000061035156,334.29998779296875,345.0,66340700,293.82099838256835,259.41979919433595,300.3859807948298,68.04844638383197,26.503561739431234,21.87253884155306,368.7772161340457,218.86478063109098,17.280283709211094,-0.011473991967350106,-0.01154032611298051,0.06825568386607428
2024-11-21,339.6400146484375,347.989990234375,335.2799987792969,343.8099975585937,58011700,297.7789985656738,261.6163995361328,304.1244602094591,66.94626312774763,26.307773739928905,22.759585821228228,373.6296655371131,221.92833159423452,16.953834262487312,-0.006987644766217049,-0.007012172684276001,0.05112534949487248
2024-11-22,352.5599975585937,361.5299987792969,337.70001220703125,341.0899963378906,89140700,301.9474983215332,264.06179962158205,308.73736852842427,69.79448276893964,26.885228801642597,23.584714417311105,380.18140113487607,223.7135955081903,17.44498799890005,0.038040225983177356,0.0373345373484672,0.0512250898062849
2024-11-25,338.5899963378906,361.9299926757813,338.20001220703125,360.1400146484375,95890900,305.75149765014646,266.2979995727539,311.58047593884964,63.429950774021506,25.916850432938986,24.05114162043668,383.34101586810874,228.16197943218418,17.893916032460766,-0.03962446482142756,-0.04043088853449338,0.05192976586688025
2024-11-26,338.2300109863281,346.9599914550781,335.6600036621094,341.0,62295900,309.6869987487793,268.50519989013674,314.1185268957524,63.269841975365885,24.834083928753785,24.207730082100106,385.4608791380728,233.91311835948574,17.422921158211334,-0.001063189566898104,-0.001063755153845317,0.05171449408319684
2024-11-27,332.8900146484375,342.54998779296875,326.5899963378906,341.79998779296875,57896400,313.45400009155276,270.61900024414064,315.9062876341033,60.81745022486528,23.276770476255535,24.021538160931193,385.9035836643507,241.0044165187548,17.318426179416104,-0.015788061864523528,-0.015914020837727676,0.051931287668337274
2024-11-29,345.1600036621094,345.45001220703125,334.6499938964844,336.0799865722656,37167600,318.2194999694824,272.64380035400393,318.69235582724673,64.24668565488113,22.77019329973342,23.77126918869164,385.6736527383285,250.7653472006363,16.978538420785934,0.03685898787510977,0.03619593916712737,0.05108995600983896
2024-12-02,357.0899963378906,360.0,351.1499938964844,352.3800048828125,77986500,323.625,275.0206002807617,322.34927397111755,67.24807366435249,23.065493294546513,23.630114009862616,385.0786110533335,262.1713889466665,16.825785414864843,0.034563659025395044,0.03397975234247804,0.0509763669736674
2024-12-03,351.4200134277344,355.69000244140625,348.20001220703125,351.79998779296875,58267200,329.0540008544922,277.0490005493164,325.11791582412866,64.47767994280497,22.58169273588851,23.420429755067797,379.1331312516374,278.974870457347,16.25894246600731,-0.01587830229999254,-0.016005713052796626,0.05061350233458505
2024-12-04,357.92999267578125,358.1000061035156,348.6000061035156,353.0,50810900,334.3785003662109,279.1222003173828,328.24287552428603,66.19942283863514,22.464620070278272,23.229267818109896,371.2091418476246,297.5478588847972,15.7761608612925,0.018524782309774723,0.018355288553428408,0.050480449225157285
2024-12-05,369.489990234375,375.4299926757813,359.5,359.8699951171875,81403600,338.42649993896487,281.37160034179686,332.17117216334213,69.06661768580564,23.039054452946914,23.1912251450773,371.8495051055826,305.00349477234715,15.89929222834304,0.03229681165351517,0.03178623389945424,0.04065979670002839
2024-12-06,389.2200012207031,389.489990234375,370.7999877929688,377.4200134277344,81455800,343.04199981689453,284.07160034179685,337.60439397832886,73.23904655755955,24.800460564169896,23.513072228895822,377.7285675304264,308.35543210336266,16.192199926318537,0.053397958017247005,0.05202108959673976,0.04151432444423197
2024-12-09,389.7900085449219,404.7999877929688,378.010009765625,397.6099853515625,96359200,346.47050018310546,286.65820068359375,342.5744525084806,73.35088269359285,25.943323935701983,23.999122570257054,385.17418037196745,307.76681999424346,16.94918407639177,0.0014644862094215227,0.0014634148953150045,0.03841768899477075
2024-12-10,400.989990234375,409.7300109863281,390.8500061035156,392.6799926757813,97563600,349.0199996948242,289.445400390625,348.1378370538039,75.51601406386882,27.436525128674134,24.686603081940472,394.45081032394785,303.58918906570057,17.16281395960709,0.02873337295448497,0.028328310501358537,0.033968672098051045
2024-12-11,424.7699890136719,424.8800048828125,402.3800048828125,409.7000122070313,104287600,353.83399963378906,292.780400390625,355.436137240458,79.35186300249211,30.19072510979362,25.787427487511103,408.9209862226537,298.7470130449244,17.643328294523545,0.05930322291934931,0.0576113551148347,0.03174994360687029
2024-12-12,418.1000061035156,429.2999877929688,415.0,424.8399963378906,87752200,358.2270004272461,296.1620004272461,361.40412475122537,75.76633411615349,31.472441841657826,26.92443035834045,418.82461365715767,297.6293871973345,17.404518258698207,-0.015702575706076027,-0.01582716714006912,0.032373915107748244
2024-12-13,436.2300109863281,436.2999877929688,415.7099914550781,420.0,89000200,364.47950134277346,300.07340057373045,368.53039963075895,78.59723039723247,33.56424375224117,28.252393037120598,429.9768707704844,298.9821319150625,17.632052407211955,0.04336284290396253,0.04244899941747966,0.02851852828565976
2024-12-16,463.0199890136719,463.1900024414063,436.1499938964844,441.0899963378906,114083800,371.59450073242186,304.3322003173828,377.5294081434173,81.9521976660395,36.95771365300209,29.993457160296895,446.7375596839196,296.45144178092414,18.30404927419124,0.06141250567967771,0.05960057359180242,0.030057780033127736
2024-12-17,479.8599853515625,483.989990234375,457.510009765625,475.8999938964844,131223000,378.65050048828124,309.112799987793,387.2751774013359,83.68359630489904,40.53860614746981,32.10248695773148,465.68917027544956,291.6118307011129,18.888044359516865,0.036369912179738284,0.035724138195772255,0.029076438205214956
2024-12-18,440.1300048828125,488.5400085449219,427.010009765625,466.5,149340800,383.35700073242185,313.02540008544923,392.30897049480984,67.2836225202248,39.7128271111842,33.62455498842202,472.96648859961,293.7475128652337,21.93389824664401,-0.0827949436951747,-0.08642421525210743,0.03674959907874506
2024-12-19,436.1700134277344,456.3599853515625,420.0199890136719,451.8800048828125,118566100,388.0640014648437,316.92780029296875,396.48621267889786,65.89740397512723,38.297384649174376,34.55912092057249,478.38285628566166,297.7451466440258,22.962905253161626,-0.008997322180141931,-0.009038042516689774,0.036667755299341576
2024-12-20,421.05999755859375,447.0799865722656,417.6400146484375,425.510009765625,132216200,392.13500061035154,320.5736001586914,398.8265731436308,60.75397887566444,35.54662493411644,34.75662172328128,480.6786285672957,303.5913726534074,23.42555287249495,-0.034642491239586515,-0.0352567708528249,0.03795502025458859
2024-12-23,430.6000061035156,434.510009765625,415.4100036621094,431.0,72698100,396.03700103759763,324.82960021972656,401.8526143779056,62.73181750130295,33.74740789104061,34.55477895683315,484.13777730347016,307.9362247717251,23.116585246139287,0.022657123925894362,0.02240426356053564,0.037542329380878266
2024-12-24,462.2799987792969,462.7799987792969,435.1400146484375,435.8999938964844,59551800,402.221501159668,329.69200012207034,407.6076033685143,68.42282865391749,34.480357966573024,34.539894758781124,490.68816093484827,313.7548413844877,23.763971491113715,0.07357174228224572,0.07099116636191981,0.0380813505255068
2024-12-26,454.1300048828125,465.3299865722656,451.0199890136719,465.1600036621094,76366400,408.01650085449216,334.38320007324216,412.0383082746379,65.64558710222926,34.011526085671505,34.4342210241592,494.10911490912326,321.92388679986107,23.088687638790862,-0.017629994630971146,-0.017787254049436575,0.03865663388149112
2024-12-27,431.6600036621094,450.0,426.5,449.5199890136719,82666800,412.95500030517576,338.5898001098633,413.90704116868284,58.585163294944905,31.46413319173905,33.84020345767517,492.3110860612859,333.5989145490656,23.413067441935265,-0.04947922616674816,-0.05074526160258332,0.04077061956512034
2024-12-30,417.4100036621094,427.0,415.75,419.3999938964844,64941000,416.56750030517577,342.5202001953125,414.2406566442473,54.576261061544265,27.97299479117379,32.666761724374894,489.5738344039818,343.56116620636976,22.87713431480484,-0.03301209257078741,-0.03356928885086787,0.041680433110343605
2024-12-31,403.8399963378906,427.9299926757813,402.5400085449219,423.7900085449219,76825100,418.9050003051758,346.1830001831055,413.2501175674514,50.997469933962535,23.836484123372486,30.900706204174412,486.97079472027286,350.83920589007874,23.05662358738017,-0.03251001941775111,-0.03305021011916344,0.042325272621248085
2025-01-02,379.2799987792969,392.7300109863281,373.0400085449219,390.1000061035156,109710700,420.2979995727539,349.39160003662107,410.0148681590557,45.21813175468165,18.364785257903918,28.393522014920315,483.767472864533,356.8285262809748,23.609721030636496,-0.06081615932376483,-0.06274403546918701,0.0447294803485382
2025-01-03,410.4400024414063,411.8800048828125,379.4500122070313,381.4800109863281,95423300,422.92350006103516,353.24100006103515,410.0553571383272,52.563242337350836,16.35425469808513,25.98566855155328,479.8645519771015,365.9824481449688,24.251884250127862,0.08215567328200035,0.07895504556688626,0.04790890818063597
2025-01-06,411.0499877929688,426.4299926757813,401.7000122070313,423.2000122070313,85516500,425.00149993896486,357.18899993896486,410.15008386734075,52.69695028728049,14.641339219740985,23.716802685190824,476.7912588066627,373.211741071267,24.28603398002944,0.0014861742226248698,0.0014850709586745647,0.047579290669915994
2025-01-07,394.3599853515625,414.3299865722656,390.0,405.8299865722656,75699500,425.2584991455078,359.86659942626954,408.64626496107616,48.65585561583501,11.801062348564471,21.333654617865555,476.3821950442067,374.13480324680893,24.289173450903455,-0.040603340073111616,-0.04145067133894495,0.04733630333555034
2025-01-08,394.9400024414063,402.5,387.3999938964844,392.9500122070313,73038800,425.51599884033203,362.38159942626953,407.34090662586954,48.80279184652802,9.487558330182196,18.964435360328885,475.9700030555958,375.0619946250683,23.632804354661467,0.0014707807875760093,0.0014697002488740785,0.047336301593089596
2025-01-10,394.739990234375,399.2799987792969,377.2900085449219,391.3999938964844,62287300,425.20349884033203,365.02619903564454,406.1408193504891,48.750980876015,7.550908244219954,16.6817299371071,476.33414950965897,374.0728481710051,23.51546048892672,-0.0005064369418009695,-0.00050656522430214,0.046907568902297685
2025-01-13,403.30999755859375,403.7900085449219,380.0700073242188,383.2099914550781,67580500,424.1304992675781,367.901999206543,405.8712172750705,51.14430558811325,6.6311868723158796,14.671621324148857,476.1455511185275,372.1154474166287,23.53007054119646,0.021710512074366584,0.021478195369560783,0.04513666310986804
2025-01-14,396.3599853515625,422.6400146484375,394.5400085449219,414.3399963378906,84565000,423.04349822998046,370.67819915771486,404.96538566330776,49.14010491130451,5.2806214405216565,12.793421347423418,476.4083392126496,369.6786572473113,23.856494509933544,-0.017232432245921525,-0.017382638722844804,0.045163064767949825
2025-01-15,428.2200012207031,429.7999877929688,405.6600036621094,409.8999938964844,81375500,422.6429977416992,374.24559906005857,407.18011095448827,57.38446523338784,6.703847836049988,11.575506645148733,475.7254530678146,369.5605424155838,24.54103079075303,0.08038151439752794,0.07731423282838396,0.047789363888625536
2025-01-16,413.8200073242188,424.0,409.1300048828125,423.489990234375,68335200,420.18299865722656,377.5423992919922,407.81248203731974,53.18788770060403,6.593796663185344,10.579164648756056,470.0132046432809,370.3527926711722,24.151671186977147,-0.03362756026209668,-0.03420597069137606,0.046071317720897176
2025-01-17,426.5,439.739990234375,419.75,421.5,94991400,417.51499938964844,381.21559936523437,409.59224565281306,56.22374200801837,7.443940639627954,9.952119846930437,459.35145360430613,375.67854517499075,24.277979167204222,0.030641323404759113,0.030181252561434033,0.045820306068726106
2025-01-21,424.0700073242188,433.2000122070313,406.30999755859375,432.6400146484375,87320900,416.7119995117188,384.66819946289064,410.97108009770886,55.48116937624165,7.831331055700161,9.527962088684383,457.3815900819792,376.04240894145835,24.464553130149458,-0.0056975209279747085,-0.005713813715474756,0.04200539047157402
2025-01-22,415.1099853515625,428.0,414.5899963378906,416.80999755859375,60963300,415.6589981079102,387.1997991943359,411.36526155045686,52.716431335585106,7.330836539924235,9.088536978932353,455.33733953102944,375.9806566847909,23.674942453860883,-0.02112863871036752,-0.02135504315494337,0.042213508444556194
2025-01-23,412.3800048828125,420.7300109863281,408.9500122070313,416.05999755859375,50690600,415.2249984741211,389.50919921875,411.46190377258597,51.86833374906377,6.6373926905708345,8.59830812126005,454.8473855256592,375.602611422583,22.82530361996345,-0.006576523247056931,-0.006598243859181292,0.041519479625037846
2025-01-24,406.5799865722656,418.8800048828125,405.7799987792969,414.4500122070313,56427100,414.0239974975586,391.2163989257813,410.9969592773174,50.026892532411125,5.555776901312129,7.989801877270467,453.16263590661583,374.88535908850133,22.130639511645747,-0.014064741844588391,-0.014164587635274254,0.041264932616203946
2025-01-27,397.1499938964844,406.6900024414063,389.0,394.7999877929688,58125500,410.76749725341796,392.1593988037109,409.678200669619,47.099134610703096,3.8927932985393454,7.170400161524243,443.64046348282545,377.89453102401046,21.813451149485786,-0.023193450212053546,-0.023466650856007368,0.03742276429709786
2025-01-28,398.0899963378906,400.5899963378906,386.5,396.9100036621094,48910700,407.9654968261719,393.55139892578126,408.57456216183533,47.42941044220747,2.6205095503988787,6.26042203929917,434.52316004139834,381.40783361094543,21.26177580580042,0.0023668700890153715,0.0023640734639690623,0.03738844113221524
2025-01-29,389.1000061035156,398.5899963378906,384.4800109863281,395.2099914550781,68033600,405.8374969482422,394.72859924316407,406.71984253723343,44.56383716537297,0.8766924691944951,5.183676125278235,431.25582416962294,380.4191697268614,20.75093363049771,-0.02258280870425211,-0.02284170549807513,0.03620384118957582
2025-01-30,400.2799987792969,412.5,384.4100036621094,410.7799987792969,98092900,404.9809967041016,396.5105993652344,406.1065240840966,48.71368586313614,0.3923144854734346,4.2254037973172744,429.93193983079317,380.03005357741,21.27515239531149,0.028732954254456988,0.028327903495885404,0.03628308174949768
2025-01-31,404.6000061035156,419.989990234375,401.3399963378906,401.5299987792969,83283600,405.0189971923828,398.1881994628906,405.9630461811841,50.263023702508235,0.35296121371544587,3.450915280596909,429.9651881072974,380.0728062774682,21.163355185294822,0.010792463618949588,0.010734640646320742,0.03561988481444487
2025-02-03,383.6799926757813,389.1700134277344,374.3599853515625,386.6799926757813,93732100,405.238996887207,399.0869995117188,403.840850609241,43.422060873666325,-1.35072645171158,2.4905869341352114,429.3365124560497,381.1414813183643,21.811688440056127,-0.05170542044525328,-0.05309008706919777,0.03484171205814111
2025-02-04,392.2099914550781,394.0,381.3999938964844,382.6300048828125,57072200,404.32749633789064,400.0111993408203,402.73314973741594,46.61270404731855,-1.9896758430656973,1.59453437869503,428.942691408012,379.71230126776925,21.153711130303233,0.02223206563315605,0.021988536096152256,0.029706337502394826
2025-02-05,378.1700134277344,388.3900146484375,375.5299987792969,387.510009765625,57223300,402.6834976196289,400.73399963378904,400.3938034222082,42.3766643229335,-3.587601096671733,0.5581072836216774,429.57032162998473,375.79667360927306,20.83415981212309,-0.035797094243459227,-0.03645352337012321,0.03064074322652066
2025-02-06,374.3200073242188,375.3999938964844,363.1799926757813,373.0299987792969,77918200,401.6814987182617,401.4275994873047,397.9105847462092,41.269121259403775,-5.105775487707092,-0.5746692706440766,431.10813024860704,372.2548671879164,20.41672130782523,-0.010180622383618165,-0.010232799351092567,0.02944512421862599
2025-02-07,361.6199951171875,380.5499877929688,360.3399963378906,370.1900024414063,70298300,400.01549835205077,401.6087994384766,394.45433811487385,37.762993990825336,-7.250149269418728,-1.909765270399007,434.17277684562316,365.8582198584784,20.401954889771872,-0.03392822173149601,-0.03451714290429049,0.03026546333225916
2025-02-10,350.7300109863281,362.7000122070313,350.510009765625,356.2099914550781,77514900,397.81499938964845,401.85159973144533,390.29011648358374,35.01588814519826,-9.716308097216597,-3.471073835762525,438.15848147968074,357.47151729961615,19.81538685774576,-0.030114441341470455,-0.030577195209388917,0.03080650842532968
2025-02-11,328.5,349.3699951171875,325.1000061035156,345.79998779296875,118543400,394.0744995117187,401.65699951171877,384.40534348514717,30.18816072824727,-13.311090868933775,-5.439077242396776,444.33886081178537,343.8101382116521,20.230716716679098,-0.06338211812502892,-0.06547989008634725,0.03267738439483826
2025-02-12,336.510009765625,346.3999938964844,329.1199951171875,329.94000244140625,105382700,391.0820007324219,401.7293994140625,379.843883130907,33.73343706396433,-15.336847636195955,-7.418631321156612,447.2280177591715,334.93598370567224,20.06423651523662,0.0243835913717656,0.024091057420887543,0.033487660398886114
2025-02-13,355.94000244140625,358.69000244140625,342.8500061035156,345.0,89441500,387.468000793457,401.94499938964844,377.56732306524026,41.49482780658178,-15.19922919041369,-8.974750895008029,442.8871043449973,332.04889724191673,20.21536195527552,0.05773971683431944,0.05613428883532556,0.03061555206763227
2025-02-14,355.8399963378906,362.0,347.5,360.6199951171875,68277300,384.5690002441406,401.9199993896484,375.49805385311174,41.46790652276798,-14.926175576586502,-10.165035831323724,440.23623212471284,328.9017683635684,19.807121815612984,-0.0002809633725618932,-0.00028100285016493403,0.030093241984681638
2025-02-18,354.1099853515625,359.1000061035156,350.0199890136719,355.010009765625,51631700,380.9494995117187,401.973798828125,373.46109494820234,40.97268077330219,-14.680152390000671,-11.068059143059115,434.6183557747086,327.28064324872884,19.040900049486613,-0.004861766535893763,-0.004873623368530301,0.02876854106639885
2025-02-19,360.55999755859375,367.3399963378906,353.6700134277344,354.0,67094400,377.7739990234375,402.0263989257812,372.23241900633485,43.67352798199208,-13.805573108895317,-11.615561936226355,428.2842122317669,327.2637858151081,18.657263110963015,0.018214714280444966,0.018050813649058695,0.029397019966230155
2025-02-20,354.3999938964844,362.2999877929688,348.0,361.510009765625,45965400,374.7384994506836,401.72459899902344,370.5340928053967,41.71062527573923,-13.454429256472224,-11.983335400275529,423.16264896146293,326.3143499399043,18.346029159677716,-0.01708454543992588,-0.01723217010242546,0.029313339280065718
2025-02-21,337.79998779296875,354.9800109863281,334.4200134277344,353.44000244140625,74058600,371.0094985961914,400.6961987304687,367.4165589946893,36.89787023349985,-14.35020673355541,-12.456709666931506,418.74617850597485,323.27281868640796,18.50416975960029,-0.046839747148427646,-0.04797223327197698,0.03060334448990447
2025-02-24,330.5299987792969,342.3999938964844,324.70001220703125,338.1400146484375,76052300,367.20699920654295,399.51099853515626,363.90355325989003,34.993528090761814,-15.468433718303231,-13.059054477205851,415.1196349145689,319.294363498517,18.446727754589777,-0.021521578674915554,-0.021756545199510743,0.030707416684524983
2025-02-25,302.79998779296875,328.8900146484375,297.25,327.0199890136719,134228800,362.4894989013672,397.5471984863281,358.0841660725642,28.872445726641743,-18.380339682832073,-14.123311518331096,415.9398259501136,309.0391718526208,19.506247113497427,-0.0838955952220366,-0.08762494178787733,0.034820113057223864
2025-02-26,290.79998779296875,309.0,288.0400085449219,303.7099914550781,100118300,357.12499847412107,394.86779846191405,351.6761490935551,26.696209747315265,-21.409549886575974,-15.580559191980072,416.4227566048372,297.8272403434049,19.610085995038904,-0.039630120487999076,-0.04043677756749929,0.035116952770662686
2025-02-27,281.95001220703125,297.2300109863281,280.8800048828125,291.1600036621094,101748200,351.7674987792969,392.14479858398437,345.03556462817187,25.188328071157343,-24.244860208198475,-17.313419395223754,417.5488669383752,285.98613062021855,19.377223145644386,-0.030433204805490277,-0.030905910133740465,0.03524996340207157
2025-02-28,292.9800109863281,293.8800048828125,273.6000061035156,279.5,115697000,346.4024993896484,389.27979858398436,340.07789285275817,30.460248733610726,-25.310076538093313,-18.912750823797666,412.9799485449606,279.82505023433623,19.441707119476707,0.03912040539724382,0.03837459125197188,0.03600259008010659
2025-03-03,284.6499938964844,303.94000244140625,277.29998779296875,300.3399963378906,115551400,340.4049987792969,385.71239868164065,334.79904533311304,28.80910678919747,-26.52071660386065,-20.434343979810265,406.54092782802223,274.2690697305715,19.955871942973907,-0.02843203214376444,-0.028844050845269347,0.035597807742368405
2025-03-04,272.0400085449219,284.3500061035156,261.8399963378906,270.92999267578125,126706600,334.82299957275393,381.5559991455078,328.82199421042816,26.469959274372144,-28.172918146636505,-21.982058813175517,404.173815063069,265.47218408243884,20.159738058375325,-0.04429996705409467,-0.045311188236941684,0.035252686467506664
2025-03-05,279.1000061035156,279.54998779296875,267.7099914550781,272.9200134277344,94042900,329.1675003051758,378.33539916992186,324.08656677167454,29.90166600045704,-28.583128460129956,-23.302272742566405,397.31406261086795,261.02093799948364,19.565470792626417,0.025952056083059283,0.025621016692865903,0.03547662184246049
2025-03-06,263.45001220703125,272.6499938964844,260.0199890136719,272.0599975585937,98451600,323.43150024414064,374.8809991455078,318.31165681313706,26.904165959531298,-29.82721721076166,-24.607261636205457,393.4018908190363,253.461109669245,19.53079552814194,-0.056073068986891905,-0.05770651942025788,0.036343322603318254
2025-03-07,262.6700134277344,266.25,250.72999572753903,259.32000732421875,102369600,317.84900054931643,371.7131994628906,313.01245268119396,26.760180946131513,-30.524241436975274,-25.79065759635942,388.5006953010548,247.19730579757805,19.24431043845044,-0.0029607088371812473,-0.0029651004058366417,0.036453215539861465
2025-03-10,222.1499938964844,253.3699951171875,220.0,252.5399932861328,189076900,310.87550048828126,367.54419921875,304.35888517788834,20.59419003564605,-33.95485466585234,-27.423497010258004,389.9047554554352,231.84624552112734,20.917574937685007,-0.1542620682219511,-0.167545740677576,0.047627018632766714
2025-03-11,230.5800018310547,237.0599975585937,217.0200042724609,225.3099975585937,174896400,304.8680000305176,362.91019927978516,297.33232485914226,24.492248880358858,-35.58322787699143,-29.05544318360469,388.96948582701253,220.76651423402262,20.854890534002703,0.037947369642955975,0.037245079838722016,0.049482352405955096
2025-03-12,248.08999633789065,251.83999633789065,241.1000061035156,247.22000122070312,142215700,300.8474998474121,358.7893991088867,292.64257928568975,31.963305478047474,-35.056703305378505,-30.255695207959455,387.6890583458701,214.00594134895414,20.88382653206222,0.07593891216839133,0.07319368705023727,0.052686931921468616
2025-03-13,240.67999267578125,248.2899932861328,232.6000061035156,248.1300048828125,114813500,296.0559989929199,354.96979888916013,287.6937615133175,30.58417803645196,-34.835788866985354,-31.171713939764636,385.0463648861054,207.06563309973447,20.51283800710186,-0.02986820819658209,-0.030323348875332203,0.05207762370526901
2025-03-14,249.97999572753903,251.5800018310547,240.72999572753903,247.3099975585937,100242300,290.75799865722655,351.62119873046873,284.1019742956243,34.40929205334487,-33.52383812204158,-31.642138776220026,377.4435847321537,204.07241258229942,19.826207374828403,0.038640532386444715,0.037912677650069934,0.050828368414465065
2025-03-17,238.009994506836,245.3999938964844,232.8000030517578,245.0599975585937,111900600,284.86649856567385,348.30459869384765,279.7122619347873,31.96759559180714,-33.06879033523802,-31.927469088023628,369.03828032053076,200.69471681081694,19.637192039182178,-0.04788383640805205,-0.049068231054899894,0.05115563906657939
2025-03-18,225.3099975585937,230.1000061035156,222.27999877929688,228.16000366210932,111477600,278.4264991760254,345.2251986694336,274.53109389895934,29.570074377960708,-33.34852427210089,-32.21168012483908,360.0932472759732,196.7597510760776,19.35810658835053,-0.053359090968247314,-0.054835445634435626,0.05161691747365781
2025-03-19,235.8600006103516,241.41000366210932,229.1999969482422,231.6100006103516,111993800,272.1914993286133,341.7335986328125,270.84813263337765,33.99841007270217,-32.34605318976378,-32.23855473782402,346.53634381394284,197.84665484328374,19.125385125148036,0.04682438935722,0.045761190368065634,0.053136038620229906
2025-03-20,236.259994506836,238.0,230.0500030517578,233.3500061035156,99028300,266.28449935913085,338.2377987670898,267.5540242403737,34.16741900206405,-31.16011703733264,-32.022867197725745,331.8142834188873,200.75471529937437,18.3271431125119,0.0016958954271573123,0.0016944590202753241,0.053348462896268656
2025-03-21,248.7100067138672,249.5200042724609,234.5500030517578,234.9900054931641,132728700,261.83000030517576,335.3247991943359,265.7593559045159,39.37137999336233,-28.88270036535323,-31.394833831251244,318.87087944280097,204.78912116755052,18.087347263096987,0.052696235065183394,0.05135471581314038,0.05519284140567703
2025-03-24,278.3900146484375,278.6400146484375,256.3299865722656,258.0799865722656,169079900,259.22300109863284,332.9937994384766,266.9622757848894,49.599717299465276,-24.401616010869702,-29.99619026717494,307.569510489513,210.87649170775268,18.933251596773655,0.11933580126800525,0.11273547481030481,0.06262725449626541
2025-03-25,288.1400146484375,288.20001220703125,271.2799987792969,283.6000061035156,150361500,258.49000244140626,330.86179992675784,268.97920329570354,52.438352195657515,-19.83493606350089,-27.96393942644013,304.56259519254985,212.41740969026264,18.789448870413707,0.03502280788451673,0.034423463077927825,0.06051677026250293
2025-03-26,272.0599975585937,284.8999938964844,266.510009765625,282.6600036621094,153629800,257.5530029296875,328.23679992675784,269.27261227312164,47.66980072155673,-17.313750162461588,-25.833901573644425,301.6802490853831,213.425756773992,18.992345728442192,-0.05580626179068948,-0.05742390273973801,0.0611690184193293
2025-03-27,273.1300048828125,291.8500061035156,271.82000732421875,272.4800109863281,162572100,257.11200256347655,325.77220031738284,269.6399829978541,48.00860883743154,-15.05579765957333,-23.678280790830208,300.42391447725754,213.80009064969553,19.066463803503243,0.003932982922226103,0.003925268964187849,0.06079532699777288
2025-03-28,263.54998779296875,276.1000061035156,260.57000732421875,275.5799865722656,123809400,255.6405014038086,322.47880004882813,269.0599834545317,45.18771945049296,-13.879388399126185,-21.718502312489406,295.86794447559964,215.41305833201756,18.813859158917076,-0.03507493471452938,-0.035704833212183235,0.060559167496265776
2025-03-31,259.1600036621094,260.5599975585937,243.3600006103516,249.3099975585937,134008900,254.36600189208986,319.38559997558593,268.11712823620576,43.91434909453733,-13.149728728028208,-20.004747595597166,292.39121758333107,216.34078620084864,18.912154017752794,-0.016657121359109794,-0.016797411271064034,0.0603609549928681
2025-04-01,268.4599914550781,277.45001220703125,259.25,263.79998779296875,146486900,254.18700103759767,316.2247998046875,268.14978187609836,47.3022485117705,-11.68632421900486,-18.341062920278706,291.91024147726876,216.46376059792658,18.86771505540773,0.035885119854736525,0.03525624951763979,0.06012984623754682
2025-04-02,282.760009765625,284.989990234375,251.2700042724609,254.6000061035156,212787800,254.37000122070313,313.39859985351563,269.54123215129135,52.09413306029438,-9.265862539367447,-16.526022844096453,292.60690374003207,216.13309870137417,19.92859154872961,0.05326685079977622,0.05189662060946535,0.0610276125726442
2025-04-03,267.2799987792969,276.29998779296875,261.510009765625,265.2900085449219,136174300,254.5615005493164,310.44200012207034,269.3258765920538,47.10109767779878,-8.498768224721914,-14.920571920221546,293.01612723833057,216.10687386030224,20.022977866677497,-0.05474611137253549,-0.05630172235818194,0.06096131037182565
2025-04-04,239.42999267578125,261.0,236.0,255.3800048828125,181229400,253.39949951171874,306.9829998779297,266.4786495524088,39.724258128213215,-10.022569254556743,-13.940971387088585,292.2067184024278,214.5922806210097,20.82705078900745,-0.10419786826814681,-0.11003572551557192,0.06547690207466692
2025-04-07,233.2899932861328,252.0,214.25,223.77999877929688,183453800,253.95649948120118,303.517200012207,263.3178251460968,38.30007242764941,-11.592013667937124,-13.471179843258293,291.24364699955464,216.6693519628477,22.03583287550692,-0.025644236634809525,-0.02597878190231111,0.05531853779668715
2025-04-08,221.8600006103516,250.44000244140625,217.8000030517578,245.0,171603500,253.520499420166,300.0114001464844,259.3694609045973,35.73187206176716,-13.601326926996194,-13.497209260005874,292.07326722376723,214.96773161656478,22.793273340802745,-0.048994783337158454,-0.050235731001905815,0.05591484044175378
2025-04-09,272.20001220703125,274.69000244140625,223.8800048828125,224.69000244140625,219433400,254.72600021362305,297.4936004638672,260.5914181714958,51.239611842626985,-11.00484690940712,-12.998736789886125,294.0247246650846,215.4272757621615,24.938753947249307,0.22689989839624514,0.20449058000160122,0.07402562176998004
2025-04-10,252.3999938964844,262.489990234375,239.3300018310547,260.0,181722600,255.3120002746582,294.75960021972656,259.8112825262566,46.48810198528466,-10.42464497271385,-12.483918426451671,294.10169162110515,216.52230892821126,25.505272263586967,-0.07274069589492616,-0.07552202857803939,0.07575303007678415
2025-04-11,252.3099975585937,257.739990234375,241.3600006103516,251.83999633789065,128948100,255.42850036621093,291.8002001953125,259.09687443409825,46.46701014559368,-9.858450627925947,-11.958824866746527,294.1673983271835,216.68960240523833,24.853466360760997,-0.0003565623615966462,-0.0003566259450702648,0.07534110201978969
2025-04-14,252.3500061035156,261.79998779296875,245.92999267578125,258.3599853515625,100135200,256.14550094604493,288.7552001953125,258.45431554547133,46.47863566658855,-9.299312489503734,-11.426922391297968,294.0909935902997,218.20000830179018,24.21178984336289,0.00015856900364252802,0.00015855643290693837,0.07439311781724403
2025-04-15,254.1100006103516,258.75,247.5399932861328,249.91000366210932,79594300,257.5855010986328,286.1638003540039,258.0405712659361,47.02366027618479,-8.614867805129023,-10.86451147406418,292.83077040884234,222.34023178842324,23.283091048398912,0.006974418324816822,0.006950209565496565,0.07309668255092114
2025-04-16,241.5500030517578,251.97000122070312,233.88999938964844,247.6100006103516,112378700,257.8700012207031,283.1506005859375,256.4700409598239,43.610600244410605,-8.982383965291604,-10.488085972309666,292.49561620008467,223.24438624132156,23.064298917849214,-0.049427403598542696,-0.05069074290399683,0.07360216517113767
2025-04-17,241.3699951171875,244.33999633789065,237.67999267578125,243.47000122070312,83404800,258.1255012512207,280.41460021972654,255.03194135576328,43.561800214072306,-9.182320234099336,-10.2269328246676,292.1802168407911,224.07078566165035,21.892563542439227,-0.0007452201709629014,-0.0007454979855451015,0.0736075322771457
2025-04-21,227.5,232.2100067138672,222.7899932861328,230.259994506836,97768000,257.0650009155273,277.4782000732422,252.40985170283344,39.860610733998826,-10.340761989845703,-10.24969865770322,293.4666350538407,220.66336677721395,21.655951991626043,-0.05746362595919796,-0.05918076725792799,0.07385278193032235
2025-04-22,237.97000122070312,242.7899932861328,229.8500061035156,230.9600067138672,120858500,255.04400024414062,275.0052001953125,251.03462784739247,43.74607933787726,-10.29531583796873,-10.258822093756322,290.97050513415104,219.11749535413017,21.20124065551938,0.04602198338770602,0.04499438204493094,0.06918421213890187
2025-04-23,250.7400054931641,259.45001220703125,244.42999267578125,254.8600006103516,150381900,253.17399978637695,273.0054000854492,251.0065685755612,48.146474452984144,-9.123694542393366,-10.031796583483732,285.7525477441543,220.5954518285996,21.221152822005717,0.05366224400956132,0.05227194715975201,0.06988344911646518
2025-04-24,259.510009765625,259.5400085449219,249.1999969482422,250.5,94464200,252.5465003967285,271.6256002807617,251.81642011747203,50.98233544463704,-7.402182422502477,-9.505873751287481,284.11356530973796,220.97943548371904,20.44392844876814,0.0349764859229853,0.03437870754426389,0.0693390177082052
2025-04-25,284.95001220703125,286.8500061035156,259.6300048828125,261.69000244140625,167560700,253.13750076293945,270.59440032958986,254.97200031647768,58.1348862562845,-3.939662106207976,-8.392631422271581,286.60903860680116,219.66596291907774,20.936504726562607,0.09803091011549903,0.09351849398026,0.07274401334211132
2025-04-28,285.8800048828125,294.8599853515625,272.4200134277344,288.9800109863281,151731800,254.25400161743164,269.19320037841794,257.91561979898574,58.374008507297624,-1.1077774044196644,-6.935660618701198,290.42149927732805,218.0865039575352,21.043895240653,0.0032637046356942534,0.0032583903115033577,0.0721492087772667
2025-04-29,292.0299987792969,293.32000732421875,279.4700012207031,285.5,108906600,255.89750137329102,267.9170004272461,261.1646082733011,60.00104106226623,1.6141577286602455,-5.22569694922891,295.6199753935576,216.1750273530245,20.53004601657176,0.021512501019458785,0.021284373105168935,0.07201167058871162
2025-04-30,282.1600036621094,284.45001220703125,270.7799987792969,279.8999938964844,128961100,256.5825019836426,266.47800079345706,263.1641697389019,56.20415953773914,2.9409829919111417,-3.5923609610008995,297.599310889615,215.56569307767015,20.581471301102347,-0.03379788089732105,-0.03438223363024816,0.07229281926043334
2025-05-01,280.5199890136719,290.8699951171875,279.8099975585937,280.010009765625,99659000,256.4705009460449,264.8772006225586,264.8171049079276,55.57485326954811,3.8161755995182602,-2.1106536488970677,297.21208547864234,215.72891641344748,19.90136603378031,-0.005812356915055328,-0.005829314402079844,0.07141122954156436
2025-05-02,287.2099914550781,294.7799987792969,279.8099975585937,284.8999938964844,114454700,257.467000579834,263.5334005737305,266.949760769561,57.65758099130191,4.992054041265476,-0.690112110864559,300.14625632329546,214.78774483637255,19.549125689989086,0.023848576584252656,0.02356864125337387,0.07028481927653943
2025-05-05,280.260009765625,284.8500061035156,274.3999938964844,284.57000732421875,94618900,259.50850143432615,262.3826010131836,268.2174035310909,54.78415093972218,5.302022326196322,0.5083147765476174,302.44666034435346,216.57034252429884,19.067759394889418,-0.024198258752220814,-0.024495847170982712,0.06582999595055937
2025-05-06,275.3500061035156,277.7300109863281,271.3500061035156,273.1099853515625,76715800,261.6115020751953,261.279001159668,268.896699014179,52.78281675584654,5.092771860418964,1.4252061933218867,303.3092677699443,219.91373638044627,18.342205413976558,-0.017519458684867262,-0.01767474071206643,0.06562445010032607
2025-05-07,276.2200012207031,277.9200134277344,271.0,276.8800048828125,71592600,264.3295021057129,260.74740142822264,269.59415636718126,53.10968109904695,4.940193221532354,2.1282035989639803,302.2214384904581,226.43756572096765,17.5263345578164,0.003159597232260225,0.0031546161942166075,0.06416787732907084
2025-05-08,284.82000732421875,289.79998779296875,279.4100036621094,279.6300048828125,97539400,264.96050186157225,260.6278018188477,271.04423741070866,56.328055937650326,5.450393427567917,2.792641564684768,303.7650038579764,226.1559998651681,17.24445255884849,0.031134624811778533,0.030659773437438274,0.04027717260605095
2025-05-09,298.260009765625,307.0400085449219,290.0,290.2099914550781,132387800,267.2535026550293,260.95400177001954,273.6362157302245,60.850422757161716,6.860147135000659,3.606142678747946,308.17997499135413,226.32703031870446,17.599848891838107,0.04718770485146129,0.046108194570086934,0.03721300018466111
2025-05-12,318.3800048828125,322.2099914550781,311.5,321.989990234375,112826700,270.55700302124023,261.4620016479492,277.8975289828519,66.45125700687066,9.491490566012715,4.783212256200899,316.48570707778646,224.628298964694,18.053429805953467,0.06745790403815088,0.06528003118679684,0.0393413141856183
2025-05-13,334.07000732421875,337.5899963378906,316.79998779296875,320.0,136992600,274.6430030822754,262.4504019165039,283.2472888248868,70.04964095190932,12.696543413943346,6.365878487749389,327.3985304332963,221.8874757312545,18.24889971587978,0.049280740626853614,0.04810492051681205,0.0400622149444504
2025-05-14,347.67999267578125,350.0,337.0,342.5,136997300,279.3215026855469,263.9632015991211,289.3837368106863,72.77725256976038,16.148631588783473,8.322429107956207,339.96927068740365,218.67373468369013,18.083263498729885,0.04073991993646375,0.0399319216619113,0.04042149659658205
2025-05-15,342.82000732421875,346.1400146484375,334.7200012207031,340.3399963378906,97882600,284.38500289916993,265.23760162353517,294.47290543102275,70.31468300574994,18.281537947422123,10.31425087584939,348.3902402419532,220.37976555638664,17.717315495611903,-0.013978329078298546,-0.01407694599861275,0.03808513395334792
2025-05-16,349.9800109863281,351.6199951171875,342.3299865722656,346.239990234375,95895700,289.815503692627,266.9682015991211,299.7592964362899,71.82715229899438,20.31545019635371,12.314490739950255,356.66751854729785,222.96348883795608,17.115364999134044,0.0208856061756566,0.020670491941373468,0.037820903220453124
2025-05-19,342.0899963378906,343.0,333.3699951171875,336.29998779296875,88869900,295.5450035095215,268.55660125732425,303.7907916650138,67.7318402499472,21.048053209215595,14.061203233803326,359.6368386657467,231.4531683532963,17.079268632705944,-0.022544186527114873,-0.02280219175263177,0.03476761363543834
2025-05-20,343.82000732421875,354.989990234375,341.6300048828125,347.8699951171875,131715500,300.83750381469724,270.9900015258789,307.6030979182714,68.16050741961293,21.52017264886615,15.552997116815892,362.4722352306929,239.20277239870157,16.813605541195695,0.005057180873010214,0.005044436283555748,0.03443123425388068
2025-05-21,334.6199951171875,347.3500061035156,332.20001220703125,344.42999267578125,102354800,305.03150329589846,273.07080139160155,310.1761357467396,63.34148969056634,20.910918556306513,16.624581404714014,363.80888896618853,246.25411762560836,16.69477613800203,-0.026758222357769146,-0.027122740878422213,0.0348776324557476
2025-05-22,341.0400085449219,347.2699890136719,331.3900146484375,331.8999938964844,97113400,309.1080032348633,274.9298016357422,313.11555220370934,65.1909705447257,20.707419485928824,17.441149020956978,365.96915759030134,252.2468488794253,16.63657601137577,0.019185982671137136,0.019004252475032086,0.03458138652573007
2025-05-23,339.3399963378906,343.17999267578125,333.2099914550781,337.9200134277344,84654800,311.82750244140624,276.9030017089844,315.6131183117266,64.26635858427778,20.176387394491655,17.988196695663916,369.0086282277313,254.64637665508116,16.160392097756294,-0.004984788190348977,-0.004997253689502847,0.028611189681022407
2025-05-27,362.8900146484375,363.7900085449219,347.32000732421875,347.3500061035156,120146400,315.6780029296875,279.16120208740233,320.1156798676039,70.50683010414244,21.409040209227044,18.67236539837654,375.6546420054019,255.7013638539731,16.752507819847363,0.06939947711644767,0.06709725458197968,0.03156385339148308
2025-05-28,356.8999938964844,365.0,355.9100036621094,364.8399963378906,91404300,318.9215026855469,281.5390020751953,323.6189478703544,67.28798969225058,21.652979759542234,19.26848827060968,380.4285832531322,257.4144221179616,16.205185571136166,-0.016506435862546853,-0.016644185010272462,0.032129924409923495
2025-05-29,358.42999267578125,367.7099914550781,356.0,365.2900085449219,88087800,322.7350021362305,284.20140197753904,326.93428547087126,67.69368789195977,21.719394070422084,19.758669430572162,384.1096910713088,261.36031320115217,15.88410027713202,0.004286911755287504,0.0042777491260106125,0.0304469978191905
2025-05-30,346.4599914550781,363.6799926757813,345.2900085449219,355.5199890136719,123474900,326.0320022583008,286.4134017944336,328.7938765169862,61.28942452438215,20.569041720081884,19.920743888474107,385.01950228759705,267.04450222900454,16.06309198096969,-0.03339564619395741,-0.03396601533337422,0.03190819912544159
2025-06-02,342.69000244140625,348.0199890136719,333.3299865722656,343.5,81873800,328.8060028076172,288.542001953125,330.1173170812167,59.38387553134239,19.13262361294028,19.76311983336734,385.39940289079607,272.2126027244383,15.96501415671516,-0.01088145559849063,-0.010941091649071494,0.032121457730654855
2025-06-03,344.2699890136719,355.3999938964844,343.0400085449219,346.6000061035156,99324500,332.00650177001955,290.4532015991211,331.4651905985934,59.94593104391816,17.91522802920167,19.39354147253421,384.3355037128331,279.677499827206,15.732512535169658,0.004610541775392996,0.004599945784019605,0.031169677224739928
2025-06-04,332.04998779296875,345.6000061035156,327.3299865722656,345.1000061035156,98912100,334.8415008544922,291.5264010620117,331.52088556948627,53.75057357535874,15.782451015456388,18.671323381118647,380.27479528776286,289.40820642122156,15.913763034889682,-0.03549540073392177,-0.03614067809813415,0.03226878457042294
2025-06-05,284.70001220703125,324.54998779296875,273.2099914550781,322.489990234375,287499800,335.26550140380857,291.4576010131836,327.061754773062,37.55470592229331,10.15440885235654,16.967940475366227,378.61296811284245,291.9180346947747,18.979922556532607,-0.14259893789082123,-0.15384948606327908,0.046977107098936086
2025-06-06,295.1400146484375,305.5,291.1400146484375,298.8299865722656,164747700,335.78150177001953,291.9192013549805,324.02158904690725,41.72412405249914,6.4620750577624335,14.86676739184547,376.90326252346233,294.65974101657673,19.109927216278045,0.036670186138995975,0.0360138325066553,0.047169960240768645
2025-06-09,308.5799865722656,309.8299865722656,281.8500061035156,285.9599914550781,140908900,336.29750061035156,292.62820098876955,322.5509602397985,46.66152893888109,4.567713576630808,12.806956628802538,375.7480544925729,296.8469467281302,19.74350244859747,0.04553761352840424,0.04453121583281344,0.047089759793268585
2025-06-10,326.0899963378906,327.8299865722656,310.6700134277344,314.94000244140625,151256500,336.6830001831055,293.87900115966795,322.88801129675966,52.328388801279075,4.428283410875167,11.131221985217065,375.57236968168263,297.79363068452835,19.70825227369765,0.05674382827003055,0.05519232015438431,0.046370920434921664
2025-06-11,326.42999267578125,335.5,322.5,334.3999938964844,122611400,336.3009994506836,295.2244009399414,323.2253428566665,52.43406337331232,4.295700699292922,9.764117728032238,375.4348549726164,297.1671439287508,19.22909139700496,0.0010426457165473302,0.0010421025390305668,0.04503182062342143
2025-06-12,319.1099853515625,332.5599975585937,316.8599853515625,323.0799865722656,105127500,334.8724990844727,296.2374008178711,322.8334040466566,49.87088010454991,3.5589392931378825,8.523082041053367,374.32507936275516,295.4199188061902,18.977014312006833,-0.022424432461661592,-0.022679683166052338,0.04422086593130172
2025-06-13,325.3099975585937,332.989990234375,313.29998779296875,313.9700012207031,128964300,333.9969985961914,297.0884005737305,323.0692700954125,52.010695524735816,3.435734728840714,7.505612578610838,373.4823857139179,294.51161147846494,19.027942035535364,0.019429076154419578,0.019242741328905938,0.044427048488204696
2025-06-16,329.1300048828125,332.04998779296875,326.4100036621094,331.2900085449219,83925900,332.9544982910156,298.3254006958008,323.6464829323077,53.332470064342964,3.6047831931741143,6.725446701523493,371.79255638922797,294.1164401928033,18.150231192595342,0.011742668079331775,0.01167425797647222,0.044229698141823814
2025-06-17,316.3500061035156,327.260009765625,314.739990234375,326.0899963378906,88282700,331.66749877929686,299.86380096435545,322.95158037718465,48.517812152664305,2.6766613387544,5.915689628969675,370.9131310600427,292.421866498551,17.881644296584067,-0.03882963749794621,-0.03960360944657592,0.04477257640887708
2025-06-18,322.04998779296875,329.32000732421875,315.45001220703125,317.3099975585937,95137700,330.57899780273436,301.63900085449217,322.86571441678313,50.657366834595855,2.3736964726126644,5.207290997698273,369.6231129334318,291.53488267203693,17.59509792662717,0.0180179597897272,0.017857560202303197,0.044987221827976764
2025-06-20,322.1600036621094,332.3599853515625,317.7799987792969,327.95001220703125,108688000,329.9559982299805,303.64500091552736,322.79850386871897,50.699954151132616,2.118056359383388,4.589444070035296,369.11976175032464,290.7922347096363,17.379732829887057,0.0003416111576173275,0.00034155282181088666,0.044617119513201124
2025-06-23,348.67999267578125,357.5400085449219,327.4800109863281,327.5400085449219,190716800,330.33799743652344,305.17460052490236,325.2634075646297,59.724096452112725,4.009185806127618,4.473392417253761,370.0716508825781,290.60434399046875,18.665466547953162,0.0823193093872907,0.07910624722725408,0.04820267460025133
2025-06-24,340.4700012207031,356.260009765625,340.44000244140625,356.1700134277344,114736200,330.3944976806641,306.9360006713867,326.7116545794938,56.289020441011175,4.790223110651709,4.536758555933351,370.1823695809468,290.60662578038136,18.46221946054356,-0.023545920693855638,-0.023827555571310416,0.04852691444969517
2025-06-25,327.54998779296875,343.0,320.3999938964844,342.70001220703125,119845100,328.62749633789065,308.44080047607423,326.79149583792,51.28958576433226,4.316901145765598,4.492787073899801,365.51939379616084,291.73559887962045,18.75777564932728,-0.037947582404945,-0.03868634165630777,0.04649505461581038
2025-06-26,325.7799987792969,331.04998779296875,323.6099853515625,324.6099853515625,80440900,327.0714965820313,309.90940032958986,326.6951627847178,50.62620199167876,3.7556736890431353,4.345364396928468,361.6125212040613,292.53047196000125,17.949363277332917,-0.0054037218123500486,-0.005418374727754274,0.046404621158714035
2025-06-27,323.6300048828125,329.3399963378906,317.5,324.510009765625,89067000,325.3314971923828,311.29980041503904,326.40324298453635,49.78388458968534,3.1016563828995345,4.096622794122681,356.74279624235186,293.92019814241377,17.512979924515612,-0.006599526995335614,-0.006621400161764133,0.046372446936327597
2025-06-30,317.6600036621094,325.5799865722656,316.6000061035156,319.8999938964844,76695100,323.89149780273436,312.8220004272461,325.5705535252576,47.42436376307144,2.0776637364585895,3.6928309825898635,353.9058780840777,293.877117521391,16.903479963389497,-0.018446995428822777,-0.01861926308527601,0.04599319642221121
2025-07-01,300.7099914550781,305.8900146484375,293.2099914550781,298.4599914550781,145085700,321.792497253418,314.0088003540039,323.2028809471453,41.42170948452695,-0.10042451001999098,2.9341798840678925,352.12465020087984,291.46034430595614,17.44251798079248,-0.05335897504131726,-0.0548353231730864,0.04732391789475276
2025-07-02,315.6499938964844,316.8299865722656,303.82000732421875,312.6300048828125,119483700,320.3614974975586,315.7718002319336,322.48355837089184,47.7047440278707,-0.6139643999975988,2.2245510272547944,348.96826249387846,291.7547325012388,17.348052061963553,0.04968242780731846,0.04848766871497916,0.04887399592202903
2025-07-03,315.3500061035156,318.45001220703125,312.760009765625,317.989990234375,58042300,319.52649841308596,317.3194003295898,321.8041724406655,47.59435502827782,-1.0332443724960854,1.5729919473046183,347.69131614357593,291.361680682596,16.515334231923745,-0.0009503811144286889,-0.0009508330128998894,0.0482777355300611
2025-07-07,293.94000244140625,296.1499938964844,288.7699890136719,291.3699951171875,131177900,319.9884979248047,318.1834002685547,319.15044196454556,40.40770839524817,-3.0578857328555955,0.6468164112725755,346.0798779290525,293.89711792055687,17.234240150346604,-0.06789282780315342,-0.07030747928005848,0.03872540647998709
2025-07-08,297.8099975585937,304.04998779296875,294.3500061035156,297.0,103246700,320.1219970703125,318.94940002441405,317.11801868778826,42.10931016599923,-4.300577949055594,-0.3426624607930584,345.7262266800915,294.5177674605335,16.72536480757631,0.013165935514200422,0.013080017887538436,0.03797708496795794
2025-07-09,295.8800048828125,300.1499938964844,293.54998779296875,297.54998779296875,75586800,319.4869979858398,319.1679998779297,315.09535070636196,41.47329667484566,-5.379147301137209,-1.3499594288618886,346.7790282206449,292.19496775103477,16.002124900143404,-0.0064806174796112614,-0.006501707849529535,0.0365294626867937
2025-07-10,309.8699951171875,310.4800109863281,300.0,300.04998779296875,104365300,318.6759979248047,319.6477996826172,314.5976977931072,47.64611569188931,-5.046868828360573,-2.0893413087616253,346.0986429709926,291.25335287861674,15.901973557527134,0.0472826483827995,0.046198855706690405,0.035789686141443275
2025-07-11,313.510009765625,314.0899963378906,305.6499938964844,307.8900146484375,79236400,318.0299987792969,320.07739990234376,314.4941084571565,49.14891205147478,-4.438650977980899,-2.55920324260548,345.29985029260274,290.760147265991,15.368975620661356,0.01174690904506881,0.01167844971117151,0.03591649495951395
2025-07-14,316.8999938964844,322.6000061035156,312.6700134277344,317.7300109863281,78043400,317.919499206543,320.77219970703123,314.7232404037592,50.57190999165485,-3.6411180194896815,-2.7755861979823204,345.18886056582704,290.6501378472589,14.980476838884204,0.010813001260769006,0.01075495879659973,0.035660900995055846
2025-07-15,310.7799987792969,321.20001220703125,310.5,319.67999267578125,77556300,317.1929992675781,321.37739990234377,314.3476935823818,47.9624908400845,-3.4629807762367477,-2.913065113633206,344.4102265398362,289.97577199532003,14.674729365180422,-0.01931207079538977,-0.019500985006087518,0.035616688769925235
2025-07-16,321.6700134277344,323.5,312.6199951171875,312.79998779296875,97284800,316.8199996948242,322.06660034179686,315.0450573771773,52.64484072160475,-2.415231274368466,-2.813498345780258,343.5731538305718,290.0668455590766,14.535105926289187,0.03504091219258654,0.03444095462458378,0.03645015976989973
2025-07-17,319.4100036621094,324.3399963378906,317.0599975585937,323.1499938964844,73922900,316.9729995727539,322.84960021972654,315.4607665471708,51.60701919997759,-1.7471065886882684,-2.6002199943618605,343.74864271489747,290.19735643061034,14.01688398721831,-0.007025863995037018,-0.007050661595447646,0.0353684796539779
2025-07-18,329.6499938964844,330.8999938964844,321.4200134277344,321.6600036621094,94255000,317.3529998779297,323.93559997558594,316.81212153281973,55.85357028491537,-0.38687171267889653,-2.1575503380252674,344.61732711860856,290.0886726372508,13.836391576300931,0.03205907804067243,0.031555911584314186,0.03585851199020137
2025-07-21,328.489990234375,338.0,326.8800048828125,334.3999938964844,75768800,317.669499206543,324.9809997558594,317.92429950439646,55.2619747593166,0.590712262290424,-1.6078978179621293,345.29426900378223,290.0447294093037,13.642363257792828,-0.0035188948387289143,-0.003525100711992725,0.03587701611477738
2025-07-22,332.1099853515625,335.4100036621094,321.54998779296875,329.739990234375,77370400,316.840998840332,325.92679931640623,319.27531720412657,56.79975220528303,1.6386684085829302,-0.9585845726531175,341.53427002709424,292.1477276535698,13.657909872889098,0.0110201078413521,0.010959828902223289,0.030584083889152493
2025-07-23,332.5599975585937,336.20001220703125,328.6700134277344,330.8999938964844,92553800,316.44549865722655,326.6127990722656,320.54052485693296,56.997635896141595,2.476940797166833,-0.2714794986891274,339.83103679014664,293.05996052430646,13.22020193763251,0.0013550095657461902,0.001354092368731555,0.030164067395896412
2025-07-24,305.29998779296875,310.1499938964844,300.4100036621094,310.0,156966000,315.33299865722654,326.35119873046875,319.0890451365554,43.88415703572458,0.9308919944159015,-0.031005200068121602,338.6163685906823,292.04962872377075,14.572329934693354,-0.08197020076301276,-0.08552542784602506,0.034339417153048224
2025-07-25,316.0599975585937,323.6300048828125,308.010009765625,308.739990234375,148227000,314.8469985961914,325.9909985351562,318.80056441484476,48.88329655627867,0.5673400989837774,0.08866385974225818,337.6384065033668,292.05559068901596,14.840736160061239,0.0352440556693423,0.03463720149934859,0.035373221903832616
2025-07-28,325.5899963378906,330.489990234375,315.69000244140625,318.45001220703125,112673800,314.9449981689453,325.54919860839846,319.44717697894436,52.886604808192764,1.036268401492464,0.2781847680922993,337.9028730474197,291.9871232904709,14.837825562411776,0.030152499060024818,0.029706848621968117,0.03601082206943412
2025-07-29,321.20001220703125,326.25,318.25,325.54998779296875,87358900,315.1219985961914,325.1167987060547,319.6141136673336,50.908710507218785,1.0416548798966119,0.4308787904531618,338.2150601404833,292.02893705189956,14.349409450810935,-0.013483166498468035,-0.013574889801361277,0.03588713550128031
2025-07-30,319.0400085449219,324.45001220703125,311.6199951171875,322.17999267578125,83931900,316.0384994506836,324.49799865722656,319.55943698900865,49.919466232801035,0.8616963599606606,0.5170423043546616,338.2073642535526,293.8696346478146,14.240881425027565,-0.006724793213012448,-0.006747506520358081,0.03359921195791505
2025-07-31,308.2699890136719,321.3699951171875,306.1000061035156,319.6099853515625,85270900,315.669499206543,323.8215985107422,318.484251467548,45.20291479144207,-0.14826354117099072,0.38398113524953115,338.0961281439478,293.24287026913817,14.31438910993073,-0.03375758288237862,-0.03434052685502853,0.032733479685363456
2025-08-01,302.6300048828125,309.3099975585937,297.82000732421875,306.2099914550781,89121400,315.0334991455078,322.99779846191404,316.9743232213827,42.916150126756655,-1.387766316984596,0.029631644802705748,338.1705034559331,291.8964948350825,14.112646333105317,-0.01829559909125389,-0.018465033347039538,0.032970447289374864
2025-08-04,309.260009765625,312.1199951171875,303.0,309.0799865722656,78683900,315.79949951171875,322.4905987548828,316.2396267017867,46.35196311473468,-1.8141824462211957,-0.33913117340207455,337.0280995008663,294.5708995225712,13.782456611767438,0.021907956170373222,0.02167142527004271,0.029375871630056855
2025-08-05,308.7200012207031,312.45001220703125,305.5,308.95001220703125,57961300,316.3449996948242,321.8441986083984,315.52347189406447,46.108535938436326,-2.170672318053107,-0.7054394023322812,336.2136332363228,296.4763661533256,13.294424868571996,-0.0017461311772288823,-0.0017476574412364776,0.029292348314369606
2025-08-06,319.9100036621094,320.4700012207031,306.92999267578125,307.8900146484375,78523600,317.54649963378904,321.4555987548828,315.94123682435446,51.761881374652845,-1.5325867258086987,-0.8708688670275647,335.08978434672844,300.00321492084964,13.311966559739844,0.03624644466558724,0.03560499649944306,0.03016970080924192
2025-08-07,322.2699890136719,322.3999938964844,316.1600036621094,319.7900085449219,66658700,318.16649932861327,320.6431982421875,316.54397512809896,52.88445180616765,-0.8269358009819143,-0.8620822538184347,335.4553907360638,300.87760792116273,12.806825393642356,0.007377028928595486,0.007349951735303974,0.028451686404457832
2025-08-08,329.6499938964844,335.1499938964844,320.9800109863281,321.42999267578125,91200300,318.97349853515624,320.0981982421875,317.79216739175473,56.30859028684595,0.32406671824901423,-0.6248524594049449,336.81553669533275,301.1314603749797,12.904193787679063,0.02290006868278205,0.02264179762598033,0.028753133431450303
2025-08-11,339.0299987792969,346.6400146484375,334.1499938964844,335.0,105320200,320.0799987792969,319.7101983642578,319.8148180000921,60.26160551309939,1.9704187485460238,-0.10579821781475118,339.90507660157505,300.2549209570187,13.196038570841495,0.02845443669493286,0.028057128395424267,0.029274082622705803
2025-08-12,340.8399963378906,345.260009765625,332.94000244140625,345.0,80522100,321.58299865722654,319.59779846191407,321.81721593702525,60.99495803052262,3.3822280504780338,0.5918070358438058,342.86433263453455,300.30166467991853,13.133464910368442,0.005338753399730889,0.005324552775796538,0.02876444463633203
2025-08-13,339.3800048828125,348.9800109863281,338.20001220703125,341.5,67838900,322.46849822998047,319.5315985107422,323.4898625032907,60.03257828408875,4.333335985199369,1.3401128257149184,345.1202952819803,299.81670117798063,12.965360186720472,-0.004283509772223915,-0.004292710283261014,0.02793708774080317
2025-08-14,335.5799865722656,340.4700012207031,330.3999938964844,335.760009765625,75000700,323.2769973754883,319.35779846191406,324.64130289081214,57.490052859820274,4.725987909450851,2.017287842462105,346.5793700812339,299.9746246697427,12.75854926797035,-0.011196942235471519,-0.011260099884090402,0.028031770641633758
2025-08-15,330.5599975585937,339.29998779296875,327.0199890136719,337.6600036621094,74319800,323.32249755859374,319.32799865722654,325.2049880972675,54.222947139378164,4.5793088073098716,2.5296920354316583,346.6779614600649,299.96703365712256,12.72436709020796,-0.0149591430196655,-0.015072159502432781,0.02741844602811485
2025-08-18,335.1600036621094,336.2699890136719,329.5899963378906,329.6199951171875,56956600,323.65599822998047,320.33719848632813,326.15308481772865,56.653816766083686,4.779155481328246,2.9795847246109757,347.4828217132097,299.8291747467512,12.292626060606052,0.013915797850586165,0.013819862125930686,0.02756063254514468
2025-08-19,329.3099975585937,340.54998779296875,327.8500061035156,335.7900085449219,75956000,323.51599884033203,321.0205981445313,326.45374317400154,52.81288720230751,4.414600046944486,3.2665877890776778,347.17479593603775,299.8572017446263,12.321722891237986,-0.017454368181154867,-0.017608491717904292,0.027770813995758956
2025-08-20,323.8999938964844,331.3699951171875,314.6000061035156,329.2200012207031,77481800,323.08299865722654,321.3269982910156,326.2105289570951,49.472499000647105,3.647103616225479,3.3426909545072383,346.3780503047104,299.78794700974265,12.63945618569755,-0.016428300696053832,-0.016564741620176276,0.02800718246565632
2025-08-21,320.1099853515625,324.8999938964844,318.67999267578125,322.0799865722656,55744400,323.82349853515626,321.20739807128905,325.6295248041872,47.2192785147176,2.701889450497731,3.2145306537053373,345.709264172336,301.9377328979765,12.180923688197948,-0.011701168929731831,-0.011770166368817137,0.020782588200852325
2025-08-22,340.010009765625,340.25,319.69000244140625,321.6600036621094,94016300,325.0209991455078,321.47899841308595,326.9990948005146,58.02846083006463,3.5180126135080627,3.2752270456658827,347.68367653275817,302.35832175825743,12.779428964654793,0.062166209505171155,0.06031041669933769,0.023679873034280274
2025-08-25,346.6000061035156,349.5299987792969,335.0299987792969,338.8999938964844,86670000,326.0714996337891,322.028798828125,328.8658482579433,60.88522630636553,4.6430317497893725,3.5487879864905807,350.61225548915826,301.5307437784199,12.902326895750878,0.019381771561470362,0.019196337227210383,0.023168881104236132
2025-08-26,351.6700134277344,351.8999938964844,343.7200012207031,344.92999267578125,76651600,327.5949996948242,322.5559991455078,331.0376735122091,62.973286233014605,5.8759899849926,4.014228386190984,354.414302294834,300.7756970948144,12.56501730861019,0.01462783391499567,0.01452187916170169,0.022943428795444677
2025-08-27,349.6000061035156,355.3900146484375,349.1600036621094,351.94000244140625,65519000,329.1229995727539,322.96539916992185,332.80551471138114,61.52907570493792,6.609891266083139,4.533360962169415,357.26802300741116,300.9779761380966,12.112516857018615,-0.0058862207330171445,-0.005903612812939926,0.022922037498615266
2025-08-28,345.9800109863281,353.54998779296875,340.260009765625,350.9100036621094,67903200,331.00850067138674,323.5579992675781,334.06022864232847,58.98159193719439,6.820784211821945,4.990845612099921,358.3541409719843,303.6628603707892,12.196621226327553,-0.010354676927882056,-0.010408659566889222,0.021394966394960097
2025-08-29,333.8699951171875,348.75,331.70001220703125,347.2300109863281,81145700,332.5705001831055,323.7943994140625,334.0421111637436,51.32582990596992,5.942242841152279,5.181125057910393,356.62449151509594,308.516508851115,12.543290266801923,-0.03500206799409333,-0.0356293206445078,0.022680970927028303
2025-09-02,329.3599853515625,333.3299865722656,325.6000061035156,328.2300109863281,58392000,333.5754989624023,323.9383990478516,333.5961944197263,48.78611135341861,4.826436226519036,5.110187291632122,355.2074220671552,311.9435758576494,12.23805446300692,-0.01350828116207925,-0.01360034804236362,0.022687540186221006
2025-09-03,334.0899963378906,343.3299865722656,328.510009765625,335.20001220703125,88733300,334.84399871826173,323.64659912109374,333.6432231738372,51.49685744028202,4.274549456396471,4.943059724584992,353.22870754380034,316.4592898927231,12.422477487552184,0.014361219324440011,0.014259073808795026,0.022781155176831023
2025-09-04,338.5299987792969,338.8900146484375,331.4800109863281,336.1499938964844,60711000,335.7749984741211,323.6077990722656,334.1086303743572,53.9602831705459,4.147634951410907,4.783974769950175,352.88180863968824,318.66818830855397,12.064443642877697,0.01328983953448204,0.01320230431684188,0.02163078718564301
2025-09-05,350.8399963378906,355.8699951171875,344.67999267578125,348.0,108989800,337.20349884033203,324.07359924316404,335.7020937994556,60.02266002968993,4.982928122248381,4.823765440409817,354.33225468766096,320.0747429930031,12.44126883537862,0.036363092201525005,0.035717557533237444,0.02287131795238519
2025-09-08,346.3999938964844,358.44000244140625,344.8399963378906,354.6400146484375,75208300,338.040998840332,324.48599914550783,336.7209414277441,57.10206062311576,5.226386359091521,4.904289624146158,355.24834229461413,320.8336553860499,12.524035783102692,-0.01265534855703887,-0.0127361095766315,0.022747431476923402
2025-09-09,346.9700012207031,350.7699890136719,343.82000732421875,348.44000244140625,53816000,338.43799896240233,324.95279907226563,337.69704236040684,57.388718093824004,5.403040703175918,5.00403983995211,356.0792014410264,320.7967964837783,12.125889062127722,0.001645517708609212,0.0016441653277190816,0.02192644317165889
2025-09-10,347.7900085449219,356.3299865722656,346.07000732421875,350.54998779296875,72121700,338.7854995727539,325.5553991699219,338.65827723512257,57.82533490632044,5.545285680066627,5.112289007975013,356.87049602182657,320.70050312368124,11.992609789693375,0.0023633378140295314,0.0023605495234688204,0.02190827735599346
2025-09-11,368.80999755859375,368.989990234375,347.6000061035156,350.1700134277344,103756000,340.25699920654296,326.9173992919922,341.5298696468817,67.12456176307657,7.270345276384262,5.543900261656864,362.58700727688654,317.9269911361994,12.663850814062375,0.06043873744853956,0.05868272574299215,0.025530950834862783
2025-09-12,395.9400024414063,396.6900024414063,370.239990234375,370.9400024414063,168156400,343.275,328.5231994628906,346.71178705588403,74.83656490095248,10.703251671257703,6.575770543577033,376.107003071377,310.44299692862296,13.750718961830245,0.0735609258490948,0.07098109112687583,0.029516819241542473
2025-09-15,410.0400085449219,425.7000122070313,402.4299926757813,423.1300048828125,163823700,347.2490005493164,330.41699951171876,352.74304624531624,77.75697361675535,14.395663132236564,8.13974906130894,390.5381299006761,303.9598711979567,14.89423973352987,0.03561147147692445,0.03499204596495332,0.029548692828659198
2025-09-16,421.6199951171875,423.25,411.4299926757813,414.5,104285700,351.57200012207034,332.97059936523436,359.30275566168496,79.8276128649957,18.048284566036216,10.121456162254397,405.2019881532989,297.9420120908418,14.77393628506903,0.028241113869250656,0.027849686096646824,0.029789692326436988
2025-09-17,425.8599853515625,428.30999755859375,409.6700134277344,415.75,106133500,356.3994995117188,335.53159912109373,365.64153944167333,80.5418677183336,21.042579388239176,12.305680807451353,417.9428030716163,294.85619595182123,15.050082559768342,0.01005642588937583,0.010006196509857018,0.02898461421000545
2025-09-18,416.8500061035156,432.2200012207031,416.55999755859375,428.8699951171875,90454500,361.0470001220703,337.9509991455078,370.5185362666107,74.50482919716677,22.429990612192285,14.330542768399539,426.0146100655404,296.0793901786002,15.0936483527927,-0.021157139806429193,-0.021384159862326838,0.029258128967703717
2025-09-19,426.0700073242188,429.4700012207031,421.7200012207031,421.8200073242188,93131000,366.3450012207031,340.2749993896484,375.8091525578115,76.45011291181763,23.996879952129746,16.26381020514558,434.3078258872839,298.38217655412234,14.916958835963756,0.022118270566640286,0.021877209710827492,0.02872217183873216
2025-09-22,434.2099914550781,444.9800109863281,429.1300048828125,431.1099853515625,97108800,371.0550003051758,342.6889990234375,381.37113721469404,78.04296682324333,25.600374551384277,18.131123074393322,443.94281956238797,298.1671810479636,15.202176323545583,0.01910480435358397,0.01892459915165659,0.02651226519990658
2025-09-23,425.8500061035156,440.9700012207031,423.7200012207031,439.8800048828125,83422700,375.01750030517576,344.8679992675781,385.60721996601035,72.61101084701296,25.898038160346402,19.68450609158394,450.71900461572045,299.31599599463107,15.348449443292326,-0.019253323313789705,-0.019441082441463448,0.02738750453931306
2025-09-24,442.7900085449219,444.2099914550781,429.0299987792969,429.8299865722656,93133600,379.57350006103513,347.5081994628906,391.0531998306686,76.22246377170413,27.187455277675724,21.185095928802298,459.9307695871999,299.21623053487036,15.56355915102591,0.03977927016229388,0.03900845039857305,0.028144426131264184
2025-09-25,423.3900146484375,435.3500061035156,419.0799865722656,435.239990234375,96746400,383.26300048828125,349.5425994873047,394.13289647997993,65.56084171942501,26.340275953041214,22.216131933650082,464.54729438447873,301.97870659208377,16.14544935257093,-0.04381307961359793,-0.04480186162620923,0.03058205295111891
2025-09-26,440.3999938964844,440.4700012207031,421.0199890136719,428.2999877929688,101628200,387.98399963378904,351.9623992919922,398.53928671012324,69.57878441184985,26.733278804490396,23.11956130781815,471.0075387319336,304.9604605356445,16.381489556460956,0.0401756741055197,0.03938961629749567,0.030892475873105806
2025-09-29,443.2099914550781,450.9800109863281,439.5,444.3500061035156,79491500,393.4509994506836,354.23359924316406,402.79363954297605,70.19736001666504,26.96069362093249,23.88778777044102,475.89899902589406,311.0029998754731,16.03138394430861,0.00638055766924972,0.006360288086303643,0.028856096278820024
2025-09-30,444.7200012207031,445.0,433.1199951171875,441.5199890136719,74358000,399.2190002441406,356.5581994628906,406.7866263694263,70.54397620599775,26.952079870150044,24.500646190382824,479.0235351540612,319.41446533422,15.73485686848746,0.0034069849388267404,0.0034011943142930328,0.02822824962692205
2025-10-01,459.4599914550781,462.2900085449219,440.75,443.7999877929688,98122300,405.4875,359.1051995849609,411.8031373299646,73.7530195149294,27.814024672476876,25.163321886801636,483.51970751640374,327.4552924835963,16.149510559661348,0.033144428390707636,0.03260699487618123,0.02849949360346851
2025-10-02,436.0,470.75,435.5700073242188,470.5400085449219,137009000,410.36100006103516,361.17399963378904,414.1076004413965,62.14804333382413,26.30091629984946,25.390840769411202,483.04911831848744,337.67288180358287,17.508830710812767,-0.051059922281332826,-0.052409624917241146,0.03225839998736956
2025-10-03,429.8299865722656,446.7699890136719,416.5799865722656,443.2900085449219,133188200,414.3104995727539,363.664599609375,415.6049705490983,59.49649953200538,24.323512186890753,25.177375052907117,482.0484258810627,346.57257326444505,18.414628691569444,-0.014151406944344913,-0.014252492909231236,0.0323286984735101
2025-10-06,453.25,453.5499877929688,436.6900024414063,440.75,85324900,419.6529998779297,366.4083996582031,419.19021144918423,65.51144929476976,24.36533610758977,25.014967263843648,481.74283000308014,357.56316975277923,18.793583872221852,0.054486690457546505,0.05305409919515741,0.033249115874361405
2025-10-07,433.0899963378906,452.6799926757813,432.4500122070313,447.8200073242188,102296100,423.95899963378906,368.55839965820314,420.5140004862039,57.58406493428486,22.512231068338565,24.514420024742634,476.4997208449784,371.4182784225997,18.93689843798948,-0.044478772558432134,-0.04549829949251959,0.03566681333430974
2025-10-08,438.6900024414063,441.3299865722656,425.2300109863281,437.5700073242188,71192100,428.5039993286133,370.90819946289065,422.2450482914613,59.065836330352674,21.250542637657645,23.86164454732564,468.0129444490862,388.9950542081404,18.73426109141434,0.012930352007361146,0.012847468714676435,0.03559868278892732
2025-10-09,435.5400085449219,436.3500061035156,426.1799926757813,431.80999755859375,69339900,431.8404998779297,373.23819946289063,423.511234982267,57.84178468718641,19.76858731546548,23.043033100953608,460.36512286482935,403.31587689103003,18.289671711000814,-0.007180455170972766,-0.0072063587131694804,0.03395690664277125
2025-10-10,413.489990234375,443.1300048828125,411.4500122070313,436.5400085449219,112107900,432.71799926757814,375.3425994873047,422.556830720563,50.02645913102719,16.623252342360047,21.759076949234895,457.62087447160036,407.8151240635559,19.246123208485127,-0.05062684914805626,-0.05195335338705128,0.03284607858978392
2025-10-13,435.8999938964844,436.8900146484375,419.7000122070313,423.5299987792969,79552800,434.01099853515626,378.0079992675781,423.8276081658889,56.46466599084575,15.757212386706499,20.558704036729218,456.65238917980474,411.3696078905078,19.54283043745494,0.054197209585187034,0.052779538485349636,0.034066875692803686
2025-10-14,429.239990234375,434.2000122070313,417.8599853515625,426.7900085449219,72669400,434.3919982910156,380.4075988769531,424.34307312479234,54.22867019514691,14.3678393385851,19.320531097100396,456.4350706260627,412.3489259559685,19.435486016559718,-0.015278742269702716,-0.01539666493428667,0.033799969724790956
2025-10-15,435.1499938964844,440.510009765625,426.3299865722656,434.8999938964844,71558200,434.8564987182617,382.93619873046873,425.37230367447734,55.89766049551402,13.587016423916566,18.173828162463632,456.5495818990421,413.16341553748134,19.06009581490255,0.013768529951932784,0.013674604901329141,0.033859919673722004
2025-10-16,428.75,439.3500061035156,421.30999755859375,434.7300109863281,77189900,435.4514984130859,385.11299865722657,425.6939890388128,53.61761119959027,12.309881961434883,17.001038922257884,455.7439814894159,415.15901533675594,18.98723243847536,-0.01470755828163206,-0.014816786729139185,0.03366166038614463
2025-10-17,439.30999755859375,441.4599914550781,423.6000061035156,425.5,89331600,436.1134979248047,387.453798828125,426.9907517549824,56.75222011531755,12.011387450359166,16.00310862787814,455.99834200541426,416.2286538441951,18.906714789410156,0.02462973191508744,0.024331310172500658,0.03374544830853884
2025-10-20,447.4299926757813,449.7999877929688,440.6099853515625,443.8699951171875,63719000,436.77449798583984,389.80939880371096,428.9373461283918,59.044257464762886,12.28839121940183,15.26016514618288,457.2329261537397,416.31606981794,18.30552017833622,0.018483519979771268,0.01831477587612344,0.03372922634828705
2025-10-21,442.6000061035156,449.2999877929688,442.0499877929688,445.760009765625,54412200,437.6119979858398,391.8807989501953,430.2385518403084,57.10555540883133,11.980080243862517,14.604148165718808,457.57847144735894,417.6455245243207,17.51584016559792,-0.010794954856246375,-0.010853643121685474,0.03350041552190505
2025-10-22,438.9700012207031,445.5400085449219,429.0,443.4500122070313,84023500,437.4209976196289,393.84339904785156,431.070118447965,55.62724071757886,11.312427890678748,13.945804110710796,457.25835162204476,417.58364361721306,17.4461379069782,-0.008201547294971134,-0.008235365016010689,0.032387090759466663
2025-10-23,448.9800109863281,449.3999938964844,413.8999938964844,420.0,126709800,438.70049743652345,396.0353991699219,432.7758224992377,58.794988178138276,11.458941180562647,13.448431524681167,458.0478640807509,419.353130792296,18.73569948505119,0.022803402824313368,0.022547291398770954,0.031034226773183737
2025-10-24,433.7200012207031,451.6799926757813,430.1700134277344,446.8299865722656,94727800,438.3664978027344,397.9981994628906,432.86574428223435,52.626946728243084,10.22582185451796,12.803909590648527,457.81534825494253,418.91764735052624,18.933862325265174,-0.03398817183887881,-0.03457920037137167,0.03083846747185806
2025-10-27,452.4200134277344,460.1600036621094,438.6900024414063,439.9800109863281,105867500,438.8269989013672,400.4353997802734,434.72805562942483,58.387946828613266,10.634908007556476,12.370109274030117,459.13014922335793,418.5238485793764,19.470015190703823,0.043115401997602554,0.042211814191010485,0.03231658837602514
2025-10-28,460.5499877929688,467.0,451.6000061035156,454.7799987792969,80185700,439.61849822998045,402.9431994628906,437.1872872640481,60.62959943114065,11.482766532576193,12.192640725739334,461.9152285341834,417.32176792577746,19.179299383973863,0.017969970655449474,0.01781041931942368,0.0325246223051937
2025-10-29,461.510009765625,465.7000122070313,452.6499938964844,462.5,67983500,439.7209991455078,405.58719970703123,439.503737026103,60.897473493465306,12.092768365865368,12.172666253764541,462.3972607706161,417.04473752039945,18.7414935930148,0.0020845119924044475,0.0020823424117692893,0.03170313353919812
2025-10-30,440.1000061035156,455.05999755859375,439.6099853515625,451.0499877929688,72447900,439.9259994506836,407.91119995117185,439.5605245572852,52.34390730468516,10.724960183962196,11.883125039804073,462.538038348504,417.3139605528632,18.967102937375348,-0.04639120107705208,-0.047501755655160294,0.03131679070832282
2025-10-31,456.55999755859375,458.0,443.6900024414063,446.75,83135800,441.2625,410.6402001953125,441.1795219859813,57.30853361911916,10.844141579925065,11.675328347828271,464.48127368953425,418.04372631046573,18.89088086302599,0.03740057084027071,0.03671813319553837,0.03212107070823068
2025-11-03,468.3699951171875,474.0700073242188,453.7999877929688,455.989990234375,84595200,442.01849975585935,413.20739990234375,443.76909085562,60.489001566745785,11.756045423830244,11.691471763028666,467.6124157551362,416.4245837565825,18.98939076789913,0.02586735066967427,0.025538450543862383,0.030317475632061035
2025-11-04,444.260009765625,460.2200012207031,443.6000061035156,454.4599914550781,87756600,442.5770004272461,415.1605999755859,443.81584503752526,51.97596777380999,10.413224299997864,11.435822270422506,467.8527216423989,417.30127921209333,19.402290642597183,-0.05147636612701911,-0.052848572813666,0.030917509593228667
2025-11-05,462.0700073242188,466.3299865722656,440.7099914550781,452.0499877929688,85573000,443.7460006713867,417.3685998535156,445.554336683877,56.811333551443404,10.663227791128179,11.281303374563642,470.32361436358303,417.16838697919036,19.846412390782206,0.040089130615176716,0.039306411995623604,0.03201236427358248
2025-11-06,445.9100036621094,467.4500122070313,435.0899963378906,461.9599914550781,109622900,444.2645004272461,419.2947998046875,445.58820972942294,51.72256132620729,9.448464105536345,10.914735520758184,470.5848936997101,417.9441071547821,20.740241210664955,-0.03497306340156048,-0.03559926445921521,0.033067418746818907
2025-11-07,429.5199890136719,439.3599853515625,421.8800048828125,437.9200134277344,103471500,445.0660003662109,420.96559936523437,444.05790299458954,47.11317633170185,7.081585814607138,10.148105579527975,468.3953707231517,421.73663000927013,20.97522389413866,-0.03675632866235745,-0.03744886561150212,0.03204178223734017
2025-11-10,445.2300109863281,449.6700134277344,433.3599853515625,439.6000061035156,76515900,445.5325012207031,423.1927996826172,444.16953232713604,51.56844132838798,6.399713284608367,9.398427120544053,468.4800778691954,422.58492457221087,20.91628107413322,0.03657576451501576,0.03592274671529928,0.03075888154320663
2025-11-11,439.6199951171875,442.489990234375,432.3599853515625,439.3999938964844,60533200,446.05150146484374,425.3979998779297,443.7362430690457,49.95022894589716,5.345028830978606,8.587747462630963,467.9470761743976,424.1559267552899,20.34154854274982,-0.01260026442672324,-0.01268032095842644,0.030687680299282687
2025-11-12,430.6000061035156,442.3299865722656,426.55999755859375,442.1499938964844,58513500,445.8240020751953,427.3282000732422,442.48517288185235,47.376059940451064,3.738253809739547,7.61784873205268,468.25590650393525,423.3920976464554,20.01500857638711,-0.02051769508633805,-0.020731107188327342,0.030931471923323607
2025-11-13,401.989990234375,424.5,396.3399963378906,423.1300048828125,118948000,444.4860015869141,428.59739990234374,438.62848882018784,40.284603484929605,0.1545028398944055,6.125179553621026,473.156703784681,415.8152993891472,21.032508661332674,-0.06644220962287406,-0.06875241071018368,0.03420958213234377
2025-11-14,404.3500061035156,412.1900024414063,382.7799987792969,386.2999877929688,105506700,442.73800201416014,429.66760009765625,435.3638714186,41.068227100317145,-2.466776600934793,4.406788322709862,476.3029923707219,409.1730116575984,21.630901161388156,0.005870832424868633,0.005853666241942873,0.03367508135739827
2025-11-17,408.9200134277344,423.9599914550781,398.739990234375,398.739990234375,102214300,440.8125030517578,430.9180004882812,432.8454087528033,42.637983496805774,-4.127815161465151,2.6998676258748597,477.3652964847064,404.2597096188092,21.887265451339225,0.011302107716671506,0.011238716089416035,0.03346491369222538
2025-11-18,401.25,408.8999938964844,393.7099914550781,405.3800048828125,80688600,438.74500274658203,432.0036004638672,429.8363222049173,40.679489862001304,-5.994010943449666,0.9610919120099546,479.1356919436762,398.35431354948787,21.410319488576157,-0.018756757252943457,-0.01893489628165649,0.033597678249854455
2025-11-19,403.989990234375,411.7799987792969,398.5,406.1799926757813,72047700,436.9960021972656,433.1276000976562,427.37476677915134,41.709545125573406,-7.1692476092885045,-0.6649759922497372,480.1323420537287,393.8596623408026,20.82958229505621,0.006828636098130891,0.006805426562391663,0.03367502961713431
2025-11-20,395.2300109863281,428.9400024414063,394.739990234375,414.6300048828125,113548800,434.3085021972656,433.65600036621095,424.3133614655491,39.35659913960004,-8.707118012746776,-2.273404396349145,480.6982586338695,387.91874576066175,21.78461300305443,-0.02168365419886953,-0.021922199285516537,0.033306466691016966
2025-11-21,391.0899963378906,402.7999877929688,383.760009765625,402.3200073242188,100460600,432.177001953125,433.55900024414063,421.14923145339117,38.25814016409752,-10.143033394673523,-3.8473301960140205,482.25029735244766,382.10370655380234,21.58856764764653,-0.010474950113494086,-0.010530198558583292,0.03266888451959962
2025-11-24,417.7799987792969,421.7200012207031,401.0899963378906,402.1700134277344,96806400,430.44500122070315,433.71380004882815,420.82835215109645,48.28015250500948,-9.023331195504795,-4.882530395912175,479.991287089218,380.8987153521883,22.23438459301553,0.0682451678419993,0.0660172720981127,0.035002542034085676
2025-11-25,419.3999938964844,420.4800109863281,405.9500122070313,414.4200134277344,71915600,428.3875015258789,433.6694000244141,420.6923180316096,48.82315089821935,-7.914011272898904,-5.488826571309521,476.147711088264,380.62729196349386,21.68407132060705,0.0038776272725380423,0.003870128654219355,0.03469033476838685
2025-11-26,426.5799865722656,426.9400024414063,416.8900146484375,423.9500122070313,63463000,426.64100036621096,433.6838000488281,421.2530483688149,51.26531290147304,-6.381934866260508,-5.667448230299718,471.91869756784814,381.3633031645738,20.853065354347173,0.017119677587676296,0.016974787220379935,0.03499292173555411
2025-11-28,430.1700134277344,432.9299926757813,426.2000122070313,426.5899963378906,36252900,426.1445007324219,433.9502001953125,422.10228313633104,52.48620977607233,-4.822477592061773,-5.498454102652129,471.0371018587551,381.25189960608867,19.844273576804518,0.008415835173881447,0.008380619474776033,0.0335611885292924
2025-12-01,430.1400146484375,433.6600036621094,425.2900085449219,425.3200073242188,57463600,424.82350158691406,434.0316003417969,422.8677813755793,52.47437994115141,-3.548116637780936,-5.108386609677891,467.56151531909825,382.0854878547299,19.024682258260444,-6.973703038437584e-05,-6.97394621241348e-05,0.03235202652729719
2025-12-02,429.239990234375,436.7999877929688,422.1199951171875,430.80999755859375,69336600,422.86700134277345,433.9322003173828,423.4746584097503,52.09500820334823,-2.581048132411752,-4.602918914224663,460.759848947424,384.9741537381229,18.714347288083363,-0.0020923987153301793,-0.0020945908399217085,0.031659391455445156
2025-12-03,446.739990234375,447.9200134277344,431.1099853515625,432.1000061035156,87483000,422.9910003662109,434.35,425.6904042978098,58.39363498057015,-0.3979483275508642,-3.761924796889903,461.1781468216046,384.8038539108172,18.711895567031654,0.04076973347810542,0.039960567737700375,0.03107375885760908
2025-12-04,454.5299987792969,454.6300048828125,445.3900146484375,449.9400024414063,71906500,422.61399993896487,434.5847998046875,428.4370323436657,60.86060452102841,1.9384177092148889,-2.6218562956689446,459.37263925453846,385.8553606233913,18.03533090041332,0.017437455153354264,0.017287167308555625,0.029956655513275997
2025-12-05,455.0,458.8699951171875,451.6600036621094,453.0299987792969,56427500,423.06849975585936,435.21699951171877,430.9668387871261,61.010812820362936,3.7843066649226103,-1.3406237035506336,461.1683833002368,384.9686162114819,17.262092368603664,0.0010340378456106247,0.0010335035967348669,0.02883006864964948
2025-12-08,439.5799865722656,449.75,435.25,447.4500122070313,69165800,423.5714996337891,435.2005993652344,431.787138576187,53.72575811536297,3.957303417581784,-0.28103827932415026,462.25987756870995,384.8831216988682,17.439800056560546,-0.033890139401614006,-0.03447772390855956,0.02863687200235127
2025-12-09,445.1700134277344,452.3900146484375,435.7000122070313,437.5400085449219,62367400,423.56849975585936,435.2397998046875,433.06169808585815,55.7868225055998,4.493672777308518,0.6739039320023834,462.250168386595,384.8868311251237,17.38624308404952,0.01271674558948499,0.012636566806914386,0.027578258213525438
2025-12-10,451.4500122070313,456.8800048828125,443.6099853515625,446.0700073242188,63257500,424.1600006103516,435.37440002441406,434.81296609739843,58.04750904435102,5.363663799063261,1.611855905414559,464.1452183996872,384.1747828210159,17.09222711599241,0.01410696720325344,0.014008389943791177,0.027564552640432276
2025-12-11,446.8900146484375,449.2699890136719,440.3299865722656,448.9500122070313,55979500,424.97450103759763,435.12300048828126,435.9631611974974,55.81581020287712,5.62039583366635,2.4135638910649173,466.09870280931096,383.8502992658843,16.665641295904788,-0.010100780674035303,-0.010152139695978488,0.027219096138163326
2025-12-12,458.9599914550781,463.010009765625,441.6700134277344,448.0899963378906,95656700,427.8230010986328,435.5822003173828,438.1533355077432,60.17978387422844,6.720336223316281,3.2749183575151903,470.0614826691197,385.5845195281459,16.999523798903777,0.027008830833098685,0.026650529578487583,0.02240978793066749
2025-12-15,475.30999755859375,481.7699890136719,467.6600036621094,469.4400024414063,114542200,431.3710006713867,436.4918005371094,441.6920652268718,65.19463036358573,8.809801844851563,4.381895054982465,476.91814975074,385.8238515920334,17.414557638881632,0.035624033484225714,0.03500417593015653,0.02330859069039847
2025-12-16,489.8800048828125,491.5,465.8299865722656,472.2099914550781,107608100,435.41900024414065,437.22440063476563,446.28139281315185,68.94760528798776,11.508730744056493,5.807262192797271,486.3390251480267,384.4989753402546,18.004233052371113,0.030653694218629735,0.03019325551468915,0.023832445262480226
2025-12-17,467.260009765625,495.2799987792969,466.2000122070313,488.2200012207031,106490400,438.71950073242186,437.9078009033203,448.27935633243504,58.4163272053484,11.687678496261242,6.983345453490065,488.90457405360405,388.5344274112397,18.795358303792145,-0.04617456293730249,-0.04727460429487326,0.026204151375225488
2025-12-18,483.3699951171875,490.8599853515625,473.1199951171875,478.1600036621094,95168400,442.6885009765625,438.80140075683596,451.6213219309829,62.777063705816154,12.979813845876663,8.182639131967385,493.8063577623717,391.57064419075334,19.138545252516817,0.034477560704677446,0.03389652701091261,0.026861977097466037
2025-12-19,481.2000122070313,490.489990234375,474.7200012207031,488.1199951171875,103305400,446.9870010375977,439.7146008300781,454.4383400525113,61.83641565625101,13.671148444954667,9.280340994564842,495.82645758960996,398.1475444855854,18.89793409259932,-0.004489279293453219,-0.0044993863680712525,0.02608024471577477
2025-12-22,488.7300109863281,498.8299865722656,485.3299865722656,489.8800048828125,86916100,451.8690017700195,441.2194012451172,457.7042134747796,63.860071809136734,14.657679461441717,10.355808687940216,496.74168322239746,406.99632031764156,18.80736554064468,0.015648376118613028,0.015527202757108985,0.02564022661560834
2025-12-23,485.55999755859375,491.9700012207031,482.8399963378906,489.3999938964844,58223600,455.25800170898435,442.21260131835936,460.35714529228574,62.360901984008095,15.010684976289497,11.286783945610074,499.55496405231236,410.96103936565635,18.116125493656664,-0.00648622625268469,-0.006507353223946919,0.02214502102097851
2025-12-24,485.3999938964844,490.8999938964844,476.7999877929688,488.4800109863281,41285400,458.55800170898436,443.33580139160154,462.74217849268564,62.28142644449731,15.103430486656862,12.050113253819433,501.49061712659227,415.62538629137646,17.8292598229323,-0.00032952397832164415,-0.0003295782832779731,0.02220393841868756
2025-12-26,475.1900024414063,489.0899963378906,473.8200073242188,485.2300109863281,58780700,460.9885025024414,444.1366015625,463.9276855354209,57.266103855507396,14.189503229284242,12.477991248912396,501.85886009109066,420.11814491379215,17.64645476512798,-0.021034181259704465,-0.02125855152458737,0.022966135910431108
2025-12-29,459.6400146484375,469.3999938964844,459.0,469.0,66263000,462.4620025634766,444.75440185546876,463.5193359271368,50.5849563740225,12.071304748094121,12.396653948748742,500.83007718070866,424.0939279462445,17.54242245629072,-0.032723726747357684,-0.03327112293491274,0.024497718499892893
2025-12-30,454.4299926757813,463.1199951171875,453.8299865722656,461.0899963378906,59238500,463.67650146484374,445.0568017578125,462.65368418891245,48.541520634016,9.858568518595462,11.889036862718088,499.31593994974446,428.037062979943,16.952964319764373,-0.01133500523587172,-0.011399736021774638,0.024715183902352538
2025-12-31,449.7200012207031,456.5499877929688,449.2999877929688,456.1000061035156,49078000,464.7005020141602,445.10260192871095,461.4219048586068,46.70470532964488,7.63686909429714,11.038603309033899,497.3770591413534,432.02394488696694,16.259895439781204,-0.010364613980130888,-0.01041870064110701,0.024874320461171846
2026-01-02,438.0700073242188,458.3399963378906,435.2999877929688,457.7999877929688,85535400,464.26700286865236,445.012001953125,459.1979146172365,42.42812875927884,4.87984730751424,9.806852108729966,498.0948959815546,430.4391097557501,16.74418923300553,-0.02590499391813128,-0.026246437918020935,0.023943901306596765
2026-01-05,451.6700134277344,457.5499877929688,444.5700073242188,447.989990234375,67940800,464.1240036010742,445.2660021972656,458.48097164680775,48.37138161799339,3.7490774793179185,8.595297182847556,498.1389934755916,430.10901372655684,16.939602892701565,0.031045280151877908,0.03057312274344065,0.024668971799827428
2026-01-06,432.9599914550781,448.25,428.7799987792969,446.3800048828125,89093800,463.0220031738281,444.94560180664064,456.0504021047383,41.954650417983565,1.3278848072220626,7.141814707722458,499.48776188884176,426.5562444588145,17.364632303825562,-0.041424095947095174,-0.04230652917497186,0.026343040444820862
2026-01-07,431.4100036621094,438.3699951171875,431.2900085449219,435.8999938964844,59828800,462.61350402832034,444.89940185546874,453.70369749115457,41.46392960638913,-0.7078393587561891,5.571883894426729,500.28367985230955,424.9433282043311,16.63001475157128,-0.0035799792672750463,-0.003586402728205757,0.025270910140474504
2026-01-08,435.7999877929688,436.8900146484375,424.3699951171875,427.8900146484375,57041100,462.145002746582,444.56700134277344,451.9985822818035,43.480314623145794,-1.9445152349525756,4.068604068550868,500.88906074933186,423.40094474383216,16.336443664405476,0.01017589785492734,0.010124471981728842,0.02520656917793485
2026-01-09,445.010009765625,449.0499877929688,430.3900146484375,435.9500122070313,67331500,461.82300262451173,444.2562017822266,451.33300394692935,47.5614671745772,-2.156558510678508,2.8235715527049927,501.02162921485626,422.6243760341672,16.502410055843036,0.02113359850994656,0.02091338126870214,0.02547226580165654
2026-01-12,448.9599914550781,454.2999877929688,438.0,441.2300109863281,61649600,461.92650146484374,444.0052014160156,451.1070027572293,49.25387519896399,-1.983014862465609,1.8622542696708724,500.97752019444596,422.8754827352415,16.487951322780592,0.00887616368794375,0.00883700211279967,0.025445676950291547
2026-01-13,447.2000122070313,451.80999755859375,443.9500122070313,450.2000122070313,53719200,461.33850250244143,444.14720153808594,450.7349084191152,48.50274025354506,-1.9648463617160132,1.0968341433934952,500.9012748211893,421.77573018369355,15.871668039122154,-0.003920124914344236,-0.003927828743923325,0.024680721446833066
2026-01-14,439.2000122070313,443.9100036621094,434.2200012207031,442.80999755859375,57259500,459.53300323486326,443.8000018310547,449.63634687510717,45.13341540853705,-2.566397008003719,0.3641879131140524,499.672206749823,419.39379971990354,15.665121106779727,-0.017889087168218576,-0.018051031148363036,0.023366255615451487
2026-01-15,438.5700073242188,445.3599853515625,437.6499938964844,441.1300048828125,49465800,456.9675033569336,443.2040020751953,448.58240977502254,44.86907573810118,-3.0587074821229976,-0.3203911659333576,495.54897349515585,418.38603321871136,15.096897560229612,-0.0014344373071545347,-0.0014354670972459708,0.021942832257497782
2026-01-16,437.5,447.25,435.260009765625,439.5,60220600,455.47950286865233,443.0688018798828,447.5269421774014,44.39350936208571,-3.4949204608478794,-0.955297024916262,494.64942571731115,416.3095800199935,14.874975608382854,-0.0024397640202235005,-0.002442745094192464,0.01972030265053862
2026-01-20,419.25,430.7300109863281,417.4400024414063,429.3599853515625,63187300,452.273503112793,442.21240173339845,444.8339000652679,37.159282290194895,-5.252695068557159,-1.8147766336444415,492.27486036827145,412.2721458573145,15.2453343191122,-0.041714285714285704,-0.042609305094350874,0.01943634755282171
2026-01-21,431.4400024414063,438.2000122070313,419.6199951171875,421.6600036621094,68124000,449.7855026245117,441.9230017089844,443.5582907677573,43.752555355701524,-5.597587286467217,-2.5713387642089964,488.4482283552564,411.122776893767,15.509954168249278,0.02907573629435012,0.02866105598439217,0.02103932382862153
2026-01-22,449.3599853515625,449.5,432.6300048828125,435.1600036621094,71546700,447.81700134277344,442.3198016357422,444.1108331090721,51.7646147435014,-4.37449751237898,-2.9319705138429932,482.1099691120868,413.5240335734601,15.692100124702451,0.041535283721378935,0.040695858938020815,0.02308799308419947
2026-01-23,449.05999755859375,452.4299926757813,444.0400085449219,447.4299926757813,56771400,445.99200134277345,442.3964013671875,444.58218210426463,51.63202461455159,-3.390315120012474,-3.02363943507689,475.6245407829933,416.3594619025536,15.170520410856522,-0.0006675890216037983,-0.0006678119583802994,0.023090838489913383
2026-01-26,435.2000122070313,445.0400085449219,434.2799987792969,445.0,49397400,443.4820022583008,442.30800170898436,443.68864211405196,45.795612496415394,-3.686235836431024,-3.156158715347717,467.2639795213144,419.70002499528715,15.142626008602262,-0.030864440001146964,-0.03135078007637361,0.023856784000386974
2026-01-27,430.8999938964844,437.5199890136719,430.6900024414063,437.4100036621094,37733100,441.2675018310547,442.3140014648437,442.4706756171407,44.12896869871238,-4.21909556966375,-3.368746086210924,460.6723549799554,421.862648682154,14.548866048863927,-0.009880556502607218,-0.00992969313376057,0.023595421364640757
2026-01-28,431.4599914550781,438.260009765625,430.1000061035156,431.9100036621094,54857400,439.8585006713867,442.9034014892578,441.42203903027763,44.41269204456472,-4.54382523553187,-3.603761916075113,457.75639985449243,421.960601488281,14.092518735524317,0.0012995998294869082,0.0012987560805733547,0.02267056917592975
2026-01-29,416.55999755859375,440.2300109863281,414.6199951171875,437.7999877929688,81686100,437.96500091552736,443.14760131835936,439.05422555678393,38.771106013996544,-5.935065082464007,-4.070022549352892,457.2546821850402,418.6753196460145,14.915197102211197,-0.03453389466363932,-0.0351442835440217,0.023694481276124422
2026-01-30,430.4100036621094,439.8800048828125,422.7000122070313,425.3500061035156,82626100,436.99950103759767,443.57740112304685,438.23096632871966,45.67850282356139,-5.852587950492534,-4.426535629580821,455.76496489243374,418.2340371827616,15.51554068949745,0.033248526466028494,0.032707748293060876,0.025053015519755865
2026-02-02,421.80999755859375,427.1499938964844,414.5,421.2900085449219,58739500,436.1865005493164,443.98860107421876,436.6670645410886,42.47431577532583,-6.407313328852467,-4.82269116943515,456.07151402573055,416.30148707290226,15.543716616112588,-0.019980962408733927,-0.02018328139266714,0.02478779819087119
2026-02-03,421.9599914550781,428.55999755859375,413.6900024414063,424.2699890136719,56886500,434.7009994506836,444.34800109863284,435.26639091384953,42.55000873341773,-6.756944088487842,-5.209541753245689,454.1719466513586,415.23005225000855,15.495593651903649,0.0003555958781265023,0.00035553266889641583,0.02358129036880122
2026-02-04,406.010009765625,423.8999938964844,399.1799926757813,420.4599914550781,74606900,433.35350036621094,444.56360107421875,432.4800688997329,36.97803791479911,-8.226232321680016,-5.812879866932555,456.50264993621306,410.2043507962088,16.154479906817894,-0.03779974882085746,-0.038532688670109685,0.023283578131416165
2026-02-05,397.2099914550781,402.1000061035156,387.5299987792969,397.0199890136719,72819800,431.64349975585935,444.6860009765625,429.12101390500385,34.308597593129136,-9.985633596712546,-6.647430612888554,459.6560313954448,403.6309681162739,16.320589269640053,-0.02167438757390938,-0.02191272731756527,0.023657871231786576
2026-02-06,411.1099853515625,414.5499877929688,397.75,400.8699951171875,62677100,430.40899963378905,444.5526007080078,427.4056778522951,41.493136286201654,-10.141454072910676,-7.3462353048929785,459.72581615350987,401.09218311406823,16.393404060229383,0.03499406912088299,0.03439569638292661,0.02504289662810878
2026-02-09,417.3200073242188,421.25,407.2900085449219,409.9100036621094,54484300,429.0244995117188,444.5110009765625,426.44513780200214,44.41788548001603,-9.652577148205467,-7.807503673555476,458.0664487069936,399.98255031644396,16.21958887414715,0.015105500216312517,0.014992548192064116,0.0247769010516333
2026-02-10,425.2099914550781,427.25,417.0,418.0799865722656,64450200,427.8369995117188,444.48360107421877,426.3275048165808,47.97625541976626,-8.530152593929643,-7.952033457630309,455.4272063721069,400.2467926513306,15.793189668850925,0.018906316477488083,0.018729813289406216,0.02512716985300894
2026-02-11,428.2699890136719,436.3500061035156,420.0299987792969,427.9599914550781,57362000,426.89049835205077,444.4456005859375,426.5125033115419,49.33109290045316,-7.309448051359311,-7.82351637637611,453.01880294059976,400.7621937635018,15.830819501377198,0.00719643851293883,0.007170667714086594,0.025214897797718277
2026-02-12,417.0700073242188,436.2300109863281,414.0,430.2999877929688,61933400,425.7839981079102,444.18420043945315,425.6132179794159,44.73859610699247,-7.163202882961571,-7.691453677693203,451.6059754149874,399.96202080083293,16.28790460744512,-0.02615168463063966,-0.02649972117437709,0.02555675052978402
2026-02-13,417.4400024414063,424.05999755859375,410.8800048828125,414.30999755859375,51434100,424.72749786376954,443.94820068359377,424.8348164996055,44.921018182017214,-6.937476113381933,-7.540658164830949,450.09554444572683,399.35945128181226,16.06591089804056,0.0008871295242764976,0.0008867362574486323,0.02556602186288043
2026-02-17,410.6300048828125,413.7200012207031,400.510009765625,412.3599853515625,59678800,423.38399810791014,443.2260009765625,423.48197729800614,42.162251817686,-7.224812767378182,-7.477489085340396,448.7500841385535,398.01791207726677,16.127631025022044,-0.016313715788533467,-0.016448249621048447,0.025761627415057293
2026-02-18,411.3200073242188,416.8999938964844,409.5799865722656,411.1099853515625,45921400,422.9874984741211,442.36180114746094,422.3236944433597,42.54725513169914,-7.312557099059347,-7.444502688084187,448.84285496615536,397.1321419820868,15.498515046393237,0.0016803507615164026,0.0016789405517192606,0.02408909410008951
2026-02-19,411.7099914550781,415.25,404.1099853515625,407.25,51019600,422.00099792480466,441.4960009765625,421.3128655873329,42.77909536354736,-7.266858828837201,-7.40897391623479,447.9962704612581,396.0057253883512,15.187193589396399,0.0009481282794783219,0.0009476790897650401,0.023059582883214694
2026-02-20,411.8200073242188,414.7000122070313,405.5,408.2999877929688,57912200,420.1239990234375,440.94080139160155,420.4087838479887,42.849159169757336,-7.139465940055459,-7.355072320998924,443.2040633660666,397.0439346808084,14.75953777637032,0.0002672169037041261,0.0002671812076262355,0.02067384892993915
2026-02-23,399.8299865722656,407.7000122070313,394.0400085449219,407.2900085449219,69680000,417.6624984741211,440.0340008544922,418.4488983931579,37.46504186491317,-7.914764153387409,-7.4670106874766216,438.2383196307872,397.086677317455,14.97528499086508,-0.029114711618451472,-0.02954695527872496,0.02138797318314876
2026-02-24,409.3800048828125,410.8200073242188,397.6400146484375,399.5,58579500,416.37149810791016,439.19260070800783,417.58519424931546,43.54933619764901,-7.670169963522483,-7.507642542685794,435.5783914256878,397.1646047901325,14.847049825501953,0.023885197787236967,0.023604408796446652,0.021483806036101876
2026-02-25,417.3999938964844,420.3399963378906,412.1499938964844,412.1499938964844,54809700,415.69649810791014,438.60280029296877,417.5675561204744,48.11480188995979,-6.7513557913009095,-7.356385192408817,433.72642804848925,397.66656816733104,14.569402799043107,0.019590573349979934,0.01940114803767631,0.021980004885597995
2026-02-26,408.5799865722656,416.80999755859375,403.6600036621094,414.4200134277344,53602500,414.55249786376953,437.5952001953125,416.7115971158831,43.90899451343857,-6.658138938172726,-7.216735941561599,431.2939085036757,397.81108722386335,14.510159044423958,-0.021130827631028026,-0.021357279325286554,0.022405283236748043
2026-02-27,402.510009765625,407.1199951171875,398.1099853515625,402.9400024414063,56890100,413.8499984741211,436.13920043945313,415.35906498728707,41.2374336342247,-6.99344423795327,-7.172077600839934,431.35711421481307,396.3428827334291,14.221576342729614,-0.014856275407819197,-0.014967735162802965,0.021329946666694518
2026-03-02,403.3200073242188,404.5400085449219,388.25,390.6000061035156,55088300,412.49549865722656,434.40800048828123,414.21248806699487,41.74677961554787,-7.111835260309988,-7.160029132733945,428.8200142978292,396.17098301662395,14.369321500029061,0.00201236624914114,0.0020103441525256786,0.019735875804126047
2026-03-03,392.4299926757813,396.3399963378906,385.3900146484375,395.0899963378906,62617300,411.02649841308596,432.91140014648437,412.13796469640306,37.0917838808411,-7.992264320888694,-7.326476170364896,428.94383337486823,393.1091634513037,14.623655155439936,-0.027000928420799375,-0.027372150980348144,0.02011150597828361
2026-03-04,405.9400024414063,408.3299865722656,394.5799865722656,397.8500061035156,68305500,410.22549896240236,431.36280029296876,411.54768257687954,45.24831798024185,-7.513257656894666,-7.36383246767085,427.53823201893755,392.91276590586716,14.714822208371677,0.03442654745501761,0.03384721273919843,0.02181791821535296
2026-03-05,405.5499877929688,408.6199951171875,399.4200134277344,401.5700073242188,51925900,410.2024978637695,429.8497998046875,410.9764735498404,45.0666562018841,-7.083458645300084,-7.307757703196697,427.5387783411431,392.86621738639593,14.320905028448923,-0.0009607691927178141,-0.00096123102727329,0.020097700025286148
2026-03-06,396.7300109863281,402.3500061035156,394.2099914550781,398.0899963378906,64054600,410.17849884033205,428.0097998046875,409.6196675914107,41.05268799956124,-7.369586245916139,-7.320123411740586,427.5878311926725,392.7691664879916,14.107982979123335,-0.021748186591348695,-0.021988164166115053,0.020101921289392127
2026-03-09,398.6799926757813,401.5899963378906,381.3999938964844,390.0499877929688,67018900,409.55699920654297,426.27219970703123,408.57779378992217,42.276787880191044,-7.354222308255316,-7.326943191043533,427.66250668780873,391.4514917252772,14.542412940714971,0.004915135319874642,0.004903095477786746,0.018410356107273262
2026-03-10,399.239990234375,406.5899963378906,398.1900024414063,402.2200012207031,59258700,408.65299835205076,424.54899963378904,407.68847916558434,42.64514015485911,-7.213704064009221,-7.304295365636671,426.9225305516944,390.3834661524071,14.103668723269925,0.0014046291985589932,0.0014036436297641278,0.018015602591045784
2026-03-11,407.8200073242188,416.3800048828125,402.1499938964844,402.2799987792969,62559900,407.7834991455078,423.2015997314453,407.7010056568829,48.10890960067362,-6.3369581610481305,-7.110827924718963,424.3986627619412,391.1683355290744,14.320550575067609,0.02149087591352483,0.021263203188193833,0.018182393210386213
2026-03-12,395.010009765625,406.5,394.6499938964844,405.1799926757813,60973800,406.1205001831055,421.90899963378905,406.492339381525,41.71891201896583,-6.599713077521471,-7.0086049552794645,420.7387953151981,391.5022050510129,14.238369350258097,-0.03141091003024232,-0.03191481278720455,0.01918442484219309
2026-03-13,391.2000122070313,400.2000122070313,389.9500122070313,399.1700134277344,58504100,404.82700042724616,420.64440002441415,405.0359272696685,40.0164626325271,-7.034296215301254,-7.013743207283823,419.9116892559063,389.742311598586,13.953485825239662,-0.009645319015723963,-0.009692136394107544,0.018518405403328542
2026-03-16,395.55999755859375,403.7300109863281,394.4200134277344,396.2200012207031,58068300,403.7330001831055,419.56119995117194,404.13345777337565,42.888624245080806,-6.9468135605562225,-7.000357277938304,418.1593093227456,389.3066910434654,13.851808179100887,0.011145156481373153,0.011083506865035425,0.01877302183276794
2026-03-17,399.2699890136719,400.1199951171875,393.0,395.6900024414063,46890500,403.1649993896485,418.785199584961,403.6702702724515,45.28923713080178,-6.503153318279033,-6.90091648600645,417.3529469072119,388.97705187208504,13.370964388964216,0.00937908655570907,0.00933537602077204,0.01865822243382189
2026-03-18,392.7799987792969,403.0700073242188,392.30999755859375,399.0,50853100,402.2379989624024,417.60739929199224,402.6331015588177,41.96605975203802,-6.599166271735271,-6.840566443152214,416.5952045486401,387.8807933761647,13.184467630154275,-0.016254640751756533,-0.016388196671314647,0.018939547205151612
2026-03-19,380.2999877929688,387.2699890136719,378.7300109863281,387.2699890136719,67078300,400.6674987792969,416.55419921875006,400.5061383430226,36.430303992854434,-7.594742353589197,-6.991401625239612,417.23780376752006,384.0971937910738,13.246290498926738,-0.03177353995904608,-0.03228927274343434,0.02004069947046948
2026-03-20,367.9599914550781,379.8900146484375,364.4599914550781,379.8500061035156,78628600,398.4744979858399,415.28519897460944,397.40650530607553,31.943419610228403,-9.272589506171528,-7.447639201425996,419.55573407830303,377.39326189337675,13.431555201709878,-0.032448058727281515,-0.032986169449252395,0.021005823983332502
2026-03-23,380.8500061035156,385.3299865722656,372.7300109863281,373.0899963378906,74606000,397.52549896240237,414.1861993408204,395.8296958582127,40.22519277681896,-9.453208306112288,-7.848753022363255,419.9436432112171,375.10735471358765,13.712872338529708,0.035031022251806876,0.03443139945829688,0.02206545436471579
2026-03-24,383.0299987792969,387.4800109863281,376.30999755859375,376.55999755859375,60004900,396.2079986572266,412.9465991210938,394.61067708879216,41.52128917768728,-9.31308734268606,-8.141619886427817,418.78116871223625,373.63482860221694,13.531239559187185,0.005724019012326664,0.005707699063017406,0.021295854835076664
2026-03-25,385.9500122070313,396.2300109863281,385.010009765625,389.989990234375,55157300,394.63549957275393,411.6863995361329,393.7858518619578,43.2948897374219,-8.864238367502196,-8.286143582642694,415.3931997731144,373.87779937239344,13.507580462604619,0.007623458833617258,0.007594547116542857,0.02078662702448488
2026-03-26,372.1099853515625,384.4400024414063,371.8699951171875,381.6000061035156,55522900,392.8119995117188,410.18459899902354,391.7214836228725,37.490969143973714,-9.515606829916862,-8.532036232097528,414.7248159068692,370.8991831165684,13.548468793121703,-0.03585963575004303,-0.036518388902706034,0.021678319612336728
2026-03-27,361.8299865722656,369.8599853515625,359.4700012207031,369.6900024414063,62065700,390.7779983520508,408.6371984863282,388.8746743799576,33.86007525779263,-10.737555165143931,-8.97314001870681,416.01268923734915,365.5433074667525,13.483577031531537,-0.027626237359861583,-0.0280150189690427,0.022183425387943517
2026-03-30,355.2799987792969,367.2900085449219,352.1400146484375,365.8599853515625,67954400,388.3759979248047,406.9713983154298,385.67518146560894,31.750160428333672,-12.095062942152424,-9.597524603395932,417.259771860848,359.49222398876145,13.602606807599598,-0.018102390725044493,-0.018268243604687585,0.022300675143031117
2026-03-31,371.75,373.3299865722656,361.0,361.510009765625,75534900,387.34199829101567,405.6563983154298,384.34897370697956,41.603853278027664,-11.70695568497024,-10.019410819710794,417.0403747201857,357.64362186184565,13.92027687798311,0.04635780589195071,0.045315377792307994,0.024594298042652406
2026-04-01,381.260009765625,383.1400146484375,374.0799865722656,378.6300048828125,58683800,386.10799865722663,404.89659851074225,384.0547866649458,46.41463440854042,-10.510837189521567,-10.117696093672949,414.64084827574385,357.5751490387094,13.739543861586995,0.025581734406523227,0.02525999735964806,0.023968497033037522
2026-04-02,360.5899963378906,370.2799987792969,359.0299987792969,364.2000122070313,83031200,383.8599990844727,403.47959838867195,381.8200447290358,38.9113387446051,-11.102815653823825,-10.314720005703125,412.9897948132376,354.7302033557078,14.346005799068504,-0.05421500524128142,-0.05574001402961767,0.026564064263315187
2026-04-06,352.82000732421875,367.7200012207031,346.6400146484375,362.5899963378906,77697600,381.6644989013672,401.5487988281251,379.05813640476754,36.52128583617419,-12.059916814651785,-10.663759367492856,413.1102123041197,350.2187854986147,14.82700442572544,-0.021547988276388597,-0.021783536042954785,0.026557664844954695
2026-04-07,346.6499938964844,348.0199890136719,337.239990234375,346.44000244140625,74515400,379.0629989624024,399.5005987548829,375.9716466420739,34.69867231640387,-13.16454225039439,-11.163915944073164,412.96077750537296,345.1652204194318,14.880791044591033,-0.017487708462248674,-0.017642424845982326,0.026567194210588254
2026-04-08,343.25,364.5,339.6700134277344,363.7900085449219,78838600,376.26349945068364,397.66159851074224,372.8552993428288,33.70059807441997,-14.151190839936248,-11.761370923245781,412.219063466037,340.30793543533025,15.591447867996362,-0.009808146419583275,-0.009856563133277247,0.02650692229495366
2026-04-09,345.6199951171875,348.8800048828125,337.25,343.1499938964844,62164000,373.153498840332,395.9559985351563,370.2614608451487,35.10191342555051,-14.573879545016155,-12.323872647599856,408.40624911899147,337.9007485616726,15.308487654768943,0.006904574267115882,0.0068808468500743715,0.025869185408887694
2026-04-10,348.95001220703125,350.3599853515625,342.739990234375,346.2900085449219,51336000,370.85049896240236,394.30579895019537,368.2317990700899,37.113179827723194,-14.473319423082444,-12.753762002696373,406.1089944994318,335.5920034253729,14.759309616370269,0.009634908676839249,0.009588788947183922,0.025533598750533845
2026-04-13,352.4200134277344,356.3500061035156,348.57000732421875,350.07000732421875,53617500,368.9114990234375,393.0229992675782,366.7259147231989,39.226756328577615,-13.95278567549326,-12.993566737255751,403.7430744404576,334.0799236064174,14.26078741372217,0.009944121218842028,0.00989500379675574,0.02575588749455249
2026-04-14,364.2000122070313,367.6300048828125,354.7699890136719,357.6700134277344,59979600,367.3434997558594,391.6987994384766,366.485352578802,45.87704009529947,-12.446238982874206,-12.884101186379443,399.99032633958177,334.696673172137,14.328587702390452,0.033426021027357145,0.03287951656879672,0.02694059038884677
2026-04-15,391.9500122070313,394.6499938964844,362.5,366.8299865722656,113810400,366.97750091552734,391.1015997314454,368.910558257681,57.63723425309978,-8.91038343757009,-12.089357636617574,398.32260281549304,335.63239901556165,15.601545287682876,0.07619439612820589,0.07343111096819792,0.032272755133394504
2026-04-16,388.8999938964844,394.05999755859375,381.7999877929688,393.80999755859375,63515100,366.7835006713867,390.44039978027354,370.8143140328051,56.19202161134405,-6.2818897167336445,-10.927864052640789,397.5297236790731,336.03727766370037,15.362864178964454,-0.007781651270713286,-0.00781208631169376,0.03210935879387516
2026-04-17,400.6199951171875,409.2799987792969,391.6499938964844,395.9200134277344,90640000,367.7995010375977,390.3325994873048,373.6529503265558,60.310305395911534,-3.2160111803329414,-9.385493478179221,401.46912813259803,334.1298739425973,15.721231372096456,0.03013628543234881,0.0296911094422974,0.031869485041435885
2026-04-20,392.5,406.7999877929688,388.3299865722656,402.5799865722656,64603900,369.02650146484376,390.2383996582032,375.4479074383124,56.357311707550295,-1.4250687901612196,-7.793408540575621,404.37674116538955,333.676261764298,15.917572075568364,-0.02026857175416885,-0.020476797687229584,0.031265429047566934
2026-04-21,386.4200134277344,393.9500122070313,385.2200012207031,393.0,50530600,369.3050018310547,389.74460021972664,376.49286991349544,53.528208214662314,-0.4906818715446093,-6.332863206769419,405.1083116831149,333.50169197899453,15.40417485490835,-0.015490411649084379,-0.0156116416401595,0.030634801339339403
2026-04-22,387.510009765625,393.010009765625,385.2999877929688,387.5700073242188,62362800,369.5290023803711,389.1484002685548,377.542121327984,53.9742815309365,0.3339307426054461,-4.999504416894446,405.72687035504543,333.33113440569673,14.854592506176052,0.0028207553957204645,0.0028167845306925577,0.03061894573801467
2026-04-23,373.7200012207031,386.0,368.3900146484375,375.2799987792969,93969500,368.91750183105466,388.11860046386727,377.1781098891953,47.73190737000727,-0.12386838371065778,-4.024377210257689,404.391053890796,333.4439497713133,15.159264121248299,-0.03558619957523779,-0.03623482292188371,0.03163616209255291
2026-04-24,376.2999877929688,382.760009765625,370.7300109863281,373.5,62893300,369.127001953125,387.0792004394532,377.0944792133642,48.922143645539556,-0.27532041270961827,-3.274565850748075,404.72277647932987,333.5312274269201,14.935745168251769,0.0069035282132037246,0.006879807968652782,0.03059393225663579
2026-04-27,378.6700134277344,380.7799987792969,364.0199890136719,372.0899963378906,66735800,369.96900329589846,386.3112005615235,377.24453009092326,50.04745938451409,-0.20177998122943563,-2.660008676844347,405.6311376400834,334.3068689517135,15.066049782349856,0.0062982346841571335,0.006278483691631967,0.029854811829506396
2026-04-28,376.0199890136719,382.2900085449219,372.5400085449219,374.6799926757813,50864400,371.00600280761716,385.4828002929688,377.127907131185,48.75405598738217,-0.35326130604931905,-2.1986592026853415,406.10095784287927,335.91104777235506,14.686331940753437,-0.006998242057971282,-0.007022844604162197,0.02954936325154053
2026-04-29,372.7999877929688,376.3999938964844,370.0400085449219,375.3999938964844,45384800,371.0585021972656,384.72619995117196,376.71572433706916,47.159243469973845,-0.7247836800690948,-1.9038840981620921,406.1608926321704,335.9561117623609,14.09159289866837,-0.008563377785179349,-0.008600254179981804,0.027834747241593193
2026-04-30,381.6300048828125,384.75,368.1700134277344,372.75,51076000,371.077001953125,384.1323999023438,377.18375105571135,51.814126881132836,-0.3032139923754471,-1.5837500770047632,406.2012617709955,335.9527421352545,14.269335303925317,0.023685668935019777,0.0234095155636003,0.027747935396436687
2026-05-01,390.8200073242188,397.8200073242188,378.7999877929688,382.489990234375,65338300,372.58850250244143,383.71460021972666,378.4824421289025,56.14429396302538,0.7636366869539302,-1.1142727242130246,408.37309257935516,336.8039124255277,14.608669891591365,0.024080922159745555,0.023795549041588548,0.02502515563185995
2026-05-04,392.510009765625,394.6400146484375,384.7999877929688,390.2300109863281,48765100,374.57300262451173,383.3284002685548,379.8184009514475,56.91113676743297,1.725600955977086,-0.5462979881750025,410.1538757734369,338.9921294755866,14.268052531868317,0.004324247504565948,0.004314924812415244,0.024274783512134794
2026-05-05,389.3699951171875,402.1199951171875,389.0,395.1900024414063,47780600,376.70900268554686,383.1192004394532,380.7280765862798,54.98728527674199,2.209126198145782,0.004786849089154388,410.40766531594653,343.0103400551472,14.186048430819687,-0.007999833304410453,-0.008032003657369561,0.023889106670394067
2026-05-06,398.7300109863281,401.6799926757813,384.0199890136719,386.25,53465400,379.4830032348633,382.9062005615235,382.44254652914157,59.39380916975755,3.309449221335967,0.6657193235385169,410.7544524507438,348.2115540189828,14.434188090197525,0.024038873016714035,0.023754487827164997,0.023902251791663463
2026-05-07,411.7900085449219,415.8299865722656,402.1199951171875,407.4800109863281,64294200,382.79150390625,382.79400085449225,385.23754291159685,64.60099599852003,5.1756343100328195,1.5677023208373775,413.0161078566148,352.5668999558852,14.62460148275038,0.03275398690529352,0.03222900776203085,0.024542433436110858
2026-05-08,428.3500061035156,431.2000122070313,416.3900146484375,416.4800109863281,65050000,386.7615036010742,383.18940124511727,389.3434917870177,69.87602698056781,7.899788993201241,2.8341196553101504,418.95698785049626,354.56601935165213,14.96641592413317,0.040214665764012114,0.03942710124226755,0.02551236527085256
2026-05-11,445.0,449.1600036621094,416.7999877929688,422.1600036621094,78376100,391.3905029296875,384.0392010498048,394.6441116168255,74.06127409438292,11.272276773828253,4.521751079013772,428.7176454671761,354.0633603921989,16.208815920205126,0.038870068073398656,0.03813364950728898,0.026281151918723263
2026-05-12,433.4500122070313,447.7999877929688,422.260009765625,441.4100036621094,60569300,394.8530029296875,384.641801147461,398.3399116730356,67.09717094991757,12.864713737856675,6.190343610782353,434.2394961982741,355.4665096611009,16.87532749928646,-0.02595502874824429,-0.026297804689101208,0.027081528934820753
2026-05-13,445.2699890136719,453.3999938964844,430.2099914550781,436.6700134277344,68283200,397.51900177001954,385.6986010742188,402.8094428483343,70.18677455009436,14.908647244245117,7.9340043374749065,442.56958088795295,352.46842265208613,17.326375709437873,0.027269526989873283,0.026904337595479343,0.0225271680693725
2026-05-14,443.2999877929688,451.9800109863281,441.1600036621094,446.489990234375,46070400,400.23900146484374,386.44580078125006,406.66568522401377,69.02345040753926,16.182969441111652,9.583797358202256,449.27249371660656,351.2055092130809,16.861635110493648,-0.004424284747029272,-0.0044341008583382606,0.02242634626476087
2026-05-15,422.239990234375,434.6600036621094,422.0,433.9800109863281,52688700,401.32000122070315,386.7796008300782,408.1489523678577,57.962999927712616,15.316948913286126,10.73042766921903,451.283876076941,351.3561263644653,17.178660302099015,-0.04750732717915007,-0.04867286458740455,0.024772668049184526
2026-05-18,409.989990234375,421.1300048828125,405.3299865722656,419.2699890136719,52474200,402.1945007324219,387.04480041503916,408.324289307526,52.67553432101595,13.486682700165943,11.281678675408411,452.12249939708505,352.2665020677587,17.159470542099754,-0.029011937010514632,-0.029441104289050234,0.02527552564794819
2026-05-19,404.1099853515625,405.6300048828125,393.6300048828125,403.1600036621094,46500600,403.0789993286133,387.1534002685548,407.9229270260057,50.30349886870642,11.429958836554931,11.311334707637716,452.48185983194884,353.67613882527775,17.10236445706138,-0.014341825466156255,-0.014445663458309575,0.02523380113000352
2026-05-20,417.260009765625,417.4599914550781,406.3900146484375,407.6000061035156,45294700,404.5664993286133,387.51380065917976,408.8121730012075,55.16593488988214,10.737314351525015,11.196530636415176,453.79589628929597,355.33710236793064,16.83433886037954,0.0325407064678751,0.03202247022638431,0.02611083080695179
2026-05-21,417.8500061035156,426.9500122070313,412.8999938964844,422.1799926757813,42636900,406.7729995727539,387.71440063476564,409.67291901095115,55.376892568056235,10.119346849164913,10.981093878965124,454.1971281693493,359.34887097615854,16.635458821105782,0.0014139776735901943,0.0014129789484986274,0.024411722908631504
2026-05-22,426.010009765625,431.510009765625,420.510009765625,422.6700134277344,46104700,409.25850067138674,388.33440063476564,411.2288324161582,58.29939760593528,10.17080454715176,10.819036012602453,455.22184185919787,363.2951594835756,16.422926309748895,0.019528547428303344,0.019340312041325056,0.024602082901663165
2026-05-26,433.5899963378906,435.2000122070313,426.1199951171875,430.260009765625,45658900,412.0044998168945,389.1822003173828,413.35846707537075,60.863526841296895,10.699885096385913,10.795205829359146,456.87921334045274,367.1297862933363,15.906288890581568,0.017792977626126305,0.017636535587117294,0.02473078336090917
2026-05-27,440.3599853515625,445.6000061035156,435.5199890136719,442.8900146484375,44656500,415.22149963378905,390.0782000732422,415.9300402445319,63.04891691125753,11.53252698537932,10.94267006056318,458.51322252588153,371.92977674169657,15.627983238798956,0.015613803526030035,0.015493162254673815,0.024569376509430887
2026-05-28,442.1000061035156,443.9599914550781,436.2999877929688,437.6199951171875,32435000,418.6865005493164,390.93480041503904,418.42241794538745,63.61134171996821,12.192262006992848,11.192588449849115,458.82030468278674,378.55269641584607,15.058841840463982,0.003951359818862743,0.003943573700417892,0.024277165174862402
2026-05-29,435.7900085449219,441.0700073242188,428.1400146484375,439.8500061035156,45176800,421.3945007324219,391.79500061035156,420.0764741929621,60.0422810821858,12.066843634557301,11.367439486790753,458.3439039372341,384.4450975276097,14.980352527222136,-0.014272783242432974,-0.014375619088440037,0.024537991262033904
2026-06-01,415.8800048828125,429.6000061035156,415.4299926757813,427.489990234375,44937900,422.6475006103516,392.50660095214846,419.6768104491383,50.427978955406964,10.242805088981584,11.14251260722892,456.97096730409976,388.3240339166034,15.364614194502025,-0.045687150397476395,-0.046763726698806594,0.02682608360478639
2026-06-02,423.739990234375,424.4200134277344,413.6499938964844,418.2200012207031,37596000,424.20899963378906,393.62220092773435,420.0637799524942,53.58756383860367,9.323995315347645,10.778809148852666,455.6244780625601,392.793521205018,15.036428861412594,0.018899647156100485,0.018723267699191404,0.027047986176962975
2026-06-03,423.7000122070313,433.6000061035156,416.0,418.7000122070313,44500700,425.9255004882813,394.4792010498047,420.4100877862596,53.568861749244114,8.494684620828252,10.321984243247783,452.98926502083015,398.8617359557324,15.219541521562808,-9.434565598021027e-05,-9.435010681155804e-05,0.0269180089181338
2026-06-04,418.4500122070313,426.3500061035156,417.1600036621094,419.8399963378906,35323300,426.91150054931643,395.1876013183594,420.22341392157125,51.04922522539212,7.329330833146912,9.72345356122761,451.2387737493744,402.58422734925847,14.788860158694481,-0.012390842220308285,-0.012468248792164637,0.026764063282957298
2026-06-05,391.0,424.6799926757813,388.5899963378906,420.5,63420200,425.8720001220703,395.2886010742188,417.4402316433264,40.36003253075654,4.143034660093235,8.607369781000735,454.15077744801204,397.59322279612854,16.310369885779924,-0.06559926253138737,-0.06784987766553573,0.029823437818333118
2026-06-08,408.9500122070313,412.9400024414063,394.7200012207031,396.3299865722656,50328800,424.9020004272461,396.0254016113281,416.6316393160602,48.024182120131655,3.0313445050127825,7.4921647258031445,454.0904961351254,395.71350471936677,16.712486496896094,0.045907959608775695,0.044885369045308286,0.03027296971437002
2026-06-09,396.6799926757813,418.5,384.239990234375,411.0299987792969,59940200,422.48600006103516,396.72240173339844,414.7314824931765,43.87372201936807,1.1470119764026094,6.223134175923038,452.60460689385906,392.36739322821126,17.965881016091014,-0.03000371479396924,-0.030463037176546175,0.029295689839455387
2026-06-10,381.5899963378906,397.0899963378906,380.1499938964844,391.5400085449219,49695600,419.89299926757815,397.2486016845703,411.5751504783874,39.36759235288871,-1.5461486809603002,4.66927760454637,454.3993838467822,385.3866146883741,17.892603975042103,-0.038040729596927725,-0.03878316767107322,0.02986292033538098
2026-06-11,399.1499938964844,399.5400085449219,380.6600036621094,388.2799987792969,45324300,417.5869995117188,397.7966015625,410.3918022324919,46.28177516478566,-2.2377573829840003,3.2878706070402965,451.1529967393033,384.0210022841342,17.963132611311416,0.046017971453959916,0.044990546617469984,0.031222987145099697
2026-06-12,406.4299926757813,406.6799926757813,386.760009765625,399.489990234375,63514500,415.7434997558594,398.3000012207031,410.0144870366147,48.88422594591958,-2.1733739006599535,2.1956217055002467,447.4570049471795,384.02999456453927,18.10290763265748,0.018238754580026217,0.018074423616042935,0.03165271065306035
2026-06-15,411.1499938964844,416.0,407.1000061035156,412.3699951171875,45620500,415.18899993896486,399.311201171875,410.1226305470785,50.556716464797915,-1.7216388937612805,1.4121695856479415,446.8164518255883,383.56154805234144,17.493414753483282,0.011613319158924273,0.011546402155351725,0.030082901781678162
2026-06-16,404.6600036621094,412.4200134277344,400.5400085449219,404.1099853515625,40255500,414.92250061035156,400.34800109863284,409.6023803675576,48.22042833572825,-1.8658156575514226,0.7565725370080687,446.8094515058197,383.0355497148834,17.092456905578228,-0.015784969793794956,-0.015910879171028017,0.0295733443316933
2026-06-17,396.3800048828125,405.9400024414063,393.760009765625,401.5299987792969,43534300,414.53600158691404,401.34260131835936,408.34310651186763,45.341602942718175,-2.6180245271593776,0.08165312417457948,447.11763512095246,381.9543680528756,16.741566603449876,-0.02046161890071707,-0.020673857986175808,0.029758072128517218
2026-06-18,400.489990234375,402.5199890136719,384.7000122070313,398.1000061035156,58384700,413.69750061035154,402.4874011230469,407.59519067591594,47.0320143047341,-2.8496648439393653,-0.5046104694482094,446.8143324495717,380.5806687711314,16.81859590367778,0.010368800900483421,0.010315413608767319,0.028860250446234872
2026-06-22,405.0499877929688,414.75,394.3999938964844,394.8500061035156,47819500,413.05749969482423,403.6760009765625,407.3527904013495,48.919567070181124,-2.634914120572205,-0.9306711996730086,446.32299806161393,379.79200132803453,17.070839489380486,0.011386046267786165,0.01132171311592009,0.02900175478081539
2026-06-23,381.6099853515625,392.8699951171875,379.05999755859375,392.6099853515625,50420200,410.8374984741211,404.32920043945313,404.9010946823222,40.85922467550049,-4.306492362598192,-1.6058354322580453,446.2086094003881,375.4663875478541,17.707921685451527,-0.05786940661108497,-0.059611379843779844,0.03117925660909224
2026-06-24,375.5299987792969,384.5799865722656,373.0499877929688,380.0799865722656,37081400,407.9344985961914,404.79140014648436,402.10384745346266,39.06139602507287,-6.052069773225526,-2.4950823004515414,444.85596295129363,371.0130342410892,17.266641477869047,-0.0159324619523894,-0.016060748057995154,0.030790041614814207
2026-06-25,375.1199951171875,379.1199951171875,371.2200012207031,375.2699890136719,30138800,404.67249908447263,405.0097998046875,399.5339567547698,38.93697602578979,-7.383424791369862,-3.4727507986352055,441.08277038691466,368.2622277820306,16.597595222055855,-0.00109180002514353,-0.0010923964729650014,0.030376467312042268
2026-06-26,379.7099914550781,387.7999877929688,368.6000061035156,370.1499938964844,53434100,401.5529983520508,404.76499938964844,397.64596005956105,41.195187401366205,-7.976214060211191,-4.373443450950403,435.1869754903038,367.9190212137978,16.783479969727093,0.01223607484974698,0.012161819203993191,0.030597138661152972
2026-06-29,411.8399963378906,413.2699890136719,379.2999877929688,381.7900085449219,57645800,400.3554977416992,405.2237994384766,398.99777303844957,54.015090790515266,-5.786675758136425,-4.656089912387608,430.5587803350224,370.152215148376,18.01108863051109,0.08461722263269356,0.08122713454703766,0.03675286908717628
2026-06-30,420.6000061035156,424.5400085449219,406.0,406.0,43385600,400.59149780273435,405.62339965820314,401.05512856845587,56.78152174420956,-3.306476300755776,-4.386167190061242,431.34505783510036,369.83793777036834,18.048868624397574,0.02127042017171621,0.02104736226435513,0.0356134589317012
2026-07-01,425.2999877929688,432.8599853515625,418.0899963378906,421.4599914550781,40127900,400.6694976806641,406.2793994140625,403.36416278031425,58.233334361912725,-0.9506921318458694,-3.6990721784181675,431.66447265869033,369.6745227026379,17.814662937917166,0.011174468904540324,0.011112495777372793,0.03545250976997782
2026-07-02,393.4500122070313,432.3500061035156,389.2999877929688,428.010009765625,73717700,399.1569976806641,406.4199993896484,402.4199579638111,46.76798324816262,-1.634896979220855,-3.2862371385787053,428.4124437227163,369.9015516386119,19.617188321676426,-0.07488825887632455,-0.07784074755080678,0.03928683850386516
2026-07-06,419.7699890136719,420.0,390.5,397.5,54727900,399.22299652099616,407.06519897460936,404.07234187332165,54.704529602904046,-0.05272431405080624,-2.6395345736731257,428.6576478722137,369.7883451697786,20.323103441556686,0.06689535135353131,0.06475289005284891,0.04217908320745816
2026-07-07,402.8999938964844,419.55999755859375,401.8800048828125,416.9599914550781,38149900,399.81799621582036,407.648798828125,403.9606896850514,49.600013590680724,-0.15828409497186158,-2.143284477932873,429.04406555816223,370.5919268734785,20.149309205078307,-0.04018866417017264,-0.041018539011121395,0.04041303063960519
2026-07-08,394.05999755859375,399.6300048828125,390.510009765625,399.3800048828125,33844900,399.07349548339846,408.0039990234375,403.0177666253888,47.118891372529475,-0.9443687127335352,-1.9035013248930055,428.08897704644767,370.05801392034925,19.595071699776955,-0.021940919513048773,-0.022185201276039682,0.03939223198429379
2026-07-09,406.5499877929688,407.8599853515625,390.8599853515625,393.989990234375,37835000,399.56699523925784,408.5615985107422,403.3541686413488,50.85916672910648,-0.5531324405711757,-1.6334275480286395,428.73817654225815,370.3958139362575,19.409709435507175,0.03169565627507742,0.0312037168556396,0.039427061608458304
2026-07-10,407.760009765625,413.1600036621094,402.80999755859375,410.489990234375,33410000,400.8754959106446,409.19639892578124,403.77377255794653,51.219138407122955,-0.14377882278967036,-1.335497802980846,429.0339710485198,372.7170207727694,18.762587768936353,0.002976317818197405,0.002971897353286902,0.03828683464017948
2026-07-13,394.760009765625,405.5700073242188,391.3699951171875,404.6099853515625,32809200,400.6559967041016,409.6355993652344,402.9153189586778,47.21728134138659,-0.8584587083136057,-1.240089984047398,428.9330433179447,372.3789500902585,18.593118260329295,-0.03188149815738972,-0.03240077993929111,0.037747705876452355
2026-07-14,396.1799926757813,402.2200012207031,394.760009765625,399.0499877929688,23385000,400.1434967041016,409.9265991210938,402.27385931268765,47.69797923786649,-1.2953350963520052,-1.2511390065083194,428.3548394002153,371.9321540079879,17.797894917097068,0.0035970789214423426,0.003590624905498134,0.03751913661374213
2026-07-15,394.4599914550781,406.5899963378906,390.6600036621094,399.3999938964844,31549800,399.3089965820313,409.99939880371096,401.52968142148677,47.13798723934736,-1.7600635878187632,-1.3529239227704082,427.15367552068267,371.4643176433799,17.66447332843165,-0.004341464113536864,-0.004350915634407149,0.037415025876229725
2026-07-16,391.05999755859375,395.30999755859375,385.3200073242188,392.3500061035156,29269100,398.6289962768555,409.9703985595703,400.53256867263985,45.98860071090684,-2.375333986404712,-1.557405935497269,426.5817973021543,370.6761952515567,17.116295964570458,-0.00861936310433542,-0.008656724657948154,0.03730425463479748
2026-07-17,380.8399963378906,385.6900024414063,377.2200012207031,381.7799987792969,31394600,397.8519958496094,409.7997985839844,398.65708559314,42.62419219803025,-3.64558486345652,-1.9750417210891194,426.8558279724822,368.84816372673663,16.882274562664755,-0.02613410035418373,-0.026481664853464253,0.03748075595900056
2026-07-20,369.5700073242188,386.6099853515625,369.4299926757813,386.0499877929688,33901500,396.30599670410163,409.2165985107422,395.8868876627665,39.21704697875046,-5.498281000545489,-2.6796895769803935,427.77414244698576,364.8378509612175,16.90354014217307,-0.029592451218471316,-0.030039142341406637,0.03788702852509425
2026-07-21,378.9299926757813,384.0700073242188,369.9800109863281,371.1700134277344,32735300,394.9999969482422,408.55939819335936,394.27194528305364,43.27271885965971,-6.140499587022816,-3.371851578988878,427.07047063062146,362.92952326586294,16.731858703446424,0.025326690927467865,0.02501128466509805,0.038298057378278655
2026-07-22,374.010009765625,380.1700134277344,372.8999938964844,375.5299987792969,30646100,394.6199981689453,407.47259826660155,392.34223713853663,41.69776826053798,-6.966162363141223,-4.090713735819347,427.4863200835824,361.7536762543082,16.056013048289536,-0.012983883580748756,-0.013068910989716612,0.03614558797328338
2026-07-23,319.69000244140625,342.1099853515625,315.739990234375,341.0,115606400,391.82799835205077,404.9663983154297,385.42297669119085,29.10337971469663,-11.866882645358032,-5.645947517727084,437.64316288185296,346.0128338222486,19.071299225643855,-0.14523677416617442,-0.15693077724657808,0.048518327779778304
2026-07-24,313.0299987792969,322.9599914550781,306.510009765625,320.7200012207031,62760000,388.72349853515624,402.557998046875,378.5284073662486,27.987227350877745,-16.10252552161802,-7.737263118505272,445.7013108602601,331.7456862100524,18.884062258773092,-0.020832692956452514,-0.021052755196125365,0.048595641579352936
2026-07-27,309.2200012207031,317.0,304.2799987792969,313.239990234375,44919400,385.1989990234375,399.8369982910156,371.92760678095857,27.341226684301247,-19.541476007446136,-10.098105696293445,451.86754681916847,318.5304512277066,18.44377218462524,-0.012171349626078465,-0.012246027070754707,0.0483708225222526
2026-07-28,307.44000244140625,311.1600036621094,300.69000244140625,305.92999267578125,39802400,379.97899932861327,397.1197985839844,365.78593017719163,27.0273520072935,-22.155109755005242,-12.509506508035805,453.48441028755514,306.4735883696714,17.874217115773657,-0.005756415407379811,-0.0057730474244629066,0.04309206104433078
2026-07-29,298.32000732421875,309.0599975585937,297.3800048828125,307.1400146484375,39478000,373.86499938964846,394.64139892578123,359.3606041911942,25.41734400465971,-24.677869597854226,-14.94317912599949,452.96712588433695,294.76287289495997,17.431772512917053,-0.029664308628561287,-0.03011319377555425,0.04242384037578998
2026-07-30,308.8500061035156,310.8699951171875,301.3299865722656,302.70001220703125,38005400,368.0425003051758,392.61859924316406,354.5500710399868,30.560718573222587,-25.533161656463164,-17.061175632092226,448.27851901009535,287.80648160025623,17.083073604349316,0.03529766197629747,0.034688981481862634,0.04356843120997555
2026-07-31,311.2099914550781,315.5,301.9700012207031,309.69000244140625,36527800,363.9304992675781,390.7605993652344,350.4224444128526,31.697591684386552,-25.724025131243422,-18.793745531922468,446.9188295780144,280.9421689571418,16.829282545416998,0.007641202217659959,0.007612156102981297,0.041446588334342574
